"numeric_part","stock_code","description","total_qty_variant","total_qty_family"
10002,"10002R","ROBOT PENCIL SHARPNER",4,4
10123,"10123C","",-128,1568
10123,"10123C","HEARTS WRAPPING TAPE ",504,1568
10123,"10123G","",45,1568
10123,"10123G","ARMY CAMO WRAPPING TAPE",1147,1568
10124,"10124A","",76,171
10124,"10124A","SPOTS ON RED BOOKCOVER TAPE",62,171
10124,"10124C","",-5,171
10124,"10124G","ARMY CAMO BOOKCOVER TAPE",38,171
15044,"15044A","PINK PAPER PARASOL ",4967,9169
15044,"15044B","",-27,9169
15044,"15044B","BLUE PAPER PARASOL ",1672,9169
15044,"15044C","PURPLE PAPER PARASOL",968,9169
15044,"15044D","RED PAPER PARASOL",1589,9169
15056,"15056bl","EDWARDIAN PARASOL BLACK",126,22635
15056,"15056BL","",90,22635
15056,"15056BL","EDWARDIAN PARASOL BLACK",9433,22635
15056,"15056n","EDWARDIAN PARASOL NATURAL",180,22635
15056,"15056N","EDWARDIAN PARASOL NATURAL",11215,22635
15056,"15056N","wedding co returns?",-700,22635
15056,"15056p","EDWARDIAN PARASOL PINK",50,22635
15056,"15056P","",25,22635
15056,"15056P","EDWARDIAN PARASOL PINK",2216,22635
15058,"15058A","",20,1253
15058,"15058A","BLUE POLKADOT GARDEN PARASOL",195,1253
15058,"15058A","BLUE WHITE SPOTS GARDEN PARASOL",264,1253
15058,"15058A","wet/rusty",-30,1253
15058,"15058B","",-61,1253
15058,"15058B","PINK POLKADOT GARDEN PARASOL",229,1253
15058,"15058B","PINK WHITE SPOTS GARDEN PARASOL",200,1253
15058,"15058C","ICE CREAM DESIGN GARDEN PARASOL",466,1253
15058,"15058C","wet/rusty",-30,1253
15059,"15059A","",-126,383
15059,"15059A","ENGLISH ROSE EDWARDIAN PARASOL",509,383
15060,"15060A","",-8,1382
15060,"15060b","FAIRY CAKE DESIGN UMBRELLA",5,1382
15060,"15060B","",-43,1382
15060,"15060B","FAIRY CAKE DESIGN UMBRELLA",1428,1382
16020,"16020C","",-40,120
16020,"16020C","CLEAR STATIONERY BOX SET ",160,120
16065,"16065A","",-2,-2
16151,"16151A","",-57,45
16151,"16151A","FLOWER DES BLUE HANDBAG/ORANG HANDL",3,45
16151,"16151A","FLOWERS HANDBAG blue and orange",49,45
16151,"16151A","found",50,45
16155,"16155H","",-5,-5
16156,"16156A","",-12,18815
16156,"16156L","WRAP CAROUSEL",375,18815
16156,"16156L","WRAP, CAROUSEL",575,18815
16156,"16156N","",-103,18815
16156,"16156N","WRAP, FRIENDSHIP ON GREEN",1475,18815
16156,"16156S","",-110,18815
16156,"16156S","WRAP PINK FAIRY CAKES ",16615,18815
16161,"16161C","",-66,25618
16161,"16161C","WRAP SPEED DEMONS ",450,25618
16161,"16161E","",-245,25618
16161,"16161E","WRAP BOUDOIR ",750,25618
16161,"16161G","WRAP BAD HAIR DAY",975,25618
16161,"16161M","",-327,25618
16161,"16161M","WRAP  PINK FLOCK",1050,25618
16161,"16161N","",-23,25618
16161,"16161P","",-220,25618
16161,"16161P","WRAP ENGLISH ROSE ",13273,25618
16161,"16161U","WRAP SUKI AND FRIENDS",6651,25618
16161,"16161U","WRAP,SUKI AND FRIENDS",3350,25618
16162,"16162L","",99,4634
16162,"16162L","THE KING GIFT BAG",4357,4634
16162,"16162M","",60,4634
16162,"16162M","alan hodge cant mamage this section",30,4634
16162,"16162M","THE KING GIFT BAG 25x24x12cm",88,4634
16168,"16168M","found",44,2609
16168,"16168M","FUNKY MONKEY GIFT BAG MEDIUM",1713,2609
16168,"16168S","",29,2609
16168,"16168S","FUNKY MONKEY GIFT BAG SMALL",1283,2609
16168,"16168S","missing",-460,2609
16169,"16169A","",-23,13800
16169,"16169A","WRAP CHRISTMAS DECOUPAGE",25,13800
16169,"16169C","damages",-200,13800
16169,"16169C","WRAP BLUE REINDEER",1350,13800
16169,"16169D","",-174,13800
16169,"16169D","WRAP WINTER FOREST",250,13800
16169,"16169E","check",-313,13800
16169,"16169E","WRAP 50'S  CHRISTMAS",4438,13800
16169,"16169F","",-196,13800
16169,"16169F","WRAP BLIZZARD",975,13800
16169,"16169G","",-75,13800
16169,"16169G","WRAP ROMANTIC DECOUPAGE",25,13800
16169,"16169H","",-64,13800
16169,"16169K","",-25,13800
16169,"16169K","WRAP FOLK ART",2100,13800
16169,"16169M","WRAP DAISY CARPET ",2060,13800
16169,"16169N","",-42,13800
16169,"16169N","WRAP BLUE RUSSIAN FOLKART",2050,13800
16169,"16169P","",-86,13800
16169,"16169P","WRAP GREEN RUSSIAN FOLKART ",1725,13800
16200,"16200A","",-3,-3
16201,"16201A","",-18,80
16201,"16201A","PASTEL PINK PHOTO ALBUM",99,80
16201,"16201B","",-12,80
16201,"16201B","PASTEL BLUE PHOTO ALBUM",34,80
16201,"16201C","",-23,80
16202,"16202A","",-99,848
16202,"16202A","PASTEL PINK PHOTO ALBUM ",339,848
16202,"16202B","",-69,848
16202,"16202B","PASTEL BLUE PHOTO ALBUM ",567,848
16202,"16202C","",-33,848
16202,"16202C","BEIGE PHOTO ALBUM",97,848
16202,"16202E","",-34,848
16202,"16202E","BLACK PHOTO ALBUM ",80,848
16206,"16206B","",96,192
16206,"16206B","RED PURSE WITH PINK HEART",96,192
16207,"16207A","",131,546
16207,"16207A","check",2,546
16207,"16207A","PINK STRAWBERRY HANDBAG ",143,546
16207,"16207B","",5,546
16207,"16207B","PINK HEART RED HANDBAG",265,546
16222,"16222B","",-2,-2
16243,"16243A","",-26,186
16243,"16243B","BROWN COZY SQUARE PHOTO ALBUM",212,186
16244,"16244A","",7,529
16244,"16244A","MAXWELL 2 TONE PINK 60 PAGE PHOTO A",186,529
16244,"16244B","",-9,529
16244,"16244B","MAXWELL 2 TONE BLUE 60 PAGE PHOTO A",345,529
16245,"16245A","",-14,-6
16245,"16245A","damaged",-1,-6
16245,"16245A","PINK MINI STATIONERY SET W CASE",11,-6
16245,"16245B","",-2,-6
16248,"16248A","",-3,124
16248,"16248B","",45,124
16248,"16248B","BLUE HOLE PUNCH",82,124
16249,"16249B","",-12,-12
16256,"16256B","",32,306
16256,"16256B","FLOWER PENCIL/RUBBER+5 MINI PENCILS",524,306
16256,"16256C","",-405,306
16256,"16256C","HEARTS PENCIL/RUBBER+5 MINI PENCILS",155,306
16258,"16258A","SWIRLY CIRCULAR RUBBERS IN BAG",1079,1889
16258,"16258B","",-207,1889
16258,"16258B","DAISY ERASERS IN BAG",1017,1889
17007,"17007B","",-4,42
17007,"17007B","S/3 POT POURI CUSHIONS BLUE COLOURS",46,42
17010,"17010S","",-146,-146
17011,"17011A","",-61,1127
17011,"17011A","ORIGAMI VANILLA INCENSE+FLOWER ",261,1127
17011,"17011B","",-37,1127
17011,"17011B","ORIGAMI JASMINE INCENSE+FLOWER ",19,1127
17011,"17011C","",-47,1127
17011,"17011C","ORIGAMI LAVENDER INCENSE+FLOWER",335,1127
17011,"17011D","",-5,1127
17011,"17011D","ORIGAMI ROSE INCENSE+FLOWER",209,1127
17011,"17011E","",-39,1127
17011,"17011E","ORIGAMI OPIUM SCENT INCENSE+FLOWER",124,1127
17011,"17011F","",-18,1127
17011,"17011F","ORIGAMI SANDLEWOOD INCENSE+FLOWER",386,1127
17012,"17012A","",-26,3614
17012,"17012A","ORIGAMI VANILLA INCENSE/CANDLE SET ",731,3614
17012,"17012B","",-2,3614
17012,"17012B","check",-70,3614
17012,"17012B","ORIGAMI JASMINE INCENSE/CANDLE SET",728,3614
17012,"17012C","check",-22,3614
17012,"17012C","ORIGAMI LAVENDER INCENSE/CANDL SET ",862,3614
17012,"17012D","ORIGAMI ROSE INCENSE/CANDLE SET ",524,3614
17012,"17012E","",-10,3614
17012,"17012E","ORIGAMI OPIUM INCENSE/CANDLE SET ",294,3614
17012,"17012F","check",14,3614
17012,"17012F","ORIGAMI SANDLEWOOD INCENSE/CAND SET",591,3614
17013,"17013A","",-45,515
17013,"17013B","",-45,515
17013,"17013B","ORIGAMI JASMINE INCENSE IN TUBE",256,515
17013,"17013C","",-3,515
17013,"17013C","missing",-800,515
17013,"17013C","ORIGAMI LAVENDER INCENSE IN TUBE",117,515
17013,"17013D","",-29,515
17013,"17013D","ORIGAMI ROSE INCENSE IN TUBE",1068,515
17013,"17013E","",-56,515
17013,"17013F","",-10,515
17013,"17013F","ORIGAMI SANDLEWOOD INCENSE IN TUBE",62,515
17014,"17014A","",2,927
17014,"17014A","ORIGAMI VANILLA INCENSE CONES",277,927
17014,"17014B","",-48,927
17014,"17014C","",-96,927
17014,"17014C","ORIGAMI LAVENDER INCENSE CONES",97,927
17014,"17014D","",-4,927
17014,"17014D","ORIGAMI ROSE INCENSE CONES",479,927
17014,"17014E","",96,927
17014,"17014E","ORIGAMI OPIUM INCENSE CONES",95,927
17014,"17014F","",-32,927
17014,"17014F","ORIGAMI SANDLEWOOD INCENSE CONES",61,927
17027,"17027A","",-8,-150
17027,"17027A","INCENSE BAZAAR CANNABIS",228,-150
17027,"17027A","MISSING",-370,-150
17028,"17028J","INCENSE BAZAAR PEACH",6,6
17084,"17084A","",-32,16693
17084,"17084A","TRANQUILITY MASALA INCENSE",442,16693
17084,"17084F","",-50,16693
17084,"17084G","",-95,16693
17084,"17084G","MOON INCENSE",50,16693
17084,"17084J","",-79,16693
17084,"17084J","LOVE POTION MASALA INCENSE",481,16693
17084,"17084N","FAIRY DREAMS INCENSE ",2798,16693
17084,"17084P","DRAGONS BLOOD INCENSE",1041,16693
17084,"17084R","ASSORTED INCENSE PACK",12137,16693
17090,"17090A","LAVENDER INCENSE 40 CONES IN TIN",215,300
17090,"17090D","",-10,300
17090,"17090D","VANILLA INCENSE 40 CONES IN TIN",95,300
17091,"17091A","",168,6710
17091,"17091A","found",84,6710
17091,"17091A","LAVENDER INCENSE IN TIN",2096,6710
17091,"17091B","JASMINE TEA INCENSE IN TIN",282,6710
17091,"17091F","",-25,6710
17091,"17091F","SANDALWOOD INCENSE IN TIN",19,6710
17091,"17091J","VANILLA INCENSE IN TIN",4086,6710
17107,"17107D","FLOWER FAIRY 5 DRAWER LINERS",60,334
17107,"17107D","FLOWER FAIRY 5 SUMMER DRAW LINERS",6,334
17107,"17107D","FLOWER FAIRY,5 SUMMER B'DRAW LINERS",268,334
17108,"17108D","",-3,-364
17108,"17108D","FLOWER FAIRY SUMMER BOUQUET SACHET",355,-364
17108,"17108D","missing?",-716,-364
17109,"17109A","",1,9271
17109,"17109A","FLOWER FAIRY INCENSE LILY",709,9271
17109,"17109B","",-205,9271
17109,"17109B","FLOWER FAIRY INCENSE LAVENDER",4542,9271
17109,"17109B","found",72,9271
17109,"17109C","",-104,9271
17109,"17109C","FLOWER FAIRY INCENSE ROSE",3123,9271
17109,"17109D","",-140,9271
17109,"17109D","Adjustment",14,9271
17109,"17109D","FLOWER FAIRY INCENSE BOUQUET",1259,9271
17129,"17129C","",18,1362
17129,"17129C","SKY BLUE COLOUR GLASS GEMS IN BAG",87,1362
17129,"17129C","wrong invc",70,1362
17129,"17129D","",805,1362
17129,"17129D","CLEAR COLOUR GLASS GEMS IN BAG",1125,1362
17129,"17129D","missing (wrongly coded?)",-2127,1362
17129,"17129F","",-120,1362
17129,"17129F","17129c",-72,1362
17129,"17129F","BLUE GLASS GEMS IN BAG",907,1362
17129,"17129F","DEEP BLUE GLASS GEMS IN BAG",669,1362
17136,"17136A","BLUE STONES ON WIRE FOR CANDLE",795,798
17136,"17136A","check",3,798
17164,"17164B","",1883,5442
17164,"17164B","ASS COL SMALL SAND GECKO P'WEIGHT",1630,5442
17164,"17164D","",770,5442
17164,"17164D","ASS COL SMALL SAND FROG P'WEIGHT",1159,5442
17165,"17165B","",-244,1364
17165,"17165B","ASS COL LARGE SAND GECKO P'WEIGHT",809,1364
17165,"17165D","",82,1364
17165,"17165D","ASS COL LARGE SAND FROG P'WEIGHT",717,1364
17191,"17191A","ROSE FLOWER CANDLE+INCENSE 16X16CM",33,33
18094,"18094A","",-1,377
18094,"18094C","",-67,377
18094,"18094C","WHITE AND BLUE CERAMIC OIL BURNER",412,377
18094,"18094C","WHITE/BLUE RECT CERAMIC OIL BURNER",33,377
18096,"18096B","",-3,-53
18096,"18096c","WHITE ROUND PORCELAIN TLIGHT HOLDER",8,-53
18096,"18096C","",-169,-53
18096,"18096C","WHITE ROUND PORCELAIN TLIGHT HOLDER",111,-53
18097,"18097A","",-23,1530
18097,"18097A","PINK TALL PORCELAIN T-LIGHT HOLDER ",19,1530
18097,"18097B","",1,1530
18097,"18097B","BLUE TALL PORCELAIN T-LIGHT HOLDER",7,1530
18097,"18097C","WHITE TALL PORCELAIN T-LIGHT HOLDER",1526,1530
18098,"18098A","",-21,1292
18098,"18098A","PINK PORCELAIN B'FLY OIL BURNER",2,1292
18098,"18098B","",-3,1292
18098,"18098B","BLUE PORCELAIN B'FLY OIL BURNER",3,1292
18098,"18098c","PORCELAIN BUTTERFLY OIL BURNER",332,1292
18098,"18098C","",-270,1292
18098,"18098C","PORCELAIN BUTTERFLY OIL BURNER",1249,1292
30086,"30086C","ASSORTED FRUIT STRAWS",1,1
35001,"35001B","",13,1398
35001,"35001B","HAND OPEN SHAPE BLACK",15,1398
35001,"35001C","",-2,1398
35001,"35001C","HAND OPEN SHAPE CHROME",-3,1398
35001,"35001G","",-200,1398
35001,"35001G","damages",-43,1398
35001,"35001G","HAND OPEN SHAPE GOLD",749,1398
35001,"35001P","",3,1398
35001,"35001P","HAND OPEN SHAPE PINK",1,1398
35001,"35001W","",-36,1398
35001,"35001W","broken",-12,1398
35001,"35001W","damages",-39,1398
35001,"35001W","HAND OPEN SHAPE DECO.WHITE",952,1398
35004,"35004B","?",-230,4491
35004,"35004B","SET OF 3 BLACK FLYING DUCKS",1401,4491
35004,"35004c","SET OF 3 COLOURED  FLYING DUCKS",27,4491
35004,"35004C","",-210,4491
35004,"35004C","SET OF 3 COLOURED  FLYING DUCKS",3194,4491
35004,"35004G","SET OF 3 GOLD FLYING DUCKS",355,4491
35004,"35004p","SET OF 3 PINK FLYING DUCKS",1,4491
35004,"35004P","",-2,4491
35004,"35004P","SET OF 3 PINK FLYING DUCKS",120,4491
35004,"35004s","SET OF 3 SILVER FLYING DUCKS",1,4491
35004,"35004S","",-301,4491
35004,"35004S","SET OF 3 SILVER FLYING DUCKS",135,4491
35051,"35051B","",18,32
35051,"35051B","PINK BEADED CONE CHRISTMAS",14,32
35085,"35085E","",-28,11
35085,"35085E","IVORY ROSE LAMPSHADE ",39,11
35095,"35095A","BLUE VICTORIAN FABRIC OVAL BOX",1813,3777
35095,"35095B","RED VICTORIAN FABRIC OVAL BOX",1964,3777
35096,"35096A","",54,1060
35096,"35096A","BLUE VICTORIAN FABRIC HEART BOX",777,1060
35096,"35096B","",-66,1060
35096,"35096B","RED VICTORIAN FABRIC HEART BOX",295,1060
35271,"35271S","",-17,422
35271,"35271S","GOLD PRINT PAPER BAG",439,422
35471,"35471A","",-78,2571
35471,"35471A","SET OF 3 BIRD L.BLUE FEATHER",396,2571
35471,"35471B","",-23,2571
35471,"35471D","SET OF 3 BIRD LIGHT PINK FEATHER ",2276,2571
35591,"35591G","",-9,-17
35591,"35591T","",-28,-17
35591,"35591T","TURQUOISE CHRISTMAS TREE ",20,-17
35592,"35592T","",4,4
35597,"35597A","",-14,191
35597,"35597A","DUSTY PINK CHRISTMAS TREE 30CM",11,191
35597,"35597B","BLACKCHRISTMAS TREE 30CM",79,191
35597,"35597D","",57,191
35597,"35597D","PINK/WHITE CHRISTMAS TREE 30CM",58,191
35598,"35598A","",8,2749
35598,"35598A","DUSTY PINK CHRISTMAS TREE 60CM",10,2749
35598,"35598B","BLACK CHRISTMAS TREE 60CM",961,2749
35598,"35598C","",1,2749
35598,"35598C","found",3,2749
35598,"35598C","WHITE CHRISTMAS TREE 60CM",3,2749
35598,"35598D","PINK/WHITE CHRISTMAS TREE 60CM",1763,2749
35599,"35599B","BLACK CHRISTMAS TREE 120CM",276,679
35599,"35599D","PINK AND WHITE CHRISTMAS TREE 120CM",403,679
35600,"35600A","Found by jackie",1,106
35600,"35600D","damages",-36,106
35600,"35600D","PINK AND WHITE CHRISTMAS TREE 180CM",141,106
35603,"35603B","",30,87
35603,"35603B","S/16 BLACK SHINY/MAT BAUBLES",26,87
35603,"35603C","checked",-52,87
35603,"35603C","SET/16 WHITE SHINY & MATT BAUBLES",83,87
35604,"35604B","",-17,-17
35605,"35605A","damages",-117,-117
35607,"35607A","",-99,583
35607,"35607A","PINK FLUFFY CHRISTMAS DECORATION",556,583
35607,"35607B","",-120,583
35607,"35607B","BLACK FEATHER CHRISTMAS DECORATION",312,583
35607,"35607B","checked",-57,583
35607,"35607B","thrown away",-9,583
35608,"35608A","",-22,-43
35608,"35608C","",-21,-43
35609,"35609A","",-95,352
35609,"35609A","PINK FEATHER CHRISTMAS DECORATION",447,352
35610,"35610A","PINK CHRISTMAS FLOCK DROPLET ",144,-2522
35610,"35610A","thrown away",-1277,-2522
35610,"35610B","BLACK CHRISTMAS FLOCK DROPLET ",179,-2522
35610,"35610B","thrown away",-541,-2522
35610,"35610C","Thrown away.",-1121,-2522
35610,"35610C","WHITE CHRISTMAS FLOCK DROPLET ",94,-2522
35611,"35611B","BLACK ASSORTED DROPLET DECORATION",62,-169
35611,"35611B","damaged",-204,-169
35611,"35611B","thrown away",-27,-169
35630,"35630B","",-75,-75
35631,"35631A","",-119,-152
35631,"35631B","",-32,-152
35631,"35631B","BLUE GREEN CHRISTMAS HANGING BALL ",-1,-152
35632,"35632A","",-34,-34
35633,"35633B","",137,267
35633,"35633B","BLUE TINSEL GARLAND ",130,267
35637,"35637A","IVORY STRING CURTAIN WITH POLE ",551,651
35637,"35637C","PINK STRING CURTAIN WITH POLE",100,651
35638,"35638A","",-40,117
35638,"35638A","PINK AND BLACK STRING CURTAIN",39,117
35638,"35638B","PINK/BLUE STRING CURTAIN ",118,117
35751,"35751A","",152,223
35751,"35751C","",12,223
35751,"35751C","PURPLE CURRENT CANDLE RING",31,223
35751,"35751D","PINK CURRENT CANDLE RING",28,223
35809,"35809a","ENAMEL PINK TEA CONTAINER",11,1181
35809,"35809A","",-13,1181
35809,"35809A","ENAMEL PINK TEA CONTAINER",1139,1181
35809,"35809B","",-60,1181
35809,"35809B","ENAMEL BLUE RIM TEA CONTAINER",104,1181
35810,"35810A","check",-78,1448
35810,"35810A","ENAMEL PINK COFFEE CONTAINER",1205,1448
35810,"35810B","",8,1448
35810,"35810B","ENAMEL BLUE RIM COFFEE CONTAINER",313,1448
35811,"35811A","",-26,406
35811,"35811A","ENAMEL PINK SUGAR CONTAINER",432,406
35813,"35813A","",-12,-12
35815,"35815B","",-10,230
35815,"35815B","ACRYLIC JEWEL SNOWFLAKE,BLUE",95,230
35815,"35815P","",-23,230
35815,"35815P","ACRYLIC JEWEL SNOWFLAKE, PINK",168,230
35816,"35816B","ACRYLIC JEWEL ANGEL,BLUE",139,419
35816,"35816B","damaged",-17,419
35816,"35816P","ACRYLIC JEWEL ANGEL,PINK",297,419
35817,"35817B","",-1,518
35817,"35817B","ACRYLIC JEWEL SNOWFLAKE,BLUE",143,518
35817,"35817P","ACRYLIC JEWEL SNOWFLAKE,PINK",408,518
35817,"35817P","PINK ACRYLIC JEWEL SNOWFLAKE",12,518
35817,"35817P","thrown away",-44,518
35818,"35818B","",-53,896
35818,"35818B","ACRYLIC JEWEL ICICLE, BLUE",408,896
35818,"35818B","adjustment",-22,896
35818,"35818C","",-1,896
35818,"35818C","ACRYLIC JEWEL ICICLE, CLEAR ",1,896
35818,"35818P","ACRYLIC JEWEL ICICLE, PINK",563,896
35819,"35819B","",77,685
35819,"35819B","ACRYLIC HANGING JEWEL,BLUE",387,685
35819,"35819B","check",18,685
35819,"35819P","",108,685
35819,"35819P","ACRYLIC HANGING JEWEL,PINK",95,685
35821,"35821B","gone",-21,133
35821,"35821B","JEWELLED DECORATION,BLUE",150,133
35821,"35821P","",2,133
35821,"35821P","JEWELLED DECORATION,PINK",2,133
35822,"35822B","",21,361
35822,"35822B","ACRYLIC BEAD CHAIN, BLUE",229,361
35822,"35822P","",-3,361
35822,"35822P","ACRYLIC BEAD CHAIN, PINK",114,361
35823,"35823P","",-12,-10
35823,"35823P","ACRYLIC BEAD GARLAND,PINK",2,-10
35824,"35824B","",-8,995
35824,"35824B","HANGING FLOWERS+MIRROR,BLUE",528,995
35824,"35824C","damaged",-58,995
35824,"35824C","HANGING FLOWERS+MIRROR,CLEAR",235,995
35824,"35824P","damages",-26,995
35824,"35824P","HANGING FLOWERS+MIRROR,PINK",324,995
35833,"35833G","",28,269
35833,"35833G","4 GOLD FLOCK CHRISTMAS BALLS",136,269
35833,"35833G","damages",-86,269
35833,"35833P","",25,269
35833,"35833P","4 PINK FLOCK CHRISTMAS BALLS",190,269
35833,"35833P","check",-24,269
35838,"35838A","",77,288
35838,"35838A","S/6 MULTICOLOUR ORNAMENETAL CANDLE",181,288
35838,"35838B","",67,288
35838,"35838B","missing",-137,288
35838,"35838B","S/6 SILVER ORNAMENETAL CANDLE",100,288
35908,"35908C","",-59,-59
35909,"35909A","RABBIT EASTER DECORATION",20,36
35909,"35909B","PINK FLOWERS RABBIT EASTER",16,36
35910,"35910A","MULTICOLOUR EASTER RABBIT ",53,82
35910,"35910B","PINK FLOWERS RABBIT EASTER",29,82
35911,"35911A","",20,559
35911,"35911A","MULTICOLOUR RABBIT EGG WARMER",389,559
35911,"35911B","",-9,559
35911,"35911B","PINK/FLOWER RABBIT EGG WARMER ",159,559
35912,"35912B","WHITE/PINK CHICK DECORATION",290,290
35913,"35913B","WHITE/PINK CHICK EASTER DECORATION",104,104
35915,"35915A","",-13,1489
35915,"35915A","CREAM KNITTED HEN",288,1489
35915,"35915B","BLUE KNITTED HEN ",565,1489
35915,"35915C","",30,1489
35915,"35915C","damaged",-43,1489
35915,"35915C","PEACH KNITTED HEN ",662,1489
35916,"35916A","",-21,353
35916,"35916A","YELLOW FELT HANGING HEART W FLOWER",135,353
35916,"35916B","",-21,353
35916,"35916B","BLUE FELT HANGING HEART W FLOWER",58,353
35916,"35916B","BLUE FELT HANGING HEART WITH FLOWER",75,353
35916,"35916C","",-32,353
35916,"35916C","PINK FELT HANGING HEART W FLOWER",159,353
35918,"35918B","",-25,-16
35918,"35918B","BLUE FLORIBUNDA EGG WARMER",9,-16
35975,"35975A","",-23,-17
35975,"35975B","",6,-17
35976,"35976B","",-85,-96
35976,"35976B","WHITE SCANDINAVIAN HEART CHRISTMAS",-11,-96
35977,"35977B","",7,7
35980,"35980A","",9,735
35980,"35980B","",-17,735
35980,"35980B","RED TOP SCANDINAVIAN HEART ",4,735
35980,"35980C","",229,735
35980,"35980C","checked",170,735
35980,"35980C","REDWHITE STRIPE SCANDINAVIAN HEART ",340,735
35981,"35981C","",114,704
35981,"35981C","WHITE SNOW SCANDINAVIAN STOCKING ",590,704
37365,"37365Y","",-148,-148
37379,"37379A","",-115,980
37379,"37379A","PINK CHERRY BLOSSOM CUP & SAUCER",40,980
37379,"37379B","",-67,980
37379,"37379B","BLUE CHERRY BLOSSOM CUP & SAUCER",1122,980
37444,"37444A","",-24,3301
37444,"37444A","YELLOW BREAKFAST CUP AND SAUCER",1407,3301
37444,"37444B","",7,3301
37444,"37444B","BLUE BREAKFAST CUP AND SAUCER ",1028,3301
37444,"37444C","",-8,3301
37444,"37444C","PINK BREAKFAST CUP AND SAUCER ",891,3301
37445,"37445A","",-1,-27
37445,"37445C","",-16,-27
37445,"37445D","",-10,-27
37452,"37452A","",-25,-40
37452,"37452B","",-15,-40
37462,"37462B","",16,404
37462,"37462B","PET MUG, BUDGIE",169,404
37462,"37462E","",115,404
37462,"37462E","PET MUG, GOLDFISH",104,404
37477,"37477B","",-11,-19
37477,"37477B","FLOWER FAIRY MUG+COASTER,LAVENDER",15,-19
37477,"37477C","",-11,-19
37477,"37477C","FLOWER FAIRY MUG+COASTER,ROSE",6,-19
37477,"37477D","",-18,-19
37479,"37479B","",296,1222
37479,"37479B","CUBIC MUG FLOCK BLUE ON BROWN",1256,1222
37479,"37479B","sold as set by dotcom",-30,1222
37479,"37479B","tk maxx mix up with pink",180,1222
37479,"37479P","??",-184,1222
37479,"37479P","CUBIC MUG FLOCK PINK ON BROWN",184,1222
37479,"37479P","damages",-450,1222
37479,"37479P","sold as set on dotcom",-30,1222
37482,"37482b","CUBIC MUG BLUE POLKA DOT",1,1711
37482,"37482B","",-130,1711
37482,"37482B","CUBIC MUG BLUE POLKA DOT",1251,1711
37482,"37482p","CUBIC MUG PINK POLKA DOT",2,1711
37482,"37482P","CUBIC MUG PINK POLKA DOT",118,1711
37482,"37482P","CUBIC MUG PINK POLKADOT",562,1711
37482,"37482P","Damaged",-93,1711
37487,"37487B","",-9,53
37487,"37487B","Damaged",-6,53
37487,"37487B","YELLOW/ORANGE FLOWER DESIGN PLATE",68,53
37488,"37488A","",10,39
37488,"37488A","damaged",-1,39
37488,"37488A","YELLOW PINK FLOWER DESIGN BIG BOWL",30,39
37489,"37489A","",2,128
37489,"37489A","YELLOW/PINK FLOWER DESIGN BIG MUG",48,128
37489,"37489B","",-14,128
37489,"37489B","BLUE/YELLOW FLOWER DESIGN BIG MUG",39,128
37489,"37489C","",-11,128
37489,"37489C","GREEN/BLUE FLOWER DESIGN BIG MUG",29,128
37489,"37489D","",-12,128
37489,"37489D","PINK/GREEN FLOWER DESIGN BIG MUG",47,128
37490,"37490C","",-5,-45
37490,"37490D","",-40,-45
37491,"37491A","",11,137
37491,"37491A","YELLOW/PINK CERAMIC CANDLE HOLDER",19,137
37491,"37491B","",-7,137
37491,"37491B","BLUE/YELLOW CERAMIC CANDLE HOLDER",14,137
37491,"37491C","",19,137
37491,"37491C","GREEN/BLUE CERAMIC CANDLE HOLDER",59,137
37491,"37491D","",-4,137
37491,"37491D","PURPLE/BLUE CERAMIC CANDLE HOLDER",26,137
37492,"37492A","",-38,1131
37492,"37492A","YELLOW RED FLOWER PIGGY BANK",107,1131
37492,"37492B","BLUE YELLOW FLOWER PIGGY BANK",471,1131
37492,"37492C","",24,1131
37492,"37492C","GREEN BLUE FLOWER PIGGY BANK",241,1131
37492,"37492D","",-27,1131
37492,"37492D","PURPLE GREEN FLOWER PIGGY BANK",353,1131
37493,"37493B","",-37,-117
37493,"37493C","",-36,-117
37493,"37493D","",-44,-117
37494,"37494a","FAIRY CAKE CERAMIC BUTTER DISH",4,223
37494,"37494A","",-14,223
37494,"37494A","FAIRY CAKE CERAMIC BUTTER DISH",233,223
40005,"40005B","BLUE ORGANDY ROUND LAMPSHADE W BEA",35,35
40018,"40018E","",12,1427
40018,"40018E","TEA TIME PAPER LANTERNS",386,1427
40018,"40018F","",-52,1427
40018,"40018F","CHERRY DESIGN PAPERLANTERNS",1081,1427
40046,"40046A","",20,384
40046,"40046A","RED DAISY PAPER LAMPSHADE",355,384
40046,"40046C","",6,384
40046,"40046C","PINK BUTTERFLY PAPER LAMPSHADE",3,384
44089,"44089A","PINK GAUZE BUTTERFLY LAMPSHADE",40,108
44089,"44089C","LILAC GAUZE BUTTERFLY LAMPSHADE",68,108
44091,"44091A","",19,166
44091,"44091A","BLUE CRUSOE CHECK LAMPSHADE",20,166
44091,"44091C","",66,166
44091,"44091C","MULTICOLOUR CRUSOE CHECK LAMPSHADE",61,166
44092,"44092B","BLUE WHITE PLASTIC RINGS LAMPSHADE",15,40
44092,"44092C","PURPLE/COPPER HANGING LAMPSHADE",25,40
44217,"44217M","",1,1
44217,"44217M","MULTICOLOUR FEATHERS CURTAIN",0,1
44241,"44241C","",-16,54
44241,"44241C","BLUE BUTTERFLY ON SPRING",70,54
44242,"44242A","LILAC FEATHERS CURTAIN",14,283
44242,"44242B","PINK FEATHERS CURTAIN",109,283
44242,"44242C","",160,283
44266,"44266F","",-2,-2
45007,"45007B","",-43,-43
45008,"45008C","",-38,25
45008,"45008C","DECORATIVE NET CANOPY CREAM",83,25
45008,"45008C","dirty, torn, thrown away.",-15,25
45008,"45008L","",-5,25
46000,"46000M","",-169,8965
46000,"46000M","Dotcom",-100,8965
46000,"46000M","Dotcom sales",-200,8965
46000,"46000M","POLYESTER FILLER PAD 45x45cm",4204,8965
46000,"46000P","",5,8965
46000,"46000P","POLYESTER FILLER PAD 65CMx65CM",222,8965
46000,"46000R","dotcom sales",-28,8965
46000,"46000R","entry error",-100,8965
46000,"46000R","POLYESTER FILLER PAD 45x30cm",309,8965
46000,"46000S","",-20,8965
46000,"46000S","Dotcom",-300,8965
46000,"46000S","dotcom sales",-90,8965
46000,"46000S","Dotcom sales",-200,8965
46000,"46000S","POLYESTER FILLER PAD 40x40cm",5206,8965
46000,"46000U","",-15,8965
46000,"46000U","check",10,8965
46000,"46000U","dotcom",-40,8965
46000,"46000U","POLYESTER FILLER PAD 30CMx30CM",271,8965
46037,"46037A","",-5,1
46037,"46037A","PINK CANVAS DES CUSHION COVER ",6,1
46115,"46115B","",286,578
46115,"46115B","GREEN POP ART MAO CUSHION COVER ",292,578
46126,"46126A","",-23,294
46126,"46126A","ELVIS WALLHANGING / CURTAIN",317,294
46137,"46137D","",-25,20
46137,"46137D","GREEN CHENILLE SHAGGY RUG",45,20
46138,"46138B","BLUE CHENILLE SHAGGY CUSHION COVER ",58,59
46138,"46138D","GREEN CHENILLE SHAGGY C/COVER",1,59
46775,"46775A","",1,300
46775,"46775A","BUBBLE GUM CHUNKY KNITTED THROW ",82,300
46775,"46775B","",-17,300
46775,"46775B","BERRIES CHUNKY KNITTED THROW ",5,300
46775,"46775D","",-9,300
46775,"46775D","SUNSET COLOUR CHUNKY KNITTED THROW",150,300
46775,"46775E","",-13,300
46775,"46775E","CANDY POP CHUNKY KNITTED THROW ",101,300
46776,"46776a","WOVEN BUBBLE GUM CUSHION COVER",5,1960
46776,"46776A","WOVEN BUBBLE GUM CUSHION COVER",408,1960
46776,"46776b","WOVEN BERRIES CUSHION COVER ",1,1960
46776,"46776B","WOVEN BERRIES CUSHION COVER ",432,1960
46776,"46776C","WOVEN FROST CUSHION COVER",260,1960
46776,"46776D","WOVEN SUNSET CUSHION COVER ",152,1960
46776,"46776e","WOVEN CANDY CUSHION COVER ",1,1960
46776,"46776E","WOVEN CANDY CUSHION COVER ",207,1960
46776,"46776f","WOVEN ROSE GARDEN CUSHION COVER ",7,1960
46776,"46776F","WOVEN ROSE GARDEN CUSHION COVER ",487,1960
47013,"47013A","damaged",-2,278
47013,"47013A","WINE BOTTLE DRESSING LT.BLUE",141,278
47013,"47013C","",4,278
47013,"47013C","WINE BOTTLE DRESSING DARK BLUE",135,278
47021,"47021G","",236,952
47021,"47021G","SET/6 BEAD COASTERS GAUZE BAG GOLD",716,952
47284,"47284V","",-11,-11
47285,"47285B","",-10,-10
47310,"47310M","SMALL POP BOX FUNKY MONKEY",258,747
47310,"47310M","SMALL POP BOX,FUNKY MONKEY",489,747
47340,"47340A","",-1,3
47340,"47340B","",4,3
47341,"47341A","",-7,70
47341,"47341A","FUSCHIA TABLE RUN FLOWER ",29,70
47341,"47341B","BLUE TABLE RUN FLOWER",48,70
47343,"47343A","",-16,193
47343,"47343A","FUSCHIA FLOWER PURSE WITH BEADS",209,193
47344,"47344B","",-16,38
47344,"47344B","BLUE FLOWER DES PURSE",54,38
47347,"47347A","",2,120
47347,"47347B","",-122,120
47347,"47347B","BLUE FLOWER T-LIGHT HOLDER",240,120
47348,"47348A","FUSCHIA VOILE POINTY SHOE DEC",104,104
47351,"47351B","BLUE  VOILE LAMPSHADE",50,50
47367,"47367B","PAIR PADDED HANGERS PINK CHECK",245,245
47369,"47369A","PINK GREEN EMBROIDERY COSMETIC BAG",52,110
47369,"47369B","BLUE GREEN EMBROIDERY COSMETIC BAG",58,110
47503,"47503A","",2646,21074
47503,"47503A","ASS FLORAL PRINT MULTI SCREWDRIVER",2842,21074
47503,"47503A","check",121,21074
47503,"47503E","",-35,21074
47503,"47503E","ASS FLORAL PRINT SCISSORS",6842,21074
47503,"47503F","",2572,21074
47503,"47503F","ASS FLORAL PRINT TORCH",2570,21074
47503,"47503G","",-267,21074
47503,"47503G","ASS FLORAL PRINT TAPE MEASURE",284,21074
47503,"47503H","",38,21074
47503,"47503H","ASS FLORAL PRINT SPIRIT LEVEL ",163,21074
47503,"47503H","check",-24,21074
47503,"47503H","found",66,21074
47503,"47503J","SET/3 FLORAL GARDEN TOOLS IN BAG",328,21074
47503,"47503K","",-248,21074
47503,"47503K","ASSORTED FLORAL SECATEURS",3176,21074
47504,"47504E","",-316,2209
47504,"47504E","ENGLISH ROSE SCISSORS",4387,2209
47504,"47504F","",-2916,2209
47504,"47504F","ENGLISH ROSE TORCH",528,2209
47504,"47504G","",-3116,2209
47504,"47504G","ENGLISH ROSE TAPE MEASURE",266,2209
47504,"47504H","ENGLISH ROSE SPIRIT LEVEL ",1027,2209
47504,"47504J","",-79,2209
47504,"47504J","ENGLISH ROSE SET/3 GARDEN TOOLS",1,2209
47504,"47504K","",-224,2209
47504,"47504K","ENGLISH ROSE GARDEN SECATEURS",2651,2209
47518,"47518f","ICON PLACEMAT POP ART ELVIS",9,912
47518,"47518F","ICON PLACEMAT POP ART ELVIS",903,912
47552,"47552A","",-1,10
47552,"47552A","DOTS IRONING BOARD COVER",11,10
47556,"47556b","TEA TIME TEA TOWELS ",4,6200
47556,"47556B","",-150,6200
47556,"47556B","did  a credit  and did not tick ret",1300,6200
47556,"47556B","TEA TIME TEA TOWELS ",5046,6200
47559,"47559b","TEA TIME OVEN GLOVE",171,5265
47559,"47559B","",-84,5265
47559,"47559B","TEA TIME OVEN GLOVE",5178,5265
47563,"47563A","RETRO LONGBOARD IRONING BOARD COVER",343,341
47563,"47563B","",-10,341
47563,"47563B","WAVELINE SURF IRONING BOARD COVER",8,341
47566,"47566b","TEA TIME PARTY BUNTING",217,2500
47566,"47566B","",-140,2500
47566,"47566B","correct previous adjustment",144,2500
47566,"47566B","incorrectly credited C550456 see 47",0,2500
47566,"47566B","missing",-480,2500
47566,"47566B","reverse previous adjustment",-1300,2500
47566,"47566B","stock credited from royal yacht inc",-144,2500
47566,"47566B","TEA TIME PARTY BUNTING",4203,2500
47567,"47567b","TEA TIME KITCHEN APRON",3,2141
47567,"47567B","",150,2141
47567,"47567B","missing",-198,2141
47567,"47567B","TEA TIME KITCHEN APRON",2186,2141
47570,"47570b","TEA TIME TABLE CLOTH",9,917
47570,"47570B","",-69,917
47570,"47570B","TEA TIME TABLE CLOTH",977,917
47574,"47574A","check",-61,552
47574,"47574A","ENGLISH ROSE SCENTED HANGING FLOWER",576,552
47574,"47574B","",-13,552
47574,"47574B","ENGLISH ROSE SCENTED HANGING HEART",50,552
47578,"47578A","ENGLISH ROSE SMALL SCENTED FLOWER",324,324
47581,"47581A","",-16,24
47581,"47581B","",-6,24
47581,"47581B","FAIRY CAKE WICKER PICNIC BASKET ",46,24
47583,"47583A","",-5,79
47583,"47583A","SET OF 3 WICKER BASKET ROSE",69,79
47583,"47583B","",-12,79
47583,"47583B","SET OF 3 WICKER BASKET TEA AND CAKE",27,79
47585,"47585A","PINK FAIRY CAKE CUSHION COVER",1073,1073
47586,"47586A","PINK FAIRY CAKE CUSHION COVER",204,204
47587,"47587A","",1040,1486
47587,"47587A","12'S SOLD AS 1?",-1060,1486
47587,"47587A","PINK FAIRY CAKE COASTER",1506,1486
47590,"47590a","BLUE HAPPY BIRTHDAY BUNTING",1,10277
47590,"47590A","BLUE HAPPY BIRTHDAY BUNTING",4641,10277
47590,"47590b","PINK HAPPY BIRTHDAY BUNTING",13,10277
47590,"47590B","",-42,10277
47590,"47590B","check",-57,10277
47590,"47590B","PINK HAPPY BIRTHDAY BUNTING",5721,10277
47591,"47591A","",-6,11465
47591,"47591A","CAROUSEL CHILDRENS APRON",29,11465
47591,"47591A","CAROUSEL DES CHILD'S APRON",127,11465
47591,"47591b","SCOTTIES CHILDRENS APRON",8,11465
47591,"47591B","",2,11465
47591,"47591B","?",-207,11465
47591,"47591B","SCOTTIES CHILDRENS APRON",811,11465
47591,"47591B","SCOTTIES DES CHILD'S APRON",303,11465
47591,"47591c","BLUE FAIRY CAKE CHILD'S APRON",4,11465
47591,"47591C","",46,11465
47591,"47591C","BLUE FAIRY CAKE CHILD'S APRON",1047,11465
47591,"47591C","BLUE FAIRY CAKE CHILDRENS APRON",4,11465
47591,"47591C","missing",-300,11465
47591,"47591d","PINK FAIRY CAKE CHILDRENS APRON",290,11465
47591,"47591D","",-201,11465
47591,"47591D","PINK FAIRY CAKE CHILD'S APRON",3440,11465
47591,"47591D","PINK FAIRY CAKE CHILDRENS APRON",6068,11465
47592,"47592A","",-28,377
47592,"47592A","CAROUSEL CHILDRENS OVERALL",74,377
47592,"47592A","CAROUSEL DES CHILD'S OVERALL",257,377
47592,"47592B","",7,377
47592,"47592B","SCOTTIE DOGS CHILDRENS OVERALL",3,377
47592,"47592B","SCOTTIES DESIGN CHILD'S OVERALL",64,377
47593,"47593a","CAROUSEL DESIGN BABY BIB",1,2692
47593,"47593A","",2,2692
47593,"47593A","CAROUSEL DESIGN BABY BIB",164,2692
47593,"47593A","CAROUSEL PONIES BABY BIB",139,2692
47593,"47593A","found",13,2692
47593,"47593b","SCOTTIE DOGS BABY BIB",6,2692
47593,"47593B","SCOTTIE DOGS BABY BIB",2172,2692
47593,"47593B","SCOTTIES DESIGN BABY BIB",195,2692
47594,"47594a","CAROUSEL DESIGN WASHBAG",1,710
47594,"47594A","CAROUSEL DESIGN WASHBAG",322,710
47594,"47594B","SCOTTIES DESIGN WASHBAG",387,710
47595,"47595B","",-9,-9
47599,"47599A","",-104,9144
47599,"47599A","PINK PARTY BAGS",5886,9144
47599,"47599B","BLUE PARTY BAGS ",3362,9144
48173,"48173A","",-2,4125
48173,"48173A","DOOR MAT BLUE FLOCK",1,4125
48173,"48173c","DOOR MAT BLACK FLOCK ",16,4125
48173,"48173c","DOORMAT BLACK FLOCK ",62,4125
48173,"48173C","",-54,4125
48173,"48173C","damaged",13,4125
48173,"48173C","DOOR MAT BLACK FLOCK ",1234,4125
48173,"48173C","DOORMAT BLACK FLOCK ",2864,4125
48173,"48173C","MIA",-9,4125
49031,"49031B","CHROME EURO HOOK 20cm",400,400
51012,"51012C","",11,143
51012,"51012C","FEATHER DUSTER, COAL BLACK",168,143
51012,"51012L","",-45,143
51012,"51012L","FEATHER DUSTER, LIGHT PINK",9,143
51014,"51014A","FEATHER PEN,HOT PINK",6563,13932
51014,"51014c","FEATHER PEN,COAL BLACK",1,13932
51014,"51014C","FEATHER PEN,COAL BLACK",4079,13932
51014,"51014L","FEATHER PEN,LIGHT PINK",3289,13932
51020,"51020A","adjustment",41,2496
51020,"51020A","SUMMER FUN DESIGN SHOWER CAP",1303,2496
51020,"51020B","",120,2496
51020,"51020B","adjust",-53,2496
51020,"51020B","STRIPY DESIGN SHOWER CAP",1085,2496
62043,"62043B","",6,59
62043,"62043B","BLUE CHECK BAG W HANDLE 34X20CM",53,59
62074,"62074B","ELEPHANT CLIP W SUCTION CUP",38,38
62086,"62086A","PINK RETRO BIG FLOWER BAG",113,113
62094,"62094B","",-92,214
62094,"62094B","TURQ ICE CREAM BUM BAG ",306,214
62095,"62095B","",-28,264
62095,"62095B","TURQOISE ICE CREAM SUNHAT",292,264
62096,"62096A","",-88,551
62096,"62096A","PINK/YELLOW FLOWERS HANDBAG",395,551
62096,"62096B","",-13,551
62096,"62096B","PURPLE/TURQ FLOWERS HANDBAG",257,551
62097,"62097A","",3,3
62097,"62097A","PINK STRIPES SHOULDER BAG",3,3
62097,"62097B","",-14,3
62097,"62097B","BLUE STRIPES SHOULDER BAG",11,3
70037,"70037L","",-3,-3
71028,"71028A","",1,386
71028,"71028B","",-109,386
71028,"71028B","SILVER BLUE EGG T-LIGHT HOLDER",494,386
71101,"71101A","",-43,739
71101,"71101A","ANGEL ON KNEES METAL POLE 100CM H",6,739
71101,"71101E","STANDING FAIRY POLE SUPPORT ",776,739
71263,"71263G","",39,39
71406,"71406B","",-81,142
71406,"71406C","BLACK ORANGE SQUEEZER",223,142
71409,"71409B","",4,4
71434,"71434B","",-13,-11
71434,"71434B","BLACK RND BULLETKEEP CLEAN BIN",2,-11
71495,"71495A","CD WALL TIDY BLUE OFFICE",224,530
71495,"71495B","CD WALL TIDY RED FLOWERS",306,530
71496,"71496A","A4 WALL TIDY BLUE OFFICE",260,275
71496,"71496B","A4 WALL TIDY RED FLOWERS",15,275
72023,"72023F","",-82,558
72023,"72023F","RED ORGANIC CANDLE IN GLASS",640,558
72024,"72024HC","",-3669,-3447
72024,"72024U","",2,-3447
72024,"72024U","LILAC VOTIVE CANDLE",220,-3447
72038,"72038B","damaged",-244,-234
72038,"72038P","damages",-990,-234
72038,"72038P","PRICE'S CANDLE PEACH",1000,-234
72045,"72045A","",-1,571
72045,"72045D","",537,571
72045,"72045D","ROSES ON BLUE TEACUP CANDLE ",35,571
72051,"72051S","",-98,209
72051,"72051S","BAG OF SILVER STONES",307,209
72083,"72083A","STRAWBERY SWIRL FLARE CANDLE",24,24
72084,"72084B","",-71,-69
72084,"72084B","CHOCOLATE ICE CREAM CANDLE",2,-69
72140,"72140D","",-6,-4981
72140,"72140E","BEST DAD CANDLE LETTERS",218,-4981
72140,"72140F","HAPPY ANNIVERSARY CANDLE LETTERS",175,-4981
72140,"72140F","throw away",-5368,-4981
72225,"72225C","",-226,27
72225,"72225C","?",-1609,27
72225,"72225C","LAVENDER SCENT CAKE CANDLE",1878,27
72225,"72225D","",-12,27
72225,"72225D","?",-966,27
72225,"72225D","VANILLA SCENT CAKE CANDLE ",962,27
72226,"72226D","",-106,-106
72331,"72331R","",-14,-14
72348,"72348B","",-4,-4
72349,"72349b","SET/6 PURPLE BUTTERFLY T-LIGHTS",218,2231
72349,"72349B","SET/6 PURPLE BUTTERFLY T-LIGHTS",2013,2231
72351,"72351a","SET/6 TURQUOISE BUTTERFLY T-LIGHTS",40,9462
72351,"72351A","SET/6 TURQUOISE BUTTERFLY T-LIGHTS",3728,9462
72351,"72351B","SET/6 PINK  BUTTERFLY T-LIGHTS",5694,9462
72369,"72369A","PINK CLEAR GLASS CANDLE PLATE",67,67
72529,"72529w","WHITE ADVENT CANDLE",1,308
72529,"72529W","",-83,308
72529,"72529W","WHITE ADVENT CANDLE",390,308
72606,"72606A","",-45,181
72606,"72606A","BROWN ANTIQUE CUBE CANDLE",226,181
72620,"72620A","",-5,-5
72655,"72655C","",8,8
72671,"72671B","",-7,-7
72697,"72697A","",-32,-32
72739,"72739B","",-56,306
72739,"72739B","discoloured",-70,306
72739,"72739B","WHITE CHOCOLATE SCENT CANDLE",394,306
72739,"72739C","",-199,306
72739,"72739C","DARK CHOCOLATE SCENTCANDLE",301,306
72739,"72739C","discoloured",-64,306
72740,"72740A","",-43,-53
72740,"72740A","LARGE STRAWBERRY CHOCOLATE CANDLE",65,-53
72740,"72740B","",-76,-53
72740,"72740B","LARGE WHITE CHOCOLATE CANDLE",1,-53
72750,"72750A","damages",-54,1105
72750,"72750A","F.FAIRY S/3 CANDLE/GLASS,LILY/VALLY",177,1105
72750,"72750A","FLOWER FAIRY SET OF 3 LILY CANDLES",204,1105
72750,"72750B","",-44,1105
72750,"72750B","F.FAIRY S/3 CANDLE/GLASS,LAVENDER",193,1105
72750,"72750B","FLOWER FAIRY SET 3 CANDLES LAVENDER",285,1105
72750,"72750C","",10,1105
72750,"72750C","F.FAIRY S/3 CANDLE/GLASS, ROSE",232,1105
72750,"72750D","",-8,1105
72750,"72750D","F.FAIRY S/3 CANDLE/GLASS",110,1105
72751,"72751A","",-11,-62
72751,"72751A","F.FAIRY S/3 SML CANDLE,LILY/VALLEY",1,-62
72751,"72751B","",-13,-62
72751,"72751B","F.FAIRY S/3 SML CANDLE, LAVENDER",1,-62
72751,"72751C","",-21,-62
72751,"72751C","F.FAIRY S/3 SML CANDLE, ROSE",1,-62
72751,"72751D","",-20,-62
72752,"72752A","",-18,-105
72752,"72752A","F.FAIRY,CANDLE IN GLASS,LILY/VALLEY",1,-105
72752,"72752B","",-21,-105
72752,"72752B","F.FAIRY,CANDLE IN GLASS,LAVENDER",3,-105
72752,"72752C","",-24,-105
72752,"72752D","",-46,-105
72753,"72753A","",-2,884
72753,"72753A","S/3 FLWR FAIRY LILLY CANDLES",315,884
72753,"72753B","",-23,884
72753,"72753B","S/3 FLWR FAIRY LAVENDER CANDLES",445,884
72753,"72753C","",-7,884
72753,"72753C","S/3 FLWR FAIRY ROSE CANDLES",43,884
72753,"72753D","",-15,884
72753,"72753D","S/3 FLWR FAIRY SUMMER CANDLES",128,884
72754,"72754A","damaged",-62,241
72754,"72754A","FLOWER FAIRY POTPOURRI CUSHION LILY",292,241
72754,"72754B","",-44,241
72754,"72754B","F FAIRY POTPOURRI CUSHIONS LAVENDER",170,241
72754,"72754C","",-9,241
72754,"72754D","",-107,241
72754,"72754D","F FAIRY POTPOURRI CUSHIONS SUMMER",1,241
72755,"72755A","",-1,821
72755,"72755B","",-23,821
72755,"72755C","",-117,821
72755,"72755C","FLOWER FAIRY OIL BURNER SET ROSE",581,821
72755,"72755D","",-22,821
72755,"72755D","FLOWER FAIRY OIL BURNER SET SUMMER",533,821
72755,"72755D","missing",-130,821
72760,"72760B","",-56,1663
72760,"72760B","VINTAGE CREAM 3 BASKET CAKE STAND",1719,1663
72771,"72771B","",-87,92
72771,"72771B","BURG FLOCK GOLD CUP/CANDLE ",129,92
72771,"72771C","",-4,92
72771,"72771C","BLACK FLOCK GOLD CANDLE",54,92
72785,"72785A","",7,25
72785,"72785A","S/4 CONTEMPORY PINK ROSEBUD CANDLES",8,25
72785,"72785B","",1,25
72785,"72785B","S/4 CONTEMPORY RED ROSEBUD CANDLES",9,25
72796,"72796A","",-12,27
72796,"72796A","S/3 ENGLISH LAVENDER SQU CANDLE",11,27
72796,"72796B","",4,27
72796,"72796B","S/3 FRENCH VANILLA SQU CANDLE",27,27
72796,"72796C","",-4,27
72796,"72796C","S/3 ROSE GARDEN SCENT SQU CANDLE",1,27
72798,"72798A","",-8,7
72798,"72798B","",-2,7
72798,"72798C","",-12,7
72798,"72798C","SET/4 GARDEN ROSE DINNER CANDLE",29,7
72799,"72799A","",16,3826
72799,"72799A","BLACK PILLAR CANDLE SILVER FLOCK",612,3826
72799,"72799B","",-23,3826
72799,"72799B","PURPLE PILLAR CANDLE BLACK FLOCK",322,3826
72799,"72799C","PINK PILLAR CANDLE SILVER FLOCK",471,3826
72799,"72799D","",12,3826
72799,"72799D","BLUE PILLAR CANDLE SILVER FLOCK",78,3826
72799,"72799E","IVORY PILLAR CANDLE SILVER FLOCK",1253,3826
72799,"72799F","",-51,3826
72799,"72799F","IVORY PILLAR CANDLE GOLD FLOCK",1136,3826
72800,"72800A","",-147,5093
72800,"72800A","S/4 BLACK DINNER CANDLE SILVER FLOC",677,5093
72800,"72800B"," 4 PURPLE FLOCK DINNER CANDLES",351,5093
72800,"72800B","S/4 PURPLE DINNER CANDLE BLK FLOCK",649,5093
72800,"72800C","4 PINK DINNER CANDLE SILVER FLOCK",268,5093
72800,"72800C","S/4 PINK DINNER CANDLE SILVER FLOCK",394,5093
72800,"72800D","",-15,5093
72800,"72800D","4 BLUE DINNER CANDLES SILVER FLOCK",226,5093
72800,"72800D","S/4 BLUE DINNER CANDLE SILVER FLOCK",423,5093
72800,"72800E","4 IVORY DINNER CANDLES SILVER FLOCK",1447,5093
72800,"72800F","",-5,5093
72800,"72800F","4 IVORY DINNER CANDLES GOLD FLOCK",825,5093
72801,"72801c","4 ROSE PINK DINNER CANDLES",42,3699
72801,"72801c","S/4 ROSE PINK DINNER CANDLES",20,3699
72801,"72801C","4 ROSE PINK DINNER CANDLES",549,3699
72801,"72801C","check",-10,3699
72801,"72801C","S/4 ROSE PINK DINNER CANDLES",159,3699
72801,"72801d","4 SKY BLUE DINNER CANDLES",88,3699
72801,"72801d","S/4 SKY BLUE DINNER CANDLES",15,3699
72801,"72801D","4 SKY BLUE DINNER CANDLES",394,3699
72801,"72801D","S/4 SKY BLUE DINNER CANDLES",172,3699
72801,"72801e","4 FESTIVE GREEN DINNER CANDLES",2,3699
72801,"72801e","S/4 FESTIVE GREEN DINNER CANDLES",5,3699
72801,"72801E","",-65,3699
72801,"72801E","4 FESTIVE GREEN DINNER CANDLES",51,3699
72801,"72801E","S/4 FESTIVE GREEN DINNER CANDLES",718,3699
72801,"72801F","",-7,3699
72801,"72801F","S/4 FESTIVE RED DINNER CANDLES",234,3699
72801,"72801g","4 BURGUNDY WINE DINNER CANDLES",8,3699
72801,"72801g","S/4 BURGUNDY WINE DINNER CANDLES",2,3699
72801,"72801G","",-3,3699
72801,"72801G","4 BURGUNDY WINE DINNER CANDLES",551,3699
72801,"72801G","S/4 BURGUNDY WINE DINNER CANDLES",786,3699
72801,"72801H","",-12,3699
72802,"72802a","ROSE SCENT CANDLE IN JEWELLED BOX",9,3045
72802,"72802A","?",-50,3045
72802,"72802A","Had been put aside.",54,3045
72802,"72802A","ROSE SCENT CANDLE IN JEWELLED BOX",901,3045
72802,"72802A","Wet pallet-thrown away",-306,3045
72802,"72802B","check",-290,3045
72802,"72802B","OCEAN SCENT CANDLE IN JEWELLED BOX",1132,3045
72802,"72802c","VANILLA SCENT CANDLE JEWELLED BOX",1,3045
72802,"72802C","",1,3045
72802,"72802C","check",-75,3045
72802,"72802C","damages",-54,3045
72802,"72802C","VANILLA SCENT CANDLE JEWELLED BOX",1722,3045
72803,"72803A","?",117,854
72803,"72803A","damages",-160,854
72803,"72803A","ROSE SCENT CANDLE JEWELLED DRAWER",729,854
72803,"72803b","OCEAN SCENT CANDLE JEWELLED DRAWER",2,854
72803,"72803B","",74,854
72803,"72803B","OCEAN SCENT CANDLE JEWELLED DRAWER",92,854
72807,"72807a","SET/3 ROSE CANDLE IN JEWELLED BOX",9,1298
72807,"72807A","???missing",-224,1298
72807,"72807A","AMAZON",1,1298
72807,"72807A","damages",-56,1298
72807,"72807A","SET/3 ROSE CANDLE IN JEWELLED BOX",955,1298
72807,"72807A","wet pallet",-504,1298
72807,"72807b","SET/3 OCEAN SCENT CANDLE JEWEL BOX",26,1298
72807,"72807B","????missing",-124,1298
72807,"72807B","damages",-101,1298
72807,"72807B","SET/3 OCEAN SCENT CANDLE JEWEL BOX",1065,1298
72807,"72807B","wet pallet",-696,1298
72807,"72807c","SET/3 VANILLA SCENTED CANDLE IN BOX",60,1298
72807,"72807C","???missing",-428,1298
72807,"72807C","damages",-149,1298
72807,"72807C","SET/3 VANILLA SCENTED CANDLE IN BOX",1872,1298
72807,"72807C","wet pallet",-408,1298
75013,"75013B","",124,518
75013,"75013B","STRING OF 8 BUTTERFLIES,PINK",394,518
75049,"75049L","",3,13093
75049,"75049L","LARGE CIRCULAR MIRROR MOBILE",13090,13093
75149,"75149N","",2,-120
75149,"75149N","missing",-394,-120
75149,"75149N","STRING CRYSTALS NATURAL",272,-120
77101,"77101A","",-83,1005
77101,"77101A","UNION FLAG WINDSOCK",1088,1005
78034,"78034B","BLUE NETTING STORAGE HANGER",16,16
79003,"79003B","",-6,-6
79023,"79023B","",-57,-57
79026,"79026B","",-23,47
79026,"79026B","S/4 ICON COASTER,ELVIS LIVES",70,47
79030,"79030A","",133,1661
79030,"79030A","smashed",-350,1661
79030,"79030A","TUMBLER, ENGLISH ROSE",171,1661
79030,"79030D","",13,1661
79030,"79030D","damages",-664,1661
79030,"79030D","TUMBLER BAROQUE",530,1661
79030,"79030D","TUMBLER, BAROQUE",491,1661
79030,"79030G","damages",-413,1661
79030,"79030G","TUMBLER NEW ENGLAND",1267,1661
79030,"79030G","TUMBLER, NEW ENGLAND",499,1661
79030,"79030G","Water damaged",-16,1661
79051,"79051a","SMOKEY GREY COLOUR D.O.F. GLASS",1,949
79051,"79051A","SMOKEY GREY COLOUR D.O.F. GLASS",714,949
79051,"79051A","SMOKEY GREY COLOUR GLASS",240,949
79051,"79051A","sold as set on dotcom",-6,949
79053,"79053A","",9,-1
79053,"79053B","",1,-1
79053,"79053D","",-11,-1
79057,"79057B","",-2,-2
79062,"79062D","",960,1012
79062,"79062D","RETRO TIN ASHTRAY,REVOLUTIONARY",52,1012
79063,"79063C","",320,3305
79063,"79063C","RETRO PILL BOX KEY CHAIN,THE KING",235,3305
79063,"79063D","",2560,3305
79063,"79063D","RETRO PILL BOX , REVOLUTIONARY",190,3305
79064,"79064C","",-1,-1
79065,"79065A","",2,3
79065,"79065A","TEATIME ROUND CAKE TINS ",3,3
79065,"79065B","",-2,3
79066,"79066k","RETRO MOD TRAY",27,1439
79066,"79066K","RETRO MOD TRAY",1412,1439
79069,"79069A","",14,14
79070,"79070b","ENGLISH ROSE SQUARE CAKE TINS",1,-2
79070,"79070B","",-3,-2
79071,"79071A","",-43,103
79071,"79071B","",-8,103
79071,"79071B","ENGLISH ROSE METAL WASTE BIN",154,103
79082,"79082C","",-2,-2
79144,"79144B","PAINTED LIGHTBULB STAR+ MOON",360,673
79144,"79144C","PAINTED LIGHTBULB RAINBOW DESIGN",313,673
79149,"79149B","SILICON STAR BULB  BLUE",32,32
79151,"79151B","SILICON CUBE 25W, BLUE",12,12
79157,"79157B","UBO-LIGHT TRIOBASE BLUE",5,10
79157,"79157V","UBO-LIGHT TRIOBASE PURPLE",5,10
79161,"79161A","",12,63
79161,"79161A","ST GEORGE SET OF 10 PARTY LIGHTS",51,63
79172,"79172D","",-11,13
79172,"79172D","PURPLE TINT ACRYLIC FLOWER VASE",24,13
79190,"79190A","RETRO PLASTIC 70'S TRAY",774,2913
79190,"79190B","RETRO PLASTIC POLKA TRAY",1487,2913
79190,"79190D","RETRO PLASTIC DAISY TRAY",652,2913
79191,"79191B","RETRO PLASTIC POLKA TRAY",453,1913
79191,"79191C","RETRO PLASTIC ELEPHANT TRAY",1335,1913
79191,"79191D","RETRO PLASTIC DAISY TRAY",125,1913
79192,"79192A","",-9,97
79192,"79192A","RETRO PLASTIC 70'S TRAY",106,97
79302,"79302C","",-1,688
79302,"79302J","",-1,688
79302,"79302m","ART LIGHTS,FUNK MONKEY",4,688
79302,"79302M","",73,688
79302,"79302M","ART LIGHTS,FUNK MONKEY",653,688
79302,"79302M","crushed",-40,688
79303,"79303A","",-4,193
79303,"79303A","WHITE ROHMBIC BLOCK TABLE LAMP",2,193
79303,"79303B","",-5,193
79303,"79303B","BLUE STAR BLOCK TABLE LAMP",109,193
79303,"79303D","",15,193
79303,"79303D","LILAC FLOWER BLOCK TABLE LAMP",76,193
79308,"79308B","",143,287
79308,"79308B","MOSAIC CANDLE DISH BLUE PURPLE",144,287
79309,"79309A","",1,1
79315,"79315B","",-3,190
79315,"79315W","",-6,190
79315,"79315W","FLYING SAUCER TABLE LIGHT IN WHITE",199,190
79323,"79323B","",-127,-9400
79323,"79323B","BLACK CHERRY LIGHTS",-5,-9400
79323,"79323B","Unsaleable, destroyed.",-1671,-9400
79323,"79323G","",870,-9400
79323,"79323G","GOLD  CHERRY LIGHTS",127,-9400
79323,"79323G","Unsaleable, destroyed.",-657,-9400
79323,"79323GR","",-240,-9400
79323,"79323GR","GREEN CHERRY LIGHTS",338,-9400
79323,"79323GR","sold as gold",-954,-9400
79323,"79323GR","Unsaleable, destroyed.",-1158,-9400
79323,"79323LP","",-8,-9400
79323,"79323LP","LIGHT PINK CHERRY LIGHTS",975,-9400
79323,"79323LP","Unsaleable, destroyed.",-2618,-9400
79323,"79323P","",-218,-9400
79323,"79323P","PINK CHERRY LIGHTS",1588,-9400
79323,"79323P","Unsaleable, destroyed.",-2003,-9400
79323,"79323S","",-88,-9400
79323,"79323S"," SILVER CHERRY LIGHTS",269,-9400
79323,"79323S","SILVER CHERRY LIGHTS",-96,-9400
79323,"79323S","Unsaleable, destroyed.",-674,-9400
79323,"79323W","",-136,-9400
79323,"79323W"," WHITE CHERRY LIGHTS",2010,-9400
79323,"79323W","Unsaleable, destroyed.",-4830,-9400
79323,"79323W","WHITE CHERRY LIGHTS",-94,-9400
79340,"79340P","PURPLE ORCHID FLOWER LIGHTS",-2,-5
79340,"79340W","",3,-5
79340,"79340W","WHITE ORCHID FLOWER LIGHTS",-6,-5
79342,"79342b","BROWN FLOWER LIGHTS",1,-1196
79342,"79342B","",-173,-1196
79342,"79342B","BROWN FLOWER LIGHTS",104,-1196
79342,"79342B","Unsaleable, destroyed.",-1128,-1196
81950,"81950B","",-23,225
81950,"81950B","FLOWER BLUE CLOCK W/SUCKER",99,225
81950,"81950B","FLOWER BLUE CLOCK WITH SUCKER",117,225
81950,"81950V","",-1,225
81950,"81950V","FLOWER PURPLE CLOCK W/SUCKER",17,225
81950,"81950V","FLOWER PURPLE CLOCK WITH SUCKER",16,225
81952,"81952B","",11,731
81952,"81952B","ROUND BLUE CLOCK W/SUCKER",54,731
81952,"81952B","ROUND BLUE CLOCK WITH SUCKER",200,731
81952,"81952V","ROUND PURPLE CLOCK W/SUCKER",99,731
81952,"81952V","ROUND PURPLE CLOCK WITH SUCKER",367,731
81953,"81953B","",-6,34
81953,"81953B","ROUND ARTICULATED BLUE CLOCK W/SUCK",3,34
81953,"81953B","ROUND BLUE CLOCK WITH SUCKER",11,34
81953,"81953P","",-7,34
81953,"81953P","ROUND ARTICULATED PINK CLOCK W/SUCK",33,34
81985,"81985A","",-11,12
81985,"81985A","ICON ALARM CLOCK,FUSCHIA  PIN UP",23,12
82001,"82001s","SILVER RECORD COVER FRAME",78,3070
82001,"82001s","VINYL RECORD FRAME SILVER",47,3070
82001,"82001S","SILVER RECORD COVER FRAME",287,3070
82001,"82001S","VINYL RECORD FRAME SILVER",2658,3070
82011,"82011A","BATHROOM SCALES, TROPICAL BEACH",58,328
82011,"82011B","",67,328
82011,"82011B","BATHROOM SCALES RUBBER DUCKS",94,328
82011,"82011C","",-27,328
82011,"82011C","BATHROOM SCALES FOOTPRINTS IN SAND",133,328
82011,"82011E","",1,328
82011,"82011E","BATHROOM SCALES, FAG BREAK",2,328
82039,"82039C","",-4,-4
82494,"82494l","WOODEN FRAME ANTIQUE WHITE ",424,15113
82494,"82494L","",-63,15113
82494,"82494L","cracked",-39,15113
82494,"82494L","crushed ctn",-33,15113
82494,"82494L","MISSING",-310,15113
82494,"82494L","WOODEN FRAME ANTIQUE WHITE ",15134,15113
82545,"82545A","",-4,27
82545,"82545A","COGNAC AUX OEUFS METAL 1 HOOK",31,27
82607,"82607A","",1,705
82607,"82607A","damages",-42,705
82607,"82607A","GLASS BONBON JAR PARFUME AUX FLEURE",652,705
82607,"82607C","damages",-67,705
82607,"82607C","GLASS BONBON JAR. SUPERFINES",115,705
82607,"82607E","",-54,705
82607,"82607E","GLASS BONBON JAR. D'AMANDES",100,705
82613,"82613a","METAL SIGN,CUPCAKE SINGLE HOOK",3,3275
82613,"82613A","",-32,3275
82613,"82613A","Amazon",1,3275
82613,"82613A","METAL SIGN,CUPCAKE SINGLE HOOK",531,3275
82613,"82613b","METAL SIGN,CUPCAKE SINGLE HOOK",14,3275
82613,"82613B","",-71,3275
82613,"82613B","METAL SIGN,CUPCAKE SINGLE HOOK",884,3275
82613,"82613c","METAL SIGN,CUPCAKE SINGLE HOOK",13,3275
82613,"82613C","METAL SIGN,CUPCAKE SINGLE HOOK",754,3275
82613,"82613D","METAL SIGN CUPCAKE SINGLE HOOK",1178,3275
82616,"82616A","BUBBLE GUM SCARF KNITTING KIT",316,1557
82616,"82616B","FRAPPUCINO SCARF KNITTING KIT",604,1557
82616,"82616C","MIDNIGHT GLAMOUR SCARF KNITTING KIT",637,1557
84029,"84029c","BROWN FURRY HOT WATER BOTTLE",1,19505
84029,"84029C","",-44,19505
84029,"84029C","BROWN FURRY HOT WATER BOTTLE",204,19505
84029,"84029D","",54,19505
84029,"84029D","LEOPARD PRINT HOT WATER BOTTLE",51,19505
84029,"84029E","",-38,19505
84029,"84029E","RED WOOLLY HOTTIE WHITE HEART.",11744,19505
84029,"84029G","",250,19505
84029,"84029G","KNITTED UNION FLAG HOT WATER BOTTLE",7283,19505
84030,"84030b","KNITTED POM POM HOT WATER BOTTLE",1,2427
84030,"84030B","",6,2427
84030,"84030B","KNITTED POM POM HOT WATER BOTTLE",5,2427
84030,"84030c","KNITTED RAINBOW HOT WATER BOTTLE",32,2427
84030,"84030C","",5,2427
84030,"84030C","KNITTED RAINBOW HOT WATER BOTTLE",13,2427
84030,"84030e","ENGLISH ROSE HOT WATER BOTTLE",128,2427
84030,"84030E","",-2,2427
84030,"84030E","ENGLISH ROSE HOT WATER BOTTLE",2239,2427
84031,"84031a","CHARLIE+LOLA RED HOT WATER BOTTLE ",1,1970
84031,"84031A","CHARLIE+LOLA RED HOT WATER BOTTLE ",1126,1970
84031,"84031b","CHARLIE LOLA BLUE HOT WATER BOTTLE ",1,1970
84031,"84031B","CHARLIE LOLA BLUE HOT WATER BOTTLE ",842,1970
84032,"84032A","CHARLIE+LOLA PINK HOT WATER BOTTLE",3389,6741
84032,"84032B","CHARLIE + LOLA RED HOT WATER BOTTLE",3352,6741
84078,"84078A","damages etc",-16,960
84078,"84078A","SET/4 WHITE RETRO STORAGE CUBES ",982,960
84078,"84078A","show display",-6,960
84086,"84086B","YELLOW/BLUE RETRO RADIO",23,328
84086,"84086C","PINK/PURPLE RETRO RADIO",305,328
84201,"84201B","HAPPY BIRTHDAY CARD STRIPEY TEDDY",39,49
84201,"84201C","HAPPY BIRTHDAY CARD TEDDY/CAKE",10,49
84205,"84205C","HAPPY BIRTHDAY GINGER CAT CARD",2,2
84206,"84206A","3 BLACK CATS W HEARTS BLANK CARD",79,98
84206,"84206B","CAT W SUNGLASSES BLANK CARD",4,98
84206,"84206B","CAT WITH SUNGLASSES BLANK CARD",5,98
84206,"84206C","CHAMPAGNE TRAY BLANK CARD",10,98
84247,"84247B","",11,3643
84247,"84247C","",22,3643
84247,"84247C","PACK/12 BLUE REINDEER CARD",73,3643
84247,"84247D","",-3,3643
84247,"84247E","",288,3643
84247,"84247E","PACK OF 12 CHRISTMAS FUN CARDS",85,3643
84247,"84247E","PACK/12 XMAS FUN CARD",195,3643
84247,"84247G","DECOUPAGE,GREETING CARD,",1511,3643
84247,"84247H","",51,3643
84247,"84247H","PACK/12 DECOUPAGE CARD",31,3643
84247,"84247J","PACK/12 RUSSIAN DOLL CARDS",10,3643
84247,"84247K","",47,3643
84247,"84247K","FOLK ART GREETING CARD,pack/12",66,3643
84247,"84247L","",-103,3643
84247,"84247L","FAWN AND MUSHROOM GREETING CARD",1161,3643
84247,"84247N","",116,3643
84247,"84247N","PACK/12 BLUE FOLKART CARDS",82,3643
84248,"84248B","",-17,-30
84248,"84248E","",-1,-30
84248,"84248F","",-12,-30
84249,"84249A","check",-150,1852
84249,"84249A","damaged",-25,1852
84249,"84249A","GREETING CARD,SQUARE, DOUGHNUTS",252,1852
84249,"84249D","",964,1852
84249,"84249D","FAIRY CAKE GREETINGS CARD",811,1852
84250,"84250H","",-15,-39
84250,"84250M","",-52,-39
84250,"84250M","GREETING CARD, BLACKPOOL ROCK",28,-39
84251,"84251B","",-60,1641
84251,"84251B","GREETING CARD, STICKY GORDON",309,1641
84251,"84251C","",272,1641
84251,"84251C","GREETING CARD, TWO SISTERS.",259,1641
84251,"84251F","",-56,1641
84251,"84251F","GREETING CARD, RITA",341,1641
84251,"84251G","GREETING CARD, OVERCROWDED POOL.",474,1641
84251,"84251J","",28,1641
84251,"84251J","GREETING CARD, THE BLACK CAT",74,1641
84255,"84255A","",2,34
84255,"84255A","PINK GLASS COCKTAIL LAMP",2,34
84255,"84255B","",-36,34
84255,"84255B","ORANGE COCKTAIL GLASS LAMP",66,34
84279,"84279B","",133,2020
84279,"84279B","CHERRY BLOSSOM DECORATIVE FLASK",794,2020
84279,"84279P"," CHERRY BLOSSOM  DECORATIVE FLASK",310,2020
84279,"84279P","check",-104,2020
84279,"84279P","CHERRY BLOSSOM  DECORATIVE FLASK",803,2020
84279,"84279P","found",84,2020
84288,"84288B","",25,85
84288,"84288B","SET/2 BLUE  NOODLE BASKETS",60,85
84292,"84292B","",7,16
84292,"84292B","BLUE COL METAL FOLDING CHAIR",9,16
84313,"84313A","",-18,758
84313,"84313A","PINK TV TRAY TABLE ",38,758
84313,"84313B","BLUE TV TRAY TABLE ",229,758
84313,"84313B","Damaged",-32,758
84313,"84313C","",-6,758
84313,"84313C","damaged",-1,758
84313,"84313C","ORANGE TV TRAY TABLE ",548,758
84327,"84327A","",-1,956
84327,"84327A","PINK JUMPER LARRY THE LAMB",957,956
84341,"84341A","",-2,1608
84341,"84341B","",-181,1608
84341,"84341B","SMALL PINK MAGIC CHRISTMAS TREE",1791,1608
84387,"84387A","",-3,8
84387,"84387A","BIRD ON BRANCH CANVAS SCREEN",11,8
84402,"84402B","",28,448
84402,"84402B","PURPLE DRESS JEWELLERY STAND",63,448
84402,"84402C","",-20,448
84402,"84402D","",4,448
84402,"84402D","PINK DRESS JEWELLERY STAND ",373,448
84405,"84405A","damaged",-13,115
84405,"84405A","S/3 PINK COL METAL BASKET W HANDLE",128,115
84406,"84406b","CREAM CUPID HEARTS COAT HANGER",2,6597
84406,"84406B","",-38,6597
84406,"84406B","?",-450,6597
84406,"84406B","CREAM CUPID HEARTS COAT HANGER",7158,6597
84406,"84406B","damaged",-11,6597
84406,"84406B","incorrectly made-thrown away.",-64,6597
84414,"84414B","damaged",-12,66
84414,"84414B","FUSCHIA/GREEN STRIPE WOOLLY BLANKET",78,66
84415,"84415A","",-11,33
84415,"84415A","PINK FLOCK SUEDE CUSHION COVER ",27,33
84415,"84415B","",-9,33
84415,"84415B","BLUE FLOCK CUSHION COVER ",26,33
84424,"84424A","",23,46
84424,"84424A","FOUR PICTURE WHITE GLASS FRAME",23,46
84425,"84425A","",1,19
84425,"84425A","WHITE GLASS TV TRIPLE FRAME",18,19
84427,"84427B","",5,22
84427,"84427B","BLACK GLASS TV DOUBLE P/FRAME 15X10",17,22
84429,"84429A","MEDIUM PINK BUDDHA HEAD ",112,112
84437,"84437A","",46,152
84437,"84437A","S/6 PINK EASTER DECS IN BOX",106,152
84439,"84439B","",-60,-60
84440,"84440B","",-21,-21
84444,"84444C","",-29,-29
84450,"84450A","",-32,105
84450,"84450A","PINK RABBIT SITTING EASTER",48,105
84450,"84450B","",-50,105
84450,"84450B","PINK/YELLOW RABBIT SAT EASTER",88,105
84450,"84450B","YELLOW RABBIT SAT EASTER",51,105
84459,"84459A","PINK METAL CHICKEN HEART ",1176,2642
84459,"84459B","",10,2642
84459,"84459B","YELLOW METAL CHICKEN HEART ",1456,2642
84460,"84460A","",-3,-3
84476,"84476A","",-11,-11
84494,"84494B","",-2,-2
84507,"84507B","",20,1791
84507,"84507B","STRIPES DESIGN MONKEY DOLL",1342,1791
84507,"84507C","adjustment",4,1791
84507,"84507C","BLUE CIRCLES DESIGN MONKEY DOLL",425,1791
84508,"84508A","CAMOFLAGE DESIGN TEDDY",1578,4134
84508,"84508A","CAMOUFLAGE DESIGN TEDDY",2223,4134
84508,"84508A","check",-39,4134
84508,"84508A","wet ctn",-48,4134
84508,"84508B","",161,4134
84508,"84508B","STRIPES DESIGN TEDDY",172,4134
84508,"84508C","BLUE CIRCLES DESIGN TEDDY",108,4134
84508,"84508C","check",-21,4134
84509,"84509a","ENGLISH ROSE PLACEMATS",2,6373
84509,"84509a","SET OF 4 ENGLISH ROSE PLACEMATS",111,6373
84509,"84509A","ENGLISH ROSE PLACEMATS",117,6373
84509,"84509A","SET OF 4 ENGLISH ROSE PLACEMATS",1405,6373
84509,"84509b","SET OF 4 FAIRY CAKE PLACEMATS",5,6373
84509,"84509B","FAIRY CAKE PLACEMATS",107,6373
84509,"84509B","SET OF 4 FAIRY CAKE PLACEMATS",546,6373
84509,"84509c","DOTTY PLACEMATS ",1,6373
84509,"84509c","SET OF 4 DOTTY PLACEMATS ",15,6373
84509,"84509c","SET OF 4 POLKADOT PLACEMATS ",57,6373
84509,"84509C","DOTTY PLACEMATS ",58,6373
84509,"84509C","SET OF 4 DOTTY PLACEMATS ",70,6373
84509,"84509C","SET OF 4 POLKADOT PLACEMATS ",151,6373
84509,"84509e","SET OF 4 CAROUSEL PLACEMATS ",2,6373
84509,"84509E","CAROUSEL PLACEMATS ",4,6373
84509,"84509E","SET OF 4 CAROUSEL PLACEMATS ",157,6373
84509,"84509F","",-24,6373
84509,"84509F","NEW ENGLAND PLACEMATS",32,6373
84509,"84509F","SET OF 4 NEW ENGLAND PLACEMATS",2749,6373
84509,"84509g","SET OF 4 FAIRY CAKE PLACEMATS ",2,6373
84509,"84509G","FAIRY CAKE PLACEMATS ",82,6373
84509,"84509G","SET OF 4 FAIRY CAKE PLACEMATS ",724,6373
84510,"84510a","SET OF 4 ENGLISH ROSE COASTERS",76,5257
84510,"84510A","SET OF 4 ENGLISH ROSE COASTERS",2418,5257
84510,"84510b","SET OF 4 FAIRY CAKES COASTERS ",1,5257
84510,"84510B","",10,5257
84510,"84510B","SET OF 4 FAIRY CAKES COASTERS ",1185,5257
84510,"84510c","SET OF 4 POLKADOT COASTERS",49,5257
84510,"84510c","SET OF 4 POLKADOTS COASTERS",10,5257
84510,"84510C","SET OF 4 POLKADOT COASTERS",155,5257
84510,"84510C","SET OF 4 POLKADOTS COASTERS",122,5257
84510,"84510e","SET OF 4 GREEN CAROUSEL COASTERS",14,5257
84510,"84510E","SET OF 4 GREEN CAROUSEL COASTERS",148,5257
84510,"84510F","",-30,5257
84510,"84510F","SET OF 4 NEW ENGLAND COASTERS ",1099,5257
84519,"84519A","TOMATO CHARLIE+LOLA COASTER SET",1208,2042
84519,"84519B","CARROT CHARLIE+LOLA COASTER SET",870,2042
84519,"84519D","",-36,2042
84520,"84520b","PACK 20 ENGLISH ROSE PAPER NAPKINS",110,7908
84520,"84520B","",-61,7908
84520,"84520B","PACK 20 ENGLISH ROSE PAPER NAPKINS",7453,7908
84520,"84520D","",-283,7908
84520,"84520D","PACK OF 20 FAIRY CAKE PAPER NAPKINS",689,7908
84529,"84529A","",-32,93
84529,"84529A","PINK KNITTED KIDS RUCKSACK",50,93
84529,"84529B","",-2,93
84529,"84529B","BLUE KNITTED KID'S RUCKSACK",13,93
84529,"84529C","",-14,93
84529,"84529C","YELLOW KNITTED KIDS RUCKSACK",78,93
84531,"84531A","",-34,345
84531,"84531A","PINK KNITTED EGG COSY",197,345
84531,"84531A","returned",2,345
84531,"84531B","",-23,345
84531,"84531B","BLUE KNITTED EGG COSY",201,345
84531,"84531B","returned",2,345
84532,"84532B","",-14,40
84532,"84532B","FAIRY CAKES RECTANGLUAR BOXES",54,40
84533,"84533B","",-38,21
84533,"84533B","FAIRY CAKES ROUND NESTING BOXES",59,21
84534,"84534b","FAIRY CAKE NOTEBOOK A5 SIZE",6,693
84534,"84534B","",-156,693
84534,"84534B","FAIRY CAKE NOTEBOOK A5 SIZE",843,693
84535,"84535A","",279,3535
84535,"84535A","ENGLISH ROSE NOTEBOOK A6 SIZE",607,3535
84535,"84535B","FAIRY CAKES NOTEBOOK A6 SIZE",2649,3535
84536,"84536a","ENGLISH ROSE NOTEBOOK A7 SIZE",25,8697
84536,"84536A","ENGLISH ROSE NOTEBOOK A7 SIZE",5160,8697
84536,"84536b","FAIRY CAKES NOTEBOOK A7 SIZE",13,8697
84536,"84536B","FAIRY CAKES NOTEBOOK A7 SIZE",3499,8697
84537,"84537B","",-21,96
84537,"84537B","FAIRY CAKES GIFT BAG",117,96
84555,"84555A","",-20,27
84555,"84555A","YELLOW VW BEETLE CERAMIC MONEY BOX",47,27
84558,"84558a","3D DOG PICTURE PLAYING CARDS",23,1324
84558,"84558A","3D DOG PICTURE PLAYING CARDS",1299,1324
84558,"84558B","",2,1324
84559,"84559a","3D SHEET OF DOG STICKERS",59,2550
84559,"84559A","3D SHEET OF DOG STICKERS",1359,2550
84559,"84559b","3D SHEET OF CAT STICKERS",33,2550
84559,"84559B","",-158,2550
84559,"84559B","3D SHEET OF CAT STICKERS",1230,2550
84559,"84559d","3D SHEET OF SEA WORLD STICKERS",2,2550
84559,"84559D","",-124,2550
84559,"84559D","3D SHEET OF SEA WORLD STICKERS",149,2550
84562,"84562A","",-5,170
84562,"84562A","PINK/WHITE RIBBED MELAMINE JUG",170,170
84562,"84562B","",-5,170
84562,"84562B","BLUE/WHITE RIBBED MELAMINE JUG",10,170
84563,"84563A","",-10,250
84563,"84563A","damaged",-4,250
84563,"84563A","PINK & WHITE BREAKFAST TRAY",142,250
84563,"84563B","BLUE & WHITE BREAKFAST TRAY",133,250
84563,"84563B","damaged",-11,250
84569,"84569A","",-107,2106
84569,"84569A","PACK 3 IRON ON DOG PATCHES",575,2106
84569,"84569B","",-57,2106
84569,"84569B","PACK 3 FIRE ENGINE/CAR PATCHES",462,2106
84569,"84569C","",-157,2106
84569,"84569C","PACK 4 FLOWER/BUTTERFLY PATCHES",402,2106
84569,"84569D","",-70,2106
84569,"84569D","PACK 6 HEART/ICE-CREAM PATCHES",1058,2106
84570,"84570B","WHITE SATIN DRESS JEWEL STAND",4,4
84575,"84575A","",-14,-5
84575,"84575A","PINK DOG CANNISTER",23,-5
84575,"84575B","",-18,-5
84575,"84575B","BROWN DOG CANNISTER W BONE",4,-5
84585,"84585L","",-2,-2
84586,"84586L","PINK ROSES/GINGHAM PATCH RABBIT 8",15,15
84595,"84595B","",-42,564
84595,"84595B","LARGE TRIFLE DESIGN L BLUE BOWL",230,564
84595,"84595E","",10,564
84595,"84595E","LARGE TORTILLA DESIGN RED BOWL",366,564
84596,"84596b","SMALL DOLLY MIX DESIGN ORANGE BOWL",13,17330
84596,"84596B","SMALL DOLLY MIX DESIGN ORANGE BOWL",6253,17330
84596,"84596e","SMALL LICORICE DES PINK BOWL",35,17330
84596,"84596E","",-148,17330
84596,"84596E","SMALL LICORICE DES PINK BOWL",1104,17330
84596,"84596f","SMALL MARSHMALLOWS PINK BOWL",19,17330
84596,"84596F","SMALL MARSHMALLOWS PINK BOWL",4727,17330
84596,"84596g","SMALL CHOCOLATES PINK BOWL",5,17330
84596,"84596G","",288,17330
84596,"84596G","??",-365,17330
84596,"84596G","SMALL CHOCOLATES PINK BOWL",2233,17330
84596,"84596I","",72,17330
84596,"84596I","WRAP SWEETS LIGHT PINK SMALL BOWL",72,17330
84596,"84596j","MIXED NUTS LIGHT GREEN BOWL",2,17330
84596,"84596J","",67,17330
84596,"84596J","MIXED NUTS LIGHT GREEN BOWL",808,17330
84596,"84596K","",195,17330
84596,"84596K","JELLY BABIES YELLOW SMALL BOWL",427,17330
84596,"84596l","BISCUITS SMALL BOWL LIGHT BLUE",1,17330
84596,"84596L","",-21,17330
84596,"84596L","BISCUITS SMALL BOWL LIGHT BLUE",1543,17330
84597,"84597A","",-16,521
84597,"84597B","",-2,521
84597,"84597B","damages",-6,521
84597,"84597B","RETRO BROWN BALL ASHTRAY ",202,521
84597,"84597C","",-18,521
84597,"84597C","RETRO PINK BALL ASHTRAY ",361,521
84600,"84600A","",-15,-15
84601,"84601A","",-94,16
84601,"84601A","NEW BAROQUE IVORY CUSHION COVER ",110,16
84611,"84611B","",1287,-139
84611,"84611B","BLACK NEW BAROQUE FLOCK BOX",4,-139
84611,"84611B","thrown away",-1430,-139
84612,"84612B","SET/4 BLACK  BAROQUE FLOCK COASTER",20,-142
84612,"84612B","thrown away",-162,-142
84613,"84613A","PINK NEW BAROQUE FLOCK CANDLESTICK",21,-408
84613,"84613A","poor quality",-72,-408
84613,"84613A","thrown away",-230,-408
84613,"84613C","",-190,-408
84613,"84613C","BLUE NEW BAROQUE FLOCK CANDLESTICK",63,-408
84614,"84614A","PINK BAROQUE FLOCK CANDLE HOLDER",17,-434
84614,"84614A","thrown away",-390,-434
84614,"84614C","",-64,-434
84614,"84614C","BLUE BAROQUE FLOCK CANDLE HOLDER",3,-434
84625,"84625A","PINK NEW BAROQUECANDLESTICK CANDLE",807,2196
84625,"84625B","BLCK NEW BAROQUE CANDLESTICK CANDLE",168,2196
84625,"84625B","Damaged",-47,2196
84625,"84625C","",-32,2196
84625,"84625C","BLUE NEW BAROQUE CANDLESTICK CANDLE",710,2196
84625,"84625D","",-30,2196
84625,"84625D","WHITE NEWBAROQUE CANDLESTICK CANDLE",620,2196
84659,"84659A","check",19,627
84659,"84659A","WHITE TRAVEL ALARM CLOCK",608,627
84660,"84660a","WHITE STITCHED WALL CLOCK",7,2352
84660,"84660A","",7,2352
84660,"84660A","damaged",-15,2352
84660,"84660A","WHITE STITCHED WALL CLOCK",858,2352
84660,"84660b","BLACK STITCHED WALL CLOCK",8,2352
84660,"84660B","BLACK STITCHED WALL CLOCK",747,2352
84660,"84660c","PINK STITCHED WALL CLOCK",34,2352
84660,"84660C","",-20,2352
84660,"84660C","PINK STITCHED WALL CLOCK",726,2352
84661,"84661a","WHITE SQUARE TABLE CLOCK",2,621
84661,"84661A","WHITE SQUARE TABLE CLOCK",222,621
84661,"84661b","BLACK SQUARE TABLE CLOCK",1,621
84661,"84661B","BLACK SQUARE TABLE CLOCK",244,621
84661,"84661c","PINK SQUARE TABLE CLOCK",2,621
84661,"84661C","PINK SQUARE TABLE CLOCK",150,621
84663,"84663A","",22,393
84663,"84663A","GRASS HOPPER WOODEN WALL CLOCK ",371,393
84671,"84671A","",2,111
84671,"84671B","",-2,111
84671,"84671B","CROCHET BEAR WITH BLUE STRIPES",111,111
84672,"84672A","",-2,-2
84673,"84673A","PINK FLY SWAT",501,1010
84673,"84673B","BLUE FLY SWAT",509,1010
84705,"84705A","",-9,272
84705,"84705A","ENGLISH ROSE PHOTO FRAME ",15,272
84705,"84705b","FAIRY CAKES PHOTO FRAME",2,272
84705,"84705B","",-11,272
84705,"84705B","FAIRY CAKES PHOTO FRAME",84,272
84705,"84705C","",8,272
84705,"84705C","PINK FLOCK PHOTO FRAME ",162,272
84705,"84705D","",-6,272
84705,"84705D","CHERRY BLOSSOM PHOTO FRAME ",22,272
84705,"84705E","",-2,272
84705,"84705F","",-3,272
84705,"84705F","RED PEONY PHOTO FRAME ",10,272
84706,"84706A","",-5,401
84706,"84706A","ENGLISH ROSE TABLE CLOCK",137,401
84706,"84706B","",-19,401
84706,"84706B","FAIRY CAKES TABLE CLOCK",18,401
84706,"84706C","",-9,401
84706,"84706C","PINK FLOCK TABLE CLOCK ",84,401
84706,"84706D","",-5,401
84706,"84706D","CHERRY BLOSSOM TABLE CLOCK ",220,401
84706,"84706E","",-40,401
84706,"84706F","",-13,401
84706,"84706F","RED PEONY TABLE CLOCK",33,401
84707,"84707A","SILVER JEWELLED MIRROR TRINKET TRAY",130,207
84707,"84707B","PINK JEWELLED MIRROR TRINKET TRAY",77,207
84708,"84708B","",-5,137
84708,"84708B","PINK JEWELLED PHOTO FRAME ",142,137
84709,"84709A","",40,263
84709,"84709A","Damaged",-15,263
84709,"84709A","SILVER OVAL JEWELLED MIRROR",25,263
84709,"84709B","",35,263
84709,"84709B","PINK OVAL JEWELLED MIRROR",178,263
84711,"84711A","",-205,-122
84711,"84711A","SILVER OVAL SHAPE TRINKET BOX",44,-122
84711,"84711B","PINK OVAL SHAPE TRINKET BOX",39,-122
84712,"84712B","",144,245
84712,"84712B","PINK JEWELLED PHOTO FRAME",101,245
84732,"84732B","CUTE BIRD CEATURE SCREEN",28,43
84732,"84732D","CUTE RABBIT CEATURE SCREEN ",15,43
84741,"84741C","",-107,79
84741,"84741C","CITRUS GARLAND FELT FLOWERS ",186,79
84743,"84743C","",-16,-32
84743,"84743C","damages",-26,-32
84743,"84743C","ORANGE FELT VASE + FLOWERS",10,-32
84745,"84745A","PINK HANGING GINGHAM EASTER HEN",74,159
84745,"84745B","BLUE HANGING GINGHAM EASTER HEN",85,159
84750,"84750A","",-7,974
84750,"84750A","damages",-85,974
84750,"84750A","PINK SMALL GLASS CAKE STAND",504,974
84750,"84750B","",-39,974
84750,"84750B","BLACK SMALL GLASS CAKE STAND",604,974
84750,"84750C","",-3,974
84751,"84751B","",-84,-47
84751,"84751B","BLACK MEDIUM GLASS CAKE STAND",37,-47
84752,"84752B","",-2,-2
84753,"84753A","",88,185
84753,"84753A","PINK EAU DE COLOGNE BOTTLE",97,185
84760,"84760L","",-54,718
84760,"84760L","LARGE HANGING GLASS+ZINC LANTERN",560,718
84760,"84760S","",-28,718
84760,"84760S","SMALL HANGING GLASS+ZINC LANTERN",240,718
84762,"84762A","",-12,239
84762,"84762A","WHITE PICNIC BARBECUE BUCKET",48,239
84762,"84762B","",-2,239
84762,"84762B","PINK PICNIC BARBECUE BUCKET",113,239
84762,"84762C","",-13,239
84762,"84762C","GREEN PICNIC BARBECUE BUCKET",105,239
84782,"84782A","",-11,87
84782,"84782A","damages, lost bits etc",-20,87
84782,"84782A","PINK 3 TIER GLASS PLATE STAND",113,87
84782,"84782B","BLACK 3 TIER GLASS PLATE STAND",10,87
84782,"84782B","damages, lost bits etc",-46,87
84782,"84782C","",-27,87
84782,"84782C","GREEN 3 TIER GLASS PLATE STAND",68,87
84795,"84795A","",65,914
84795,"84795A","coding mix up",-27,914
84795,"84795A","PASTEL STRIPE HAMMOCK ",209,914
84795,"84795b","SUNSET CHECK HAMMOCK",19,914
84795,"84795B","SUNSET CHECK HAMMOCK",306,914
84795,"84795C","",14,914
84795,"84795C","OCEAN STRIPE HAMMOCK ",324,914
84795,"84795C","sold as D?",-10,914
84795,"84795D","",53,914
84795,"84795D","missing",-240,914
84795,"84795D","SEASIDE STRIPE HAMMOCK",188,914
84795,"84795E","",3,914
84795,"84795E","RIO PINK STRIPE HAMMOCK",10,914
84796,"84796a","PINK HAWAIIAN PICNIC HAMPER FOR 2",28,854
84796,"84796A","",-35,854
84796,"84796A","PINK HAWAIIAN PICNIC HAMPER FOR 2",284,854
84796,"84796b","BLUE SAVANNAH PICNIC HAMPER FOR 2",2,854
84796,"84796B","",-25,854
84796,"84796B","BLUE SAVANNAH PICNIC HAMPER FOR 2",600,854
84797,"84797a","PINK HAWAIIAN PICNIC HAMPER FOR 4",18,797
84797,"84797A","",-15,797
84797,"84797A","PINK HAWAIIAN PICNIC HAMPER FOR 4",481,797
84797,"84797b","BLUE SAVANNAH PICNIC HAMPER FOR 4",21,797
84797,"84797B","",-28,797
84797,"84797B","BLUE SAVANNAH PICNIC HAMPER FOR 4",321,797
84797,"84797B","Donated to The Food Chain charity",-1,797
84798,"84798A","",-37,335
84798,"84798A","PINK FOXGLOVE ARTIIFCIAL FLOWER",171,335
84798,"84798B","",-139,335
84798,"84798B","PURPLE FOXGLOVE ARTIIFCIAL FLOWER",322,335
84798,"84798C","",2,335
84798,"84798C","WHITE FOXGLOVE ARTIIFCIAL FLOWER",16,335
84800,"84800L","",-29,968
84800,"84800L","LARGE WHITE/PINK ROSE ART FLOWER",626,968
84800,"84800L","wet damaged",-144,968
84800,"84800M","",-124,968
84800,"84800M","MEDIUM WHITE/PINK ROSE ART FLOWER",247,968
84800,"84800S","SMALL WHITE/PINK ROSE ART FLOWER",392,968
84801,"84801A","check",-102,292
84801,"84801A","PINK HYDRANGEA ART FLOWER",272,292
84801,"84801A","wet damaged",-48,292
84801,"84801B","",-44,292
84801,"84801B","WHITE HYDRANGEA ART FLOWER",214,292
84802,"84802A","",-90,429
84802,"84802A","WHITE ANEMONE ARTIFICIAL FLOWER",209,429
84802,"84802B","",-125,429
84802,"84802B","PURPLE ANEMONE ARTIFICIAL FLOWER",435,429
84803,"84803A","",-23,198
84803,"84803A","PINK ALLIUM  ARTIFICIAL FLOWER",109,198
84803,"84803B","",79,198
84803,"84803B","WHITE ALLIUM  ARTIFICIAL FLOWER",33,198
84804,"84804A","CREAM DELPHINIUM ARTIFICIAL FLOWER",224,369
84804,"84804A","wet damaged",-125,369
84804,"84804B","",-96,369
84804,"84804B","BLUE DELPHINIUM ARTIFICIAL FLOWER",366,369
84805,"84805A","CREAM CLIMBING HYDRANGA ART FLOWER",147,295
84805,"84805A","wet damaged",-96,295
84805,"84805B","BLUE CLIMBING HYDRANGA ART FLOWER",340,295
84805,"84805B","wet damaged",-96,295
84806,"84806A","PINK CANDYSTUFT ARTIFICIAL FLOWER",319,769
84806,"84806B","WHITE CANDYSTUFT ARTIFICIAL FLOWER",450,769
84809,"84809A","",-126,132
84809,"84809A","WHITE CHRYSANTHEMUMS ART FLOWER",286,132
84809,"84809B","damaged",-324,132
84809,"84809B","PINK CHRYSANTHEMUMS ART FLOWER",296,132
84810,"84810C","",-3,-3
84811,"84811A","",1,1
84814,"84814A","",-13,74
84814,"84814A","HEXAGONAL CRYSTAL PERFUME BOTTLE",1,74
84814,"84814B","",79,74
84814,"84814B","RHOMBUS CRYSTAL PERFUME BOTTLE",7,74
84845,"84845A","",-2,80
84845,"84845A","HOLLYHOCK SQUARE HANDY TIN",1,80
84845,"84845B","",-8,80
84845,"84845C","",14,80
84845,"84845C","CARNATION SQUARE HANDY TIN",39,80
84845,"84845D","",-5,80
84845,"84845D","GERANIUM SQUARE HANDY TIN",41,80
84846,"84846A","",-8,257
84846,"84846A","SCENTED CANDLE IN DIGITALIS TIN",265,257
84849,"84849A","HELLO SAILOR BLUE SOAP HOLDER",461,3977
84849,"84849B","FAIRY SOAP SOAP HOLDER",1959,3977
84849,"84849C","",-14,3977
84849,"84849D","",21,3977
84849,"84849D","HOT BATHS SOAP HOLDER",1550,3977
84856,"84856L","",-27,680
84856,"84856L","LARGE TAHITI BEACH BAG",239,680
84856,"84856S","",2,680
84856,"84856S","SMALL TAHITI BEACH BAG",466,680
84857,"84857A","",-1,245
84857,"84857A","SILVER MONTE CARLO HANDBAG",8,245
84857,"84857B","",20,245
84857,"84857B","BLUE MONTE CARLO HANDBAG",22,245
84857,"84857C","",0,245
84857,"84857C","PINK MONTE CARLO HANDBAG",196,245
84858,"84858A","",-5,643
84858,"84858A","NATURAL RIVIERA HANDBAG",53,643
84858,"84858A","wet and rotting",-100,643
84858,"84858B","",186,643
84858,"84858B","BLUE RIVIERA HANDBAG",326,643
84858,"84858B","wet & rotting",-200,643
84858,"84858C","",36,643
84858,"84858C","PINK RIVIERA HANDBAG",347,643
84859,"84859A","SILVER DISCO HANDBAG",293,727
84859,"84859B","BLUE DISCO HANDBAG",283,727
84859,"84859C","PINK DISCO HANDBAG",304,727
84859,"84859C","wet?",-153,727
84864,"84864A","",-6,1
84864,"84864A","PINK PAISLEY PHOTO ALBUM",7,1
84867,"84867a","PINK BABY GIRLS PHOTO ALBUM",1,-17
84867,"84867A","",-29,-17
84867,"84867A","PINK BABY GIRLS PHOTO ALBUM",16,-17
84867,"84867b","BLUE BABY BOY'S PHOTO ALBUM",2,-17
84867,"84867B","",-7,-17
84868,"84868A","",-13,-19
84868,"84868A","PINK BABY GIRL'S MEMORY BOX",2,-19
84868,"84868B","",-11,-19
84868,"84868B","BLUE BABY BOY'S MEMORY BOX",3,-19
84870,"84870B","BLUE GEISHA GIRL ",95,194
84870,"84870C","GREEN GEISHA GIRL ",99,194
84872,"84872a","TEATIME FUNKY FLOWER BACKPACK FOR 2",64,217
84872,"84872A","",-28,217
84872,"84872A","TEATIME FUNKY FLOWER BACKPACK FOR 2",181,217
84873,"84873a","FUNKY FLOWER PICNIC BAG FOR 4",88,115
84873,"84873A","",-2,115
84873,"84873A","FUNKY FLOWER PICNIC BAG FOR 4",33,115
84873,"84873B","",-4,115
84874,"84874A","",-1,77
84874,"84874B","",-9,77
84874,"84874B","BLUE TRAVEL FIRST AID KIT",87,77
84875,"84875A","",-45,824
84875,"84875A","PINK SQUARE COMPACT MIRROR",16,824
84875,"84875B","",-18,824
84875,"84875B","GREEN SQUARE COMPACT MIRROR",377,824
84875,"84875D","",118,824
84875,"84875D","BLUE SQUARE COMPACT MIRROR",371,824
84875,"84875D","found",5,824
84876,"84876B","",-59,661
84876,"84876B","found",66,661
84876,"84876B","GREEN HEART COMPACT MIRROR",346,661
84876,"84876C","",-19,661
84876,"84876C","SILVER HEART COMPACT MIRROR",7,661
84876,"84876D","BLUE HEART COMPACT MIRROR",322,661
84876,"84876D","damaged",-2,661
84877,"84877A","",-43,258
84877,"84877A","PINK ROUND COMPACT MIRROR",74,258
84877,"84877B","",-27,258
84877,"84877B","GREEN ROUND COMPACT MIRROR",289,258
84877,"84877C","",1,258
84877,"84877D","",-1,258
84877,"84877D","?",-203,258
84877,"84877D","BLUE ROUND COMPACT MIRROR",167,258
84877,"84877D","found",1,258
84884,"84884a","ANT WHITE WIRE HEART SPIRAL",56,1777
84884,"84884A","ANT WHITE WIRE HEART SPIRAL",1721,1777
84891,"84891B","",12,24
84891,"84891B","GREEN WIRE GOBLET CANDLEHOLDER",12,24
84896,"84896C","",-12,-12
84897,"84897A","",-5,-5
84898,"84898E","",-7,115
84898,"84898F","",-50,115
84898,"84898F","YELLOW FLOWERS FELT HANDBAG KIT",172,115
84899,"84899A","",1,94
84899,"84899E","",-26,94
84899,"84899E","YELLOW + BROWN BEAR FELT PURSE KIT",39,94
84899,"84899E","YELLOW BROWN BEAR FELT PURSE KIT",13,94
84899,"84899F","",-54,94
84899,"84899F","YELLOW PURPLE DAISY FELT PURSE KIT",121,94
84908,"84908A","",-43,771
84908,"84908A","PINK 5 PATCH FLOWER CUSHION COVER ",432,771
84908,"84908B","",-53,771
84908,"84908B","BLUE 5 PATCH FLOWER CUSHION COVER",435,771
84909,"84909A","",-15,194
84909,"84909A","PINK PAISLEY QUILT ",209,194
84910,"84910A","",-16,405
84910,"84910A","PINK PAISLEY CUSHION COVER ",421,405
84912,"84912a","PINK ROSE WASHBAG",2,2213
84912,"84912A","",72,2213
84912,"84912A","PINK ROSE WASHBAG",1097,2213
84912,"84912B","",-93,2213
84912,"84912B","damaged",-14,2213
84912,"84912B","GREEN ROSE WASHBAG",1149,2213
84913,"84913A","",-75,995
84913,"84913A","SOFT PINK ROSE TOWEL ",629,995
84913,"84913B","MINT GREEN ROSE TOWEL",441,995
84914,"84914A","",6,12
84914,"84914A","PINK ROSE PICNIC RUG",6,12
84924,"84924A","WAKE UP COCKEREL CALENDAR SIGN ",139,1751
84924,"84924D","",-5,1751
84924,"84924D","eurobargain invc/credit",372,1751
84924,"84924D","LA PALMIERA METAL SIGN CALENDAR",764,1751
84924,"84924F","",-14,1751
84924,"84924F","PSYCHEDELIC METAL SIGN CALENDAR",495,1751
84925,"84925A","",-22,466
84925,"84925A","WAKE UP COCKEREL WALL THERMOMETER",179,466
84925,"84925C","",-29,466
84925,"84925C","FAIRY CAKES  WALL THERMOMETER",28,466
84925,"84925D","",-34,466
84925,"84925D","incorrect credit",-372,466
84925,"84925D","LA PALMIERA WALL THERMOMETER",81,466
84925,"84925E","",-17,466
84925,"84925E","FLOWERS WALL THERMOMETER",75,466
84925,"84925F","",-35,466
84925,"84925F","?",-104,466
84925,"84925F","PSYCHEDELIC WALL THERMOMETER",716,466
84926,"84926A","WAKE UP COCKEREL TILE COASTER",673,3176
84926,"84926B","",14,3176
84926,"84926B","SCOTTS ROSES TILE COASTER",54,3176
84926,"84926C","",-45,3176
84926,"84926C","FAIRY CAKES TILE COASTER",134,3176
84926,"84926D","LA PALMIERA TILE COASTER",777,3176
84926,"84926E","FLOWERS TILE COASTER",1108,3176
84926,"84926F","PSYCHEDELIC TILE COASTER",461,3176
84927,"84927A","",-22,1279
84927,"84927A","WAKE UP COCKEREL TILE HOOK",152,1279
84927,"84927C","",2,1279
84927,"84927D","",-1,1279
84927,"84927D","LA PALMIERA TILE HOOK",520,1279
84927,"84927E","",-2,1279
84927,"84927E","FLOWERS TILE HOOK",300,1279
84927,"84927F","PSYCHEDELIC TILE HOOK",330,1279
84931,"84931A","PINK SCOTTIE DOG W FLOWER PATTERN",209,485
84931,"84931B","BLUE SCOTTIE DOG W FLOWER PATTERN",276,485
84932,"84932A","",-39,866
84932,"84932A","SMALL GREEN PEONY FOLDING STOOL",262,866
84932,"84932B","",-17,866
84932,"84932B","SMALL PINK PEONY FOLDING STOOL",189,866
84932,"84932C","?",-33,866
84932,"84932C","SMALL ORIENTAL BLUE FOLDING STOOL",281,866
84932,"84932D","",0,866
84932,"84932D","damages",-16,866
84932,"84932D","SMALL ORIENTAL RED FOLDING STOOL",239,866
84933,"84933A","",-2,392
84933,"84933A","LARGE GREEN PEONY FOLDING STOOL",131,392
84933,"84933B","",-8,392
84933,"84933B","LARGE PINK PEONY FOLDING STOOL",136,392
84933,"84933C","",4,392
84933,"84933C","LARGE BLUE ORIENTAL FOLDING STOOL",136,392
84933,"84933D","",-5,392
84951,"84951A","S/4 PISTACHIO LOVEBIRD COASTERS",107,1175
84951,"84951A","SET OF 4 PISTACHIO LOVEBIRD COASTER",493,1175
84951,"84951b","S/4 BLACK LOVEBIRD COASTERS",9,1175
84951,"84951b","SET OF 4 BLACK LOVEBIRD COASTERS",1,1175
84951,"84951B","S/4 BLACK LOVEBIRD COASTERS",88,1175
84951,"84951B","SET OF 4 BLACK LOVEBIRD COASTERS",477,1175
84952,"84952A","CLEAR LOVE BIRD T-LIGHT HOLDER",167,966
84952,"84952B","BLACK LOVE BIRD T-LIGHT HOLDER",424,966
84952,"84952C","",-38,966
84952,"84952C","MIRROR LOVE BIRD T-LIGHT HOLDER",413,966
84963,"84963A","",-2,43
84963,"84963A","PINK PAINTED KASHMIRI CHAIR",27,43
84963,"84963B","BLUE PAINTED KASHMIRI CHAIR",18,43
84964,"84964A","",-4,21
84964,"84964A","PINK PAINTED KASHMIRI TABLE",11,21
84964,"84964B","",-3,21
84964,"84964B","BLUE PAINTED KASHMIRI TABLE ",17,21
84965,"84965A","",-2,43
84965,"84965A","PINK KASHMIRI COFFEE TABLE ",20,43
84965,"84965B","",-2,43
84965,"84965B","BLUE KASHMIRI COFFEE TABLE ",27,43
84966,"84966A","",-17,36
84966,"84966A","PINK KASHMIRI BOXED MIRROR",13,36
84966,"84966A","Sold as C",-16,36
84966,"84966B","",-11,36
84966,"84966B","BLUE KASHMIRI BOXED MIRROR",33,36
84966,"84966C","",-5,36
84966,"84966C","GREEN KASHMIRI BOXED MIRROR",23,36
84966,"84966C","Sold as A/B",16,36
84967,"84967A","",-2,21
84967,"84967A","PINK KASHMIRI OCCASIONAL TABLE",2,21
84967,"84967B","",-2,21
84967,"84967B","BLUE KASHMIRI OCCASIONAL TABLE",21,21
84967,"84967C","",-7,21
84967,"84967C","GREEN KASHMIRI OCCASIONAL TABLE",9,21
84968,"84968a","S/16 VINTAGE ROSE CUTLERY",1,2569
84968,"84968a","SET OF 16 VINTAGE ROSE CUTLERY",6,2569
84968,"84968A","S/16 VINTAGE ROSE CUTLERY",190,2569
84968,"84968A","SET OF 16 VINTAGE ROSE CUTLERY",309,2569
84968,"84968b","S/16 VINTAGE IVORY CUTLERY",1,2569
84968,"84968b","SET OF 16 VINTAGE IVORY CUTLERY",1,2569
84968,"84968B","",-40,2569
84968,"84968B","rust,missing sets etc",-256,2569
84968,"84968B","S/16 VINTAGE IVORY CUTLERY",426,2569
84968,"84968B","SET OF 16 VINTAGE IVORY CUTLERY",5,2569
84968,"84968C","S/16 VINTAGE PISTACHIO CUTLERY",262,2569
84968,"84968C","SET OF 16 VINTAGE PISTACHIO CUTLERY",378,2569
84968,"84968d","S/16 VINTAGE RED CUTLERY",1,2569
84968,"84968d","SET OF 16 VINTAGE RED CUTLERY",3,2569
84968,"84968D","",480,2569
84968,"84968D","?",-266,2569
84968,"84968D","S/16 VINTAGE RED CUTLERY",287,2569
84968,"84968D","SET OF 16 VINTAGE RED CUTLERY",186,2569
84968,"84968e","S/16 VINTAGE BLACK CUTLERY",4,2569
84968,"84968e","SET OF 16 VINTAGE BLACK CUTLERY",13,2569
84968,"84968E","check",-70,2569
84968,"84968E","S/16 VINTAGE BLACK CUTLERY",221,2569
84968,"84968E","SET OF 16 VINTAGE BLACK CUTLERY",164,2569
84968,"84968f","SET OF 16 VINTAGE SKY BLUE CUTLERY",2,2569
84968,"84968F","check",-40,2569
84968,"84968F","S/16 VINTAGE SKY BLUE CUTLERY",84,2569
84968,"84968F","SET OF 16 VINTAGE SKY BLUE CUTLERY",217,2569
84970,"84970l","SINGLE HEART ZINC T-LIGHT HOLDER",247,44922
84970,"84970L","",-32,44922
84970,"84970L","SINGLE HEART ZINC T-LIGHT HOLDER",17601,44922
84970,"84970s","HANGING HEART ZINC T-LIGHT HOLDER",387,44922
84970,"84970S","HANGING HEART ZINC T-LIGHT HOLDER",26719,44922
84971,"84971l","LARGE HEART FLOWERS HOOK   ",2,6595
84971,"84971L","",-106,6595
84971,"84971L","LARGE HEART FLOWERS HOOK   ",563,6595
84971,"84971s","SMALL HEART FLOWERS HOOK ",6,6595
84971,"84971S","?",-504,6595
84971,"84971S","SMALL HEART FLOWERS HOOK ",6634,6595
84972,"84972L","",117,233
84972,"84972L","GIANT PINK HEART MEMO HOLDER",117,233
84972,"84972M","",-1,233
84984,"84984A","GREEN PEONY CUSHION COVER",255,1038
84984,"84984A","GREEN PEONY DES C/COVER",9,1038
84984,"84984B","",71,1038
84984,"84984B","RED PEONY CUSHION COVER ",309,1038
84984,"84984B","RED PEONY DES C/COVER ",11,1038
84984,"84984C","",-8,1038
84984,"84984C","ORIENTAL BLUE C/COVER ",13,1038
84984,"84984C","ORIENTAL BLUE CUSHION COVER ",219,1038
84984,"84984D","ORIENTAL RED C/COVER ",27,1038
84984,"84984D","ORIENTAL RED CUSHION COVER ",132,1038
84985,"84985a","SET OF 72 GREEN PAPER DOILIES",10,696
84985,"84985A","",-66,696
84985,"84985A","SET OF 72 GREEN PAPER DOILIES",650,696
84985,"84985b","SET OF 72 BLACK PAPER DOILIES ",1,696
84985,"84985B","",-27,696
84985,"84985B","SET OF 72 BLACK PAPER DOILIES ",128,696
84986,"84986A","",11,519
84986,"84986b","SET OF 36 SILVER PAPER DOILIES",6,519
84986,"84986B","",38,519
84986,"84986B","SET OF 36 SILVER PAPER DOILIES",464,519
84989,"84989a","75 GREEN FAIRY CAKE CASES",75,3070
84989,"84989A","",-41,3070
84989,"84989A","75 GREEN FAIRY CAKE CASES",2119,3070
84989,"84989b","75 BLACK FAIRY CAKE CASES",10,3070
84989,"84989B","",-103,3070
84989,"84989B","75 BLACK FAIRY CAKE CASES",1010,3070
84993,"84993a","75 GREEN PETIT FOUR CASES",51,1987
84993,"84993A","75 GREEN PETIT FOUR CASES",1498,1987
84993,"84993b","75 BLACK PETIT FOUR CASES",20,1987
84993,"84993B","",-147,1987
84993,"84993B","75 BLACK PETIT FOUR CASES",565,1987
84997,"84997a","CHILDRENS CUTLERY POLKADOT GREEN ",101,33954
84997,"84997a","GREEN 3 PIECE MINI DOTS CUTLERY SET",43,33954
84997,"84997a","GREEN 3 PIECE POLKADOT CUTLERY SET",34,33954
84997,"84997A","",-289,33954
84997,"84997A","CHILDRENS CUTLERY POLKADOT GREEN ",1715,33954
84997,"84997A","GREEN 3 PIECE MINI DOTS CUTLERY SET",1906,33954
84997,"84997A","GREEN 3 PIECE POLKADOT CUTLERY SET",1618,33954
84997,"84997b","CHILDRENS CUTLERY RETROSPOT RED ",273,33954
84997,"84997b","RED 3 PIECE MINI DOTS CUTLERY SET",49,33954
84997,"84997b","RED 3 PIECE RETROSPOT CUTLERY SET",217,33954
84997,"84997B","CHILDRENS CUTLERY RETROSPOT RED ",2628,33954
84997,"84997B","RED 3 PIECE MINI DOTS CUTLERY SET",4206,33954
84997,"84997B","RED 3 PIECE RETROSPOT CUTLERY SET",2445,33954
84997,"84997c","BLUE 3 PIECE MINI DOTS CUTLERY SET",3,33954
84997,"84997c","BLUE 3 PIECE POLKADOT CUTLERY SET",88,33954
84997,"84997c","CHILDRENS CUTLERY POLKADOT BLUE",265,33954
84997,"84997C","?",-741,33954
84997,"84997C","BLUE 3 PIECE MINI DOTS CUTLERY SET",3895,33954
84997,"84997C","BLUE 3 PIECE POLKADOT CUTLERY SET",2301,33954
84997,"84997C","CHILDRENS CUTLERY POLKADOT BLUE",2577,33954
84997,"84997d","CHILDRENS CUTLERY POLKADOT PINK",285,33954
84997,"84997d","PINK 3 PIECE MINI DOTS CUTLERY SET",1,33954
84997,"84997d","PINK 3 PIECE POLKADOT CUTLERY SET",104,33954
84997,"84997D","",-476,33954
84997,"84997D","CHILDRENS CUTLERY POLKADOT PINK",3664,33954
84997,"84997D","PINK 3 PIECE MINI DOTS CUTLERY SET",4338,33954
84997,"84997D","PINK 3 PIECE POLKADOT CUTLERY SET",2704,33954
85014,"85014a","BLACK/BLUE DOTS RUFFLED UMBRELLA",10,12872
85014,"85014a","BLACK/BLUE POLKADOT UMBRELLA",27,12872
85014,"85014A","BLACK/BLUE DOTS RUFFLED UMBRELLA",2968,12872
85014,"85014A","BLACK/BLUE POLKADOT UMBRELLA",1689,12872
85014,"85014b","RED RETROSPOT UMBRELLA",39,12872
85014,"85014b","RED/WHITE DOTS RUFFLED UMBRELLA",6,12872
85014,"85014B","RED RETROSPOT UMBRELLA",2740,12872
85014,"85014B","RED/WHITE DOTS RUFFLED UMBRELLA",3444,12872
85014,"85014C","",-297,12872
85014,"85014C","BLUE/BROWN DOTS RUFFLED UMBRELLA",355,12872
85014,"85014D","",-28,12872
85014,"85014D","PINK/BROWN DOTS RUFFLED UMBRELLA",1919,12872
85017,"85017A","",-31,2609
85017,"85017A","ENVELOPE 50 ROMANTIC IMAGES",1167,2609
85017,"85017A","wrong ctn size",-626,2609
85017,"85017B","",-199,2609
85017,"85017B","ENVELOPE 50 BLOSSOM IMAGES",2239,2609
85017,"85017C","?",-728,2609
85017,"85017C","adjustment",1,2609
85017,"85017C","ENVELOPE 50 CURIOUS IMAGES",809,2609
85017,"85017C","Found",13,2609
85017,"85017D","",-36,2609
85018,"85018A","",-7,846
85018,"85018A","S/6 PAPER BOXES ROMANTIC IMAGES",15,846
85018,"85018B","",-2,846
85018,"85018B","S/6 PAPER BOXES BLOSSOM IMAGES ",15,846
85018,"85018C","",11,846
85018,"85018C","S/6 PAPER BOXES CURIOUS IMAGES ",36,846
85018,"85018D","YULETIDE IMAGES S/6 PAPER BOXES",778,846
85019,"85019A","ROMANTIC IMAGES NOTEBOOK SET",627,1618
85019,"85019B","BLOSSOM  IMAGES NOTEBOOK SET",694,1618
85019,"85019B","check",15,1618
85019,"85019C","CURIOUS  IMAGES NOTEBOOK SET",390,1618
85019,"85019C","Damaged",-108,1618
85023,"85023A","",4,259
85023,"85023A","CRYSTAL LARGE JEWELLED PHOTO FRAME",21,259
85023,"85023B","EAU DE NILE JEWELLED PHOTOFRAME",219,259
85023,"85023C","",-7,259
85023,"85023C","PINK LARGE JEWELED PHOTOFRAME",22,259
85024,"85024A","CRYSTAL SMALL JEWELLED PHOTOFRAME",1,894
85024,"85024B","",576,894
85024,"85024B","EAU DE NILE JEWELLED PHOTOFRAME",218,894
85024,"85024C","PINK SMALL JEWELLED PHOTOFRAME",99,894
85025,"85025A","",5,1217
85025,"85025B","EAU DE NILE HEART SHAPE PHOTO FRAME",571,1217
85025,"85025C","",144,1217
85025,"85025C","barcode problem",-230,1217
85025,"85025C","PINK HEART SHAPE PHOTO FRAME",727,1217
85026,"85026B","",97,400
85026,"85026B","EAU DE NILE JEWELLED T-LIGHT HOLDER",303,400
85027,"85027L","",8,165
85027,"85027L","FRENCH CHATEAU LARGE PLATTER ",157,165
85028,"85028L","",12,677
85028,"85028L","FRENCH CHATEAU LARGE FRUIT BOWL ",245,677
85028,"85028S","",28,677
85028,"85028S","FRENCH CHATEAU SMALL FRUITBOWL",392,677
85031,"85031A","",-9,1454
85031,"85031A","ROMANTIC IMAGES SCRAP BOOK SET",477,1454
85031,"85031B","",4,1454
85031,"85031B","BLOSSOM IMAGES SCRAP BOOK SET",497,1454
85031,"85031C","",4,1454
85031,"85031C","CURIOUS IMAGES SCRAP BOOK SET",481,1454
85032,"85032A","ROMANTIC IMAGES GIFT WRAP SET",1448,4675
85032,"85032B","BLOSSOM IMAGES GIFT WRAP SET",994,4675
85032,"85032C","CURIOUS IMAGES GIFT WRAP SET",882,4675
85032,"85032D","",171,4675
85032,"85032D","damaged",-1,4675
85032,"85032D","YULETIDE IMAGES GIFT WRAP SET",1181,4675
85033,"85033G","",-52,417
85033,"85033G","SET/6 GOLD REINDEER T-LIGHT CANDLES",233,417
85033,"85033S","",-23,417
85033,"85033S","SET/6 SILVER REINDEER T-LIGHTS",259,417
85034,"85034a","3 GARDENIA MORRIS BOXED CANDLES",3,3292
85034,"85034A","3 GARDENIA MORRIS BOXED CANDLES",848,3292
85034,"85034A","check",24,3292
85034,"85034A","damaged",-81,3292
85034,"85034b","3 WHITE CHOC MORRIS BOXED CANDLES",1,3292
85034,"85034B","3 WHITE CHOC MORRIS BOXED CANDLES",1195,3292
85034,"85034C","3 ROSE MORRIS BOXED CANDLES",1302,3292
85035,"85035a","GARDENIA 3 WICK MORRIS BOXED CANDLE",4,2899
85035,"85035A","CHECK",-59,2899
85035,"85035A","GARDENIA 3 WICK MORRIS BOXED CANDLE",629,2899
85035,"85035b","CHOCOLATE 3 WICK MORRIS BOX CANDLE",6,2899
85035,"85035B","check",-36,2899
85035,"85035B","CHOCOLATE 3 WICK MORRIS BOX CANDLE",999,2899
85035,"85035c","ROSE 3 WICK MORRIS BOX CANDLE",3,2899
85035,"85035C","check",-24,2899
85035,"85035C","ROSE 3 WICK MORRIS BOX CANDLE",1377,2899
85036,"85036a","GARDENIA 1 WICK MORRIS BOXED CANDLE",2,-1001
85036,"85036A","",-82,-1001
85036,"85036A","GARDENIA 1 WICK MORRIS BOXED CANDLE",636,-1001
85036,"85036b","CHOCOLATE 1 WICK MORRIS BOX CANDLE",3,-1001
85036,"85036B","check",-23,-1001
85036,"85036B","CHOCOLATE 1 WICK MORRIS BOX CANDLE",606,-1001
85036,"85036B","damages wax",-1284,-1001
85036,"85036C","check",-4,-1001
85036,"85036C","damages wax",-1560,-1001
85036,"85036C","ROSE 1 WICK MORRIS BOXED CANDLE",705,-1001
85039,"85039a","SET/4 RED MINI ROSE CANDLE IN BOWL",67,3732
85039,"85039A","SET/4 RED MINI ROSE CANDLE IN BOWL",1463,3732
85039,"85039b","S/4 IVORY MINI ROSE CANDLE IN BOWL",4,3732
85039,"85039B","S/4 IVORY MINI ROSE CANDLE IN BOWL",1654,3732
85039,"85039C","S/4 BLACK MINI ROSE CANDLE IN BOWL",544,3732
85040,"85040a","S/4 PINK FLOWER CANDLES IN BOWL",51,4721
85040,"85040A","S/4 PINK FLOWER CANDLES IN BOWL",2046,4721
85040,"85040b","SET/4 BLUE FLOWER CANDLES IN BOWL",7,4721
85040,"85040B","",202,4721
85040,"85040B","SET/4 BLUE FLOWER CANDLES IN BOWL",2415,4721
85049,"85049a","TRADITIONAL CHRISTMAS RIBBONS",499,28551
85049,"85049A","TRADITIONAL CHRISTMAS RIBBONS",6286,28551
85049,"85049b","LUSH GREENS RIBBONS",4,28551
85049,"85049B","",-69,28551
85049,"85049B","Amazon",1,28551
85049,"85049B","LUSH GREENS RIBBONS",2136,28551
85049,"85049c","ROMANTIC PINKS RIBBONS ",1,28551
85049,"85049C","",-140,28551
85049,"85049C","ROMANTIC PINKS RIBBONS ",3012,28551
85049,"85049d","BRIGHT BLUES RIBBONS ",2,28551
85049,"85049D","",-26,28551
85049,"85049D","?",-100,28551
85049,"85049D","BRIGHT BLUES RIBBONS ",2378,28551
85049,"85049e","SCANDINAVIAN REDS RIBBONS",298,28551
85049,"85049E","SCANDINAVIAN REDS RIBBONS",6496,28551
85049,"85049F","",-130,28551
85049,"85049F","BABY BOOM RIBBONS ",2115,28551
85049,"85049g","CHOCOLATE BOX RIBBONS ",115,28551
85049,"85049G","",-260,28551
85049,"85049G","CHOCOLATE BOX RIBBONS ",3857,28551
85049,"85049H","URBAN BLACK RIBBONS ",2076,28551
85061,"85061W","",-391,6024
85061,"85061W","WHITE JEWELLED HEART DECORATION",6415,6024
85071,"85071A","BLUE CHARLIE+LOLA PERSONAL DOORSIGN",1762,6389
85071,"85071B","RED CHARLIE+LOLA PERSONAL DOORSIGN",2446,6389
85071,"85071C","CHARLIE+LOLAEXTREMELY BUSY SIGN",1291,6389
85071,"85071D","CHARLIE+LOLA MY ROOM DOOR SIGN",890,6389
85085,"85085A","",-30,-30
85086,"85086A","",-30,524
85086,"85086A","CANDY SPOT HEART DECORATION",587,524
85086,"85086B","",-33,524
85097,"85097B","",17,112
85097,"85097B","BLUE ROCKING SINGING CANARY",95,112
85098,"85098A","",1,292
85098,"85098B","",-26,292
85098,"85098B","BLUE FLYING SINGING CANARY",317,292
85099,"85099b","JUMBO BAG RED RETROSPOT",419,163177
85099,"85099B","JUMBO BAG RED RETROSPOT",77671,163177
85099,"85099B","JUMBO BAG RED WHITE SPOTTY ",14066,163177
85099,"85099B","missing",-1400,163177
85099,"85099B","RED RETROSPOT JUMBO BAG ",5402,163177
85099,"85099c","JUMBO  BAG BAROQUE BLACK WHITE",17,163177
85099,"85099C","JUMBO  BAG BAROQUE BLACK WHITE",30936,163177
85099,"85099f","JUMBO BAG STRAWBERRY",213,163177
85099,"85099F","",-991,163177
85099,"85099F","JUMBO BAG STRAWBERRY",36844,163177
85114,"85114a","BLACK ENCHANTED FOREST PLACEMAT",56,5046
85114,"85114A","BLACK ENCHANTED FOREST PLACEMAT",1410,5046
85114,"85114b","IVORY ENCHANTED FOREST PLACEMAT",56,5046
85114,"85114B","IVORY ENCHANTED FOREST PLACEMAT",2074,5046
85114,"85114c","RED ENCHANTED FOREST PLACEMAT",188,5046
85114,"85114C","",41,5046
85114,"85114C","RED ENCHANTED FOREST PLACEMAT",1221,5046
85115,"85115B","S/4 BLACK DISCO PARTITION PANEL",6,6
85121,"85121B","",-6,150
85121,"85121B","RETRO LAUNDRY TUB PINK",75,150
85121,"85121C","",-15,150
85121,"85121C","RETRO LAUNDRY TUB PISTACHIO",96,150
85123,"85123a","WHITE HANGING HEART T-LIGHT HOLDER",597,96664
85123,"85123A","?",4000,96664
85123,"85123A","21733 mixed",-192,96664
85123,"85123A","CREAM HANGING HEART T-LIGHT HOLDER",61,96664
85123,"85123A","WHITE HANGING HEART T-LIGHT HOLDER",92453,96664
85123,"85123A","wrongly marked carton 22804",-256,96664
85123,"85123b","ZINC HANGING HEART T-LITE HLDR",1,96664
85124,"85124a","PINK JUICY FRUIT PHOTO FRAME",10,1155
85124,"85124A","",2,1155
85124,"85124A","damaged",-26,1155
85124,"85124A","PINK JUICY FRUIT PHOTO FRAME",369,1155
85124,"85124b","BLUE JUICY FRUIT PHOTO FRAME",2,1155
85124,"85124B","BLUE JUICY FRUIT PHOTO FRAME",360,1155
85124,"85124c","GREEN JUICY FRUIT PHOTO FRAME",3,1155
85124,"85124C","",-8,1155
85124,"85124C","GREEN JUICY FRUIT PHOTO FRAME",443,1155
85129,"85129A","",-60,1726
85129,"85129A","WHITE PEARL BEADED HEART, SMALL",433,1726
85129,"85129B","",-20,1726
85129,"85129B","BEADED CRYSTAL HEART GREEN SMALL",254,1726
85129,"85129C","",-60,1726
85129,"85129C","BEADED CRYSTAL HEART BLUE SMALL",420,1726
85129,"85129D","",-40,1726
85129,"85129D","BEADED CRYSTAL HEART PINK SMALL",799,1726
85130,"85130A","",-113,3015
85130,"85130A","BEADED PEARL HEART WHITE LARGE",737,3015
85130,"85130B","BEADED CRYSTAL HEART GREEN LARGE",912,3015
85130,"85130C","BEADED CRYSTAL HEART BLUE  LARGE",684,3015
85130,"85130D","BEADED CRYSTAL HEART PINK LARGE",795,3015
85131,"85131A","BEADED PEARL HEART WHITE ON STICK",2069,4962
85131,"85131B","BEADED CRYSTAL HEART GREEN ON STICK",980,4962
85131,"85131C","BEADED CRYSTAL HEART BLUE ON STICK",447,4962
85131,"85131D","BEADED CRYSTAL HEART PINK ON STICK",1445,4962
85131,"85131D","BEADED CRYSTAL HEART PINK\ON STICK",21,4962
85132,"85132a","CHARLIE + LOLA BISCUITS TINS",12,4025
85132,"85132A","CHARLIE + LOLA BISCUITS TINS",1360,4025
85132,"85132A","damaged",-97,4025
85132,"85132b","CHARLIE AND LOLA TABLE TINS",10,4025
85132,"85132B","",-132,4025
85132,"85132B","CHARLIE AND LOLA TABLE TINS",920,4025
85132,"85132c","CHARLIE AND LOLA FIGURES TINS",4,4025
85132,"85132C","CHARLIE AND LOLA FIGURES TINS",2057,4025
85132,"85132C","damages",-109,4025
85135,"85135A","",-4,336
85135,"85135A","YELLOW DRAGONFLY HELICOPTER",92,336
85135,"85135B","",-119,336
85135,"85135B","BLUE DRAGONFLY HELICOPTER",172,336
85135,"85135B","check",3,336
85135,"85135B","Found",53,336
85135,"85135C","",-25,336
85135,"85135C","Damages",-49,336
85135,"85135C","found",36,336
85135,"85135C","RED DRAGONFLY HELICOPTER",177,336
85136,"85136A","damages",-77,222
85136,"85136A","YELLOW SHARK HELICOPTER",155,222
85136,"85136B","",-53,222
85136,"85136B","BLUE SHARK HELICOPTER",58,222
85136,"85136C","damages",-36,222
85136,"85136C","RED SHARK HELICOPTER",175,222
85159,"85159A","BLACK TEA,COFFEE,SUGAR JARS",451,1072
85159,"85159b","WHITE TEA,COFFEE,SUGAR JARS",1,1072
85159,"85159B","WHITE TEA,COFFEE,SUGAR JARS",620,1072
85160,"85160a","WHITE BIRD GARDEN DESIGN MUG",8,8056
85160,"85160A","",218,8056
85160,"85160A","WHITE BIRD GARDEN DESIGN MUG",4496,8056
85160,"85160b","BLACK BIRD GARDEN DESIGN MUG",1,8056
85160,"85160B","",159,8056
85160,"85160B","BLACK BIRD GARDEN DESIGN MUG",3174,8056
85162,"85162A","?",-242,2196
85162,"85162A","SILVER RETRODISC LAMPSHADE",603,2196
85162,"85162B","",25,2196
85162,"85162B","BLACK RETRODISC LAMPSHADE",977,2196
85162,"85162C","",-71,2196
85162,"85162C","WHITE RETRODISC LAMPSHADE",904,2196
85163,"85163A","WHITE BAROQUE WALL CLOCK ",104,218
85163,"85163B","BLACK BAROQUE WALL CLOCK ",114,218
85164,"85164b","BLACK BAROQUE CUCKOO CLOCK",1,125
85164,"85164B","",-15,125
85164,"85164B","BLACK BAROQUE CUCKOO CLOCK",139,125
85166,"85166A","",-35,537
85166,"85166A","WHITE METAL BAROQUE PHOTO FRAME",76,537
85166,"85166B","",-14,537
85166,"85166B","BLACK METAL BAROQUE PHOTO FRAME",510,537
85167,"85167A","",-29,798
85167,"85167A","WHITE GRAND BAROQUE PHOTO FRAME",149,798
85167,"85167B","",-48,798
85167,"85167B","BLACK GRAND BAROQUE PHOTO FRAME",727,798
85167,"85167B","DAMAGED",-1,798
85168,"85168A","",-6,89
85168,"85168A","WHITE BAROQUE CARRIAGE CLOCK",22,89
85168,"85168B","BLACK BAROQUE CARRIAGE CLOCK",73,89
85169,"85169A","IVORY LOVE BIRD CANDLE",1272,2770
85169,"85169B","BLACK LOVE BIRD CANDLE",483,2770
85169,"85169C","EAU DE NIL LOVE BIRD CANDLE",494,2770
85169,"85169D","PINK LOVE BIRD CANDLE",521,2770
85170,"85170A","",-113,2257
85170,"85170A","SET/6 IVORY BIRD T-LIGHT CANDLES",817,2257
85170,"85170B","SET/6 BLACK BIRD T-LIGHT CANDLES",285,2257
85170,"85170C","SET/6 EAU DE NIL BIRD T-LIGHTS",548,2257
85170,"85170D","SET/6 PINK BIRD T-LIGHT CANDLES",720,2257
85179,"85179a","GREEN BITTY LIGHT CHAIN",2,501
85179,"85179A","GREEN BITTY LIGHT CHAIN",219,501
85179,"85179B","",-83,501
85179,"85179B","WHITE BITTY LIGHT CHAIN ",247,501
85179,"85179C","PINK BITTY LIGHT CHAIN",116,501
85180,"85180A","RED HEARTS LIGHT CHAIN ",614,979
85180,"85180B","PINK HEARTS LIGHT CHAIN ",365,979
85183,"85183A","CHARLIE & LOLA WASTEPAPER BIN BLUE",1503,3243
85183,"85183B","CHARLIE & LOLA WASTEPAPER BIN FLORA",1740,3243
85184,"85184A","",1,6407
85184,"85184B","",-8,6407
85184,"85184B","SET 4 EASTER DECOUPAGE OVAL BOXES",13,6407
85184,"85184c","S/4 VALENTINE DECOUPAGE HEART BOX",4,6407
85184,"85184c","SET 4 VALENTINE DECOUPAGE HEART BOX",2,6407
85184,"85184C","S/4 VALENTINE DECOUPAGE HEART BOX",2124,6407
85184,"85184C","SET 4 VALENTINE DECOUPAGE HEART BOX",172,6407
85184,"85184d","S/4 BLUE ROUND DECOUPAGE BOXES",1,6407
85184,"85184D","",-274,6407
85184,"85184D","S/4 BLUE ROUND DECOUPAGE BOXES",4372,6407
85185,"85185B","",153,790
85185,"85185B","?",-259,790
85185,"85185B","Found in w/hse",50,790
85185,"85185B","PINK HORSE SOCK PUPPET",584,790
85185,"85185B","PINK HORSE SOCK PUPPET KIT",43,790
85185,"85185C","",11,790
85185,"85185C","COW  SOCK PUPPET",58,790
85185,"85185D","",0,790
85185,"85185D","FROG SOCK PUPPET",199,790
85185,"85185D","stock take",-96,790
85185,"85185E","",-37,790
85185,"85185E","DUCK SOCK PUPPET",2,790
85185,"85185F","",45,790
85185,"85185F","LION SOCK PUPPET",37,790
85186,"85186A","EASTER BUNNY GARLAND OF FLOWERS",1536,2801
85186,"85186B","",-105,2801
85186,"85186B","BUNNY BUNCH OF FLOWERS",14,2801
85186,"85186C","BUNNY EGG GARLAND",1356,2801
85188,"85188A","GREEN METAL SWINGING BUNNY",918,1573
85188,"85188B","",-70,1573
85188,"85188B","PINK METAL SWINGING BUNNY",725,1573
85192,"85192S","",-63,-60
85192,"85192S","HANGING SPRING FLOWER HEART SMALL",3,-60
85193,"85193S","",-80,-80
85194,"85194L","HANGING SPRING FLOWER EGG LARGE",1787,3518
85194,"85194S","HANGING SPRING FLOWER EGG SMALL",1731,3518
85199,"85199L","?",-250,9400
85199,"85199L","LARGE HANGING IVORY & RED WOOD BIRD",3518,9400
85199,"85199S","SMALL HANGING IVORY/RED WOOD BIRD",6132,9400
85205,"85205A","",-19,288
85205,"85205A","IVORY FELT EASTER RABBIT GARLAND",66,288
85205,"85205B","PINK FELT EASTER RABBIT GARLAND",241,288
85206,"85206A","",-73,3774
85206,"85206A","CREAM FELT EASTER EGG BASKET",2348,3774
85206,"85206B","",-30,3774
85206,"85206B","PINK FELT EASTER EGG BASKET",1529,3774
85207,"85207B","",-7,-7
85226,"85226A","",-325,2223
85226,"85226A","WHITE/BLUE PULL BACK RACING CAR",1672,2223
85226,"85226B","",-125,2223
85226,"85226C","",10,2223
85226,"85226C","BLUE PULL BACK RACING CAR",991,2223
85230,"85230A","OPIUM SCENTED VOTIVE CANDLE",1992,10783
85230,"85230B","",-168,10783
85230,"85230B","CINNAMON SCENTED VOTIVE CANDLE",2216,10783
85230,"85230C","",24,10783
85230,"85230C","ROSE SCENTED VOTIVE CANDLE",24,10783
85230,"85230D","",24,10783
85230,"85230D","VANILLA SCENTED VOTIVE CANDLE",24,10783
85230,"85230E","",-178,10783
85230,"85230E","Damaged",-48,10783
85230,"85230E","STRAWBRY SCENTED VOTIVE CANDLE",2445,10783
85230,"85230F","",-222,10783
85230,"85230F","JASMINE VOTIVE CANDLE",2970,10783
85230,"85230G","ORANGE VOTIVE CANDLE",1680,10783
85231,"85231A","",-60,4693
85231,"85231b","CINAMMON SET OF 9 T-LIGHTS",4,4693
85231,"85231B","CINAMMON SET OF 9 T-LIGHTS",2145,4693
85231,"85231D","",5,4693
85231,"85231e","STRAWBERRY SCENTED SET/9 T-LIGHTS",1,4693
85231,"85231E","",-231,4693
85231,"85231E","STRAWBERRY SCENTED SET/9 T-LIGHTS",824,4693
85231,"85231g","ORANGE SCENTED SET/9 T-LIGHTS",6,4693
85231,"85231G","amazon",1,4693
85231,"85231G","check",-110,4693
85231,"85231G","ORANGE SCENTED SET/9 T-LIGHTS",1474,4693
85231,"85231K","",-145,4693
85231,"85231L","",-264,4693
85231,"85231L","LAVENDER SCENTED SET/9 T-LIGHTS",1043,4693
85232,"85232a","SET/3 POLKA DOT STACKING TINS",2,3652
85232,"85232A","",-59,3652
85232,"85232A","SET/3 POLKA DOT STACKING TINS",238,3652
85232,"85232A","SET/3 POLKADOT STACKING TINS",106,3652
85232,"85232b","SET OF 3 BABUSHKA STACKING TINS",9,3652
85232,"85232b","SET/3 RUSSIAN DOLL STACKING TINS",16,3652
85232,"85232B","",74,3652
85232,"85232B","SET OF 3 BABUSHKA STACKING TINS",857,3652
85232,"85232B","SET/3 RUSSIAN DOLL STACKING TINS",1926,3652
85232,"85232B","wrong code",-258,3652
85232,"85232C","",2,3652
85232,"85232C","RUSSIAN FOLKART STACKING TINS",1,3652
85232,"85232d","SET/3 DECOUPAGE STACKING TINS",1,3652
85232,"85232D","",144,3652
85232,"85232D","mix up with c",-118,3652
85232,"85232D","SET/3 DECOUPAGE STACKING TINS",711,3652
90000,"90000A","RASPBERRY ANT COPPER FLOWER NECKLAC",33,105
90000,"90000B","",-6,105
90000,"90000B","MIDNIGHT BLUE COPPER FLOWER NECKLAC",29,105
90000,"90000C","",-7,105
90000,"90000C","OPAL WHITE/SILVER FLOWER NECKLACE",2,105
90000,"90000D","COPPER/OLIVE GREEN FLOWER NECKLACE",54,105
90001,"90001A","ANTIQUE RASPBERRY FLOWER EARRINGS",11,38
90001,"90001B","",-7,38
90001,"90001B","ANTIQUE MID BLUE FLOWER EARRINGS",12,38
90001,"90001C","",-11,38
90001,"90001C","ANTIQUE OPAL WHITE FLOWER EARRINGS",12,38
90001,"90001D","ANTIQUE OLIVE GREEN FLOWER EARRINGS",21,38
90002,"90002A","",39,214
90002,"90002A","FLOWER BURST SILVER RING OPAL",39,214
90002,"90002B","FLOWER BURST SILVER RING ROSE",22,214
90002,"90002C","",-24,214
90002,"90002C","FLOWER BURST SILVER RING MIDN'T BLU",31,214
90002,"90002D","",18,214
90002,"90002D","FLOWER BURST SILVER RING CRYSTAL",108,214
90002,"90002E","",-34,214
90002,"90002E","FLOWER BURST SILVER RING GREEN",15,214
90003,"90003B","",-8,151
90003,"90003B","ROSE COLOUR PAIR HEART HAIR SLIDES",38,151
90003,"90003C","",-6,151
90003,"90003C","MIDNIGHT BLUE PAIR HEART HAIR SLIDE",46,151
90003,"90003D","",-3,151
90003,"90003D","CRYSTAL PAIR HEART HAIR SLIDES",53,151
90003,"90003E","GREEN PAIR HEART HAIR SLIDES",31,151
90004,"90004A","",2,3
90004,"90004A","JADE GREEN PAIR ENAMEL HAIR SLIDES",1,3
90005,"90005A","",-161,-64
90005,"90005A","JADE GREEN ENAMEL HAIR COMB",108,-64
90005,"90005B","",-11,-64
90010,"90010A","",25,139
90010,"90010A","MIDNIGHT BLUE GLASS/SILVER BRACELET",44,139
90010,"90010B","",-50,139
90010,"90010B","BLACK/WHITE GLASS/SILVER BRACELET",64,139
90010,"90010E","AMBER GLASS/SILVER BRACELET",56,139
90011,"90011A","",-10,8
90011,"90011A","MIDNIGHT BLUE CRYSTAL DROP EARRINGS",15,8
90011,"90011B","",-32,8
90011,"90011B","BLACK CRYSTAL DROP EARRINGS",20,8
90011,"90011C","",4,8
90011,"90011C","GREEN CRYSTAL DROP EARRINGS",12,8
90011,"90011D","",-9,8
90011,"90011D","PURPLE CRYSTAL DROP EARRINGS",5,8
90011,"90011E","",-5,8
90011,"90011E","AMBER CRYSTAL DROP EARRINGS",8,8
90012,"90012A","MIDNIGHT BLUE DROP CRYSTAL NECKLACE",13,7
90012,"90012A","stock check",-18,7
90012,"90012B","BLACK DROP CRYSTAL NECKLACE",17,7
90012,"90012B","check",-5,7
90013,"90013A","",-5,335
90013,"90013A","MIDNIGHT BLUE VINTAGE EARRINGS",110,335
90013,"90013B","BLACK VINTAGE EARRINGS",108,335
90013,"90013C","GREEN VINTAGE EARRINGS ",91,335
90013,"90013D","",-12,335
90013,"90013D","PURPLE VINTAGE EARRINGS",46,335
90013,"90013E","",-5,335
90013,"90013E","AMBER VINTAGE EARRINGS ",2,335
90014,"90014A","check",-12,99
90014,"90014A","SILVER M.O.P. ORBIT NECKLACE",11,99
90014,"90014A","SILVER/MOP ORBIT NECKLACE",44,99
90014,"90014B","",-1,99
90014,"90014B","GOLD M PEARL  ORBIT NECKLACE",34,99
90014,"90014B","GOLD M.O.P. ORBIT NECKLACE",2,99
90014,"90014C","",-8,99
90014,"90014C","SILVER AND BLACK ORBIT NECKLACE",2,99
90014,"90014C","SILVER/BLACK ORBIT NECKLACE",27,99
90016,"90016A","SILVER/M.O.P PENDANT ORBIT NECKLACE",29,83
90016,"90016B","GOLD/M.O.P PENDANT ORBIT NECKLACE",37,83
90016,"90016C","SILVER/BLACK PENDANT ORBIT NECKLACE",17,83
90018,"90018A","SILVER M.O.P ORBIT DROP EARRINGS",78,122
90018,"90018B","GOLD M.O.P ORBIT DROP EARRINGS",41,122
90018,"90018C","",-24,122
90018,"90018C","SILVER BLACK ORBIT DROP EARRINGS",27,122
90019,"90019A","SILVER M.O.P ORBIT BRACELET",70,119
90019,"90019B","GOLD M.O.P ORBIT BRACELET",33,119
90019,"90019C","",-26,119
90019,"90019C","SILVER BLACK ORBIT BRACELET",42,119
90024,"90024A","",-4,76
90024,"90024A","NEW BAROQUE B'FLY NECKLACE BLACK",5,76
90024,"90024B","NEW BAROQUE B'FLY NECKLACE RED",24,76
90024,"90024C","NEW BAROQUE B'FLY NECKLACE GREEN",12,76
90024,"90024D","NEW BAROQUE B'FLY NECKLACE PINK",15,76
90024,"90024E","NEW BAROQUE B'FLY NECKLACE MONTANA",16,76
90024,"90024F","NEW BAROQUE B'FLY NECKLACE CRYSTAL",8,76
90025,"90025A","",-6,-55
90025,"90025A","BAROQUE BUTTERFLY EARRINGS BLACK",2,-55
90025,"90025B","",-42,-55
90025,"90025B","BAROQUE BUTTERFLY EARRINGS RED",3,-55
90025,"90025C","",-23,-55
90025,"90025C","BAROQUE BUTTERFLY EARRINGS GREEN",6,-55
90025,"90025D","",-15,-55
90025,"90025D","BAROQUE BUTTERFLY EARRINGS PINK",5,-55
90025,"90025E","BAROQUE BUTTERFLY EARRINGS MONTANA",7,-55
90025,"90025F","BAROQUE BUTTERFLY EARRINGS CRYSTAL",8,-55
90026,"90026A","",-29,5
90026,"90026A","GLASS BEAD HOOP NECKLACE BLACK",11,5
90026,"90026B","GLASS BEAD HOOP NECKLACE MONTANA",8,5
90026,"90026C","GLASS BEAD HOOP NECKLACE GREEN",8,5
90026,"90026D","",-3,5
90026,"90026D","GLASS BEAD HOOP NECKLACE AMETHYST",10,5
90027,"90027A","",-37,14
90027,"90027A","GLASS BEAD HOOP EARRINGS BLACK",10,14
90027,"90027B","GLASS BEAD HOOP EARRINGS MONTANA",13,14
90027,"90027C","GLASS BEAD HOOP EARRINGS GREEN",14,14
90027,"90027D","",-9,14
90027,"90027D","GLASS BEAD HOOP EARRINGS AMETHYST",23,14
90030,"90030A","SPOTTED WHITE NATURAL SEED NECKLACE",79,307
90030,"90030B","RED KUKUI COCONUT SEED NECKLACE",140,307
90030,"90030C","BROWN KUKUI COCONUT SEED NECKLACE",88,307
90035,"90035A","",-9,56
90035,"90035A","PEARL & SHELL 42NECKL. GREEN",24,56
90035,"90035B","",-6,56
90035,"90035B","PEARL & SHELL 42NECKL. PINK",43,56
90035,"90035C","",-24,56
90035,"90035C","PEARL & SHELL 42NECKL. IVORY",28,56
90036,"90036A","FLOWER GARLAND NECKLACE RED",27,184
90036,"90036B","",8,184
90036,"90036B","FLOWER GLASS GARLAND NECKL.36GREEN",18,184
90036,"90036C","FLOWER GLASS GARLAND NECKL.36BLUE",31,184
90036,"90036D","FLOWER GLASS GARLAND NECKL.36BLACK",39,184
90036,"90036E","",-10,184
90036,"90036E","FLOWER GLASS GARLD NECKL36AMETHYST",45,184
90036,"90036F","FLOWER GLASS GARLD NECKL36TURQUOIS",26,184
90037,"90037A","TINY CRYSTAL BRACELET RED",26,-36
90037,"90037B","TINY CRYSTAL BRACELET GREEN",28,-36
90037,"90037C","TINY CRYSTAL BRACELET BLUE",27,-36
90037,"90037D","",-131,-36
90037,"90037D","TINY CRYSTALS BRACELET BLACK",14,-36
90038,"90038A","GLASS AND PAINTED BEADS BRACELET TO",36,57
90038,"90038B","",-19,57
90038,"90038B","GLASS AND PAINTED BEADS BRACELET OL",21,57
90038,"90038C","GLASS AND BEADS BRACELET IVORY",19,57
90039,"90039A","FIRE POLISHED GLASS BRACELET RED",10,100
90039,"90039B","FIRE POLISHED GLASS BRACELET MONTAN",22,100
90039,"90039C","FIRE POLISHED GLASS BRACELET BLACK",24,100
90039,"90039D","FIRE POLISHED GLASS BRACELET GREEN",44,100
90040,"90040A","",-6,173
90040,"90040A","MURANO STYLE GLASS BRACELET RED",50,173
90040,"90040B","",-8,173
90040,"90040B","MURANO STYLE GLASS BRACELET BLACK",73,173
90040,"90040C","MURANO STYLE GLASS BRACELET GOLD",39,173
90040,"90040D","",-16,173
90040,"90040D","MURANO STYLE GLASS BRACELET PINK",41,173
90042,"90042A","",-10,192
90042,"90042A","FRESHWATER PEARL BRACELET GOLD",63,192
90042,"90042B","",-6,192
90042,"90042B","FRESHWATER PEARL BRACELET PINK",17,192
90042,"90042C","",69,192
90042,"90042C","FRESHWATER PEARL BRACELET IVORY",59,192
90058,"90058A","CRYSTAL STUD EARRINGS CLEAR DISPLAY",540,1622
90058,"90058B","CRYSTAL STUD EARRINGS ASSORTED COL ",1082,1622
90059,"90059A","DIAMANTE HAIR GRIP PACK/2 CRYSTAL",90,303
90059,"90059B","DIAMANTE HAIR GRIP PACK/2 BLACK DIA",25,303
90059,"90059C","DIAMANTE HAIR GRIP PACK/2 MONTANA",36,303
90059,"90059D","DIAMANTE HAIR GRIP PACK/2 PERIDOT",59,303
90059,"90059E","DIAMANTE HAIR GRIP PACK/2 RUBY",51,303
90059,"90059F","DIAMANTE HAIR GRIP PACK/2 LT ROSE",42,303
90060,"90060B","",-5,118
90060,"90060B","FIRE POLISHED GLASS NECKL GOLD",7,118
90060,"90060C","",-4,118
90060,"90060C","FIRE POLISHED GLASS NECKL SILVER",7,118
90060,"90060D","",70,118
90060,"90060D","FIRE POLISHED GLASS NECKL BRONZE",13,118
90060,"90060F","FIRE POLISHED GLASS NECKL GREEN",30,118
90063,"90063A","WHITE VINT ART DECO CRYSTAL NECKLAC",21,41
90063,"90063B","BLACK VINT ART DEC CRYSTAL NECKLACE",20,41
90064,"90064A","WHITE VINTAGE CRYSTAL EARRINGS",20,40
90064,"90064B","BLACK VINTAGE  CRYSTAL EARRINGS",20,40
90065,"90065A","",-32,-6
90065,"90065A","WHITE VINTAGE CRYSTAL BRACELET",27,-6
90065,"90065B","",-25,-6
90065,"90065B","BLACK VINT ART DEC CRYSTAL BRACELET",24,-6
90066,"90066A","",-1,4
90066,"90066A","PINK VINTAGE VICTORIAN CHOKER",5,4
90067,"90067A","PINK VINTAGE VICTORIAN EARRINGS",33,49
90067,"90067B","BROWN VINTAGE VICTORIAN EARRINGS",16,49
90081,"90081A","",-8,161
90081,"90081A","LILY BROOCH AMETHYST COLOUR",51,161
90081,"90081B","",60,161
90081,"90081B","LILY BROOCH WHITE/SILVER COLOUR",7,161
90081,"90081C","LILY BROOCH OLIVE COLOUR",51,161
90082,"90082A","DIAMANTE BOW BROOCH GREEN COLOUR",60,217
90082,"90082B","",-8,217
90082,"90082B","DIAMANTE BOW BROOCH RED COLOUR",68,217
90082,"90082C","",4,217
90082,"90082C","DIAMANTE BOW BROOCH WHITE COLOUR",3,217
90082,"90082D","",-19,217
90082,"90082D","DIAMANTE BOW BROOCH BLACK COLOUR",109,217
90120,"90120A","",-12,417
90120,"90120A","PINK MURANO TWIST BRACELET",94,417
90120,"90120B","BLUE MURANO TWIST BRACELET",108,417
90120,"90120C","GREEN MURANO TWIST BRACELET",111,417
90120,"90120D","",-18,417
90120,"90120D","WHITE MURANO TWIST BRACELET",134,417
90121,"90121A","",1,24
90121,"90121B","",7,24
90121,"90121B","VINTAGE ROSE BEAD BRACELET BLUE",16,24
90122,"90122A","PINK CRYSTAL+GLASS BRACELET",56,156
90122,"90122B","JADE CRYSTAL+GLASS BRACELET",46,156
90122,"90122C","TURQUOISE CRYSTAL+GLASS BRACELET",54,156
90123,"90123A","PINK HEART OF GLASS BRACELET",37,121
90123,"90123B","TURQUOISE HEART OF GLASS BRACELET",28,121
90123,"90123C","GREEN HEART OF GLASS BRACELET",27,121
90123,"90123D","WHITE HEART OF GLASS BRACELET",29,121
90124,"90124A","PINK MURANO TWIST NECKLACE",30,92
90124,"90124B","BLUE MURANO TWIST NECKLACE",40,92
90124,"90124C","GREEN MURANO TWIST NECKLACE",22,92
90125,"90125A","PINK BERTIE GLASS BEAD BAG CHARM",137,427
90125,"90125B","AQUA BERTIE GLASS BEAD BAG CHARM",44,427
90125,"90125C","TURQUOISE BERTIE GLASS BEAD CHARM",92,427
90125,"90125D","PURPLE BERTIE GLASS BEAD BAG CHARM",136,427
90125,"90125E","AMBER BERTIE GLASS BEAD BAG CHARM",18,427
90126,"90126A","PINK BERTIE MOBILE PHONE CHARM",20,44
90126,"90126B","BLUE BERTIE MOBILE PHONE CHARM",3,44
90126,"90126C","AMBER BERTIE MOBILE PHONE CHARM",21,44
90127,"90127A","PINK BEADS+HAND PHONE CHARM",14,16
90127,"90127B","BLUE BEADS+HAND PHONE CHARM",2,16
90128,"90128A","",14,77
90128,"90128A","PINK LEAVES AND BEADS PHONE CHARM",34,77
90128,"90128B","",21,77
90128,"90128B","BLUE LEAVES AND BEADS PHONE CHARM",20,77
90128,"90128C","",-27,77
90128,"90128C","GREEN LEAVES AND BEADS PHONE CHARM",18,77
90128,"90128D","",-17,77
90128,"90128D","PURPLE LEAVES AND BEADS PHONE CHAR",14,77
90129,"90129A","PINK GLASS TASSLE BAG CHARM ",156,705
90129,"90129B","TURQUOISE GLASS TASSLE BAG CHARM ",150,705
90129,"90129C","GREEN GLASS TASSLE BAG CHARM",110,705
90129,"90129D","AMBER GLASS TASSLE BAG CHARM",69,705
90129,"90129E","PURPLE GLASS TASSLE BAG CHARM",133,705
90129,"90129F","RED GLASS TASSLE BAG CHARM",87,705
90130,"90130A","WHITE STONE/CRYSTAL EARRINGS",28,133
90130,"90130B","TURQ STONE/CRYSTAL EARRINGS",66,133
90130,"90130C","GREEN STONE/CRYSTAL EARRINGS",26,133
90130,"90130D","RED STONE/CRYSTAL EARRINGS",13,133
90135,"90135A","ORANGE/FUSCHIA STONES NECKLACE",11,11
90141,"90141A","GREEN PENDANT TRIPLE SHELL NECKLACE",21,68
90141,"90141B","IVORY PENDANT TRIPLE SHELL NECKLACE",14,68
90141,"90141C","TURQ PENDANT TRIPLE SHELL NECKLACE",16,68
90141,"90141D","ROSE PENDANT TRIPLE SHELL NECKLACE",7,68
90141,"90141E","ORANGE PENDANT TRIPLE SHELL NECKLAC",10,68
90142,"90142A","GREEN PENDANT SHELL NECKLACE",5,18
90142,"90142B","IVORY PENDANT SHELL NECKLACE",1,18
90142,"90142C","ROSE PINK PENDANT SHELL NECKLACE",1,18
90142,"90142D","MOP PENDANT SHELL NECKLACE",11,18
90152,"90152A","SILVER/NAT SHELL NECKLACE W PENDANT",7,21
90152,"90152B","BLUE/GREEN SHELL NECKLACE W PENDANT",7,21
90152,"90152C","BLUE/NAT SHELL NECKLACE W PENDANT",7,21
90160,"90160A","PURPLE BOUDICCA LARGE BRACELET",45,289
90160,"90160B","RED BOUDICCA LARGE BRACELET",71,289
90160,"90160C","TURQ+RED BOUDICCA LARGE BRACELET",98,289
90160,"90160D","PINK BOUDICCA LARGE BRACELET",75,289
90161,"90161A","ANT COPPER RED BOUDICCA BRACELET",73,536
90161,"90161B","ANT COPPER TURQ BOUDICCA BRACELET",152,536
90161,"90161C","ANT COPPER LIME BOUDICCA BRACELET",170,536
90161,"90161D","ANT COPPER PINK BOUDICCA BRACELET",141,536
90162,"90162A","",11,168
90162,"90162A","ANT SILVER TURQUOISE BOUDICCA RING",30,168
90162,"90162B","ANT SILVER LIME GREEN BOUDICCA RING",55,168
90162,"90162C","ANT SILVER FUSCHIA BOUDICCA RING",42,168
90162,"90162D","ANT SILVER PURPLE BOUDICCA RING",30,168
90163,"90163A","PINK ROSEBUD & PEARL NECKLACE",37,50
90163,"90163B","WHITE ROSEBUD & PEARL NECKLACE",13,50
90164,"90164A","",-15,78
90164,"90164A","PINK ROSEBUD PEARL BRACELET",40,78
90164,"90164B","",-14,78
90164,"90164B","WHITE  ROSEBUD PEARL BRACELET",67,78
90165,"90165A","PINK ROSEBUD PEARL EARRINGS",42,94
90165,"90165B","WHITE ROSEBUD  PEARL EARRINGS",52,94
90175,"90175A","WHITE GLASS CHUNKY CHARM BRACELET",100,234
90175,"90175B","PINK GLASS CHUNKY CHARM BRACELET",35,234
90175,"90175C","BLUE GLASS CHUNKY CHARM BRACELET",39,234
90175,"90175D","TIGRIS EYE CHUNKY CHARM BRACELET",60,234
90176,"90176A","CLASSIC DIAMANTE NECKLACE JET",9,36
90176,"90176B","DIAMANTE NECKLACE BLACK ",5,36
90176,"90176C","DIAMANTE NECKLACE",8,36
90176,"90176D","DIAMANTE NECKLACE PURPLE",10,36
90176,"90176E","DIAMANTE NECKLACE GREEN",4,36
90177,"90177A","CLASSIC DIAMANTE EARRINGS JET",13,143
90177,"90177B","DROP DIAMANTE EARRINGS BLACK DIAMON",31,143
90177,"90177C","DROP DIAMANTE EARRINGS CRYSTAL",34,143
90177,"90177D","DROP DIAMANTE EARRINGS PURPLE",42,143
90177,"90177E","DROP DIAMANTE EARRINGS GREEN",23,143
90178,"90178A","AMBER CHUNKY GLASS+BEAD NECKLACE",30,46
90178,"90178B","PURPLE CHUNKY GLASS+BEAD NECKLACE",16,46
90179,"90179A","AMBER FINE BEAD NECKLACE W TASSEL",12,42
90179,"90179B","PURPLE FINE BEAD NECKLACE W TASSEL",11,42
90179,"90179C","BLACK FINE BEAD NECKLACE W TASSEL",19,42
90180,"90180A","BLACK+WHITE NECKLACE W TASSEL",44,30
90180,"90180A","stock check",-32,30
90180,"90180B","PURPLE AMETHYST NECKLACE W TASSEL",18,30
90181,"90181A","AMBER GLASS/SHELL/PEARL NECKLACE",14,46
90181,"90181B","AMETHYST GLASS/SHELL/PEARL NECKLACE",27,46
90181,"90181C","BLACK GLASS/SHELL/PEARL NECKLACE",5,46
90182,"90182A","AMBER 3 BEAD DROP EARRINGS",9,28
90182,"90182B","AMETHYST 3 BEAD DROP EARRINGS",6,28
90182,"90182C","BLACK 3 BEAD DROP EARRINGS",13,28
90183,"90183A","AMBER DROP EARRINGS W LONG BEADS",48,91
90183,"90183B","AMETHYST DROP EARRINGS W LONG BEADS",29,91
90183,"90183c","BLACK DROP EARRINGS W LONG BEADS",1,91
90183,"90183C","BLACK DROP EARRINGS W LONG BEADS",13,91
90184,"90184A","AMBER CHUNKY BEAD BRACELET W STRAP",47,194
90184,"90184B","AMETHYST CHUNKY BEAD BRACELET W STR",71,194
90184,"90184c","BLACK CHUNKY BEAD BRACELET W STRAP",1,194
90184,"90184C","BLACK CHUNKY BEAD BRACELET W STRAP",75,194
90185,"90185A","",-19,82
90185,"90185A","AMBER DIAMANTE EXPANDABLE RING",43,82
90185,"90185B","",-46,82
90185,"90185B","AMETHYST DIAMANTE EXPANDABLE RING",49,82
90185,"90185C","",-5,82
90185,"90185C","BLACK DIAMANTE EXPANDABLE RING",39,82
90185,"90185D","",-48,82
90185,"90185D","CRYSTAL DIAMANTE EXPANDABLE RING",69,82
90186,"90186A","AMETHYST HOOP EARRING FLORAL LEAF",77,135
90186,"90186B","CRYSTAL HOOP EARRING FLORAL LEAF",58,135
90187,"90187A","",-8,22
90187,"90187A","BLUE DROP EARRINGS W BEAD CLUSTER",8,22
90187,"90187B","GREEN DROP EARRINGS W BEAD CLUSTER",22,22
90189,"90189A","SILVER 2 STRAND NECKLACE-LEAF CHARM",11,14
90189,"90189B","GOLD 2 STRAND NECKLACE-LEAF CHARMS",3,14
90190,"90190A","SILVER/CRYSTAL DROP EARRINGS W LEAF",44,29
90190,"90190B","",-118,29
90190,"90190B","GOLD/AMBER DROP EARRINGS W LEAF",45,29
90190,"90190C","SILVER/AMETHYST DROP EARRINGS LEAF",58,29
90195,"90195A","check",-45,83
90195,"90195A","PURPLE GEMSTONE BRACELET",70,83
90195,"90195B","BLACK GEMSTONE BRACELET",58,83
90196,"90196A","",-13,30
90196,"90196A","PURPLE GEMSTONE NECKLACE 45CM",23,30
90196,"90196B","BLACK GEMSTONE NECKLACE 45CM",20,30
90197,"90197A","",-2,50
90197,"90197B","BLACK GLASS BRACELET W HEART CHARMS",64,50
90197,"90197C","",-11,50
90197,"90197D","",-10,50
90197,"90197D","AMBER GLASS BRACELET HEART CHARMS",9,50
90198,"90198A","VINTAGE ROSE BEAD BRACELET RASPBERR",146,252
90198,"90198B","VINTAGE ROSE BEAD BRACELET BLACK",106,252
90199,"90199A","5 STRAND GLASS NECKLACE BLACK",24,181
90199,"90199B","",-6,181
90199,"90199B","5 STRAND GLASS NECKLACE AMETHYST",37,181
90199,"90199C","5 STRAND GLASS NECKLACE CRYSTAL",104,181
90199,"90199D","5 STRAND GLASS NECKLACE AMBER",22,181
90200,"90200A","PURPLE SWEETHEART BRACELET",181,1074
90200,"90200B","BLACK SWEETHEART BRACELET",182,1074
90200,"90200C","",-29,1074
90200,"90200C","BLUE SWEETHEART BRACELET",207,1074
90200,"90200D","PINK SWEETHEART BRACELET",335,1074
90200,"90200E","GREEN SWEETHEART BRACELET",198,1074
90201,"90201A","PURPLE ENAMEL FLOWER RING",126,516
90201,"90201B","BLACK ENAMEL FLOWER RING",143,516
90201,"90201C","RED ENAMEL FLOWER RING",113,516
90201,"90201D","GREEN ENAMEL FLOWER RING",134,516
90202,"90202A","PURPLE ENAMEL FLOWER HAIR TIE",25,111
90202,"90202B","WHITE ENAMEL FLOWER HAIR TIE",18,111
90202,"90202C","GREEN ENAMEL FLOWER HAIR TIE",26,111
90202,"90202D","PINK ENAMEL FLOWER HAIR TIE",42,111
90205,"90205A","LARGE MINT DIAMANTE HAIRSLIDE",42,120
90205,"90205C","LARGE CRYSTAL DIAMANTE HAIRSLIDE",78,120
90206,"90206A","GOLD DIAMANTE STAR BROOCH",16,98
90206,"90206C","CRYSTAL DIAMANTE STAR BROOCH",82,98
90209,"90209A","PURPLE ENAMEL+GLASS HAIR COMB",164,880
90209,"90209B","",1,880
90209,"90209B","GREEN ENAMEL+GLASS HAIR COMB",390,880
90209,"90209C","",-71,880
90209,"90209C","PINK ENAMEL+GLASS HAIR COMB",396,880
90210,"90210A","GREY ACRYLIC FACETED BANGLE",89,419
90210,"90210B","CLEAR ACRYLIC FACETED BANGLE",106,419
90210,"90210C","",-10,419
90210,"90210C","RED   ACRYLIC FACETED BANGLE",119,419
90210,"90210D","check",-28,419
90210,"90210D","PURPLE ACRYLIC FACETED BANGLE",143,419
90211,"90211A","DIAMOND LAS VEGAS NECKLACE 45CM",31,68
90211,"90211B","JET BLACK LAS VEGAS NECKLACE 45CM",37,68
90212,"90212B","JET BLACK LAS VEGAS BRACELET ROUND",41,69
90212,"90212C","",10,69
90212,"90212C","PURPLE LAS VEGAS BRACELET ROUND",18,69
90214,"90214A","LETTER A BLING KEY RING",213,2334
90214,"90214B","LETTER B BLING KEY RING",80,2334
90214,"90214C","LETTER C BLING KEY RING",170,2334
90214,"90214D","LETTER D BLING KEY RING",103,2334
90214,"90214E","LETTER E BLING KEY RING",142,2334
90214,"90214F","LETTER F BLING KEY RING",47,2334
90214,"90214G","LETTER G BLING KEY RING",97,2334
90214,"90214H","LETTER H BLING KEY RING",88,2334
90214,"90214I","LETTER I BLING KEY RING",58,2334
90214,"90214J","LETTER J BLING KEY RING",156,2334
90214,"90214K","LETTER K BLING KEY RING",157,2334
90214,"90214L","LETTER L BLING KEY RING",171,2334
90214,"90214M","LETTER M BLING KEY RING",146,2334
90214,"90214N","LETTER N BLING KEY RING",82,2334
90214,"90214O","LETTER O BLING KEY RING",37,2334
90214,"90214P","LETTER P BLING KEY RING",74,2334
90214,"90214R","LETTER R BLING KEY RING",97,2334
90214,"90214S","LETTER S BLING KEY RING",185,2334
90214,"90214T","LETTER T BLING KEY RING",57,2334
90214,"90214U","LETTER U BLING KEY RING",13,2334
90214,"90214V","LETTER V BLING KEY RING",41,2334
90214,"90214W","LETTER W BLING KEY RING",19,2334
90214,"90214Y","LETTER Y BLING KEY RING",69,2334
90214,"90214Z","LETTER Z BLING KEY RING",32,2334
