"invoice_no","stock_code","description","quantity","unit_price","customer_id","invoice_date"
"489521","21646","",-50,0.00,"","2009-12-01 11:44:00"
"489655","20683","",-44,0.00,"","2009-12-01 17:26:00"
"489806","18010","",-770,0.00,"","2009-12-02 12:42:00"
"489821","85049G","",-240,0.00,"","2009-12-02 13:25:00"
"489901","21098","",-200,0.00,"","2009-12-03 09:47:00"
"490016","21982","",-1012,0.00,"","2009-12-03 12:30:00"
"490055","20620","",-25,0.00,"","2009-12-03 13:22:00"
"490084","85064","",-89,0.00,"","2009-12-03 15:37:00"
"490146","21558","",-169,0.00,"","2009-12-04 09:29:00"
"490165","21493","",-106,0.00,"","2009-12-04 11:32:00"
"490354","21489","",-23,0.00,"","2009-12-04 16:39:00"
"490379","21490","",-44,0.00,"","2009-12-05 13:26:00"
"490384","84721","",-42,0.00,"","2009-12-05 14:00:00"
"490540","37446","",-725,0.00,"","2009-12-07 09:24:00"
"490713","84347","",-20,0.00,"","2009-12-07 15:26:00"
"490715","22158","",-30,0.00,"","2009-12-07 15:27:00"
"490735","35976B","",-60,0.00,"","2009-12-07 17:12:00"
"490736","35983","",-200,0.00,"","2009-12-07 17:13:00"
"490975","15059A","",-126,0.00,"","2009-12-08 16:41:00"
"490976","84571","",-120,0.00,"","2009-12-08 16:42:00"
"491046","20987","",-100,0.00,"","2009-12-09 10:03:00"
"491047","21982","",-50,0.00,"","2009-12-09 10:04:00"
"491066","35949","",-67,0.00,"","2009-12-09 12:17:00"
"491108","84922","",-360,0.00,"","2009-12-09 14:29:00"
"491128","21490","",-20,0.00,"","2009-12-09 16:00:00"
"491137","21489","",-8,0.00,"","2009-12-09 16:25:00"
"491141","22174","",-58,0.00,"","2009-12-09 16:43:00"
"491167","17013A","",-45,0.00,"","2009-12-10 11:09:00"
"491206","84841","",-54,0.00,"","2009-12-10 14:10:00"
"491355","17014C","",-96,0.00,"","2009-12-10 15:52:00"
"491451","20940","",-46,0.00,"","2009-12-11 11:09:00"
"491638","21353","",-136,0.00,"","2009-12-11 15:59:00"
"491639","20668","",-1395,0.00,"","2009-12-11 16:02:00"
"491817","72487","",-322,0.00,"","2009-12-14 13:37:00"
"491974","72752B","",-21,0.00,"","2009-12-14 18:44:00"
"491975","72752C","",-24,0.00,"","2009-12-14 18:44:00"
"491973","72752A","",-18,0.00,"","2009-12-14 18:44:00"
"491978","72755C","",-60,0.00,"","2009-12-14 18:45:00"
"491977","72755B","",-23,0.00,"","2009-12-14 18:45:00"
"491976","72752D","",-46,0.00,"","2009-12-14 18:45:00"
"492000","21719","",-81,0.00,"","2009-12-15 11:22:00"
"492001","21724","",-99,0.00,"","2009-12-15 11:22:00"
"492002","10138","",-36,0.00,"","2009-12-15 11:23:00"
"492006","71477","",-100,0.00,"","2009-12-15 11:25:00"
"492105","22113","",-100,0.00,"","2009-12-15 14:07:00"
"492171","22170","",-30,0.00,"","2009-12-15 14:53:00"
"492182","20870","",-29,0.00,"","2009-12-15 15:41:00"
"492183","20879","",-46,0.00,"","2009-12-15 15:42:00"
"492215","16169D","",-150,0.00,"","2009-12-15 17:19:00"
"492217","35815B","",-10,0.00,"","2009-12-15 17:28:00"
"492219","46775B","",-17,0.00,"","2009-12-15 17:44:00"
"492365","17011C","",-47,0.00,"","2009-12-16 13:56:00"
"492364","17011E","",-39,0.00,"","2009-12-16 13:56:00"
"492366","17013B","",-45,0.00,"","2009-12-16 13:57:00"
"492464","22187","",-96,0.00,"","2009-12-17 11:33:00"
"492523","72756","",-396,0.00,"","2009-12-17 12:30:00"
"492595","21543","",-152,0.00,"","2009-12-17 15:53:00"
"492748","47504J","",-70,0.00,"","2009-12-18 13:09:00"
"492786","46000M","",-60,0.00,"","2009-12-18 17:45:00"
"492791","84029G","",-30,0.00,"","2009-12-18 17:47:00"
"493093","21479","",-91,0.00,"","2009-12-22 10:55:00"
"493201","20884","",-5,0.00,"","2009-12-22 13:23:00"
"493226","84558B","",-2,0.00,"","2009-12-22 13:43:00"
"493229","37399","",-113,0.00,"","2009-12-22 13:44:00"
"493232","16258B","",-207,0.00,"","2009-12-22 13:44:00"
"493237","16161C","",-632,0.00,"","2009-12-22 13:46:00"
"493328","37492A","",-38,0.00,"","2009-12-23 09:44:00"
"493327","84705B","",-11,0.00,"","2009-12-23 09:44:00"
"493370","35004S","",-292,0.00,"","2009-12-23 10:29:00"
"493405","37452B","",-15,0.00,"","2009-12-23 16:01:00"
"493406","37452A","",-25,0.00,"","2009-12-23 16:02:00"
"493494","21231","",-84,0.00,"","2010-01-04 14:56:00"
"493567","72754D","",-104,0.00,"","2010-01-05 09:16:00"
"493668","72740A","",-43,0.00,"","2010-01-05 12:16:00"
"493669","85166A","",-36,0.00,"","2010-01-05 12:17:00"
"493698","21981","",-200,0.00,"","2010-01-05 13:42:00"
"493845","84718","",-95,0.00,"","2010-01-07 15:02:00"
"493858","20753","",-260,0.00,"","2010-01-07 16:12:00"
"493879","21322","",-17,0.00,"","2010-01-08 09:20:00"
"493928","21649","",-18,0.00,"","2010-01-08 11:53:00"
"494025","21779","",-2,0.00,"","2010-01-11 10:11:00"
"494031","82484","",-6,0.00,"","2010-01-11 10:39:00"
"494038","84671B","",-2,0.00,"","2010-01-11 11:49:00"
"494039","20913","",-159,0.00,"","2010-01-11 11:51:00"
"494114","21502","",-275,0.00,"","2010-01-11 12:30:00"
"494152","21914","",-71,0.00,"","2010-01-11 15:07:00"
"494155","21118","",-22,0.00,"","2010-01-11 15:34:00"
"494158","16169G","",-75,0.00,"","2010-01-11 16:01:00"
"494162","20968","",-116,0.00,"","2010-01-11 17:18:00"
"494168","21430","",-90,0.00,"","2010-01-12 09:55:00"
"494186","20688","",-514,0.00,"","2010-01-12 10:48:00"
"494248","21553","",-36,0.00,"","2010-01-12 16:39:00"
"494251","21552","",-23,0.00,"","2010-01-12 16:40:00"
"494249","21554","",-24,0.00,"","2010-01-12 16:40:00"
"494250","21551","",-11,0.00,"","2010-01-12 16:40:00"
"494252","21893","",-24,0.00,"","2010-01-12 16:43:00"
"494253","85128","",-11,0.00,"","2010-01-12 16:43:00"
"494254","84925A","",-38,0.00,"","2010-01-12 16:43:00"
"494257","84925E","",-17,0.00,"","2010-01-12 16:44:00"
"494256","84925D","",-428,0.00,"","2010-01-12 16:44:00"
"494259","84838","",-5,0.00,"","2010-01-12 16:45:00"
"494258","84767","",-12,0.00,"","2010-01-12 16:45:00"
"494260","84830","",-5,0.00,"","2010-01-12 16:46:00"
"494262","85120","",-24,0.00,"","2010-01-12 16:47:00"
"494261","21309","",-21,0.00,"","2010-01-12 16:47:00"
"494263","21340","",-14,0.00,"","2010-01-12 16:47:00"
"494265","37345","",-68,0.00,"","2010-01-12 16:55:00"
"494273","21364","",-39,0.00,"","2010-01-13 10:04:00"
"494279","84029C","",-44,0.00,"","2010-01-13 10:41:00"
"494340","84997A","",-290,0.00,"","2010-01-13 13:06:00"
"494341","84997D","",-300,0.00,"","2010-01-13 13:07:00"
"494377","84572","",-1,0.00,"","2010-01-13 16:41:00"
"494388","35918B","",-12,0.00,"","2010-01-14 09:58:00"
"494393","21480","",-23,0.00,"","2010-01-14 10:25:00"
"494446","79321","",-190,0.00,"","2010-01-14 13:18:00"
"494487","21252","",-12,0.00,"","2010-01-14 17:08:00"
"494631","72796A","",-18,0.00,"","2010-01-15 16:52:00"
"494723","84972M","",-1,0.00,"","2010-01-18 12:25:00"
"494796","82553","",-160,0.00,"","2010-01-18 14:22:00"
"494800","82577","",-54,0.00,"","2010-01-18 14:50:00"
"494925","79321","",-1,0.00,"","2010-01-20 10:11:00"
"495064","71028B","",-109,0.00,"","2010-01-20 16:37:00"
"495066","72772","",-67,0.00,"","2010-01-20 16:53:00"
"495067","17014A","",-181,0.00,"","2010-01-20 16:53:00"
"495068","72753D","",-15,0.00,"","2010-01-20 16:54:00"
"495069","20965","",-27,0.00,"","2010-01-20 17:11:00"
"495092","84450A","",-36,0.00,"","2010-01-21 11:01:00"
"495180","16240","",-40,0.00,"","2010-01-21 13:36:00"
"495191","84933D","",-4,0.00,"","2010-01-21 14:51:00"
"495199","17061","",-1198,0.00,"","2010-01-21 16:25:00"
"495204","16200A","",-3,0.00,"","2010-01-21 16:39:00"
"495205","20844","",-4,0.00,"","2010-01-21 16:41:00"
"495207","21254","",-12,0.00,"","2010-01-21 16:50:00"
"495210","16044","",-1129,0.00,"","2010-01-21 16:58:00"
"495211","16254","",-109,0.00,"","2010-01-21 16:58:00"
"495209","16051","",-378,0.00,"","2010-01-21 16:58:00"
"495212","21325","",-2,0.00,"","2010-01-21 17:00:00"
"495213","21406","",-8,0.00,"","2010-01-21 17:02:00"
"495214","20937","",-170,0.00,"","2010-01-21 17:06:00"
"495216","21753","",-2,0.00,"","2010-01-21 17:14:00"
"495217","35813A","",-12,0.00,"","2010-01-21 17:27:00"
"495219","37445A","",-1,0.00,"","2010-01-21 17:31:00"
"495220","37445C","",-16,0.00,"","2010-01-21 17:31:00"
"495218","37365Y","",-148,0.00,"","2010-01-21 17:31:00"
"495221","37445D","",-10,0.00,"","2010-01-21 17:32:00"
"495222","37350","",-121,0.00,"","2010-01-21 17:37:00"
"495223","37353","",-179,0.00,"","2010-01-21 17:37:00"
"495278","82093","",-1,0.00,"","2010-01-22 11:42:00"
"495296","37493C","",-36,0.00,"","2010-01-22 13:35:00"
"495297","37493B","",-37,0.00,"","2010-01-22 13:36:00"
"495298","37493D","",-44,0.00,"","2010-01-22 13:36:00"
"495299","84874A","",-1,0.00,"","2010-01-22 13:38:00"
"495301","84898E","",-7,0.00,"","2010-01-22 13:39:00"
"495305","79023B","",-57,0.00,"","2010-01-22 14:06:00"
"495306","84933B","",-8,0.00,"","2010-01-22 14:08:00"
"495315","21348","",-45,0.00,"","2010-01-22 14:41:00"
"495320","21493","",-6,0.00,"","2010-01-22 15:40:00"
"495321","21490","",-16,0.00,"","2010-01-22 15:41:00"
"495323","72768","",-6,0.00,"","2010-01-22 15:46:00"
"495324","44266F","",-2,0.00,"","2010-01-22 15:54:00"
"495326","47581A","",-16,0.00,"","2010-01-22 15:55:00"
"495325","47565","",-16,0.00,"","2010-01-22 15:55:00"
"495327","79065B","",-2,0.00,"","2010-01-22 15:59:00"
"495328","84344","",-8,0.00,"","2010-01-22 16:01:00"
"495329","84494B","",-20,0.00,"","2010-01-22 16:01:00"
"495337","84575A","",-14,0.00,"","2010-01-22 17:10:00"
"495336","84681","",-36,0.00,"","2010-01-22 17:10:00"
"495338","84630","",-38,0.00,"","2010-01-22 17:11:00"
"495339","84555A","",-19,0.00,"","2010-01-22 17:14:00"
"495403","18096C","",-171,0.00,"","2010-01-25 09:45:00"
"495410","72751D","",-20,0.00,"","2010-01-25 11:08:00"
"495411","72234","",-66,0.00,"","2010-01-25 11:08:00"
"495412","72715","",-30,0.00,"","2010-01-25 11:11:00"
"495413","72697A","",-32,0.00,"","2010-01-25 11:15:00"
"495464","72024HC","",-3669,0.00,"","2010-01-25 12:07:00"
"495532","72739B","",-211,0.00,"","2010-01-25 15:29:00"
"495550","21496","",-200,0.00,"","2010-01-25 16:14:00"
"495589","72739C","",-65,0.00,"","2010-01-26 10:23:00"
"495594","72789","",-72,0.00,"","2010-01-26 10:29:00"
"495874","85049C","",-141,0.00,"","2010-01-27 11:25:00"
"495876","16156A","",-12,0.00,"","2010-01-27 11:33:00"
"495877","16169H","",-64,0.00,"","2010-01-27 11:33:00"
"495878","21502","",-21,0.00,"","2010-01-27 11:37:00"
"495879","21036","",-12,0.00,"","2010-01-27 11:38:00"
"495888","84706A","",-6,0.00,"","2010-01-27 12:19:00"
"495890","84706C","",-9,0.00,"","2010-01-27 12:19:00"
"495891","72753A","",-2,0.00,"","2010-01-27 12:20:00"
"495892","82076","",-26,0.00,"","2010-01-27 12:21:00"
"495894","35822P","",-3,0.00,"","2010-01-27 12:23:00"
"495997","85167A","",-31,0.00,"","2010-01-28 11:42:00"
"495998","72750D","",-8,0.00,"","2010-01-28 11:44:00"
"496005","84642","",-2,0.00,"","2010-01-28 12:30:00"
"496079","47340A","",-1,0.00,"","2010-01-28 17:50:00"
"496091","72740B","",-76,0.00,"","2010-01-29 10:03:00"
"496353","22139","",-58,0.00,"","2010-02-01 09:47:00"
"496482","22169","",-16,0.00,"","2010-02-01 16:57:00"
"496485","17120","",-1,0.00,"","2010-02-01 17:03:00"
"496508","84520D","",-284,0.00,"","2010-02-02 10:37:00"
"496619","21479","",-1,0.00,"","2010-02-03 09:15:00"
"496639","85193S","",-80,0.00,"","2010-02-03 11:13:00"
"496645","21855","",-1,0.00,"","2010-02-03 12:03:00"
"496646","16131","",-1,0.00,"","2010-02-03 12:14:00"
"496647","18094A","",-1,0.00,"","2010-02-03 12:15:00"
"496648","20720","",-1,0.00,"","2010-02-03 12:15:00"
"496649","20879","",-1,0.00,"","2010-02-03 12:16:00"
"496650","21345","",-1,0.00,"","2010-02-03 12:19:00"
"496653","21475","",-1,0.00,"","2010-02-03 12:31:00"
"496660","21047","",-1,0.00,"","2010-02-03 12:36:00"
"496678","21052","",-1,0.00,"","2010-02-03 12:51:00"
"496708","21863","",-1,0.00,"","2010-02-03 13:47:00"
"496707","21862","",-1,0.00,"","2010-02-03 13:47:00"
"496709","40046C","",-1,0.00,"","2010-02-03 13:51:00"
"496711","72045A","",-1,0.00,"","2010-02-03 13:54:00"
"496712","72748","",-1,0.00,"","2010-02-03 13:54:00"
"496713","79064C","",-1,0.00,"","2010-02-03 13:55:00"
"496714","79302C","",-1,0.00,"","2010-02-03 13:55:00"
"496716","79308B","",-1,0.00,"","2010-02-03 13:57:00"
"496715","79302J","",-1,0.00,"","2010-02-03 13:57:00"
"496717","84248E","",-1,0.00,"","2010-02-03 13:59:00"
"496718","84933D","",-1,0.00,"","2010-02-03 14:02:00"
"496720","85057","",-1,0.00,"","2010-02-03 14:03:00"
"496721","90097","",-1,0.00,"","2010-02-03 14:03:00"
"496722","DCGSSGIRL","",-1,0.00,"","2010-02-03 14:04:00"
"496723","21489","",-1,0.00,"","2010-02-03 14:05:00"
"496724","21835","",-1,0.00,"","2010-02-03 14:06:00"
"496726","35818C","",-1,0.00,"","2010-02-03 14:21:00"
"496731","72755A","",-1,0.00,"","2010-02-03 14:24:00"
"496732","79333","",-1,0.00,"","2010-02-03 14:25:00"
"496736","82576","",-1,0.00,"","2010-02-03 14:26:00"
"496734","82096","",-1,0.00,"","2010-02-03 14:26:00"
"496738","84567","",-1,0.00,"","2010-02-03 14:27:00"
"496740","DCGS0006","",-1,0.00,"","2010-02-03 14:28:00"
"496741","DCGS0016","",-1,0.00,"","2010-02-03 14:29:00"
"496742","DCGS0027","",-1,0.00,"","2010-02-03 14:29:00"
"496744","DCGS0036","",-1,0.00,"","2010-02-03 14:35:00"
"496746","DCGS0039","",-1,0.00,"","2010-02-03 14:36:00"
"496747","16245B","",-2,0.00,"","2010-02-03 14:49:00"
"496748","16222B","",-2,0.00,"","2010-02-03 14:50:00"
"496749","17017","",-2,0.00,"","2010-02-03 14:51:00"
"496751","18033","",-2,0.00,"","2010-02-03 14:52:00"
"496752","21301","",-2,0.00,"","2010-02-03 14:56:00"
"496753","21525","",-2,0.00,"","2010-02-03 14:57:00"
"496754","21601","",-2,0.00,"","2010-02-03 14:58:00"
"496755","35001C","",-2,0.00,"","2010-02-03 14:59:00"
"496756","35232","",-2,0.00,"","2010-02-03 15:00:00"
"496757","37504","",-2,0.00,"","2010-02-03 15:01:00"
"496758","48173A","",-2,0.00,"","2010-02-03 15:02:00"
"496759","72798B","",-2,0.00,"","2010-02-03 15:03:00"
"496760","72809","",-2,0.00,"","2010-02-03 15:03:00"
"496761","79057B","",-2,0.00,"","2010-02-03 15:03:00"
"496762","79082C","",-2,0.00,"","2010-02-03 15:04:00"
"496763","84341A","",-2,0.00,"","2010-02-03 15:04:00"
"496764","84585L","",-2,0.00,"","2010-02-03 15:05:00"
"496766","84699","",-2,0.00,"","2010-02-03 15:06:00"
"496765","84672A","",-2,0.00,"","2010-02-03 15:06:00"
"496767","84752B","",-2,0.00,"","2010-02-03 15:07:00"
"496769","84845A","",-2,0.00,"","2010-02-03 15:08:00"
"496776","85051","",-2,0.00,"","2010-02-03 15:55:00"
"496777","85056","",-2,0.00,"","2010-02-03 15:56:00"
"496778","85077","",-2,0.00,"","2010-02-03 15:57:00"
"496779","85171","",-2,0.00,"","2010-02-03 15:58:00"
"496780","16248A","",-3,0.00,"","2010-02-03 15:59:00"
"496781","18096B","",-3,0.00,"","2010-02-03 16:00:00"
"496782","21227","",-3,0.00,"","2010-02-03 16:02:00"
"496784","70037L","",-3,0.00,"","2010-02-03 16:04:00"
"496785","35473","",-3,0.00,"","2010-02-03 16:05:00"
"496789","16065A","",-2,0.00,"","2010-02-03 16:44:00"
"496790","18010","",-2,0.00,"","2010-02-03 16:45:00"
"496791","21183","",-2,0.00,"","2010-02-03 16:45:00"
"496793","37432","",-2,0.00,"","2010-02-03 16:46:00"
"496794","84648","",-1,0.00,"","2010-02-03 16:47:00"
"496795","84705E","",-2,0.00,"","2010-02-03 16:48:00"
"496796","84825","",-2,0.00,"","2010-02-03 16:48:00"
"496797","84933A","",-2,0.00,"","2010-02-03 16:49:00"
"496799","85069","",-2,0.00,"","2010-02-03 16:50:00"
"496798","90197A","",-2,0.00,"","2010-02-03 16:50:00"
"496806","79315B","",-3,0.00,"","2010-02-04 09:39:00"
"496807","72754D","",-3,0.00,"","2010-02-04 09:41:00"
"496808","79070B","",-3,0.00,"","2010-02-04 09:42:00"
"496809","84460A","",-3,0.00,"","2010-02-04 09:43:00"
"496810","84750C","",-3,0.00,"","2010-02-04 09:43:00"
"496812","84938","",-3,0.00,"","2010-02-04 09:44:00"
"496811","84810C","",-3,0.00,"","2010-02-04 09:44:00"
"496813","85105","",-3,0.00,"","2010-02-04 09:45:00"
"496814","DCGS0060","",-3,0.00,"","2010-02-04 09:46:00"
"496815","16192","",-4,0.00,"","2010-02-04 09:47:00"
"496844","21170","",-4,0.00,"","2010-02-04 11:30:00"
"496845","35442","",-4,0.00,"","2010-02-04 11:32:00"
"496846","35960","",-4,0.00,"","2010-02-04 11:33:00"
"496847","37438","",-4,0.00,"","2010-02-04 11:36:00"
"496848","37483","",-4,0.00,"","2010-02-04 11:37:00"
"496849","72348B","",-4,0.00,"","2010-02-04 11:38:00"
"496852","72771C","",-4,0.00,"","2010-02-04 11:41:00"
"496853","84395","",-4,0.00,"","2010-02-04 11:43:00"
"496854","85148","",-4,0.00,"","2010-02-04 11:46:00"
"496855","DCGS0056","",-4,0.00,"","2010-02-04 11:46:00"
"496856","16155H","",-5,0.00,"","2010-02-04 11:47:00"
"496857","21104","",-5,0.00,"","2010-02-04 11:50:00"
"496858","37490C","",-5,0.00,"","2010-02-04 12:01:00"
"496859","45008L","",-5,0.00,"","2010-02-04 12:01:00"
"496861","84897A","",-5,0.00,"","2010-02-04 12:02:00"
"496860","72620A","",-5,0.00,"","2010-02-04 12:02:00"
"496874","21893","",-1,0.00,"","2010-02-04 13:45:00"
"496875","75132","",-3,0.00,"","2010-02-04 13:45:00"
"496878","84626","",-3,0.00,"","2010-02-04 13:47:00"
"496879","10109","",-4,0.00,"","2010-02-04 13:47:00"
"496880","20753","",-4,0.00,"","2010-02-04 13:48:00"
"496883","21909","",-4,0.00,"","2010-02-04 14:14:00"
"496884","44276","",-4,0.00,"","2010-02-04 14:14:00"
"496885","47554","",-4,0.00,"","2010-02-04 14:15:00"
"496886","72796C","",-4,0.00,"","2010-02-04 14:15:00"
"496887","79301","",-4,0.00,"","2010-02-04 14:16:00"
"496890","82039C","",-4,0.00,"","2010-02-04 14:16:00"
"496892","84857B","",-4,0.00,"","2010-02-04 14:17:00"
"496894","84873B","",-4,0.00,"","2010-02-04 14:17:00"
"496895","21081","",-5,0.00,"","2010-02-04 14:18:00"
"496897","37326","",-5,0.00,"","2010-02-04 14:18:00"
"496901","21685","",-4,0.00,"","2010-02-04 14:20:00"
"496902","21053","",-6,0.00,"","2010-02-04 14:44:00"
"496903","21176","",-6,0.00,"","2010-02-04 14:44:00"
"496906","35970","",-6,0.00,"","2010-02-04 14:47:00"
"496905","35926","",-6,0.00,"","2010-02-04 14:47:00"
"496908","79003B","",-6,0.00,"","2010-02-04 14:49:00"
"496909","84371","",-6,0.00,"","2010-02-04 14:49:00"
"496910","84904","",-6,0.00,"","2010-02-04 14:51:00"
"496936","21236","",-6,0.00,"","2010-02-04 17:13:00"
"496938","22170","",-6,0.00,"","2010-02-04 17:19:00"
"496937","20955","",-6,0.00,"","2010-02-04 17:19:00"
"496939","72140D","",-6,0.00,"","2010-02-04 17:20:00"
"496940","90060C","",-4,0.00,"","2010-02-04 17:21:00"
"496941","84427B","",-6,0.00,"","2010-02-04 17:22:00"
"496943","72805","",-1,0.00,"","2010-02-04 17:23:00"
"496951","15060A","",-8,0.00,"","2010-02-04 18:55:00"
"496952","21231","",-7,0.00,"","2010-02-04 19:02:00"
"496953","21382","",-7,0.00,"","2010-02-04 19:03:00"
"496954","21510","",-7,0.00,"","2010-02-04 19:04:00"
"496955","21772","",-7,0.00,"","2010-02-04 19:05:00"
"496956","47559","",-7,0.00,"","2010-02-04 19:06:00"
"496957","72671B","",-7,0.00,"","2010-02-04 19:07:00"
"496958","85207B","",-7,0.00,"","2010-02-04 19:09:00"
"496960","16132","",-8,0.00,"","2010-02-04 19:24:00"
"496964","90000C","",-7,0.00,"","2010-02-04 19:44:00"
"496965","84942","",-7,0.00,"","2010-02-04 19:44:00"
"496967","72801F","",-7,0.00,"","2010-02-04 19:45:00"
"496968","72753C","",-4,0.00,"","2010-02-04 19:45:00"
"496966","84867B","",-7,0.00,"","2010-02-04 19:45:00"
"496969","47569","",-7,0.00,"","2010-02-04 19:46:00"
"496971","21083","",-7,0.00,"","2010-02-04 19:46:00"
"496983","21057","",-8,0.00,"","2010-02-05 10:55:00"
"496984","35794","",-8,0.00,"","2010-02-05 11:18:00"
"496985","72798A","",-8,0.00,"","2010-02-05 11:19:00"
"496986","84845B","",-8,0.00,"","2010-02-05 11:20:00"
"496988","DCGS0059","",-8,0.00,"","2010-02-05 11:21:00"
"496989","20946","",-9,0.00,"","2010-02-05 11:22:00"
"496991","21005","",-9,0.00,"","2010-02-05 11:22:00"
"496992","21512","",-9,0.00,"","2010-02-05 11:23:00"
"496993","21776","",-9,0.00,"","2010-02-05 11:23:00"
"496995","44228","",-9,0.00,"","2010-02-05 11:35:00"
"496997","72739B","",-9,0.00,"","2010-02-05 11:38:00"
"496998","48169","",-9,0.00,"","2010-02-05 11:39:00"
"496999","72806","",-9,0.00,"","2010-02-05 11:40:00"
"497001","82609","",-9,0.00,"","2010-02-05 11:41:00"
"497009","21308","",-8,0.00,"","2010-02-05 12:35:00"
"497010","82553","",-6,0.00,"","2010-02-05 12:36:00"
"497014","35004S","",-9,0.00,"","2010-02-05 12:37:00"
"497013","84857A","",-2,0.00,"","2010-02-05 12:37:00"
"497015","35591G","",-9,0.00,"","2010-02-05 12:38:00"
"497016","35930","",-9,0.00,"","2010-02-05 12:38:00"
"497017","37348","",-2,0.00,"","2010-02-05 12:38:00"
"497018","47504J","",-9,0.00,"","2010-02-05 12:39:00"
"497019","47595B","",-9,0.00,"","2010-02-05 12:39:00"
"497020","72754C","",-9,0.00,"","2010-02-05 12:40:00"
"497021","79413","",-4,0.00,"","2010-02-05 12:40:00"
"497024","90035B","",-5,0.00,"","2010-02-05 13:01:00"
"497107","GIFT","",-9,0.00,"","2010-02-05 15:18:00"
"497108","21021","",-10,0.00,"","2010-02-05 15:19:00"
"497110","21022","",-10,0.00,"","2010-02-05 15:20:00"
"497113","21023","",-10,0.00,"","2010-02-05 15:20:00"
"497117","21342","",-10,0.00,"","2010-02-05 15:21:00"
"497118","35935","",-10,0.00,"","2010-02-05 15:22:00"
"497121","35995","",-10,0.00,"","2010-02-05 15:23:00"
"497122","40002","",-10,0.00,"","2010-02-05 15:24:00"
"497126","47285B","",-10,0.00,"","2010-02-05 15:25:00"
"497128","72719","",-10,0.00,"","2010-02-05 15:25:00"
"497132","47284V","",-11,0.00,"","2010-02-05 15:31:00"
"497133","79053D","",-11,0.00,"","2010-02-05 15:32:00"
"497134","82595","",-11,0.00,"","2010-02-05 15:33:00"
"497135","84394","",-11,0.00,"","2010-02-05 15:33:00"
"497137","84476A","",-11,0.00,"","2010-02-05 15:34:00"
"497136","84448","",-11,0.00,"","2010-02-05 15:34:00"
"497138","16249B","",-12,0.00,"","2010-02-05 15:40:00"
"497139","71265","",-12,0.00,"","2010-02-05 15:42:00"
"497140","72801H","",-12,0.00,"","2010-02-05 15:43:00"
"497142","84449","",-12,0.00,"","2010-02-05 15:45:00"
"497141","84248F","",-12,0.00,"","2010-02-05 15:45:00"
"497144","84866","",-12,0.00,"","2010-02-05 15:46:00"
"497143","84845C","",-12,0.00,"","2010-02-05 15:46:00"
"497145","84896C","",-12,0.00,"","2010-02-05 15:47:00"
"497146","85079","",-12,0.00,"","2010-02-05 15:48:00"
"497147","20881","",-13,0.00,"","2010-02-05 15:49:00"
"497148","21295","",-13,0.00,"","2010-02-05 15:49:00"
"497149","84871","",-13,0.00,"","2010-02-05 15:53:00"
"497167","84582","",-3,0.00,"","2010-02-05 17:22:00"
"497168","84775","",-9,0.00,"","2010-02-05 17:23:00"
"497172","90060D","",-2,0.00,"","2010-02-05 17:24:00"
"497170","85185F","",-6,0.00,"","2010-02-05 17:24:00"
"497173","90139","",-6,0.00,"","2010-02-05 17:25:00"
"497174","20900","",-11,0.00,"","2010-02-05 17:25:00"
"497175","21602","",-11,0.00,"","2010-02-05 17:25:00"
"497176","37112","",-11,0.00,"","2010-02-05 17:26:00"
"497178","90005B","",-11,0.00,"","2010-02-05 17:27:00"
"497179","90197C","",-11,0.00,"","2010-02-05 17:28:00"
"497180","90080","",-11,0.00,"","2010-02-05 17:28:00"
"497184","20905","",-12,0.00,"","2010-02-05 17:44:00"
"497182","20812","",-12,0.00,"","2010-02-05 17:44:00"
"497183","20904","",-27,0.00,"","2010-02-05 17:44:00"
"497185","35915A","",-13,0.00,"","2010-02-05 17:45:00"
"497186","84868A","",-13,0.00,"","2010-02-05 17:45:00"
"497187","84966C","",-5,0.00,"","2010-02-05 17:46:00"
"497189","21740","",-9,0.00,"","2010-02-05 17:46:00"
"497188","21339","",-3,0.00,"","2010-02-05 17:46:00"
"497190","72751B","",-4,0.00,"","2010-02-05 17:47:00"
"497191","84886","",-7,0.00,"","2010-02-05 17:47:00"
"497241","20822","",-14,0.00,"","2010-02-08 11:26:00"
"497246","22295","",-14,0.00,"","2010-02-08 11:54:00"
"497248","72331R","",-14,0.00,"","2010-02-08 11:56:00"
"497260","20620","",-21,0.00,"","2010-02-08 13:09:00"
"497273","22271","",-32,0.00,"","2010-02-08 13:51:00"
"497332","20672","",-79,0.00,"","2010-02-08 14:35:00"
"497361","21086","",-210,0.00,"","2010-02-09 09:17:00"
"497520","21256","",-86,0.00,"","2010-02-10 13:38:00"
"497598","22330","",-51,0.00,"","2010-02-11 09:59:00"
"497599","21086","",-27,0.00,"","2010-02-11 10:00:00"
"497626","72484","",-3,0.00,"","2010-02-11 12:53:00"
"497679","21343","",-12,0.00,"","2010-02-11 14:35:00"
"497693","84814A","",-14,0.00,"","2010-02-11 15:49:00"
"497694","84511","",-14,0.00,"","2010-02-11 15:50:00"
"497695","21514","",-14,0.00,"","2010-02-11 16:15:00"
"497697","35654","",-5,0.00,"","2010-02-11 16:16:00"
"497698","71434B","",-2,0.00,"","2010-02-11 16:17:00"
"497699","71477","",-14,0.00,"","2010-02-11 16:17:00"
"497701","84849C","",-14,0.00,"","2010-02-11 16:18:00"
"497702","16119","",-15,0.00,"","2010-02-11 16:19:00"
"497703","84868B","",-9,0.00,"","2010-02-11 16:19:00"
"497704","21113","",-15,0.00,"","2010-02-11 16:21:00"
"497705","35983","",-15,0.00,"","2010-02-11 16:24:00"
"497713","84250H","",-15,0.00,"","2010-02-11 16:56:00"
"497714","84600A","",-15,0.00,"","2010-02-11 17:05:00"
"497718","35837","",-15,0.00,"","2010-02-11 18:09:00"
"497719","79030A","",-15,0.00,"","2010-02-11 18:10:00"
"497720","84564","",-9,0.00,"","2010-02-11 18:11:00"
"497721","84964A","",-4,0.00,"","2010-02-11 18:11:00"
"497722","85114C","",-11,0.00,"","2010-02-11 18:11:00"
"497723","90024A","",-4,0.00,"","2010-02-11 18:12:00"
"497724","90197D","",-11,0.00,"","2010-02-11 18:12:00"
"497726","16201B","",-12,0.00,"","2010-02-11 18:13:00"
"497727","20710","",-16,0.00,"","2010-02-11 18:13:00"
"497728","48179","",-16,0.00,"","2010-02-11 18:14:00"
"497730","84597A","",-16,0.00,"","2010-02-11 18:14:00"
"497731","84967C","",-5,0.00,"","2010-02-11 18:15:00"
"497811","DCGSLBOY","",-16,0.00,"","2010-02-12 14:45:00"
"497813","20939","",-17,0.00,"","2010-02-12 14:46:00"
"497814","21225","",-17,0.00,"","2010-02-12 14:48:00"
"497818","84248B","",-17,0.00,"","2010-02-12 14:55:00"
"497820","20885","",-19,0.00,"","2010-02-12 15:03:00"
"497835","47361","",-19,0.00,"","2010-02-12 15:13:00"
"497837","16210","",-20,0.00,"","2010-02-12 15:17:00"
"497838","21024","",-20,0.00,"","2010-02-12 15:18:00"
"497847","90042B","",-8,0.00,"","2010-02-12 16:43:00"
"497849","21290","",-17,0.00,"","2010-02-12 16:44:00"
"497850","35604B","",-17,0.00,"","2010-02-12 16:45:00"
"497851","35918B","",-6,0.00,"","2010-02-12 16:46:00"
"497852","35948","",-17,0.00,"","2010-02-12 16:46:00"
"497856","85168A","",-6,0.00,"","2010-02-12 16:47:00"
"497854","72785A","",-6,0.00,"","2010-02-12 16:47:00"
"497857","21182","",-18,0.00,"","2010-02-12 16:48:00"
"497858","35925","",-18,0.00,"","2010-02-12 16:48:00"
"497859","37477D","",-9,0.00,"","2010-02-12 16:49:00"
"497860","84608","",-18,0.00,"","2010-02-12 16:51:00"
"497861","84705A","",-5,0.00,"","2010-02-12 16:52:00"
"497862","85018A","",-6,0.00,"","2010-02-12 16:53:00"
"497863","21008","",-19,0.00,"","2010-02-12 16:53:00"
"497864","21729","",-190,0.00,"","2010-02-12 16:54:00"
"497867","82069","",-5,0.00,"","2010-02-12 16:54:00"
"497870","20987","",-20,0.00,"","2010-02-12 16:55:00"
"497868","84706B","",-19,0.00,"","2010-02-12 16:55:00"
"497869","90060B","",-4,0.00,"","2010-02-12 16:55:00"
"497872","22142","",-20,0.00,"","2010-02-12 16:56:00"
"497871","21347","",-17,0.00,"","2010-02-12 16:56:00"
"497989","21891","",-108,0.00,"","2010-02-15 14:16:00"
"498016","17012E","",-10,0.00,"","2010-02-15 16:11:00"
"498030","84402C","",-20,0.00,"","2010-02-16 09:53:00"
"498031","21838","",-21,0.00,"","2010-02-16 09:58:00"
"498032","90109","",-21,0.00,"","2010-02-16 10:05:00"
"498033","22296","",-20,0.00,"","2010-02-16 10:06:00"
"498036","16161N","",-23,0.00,"","2010-02-16 10:10:00"
"498038","35975A","",-23,0.00,"","2010-02-16 10:14:00"
"498039","85049G","",-20,0.00,"","2010-02-16 10:17:00"
"498056","90025A","",-4,0.00,"","2010-02-16 12:11:00"
"498057","84845C","",-15,0.00,"","2010-02-16 12:12:00"
"498061","84964B","",-2,0.00,"","2010-02-16 12:14:00"
"498062","90172","",-20,0.00,"","2010-02-16 12:15:00"
"498065","21760","",-2,0.00,"","2010-02-16 12:16:00"
"498063","17011D","",-4,0.00,"","2010-02-16 12:16:00"
"498067","35839","",-21,0.00,"","2010-02-16 12:17:00"
"498066","35608C","",-21,0.00,"","2010-02-16 12:17:00"
"498069","72751C","",-17,0.00,"","2010-02-16 12:18:00"
"498072","84440B","",-21,0.00,"","2010-02-16 12:19:00"
"498071","84200","",-21,0.00,"","2010-02-16 12:19:00"
"498073","84621","",-2,0.00,"","2010-02-16 12:19:00"
"498074","85037","",-21,0.00,"","2010-02-16 12:20:00"
"498075","90084","",-5,0.00,"","2010-02-16 12:20:00"
"498077","35608A","",-22,0.00,"","2010-02-16 12:21:00"
"498076","20882","",-22,0.00,"","2010-02-16 12:21:00"
"498081","84311","",-22,0.00,"","2010-02-16 12:22:00"
"498083","16201C","",-23,0.00,"","2010-02-16 12:23:00"
"498084","21266","",-23,0.00,"","2010-02-16 12:23:00"
"498082","84965A","",-2,0.00,"","2010-02-16 12:23:00"
"498085","35471B","",-23,0.00,"","2010-02-16 12:24:00"
"498086","72799B","",-23,0.00,"","2010-02-16 12:24:00"
"498148","21699","",-152,0.00,"","2010-02-17 10:12:00"
"498267","21396","",-342,0.00,"","2010-02-17 14:59:00"
"498287","47583A","",-5,0.00,"","2010-02-17 16:54:00"
"498289","47583B","",-12,0.00,"","2010-02-17 16:55:00"
"498512","21217","",-45,0.00,"","2010-02-19 12:05:00"
"498625","16169D","",-24,0.00,"","2010-02-22 10:41:00"
"498688","84616","",-2,0.00,"","2010-02-22 11:37:00"
"498692","84472","",-3,0.00,"","2010-02-22 11:38:00"
"498693","84653","",-3,0.00,"","2010-02-22 11:38:00"
"498689","84909A","",-4,0.00,"","2010-02-22 11:38:00"
"498695","82482","",-53,0.00,"","2010-02-22 12:03:00"
"498698","DCGS0053","",-2,0.00,"","2010-02-22 12:29:00"
"498699","DCGS0004","",-2,0.00,"","2010-02-22 12:32:00"
"498700","DCGS0062","",-1,0.00,"","2010-02-22 12:34:00"
"498701","DCGS0037","",-1,0.00,"","2010-02-22 12:35:00"
"498702","20954","",-2,0.00,"","2010-02-22 12:36:00"
"498707","21119","",-1,0.00,"","2010-02-22 12:48:00"
"498710","21858","",-3,0.00,"","2010-02-22 12:55:00"
"498711","21857","",-1,0.00,"","2010-02-22 12:55:00"
"498712","21919","",-1,0.00,"","2010-02-22 12:56:00"
"498730","84997D","",-170,0.00,"","2010-02-22 15:39:00"
"498733","21527","",-142,0.00,"","2010-02-22 15:51:00"
"498771","21019","",-25,0.00,"","2010-02-23 10:09:00"
"498772","35940","",-25,0.00,"","2010-02-23 10:11:00"
"498773","35941","",-25,0.00,"","2010-02-23 10:11:00"
"498775","20944","",-26,0.00,"","2010-02-23 10:19:00"
"498855","20988","",-26,0.00,"","2010-02-23 12:18:00"
"498856","84396","",-110,0.00,"","2010-02-23 12:19:00"
"498857","17091F","",-25,0.00,"","2010-02-23 12:20:00"
"498858","21177","",-24,0.00,"","2010-02-23 12:20:00"
"498859","21842","",-20,0.00,"","2010-02-23 12:21:00"
"498860","21778","",-25,0.00,"","2010-02-23 12:22:00"
"498862","35976B","",-25,0.00,"","2010-02-23 12:23:00"
"498861","21780","",-25,0.00,"","2010-02-23 12:23:00"
"498863","84690","",-10,0.00,"","2010-02-23 12:24:00"
"498866","16243A","",-26,0.00,"","2010-02-23 12:25:00"
"498864","84705D","",-6,0.00,"","2010-02-23 12:25:00"
"498867","16245A","",-14,0.00,"","2010-02-23 12:26:00"
"498868","20680","",-26,0.00,"","2010-02-23 12:26:00"
"498869","20994","",-26,0.00,"","2010-02-23 12:26:00"
"498870","21674","",-7,0.00,"","2010-02-23 12:27:00"
"498871","62097B","",-8,0.00,"","2010-02-23 12:27:00"
"498872","72821","",-2,0.00,"","2010-02-23 12:27:00"
"498874","21341","",-27,0.00,"","2010-02-23 12:28:00"
"498873","84963A","",-2,0.00,"","2010-02-23 12:28:00"
"498876","20858","",-28,0.00,"","2010-02-23 12:29:00"
"498882","20679","",-120,0.00,"","2010-02-23 12:52:00"
"498883","20951","",-352,0.00,"","2010-02-23 12:54:00"
"498885","20952","",-128,0.00,"","2010-02-23 12:55:00"
"498932","82081","",-4,0.00,"","2010-02-24 10:24:00"
"498933","84396","",-51,0.00,"","2010-02-24 10:28:00"
"499034","85219","",-118,0.00,"","2010-02-24 12:53:00"
"499040","DCGSSBOY","",-90,0.00,"","2010-02-24 13:16:00"
"499042","DCGSLGIRL","",-57,0.00,"","2010-02-24 13:31:00"
"499041","71431","",-60,0.00,"","2010-02-24 13:31:00"
"499046","79071A","",-43,0.00,"","2010-02-24 13:36:00"
"499047","45007B","",-43,0.00,"","2010-02-24 13:37:00"
"499049","84010","",-38,0.00,"","2010-02-24 13:38:00"
"499048","37490D","",-40,0.00,"","2010-02-24 13:38:00"
"499050","35763","",-36,0.00,"","2010-02-24 13:39:00"
"499051","35632A","",-34,0.00,"","2010-02-24 13:40:00"
"499052","17160","",-34,0.00,"","2010-02-24 13:40:00"
"499053","21020","",-33,0.00,"","2010-02-24 13:41:00"
"499054","85085A","",-30,0.00,"","2010-02-24 13:44:00"
"499055","35992","",-30,0.00,"","2010-02-24 13:45:00"
"499124","84760L","",-54,0.00,"","2010-02-24 16:23:00"
"499125","17010S","",-146,0.00,"","2010-02-24 16:24:00"
"499126","85223","",-129,0.00,"","2010-02-24 16:25:00"
"499127","84877A","",-22,0.00,"","2010-02-24 16:26:00"
"499128","35993","",-115,0.00,"","2010-02-24 16:26:00"
"499129","72226D","",-106,0.00,"","2010-02-24 16:27:00"
"499131","17084F","",-50,0.00,"","2010-02-24 16:28:00"
"499130","17084G","",-95,0.00,"","2010-02-24 16:28:00"
"499132","17014F","",-29,0.00,"","2010-02-24 16:29:00"
"499133","17014B","",-48,0.00,"","2010-02-24 16:29:00"
"499135","84224","",-69,0.00,"","2010-02-24 16:30:00"
"499136","85192S","",-63,0.00,"","2010-02-24 16:31:00"
"499137","85231A","",-60,0.00,"","2010-02-24 16:32:00"
"499138","84439B","",-60,0.00,"","2010-02-24 16:33:00"
"499139","17013E","",-56,0.00,"","2010-02-24 16:34:00"
"499140","79140","",-18,0.00,"","2010-02-24 16:34:00"
"499141","79142","",-30,0.00,"","2010-02-24 16:34:00"
"499147","21582","",-38,0.00,"","2010-02-24 16:35:00"
"499145","21585","",-43,0.00,"","2010-02-24 16:35:00"
"499144","21583","",-50,0.00,"","2010-02-24 16:35:00"
"499149","84389","",-47,0.00,"","2010-02-24 16:36:00"
"499151","71101A","",-43,0.00,"","2010-02-24 16:40:00"
"499152","35631B","",-32,0.00,"","2010-02-24 16:41:00"
"499153","90111","",-29,0.00,"","2010-02-24 16:41:00"
"499156","85050","",-29,0.00,"","2010-02-24 16:42:00"
"499154","90110","",-61,0.00,"","2010-02-24 16:42:00"
"499157","84444C","",-29,0.00,"","2010-02-24 16:43:00"
"499158","22022","",-28,0.00,"","2010-02-24 16:44:00"
"499159","72754B","",-44,0.00,"","2010-02-24 16:51:00"
"499268","20715","",-455,0.00,"","2010-02-25 16:02:00"
"499309","17129D","",-212,0.00,"","2010-02-26 10:23:00"
"499310","17129C","",-30,0.00,"","2010-02-26 10:24:00"
"499311","17129F","",-120,0.00,"","2010-02-26 10:25:00"
"499372","84782C","",-14,0.00,"","2010-02-26 11:51:00"
"499412","72760B","",-30,0.00,"","2010-02-26 15:27:00"
"499414","21300","",-17,0.00,"","2010-02-26 16:14:00"
"499416","21298","",-15,0.00,"","2010-02-26 16:15:00"
"499415","21299","",-8,0.00,"","2010-02-26 16:15:00"
"499417","82585","",-90,0.00,"","2010-02-26 16:16:00"
"499418","21697","",-499,0.00,"","2010-02-26 16:19:00"
"499449","20833","",-11,0.00,"","2010-02-26 17:30:00"
"499599","85197","",-70,0.00,"","2010-03-01 12:33:00"
"499598","85198","",-200,0.00,"","2010-03-01 12:33:00"
"499600","35920","",-10,0.00,"","2010-03-01 12:34:00"
"499602","47504E","",-280,0.00,"","2010-03-01 12:35:00"
"499603","47503K","",-240,0.00,"","2010-03-01 12:35:00"
"499606","20730","",-240,0.00,"","2010-03-01 12:36:00"
"499605","20657","",-16,0.00,"","2010-03-01 12:36:00"
"499607","20729","",-420,0.00,"","2010-03-01 12:37:00"
"499608","20851","",-30,0.00,"","2010-03-01 12:37:00"
"499610","20778","",-10,0.00,"","2010-03-01 12:38:00"
"499611","20777","",-16,0.00,"","2010-03-01 12:38:00"
"499615","20773","",-26,0.00,"","2010-03-01 12:40:00"
"499617","20760","",-150,0.00,"","2010-03-01 12:40:00"
"499627","21255","",-130,0.00,"","2010-03-01 13:14:00"
"499626","84893","",-17,0.00,"","2010-03-01 13:14:00"
"499634","21303","",-10,0.00,"","2010-03-01 13:35:00"
"499658","21303","",-6,0.00,"","2010-03-01 15:04:00"
"499719","84623","",-26,0.00,"","2010-03-02 11:04:00"
"499766","46000M","",-89,0.00,"","2010-03-02 13:19:00"
"499767","46000S","",-20,0.00,"","2010-03-02 13:19:00"
"499803","72781","",-25,0.00,"","2010-03-02 15:46:00"
"499802","84619","",-3,0.00,"","2010-03-02 15:46:00"
"499805","84977","",-34,0.00,"","2010-03-02 15:47:00"
"499804","21274","",-12,0.00,"","2010-03-02 15:47:00"
"499809","21428","",-52,0.00,"","2010-03-02 15:51:00"
"499810","21768","",-10,0.00,"","2010-03-02 15:52:00"
"499811","22077","",-126,0.00,"","2010-03-02 15:53:00"
"499812","84007","",-93,0.00,"","2010-03-02 15:54:00"
"499813","85014C","",-299,0.00,"","2010-03-02 15:56:00"
"499815","20693","",-24,0.00,"","2010-03-02 15:57:00"
"499816","22024","",-40,0.00,"","2010-03-02 15:57:00"
"499814","16161E","",-245,0.00,"","2010-03-02 15:57:00"
"499817","84559D","",-85,0.00,"","2010-03-02 15:58:00"
"499820","84559D","",-12,0.00,"","2010-03-02 16:09:00"
"499822","84971L","",-109,0.00,"","2010-03-02 16:10:00"
"499823","21669","",-31,0.00,"","2010-03-02 16:10:00"
"499824","21173","",-78,0.00,"","2010-03-02 16:10:00"
"499825","21160","",-40,0.00,"","2010-03-02 16:11:00"
"499826","21668","",-33,0.00,"","2010-03-02 16:11:00"
"499828","84854","",-198,0.00,"","2010-03-02 16:12:00"
"499829","84865","",-17,0.00,"","2010-03-02 16:12:00"
"499830","85113","",-60,0.00,"","2010-03-02 16:13:00"
"499831","10138","",-283,0.00,"","2010-03-02 16:13:00"
"499833","37494A","",-14,0.00,"","2010-03-02 16:14:00"
"499835","21837","",-19,0.00,"","2010-03-02 16:15:00"
"499834","47598","",-40,0.00,"","2010-03-02 16:15:00"
"499837","21644","",-100,0.00,"","2010-03-02 16:16:00"
"499836","21004","",-40,0.00,"","2010-03-02 16:16:00"
"499838","82613A","",-200,0.00,"","2010-03-02 16:16:00"
"499843","20958","",-97,0.00,"","2010-03-02 16:19:00"
"499841","84535A","",-12,0.00,"","2010-03-02 16:19:00"
"499842","84535A","",-108,0.00,"","2010-03-02 16:19:00"
"499845","85112","",-338,0.00,"","2010-03-02 16:20:00"
"499846","21307","",-47,0.00,"","2010-03-02 16:20:00"
"499847","85129A","",-57,0.00,"","2010-03-02 16:20:00"
"499848","85129C","",-30,0.00,"","2010-03-02 16:21:00"
"499911","17109C","",-100,0.00,"","2010-03-03 12:09:00"
"499909","82607E","",-30,0.00,"","2010-03-03 12:09:00"
"499915","17109A","",-60,0.00,"","2010-03-03 12:10:00"
"499913","17109D","",-140,0.00,"","2010-03-03 12:10:00"
"499992","17109C","",-4,0.00,"","2010-03-03 16:48:00"
"500006","84741C","",-113,0.00,"","2010-03-04 09:49:00"
"500137","84909A","",-6,0.00,"","2010-03-04 15:53:00"
"500136","84619","",-4,0.00,"","2010-03-04 15:53:00"
"500138","84616","",-10,0.00,"","2010-03-04 15:54:00"
"500139","84469","",-80,0.00,"","2010-03-04 15:55:00"
"500140","21298","",-6,0.00,"","2010-03-04 15:59:00"
"500164","17109B","",-205,0.00,"","2010-03-05 09:04:00"
"500291","35096B","",-66,0.00,"","2010-03-05 15:43:00"
"500418","85014D","",-29,0.00,"","2010-03-08 11:56:00"
"500496","21914","",-12,0.00,"","2010-03-08 13:16:00"
"500561","85185E","",-37,0.00,"","2010-03-08 15:36:00"
"500563","84623","",-27,0.00,"","2010-03-08 15:43:00"
"500569","51012L","",-45,0.00,"","2010-03-08 15:53:00"
"500570","51012C","",-1,0.00,"","2010-03-08 15:53:00"
"500572","47347B","",-122,0.00,"","2010-03-08 16:16:00"
"500675","16156N","",-200,0.00,"","2010-03-09 12:27:00"
"500674","16161M","",-350,0.00,"","2010-03-09 12:27:00"
"500676","16161P","",-250,0.00,"","2010-03-09 12:28:00"
"500677","84255B","",-35,0.00,"","2010-03-09 12:28:00"
"500679","46775E","",-16,0.00,"","2010-03-09 12:30:00"
"500678","84653","",-8,0.00,"","2010-03-09 12:30:00"
"500681","22273","",-36,0.00,"","2010-03-09 12:31:00"
"500682","22146","",-59,0.00,"","2010-03-09 12:32:00"
"500683","21437","",-49,0.00,"","2010-03-09 12:32:00"
"500686","21443","",-3,0.00,"","2010-03-09 12:33:00"
"500687","20897","",-27,0.00,"","2010-03-09 12:34:00"
"500688","21981","",-20,0.00,"","2010-03-09 12:34:00"
"500690","81985A","",-10,0.00,"","2010-03-09 12:35:00"
"500689","21193","",-22,0.00,"","2010-03-09 12:35:00"
"500691","84925C","",-29,0.00,"","2010-03-09 12:36:00"
"500692","84830","",-2,0.00,"","2010-03-09 12:36:00"
"500704","21895","",-20,0.00,"","2010-03-09 13:44:00"
"500714","85189","",-60,0.00,"","2010-03-09 14:20:00"
"500738","47504F","",-2916,0.00,"","2010-03-09 16:33:00"
"500743","20989","",-48,0.00,"","2010-03-09 17:17:00"
"500846","17027A","",-8,0.00,"","2010-03-10 12:17:00"
"500888","37450","",-6,0.00,"","2010-03-10 16:06:00"
"500905","21321","",-23,0.00,"","2010-03-11 10:19:00"
"500908","79026B","",-22,0.00,"","2010-03-11 10:20:00"
"500909","21536","",-23,0.00,"","2010-03-11 10:20:00"
"500907","84997D","",-6,0.00,"","2010-03-11 10:20:00"
"500906","84595B","",-45,0.00,"","2010-03-11 10:20:00"
"500910","79072","",-40,0.00,"","2010-03-11 10:21:00"
"500911","22035","",-100,0.00,"","2010-03-11 10:22:00"
"500912","21223","",-13,0.00,"","2010-03-11 10:22:00"
"500913","72799A","",-11,0.00,"","2010-03-11 10:23:00"
"500915","84614C","",-62,0.00,"","2010-03-11 10:23:00"
"500914","85231L","",-260,0.00,"","2010-03-11 10:23:00"
"500916","21734","",-20,0.00,"","2010-03-11 10:24:00"
"500926","21734","",-9,0.00,"","2010-03-11 11:43:00"
"501105","17013C","",-3,0.00,"","2010-03-12 13:39:00"
"501106","20860","",-10,0.00,"","2010-03-12 13:40:00"
"501107","21385","",-100,0.00,"","2010-03-12 13:43:00"
"501108","84875A","",-28,0.00,"","2010-03-12 13:44:00"
"501111","84902","",-60,0.00,"","2010-03-12 13:45:00"
"501173","22146","",-5,0.00,"","2010-03-15 10:48:00"
"501179","84447","",-54,0.00,"","2010-03-15 11:18:00"
"501180","84458","",-45,0.00,"","2010-03-15 11:23:00"
"501202","21837","",-8,0.00,"","2010-03-15 12:15:00"
"501288","84840","",-40,0.00,"","2010-03-15 15:07:00"
"501294","72739C","",-134,0.00,"","2010-03-15 15:48:00"
"501448","82494L","",-47,0.00,"","2010-03-16 14:53:00"
"501555","84657","",-72,0.00,"","2010-03-17 16:10:00"
"501644","21768","",-2,0.00,"","2010-03-18 12:33:00"
"501804","46137D","",-25,0.00,"","2010-03-19 13:59:00"
"501835","84467","",-30,0.00,"","2010-03-19 16:55:00"
"501837","84081","",-2,0.00,"","2010-03-19 17:11:00"
"501839","37379B","",-65,0.00,"","2010-03-19 17:12:00"
"501840","84680","",-1,0.00,"","2010-03-19 17:12:00"
"501841","47556B","",-12,0.00,"","2010-03-19 17:13:00"
"501948","82607E","",-20,0.00,"","2010-03-22 11:55:00"
"501949","22193","",-5,0.00,"","2010-03-22 11:55:00"
"501950","17164D","",-14,0.00,"","2010-03-22 11:56:00"
"501951","84985B","",-27,0.00,"","2010-03-22 11:57:00"
"501952","37352","",-89,0.00,"","2010-03-22 11:57:00"
"501954","84993B","",-93,0.00,"","2010-03-22 11:58:00"
"501953","37351","",-28,0.00,"","2010-03-22 11:58:00"
"501955","21076","",-92,0.00,"","2010-03-22 11:59:00"
"501956","21091","",-12,0.00,"","2010-03-22 11:59:00"
"501957","21663","",-13,0.00,"","2010-03-22 12:00:00"
"501958","84989B","",-100,0.00,"","2010-03-22 12:00:00"
"502033","84746","",-66,0.00,"","2010-03-22 13:17:00"
"502034","84990","",-300,0.00,"","2010-03-22 13:18:00"
"502414","84909A","",-5,0.00,"","2010-03-24 12:00:00"
"502642","21384","",-150,0.00,"","2010-03-25 16:42:00"
"502645","75013B","",-20,0.00,"","2010-03-25 16:47:00"
"502644","21440","",-60,0.00,"","2010-03-25 16:47:00"
"502646","47587A","",-161,0.00,"","2010-03-25 16:48:00"
"502649","84984C","",-8,0.00,"","2010-03-25 16:56:00"
"502650","20783","",-37,0.00,"","2010-03-25 16:57:00"
"502652","84926C","",-10,0.00,"","2010-03-25 16:58:00"
"502651","84926C","",-39,0.00,"","2010-03-25 16:58:00"
"502654","85196","",-328,0.00,"","2010-03-25 16:59:00"
"502656","85200","",-10,0.00,"","2010-03-25 17:00:00"
"502655","85200","",-42,0.00,"","2010-03-25 17:00:00"
"502658","85206B","",-50,0.00,"","2010-03-25 17:01:00"
"502657","22290","",-25,0.00,"","2010-03-25 17:01:00"
"502750","21102","",-127,0.00,"","2010-03-26 13:09:00"
"502775","72755D","",-22,0.00,"","2010-03-26 14:36:00"
"502774","72755C","",-57,0.00,"","2010-03-26 14:36:00"
"502780","72753B","",-23,0.00,"","2010-03-26 14:38:00"
"502777","20888","",-41,0.00,"","2010-03-26 14:38:00"
"502778","20889","",-37,0.00,"","2010-03-26 14:38:00"
"502907","84533B","",-38,0.00,"","2010-03-29 13:03:00"
"502926","47503G","",-267,0.00,"","2010-03-29 14:24:00"
"502927","47504G","",-3140,0.00,"","2010-03-29 14:25:00"
"503239","46000P","",-10,0.00,"","2010-03-30 17:52:00"
"503238","46000M","",-20,0.00,"","2010-03-30 17:52:00"
"503520","20934","",-112,0.00,"","2010-04-01 13:08:00"
"503522","21759","",-8,0.00,"","2010-04-01 13:09:00"
"503521","79338","",-37,0.00,"","2010-04-01 13:09:00"
"503523","84770","",-31,0.00,"","2010-04-01 13:10:00"
"503525","40018E","",-17,0.00,"","2010-04-01 13:11:00"
"503526","84791","",-11,0.00,"","2010-04-01 13:12:00"
"503528","20958","",-4,0.00,"","2010-04-01 13:13:00"
"503529","21549","",-23,0.00,"","2010-04-01 13:14:00"
"503554","22148","",-30,0.00,"","2010-04-01 15:19:00"
"503699","21770","",-19,0.00,"","2010-04-06 13:31:00"
"503701","20993","",-114,0.00,"","2010-04-06 13:32:00"
"503700","85220","",-276,0.00,"","2010-04-06 13:32:00"
"503707","22173","",-21,0.00,"","2010-04-06 14:04:00"
"503816","37461","",-74,0.00,"","2010-04-07 14:45:00"
"503817","37410","",-55,0.00,"","2010-04-07 14:46:00"
"503819","20814","",-15,0.00,"","2010-04-07 14:47:00"
"503820","22028","",-40,0.00,"","2010-04-07 14:48:00"
"503874","22054","",-8,0.00,"","2010-04-08 11:38:00"
"503873","85066","",-3,0.00,"","2010-04-08 11:38:00"
"503872","22180","",-28,0.00,"","2010-04-08 11:38:00"
"503952","16202C","",-32,0.00,"","2010-04-08 15:46:00"
"504194","84467","",-40,0.00,"","2010-04-12 10:12:00"
"504309","22197","",-1020,0.00,"","2010-04-12 14:38:00"
"504311","22197","",-9200,0.00,"","2010-04-12 14:39:00"
"504364","22037","",-108,0.00,"","2010-04-13 10:48:00"
"504445","22467","",-1800,0.00,"","2010-04-13 14:38:00"
"504455","22528","",-4800,0.00,"","2010-04-13 15:34:00"
"504457","22558","",-4800,0.00,"","2010-04-13 15:35:00"
"504531","47570","",-20,0.00,"","2010-04-14 11:40:00"
"504530","47570","",-114,0.00,"","2010-04-14 11:40:00"
"504839","21757","",-18,0.00,"","2010-04-16 15:21:00"
"505216","84466","",-140,0.00,"","2010-04-21 10:18:00"
"505457","72760B","",-26,0.00,"","2010-04-22 11:35:00"
"505687","84932B","",-13,0.00,"","2010-04-23 16:51:00"
"505690","85164B","",-12,0.00,"","2010-04-23 17:54:00"
"505691","85119","",-40,0.00,"","2010-04-23 17:55:00"
"505693","21892","",-80,0.00,"","2010-04-23 17:56:00"
"505692","21504","",-100,0.00,"","2010-04-23 17:56:00"
"505749","35972","",-170,0.00,"","2010-04-26 09:25:00"
"505750","21672","",-80,0.00,"","2010-04-26 09:27:00"
"505751","16202E","",-46,0.00,"","2010-04-26 09:29:00"
"505758","79341","",-135,0.00,"","2010-04-26 10:18:00"
"505759","79342B","",-173,0.00,"","2010-04-26 10:19:00"
"505760","79323B","",-127,0.00,"","2010-04-26 10:20:00"
"505761","79323G","",-84,0.00,"","2010-04-26 10:21:00"
"505764","79323LP","",-8,0.00,"","2010-04-26 10:25:00"
"505763","79323GR","",-240,0.00,"","2010-04-26 10:25:00"
"505767","79323S","",-88,0.00,"","2010-04-26 10:26:00"
"505765","79323P","",-218,0.00,"","2010-04-26 10:26:00"
"505768","79323W","",-136,0.00,"","2010-04-26 10:27:00"
"505892","21955","",-44,0.00,"","2010-04-26 14:37:00"
"506102","21853","",-3,0.00,"","2010-04-27 13:12:00"
"506307","84599","",-24,0.00,"","2010-04-29 10:50:00"
"506379","47505","",-20,0.00,"","2010-04-29 12:18:00"
"506567","84837","",-30,0.00,"","2010-04-30 12:53:00"
"506568","84837","",-10,0.00,"","2010-04-30 12:53:00"
"506668","21169","",-98,0.00,"","2010-04-30 17:16:00"
"506666","72800A","",-148,0.00,"","2010-04-30 17:16:00"
"506667","85231E","",-234,0.00,"","2010-04-30 17:16:00"
"506670","21670","",-54,0.00,"","2010-04-30 17:18:00"
"506671","22348","",-97,0.00,"","2010-04-30 17:19:00"
"506672","85121B","",-15,0.00,"","2010-04-30 17:19:00"
"506725","90162A","",-145,0.00,"","2010-05-04 10:03:00"
"506823","72023F","",-81,0.00,"","2010-05-04 13:05:00"
"506824","72606A","",-42,0.00,"","2010-05-04 13:05:00"
"506838","84937","",-257,0.00,"","2010-05-04 13:52:00"
"506868","75149N","",-1,0.00,"","2010-05-04 15:24:00"
"506955","16050","",-843,0.00,"","2010-05-05 11:45:00"
"506973","16244B","",-4,0.00,"","2010-05-05 12:41:00"
"507162","21869","",-122,0.00,"","2010-05-06 14:14:00"
"507168","84798B","",-30,0.00,"","2010-05-06 14:32:00"
"507169","84802A","",-90,0.00,"","2010-05-06 14:33:00"
"507172","84688","",-40,0.00,"","2010-05-06 14:50:00"
"507173","84925F","",-50,0.00,"","2010-05-06 14:51:00"
"507182","85117","",-70,0.00,"","2010-05-06 15:27:00"
"507188","35974","",-6,0.00,"","2010-05-06 16:13:00"
"507189","84934","",-80,0.00,"","2010-05-06 16:13:00"
"507257","84867A","",-29,0.00,"","2010-05-07 11:52:00"
"507262","35085E","",-27,0.00,"","2010-05-07 12:20:00"
"507267","22192","",-4,0.00,"","2010-05-07 12:24:00"
"507441","35809B","",-73,0.00,"","2010-05-10 09:25:00"
"507442","84250M","",-50,0.00,"","2010-05-10 09:27:00"
"507444","21335","",-42,0.00,"","2010-05-10 09:36:00"
"507645","84858A","",-6,0.00,"","2010-05-10 15:28:00"
"507670","22253","",-61,0.00,"","2010-05-11 09:01:00"
"507671","72785A","",-9,0.00,"","2010-05-11 09:05:00"
"507672","72805","",-2,0.00,"","2010-05-11 09:06:00"
"507675","20883","",-35,0.00,"","2010-05-11 09:32:00"
"507677","20891","",-85,0.00,"","2010-05-11 09:37:00"
"507679","20890","",-30,0.00,"","2010-05-11 09:40:00"
"507681","72751A","",-11,0.00,"","2010-05-11 09:46:00"
"507680","72751B","",-9,0.00,"","2010-05-11 09:46:00"
"507683","72753C","",-3,0.00,"","2010-05-11 09:48:00"
"507684","20877","",-34,0.00,"","2010-05-11 09:50:00"
"507686","72771B","",-87,0.00,"","2010-05-11 09:53:00"
"507714","20942","",-8,0.00,"","2010-05-11 11:37:00"
"507729","72084B","",-71,0.00,"","2010-05-11 12:04:00"
"507730","84340","",-61,0.00,"","2010-05-11 12:04:00"
"507731","35630B","",-75,0.00,"","2010-05-11 12:05:00"
"507733","35631A","",-119,0.00,"","2010-05-11 12:06:00"
"507734","85007","",-13,0.00,"","2010-05-11 12:09:00"
"507763","84932B","",-4,0.00,"","2010-05-11 12:22:00"
"507778","16169A","",-23,0.00,"","2010-05-11 12:26:00"
"507803","85089","",-23,0.00,"","2010-05-11 12:48:00"
"507808","84899E","",-26,0.00,"","2010-05-11 12:49:00"
"507804","20693","",-5,0.00,"","2010-05-11 12:49:00"
"507810","84537B","",-16,0.00,"","2010-05-11 12:50:00"
"507809","84899F","",-49,0.00,"","2010-05-11 12:50:00"
"507811","10124C","",-5,0.00,"","2010-05-11 12:51:00"
"507812","84251F","",-90,0.00,"","2010-05-11 12:51:00"
"507814","85179B","",-82,0.00,"","2010-05-11 12:52:00"
"507815","21498","",-359,0.00,"","2010-05-11 12:52:00"
"507817","21499","",-259,0.00,"","2010-05-11 12:53:00"
"507820","84569A","",-89,0.00,"","2010-05-11 13:07:00"
"507823","84519D","",-36,0.00,"","2010-05-11 13:08:00"
"507822","84569C","",-120,0.00,"","2010-05-11 13:08:00"
"507825","22148","",-8,0.00,"","2010-05-11 13:09:00"
"507827","85226B","",-125,0.00,"","2010-05-11 13:10:00"
"507828","84195","",-201,0.00,"","2010-05-11 13:10:00"
"507830","84529A","",-310,0.00,"","2010-05-11 13:23:00"
"507832","35652","",-1,0.00,"","2010-05-11 13:24:00"
"507836","21556","",-27,0.00,"","2010-05-11 13:25:00"
"507834","20848","",-8,0.00,"","2010-05-11 13:25:00"
"507835","20953","",-7,0.00,"","2010-05-11 13:25:00"
"507849","84532B","",-12,0.00,"","2010-05-11 14:49:00"
"507850","84948","",-30,0.00,"","2010-05-11 14:50:00"
"507852","17084A","",-32,0.00,"","2010-05-11 14:50:00"
"507851","17084J","",-79,0.00,"","2010-05-11 14:50:00"
"507854","17011B","",-30,0.00,"","2010-05-11 14:51:00"
"507855","17013F","",-8,0.00,"","2010-05-11 14:52:00"
"507857","35968","",-160,0.00,"","2010-05-11 14:53:00"
"507858","79329","",-26,0.00,"","2010-05-11 14:53:00"
"507860","21610","",-110,0.00,"","2010-05-11 14:54:00"
"507859","72129","",-17,0.00,"","2010-05-11 14:54:00"
"507863","20935","",-37,0.00,"","2010-05-11 14:55:00"
"507861","72024U","",-106,0.00,"","2010-05-11 14:55:00"
"507862","20938","",-109,0.00,"","2010-05-11 14:55:00"
"507864","21691","",-34,0.00,"","2010-05-11 14:56:00"
"507866","72709","",-50,0.00,"","2010-05-11 14:56:00"
"507865","21690","",-101,0.00,"","2010-05-11 14:56:00"
"507870","85231K","",-145,0.00,"","2010-05-11 14:58:00"
"507872","21668","",-15,0.00,"","2010-05-11 14:59:00"
"507875","85023C","",-6,0.00,"","2010-05-11 15:00:00"
"507878","79140","",-25,0.00,"","2010-05-11 15:01:00"
"507884","20784","",-16,0.00,"","2010-05-11 16:04:00"
"507887","20787","",-72,0.00,"","2010-05-11 16:06:00"
"507894","84705A","",-4,0.00,"","2010-05-11 17:04:00"
"507893","84705F","",-3,0.00,"","2010-05-11 17:04:00"
"507896","35638A","",-40,0.00,"","2010-05-11 17:05:00"
"507895","85166B","",-14,0.00,"","2010-05-11 17:05:00"
"507898","21644","",-105,0.00,"","2010-05-11 17:06:00"
"507897","21647","",-220,0.00,"","2010-05-11 17:06:00"
"507899","84706F","",-13,0.00,"","2010-05-11 17:06:00"
"507901","21169","",-1,0.00,"","2010-05-11 17:07:00"
"507900","84706E","",-40,0.00,"","2010-05-11 17:07:00"
"507904","21902","",-180,0.00,"","2010-05-11 17:11:00"
"507903","21134","",-400,0.00,"","2010-05-11 17:11:00"
"507908","20758","",-190,0.00,"","2010-05-11 17:12:00"
"507906","20759","",-130,0.00,"","2010-05-11 17:12:00"
"507905","21185","",-18,0.00,"","2010-05-11 17:12:00"
"507907","20760","",-50,0.00,"","2010-05-11 17:12:00"
"507910","21549","",-1,0.00,"","2010-05-11 17:13:00"
"507909","35643","",-60,0.00,"","2010-05-11 17:13:00"
"507911","21553","",-1,0.00,"","2010-05-11 17:13:00"
"507912","21550","",-8,0.00,"","2010-05-11 17:14:00"
"507925","16202C","",-1,0.00,"","2010-05-12 10:05:00"
"507927","35973","",-61,0.00,"","2010-05-12 10:07:00"
"507928","35950","",-101,0.00,"","2010-05-12 10:08:00"
"507929","35609A","",-44,0.00,"","2010-05-12 10:08:00"
"507931","35607A","",-100,0.00,"","2010-05-12 10:09:00"
"507930","35607B","",-120,0.00,"","2010-05-12 10:09:00"
"507933","20910","",-12,0.00,"","2010-05-12 10:10:00"
"507934","20906","",-86,0.00,"","2010-05-12 10:11:00"
"507936","20897","",-11,0.00,"","2010-05-12 10:11:00"
"507935","20898","",-24,0.00,"","2010-05-12 10:11:00"
"507937","20895","",-34,0.00,"","2010-05-12 10:11:00"
"507938","16255","",-76,0.00,"","2010-05-12 10:12:00"
"507939","16254","",-4,0.00,"","2010-05-12 10:18:00"
"507941","84575B","",-36,0.00,"","2010-05-12 10:21:00"
"507942","84743C","",-43,0.00,"","2010-05-12 10:26:00"
"507945","10134","",-12,0.00,"","2010-05-12 10:31:00"
"507946","84934","",-80,0.00,"","2010-05-12 10:32:00"
"507947","84466","",-2,0.00,"","2010-05-12 10:33:00"
"507949","16020C","",-33,0.00,"","2010-05-12 10:34:00"
"507951","20857","",-14,0.00,"","2010-05-12 10:34:00"
"507954","20855","",-70,0.00,"","2010-05-12 10:35:00"
"507957","20863","",-67,0.00,"","2010-05-12 10:35:00"
"507952","20856","",-42,0.00,"","2010-05-12 10:35:00"
"507959","20862","",-70,0.00,"","2010-05-12 10:36:00"
"507962","85086B","",-33,0.00,"","2010-05-12 10:36:00"
"507966","20757","",-160,0.00,"","2010-05-12 10:37:00"
"507968","20756","",-89,0.00,"","2010-05-12 10:37:00"
"507964","20775","",-80,0.00,"","2010-05-12 10:37:00"
"508000","84030E","",-2,0.00,"","2010-05-12 11:47:00"
"508004","21482","",-193,0.00,"","2010-05-12 11:49:00"
"508005","21478","",-34,0.00,"","2010-05-12 11:49:00"
"508006","21099","",-66,0.00,"","2010-05-12 11:50:00"
"508008","21085","",-12,0.00,"","2010-05-12 11:51:00"
"508007","21097","",-23,0.00,"","2010-05-12 11:51:00"
"508011","21665","",-28,0.00,"","2010-05-12 11:54:00"
"508010","20748","",-120,0.00,"","2010-05-12 11:54:00"
"508009","21247","",-25,0.00,"","2010-05-12 11:54:00"
"508015","35918B","",-7,0.00,"","2010-05-12 11:56:00"
"508016","72051S","",-82,0.00,"","2010-05-12 11:57:00"
"508017","21396","",-23,0.00,"","2010-05-12 11:57:00"
"508020","21869","",-3,0.00,"","2010-05-12 11:58:00"
"508019","21871","",-75,0.00,"","2010-05-12 11:58:00"
"508021","37409","",-7,0.00,"","2010-05-12 11:59:00"
"508022","37408","",-15,0.00,"","2010-05-12 11:59:00"
"508025","17129D","",-3,0.00,"","2010-05-12 12:00:00"
"508024","35265","",-12,0.00,"","2010-05-12 12:00:00"
"508023","84562B","",-5,0.00,"","2010-05-12 12:00:00"
"508026","35233","",-1,0.00,"","2010-05-12 12:02:00"
"508028","84990","",-92,0.00,"","2010-05-12 12:04:00"
"508034","84845D","",-3,0.00,"","2010-05-12 12:06:00"
"508033","82607E","",-7,0.00,"","2010-05-12 12:06:00"
"508035","84762C","",-13,0.00,"","2010-05-12 12:07:00"
"508046","85090","",-108,0.00,"","2010-05-12 12:28:00"
"508230","21639","",-312,0.00,"","2010-05-13 17:25:00"
"508232","84926B","",-1,0.00,"","2010-05-13 17:28:00"
"508234","21929","",-52,0.00,"","2010-05-13 18:29:00"
"508369","20786","",-2,0.00,"","2010-05-14 13:25:00"
"508510","21347","",-1,0.00,"","2010-05-17 09:32:00"
"508511","21299","",-2,0.00,"","2010-05-17 09:35:00"
"508512","21343","",-1,0.00,"","2010-05-17 09:36:00"
"508513","21298","",-2,0.00,"","2010-05-17 09:37:00"
"508514","18097B","",-5,0.00,"","2010-05-17 09:37:00"
"508515","20845","",-29,0.00,"","2010-05-17 09:38:00"
"508516","21276","",-8,0.00,"","2010-05-17 09:41:00"
"508517","18098B","",-3,0.00,"","2010-05-17 09:43:00"
"508518","18098A","",-21,0.00,"","2010-05-17 09:43:00"
"508519","35900","",-28,0.00,"","2010-05-17 09:44:00"
"508607","85186B","",-105,0.00,"","2010-05-17 12:41:00"
"508608","72751C","",-4,0.00,"","2010-05-17 12:42:00"
"508655","35071","",-200,0.00,"","2010-05-17 16:05:00"
"508656","21736","",-111,0.00,"","2010-05-17 16:11:00"
"508657","21338","",-3,0.00,"","2010-05-17 16:14:00"
"508658","35908C","",-59,0.00,"","2010-05-17 16:17:00"
"508660","35644","",-6,0.00,"","2010-05-17 16:22:00"
"508662","84255B","",-1,0.00,"","2010-05-17 16:23:00"
"508665","21027","",-80,0.00,"","2010-05-17 16:25:00"
"508667","84901","",-20,0.00,"","2010-05-17 16:26:00"
"508666","90167","",-330,0.00,"","2010-05-17 16:26:00"
"508668","84582","",-1,0.00,"","2010-05-17 16:27:00"
"508670","85135A","",-13,0.00,"","2010-05-17 16:28:00"
"508669","85136B","",-46,0.00,"","2010-05-17 16:28:00"
"508671","84529B","",-2,0.00,"","2010-05-17 16:30:00"
"508672","84874B","",-6,0.00,"","2010-05-17 16:31:00"
"508673","16151A","",-55,0.00,"","2010-05-17 16:36:00"
"508674","84621","",-1,0.00,"","2010-05-17 16:37:00"
"508676","84907","",-18,0.00,"","2010-05-17 16:39:00"
"508679","84472","",-2,0.00,"","2010-05-17 16:41:00"
"508678","84906","",-6,0.00,"","2010-05-17 16:41:00"
"508682","84656","",-1,0.00,"","2010-05-17 16:43:00"
"508683","84653","",-1,0.00,"","2010-05-17 16:43:00"
"508685","84601A","",-89,0.00,"","2010-05-17 16:48:00"
"508686","22177","",-8,0.00,"","2010-05-17 16:53:00"
"508689","21300","",-8,0.00,"","2010-05-17 16:55:00"
"508690","84306","",-22,0.00,"","2010-05-17 16:56:00"
"508691","21304","",-7,0.00,"","2010-05-17 16:57:00"
"508692","21303","",-8,0.00,"","2010-05-17 16:58:00"
"508693","21730","",-11,0.00,"","2010-05-17 16:58:00"
"508694","85147","",-12,0.00,"","2010-05-17 17:01:00"
"508696","21728","",-9,0.00,"","2010-05-17 17:02:00"
"508697","84427B","",-2,0.00,"","2010-05-17 17:04:00"
"508700","22192","",-1,0.00,"","2010-05-17 17:05:00"
"508701","22191","",-10,0.00,"","2010-05-17 17:05:00"
"508702","84387A","",-14,0.00,"","2010-05-17 17:07:00"
"508703","85211","",-40,0.00,"","2010-05-17 17:10:00"
"508705","21438","",-26,0.00,"","2010-05-17 17:10:00"
"508704","85221","",-31,0.00,"","2010-05-17 17:10:00"
"508706","20896","",-15,0.00,"","2010-05-17 17:11:00"
"508708","85190","",-163,0.00,"","2010-05-17 17:12:00"
"508709","85214","",-196,0.00,"","2010-05-17 17:13:00"
"508710","44241C","",-15,0.00,"","2010-05-17 17:13:00"
"508711","16256C","",-300,0.00,"","2010-05-17 17:14:00"
"508713","20991","",-134,0.00,"","2010-05-17 17:15:00"
"508715","37379B","",-2,0.00,"","2010-05-17 17:17:00"
"508716","37379A","",-106,0.00,"","2010-05-17 17:18:00"
"508717","37508","",-14,0.00,"","2010-05-17 17:21:00"
"508719","17108D","",-3,0.00,"","2010-05-17 17:22:00"
"508722","45013","",-20,0.00,"","2010-05-17 17:24:00"
"508720","71434B","",-11,0.00,"","2010-05-17 17:24:00"
"508799","22456","",-25,0.00,"","2010-05-18 12:47:00"
"508862","84762A","",-13,0.00,"","2010-05-18 15:51:00"
"508863","84313A","",-18,0.00,"","2010-05-18 16:08:00"
"509277","75049L","",-6,0.00,"","2010-05-21 11:34:00"
"509280","20791","",-5,0.00,"","2010-05-21 11:38:00"
"509282","84770","",-3,0.00,"","2010-05-21 11:40:00"
"509283","21273","",-2,0.00,"","2010-05-21 11:42:00"
"509285","37492D","",-27,0.00,"","2010-05-21 11:46:00"
"509286","85184B","",-8,0.00,"","2010-05-21 11:48:00"
"509288","21674","",-1,0.00,"","2010-05-21 11:51:00"
"509289","21335","",-4,0.00,"","2010-05-21 11:52:00"
"509291","44091C","",-6,0.00,"","2010-05-21 11:53:00"
"509290","21839","",-15,0.00,"","2010-05-21 11:53:00"
"509298","84773","",-16,0.00,"","2010-05-21 11:57:00"
"509299","84824","",-4,0.00,"","2010-05-21 11:59:00"
"509301","37491D","",-4,0.00,"","2010-05-21 12:00:00"
"509305","35537","",-16,0.00,"","2010-05-21 12:01:00"
"509304","37491B","",-7,0.00,"","2010-05-21 12:01:00"
"509306","84499","",-43,0.00,"","2010-05-21 12:02:00"
"509308","22244","",-37,0.00,"","2010-05-21 12:04:00"
"509309","22243","",-15,0.00,"","2010-05-21 12:04:00"
"509310","21698","",-400,0.00,"","2010-05-21 12:06:00"
"509312","21437","",-1,0.00,"","2010-05-21 12:07:00"
"509315","16215","",-86,0.00,"","2010-05-21 12:08:00"
"509314","21388","",-119,0.00,"","2010-05-21 12:08:00"
"509317","20980","",-10,0.00,"","2010-05-21 12:09:00"
"509316","16212","",-205,0.00,"","2010-05-21 12:09:00"
"509320","20824","",-74,0.00,"","2010-05-21 12:10:00"
"509318","20976","",-17,0.00,"","2010-05-21 12:10:00"
"509319","20799","",-15,0.00,"","2010-05-21 12:10:00"
"509325","21041","",-21,0.00,"","2010-05-21 12:12:00"
"509323","21038","",-20,0.00,"","2010-05-21 12:12:00"
"509324","21040","",-30,0.00,"","2010-05-21 12:12:00"
"509326","21157","",-15,0.00,"","2010-05-21 12:13:00"
"509327","37489C","",-11,0.00,"","2010-05-21 12:13:00"
"509329","37489B","",-14,0.00,"","2010-05-21 12:14:00"
"509328","37489D","",-12,0.00,"","2010-05-21 12:14:00"
"509331","37348","",-3,0.00,"","2010-05-21 12:15:00"
"509330","37482B","",-130,0.00,"","2010-05-21 12:15:00"
"509332","85053","",-50,0.00,"","2010-05-21 12:17:00"
"509334","37487B","",-9,0.00,"","2010-05-21 12:21:00"
"509335","84753A","",-1,0.00,"","2010-05-21 12:22:00"
"509336","21387","",-19,0.00,"","2010-05-21 12:23:00"
"509541","35793","",-50,0.00,"","2010-05-24 12:26:00"
"509547","21698","",-80,0.00,"","2010-05-24 12:35:00"
"509571","85162C","",-70,0.00,"","2010-05-24 13:28:00"
"509594","35160","",-590,0.00,"","2010-05-24 15:21:00"
"509599","37422","",-250,0.00,"","2010-05-24 15:44:00"
"509643","17165B","",-190,0.00,"","2010-05-25 11:25:00"
"509774","21267","",-22,0.00,"","2010-05-25 16:48:00"
"509775","35840","",-78,0.00,"","2010-05-25 16:49:00"
"509776","20690","",-3,0.00,"","2010-05-25 16:50:00"
"509780","84615","",-8,0.00,"","2010-05-25 17:06:00"
"509781","35979","",-70,0.00,"","2010-05-25 17:06:00"
"509782","21705","",-10,0.00,"","2010-05-25 17:08:00"
"509783","35980B","",-17,0.00,"","2010-05-25 17:08:00"
"509786","21726","",-50,0.00,"","2010-05-25 17:10:00"
"509785","84559D","",-20,0.00,"","2010-05-25 17:10:00"
"509787","21723","",-40,0.00,"","2010-05-25 17:10:00"
"509789","47016","",-23,0.00,"","2010-05-25 17:11:00"
"509791","84622","",-33,0.00,"","2010-05-25 17:12:00"
"509792","45008C","",-38,0.00,"","2010-05-25 17:13:00"
"509794","16239","",-7,0.00,"","2010-05-25 17:16:00"
"509796","84765","",-23,0.00,"","2010-05-25 17:17:00"
"509797","82585","",-13,0.00,"","2010-05-25 17:17:00"
"509799","82587","",-77,0.00,"","2010-05-25 17:18:00"
"509803","20832","",-150,0.00,"","2010-05-25 17:19:00"
"509800","84711A","",-205,0.00,"","2010-05-25 17:19:00"
"509802","84425A","",-6,0.00,"","2010-05-25 17:19:00"
"509801","20793","",-9,0.00,"","2010-05-25 17:19:00"
"509804","85129D","",-40,0.00,"","2010-05-25 17:20:00"
"509806","85129C","",-30,0.00,"","2010-05-25 17:20:00"
"509805","85129A","",-7,0.00,"","2010-05-25 17:20:00"
"509808","85130A","",-90,0.00,"","2010-05-25 17:21:00"
"509807","85129B","",-20,0.00,"","2010-05-25 17:21:00"
"509809","47503E","",-20,0.00,"","2010-05-25 17:22:00"
"509811","47504G","",-1,0.00,"","2010-05-25 17:23:00"
"509812","85117","",-3,0.00,"","2010-05-25 17:23:00"
"509813","85119","",-11,0.00,"","2010-05-25 17:24:00"
"509814","84482","",-54,0.00,"","2010-05-25 17:26:00"
"509815","84875D","",-10,0.00,"","2010-05-25 17:26:00"
"509816","84875B","",-18,0.00,"","2010-05-25 17:27:00"
"509818","10138","",-8,0.00,"","2010-05-25 17:28:00"
"509821","21228","",-18,0.00,"","2010-05-25 17:29:00"
"509820","16044","",-48,0.00,"","2010-05-25 17:29:00"
"509819","16049","",-440,0.00,"","2010-05-25 17:29:00"
"509826","20653","",-14,0.00,"","2010-05-25 17:39:00"
"509824","20652","",-40,0.00,"","2010-05-25 17:39:00"
"509825","20618","",-40,0.00,"","2010-05-25 17:39:00"
"509828","20659","",-67,0.00,"","2010-05-25 17:40:00"
"509829","20669","",-40,0.00,"","2010-05-25 17:40:00"
"509827","20617","",-33,0.00,"","2010-05-25 17:40:00"
"509830","20660","",-43,0.00,"","2010-05-25 17:41:00"
"509832","85114C","",-8,0.00,"","2010-05-25 17:43:00"
"509834","37422","",-4,0.00,"","2010-05-25 17:44:00"
"509836","47562","",-3,0.00,"","2010-05-25 17:45:00"
"509837","47581B","",-4,0.00,"","2010-05-25 17:46:00"
"509839","79072","",-4,0.00,"","2010-05-25 17:47:00"
"509838","47598","",-7,0.00,"","2010-05-25 17:47:00"
"509840","71406B","",-81,0.00,"","2010-05-25 17:51:00"
"509841","84798A","",-37,0.00,"","2010-05-25 17:51:00"
"509842","84803A","",-29,0.00,"","2010-05-25 17:52:00"
"509843","84675","",-99,0.00,"","2010-05-25 17:52:00"
"509844","47505","",-2,0.00,"","2010-05-25 17:52:00"
"509846","84964A","",-1,0.00,"","2010-05-25 17:55:00"
"509847","78027","",-7,0.00,"","2010-05-25 17:56:00"
"509848","85205A","",-19,0.00,"","2010-05-25 17:58:00"
"509986","22189","",-146,0.00,"","2010-05-26 14:49:00"
"509987","84796A","",-35,0.00,"","2010-05-26 14:50:00"
"509988","84796B","",-40,0.00,"","2010-05-26 14:51:00"
"510020","84873A","",-17,0.00,"","2010-05-26 15:25:00"
"510021","84872A","",-12,0.00,"","2010-05-26 15:25:00"
"510024","84797B","",-26,0.00,"","2010-05-26 15:26:00"
"510027","84797A","",-15,0.00,"","2010-05-26 15:26:00"
"510068","22423","",-30,0.00,"","2010-05-27 11:08:00"
"510179","90036E","",-10,0.00,"","2010-05-27 15:08:00"
"510238","21340","",-13,0.00,"","2010-05-28 09:57:00"
"510540","84452","",-110,0.00,"","2010-06-01 14:43:00"
"510638","84450B","",-50,0.00,"","2010-06-02 12:03:00"
"510664","84858B","",-54,0.00,"","2010-06-02 14:50:00"
"510687","46000U","",-15,0.00,"","2010-06-03 10:05:00"
"510800","84529C","",-14,0.00,"","2010-06-03 17:44:00"
"510840","90082B","",-11,0.00,"","2010-06-04 09:30:00"
"510842","90066A","",-1,0.00,"","2010-06-04 09:31:00"
"510843","90065B","",-25,0.00,"","2010-06-04 09:31:00"
"510841","90081A","",-8,0.00,"","2010-06-04 09:31:00"
"510844","90065A","",-32,0.00,"","2010-06-04 09:32:00"
"510845","90060C","",-1,0.00,"","2010-06-04 09:32:00"
"510846","90060B","",-1,0.00,"","2010-06-04 09:33:00"
"510847","90042C","",-11,0.00,"","2010-06-04 09:33:00"
"510849","90040D","",-17,0.00,"","2010-06-04 09:34:00"
"510850","90040B","",-8,0.00,"","2010-06-04 09:34:00"
"510848","90042A","",-10,0.00,"","2010-06-04 09:34:00"
"510851","90040A","",-6,0.00,"","2010-06-04 09:35:00"
"510854","90199B","",-6,0.00,"","2010-06-04 09:36:00"
"510853","90203","",-33,0.00,"","2010-06-04 09:36:00"
"510855","90196A","",-13,0.00,"","2010-06-04 09:38:00"
"510856","90194","",-51,0.00,"","2010-06-04 09:44:00"
"510857","90192","",-14,0.00,"","2010-06-04 09:45:00"
"510858","90188","",-50,0.00,"","2010-06-04 09:47:00"
"510859","90187A","",-8,0.00,"","2010-06-04 09:48:00"
"510861","90185D","",-48,0.00,"","2010-06-04 09:49:00"
"510862","90185C","",-5,0.00,"","2010-06-04 09:49:00"
"510863","90185B","",-46,0.00,"","2010-06-04 09:50:00"
"510864","90185A","",-19,0.00,"","2010-06-04 09:51:00"
"510865","90038B","",-19,0.00,"","2010-06-04 09:51:00"
"510869","90035C","",-24,0.00,"","2010-06-04 09:55:00"
"510870","90035B","",-2,0.00,"","2010-06-04 09:55:00"
"510871","90027D","",-9,0.00,"","2010-06-04 09:55:00"
"510872","90027A","",-37,0.00,"","2010-06-04 09:56:00"
"510873","90026D","",-3,0.00,"","2010-06-04 09:56:00"
"510874","90026A","",-29,0.00,"","2010-06-04 09:57:00"
"510875","90025A","",-2,0.00,"","2010-06-04 09:58:00"
"510876","90025B","",-42,0.00,"","2010-06-04 09:58:00"
"510877","90025C","",-230,0.00,"","2010-06-04 09:59:00"
"510880","90025D","",-15,0.00,"","2010-06-04 09:59:00"
"510881","90019C","",-26,0.00,"","2010-06-04 10:00:00"
"510882","90018C","",-24,0.00,"","2010-06-04 10:00:00"
"510884","90013D","",-12,0.00,"","2010-06-04 10:01:00"
"510883","90013E","",-5,0.00,"","2010-06-04 10:01:00"
"510886","90011E","",-5,0.00,"","2010-06-04 10:02:00"
"510885","90013A","",-5,0.00,"","2010-06-04 10:02:00"
"510887","90011D","",-9,0.00,"","2010-06-04 10:03:00"
"510889","90011B","",-32,0.00,"","2010-06-04 10:04:00"
"510890","90011A","",-10,0.00,"","2010-06-04 10:04:00"
"510892","90003C","",-6,0.00,"","2010-06-04 10:06:00"
"510891","90003D","",-3,0.00,"","2010-06-04 10:06:00"
"510893","90003B","",-8,0.00,"","2010-06-04 10:07:00"
"510894","90002E","",-35,0.00,"","2010-06-04 10:07:00"
"510896","90001C","",-11,0.00,"","2010-06-04 10:08:00"
"510895","90002C","",-28,0.00,"","2010-06-04 10:08:00"
"510899","90000B","",-6,0.00,"","2010-06-04 10:09:00"
"510897","90001B","",-7,0.00,"","2010-06-04 10:09:00"
"510900","90173","",-9,0.00,"","2010-06-04 10:10:00"
"510902","90171","",-51,0.00,"","2010-06-04 10:10:00"
"510905","90117","",-23,0.00,"","2010-06-04 10:14:00"
"510904","90120A","",-12,0.00,"","2010-06-04 10:14:00"
"510906","90107","",-48,0.00,"","2010-06-04 10:15:00"
"510907","90092","",-123,0.00,"","2010-06-04 10:16:00"
"510909","90088","",-23,0.00,"","2010-06-04 10:17:00"
"510911","90085","",-123,0.00,"","2010-06-04 10:18:00"
"510913","90128D","",-17,0.00,"","2010-06-04 10:19:00"
"510914","90128C","",-27,0.00,"","2010-06-04 10:19:00"
"510917","90116","",-26,0.00,"","2010-06-04 10:25:00"
"510918","90116","",-10,0.00,"","2010-06-04 10:25:00"
"510919","90115","",-25,0.00,"","2010-06-04 10:26:00"
"510920","90112","",-31,0.00,"","2010-06-04 10:26:00"
"510923","90100","",-24,0.00,"","2010-06-04 10:27:00"
"510922","90102","",-57,0.00,"","2010-06-04 10:27:00"
"510926","90095","",-29,0.00,"","2010-06-04 10:28:00"
"510928","90108","",-45,0.00,"","2010-06-04 10:28:00"
"510970","90190B","",-118,0.00,"","2010-06-04 12:03:00"
"510971","90037D","",-126,0.00,"","2010-06-04 12:04:00"
"510972","90005A","",-164,0.00,"","2010-06-04 12:05:00"
"510973","90096","",-148,0.00,"","2010-06-04 12:06:00"
"511454","21659","",-15,0.00,"","2010-06-08 12:46:00"
"511456","22191","",-2,0.00,"","2010-06-08 12:48:00"
"511457","22189","",-12,0.00,"","2010-06-08 12:49:00"
"511458","37502","",-4,0.00,"","2010-06-08 12:49:00"
"511459","22285","",-150,0.00,"","2010-06-08 12:51:00"
"511472","20728","",-148,0.00,"","2010-06-08 13:23:00"
"511694","84965B","",-1,0.00,"","2010-06-09 16:53:00"
"511695","84967B","",-1,0.00,"","2010-06-09 16:54:00"
"511948","85222","",-1158,0.00,"","2010-06-11 12:37:00"
"511956","84932A","",-38,0.00,"","2010-06-11 13:15:00"
"512041","84424A","",-1,0.00,"","2010-06-11 16:28:00"
"512408","21175","",-700,0.00,"","2010-06-15 13:18:00"
"512410","21589","",-23,0.00,"","2010-06-15 13:18:00"
"512521","78033","",-10,0.00,"","2010-06-16 11:47:00"
"512883","22534","",-190,0.00,"","2010-06-18 12:01:00"
"512885","85165","",-6,0.00,"","2010-06-18 12:02:00"
"512887","22285","",-17,0.00,"","2010-06-18 12:03:00"
"512918","21244","",-37,0.00,"","2010-06-18 15:57:00"
"513104","22719","",-52,0.00,"","2010-06-21 15:58:00"
"513107","84795C","",-4,0.00,"","2010-06-21 16:03:00"
"513282","35271S","",-107,0.00,"","2010-06-23 13:35:00"
"513451","21127","",-28,0.00,"","2010-06-24 15:13:00"
"513470","20818","",-30,0.00,"","2010-06-24 16:46:00"
"513473","37446","",-20,0.00,"","2010-06-24 16:51:00"
"513475","84279B","",-59,0.00,"","2010-06-24 16:53:00"
"513476","84985A","",-66,0.00,"","2010-06-24 16:53:00"
"513552","47598","",-4,0.00,"","2010-06-25 12:42:00"
"513798","22082","",-27,0.00,"","2010-06-28 16:38:00"
"513824","47566B","",-144,0.00,"","2010-06-29 10:48:00"
"514133","21165","",-155,0.00,"","2010-06-30 13:25:00"
"514388","21655","",-80,0.00,"","2010-07-02 11:49:00"
"514674","84375","",-50,0.00,"","2010-07-05 13:28:00"
"514944","21216","",-14,0.00,"","2010-07-07 11:43:00"
"514947","84509F","",-23,0.00,"","2010-07-07 11:45:00"
"514997","47599A","",-105,0.00,"","2010-07-07 14:54:00"
"515002","21048","",-2,0.00,"","2010-07-07 15:35:00"
"515001","21920","",-2,0.00,"","2010-07-07 15:35:00"
"515060","21134","",-114,0.00,"","2010-07-08 10:54:00"
"515190","22347","",-68,0.00,"","2010-07-09 10:06:00"
"515297","22656","",-1,0.00,"","2010-07-09 15:23:00"
"515300","21768","",-7,0.00,"","2010-07-09 15:31:00"
"515478","21593","",-151,0.00,"","2010-07-13 09:53:00"
"515820","21419","",-10,0.00,"","2010-07-15 09:57:00"
"515822","85017A","",-11,0.00,"","2010-07-15 10:03:00"
"515824","84510F","",-29,0.00,"","2010-07-15 10:06:00"
"515864","21777","",-31,0.00,"","2010-07-15 11:27:00"
"515867","22164","",-23,0.00,"","2010-07-15 11:28:00"
"516009","85074","",-120,0.00,"","2010-07-16 09:41:00"
"516008","85073","",-599,0.00,"","2010-07-16 09:41:00"
"516121","22604","",-2560,0.00,"","2010-07-16 14:59:00"
"516122","22638","",-2560,0.00,"","2010-07-16 14:59:00"
"516123","22639","",-2560,0.00,"","2010-07-16 15:00:00"
"516126","22642","",-2560,0.00,"","2010-07-16 15:00:00"
"516124","22640","",-2560,0.00,"","2010-07-16 15:00:00"
"516125","22641","",-2560,0.00,"","2010-07-16 15:00:00"
"516127","22643","",-2560,0.00,"","2010-07-16 15:00:00"
"516474","21440","",-21,0.00,"","2010-07-20 15:57:00"
"516660","48197","",-7,0.00,"","2010-07-22 11:29:00"
"516666","84715","",-43,0.00,"","2010-07-22 11:30:00"
"516662","40018F","",-30,0.00,"","2010-07-22 11:30:00"
"516669","84670","",-100,0.00,"","2010-07-22 11:32:00"
"516675","22413","",-40,0.00,"","2010-07-22 11:34:00"
"516681","22086","",-89,0.00,"","2010-07-22 11:37:00"
"517255","44230","",-162,0.00,"","2010-07-27 16:32:00"
"517396","37503","",-104,0.00,"","2010-07-29 10:08:00"
"517879","21768","",-387,0.00,"","2010-08-02 16:59:00"
"517880","22655","",-19,0.00,"","2010-08-02 16:59:00"
"517881","22656","",-23,0.00,"","2010-08-02 17:00:00"
"517907","79029","",-206,0.00,"","2010-08-03 10:06:00"
"517954","44228","",-48,0.00,"","2010-08-03 11:56:00"
"518277","17181","",-34,0.00,"","2010-08-06 10:07:00"
"518304","37449","",-19,0.00,"","2010-08-06 12:02:00"
"518424","47503K","",-8,0.00,"","2010-08-09 09:28:00"
"518425","17039","",-1227,0.00,"","2010-08-09 09:29:00"
"518785","C3","",-4999,0.00,"","2010-08-11 16:55:00"
"518965","84970L","",-32,0.00,"","2010-08-12 15:45:00"
"519016","22752","",-6000,0.00,"","2010-08-13 09:13:00"
"519017","22759","",-9600,0.00,"","2010-08-13 09:14:00"
"519018","22753","",-5000,0.00,"","2010-08-13 09:15:00"
"519019","22754","",-5000,0.00,"","2010-08-13 09:16:00"
"519020","22755","",-5000,0.00,"","2010-08-13 09:17:00"
"519022","22757","",-5000,0.00,"","2010-08-13 09:17:00"
"519023","22758","",-5000,0.00,"","2010-08-13 09:17:00"
"519021","22756","",-5000,0.00,"","2010-08-13 09:17:00"
"519088","10123C","",-110,0.00,"","2010-08-13 11:46:00"
"519089","21336","",-17,0.00,"","2010-08-13 11:46:00"
"519090","84493","",-65,0.00,"","2010-08-13 11:46:00"
"519093","85109","",-46,0.00,"","2010-08-13 11:47:00"
"519091","85006","",-33,0.00,"","2010-08-13 11:47:00"
"519092","85184D","",-275,0.00,"","2010-08-13 11:47:00"
"519094","85110","",-33,0.00,"","2010-08-13 11:48:00"
"519096","21281","",-11,0.00,"","2010-08-13 11:48:00"
"519097","21278","",-26,0.00,"","2010-08-13 11:49:00"
"519100","84924D","",-5,0.00,"","2010-08-13 11:53:00"
"519099","84927A","",-15,0.00,"","2010-08-13 11:53:00"
"519102","16202A","",-99,0.00,"","2010-08-13 11:54:00"
"519103","16202B","",-80,0.00,"","2010-08-13 11:54:00"
"519101","84924F","",-14,0.00,"","2010-08-13 11:54:00"
"519105","16047","",-45,0.00,"","2010-08-13 11:55:00"
"519104","16043","",-295,0.00,"","2010-08-13 11:55:00"
"519106","16053","",-412,0.00,"","2010-08-13 11:56:00"
"519107","20663","",-18,0.00,"","2010-08-13 11:56:00"
"519108","20666","",-11,0.00,"","2010-08-13 11:56:00"
"519110","21082","",-57,0.00,"","2010-08-13 11:57:00"
"519109","20670","",-21,0.00,"","2010-08-13 11:57:00"
"519111","37444A","",-30,0.00,"","2010-08-13 11:58:00"
"519113","37444C","",-29,0.00,"","2010-08-13 11:58:00"
"519117","21393","",-19,0.00,"","2010-08-13 11:59:00"
"519114","37471","",-111,0.00,"","2010-08-13 11:59:00"
"519119","84847","",-17,0.00,"","2010-08-13 12:00:00"
"519118","84842","",-11,0.00,"","2010-08-13 12:00:00"
"519191","15036","",-470,0.00,"","2010-08-13 16:53:00"
"519361","22457","",-13,0.00,"","2010-08-16 12:49:00"
"519362","85150","",-231,0.00,"","2010-08-16 12:53:00"
"519365","21203","",-58,0.00,"","2010-08-16 13:02:00"
"519367","22427","",-12,0.00,"","2010-08-16 13:03:00"
"519370","37449","",-8,0.00,"","2010-08-16 13:09:00"
"519375","21900","",-1520,0.00,"","2010-08-16 13:28:00"
"519376","21902","",-181,0.00,"","2010-08-16 13:29:00"
"519379","85152","",-315,0.00,"","2010-08-16 13:32:00"
"519579","21542","",-66,0.00,"","2010-08-18 13:10:00"
"519603","37476","",-20,0.00,"","2010-08-18 16:04:00"
"520083","22302","",-317,0.00,"","2010-08-24 10:42:00"
"520219","72801E","",-60,0.00,"","2010-08-25 09:41:00"
"520227","48187","",-20,0.00,"","2010-08-25 10:21:00"
"520326","48116","",-16,0.00,"","2010-08-25 12:19:00"
"520325","79303B","",-5,0.00,"","2010-08-25 12:19:00"
"520330","85217","",-70,0.00,"","2010-08-25 12:29:00"
"520331","85031A","",-9,0.00,"","2010-08-25 12:29:00"
"520332","21445","",-93,0.00,"","2010-08-25 12:30:00"
"520333","84989A","",-41,0.00,"","2010-08-25 12:31:00"
"520335","47502","",-31,0.00,"","2010-08-25 12:31:00"
"520486","22300","",-200,0.00,"","2010-08-26 11:57:00"
"520487","22301","",-200,0.00,"","2010-08-26 11:57:00"
"520489","22304","",-200,0.00,"","2010-08-26 11:58:00"
"520488","22303","",-200,0.00,"","2010-08-26 11:58:00"
"520490","22305","",-200,0.00,"","2010-08-26 11:59:00"
"520491","22306","",-200,0.00,"","2010-08-26 11:59:00"
"520492","22307","",-200,0.00,"","2010-08-26 11:59:00"
"520741","35811A","",-31,0.00,"","2010-08-31 10:11:00"
"520898","22143","",-88,0.00,"","2010-09-01 09:22:00"
"521224","20960","",-118,0.00,"","2010-09-03 10:45:00"
"521281","20960","",-2,0.00,"","2010-09-03 11:37:00"
"521348","21770","",-36,0.00,"","2010-09-03 14:10:00"
"521408","47597","",-22,0.00,"","2010-09-06 11:13:00"
"521409","72801E","",-5,0.00,"","2010-09-06 11:14:00"
"521517","16033","",-1480,0.00,"","2010-09-06 14:37:00"
"521519","16033","",-999,0.00,"","2010-09-06 14:37:00"
"521545","21687","",-39,0.00,"","2010-09-06 15:13:00"
"521772","16169P","",-11,0.00,"","2010-09-08 12:36:00"
"521773","16169N","",-42,0.00,"","2010-09-08 12:37:00"
"521776","47590B","",-42,0.00,"","2010-09-08 12:38:00"
"521777","62096B","",-3,0.00,"","2010-09-08 12:38:00"
"521779","21548","",-29,0.00,"","2010-09-08 12:42:00"
"521780","84497","",-71,0.00,"","2010-09-08 12:42:00"
"521783","22087","",-67,0.00,"","2010-09-08 12:43:00"
"521863","16201A","",-18,0.00,"","2010-09-09 11:01:00"
"521865","85098B","",-21,0.00,"","2010-09-09 11:01:00"
"521895","21335","",-2,0.00,"","2010-09-09 12:15:00"
"521930","21761","",-4,0.00,"","2010-09-09 15:29:00"
"522195","22429","",-9,0.00,"","2010-09-13 11:54:00"
"522551","22909","",-1000,0.00,"","2010-09-15 11:55:00"
"522556","22952","",-1000,0.00,"","2010-09-15 11:56:00"
"522554","22895","",-1000,0.00,"","2010-09-15 11:56:00"
"522559","22910","",-1000,0.00,"","2010-09-15 11:57:00"
"522558","22950","",-1000,0.00,"","2010-09-15 11:57:00"
"522747","35537","",-15,0.00,"","2010-09-16 13:14:00"
"522749","79336","",-30,0.00,"","2010-09-16 13:25:00"
"522753","79328","",-50,0.00,"","2010-09-16 13:34:00"
"522756","84288B","",-2,0.00,"","2010-09-16 13:37:00"
"522758","84529A","",-1,0.00,"","2010-09-16 13:39:00"
"522759","84555A","",-1,0.00,"","2010-09-16 13:40:00"
"522776","72225D","",-12,0.00,"","2010-09-16 14:37:00"
"522781","84247D","",-3,0.00,"","2010-09-16 14:38:00"
"522784","84614C","",-2,0.00,"","2010-09-16 14:39:00"
"522790","85231L","",-40,0.00,"","2010-09-16 14:48:00"
"523284","72529W","",-88,0.00,"","2010-09-21 12:04:00"
"523287","85033G","",-50,0.00,"","2010-09-21 12:14:00"
"523288","85033S","",-23,0.00,"","2010-09-21 12:15:00"
"523317","72529W","",-16,0.00,"","2010-09-21 13:31:00"
"523318","85033G","",-2,0.00,"","2010-09-21 13:32:00"
"523325","51008","",-266,0.00,"","2010-09-21 14:12:00"
"523517","21269","",-7,0.00,"","2010-09-22 13:02:00"
"523518","84685","",-15,0.00,"","2010-09-22 13:02:00"
"523519","84845C","",-1,0.00,"","2010-09-22 13:03:00"
"523523","17165B","",-55,0.00,"","2010-09-22 13:06:00"
"523521","85049B","",-73,0.00,"","2010-09-22 13:06:00"
"523525","22328","",-43,0.00,"","2010-09-22 13:07:00"
"523527","21661","",-16,0.00,"","2010-09-22 13:08:00"
"523528","37333","",-86,0.00,"","2010-09-22 13:08:00"
"523529","20671","",-117,0.00,"","2010-09-22 13:09:00"
"523530","84782A","",-11,0.00,"","2010-09-22 13:10:00"
"523737","22908","",-96,0.00,"","2010-09-23 17:46:00"
"523914","22900","",-100,0.00,"","2010-09-24 16:13:00"
"523915","22895","",-100,0.00,"","2010-09-24 16:13:00"
"523916","22898","",-150,0.00,"","2010-09-24 16:13:00"
"523920","22896","",-200,0.00,"","2010-09-24 16:14:00"
"523919","22897","",-200,0.00,"","2010-09-24 16:14:00"
"523917","22939","",-50,0.00,"","2010-09-24 16:14:00"
"523918","22894","",-50,0.00,"","2010-09-24 16:14:00"
"523926","20943","",-59,0.00,"","2010-09-24 16:38:00"
"523927","35966","",-64,0.00,"","2010-09-24 16:38:00"
"523925","21350","",-4,0.00,"","2010-09-24 16:38:00"
"523928","35962","",-32,0.00,"","2010-09-24 16:39:00"
"524297","22612","",-3,0.00,"","2010-09-28 13:12:00"
"524629","47589","",-28,0.00,"","2010-09-30 11:02:00"
"524630","22323","",-20,0.00,"","2010-09-30 11:03:00"
"524632","21612","",-46,0.00,"","2010-09-30 11:21:00"
"524639","21432","",-26,0.00,"","2010-09-30 11:29:00"
"525096","21432","",-43,0.00,"","2010-10-04 09:32:00"
"525266","45016","",-36,0.00,"","2010-10-04 16:13:00"
"525293","79315W","",-6,0.00,"","2010-10-05 09:18:00"
"525505","20784","",-1,0.00,"","2010-10-05 17:02:00"
"525508","82578","",-130,0.00,"","2010-10-05 17:04:00"
"525507","21171","",-110,0.00,"","2010-10-05 17:04:00"
"525510","21241","",-90,0.00,"","2010-10-05 17:05:00"
"525512","84682","",-15,0.00,"","2010-10-05 17:06:00"
"525514","22303","",-27,0.00,"","2010-10-05 17:07:00"
"525513","21658","",-18,0.00,"","2010-10-05 17:07:00"
"525516","22058","",-11,0.00,"","2010-10-05 17:08:00"
"525515","35911B","",-9,0.00,"","2010-10-05 17:08:00"
"525517","21004","",-34,0.00,"","2010-10-05 17:09:00"
"525518","45013","",-6,0.00,"","2010-10-05 17:09:00"
"525519","35594","",-38,0.00,"","2010-10-05 17:10:00"
"525893","90112","",-19,0.00,"","2010-10-07 15:11:00"
"525993","22326","",-15,0.00,"","2010-10-08 11:29:00"
"526431","84967C","",-2,0.00,"","2010-10-11 15:13:00"
"527090","21611","",-42,0.00,"","2010-10-14 15:53:00"
"527665","22122","",-1,0.00,"","2010-10-18 14:32:00"
"527666","21552","",-1,0.00,"","2010-10-18 14:34:00"
"527667","35085E","",-1,0.00,"","2010-10-18 14:35:00"
"527668","35817B","",-1,0.00,"","2010-10-18 14:36:00"
"527670","47592B","",-1,0.00,"","2010-10-18 14:37:00"
"527669","37506","",-1,0.00,"","2010-10-18 14:37:00"
"527672","72023F","",-1,0.00,"","2010-10-18 14:42:00"
"527671","62097A","",-1,0.00,"","2010-10-18 14:42:00"
"527673","81985A","",-1,0.00,"","2010-10-18 14:43:00"
"527674","82587","",-1,0.00,"","2010-10-18 14:44:00"
"527676","84327A","",-1,0.00,"","2010-10-18 14:48:00"
"527677","84437A","",-1,0.00,"","2010-10-18 14:49:00"
"527680","21645","",-10,0.00,"","2010-10-18 14:51:00"
"527681","84656","",-1,0.00,"","2010-10-18 14:52:00"
"527683","84791","",-1,0.00,"","2010-10-18 14:53:00"
"527685","84886","",-1,0.00,"","2010-10-18 14:54:00"
"527686","21973","",-178,0.00,"","2010-10-18 14:55:00"
"527689","22596","",-36,0.00,"","2010-10-18 14:57:00"
"527692","84902","",-1,0.00,"","2010-10-18 15:10:00"
"527708","84932D","",-2,0.00,"","2010-10-18 15:18:00"
"527709","84932A","",-3,0.00,"","2010-10-18 15:19:00"
"527714","85014C","",-1,0.00,"","2010-10-18 15:24:00"
"527726","17011D","",-1,0.00,"","2010-10-18 15:42:00"
"527771","37462B","",-13,0.00,"","2010-10-19 10:23:00"
"528312","85042","",-166,0.00,"","2010-10-21 12:20:00"
"528371","22275","",-34,0.00,"","2010-10-21 16:51:00"
"528453","85047","",-128,0.00,"","2010-10-22 11:30:00"
"528454","82615","",-123,0.00,"","2010-10-22 11:31:00"
"528455","20703","",-36,0.00,"","2010-10-22 11:31:00"
"528456","21410","",-4,0.00,"","2010-10-22 11:31:00"
"528457","84854","",-4,0.00,"","2010-10-22 11:32:00"
"528461","85044","",-66,0.00,"","2010-10-22 11:35:00"
"528462","16169F","",-196,0.00,"","2010-10-22 11:35:00"
"528465","21010","",-59,0.00,"","2010-10-22 11:36:00"
"528463","21825","",-40,0.00,"","2010-10-22 11:36:00"
"528464","21146","",-30,0.00,"","2010-10-22 11:36:00"
"528467","35951","",-148,0.00,"","2010-10-22 11:37:00"
"528466","21009","",-135,0.00,"","2010-10-22 11:37:00"
"528468","35937","",-31,0.00,"","2010-10-22 11:38:00"
"528469","85084","",-50,0.00,"","2010-10-22 11:39:00"
"528873","22554","",-66,0.00,"","2010-10-25 11:50:00"
"528905","72793","",-12,0.00,"","2010-10-25 13:24:00"
"528935","21268","",-2,0.00,"","2010-10-25 15:15:00"
"528938","22950","",-96,0.00,"","2010-10-25 15:27:00"
"528943","21016","",-216,0.00,"","2010-10-25 15:30:00"
"528958","35951","",-11,0.00,"","2010-10-26 09:19:00"
"529525","85230F","",-174,0.00,"","2010-10-28 15:57:00"
"529530","72803B","",-12,0.00,"","2010-10-28 16:23:00"
"529534","21282","",-20,0.00,"","2010-10-28 16:30:00"
"529533","72606A","",-3,0.00,"","2010-10-28 16:30:00"
"529536","62095B","",-32,0.00,"","2010-10-28 16:32:00"
"529539","72796A","",-3,0.00,"","2010-10-28 16:34:00"
"529540","17021","",-1000,0.00,"","2010-10-28 16:36:00"
"529541","72008","",-77,0.00,"","2010-10-28 16:38:00"
"529542","17014F","",-11,0.00,"","2010-10-28 16:40:00"
"529543","21283","",-15,0.00,"","2010-10-28 16:41:00"
"529545","72529W","",-9,0.00,"","2010-10-28 17:10:00"
"529548","21784","",-5,0.00,"","2010-10-28 17:15:00"
"529549","85018C","",-1,0.00,"","2010-10-28 17:16:00"
"529551","17014D","",-4,0.00,"","2010-10-28 17:18:00"
"529552","85018A","",-1,0.00,"","2010-10-28 17:20:00"
"529556","72814","",-19,0.00,"","2010-10-28 17:43:00"
"529555","72798C","",-20,0.00,"","2010-10-28 17:43:00"
"529558","85230B","",-168,0.00,"","2010-10-28 17:52:00"
"529563","20776","",-7,0.00,"","2010-10-28 18:14:00"
"529570","84375","",-31,0.00,"","2010-10-28 18:48:00"
"529574","21077","",-20,0.00,"","2010-10-28 18:54:00"
"529579","37352","",-5,0.00,"","2010-10-28 19:01:00"
"529580","72728","",-6,0.00,"","2010-10-28 19:17:00"
"529581","21085","",-7,0.00,"","2010-10-28 19:20:00"
"529583","84613C","",-17,0.00,"","2010-10-28 19:24:00"
"530004","21247","",-12,0.00,"","2010-11-01 09:24:00"
"530118","72801G","",-16,0.00,"","2010-11-01 14:38:00"
"530119","72780","",-20,0.00,"","2010-11-01 14:39:00"
"530126","21686","",-8,0.00,"","2010-11-01 15:21:00"
"530128","21319","",-37,0.00,"","2010-11-01 15:24:00"
"530127","85164B","",-3,0.00,"","2010-11-01 15:24:00"
"530131","21316","",-16,0.00,"","2010-11-01 15:28:00"
"530132","21950","",-90,0.00,"","2010-11-01 15:28:00"
"530133","21078","",-93,0.00,"","2010-11-01 15:30:00"
"530134","84532B","",-2,0.00,"","2010-11-01 15:31:00"
"530135","SP1002","",-27,0.00,"","2010-11-01 15:33:00"
"530141","82011C","",-27,0.00,"","2010-11-01 16:46:00"
"530142","21664","",-54,0.00,"","2010-11-01 16:48:00"
"530143","21097","",-8,0.00,"","2010-11-01 16:49:00"
"530145","17013F","",-2,0.00,"","2010-11-01 16:50:00"
"530147","21904","",-27,0.00,"","2010-11-01 16:51:00"
"530149","21910","",-27,0.00,"","2010-11-01 16:51:00"
"530151","84247L","",-111,0.00,"","2010-11-01 16:53:00"
"530153","47552A","",-1,0.00,"","2010-11-01 16:54:00"
"530152","84249D","",-16,0.00,"","2010-11-01 16:54:00"
"530155","21652","",-3,0.00,"","2010-11-01 16:55:00"
"530154","17011B","",-7,0.00,"","2010-11-01 16:55:00"
"530156","84868B","",-2,0.00,"","2010-11-01 16:56:00"
"530157","17038","",-1400,0.00,"","2010-11-01 16:58:00"
"530159","82551","",-230,0.00,"","2010-11-01 16:59:00"
"530230","84972L","",-4,0.00,"","2010-11-02 11:25:00"
"530314","37330","",-284,0.00,"","2010-11-02 13:28:00"
"530313","85162C","",-1,0.00,"","2010-11-02 13:28:00"
"530315","35645","",-67,0.00,"","2010-11-02 13:29:00"
"530316","20990","",-8,0.00,"","2010-11-02 13:30:00"
"530317","35969","",-52,0.00,"","2010-11-02 13:32:00"
"530319","85023C","",-1,0.00,"","2010-11-02 13:33:00"
"530320","84795C","",-1,0.00,"","2010-11-02 13:33:00"
"530321","20860","",-8,0.00,"","2010-11-02 13:34:00"
"530322","20861","",-19,0.00,"","2010-11-02 13:34:00"
"530324","21651","",-90,0.00,"","2010-11-02 13:36:00"
"530326","17014A","",-20,0.00,"","2010-11-02 13:40:00"
"530327","35004P","",-9,0.00,"","2010-11-02 13:41:00"
"530337","22281","",-2,0.00,"","2010-11-02 14:19:00"
"530343","84864A","",-4,0.00,"","2010-11-02 15:38:00"
"530345","84510F","",-1,0.00,"","2010-11-02 15:39:00"
"530353","21482","",-6,0.00,"","2010-11-02 15:50:00"
"530355","84458","",-3,0.00,"","2010-11-02 15:51:00"
"530356","21667","",-35,0.00,"","2010-11-02 15:52:00"
"530357","20695","",-15,0.00,"","2010-11-02 15:52:00"
"530361","84989B","",-3,0.00,"","2010-11-02 15:53:00"
"530359","85185C","",-4,0.00,"","2010-11-02 15:53:00"
"530363","79172D","",-4,0.00,"","2010-11-02 15:57:00"
"530364","22596","",-23,0.00,"","2010-11-02 15:58:00"
"530374","21133","",-4,0.00,"","2010-11-02 16:26:00"
"530376","21657","",-5,0.00,"","2010-11-02 16:27:00"
"530375","21134","",-66,0.00,"","2010-11-02 16:27:00"
"530558","84454","",-2,0.00,"","2010-11-03 13:41:00"
"530566","37449","",-1,0.00,"","2010-11-03 13:54:00"
"530592","20855","",-14,0.00,"","2010-11-03 15:12:00"
"530594","84855","",-3,0.00,"","2010-11-03 15:14:00"
"530596","22145","",-80,0.00,"","2010-11-03 15:15:00"
"530599","84537B","",-5,0.00,"","2010-11-03 15:16:00"
"530601","21535","",-170,0.00,"","2010-11-03 15:17:00"
"530600","85017D","",-36,0.00,"","2010-11-03 15:17:00"
"530604","35832","",-205,0.00,"","2010-11-03 15:20:00"
"530605","84782C","",-13,0.00,"","2010-11-03 15:20:00"
"530606","20865","",-25,0.00,"","2010-11-03 15:21:00"
"530607","20864","",-16,0.00,"","2010-11-03 15:21:00"
"530617","85033S","",-1,0.00,"","2010-11-03 15:58:00"
"530620","84250M","",-2,0.00,"","2010-11-03 15:59:00"
"530619","21541","",-125,0.00,"","2010-11-03 15:59:00"
"530623","90167","",-9,0.00,"","2010-11-03 16:00:00"
"530621","16256C","",-105,0.00,"","2010-11-03 16:00:00"
"530622","85232A","",-45,0.00,"","2010-11-03 16:00:00"
"530626","84762B","",-2,0.00,"","2010-11-03 16:01:00"
"530625","72715","",-2,0.00,"","2010-11-03 16:01:00"
"530624","44241C","",-1,0.00,"","2010-11-03 16:01:00"
"530628","35596","",-1,0.00,"","2010-11-03 16:02:00"
"530629","21153","",-3,0.00,"","2010-11-03 16:02:00"
"530630","22172","",-5,0.00,"","2010-11-03 16:04:00"
"530632","85126","",-37,0.00,"","2010-11-03 16:05:00"
"530633","20730","",-20,0.00,"","2010-11-03 16:06:00"
"530636","22461","",-32,0.00,"","2010-11-03 16:07:00"
"530635","85132B","",-90,0.00,"","2010-11-03 16:07:00"
"530637","35001G","",-200,0.00,"","2010-11-03 16:08:00"
"530851","37508","",-4,0.00,"","2010-11-04 14:52:00"
"530857","84601A","",-5,0.00,"","2010-11-04 14:55:00"
"530856","84750B","",-35,0.00,"","2010-11-04 14:55:00"
"530858","85135B","",-54,0.00,"","2010-11-04 14:56:00"
"530862","84192","",-130,0.00,"","2010-11-04 14:57:00"
"530861","85136B","",-3,0.00,"","2010-11-04 14:57:00"
"530860","85135C","",-25,0.00,"","2010-11-04 14:57:00"
"530863","16047","",-22,0.00,"","2010-11-04 14:58:00"
"530864","21763","",-6,0.00,"","2010-11-04 14:58:00"
"530865","21767","",-1,0.00,"","2010-11-04 14:58:00"
"530866","20849","",-3,0.00,"","2010-11-04 14:59:00"
"530868","79320","",-2,0.00,"","2010-11-04 14:59:00"
"530867","20800","",-26,0.00,"","2010-11-04 14:59:00"
"530869","79071B","",-4,0.00,"","2010-11-04 15:00:00"
"530870","84664","",-10,0.00,"","2010-11-04 15:00:00"
"530871","21443","",-2,0.00,"","2010-11-04 15:00:00"
"530872","22056","",-18,0.00,"","2010-11-04 15:01:00"
"530873","21737","",-3,0.00,"","2010-11-04 15:01:00"
"530874","84627","",-1,0.00,"","2010-11-04 15:02:00"
"530878","37509","",-10,0.00,"","2010-11-04 15:04:00"
"530877","84751B","",-60,0.00,"","2010-11-04 15:04:00"
"530879","21756","",-2,0.00,"","2010-11-04 15:04:00"
"530880","84839","",-15,0.00,"","2010-11-04 15:05:00"
"530881","21339","",-2,0.00,"","2010-11-04 15:05:00"
"530882","17181","",-2,0.00,"","2010-11-04 15:06:00"
"530883","21770","",-52,0.00,"","2010-11-04 15:06:00"
"530884","84891B","",-4,0.00,"","2010-11-04 15:07:00"
"530886","16212","",-73,0.00,"","2010-11-04 15:07:00"
"530888","35980C","",-1,0.00,"","2010-11-04 15:08:00"
"530889","84682","",-2,0.00,"","2010-11-04 15:08:00"
"530890","21269","",-14,0.00,"","2010-11-04 15:08:00"
"530887","20825","",-5,0.00,"","2010-11-04 15:08:00"
"530891","84760S","",-30,0.00,"","2010-11-04 15:09:00"
"530892","21444","",-10,0.00,"","2010-11-04 15:09:00"
"530893","22864","",-6,0.00,"","2010-11-04 15:09:00"
"530895","37343","",-50,0.00,"","2010-11-04 15:10:00"
"530896","35471A","",-54,0.00,"","2010-11-04 15:11:00"
"530898","47579","",-13,0.00,"","2010-11-04 15:11:00"
"530899","84914A","",-2,0.00,"","2010-11-04 15:12:00"
"530900","84676","",-7,0.00,"","2010-11-04 15:13:00"
"530901","85109","",-120,0.00,"","2010-11-04 15:13:00"
"531039","20799","",-2,0.00,"","2010-11-05 11:59:00"
"531042","37503","",-2,0.00,"","2010-11-05 11:59:00"
"531139","79030A","",-44,0.00,"","2010-11-05 14:10:00"
"531142","20827","",-45,0.00,"","2010-11-05 14:12:00"
"531143","85189","",-32,0.00,"","2010-11-05 14:12:00"
"531144","17178","",-4,0.00,"","2010-11-05 14:12:00"
"531147","47592A","",-28,0.00,"","2010-11-05 14:14:00"
"531148","85195","",-110,0.00,"","2010-11-05 14:16:00"
"531150","79303A","",-5,0.00,"","2010-11-05 14:16:00"
"531151","37422","",-2,0.00,"","2010-11-05 14:17:00"
"531152","37423","",-120,0.00,"","2010-11-05 14:17:00"
"531154","84425A","",-2,0.00,"","2010-11-05 14:18:00"
"531153","37424","",-135,0.00,"","2010-11-05 14:18:00"
"531157","37444B","",-16,0.00,"","2010-11-05 14:19:00"
"531155","35981C","",-8,0.00,"","2010-11-05 14:19:00"
"531156","37461","",-12,0.00,"","2010-11-05 14:19:00"
"531160","47581B","",-2,0.00,"","2010-11-05 14:20:00"
"531159","84802A","",-4,0.00,"","2010-11-05 14:20:00"
"531163","47568","",-2,0.00,"","2010-11-05 14:21:00"
"531161","85121C","",-15,0.00,"","2010-11-05 14:21:00"
"531165","16015","",-270,0.00,"","2010-11-05 14:28:00"
"531168","47504E","",-36,0.00,"","2010-11-05 14:34:00"
"531167","47503H","",-10,0.00,"","2010-11-05 14:34:00"
"531169","47503E","",-15,0.00,"","2010-11-05 14:34:00"
"531172","84765","",-4,0.00,"","2010-11-05 14:36:00"
"531170","35936","",-23,0.00,"","2010-11-05 14:36:00"
"531171","84762A","",-6,0.00,"","2010-11-05 14:36:00"
"531173","37464","",-210,0.00,"","2010-11-05 14:37:00"
"531174","84965B","",-1,0.00,"","2010-11-05 14:38:00"
"531175","84962","",-2,0.00,"","2010-11-05 14:38:00"
"531178","22126","",-6400,0.00,"","2010-11-05 14:40:00"
"531216","21614","",-74,0.00,"","2010-11-05 16:25:00"
"531218","84686","",-44,0.00,"","2010-11-05 16:26:00"
"531217","20933","",-5,0.00,"","2010-11-05 16:26:00"
"531222","22218","",-2,0.00,"","2010-11-05 16:27:00"
"531223","22591","",-20,0.00,"","2010-11-05 16:29:00"
"531224","20950","",-16,0.00,"","2010-11-05 16:30:00"
"531225","72814","",-61,0.00,"","2010-11-05 16:36:00"
"531226","21146","",-18,0.00,"","2010-11-05 16:36:00"
"531475","21491","",-15,0.00,"","2010-11-08 14:16:00"
"531757","82552","",-2,0.00,"","2010-11-09 13:26:00"
"532132","21360","",-25,0.00,"","2010-11-11 10:53:00"
"532133","35591T","",-24,0.00,"","2010-11-11 10:53:00"
"532134","72815","",-34,0.00,"","2010-11-11 10:53:00"
"532135","22959","",-63,0.00,"","2010-11-11 11:01:00"
"532854","22470","",-126,0.00,"","2010-11-15 10:59:00"
"533324","72750B","",-44,0.00,"","2010-11-16 17:38:00"
"533403","22850","",-8,0.00,"","2010-11-17 11:12:00"
"534476","85226A","",-327,0.00,"","2010-11-23 10:45:00"
"534475","21841","",-142,0.00,"","2010-11-23 10:45:00"
"534477","21826","",-23,0.00,"","2010-11-23 10:45:00"
"534478","21815","",-46,0.00,"","2010-11-23 10:46:00"
"534479","21681","",-7,0.00,"","2010-11-23 10:46:00"
"534481","84625D","",-30,0.00,"","2010-11-23 10:47:00"
"534480","20871","",-230,0.00,"","2010-11-23 10:47:00"
"534483","21333","",-31,0.00,"","2010-11-23 10:47:00"
"534482","72801G","",-34,0.00,"","2010-11-23 10:47:00"
"534484","22450","",-90,0.00,"","2010-11-23 10:48:00"
"534485","22451","",-90,0.00,"","2010-11-23 10:48:00"
"534487","35471A","",-24,0.00,"","2010-11-23 10:49:00"
"534488","21412","",-32,0.00,"","2010-11-23 10:50:00"
"534491","20878","",-58,0.00,"","2010-11-23 10:50:00"
"534492","35958","",-198,0.00,"","2010-11-23 10:51:00"
"534494","84908A","",-43,0.00,"","2010-11-23 10:58:00"
"534496","21017","",-160,0.00,"","2010-11-23 10:59:00"
"534495","84908B","",-53,0.00,"","2010-11-23 10:59:00"
"535635","22962","",-100,0.00,"","2010-11-26 18:08:00"
"535636","22963","",-100,0.00,"","2010-11-26 18:08:00"
"535634","22961","",-100,0.00,"","2010-11-26 18:08:00"
"535638","22558","",-12,0.00,"","2010-11-26 18:09:00"
"535637","22960","",-100,0.00,"","2010-11-26 18:09:00"
"535829","21614","",-5,0.00,"","2010-11-29 09:31:00"
"535833","21614","",-1,0.00,"","2010-11-29 09:43:00"
"535841","21016","",-1,0.00,"","2010-11-29 10:17:00"
"535840","21017","",-8,0.00,"","2010-11-29 10:17:00"
"536181","85170A","",-115,0.00,"","2010-11-30 12:24:00"
"536362","22698","",-50,0.00,"","2010-11-30 18:50:00"
"536589","21777","",-10,0.00,"","2010-12-01 16:50:00"
"536589","21777","",-10,0.00,"","2010-12-01 16:50:00"
"536764","84952C","",-38,0.00,"","2010-12-02 14:42:00"
"536764","84952C","",-38,0.00,"","2010-12-02 14:42:00"
"536997","22028","",-20,0.00,"","2010-12-03 15:30:00"
"536998","85067","",-6,0.00,"","2010-12-03 15:30:00"
"536996","22712","",-20,0.00,"","2010-12-03 15:30:00"
"536997","22028","",-20,0.00,"","2010-12-03 15:30:00"
"536996","22712","",-20,0.00,"","2010-12-03 15:30:00"
"536998","85067","",-6,0.00,"","2010-12-03 15:30:00"
"537000","21414","",-22,0.00,"","2010-12-03 15:32:00"
"537000","21414","",-22,0.00,"","2010-12-03 15:32:00"
"537003","85126","",-2,0.00,"","2010-12-03 15:33:00"
"537001","21653","",-6,0.00,"","2010-12-03 15:33:00"
"537003","85126","",-2,0.00,"","2010-12-03 15:33:00"
"537001","21653","",-6,0.00,"","2010-12-03 15:33:00"
"537004","21814","",-30,0.00,"","2010-12-03 15:34:00"
"537004","21814","",-30,0.00,"","2010-12-03 15:34:00"
"537005","21692","",-70,0.00,"","2010-12-03 15:35:00"
"537005","21692","",-70,0.00,"","2010-12-03 15:35:00"
"537006","21648","",-130,0.00,"","2010-12-03 15:36:00"
"537007","21172","",-80,0.00,"","2010-12-03 15:36:00"
"537006","21648","",-130,0.00,"","2010-12-03 15:36:00"
"537007","21172","",-80,0.00,"","2010-12-03 15:36:00"
"537008","21161","",-120,0.00,"","2010-12-03 15:37:00"
"537008","21161","",-120,0.00,"","2010-12-03 15:37:00"
"537010","22162","",-40,0.00,"","2010-12-03 15:38:00"
"537011","22139","",-5,0.00,"","2010-12-03 15:38:00"
"537009","84534B","",-80,0.00,"","2010-12-03 15:38:00"
"537011","22139","",-5,0.00,"","2010-12-03 15:38:00"
"537010","22162","",-40,0.00,"","2010-12-03 15:38:00"
"537009","84534B","",-80,0.00,"","2010-12-03 15:38:00"
"537012","21535","",-12,0.00,"","2010-12-03 15:39:00"
"537012","21535","",-12,0.00,"","2010-12-03 15:39:00"
"537014","21040","",-20,0.00,"","2010-12-03 15:40:00"
"537014","21040","",-20,0.00,"","2010-12-03 15:40:00"
"537013","35965","",-25,0.00,"","2010-12-03 15:40:00"
"537013","35965","",-25,0.00,"","2010-12-03 15:40:00"
"537015","37464","",-14,0.00,"","2010-12-03 15:41:00"
"537016","21836","",-15,0.00,"","2010-12-03 15:41:00"
"537017","47556B","",-69,0.00,"","2010-12-03 15:41:00"
"537015","37464","",-14,0.00,"","2010-12-03 15:41:00"
"537016","21836","",-15,0.00,"","2010-12-03 15:41:00"
"537017","47556B","",-69,0.00,"","2010-12-03 15:41:00"
"537018","84562A","",-3,0.00,"","2010-12-03 15:42:00"
"537018","84562A","",-3,0.00,"","2010-12-03 15:42:00"
"537020","21807","",-30,0.00,"","2010-12-03 15:43:00"
"537019","37474","",-15,0.00,"","2010-12-03 15:43:00"
"537021","21011","",-20,0.00,"","2010-12-03 15:43:00"
"537020","21807","",-30,0.00,"","2010-12-03 15:43:00"
"537019","37474","",-15,0.00,"","2010-12-03 15:43:00"
"537021","21011","",-20,0.00,"","2010-12-03 15:43:00"
"537028","21696","",-320,0.00,"","2010-12-03 16:36:00"
"537027","18098C","",-140,0.00,"","2010-12-03 16:36:00"
"537027","18098C","",-140,0.00,"","2010-12-03 16:36:00"
"537028","21696","",-320,0.00,"","2010-12-03 16:36:00"
"537029","37476","",-6,0.00,"","2010-12-03 16:37:00"
"537029","37476","",-6,0.00,"","2010-12-03 16:37:00"
"537363","84569B","",-20,0.00,"","2010-12-06 12:35:00"
"537363","84569B","",-20,0.00,"","2010-12-06 12:35:00"
"537364","21027","",-70,0.00,"","2010-12-06 12:36:00"
"537364","21027","",-70,0.00,"","2010-12-06 12:36:00"
"537401","84898F","",-24,0.00,"","2010-12-06 14:37:00"
"537401","84898F","",-24,0.00,"","2010-12-06 14:37:00"
"537427","84968B","",-21,0.00,"","2010-12-06 15:37:00"
"537427","84968B","",-21,0.00,"","2010-12-06 15:37:00"
"537449","21054","",-30,0.00,"","2010-12-07 09:26:00"
"537450","20684","",-19,0.00,"","2010-12-07 09:26:00"
"537449","21054","",-30,0.00,"","2010-12-07 09:26:00"
"537450","20684","",-19,0.00,"","2010-12-07 09:26:00"
"537451","84881","",-11,0.00,"","2010-12-07 09:27:00"
"537451","84881","",-11,0.00,"","2010-12-07 09:27:00"
"537452","20941","",-24,0.00,"","2010-12-07 09:28:00"
"537453","21248","",-18,0.00,"","2010-12-07 09:28:00"
"537452","20941","",-24,0.00,"","2010-12-07 09:28:00"
"537453","21248","",-18,0.00,"","2010-12-07 09:28:00"
"537454","21349","",-44,0.00,"","2010-12-07 09:30:00"
"537454","21349","",-44,0.00,"","2010-12-07 09:30:00"
"537455","22155","",-70,0.00,"","2010-12-07 09:31:00"
"537455","22155","",-70,0.00,"","2010-12-07 09:31:00"
"537466","21488","",-50,0.00,"","2010-12-07 10:33:00"
"537466","21488","",-50,0.00,"","2010-12-07 10:33:00"
"537687","84840","",-9,0.00,"","2010-12-08 10:26:00"
"537687","84840","",-9,0.00,"","2010-12-08 10:26:00"
"537870","21486","",-77,0.00,"","2010-12-08 17:08:00"
"537870","21486","",-77,0.00,"","2010-12-08 17:08:00"
"537999","22034","",-223,0.00,"","2010-12-09 11:44:00"
"537999","22034","",-223,0.00,"","2010-12-09 11:44:00"
"538042","21763","",-4,0.00,"","2010-12-09 13:10:00"
"538043","22833","",-1,0.00,"","2010-12-09 13:10:00"
"538042","21763","",-4,0.00,"","2010-12-09 13:10:00"
"538043","22833","",-1,0.00,"","2010-12-09 13:10:00"
"538046","85008","",-15,0.00,"","2010-12-09 13:12:00"
"538046","85008","",-15,0.00,"","2010-12-09 13:12:00"
"538047","21429","",-70,0.00,"","2010-12-09 13:13:00"
"538047","21429","",-70,0.00,"","2010-12-09 13:13:00"
"538054","85167B","",-24,0.00,"","2010-12-09 13:34:00"
"538055","22454","",-20,0.00,"","2010-12-09 13:34:00"
"538054","85167B","",-24,0.00,"","2010-12-09 13:34:00"
"538055","22454","",-20,0.00,"","2010-12-09 13:34:00"
"538058","20966","",-150,0.00,"","2010-12-09 13:38:00"
"538058","20966","",-150,0.00,"","2010-12-09 13:38:00"
"538061","21801","",-38,0.00,"","2010-12-09 13:39:00"
"538061","21801","",-38,0.00,"","2010-12-09 13:39:00"
"538074","21743","",-80,0.00,"","2010-12-09 14:11:00"
"538074","21743","",-80,0.00,"","2010-12-09 14:11:00"
"538092","37467","",-177,0.00,"","2010-12-09 14:49:00"
"538092","37467","",-177,0.00,"","2010-12-09 14:49:00"
"538158","20892","",-32,0.00,"","2010-12-09 17:17:00"
"538159","21324","",-18,0.00,"","2010-12-09 17:17:00"
"538158","20892","",-32,0.00,"","2010-12-09 17:17:00"
"538159","21324","",-18,0.00,"","2010-12-09 17:17:00"
"538173","22353","",-28,0.00,"","2010-12-10 09:35:00"
"538241","21431","",-21,0.00,"","2010-12-10 12:00:00"
"538247","79067","",-145,0.00,"","2010-12-10 12:09:00"
"538837","85135B","",-40,0.00,"","2010-12-14 13:10:00"
"538906","21895","",-5,0.00,"","2010-12-15 10:31:00"
"539980","35001W","",-36,0.00,"","2010-12-23 14:34:00"
"539994","22830","",-1,0.00,"","2011-01-04 10:09:00"
"539996","21784","",-10,0.00,"","2011-01-04 10:12:00"
"539995","85064","",-12,0.00,"","2011-01-04 10:12:00"
"539999","20892","",-1,0.00,"","2011-01-04 10:16:00"
"540000","84499","",-9,0.00,"","2011-01-04 10:17:00"
"540009","22158","",-120,0.00,"","2011-01-04 11:10:00"
"540008","85230F","",-48,0.00,"","2011-01-04 11:10:00"
"540119","22865","",-60,0.00,"","2011-01-05 10:07:00"
"540241","35957","",-939,0.00,"","2011-01-05 15:17:00"
"540252","22198","",-100,0.00,"","2011-01-05 16:25:00"
"540272","90096","",-54,0.00,"","2011-01-06 11:57:00"
"540369","47591D","",-201,0.00,"","2011-01-06 16:20:00"
"540549","21587","",-53,0.00,"","2011-01-10 09:07:00"
"540560","21589","",-14,0.00,"","2011-01-10 10:08:00"
"540637","21275","",-5,0.00,"","2011-01-10 12:13:00"
"540650","85124C","",-8,0.00,"","2011-01-10 14:59:00"
"540678","21667","",-1,0.00,"","2011-01-10 16:21:00"
"540679","21667","",-1,0.00,"","2011-01-10 16:21:00"
"540683","84546","",-45,0.00,"","2011-01-10 17:00:00"
"540684","35271S","",-13,0.00,"","2011-01-10 17:01:00"
"540778","84029E","",-50,0.00,"","2011-01-11 11:15:00"
"540987","17011A","",-61,0.00,"","2011-01-12 16:15:00"
"541000","21632","",-41,0.00,"","2011-01-13 10:11:00"
"541482","22837","",-35,0.00,"","2011-01-18 12:32:00"
"541487","85118","",-35,0.00,"","2011-01-18 13:19:00"
"541519","21429","",-15,0.00,"","2011-01-19 09:11:00"
"541601","22632","",-84,0.00,"","2011-01-19 16:48:00"
"541600","22866","",-64,0.00,"","2011-01-19 16:48:00"
"541702","22451","",-30,0.00,"","2011-01-21 09:44:00"
"541802","20854","",-80,0.00,"","2011-01-21 14:45:00"
"541967","84823","",-3,0.00,"","2011-01-24 13:35:00"
"542362","20699","",-16,0.00,"","2011-01-27 12:49:00"
"542365","21897","",-22,0.00,"","2011-01-27 12:51:00"
"542367","82583","",-30,0.00,"","2011-01-27 12:57:00"
"542368","85188B","",-70,0.00,"","2011-01-27 12:59:00"
"542379","35922","",-30,0.00,"","2011-01-27 13:58:00"
"542380","84917","",-50,0.00,"","2011-01-27 13:59:00"
"542391","84455","",-31,0.00,"","2011-01-27 14:54:00"
"542392","84227","",-2,0.00,"","2011-01-27 14:56:00"
"542396","22146","",-4,0.00,"","2011-01-27 15:12:00"
"542415","84967B","",-1,0.00,"","2011-01-27 17:15:00"
"542414","84967A","",-2,0.00,"","2011-01-27 17:15:00"
"542417","84966B","",-11,0.00,"","2011-01-27 17:38:00"
"542418","84966A","",-17,0.00,"","2011-01-27 17:39:00"
"542518","22184","",-13,0.00,"","2011-01-28 12:17:00"
"542529","DCGS0055","",-1,0.00,"","2011-01-28 13:08:00"
"542531","DCGS0072","",-1,0.00,"","2011-01-28 13:08:00"
"542532","DCGS0074","",-1,0.00,"","2011-01-28 13:09:00"
"542544","17165D","",-10,0.00,"","2011-01-28 14:43:00"
"542546","20734","",-1,0.00,"","2011-01-28 14:44:00"
"542548","20892","",-1,0.00,"","2011-01-28 14:45:00"
"542547","20864","",-1,0.00,"","2011-01-28 14:45:00"
"542550","20910","",-1,0.00,"","2011-01-28 14:45:00"
"542551","21282","",-1,0.00,"","2011-01-28 14:46:00"
"542552","21645","",-1,0.00,"","2011-01-28 14:47:00"
"542553","21805","",-1,0.00,"","2011-01-28 14:49:00"
"542554","21836","",-1,0.00,"","2011-01-28 14:49:00"
"542555","21841","",-1,0.00,"","2011-01-28 14:50:00"
"542557","22765","",-1,0.00,"","2011-01-28 14:50:00"
"542556","22143","",-1,0.00,"","2011-01-28 14:50:00"
"542558","35644","",-1,0.00,"","2011-01-28 14:51:00"
"542560","47579","",-1,0.00,"","2011-01-28 14:51:00"
"542559","35991","",-1,0.00,"","2011-01-28 14:51:00"
"542561","84424A","",-1,0.00,"","2011-01-28 14:52:00"
"542563","84509F","",-1,0.00,"","2011-01-28 14:52:00"
"542562","84499","",-1,0.00,"","2011-01-28 14:52:00"
"542564","84526","",-1,0.00,"","2011-01-28 14:52:00"
"542565","84664","",-1,0.00,"","2011-01-28 14:52:00"
"542567","84975","",-1,0.00,"","2011-01-28 14:53:00"
"542570","85028S","",-1,0.00,"","2011-01-28 14:53:00"
"542566","84964B","",-1,0.00,"","2011-01-28 14:53:00"
"542569","85028L","",-1,0.00,"","2011-01-28 14:53:00"
"542571","85031C","",-1,0.00,"","2011-01-28 14:54:00"
"542572","85064","",-1,0.00,"","2011-01-28 14:54:00"
"542573","85110","",-1,0.00,"","2011-01-28 14:55:00"
"542574","85119","",-1,0.00,"","2011-01-28 14:55:00"
"542575","85126","",-1,0.00,"","2011-01-28 14:55:00"
"542576","85179B","",-1,0.00,"","2011-01-28 14:56:00"
"542577","85232B","",-1,0.00,"","2011-01-28 14:56:00"
"542579","90000C","",-1,0.00,"","2011-01-28 14:57:00"
"542580","90095","",-1,0.00,"","2011-01-28 14:58:00"
"542581","90091","",-1,0.00,"","2011-01-28 14:58:00"
"542582","DCGS0057","",-6,0.00,"","2011-01-28 15:01:00"
"542879","22242","",-19,0.00,"","2011-02-01 12:52:00"
"542882","22162","",-40,0.00,"","2011-02-01 12:55:00"
"542883","21448","",-40,0.00,"","2011-02-01 13:07:00"
"542885","84465","",-6,0.00,"","2011-02-01 13:08:00"
"542884","84748","",-52,0.00,"","2011-02-01 13:08:00"
"543034","85049F","",-130,0.00,"","2011-02-02 15:50:00"
"543035","35004C","",-206,0.00,"","2011-02-02 15:51:00"
"543194","21355","",-217,0.00,"","2011-02-04 12:25:00"
"543261","84613C","",-173,0.00,"","2011-02-04 16:08:00"
"543265","84872A","",-4,0.00,"","2011-02-04 17:23:00"
"543266","82095","",-5,0.00,"","2011-02-04 17:24:00"
"543270","84631","",-19,0.00,"","2011-02-04 17:25:00"
"543269","84638","",-18,0.00,"","2011-02-04 17:25:00"
"543271","21087","",-6,0.00,"","2011-02-04 17:26:00"
"543308","35969","",-3,0.00,"","2011-02-07 12:04:00"
"543310","35954","",-234,0.00,"","2011-02-07 12:10:00"
"543390","84880","",-5,0.00,"","2011-02-08 10:02:00"
"543521","22769","",-6,0.00,"","2011-02-09 11:49:00"
"543545","22627","",-11,0.00,"","2011-02-09 15:50:00"
"543552","22847","",-10,0.00,"","2011-02-10 10:05:00"
"543654","22525","",-57,0.00,"","2011-02-11 10:29:00"
"543655","21717","",-42,0.00,"","2011-02-11 10:30:00"
"543656","84801B","",-44,0.00,"","2011-02-11 10:30:00"
"543783","20966","",-41,0.00,"","2011-02-11 16:45:00"
"544046","21785","",-140,0.00,"","2011-02-15 12:34:00"
"544063","22837","",-9,0.00,"","2011-02-15 13:37:00"
"544086","21785","",-7,0.00,"","2011-02-15 16:49:00"
"544342","22633","",-53,0.00,"","2011-02-18 09:44:00"
"544343","22867","",-99,0.00,"","2011-02-18 09:45:00"
"544346","22114","",-21,0.00,"","2011-02-18 09:50:00"
"544347","22114","",-4,0.00,"","2011-02-18 09:51:00"
"544396","62094B","",-92,0.00,"","2011-02-18 12:16:00"
"544554","22588","",-41,0.00,"","2011-02-21 12:12:00"
"544579","21651","",-6,0.00,"","2011-02-21 14:05:00"
"544703","22202","",-114,0.00,"","2011-02-23 10:35:00"
"544832","62096A","",-88,0.00,"","2011-02-24 10:05:00"
"544834","90200C","",-33,0.00,"","2011-02-24 10:15:00"
"545127","22024","",-50,0.00,"","2011-02-28 12:04:00"
"545135","22028","",-30,0.00,"","2011-02-28 12:06:00"
"545219","20738","",-36,0.00,"","2011-02-28 17:04:00"
"545402","22862","",-33,0.00,"","2011-03-02 12:07:00"
"545547","85061W","",-391,0.00,"","2011-03-03 15:07:00"
"545548","77101A","",-87,0.00,"","2011-03-03 15:08:00"
"545549","15058B","",-61,0.00,"","2011-03-03 15:10:00"
"545552","22021","",-20,0.00,"","2011-03-03 15:11:00"
"545554","22988","",-70,0.00,"","2011-03-03 15:12:00"
"545560","37464","",-2,0.00,"","2011-03-03 16:12:00"
"545561","37379A","",-9,0.00,"","2011-03-03 16:12:00"
"545562","20689","",-5,0.00,"","2011-03-03 16:12:00"
"545563","20671","",-22,0.00,"","2011-03-03 16:13:00"
"545564","85092","",-9,0.00,"","2011-03-03 16:13:00"
"545565","47563B","",-10,0.00,"","2011-03-03 16:14:00"
"545567","37444B","",-3,0.00,"","2011-03-03 16:14:00"
"545566","37477D","",-9,0.00,"","2011-03-03 16:14:00"
"545598","22080","",-278,0.00,"","2011-03-04 11:16:00"
"545599","22272","",-140,0.00,"","2011-03-04 11:17:00"
"545600","85160A","",-21,0.00,"","2011-03-04 11:45:00"
"546146","20752","",-40,0.00,"","2011-03-09 16:41:00"
"546150","21503","",-140,0.00,"","2011-03-09 17:03:00"
"546151","21504","",-80,0.00,"","2011-03-09 17:04:00"
"546379","72225C","",-82,0.00,"","2011-03-11 12:21:00"
"546551","84563A","",-10,0.00,"","2011-03-14 17:33:00"
"546661","22777","",-25,0.00,"","2011-03-15 14:33:00"
"546672","85206A","",-77,0.00,"","2011-03-15 15:47:00"
"546756","79067","",-5,0.00,"","2011-03-16 13:31:00"
"547329","20681","",-1,0.00,"","2011-03-22 11:38:00"
"547330","21894","",-40,0.00,"","2011-03-22 11:40:00"
"547331","17013D","",-20,0.00,"","2011-03-22 11:41:00"
"547332","21613","",-47,0.00,"","2011-03-22 11:42:00"
"547333","22791","",-70,0.00,"","2011-03-22 11:43:00"
"547335","20934","",-15,0.00,"","2011-03-22 11:44:00"
"547338","22245","",-110,0.00,"","2011-03-22 11:49:00"
"547341","85049D","",-20,0.00,"","2011-03-22 11:53:00"
"547345","22838","",-10,0.00,"","2011-03-22 11:55:00"
"547347","22470","",-6,0.00,"","2011-03-22 11:56:00"
"547346","21000","",-41,0.00,"","2011-03-22 11:56:00"
"547369","21898","",-83,0.00,"","2011-03-22 13:24:00"
"547403","85028L","",-2,0.00,"","2011-03-22 17:05:00"
"547487","84596E","",-153,0.00,"","2011-03-23 11:29:00"
"547505","22198","",-9,0.00,"","2011-03-23 13:36:00"
"547506","21538","",-2,0.00,"","2011-03-23 13:38:00"
"547593","20785","",-2,0.00,"","2011-03-24 11:18:00"
"547595","82483","",-12,0.00,"","2011-03-24 11:20:00"
"547596","84306","",-5,0.00,"","2011-03-24 11:20:00"
"547597","17011F","",-18,0.00,"","2011-03-24 11:21:00"
"547598","21332","",-25,0.00,"","2011-03-24 11:24:00"
"547599","21361","",-10,0.00,"","2011-03-24 11:24:00"
"547611","84631","",-9,0.00,"","2011-03-24 11:26:00"
"547606","22173","",-22,0.00,"","2011-03-24 11:26:00"
"547618","21547","",-12,0.00,"","2011-03-24 11:28:00"
"547646","84849D","",-80,0.00,"","2011-03-24 11:42:00"
"547699","21143","",-32,0.00,"","2011-03-24 16:38:00"
"547700","21147","",-105,0.00,"","2011-03-24 16:39:00"
"547701","84559D","",-7,0.00,"","2011-03-24 16:42:00"
"547916","22459","",-36,0.00,"","2011-03-28 12:46:00"
"547994","21228","",-7,0.00,"","2011-03-29 10:18:00"
"547995","35823P","",-12,0.00,"","2011-03-29 10:20:00"
"547997","20857","",-34,0.00,"","2011-03-29 10:22:00"
"547996","84534B","",-10,0.00,"","2011-03-29 10:22:00"
"547998","20854","",-2,0.00,"","2011-03-29 10:23:00"
"548000","85224","",-7,0.00,"","2011-03-29 10:24:00"
"547999","20860","",-7,0.00,"","2011-03-29 10:24:00"
"548002","21051","",-25,0.00,"","2011-03-29 10:27:00"
"548008","21190","",-80,0.00,"","2011-03-29 10:52:00"
"548069","20713","",-22,0.00,"","2011-03-29 12:10:00"
"548098","21283","",-15,0.00,"","2011-03-29 12:17:00"
"548095","20850","",-3,0.00,"","2011-03-29 12:17:00"
"548104","84854","",-3,0.00,"","2011-03-29 12:18:00"
"548110","21911","",-27,0.00,"","2011-03-29 12:20:00"
"548149","72821","",-2,0.00,"","2011-03-29 12:36:00"
"548173","85067","",-3,0.00,"","2011-03-29 14:17:00"
"548175","46115B","",-2,0.00,"","2011-03-29 14:19:00"
"548206","22469","",-53,0.00,"","2011-03-29 16:56:00"
"548209","21621","",-30,0.00,"","2011-03-29 17:21:00"
"548227","90099","",-19,0.00,"","2011-03-30 10:24:00"
"548269","22036","",-45,0.00,"","2011-03-30 11:35:00"
"548328","21527","",-21,0.00,"","2011-03-30 13:11:00"
"548339","21827","",-42,0.00,"","2011-03-30 14:08:00"
"548365","79172D","",-7,0.00,"","2011-03-30 15:49:00"
"548366","84678","",-33,0.00,"","2011-03-30 15:50:00"
"548369","84683","",-6,0.00,"","2011-03-30 16:00:00"
"548376","22533","",-80,0.00,"","2011-03-30 16:39:00"
"548377","85016","",-46,0.00,"","2011-03-30 16:40:00"
"548378","22052","",-75,0.00,"","2011-03-30 16:41:00"
"548382","84898F","",-2,0.00,"","2011-03-30 16:46:00"
"548385","22168","",-19,0.00,"","2011-03-30 16:47:00"
"548395","22194","",-9,0.00,"","2011-03-30 17:20:00"
"548397","21195","",-30,0.00,"","2011-03-30 17:23:00"
"548398","22482","",-66,0.00,"","2011-03-30 17:24:00"
"548402","21040","",-5,0.00,"","2011-03-31 09:26:00"
"548536","90010B","",-50,0.00,"","2011-03-31 17:34:00"
"548537","90173","",-28,0.00,"","2011-03-31 17:35:00"
"548540","90035A","",-9,0.00,"","2011-03-31 17:51:00"
"548615","16010","",-7,0.00,"","2011-04-01 11:47:00"
"548646","21472","",-140,0.00,"","2011-04-01 13:15:00"
"548662","82494L","",-180,0.00,"","2011-04-01 14:31:00"
"548675","85185D","",-2,0.00,"","2011-04-01 16:39:00"
"548677","72781","",-30,0.00,"","2011-04-01 16:40:00"
"548676","72800F","",-5,0.00,"","2011-04-01 16:40:00"
"548678","35015","",-9,0.00,"","2011-04-01 16:41:00"
"548679","72793","",-3,0.00,"","2011-04-01 16:42:00"
"548680","72800D","",-18,0.00,"","2011-04-01 16:43:00"
"548682","72789","",-2,0.00,"","2011-04-01 16:44:00"
"548684","72798C","",-2,0.00,"","2011-04-01 16:46:00"
"548685","85018B","",-2,0.00,"","2011-04-01 16:47:00"
"548693","22720","",-60,0.00,"","2011-04-01 17:25:00"
"548886","85118","",-6,0.00,"","2011-04-04 15:23:00"
"548887","35824B","",-8,0.00,"","2011-04-04 15:24:00"
"548888","84726","",-14,0.00,"","2011-04-04 15:25:00"
"548890","84876C","",-19,0.00,"","2011-04-04 15:26:00"
"548889","84875A","",-17,0.00,"","2011-04-04 15:26:00"
"548897","47570B","",-70,0.00,"","2011-04-04 16:22:00"
"548980","22114","",-194,0.00,"","2011-04-05 12:21:00"
"548986","21210","",-177,0.00,"","2011-04-05 12:46:00"
"548989","72799F","",-46,0.00,"","2011-04-05 13:19:00"
"549001","84845D","",-5,0.00,"","2011-04-05 14:35:00"
"549000","35972","",-45,0.00,"","2011-04-05 14:35:00"
"549004","21274","",-3,0.00,"","2011-04-05 14:37:00"
"549005","16020C","",-5,0.00,"","2011-04-05 14:37:00"
"549008","21281","",-31,0.00,"","2011-04-05 14:38:00"
"549006","84508B","",-23,0.00,"","2011-04-05 14:38:00"
"549009","21474","",-8,0.00,"","2011-04-05 14:39:00"
"549010","21684","",-62,0.00,"","2011-04-05 14:39:00"
"549011","62096B","",-8,0.00,"","2011-04-05 14:41:00"
"549028","84569A","",-18,0.00,"","2011-04-05 17:02:00"
"549030","84520B","",-61,0.00,"","2011-04-05 17:03:00"
"549029","84569B","",-17,0.00,"","2011-04-05 17:03:00"
"549031","10134","",-19,0.00,"","2011-04-05 17:04:00"
"549032","20778","",-6,0.00,"","2011-04-05 17:06:00"
"549033","16254","",-5,0.00,"","2011-04-05 17:08:00"
"549036","84993B","",-54,0.00,"","2011-04-05 17:09:00"
"549035","72051S","",-15,0.00,"","2011-04-05 17:09:00"
"549037","84569C","",-37,0.00,"","2011-04-05 17:09:00"
"549038","84569D","",-70,0.00,"","2011-04-05 17:10:00"
"549042","21681","",-2,0.00,"","2011-04-05 17:24:00"
"549043","84990","",-24,0.00,"","2011-04-05 17:26:00"
"549132","20756","",-70,0.00,"","2011-04-06 15:22:00"
"549134","20758","",-54,0.00,"","2011-04-06 15:22:00"
"549133","20759","",-52,0.00,"","2011-04-06 15:22:00"
"549136","21414","",-3,0.00,"","2011-04-06 15:23:00"
"549137","84459B","",-7,0.00,"","2011-04-06 15:24:00"
"549142","35650","",-24,0.00,"","2011-04-06 15:26:00"
"549139","22988","",-91,0.00,"","2011-04-06 15:26:00"
"549143","84597C","",-17,0.00,"","2011-04-06 15:27:00"
"549144","21416","",-14,0.00,"","2011-04-06 15:28:00"
"549146","85017A","",-10,0.00,"","2011-04-06 15:29:00"
"549147","20773","",-4,0.00,"","2011-04-06 15:30:00"
"549149","35649","",-43,0.00,"","2011-04-06 15:31:00"
"549150","79336","",-47,0.00,"","2011-04-06 15:32:00"
"549156","17013D","",-9,0.00,"","2011-04-06 17:11:00"
"549158","21910","",-1,0.00,"","2011-04-06 17:13:00"
"549157","21511","",-9,0.00,"","2011-04-06 17:13:00"
"549159","22052","",-25,0.00,"","2011-04-06 17:14:00"
"549160","81953P","",-7,0.00,"","2011-04-06 17:15:00"
"549161","21518","",-31,0.00,"","2011-04-06 17:15:00"
"549164","16169P","",-75,0.00,"","2011-04-06 17:20:00"
"549165","35815P","",-63,0.00,"","2011-04-06 17:20:00"
"549167","84846A","",-8,0.00,"","2011-04-06 17:24:00"
"549168","21161","",-10,0.00,"","2011-04-06 17:24:00"
"549170","82545A","",-4,0.00,"","2011-04-06 17:25:00"
"549171","84251F","",-2,0.00,"","2011-04-06 17:26:00"
"549172","21637","",-139,0.00,"","2011-04-06 17:27:00"
"549173","84218","",-2,0.00,"","2011-04-06 17:28:00"
"549174","21160","",-7,0.00,"","2011-04-06 17:30:00"
"549175","21171","",-30,0.00,"","2011-04-06 17:30:00"
"549176","35603B","",-12,0.00,"","2011-04-06 17:31:00"
"549178","47502","",-19,0.00,"","2011-04-06 17:33:00"
"549179","84007","",-3,0.00,"","2011-04-06 17:34:00"
"549180","84522","",-30,0.00,"","2011-04-06 17:34:00"
"549244","79331","",-3,0.00,"","2011-04-07 11:53:00"
"549264","21337","",-21,0.00,"","2011-04-07 12:45:00"
"549266","84593","",-5,0.00,"","2011-04-07 12:45:00"
"549267","46037A","",-5,0.00,"","2011-04-07 12:46:00"
"549268","84856S","",-7,0.00,"","2011-04-07 12:47:00"
"549271","62096B","",-2,0.00,"","2011-04-07 12:48:00"
"549270","84856L","",-27,0.00,"","2011-04-07 12:48:00"
"549326","21738","",-5,0.00,"","2011-04-08 10:45:00"
"549328","51008","",-110,0.00,"","2011-04-08 10:49:00"
"549329","84989A","",-1,0.00,"","2011-04-08 10:49:00"
"549330","84251J","",-28,0.00,"","2011-04-08 10:53:00"
"549331","40018F","",-22,0.00,"","2011-04-08 10:54:00"
"549332","84864A","",-2,0.00,"","2011-04-08 10:55:00"
"549340","20774","",-11,0.00,"","2011-04-08 11:02:00"
"549342","35818B","",-53,0.00,"","2011-04-08 11:06:00"
"549343","72815","",-3,0.00,"","2011-04-08 11:07:00"
"549344","21825","",-14,0.00,"","2011-04-08 11:08:00"
"549346","22033","",-50,0.00,"","2011-04-08 11:10:00"
"549348","84251B","",-60,0.00,"","2011-04-08 11:13:00"
"549349","10123G","",-38,0.00,"","2011-04-08 11:13:00"
"549350","84597B","",-13,0.00,"","2011-04-08 11:14:00"
"549351","85006","",-21,0.00,"","2011-04-08 11:14:00"
"549355","84899F","",-5,0.00,"","2011-04-08 11:21:00"
"549371","84921","",-17,0.00,"","2011-04-08 11:27:00"
"549373","85008","",-2,0.00,"","2011-04-08 11:28:00"
"549375","20863","",-6,0.00,"","2011-04-08 11:29:00"
"549374","20775","",-29,0.00,"","2011-04-08 11:29:00"
"549426","22078","",-201,0.00,"","2011-04-08 11:55:00"
"549455","84858C","",-10,0.00,"","2011-04-08 14:18:00"
"549456","47341A","",-6,0.00,"","2011-04-08 14:19:00"
"549457","47344B","",-16,0.00,"","2011-04-08 14:19:00"
"549458","62097B","",-6,0.00,"","2011-04-08 14:19:00"
"549460","20716","",-82,0.00,"","2011-04-08 14:20:00"
"549461","20731","",-16,0.00,"","2011-04-08 14:20:00"
"549462","84910A","",-16,0.00,"","2011-04-08 14:21:00"
"549463","84919","",-17,0.00,"","2011-04-08 14:21:00"
"549464","20701","",-6,0.00,"","2011-04-08 14:21:00"
"549466","20816","",-11,0.00,"","2011-04-08 14:22:00"
"549465","84415B","",-5,0.00,"","2011-04-08 14:22:00"
"549470","46775D","",-8,0.00,"","2011-04-08 14:28:00"
"549506","22415","",-31,0.00,"","2011-04-08 15:07:00"
"549510","84559B","",-158,0.00,"","2011-04-08 15:08:00"
"549514","20820","",-3,0.00,"","2011-04-08 15:09:00"
"549528","21422","",-55,0.00,"","2011-04-08 16:44:00"
"549695","84751B","",-24,0.00,"","2011-04-11 13:50:00"
"549849","84531B","",-23,0.00,"","2011-04-12 14:51:00"
"549848","84531A","",-34,0.00,"","2011-04-12 14:51:00"
"550133","85099F","",-1092,0.00,"","2011-04-14 13:49:00"
"550757","16202B","",-9,0.00,"","2011-04-20 12:08:00"
"550758","85017A","",-8,0.00,"","2011-04-20 12:09:00"
"550760","84750B","",-4,0.00,"","2011-04-20 12:09:00"
"550759","21087","",-7,0.00,"","2011-04-20 12:09:00"
"550762","85030","",-9,0.00,"","2011-04-20 12:10:00"
"550763","84666","",-5,0.00,"","2011-04-20 12:11:00"
"550943","21316","",-5,0.00,"","2011-04-21 15:51:00"
"550945","79329","",-2,0.00,"","2011-04-21 15:52:00"
"550970","82599","",-11,0.00,"","2011-04-21 17:02:00"
"551168","85068","",-4,0.00,"","2011-04-26 16:06:00"
"551201","16015","",-620,0.00,"","2011-04-27 11:33:00"
"551326","85017A","",-2,0.00,"","2011-04-27 15:51:00"
"551328","21320","",-23,0.00,"","2011-04-27 16:08:00"
"551422","22084","",-150,0.00,"","2011-04-28 14:11:00"
"551429","10002","",-3,0.00,"","2011-04-28 15:05:00"
"551432","21923","",-5,0.00,"","2011-04-28 15:06:00"
"551430","20966","",-3,0.00,"","2011-04-28 15:06:00"
"551431","44091A","",-2,0.00,"","2011-04-28 15:06:00"
"551433","21784","",-2,0.00,"","2011-04-28 15:07:00"
"551434","20896","",-5,0.00,"","2011-04-28 15:07:00"
"551435","20825","",-5,0.00,"","2011-04-28 15:08:00"
"551442","85060","",-4,0.00,"","2011-04-28 15:50:00"
"551441","85136B","",-4,0.00,"","2011-04-28 15:50:00"
"551443","35920","",-4,0.00,"","2011-04-28 15:51:00"
"551446","35594","",-4,0.00,"","2011-04-28 15:58:00"
"551444","35809B","",-4,0.00,"","2011-04-28 15:58:00"
"551448","22734","",-4,0.00,"","2011-04-28 15:59:00"
"551447","35004C","",-4,0.00,"","2011-04-28 15:59:00"
"551449","22525","",-4,0.00,"","2011-04-28 16:00:00"
"551450","21410","",-4,0.00,"","2011-04-28 16:00:00"
"551453","82494L","",-3,0.00,"","2011-04-28 16:01:00"
"551451","21330","",-4,0.00,"","2011-04-28 16:01:00"
"551452","84715","",-3,0.00,"","2011-04-28 16:01:00"
"551454","78027","",-3,0.00,"","2011-04-28 16:02:00"
"551456","22795","",-3,0.00,"","2011-04-28 16:03:00"
"551455","37333","",-1,0.00,"","2011-04-28 16:03:00"
"551457","22719","",-3,0.00,"","2011-04-28 16:04:00"
"551459","22173","",-30,0.00,"","2011-04-28 16:04:00"
"551461","21806","",-3,0.00,"","2011-04-28 16:05:00"
"551553","22521","",-90,0.00,"","2011-05-03 10:15:00"
"551554","22720","",-4,0.00,"","2011-05-03 10:19:00"
"551565","85135A","",-7,0.00,"","2011-05-03 11:10:00"
"551568","21038","",-6,0.00,"","2011-05-03 11:12:00"
"551569","85226C","",-6,0.00,"","2011-05-03 11:13:00"
"551570","85189","",-6,0.00,"","2011-05-03 11:13:00"
"551571","47591A","",-6,0.00,"","2011-05-03 11:14:00"
"551572","37424","",-6,0.00,"","2011-05-03 11:15:00"
"551573","22726","",-5,0.00,"","2011-05-03 11:15:00"
"551575","21412","",-6,0.00,"","2011-05-03 11:16:00"
"551574","21692","",-6,0.00,"","2011-05-03 11:16:00"
"551578","90037D","",-5,0.00,"","2011-05-03 11:19:00"
"551577","90100","",-5,0.00,"","2011-05-03 11:19:00"
"551579","85098B","",-5,0.00,"","2011-05-03 11:20:00"
"551580","85084","",-5,0.00,"","2011-05-03 11:20:00"
"551583","84482","",-5,0.00,"","2011-05-03 11:21:00"
"551582","84857A","",-5,0.00,"","2011-05-03 11:21:00"
"551586","21120","",-6,0.00,"","2011-05-03 11:24:00"
"551589","21854","",-2,0.00,"","2011-05-03 11:30:00"
"551664","20933","",-3,0.00,"","2011-05-03 12:34:00"
"551663","84548","",-70,0.00,"","2011-05-03 12:34:00"
"551666","84750A","",-10,0.00,"","2011-05-03 12:35:00"
"551668","22444","",-10,0.00,"","2011-05-03 12:37:00"
"551671","20734","",-10,0.00,"","2011-05-03 12:38:00"
"551673","79192A","",-9,0.00,"","2011-05-03 12:39:00"
"551672","84631","",-4,0.00,"","2011-05-03 12:39:00"
"551690","21143","",-9,0.00,"","2011-05-03 13:35:00"
"551689","22625","",-9,0.00,"","2011-05-03 13:35:00"
"551695","22467","",-8,0.00,"","2011-05-03 13:37:00"
"551700","85144","",-38,0.00,"","2011-05-03 14:13:00"
"551701","84683","",-2,0.00,"","2011-05-03 14:15:00"
"551704","22656","",-2,0.00,"","2011-05-03 14:33:00"
"551722","20975","",-170,0.00,"","2011-05-03 16:50:00"
"551723","22136","",-23,0.00,"","2011-05-03 16:51:00"
"551838","35609A","",-51,0.00,"","2011-05-04 13:31:00"
"552050","84916","",-32,0.00,"","2011-05-06 10:08:00"
"552052","84917","",-8,0.00,"","2011-05-06 10:10:00"
"552214","84872A","",-12,0.00,"","2011-05-06 15:11:00"
"552216","21363","",-19,0.00,"","2011-05-06 15:12:00"
"552215","17096","",-41,0.00,"","2011-05-06 15:12:00"
"552218","84406B","",-38,0.00,"","2011-05-06 15:15:00"
"552219","22073","",-56,0.00,"","2011-05-06 15:16:00"
"552221","21043","",-38,0.00,"","2011-05-06 15:20:00"
"552222","21974","",-45,0.00,"","2011-05-06 15:22:00"
"552223","22524","",-49,0.00,"","2011-05-06 15:24:00"
"552224","84766","",-37,0.00,"","2011-05-06 15:25:00"
"552225","22775","",-40,0.00,"","2011-05-06 15:26:00"
"552226","22035","",-160,0.00,"","2011-05-06 15:26:00"
"552228","84912B","",-93,0.00,"","2011-05-06 15:29:00"
"552653","22926","",-48,0.00,"","2011-05-10 14:12:00"
"552763","21137","",-25,0.00,"","2011-05-11 11:33:00"
"552766","22084","",-56,0.00,"","2011-05-11 11:41:00"
"552767","79164","",-47,0.00,"","2011-05-11 11:42:00"
"552768","22087","",-26,0.00,"","2011-05-11 11:43:00"
"552979","35970","",-217,0.00,"","2011-05-12 14:49:00"
"553041","22521","",-9,0.00,"","2011-05-13 09:01:00"
"553399","84789","",-2,0.00,"","2011-05-16 17:08:00"
"553401","22060","",-16,0.00,"","2011-05-16 17:10:00"
"553413","21259","",-51,0.00,"","2011-05-17 09:45:00"
"553548","75131","",-48,0.00,"","2011-05-17 15:57:00"
"553652","20826","",-168,0.00,"","2011-05-18 11:06:00"
"553651","46126A","",-23,0.00,"","2011-05-18 11:06:00"
"553659","20967","",-77,0.00,"","2011-05-18 11:47:00"
"553743","21318","",-62,0.00,"","2011-05-19 09:44:00"
"553744","85141","",-7,0.00,"","2011-05-19 09:44:00"
"554017","22520","",-101,0.00,"","2011-05-20 13:15:00"
"554020","22518","",-30,0.00,"","2011-05-20 13:17:00"
"554021","20886","",-65,0.00,"","2011-05-20 13:18:00"
"554023","82613B","",-71,0.00,"","2011-05-20 13:20:00"
"554024","20998","",-11,0.00,"","2011-05-20 13:21:00"
"554133","84596J","",-3,0.00,"","2011-05-23 09:46:00"
"554145","84313C","",-12,0.00,"","2011-05-23 10:43:00"
"554276","22966","",-58,0.00,"","2011-05-23 13:19:00"
"554299","20975","",-39,0.00,"","2011-05-23 14:28:00"
"554312","84741C","",-2,0.00,"","2011-05-23 15:28:00"
"554311","84743C","",-16,0.00,"","2011-05-23 15:28:00"
"554313","21144","",-63,0.00,"","2011-05-23 15:28:00"
"554316","21195","",-1,0.00,"","2011-05-23 15:29:00"
"554317","85198","",-11,0.00,"","2011-05-23 15:29:00"
"554314","85195","",-13,0.00,"","2011-05-23 15:29:00"
"554318","84535A","",-65,0.00,"","2011-05-23 15:30:00"
"554319","47574B","",-13,0.00,"","2011-05-23 15:31:00"
"554320","16053","",-102,0.00,"","2011-05-23 15:32:00"
"554321","16244B","",-5,0.00,"","2011-05-23 15:32:00"
"554328","21609","",-46,0.00,"","2011-05-23 16:49:00"
"554360","22524","",-13,0.00,"","2011-05-24 09:59:00"
"554488","84913A","",-75,0.00,"","2011-05-24 13:35:00"
"554559","16151A","",-2,0.00,"","2011-05-25 10:28:00"
"554675","20903","",-33,0.00,"","2011-05-25 16:01:00"
"554676","71143","",-31,0.00,"","2011-05-25 16:03:00"
"554678","85086A","",-30,0.00,"","2011-05-25 16:03:00"
"554681","35916C","",-32,0.00,"","2011-05-25 16:04:00"
"554679","35916A","",-21,0.00,"","2011-05-25 16:04:00"
"554680","35916B","",-21,0.00,"","2011-05-25 16:04:00"
"554907","40003","",-11,0.00,"","2011-05-27 11:45:00"
"554928","21763","",-3,0.00,"","2011-05-27 13:03:00"
"555335","84804B","",-96,0.00,"","2011-06-02 11:13:00"
"555387","22276","",-59,0.00,"","2011-06-02 15:30:00"
"555391","22501","",-10,0.00,"","2011-06-02 16:29:00"
"555821","21399","",-116,0.00,"","2011-06-07 12:01:00"
"555822","35809A","",-13,0.00,"","2011-06-07 12:04:00"
"555823","47021G","",-52,0.00,"","2011-06-07 12:06:00"
"555824","21043","",-12,0.00,"","2011-06-07 12:06:00"
"555838","22966","",-6,0.00,"","2011-06-07 12:37:00"
"556012","15044B","",-27,0.00,"","2011-06-08 11:45:00"
"556014","37476","",-3,0.00,"","2011-06-08 11:46:00"
"556013","21662","",-17,0.00,"","2011-06-08 11:46:00"
"556015","37501","",-13,0.00,"","2011-06-08 11:50:00"
"556061","20906","",-21,0.00,"","2011-06-08 14:04:00"
"556069","84226","",-34,0.00,"","2011-06-08 14:41:00"
"556074","22519","",-19,0.00,"","2011-06-08 15:14:00"
"556124","17007B","",-4,0.00,"","2011-06-09 10:14:00"
"556286","16052","",-16,0.00,"","2011-06-10 09:22:00"
"556287","16043","",-45,0.00,"","2011-06-10 09:22:00"
"556289","20823","",-102,0.00,"","2011-06-10 09:23:00"
"556292","21472","",-1,0.00,"","2011-06-10 09:24:00"
"556300","20735","",-472,0.00,"","2011-06-10 10:18:00"
"556884","22698","",-61,0.00,"","2011-06-15 12:27:00"
"556944","84800L","",-29,0.00,"","2011-06-15 16:54:00"
"556943","84809A","",-126,0.00,"","2011-06-15 16:54:00"
"557025","22192","",-9,0.00,"","2011-06-16 13:09:00"
"557028","79071B","",-4,0.00,"","2011-06-16 13:25:00"
"557029","22480","",-24,0.00,"","2011-06-16 13:29:00"
"557030","21446","",-50,0.00,"","2011-06-16 13:30:00"
"557031","21447","",-65,0.00,"","2011-06-16 13:31:00"
"557756","22567","",-14,0.00,"","2011-06-22 13:18:00"
"557777","44265","",-5,0.00,"","2011-06-22 15:11:00"
"557778","21161","",-38,0.00,"","2011-06-22 15:11:00"
"557806","84706D","",-5,0.00,"","2011-06-23 10:32:00"
"557851","85130A","",-23,0.00,"","2011-06-23 10:57:00"
"558032","22443","",-7,0.00,"","2011-06-24 12:14:00"
"558033","84876B","",-59,0.00,"","2011-06-24 12:15:00"
"558034","20658","",-78,0.00,"","2011-06-24 12:17:00"
"558238","22722","",-21,0.00,"","2011-06-27 15:04:00"
"558244","84796B","",-2,0.00,"","2011-06-27 15:52:00"
"558308","84576","",-10,0.00,"","2011-06-28 11:02:00"
"558307","22088","",-39,0.00,"","2011-06-28 11:02:00"
"558309","85132B","",-42,0.00,"","2011-06-28 11:03:00"
"558318","85232A","",-14,0.00,"","2011-06-28 11:52:00"
"558377","37423","",-17,0.00,"","2011-06-28 16:24:00"
"558378","79161A","",-13,0.00,"","2011-06-28 16:27:00"
"558445","22034","",-18,0.00,"","2011-06-29 13:39:00"
"558448","22163","",-90,0.00,"","2011-06-29 13:40:00"
"558446","22164","",-80,0.00,"","2011-06-29 13:40:00"
"558449","21807","",-35,0.00,"","2011-06-29 13:40:00"
"558451","21817","",-80,0.00,"","2011-06-29 13:41:00"
"558464","35966","",-20,0.00,"","2011-06-29 15:17:00"
"558477","84597C","",-1,0.00,"","2011-06-29 16:04:00"
"558520","21896","",-38,0.00,"","2011-06-30 10:25:00"
"558728","20826","",-1,0.00,"","2011-07-01 14:50:00"
"558732","47341A","",-1,0.00,"","2011-07-01 14:55:00"
"558741","37444C","",-1,0.00,"","2011-07-01 15:52:00"
"558742","62043B","",-1,0.00,"","2011-07-01 15:56:00"
"558743","35810B","",-4,0.00,"","2011-07-01 15:56:00"
"558890","84857C","",-24,0.00,"","2011-07-04 15:34:00"
"559365","22451","",-3,0.00,"","2011-07-08 08:53:00"
"559373","16156S","",-110,0.00,"","2011-07-08 10:36:00"
"559374","22050","",-100,0.00,"","2011-07-08 10:37:00"
"559376","48116","",-35,0.00,"","2011-07-08 10:38:00"
"559379","79337","",-8,0.00,"","2011-07-08 10:42:00"
"559390","21700","",-110,0.00,"","2011-07-08 10:46:00"
"559398","21169","",-70,0.00,"","2011-07-08 10:48:00"
"559402","21635","",-8,0.00,"","2011-07-08 10:49:00"
"559405","22863","",-7,0.00,"","2011-07-08 10:50:00"
"559410","84341B","",-179,0.00,"","2011-07-08 10:51:00"
"559414","22855","",-4,0.00,"","2011-07-08 10:52:00"
"559423","71143","",-14,0.00,"","2011-07-08 12:06:00"
"559792","21067","",-66,0.00,"","2011-07-12 12:31:00"
"560037","22242","",-34,0.00,"","2011-07-14 14:00:00"
"560091","44236","",-10,0.00,"","2011-07-14 17:03:00"
"560110","21673","",-40,0.00,"","2011-07-15 09:51:00"
"560111","84874B","",-3,0.00,"","2011-07-15 09:52:00"
"560112","21683","",-38,0.00,"","2011-07-15 09:52:00"
"560113","21865","",-40,0.00,"","2011-07-15 09:52:00"
"560114","75172","",-35,0.00,"","2011-07-15 09:53:00"
"560213","10123C","",-18,0.00,"","2011-07-15 15:05:00"
"560214","16162L","",-54,0.00,"","2011-07-15 15:07:00"
"560215","16162M","",-84,0.00,"","2011-07-15 15:08:00"
"560423","16169K","",-25,0.00,"","2011-07-18 15:15:00"
"560425","81950B","",-23,0.00,"","2011-07-18 15:15:00"
"560424","21503","",-84,0.00,"","2011-07-18 15:15:00"
"560427","84629","",-2,0.00,"","2011-07-18 15:16:00"
"560428","21634","",-169,0.00,"","2011-07-18 15:17:00"
"560440","84029E","",-1,0.00,"","2011-07-18 16:36:00"
"560583","17096","",-7,0.00,"","2011-07-19 15:31:00"
"560600","18007","",-2834,0.00,"","2011-07-19 17:04:00"
"560719","84877A","",-21,0.00,"","2011-07-20 13:30:00"
"560722","16049","",-31,0.00,"","2011-07-20 13:37:00"
"560730","84797B","",-2,0.00,"","2011-07-20 14:53:00"
"560737","84798B","",-109,0.00,"","2011-07-20 15:34:00"
"560830","81953B","",-6,0.00,"","2011-07-21 12:03:00"
"560831","81950V","",-1,0.00,"","2011-07-21 12:04:00"
"560867","21891","",-21,0.00,"","2011-07-21 14:10:00"
"560923","22777","",-14,0.00,"","2011-07-22 08:54:00"
"560940","72127","",-53,0.00,"","2011-07-22 11:20:00"
"560939","84907","",-3,0.00,"","2011-07-22 11:20:00"
"560941","85230E","",-178,0.00,"","2011-07-22 11:21:00"
"561086","15036","",-530,0.00,"","2011-07-25 09:32:00"
"561107","84763","",-5,0.00,"","2011-07-25 11:42:00"
"561108","46775D","",-7,0.00,"","2011-07-25 11:43:00"
"561110","85087","",-16,0.00,"","2011-07-25 11:44:00"
"561250","DCGS0071","",-2,0.00,"","2011-07-26 11:51:00"
"561251","DCGS0070","",-8,0.00,"","2011-07-26 11:51:00"
"561255","DCGS0066P","",-3,0.00,"","2011-07-26 11:52:00"
"561354","21792","",-8,0.00,"","2011-07-26 14:50:00"
"561362","84415A","",-11,0.00,"","2011-07-26 15:41:00"
"561364","84415B","",-4,0.00,"","2011-07-26 15:42:00"
"561476","21839","",-36,0.00,"","2011-07-27 13:29:00"
"561475","84584","",-3,0.00,"","2011-07-27 13:29:00"
"561478","20954","",-2,0.00,"","2011-07-27 13:32:00"
"561479","21594","",-1,0.00,"","2011-07-27 13:32:00"
"561480","21858","",-12,0.00,"","2011-07-27 13:32:00"
"561481","20684","",-27,0.00,"","2011-07-27 13:38:00"
"561482","21432","",-2,0.00,"","2011-07-27 13:39:00"
"561484","77081","",-39,0.00,"","2011-07-27 13:41:00"
"561486","21765","",-2,0.00,"","2011-07-27 13:48:00"
"561487","22168","",-1,0.00,"","2011-07-27 13:51:00"
"561489","84905","",-2,0.00,"","2011-07-27 13:52:00"
"561491","21781","",-2,0.00,"","2011-07-27 13:56:00"
"561492","22528","",-1,0.00,"","2011-07-27 13:57:00"
"561493","84761","",-11,0.00,"","2011-07-27 13:59:00"
"561494","18097A","",-23,0.00,"","2011-07-27 14:04:00"
"561496","17090D","",-10,0.00,"","2011-07-27 14:08:00"
"561498","21610","",-14,0.00,"","2011-07-27 14:10:00"
"561500","85040B","",-1,0.00,"","2011-07-27 14:12:00"
"561501","21278","",-1,0.00,"","2011-07-27 14:13:00"
"561503","22194","",-4,0.00,"","2011-07-27 14:14:00"
"561504","21361","",-7,0.00,"","2011-07-27 14:15:00"
"561505","84925D","",-12,0.00,"","2011-07-27 14:16:00"
"561506","72051S","",-1,0.00,"","2011-07-27 14:18:00"
"561523","20973","",-45,0.00,"","2011-07-27 17:38:00"
"561524","16020C","",-2,0.00,"","2011-07-27 17:39:00"
"561526","21051","",-2,0.00,"","2011-07-27 17:40:00"
"561525","84466","",-1,0.00,"","2011-07-27 17:40:00"
"561527","20666","",-5,0.00,"","2011-07-27 17:40:00"
"561536","84927E","",-2,0.00,"","2011-07-28 09:58:00"
"561538","84927D","",-1,0.00,"","2011-07-28 09:58:00"
"561539","79026B","",-1,0.00,"","2011-07-28 10:08:00"
"561540","84279B","",-1,0.00,"","2011-07-28 10:08:00"
"561541","21658","",-1,0.00,"","2011-07-28 10:09:00"
"561543","22202","",-1,0.00,"","2011-07-28 10:10:00"
"561553","21392","",-29,0.00,"","2011-07-28 10:20:00"
"561555","37477B","",-11,0.00,"","2011-07-28 10:21:00"
"561557","37477C","",-31,0.00,"","2011-07-28 10:21:00"
"561609","47589","",-1,0.00,"","2011-07-28 12:24:00"
"561640","84802B","",-125,0.00,"","2011-07-28 14:58:00"
"561639","84799","",-346,0.00,"","2011-07-28 14:58:00"
"561668","44091A","",-2,0.00,"","2011-07-28 17:03:00"
"561805","23284","",-15,0.00,"","2011-07-29 14:42:00"
"561918","85127","",-6,0.00,"","2011-08-01 12:05:00"
"561919","85017B","",-188,0.00,"","2011-08-01 12:08:00"
"561921","22044","",-240,0.00,"","2011-08-01 12:11:00"
"561924","22042","",-197,0.00,"","2011-08-01 12:27:00"
"562212","21187","",-97,0.00,"","2011-08-03 13:28:00"
"562279","21391","",-26,0.00,"","2011-08-04 10:28:00"
"562384","23175","",-44,0.00,"","2011-08-04 15:41:00"
"562385","47559B","",-84,0.00,"","2011-08-04 15:42:00"
"562386","84596L","",-21,0.00,"","2011-08-04 15:43:00"
"562390","21246","",-92,0.00,"","2011-08-04 16:00:00"
"562391","22854","",-40,0.00,"","2011-08-04 16:02:00"
"562463","85152","",-6,0.00,"","2011-08-05 11:30:00"
"562464","20701","",-24,0.00,"","2011-08-05 11:31:00"
"562544","84920","",-9,0.00,"","2011-08-05 15:46:00"
"562547","21918","",-343,0.00,"","2011-08-05 15:49:00"
"562548","23084","",-84,0.00,"","2011-08-05 16:00:00"
"562653","21359","",-30,0.00,"","2011-08-08 13:35:00"
"562785","21033","",-455,0.00,"","2011-08-09 13:32:00"
"562855","84800M","",-124,0.00,"","2011-08-10 10:16:00"
"563148","21033","",-37,0.00,"","2011-08-12 11:35:00"
"563244","22740","",-36,0.00,"","2011-08-15 10:49:00"
"563652","22461","",-36,0.00,"","2011-08-18 10:43:00"
"563650","79163","",-156,0.00,"","2011-08-18 10:43:00"
"563700","85106","",-553,0.00,"","2011-08-18 13:55:00"
"563704","37342","",-66,0.00,"","2011-08-18 14:03:00"
"563715","90120D","",-18,0.00,"","2011-08-18 16:08:00"
"564667","23084","",-400,0.00,"","2011-08-26 15:08:00"
"565042","85185B","",-27,0.00,"","2011-08-31 17:01:00"
"565045","21670","",-115,0.00,"","2011-08-31 17:03:00"
"565046","22606","",-49,0.00,"","2011-08-31 17:04:00"
"565048","84976","",-66,0.00,"","2011-08-31 17:06:00"
"565049","21907","",-77,0.00,"","2011-08-31 17:09:00"
"565052","21179","",-60,0.00,"","2011-08-31 17:11:00"
"565055","21172","",-10,0.00,"","2011-08-31 17:11:00"
"565057","82551","",-110,0.00,"","2011-08-31 17:12:00"
"565060","21165","",-46,0.00,"","2011-08-31 17:15:00"
"565063","21175","",-18,0.00,"","2011-08-31 17:15:00"
"565069","20665","",-49,0.00,"","2011-08-31 17:18:00"
"565071","84754","",-242,0.00,"","2011-08-31 17:21:00"
"565072","21820","",-210,0.00,"","2011-08-31 17:22:00"
"565275","90209C","",-72,0.00,"","2011-09-02 11:08:00"
"565304","16259","",-3167,0.00,"","2011-09-02 12:18:00"
"565314","84660C","",-21,0.00,"","2011-09-02 12:43:00"
"565389","47343A","",-16,0.00,"","2011-09-02 16:19:00"
"565938","23066","",-13,0.00,"","2011-09-08 10:54:00"
"566067","20686","",-95,0.00,"","2011-09-08 16:36:00"
"566066","15060B","",-52,0.00,"","2011-09-08 16:36:00"
"566068","22268","",-86,0.00,"","2011-09-08 16:37:00"
"566121","23306","",-682,0.00,"","2011-09-09 10:56:00"
"566711","21578","",-31,0.00,"","2011-09-14 12:03:00"
"566710","16207B","",-4,0.00,"","2011-09-14 12:03:00"
"566763","84708B","",-5,0.00,"","2011-09-14 17:48:00"
"566764","23065","",-13,0.00,"","2011-09-14 17:49:00"
"566765","22244","",-9,0.00,"","2011-09-14 17:50:00"
"566766","21311","",-117,0.00,"","2011-09-14 17:51:00"
"566767","20977","",-188,0.00,"","2011-09-14 17:52:00"
"566768","16045","",-3667,0.00,"","2011-09-14 17:53:00"
"566977","48173C","",-54,0.00,"","2011-09-16 09:47:00"
"567057","84725","",-8,0.00,"","2011-09-16 11:39:00"
"567058","22453","",-12,0.00,"","2011-09-16 11:40:00"
"567060","22445","",-62,0.00,"","2011-09-16 11:41:00"
"567059","22452","",-63,0.00,"","2011-09-16 11:41:00"
"567061","84877B","",-27,0.00,"","2011-09-16 11:42:00"
"567063","23135","",-27,0.00,"","2011-09-16 11:50:00"
"567363","23028","",-49,0.00,"","2011-09-19 16:58:00"
"567364","22925","",-20,0.00,"","2011-09-19 16:58:00"
"567366","21174","",-138,0.00,"","2011-09-19 16:59:00"
"567367","17012A","",-86,0.00,"","2011-09-19 17:15:00"
"567645","21447","",-53,0.00,"","2011-09-21 14:27:00"
"567694","22665","",-24,0.00,"","2011-09-21 17:30:00"
"567695","22688","",-42,0.00,"","2011-09-21 17:31:00"
"567696","23091","",-15,0.00,"","2011-09-21 17:32:00"
"567719","20980","",-7,0.00,"","2011-09-22 10:32:00"
"567861","35597A","",-14,0.00,"","2011-09-22 14:01:00"
"567862","35591T","",-4,0.00,"","2011-09-22 14:02:00"
"567932","85213","",-12,0.00,"","2011-09-22 17:39:00"
"568052","90209C","",-3,0.00,"","2011-09-23 12:42:00"
"568079","85197","",-1,0.00,"","2011-09-23 14:35:00"
"568080","44236","",-2,0.00,"","2011-09-23 14:35:00"
"568081","84663A","",-9,0.00,"","2011-09-23 14:36:00"
"568084","84927A","",-7,0.00,"","2011-09-23 14:38:00"
"568087","85049D","",-8,0.00,"","2011-09-23 14:40:00"
"568088","21641","",-49,0.00,"","2011-09-23 14:40:00"
"568089","22245","",-37,0.00,"","2011-09-23 14:41:00"
"568090","20793","",-5,0.00,"","2011-09-23 14:41:00"
"568091","85211","",-3,0.00,"","2011-09-23 14:41:00"
"568093","20773","",-9,0.00,"","2011-09-23 14:42:00"
"568233","21586","",-147,0.00,"","2011-09-26 11:37:00"
"568371","22687","",-41,0.00,"","2011-09-26 16:48:00"
"568372","90082D","",-19,0.00,"","2011-09-26 16:54:00"
"568403","84905","",-3,0.00,"","2011-09-27 10:35:00"
"568405","22893","",-42,0.00,"","2011-09-27 10:36:00"
"568404","22497","",-17,0.00,"","2011-09-27 10:36:00"
"568406","18094C","",-67,0.00,"","2011-09-27 10:37:00"
"568407","84660A","",-8,0.00,"","2011-09-27 10:38:00"
"568543","84920","",-21,0.00,"","2011-09-27 14:33:00"
"568545","22548","",-70,0.00,"","2011-09-27 14:34:00"
"568546","22409","",-20,0.00,"","2011-09-27 14:35:00"
"568725","79000","",-209,0.00,"","2011-09-28 16:28:00"
"569102","21098","",-129,0.00,"","2011-09-30 12:25:00"
"569121","21244","",-38,0.00,"","2011-09-30 13:03:00"
"569347","85086A","",-6,0.00,"","2011-10-03 14:38:00"
"569376","85106","",-9,0.00,"","2011-10-03 16:29:00"
"569377","22784","",-14,0.00,"","2011-10-03 16:30:00"
"569378","72799F","",-5,0.00,"","2011-10-03 16:31:00"
"569379","16015","",-69,0.00,"","2011-10-03 16:33:00"
"569380","21809","",-140,0.00,"","2011-10-03 16:40:00"
"569391","84625C","",-32,0.00,"","2011-10-03 17:13:00"
"569392","47504K","",-275,0.00,"","2011-10-03 17:15:00"
"569393","23152","",-23,0.00,"","2011-10-03 17:15:00"
"569394","21163","",-70,0.00,"","2011-10-03 17:16:00"
"569817","21870","",-26,0.00,"","2011-10-06 12:09:00"
"569877","90210C","",-10,0.00,"","2011-10-06 15:09:00"
"569881","90014C","",-8,0.00,"","2011-10-06 15:14:00"
"569882","90014B","",-1,0.00,"","2011-10-06 15:15:00"
"569884","90164B","",-14,0.00,"","2011-10-06 15:16:00"
"569885","90164A","",-15,0.00,"","2011-10-06 15:17:00"
"570013","21395","",-38,0.00,"","2011-10-07 09:55:00"
"570259","22336","",-114,0.00,"","2011-10-10 09:59:00"
"570260","35933","",-34,0.00,"","2011-10-10 10:00:00"
"570262","35954","",-80,0.00,"","2011-10-10 10:00:00"
"570264","21288","",-22,0.00,"","2011-10-10 10:03:00"
"571011","21078","",-207,0.00,"","2011-10-13 12:13:00"
"571010","22848","",-16,0.00,"","2011-10-13 12:13:00"
"571012","21402","",-147,0.00,"","2011-10-13 12:15:00"
"571013","23306","",-104,0.00,"","2011-10-13 12:16:00"
"571027","72816","",-36,0.00,"","2011-10-13 12:19:00"
"571037","20669","",-25,0.00,"","2011-10-13 12:58:00"
"571113","21407","",-19,0.00,"","2011-10-13 17:37:00"
"571114","23159","",-99,0.00,"","2011-10-13 17:40:00"
"571115","82567","",-73,0.00,"","2011-10-13 17:40:00"
"571689","85135B","",-27,0.00,"","2011-10-18 14:28:00"
"571723","85211","",-1,0.00,"","2011-10-18 17:30:00"
"572341","85036A","",-82,0.00,"","2011-10-24 10:36:00"
"572514","20774","",-4,0.00,"","2011-10-24 14:36:00"
"572533","84877D","",-1,0.00,"","2011-10-24 16:06:00"
"572534","35597D","",-2,0.00,"","2011-10-24 16:07:00"
"572536","21294","",-8,0.00,"","2011-10-24 16:08:00"
"572543","22570","",-32,0.00,"","2011-10-24 16:24:00"
"572564","40016","",-108,0.00,"","2011-10-25 09:56:00"
"572699","72818","",-48,0.00,"","2011-10-25 14:26:00"
"572759","37468","",-2,0.00,"","2011-10-25 18:45:00"
"572898","22180","",-15,0.00,"","2011-10-26 14:50:00"
"573120","72816","",-1,0.00,"","2011-10-27 16:21:00"
"573317","21804","",-84,0.00,"","2011-10-28 18:09:00"
"573318","84944","",-47,0.00,"","2011-10-28 18:11:00"
"574257","72818","",-3,0.00,"","2011-11-03 13:46:00"
"574516","22162","",-24,0.00,"","2011-11-04 13:38:00"
"574520","21181","",-6,0.00,"","2011-11-04 13:44:00"
"574905","85017B","",-22,0.00,"","2011-11-07 15:28:00"
"575386","20977","",-16,0.00,"","2011-11-09 15:22:00"
"575503","35933","",-2,0.00,"","2011-11-10 10:19:00"
"576193","22827","",-8,0.00,"","2011-11-14 11:57:00"
"576415","17012B","",-2,0.00,"","2011-11-15 11:22:00"
"576473","21868","",-108,0.00,"","2011-11-15 11:40:00"
"576566","21830","",-186,0.00,"","2011-11-15 13:39:00"
"576569","47504K","",-21,0.00,"","2011-11-15 13:45:00"
"576578","22412","",-37,0.00,"","2011-11-15 14:05:00"
"576580","22034","",-5,0.00,"","2011-11-15 14:15:00"
"576835","21618","",-2,0.00,"","2011-11-16 15:10:00"
"578426","23131","",-12,0.00,"","2011-11-24 12:03:00"
"578431","22579","",-18,0.00,"","2011-11-24 12:15:00"
"578529","22087","",-23,0.00,"","2011-11-24 14:29:00"
"578738","21638","",-33,0.00,"","2011-11-25 11:33:00"
"579460","21110","",-151,0.00,"","2011-11-29 14:39:00"
"579688","21116","",-33,0.00,"","2011-11-30 13:51:00"
"579691","47503A","",-5,0.00,"","2011-11-30 14:05:00"
"580087","84341B","",-2,0.00,"","2011-12-01 14:27:00"
"580359","20775","",-35,0.00,"","2011-12-02 16:11:00"
"580379","72225C","",-144,0.00,"","2011-12-02 17:57:00"
"580381","21758","",-9,0.00,"","2011-12-02 17:58:00"
"581199","84581","",-2,0.00,"","2011-12-07 18:26:00"
