"customer_id","recency_days","frequency_completed","cancellation_count","monetary_gross","monetary_net","avg_interval_whole_day","avg_interval_fractional_day","distinct_variants_purchased","distinct_families_purchased","order_return_rate_pct","line_item_return_rate_pct"
"12346",325,3,1,77352.96,169.36,160.5,160.94,25,23,25.0,3.8
"12347",1,8,0,4921.53,4921.53,57.0,57.44,126,119,0.0,0.0
"12348",74,5,0,1658.40,1658.40,90.5,90.73,24,24,0.0,0.0
"12349",18,3,1,3678.69,3654.54,285.0,285.43,137,136,25.0,2.8
"12350",309,1,0,294.40,294.40,NULL,NULL,16,16,0.0,0.0
"12351",374,1,0,300.93,300.93,NULL,NULL,21,21,0.0,0.0
"12352",35,9,1,1729.54,1609.21,44.1,44.52,68,68,10.0,6.9
"12353",203,2,0,406.76,406.76,204.0,204.21,23,23,0.0,0.0
"12354",231,1,0,1079.40,1079.40,NULL,NULL,58,58,0.0,0.0
"12355",213,2,0,947.61,947.61,353.0,353.08,35,29,0.0,0.0
"12356",22,6,0,5611.73,5611.73,79.8,80.39,103,102,0.0,0.0
"12357",32,2,0,17437.66,17437.66,355.0,355.25,260,252,0.0,0.0
"12358",1,5,0,3447.07,3447.07,182.0,182.53,55,52,0.0,0.0
"12359",7,10,4,8873.39,8652.34,74.9,75.22,305,300,28.6,2.7
"12360",51,6,0,3612.89,3612.89,120.4,120.65,159,154,0.0,0.0
"12361",286,4,0,451.25,451.25,131.0,131.66,17,17,0.0,0.0
"12362",2,10,3,4737.23,4665.58,31.9,32.47,200,198,23.1,3.0
"12363",109,2,0,552.00,552.00,132.0,132.87,23,23,0.0,0.0
"12364",7,4,0,1208.10,1208.10,34.3,34.93,69,67,0.0,0.0
"12365",290,1,0,320.69,320.69,NULL,NULL,21,21,0.0,0.0
"12366",633,1,0,500.24,500.24,NULL,NULL,3,3,0.0,0.0
"12367",3,1,0,150.90,150.90,NULL,NULL,10,10,0.0,0.0
"12368",627,1,0,917.70,917.70,NULL,NULL,18,18,0.0,0.0
"12369",412,3,0,1511.15,1511.15,113.5,114.11,89,88,0.0,0.0
"12370",50,7,0,3956.56,3956.56,102.7,102.87,167,165,0.0,0.0
"12371",59,4,0,3347.38,3347.38,194.7,195.23,133,116,0.0,0.0
"12372",71,3,0,1196.04,1196.04,112.0,112.49,33,32,0.0,0.0
"12373",310,3,0,927.65,927.65,180.5,181.02,35,35,0.0,0.0
"12374",24,3,0,2669.22,2669.22,281.0,281.53,78,75,0.0,0.0
"12375",2,2,1,377.50,375.42,87.0,87.84,13,12,33.3,6.3
"12376",389,2,0,383.15,383.15,28.0,28.15,10,10,0.0,0.0
"12377",314,4,0,3266.32,3266.32,91.0,91.34,128,123,0.0,0.0
"12378",129,2,0,5416.32,5416.32,432.0,432.85,281,278,0.0,0.0
"12379",81,4,1,1470.22,1468.27,150.7,150.96,57,57,20.0,1.3
"12380",21,8,2,7210.65,7171.00,91.0,91.57,154,149,20.0,1.5
"12381",4,3,1,1474.81,1433.46,57.0,57.56,69,69,25.0,4.7
"12383",184,5,1,1628.56,1617.31,41.3,41.93,83,80,16.7,1.1
"12384",28,2,1,425.27,406.16,92.0,92.89,25,25,33.3,10.7
"12385",378,1,0,1668.40,1668.40,NULL,NULL,64,64,0.0,0.0
"12386",337,2,0,401.90,401.90,29.0,29.11,10,10,0.0,0.0
"12387",414,1,0,143.94,143.94,NULL,NULL,9,9,0.0,0.0
"12388",15,8,0,3901.11,3901.11,80.4,81.00,83,81,0.0,0.0
"12389",402,3,0,1433.33,1433.33,126.0,126.53,41,41,0.0,0.0
"12390",79,1,0,504.84,504.84,NULL,NULL,31,31,0.0,0.0
"12391",21,6,1,2724.84,2699.24,128.0,128.22,241,227,14.3,2.2
"12392",590,1,0,234.75,234.75,NULL,NULL,7,7,0.0,0.0
"12393",71,6,1,2399.45,2376.75,70.8,71.22,63,62,14.3,4.5
"12394",63,2,0,1080.48,1080.48,153.0,153.75,25,25,0.0,0.0
"12395",15,15,3,4241.17,4220.82,41.2,41.66,144,140,16.7,1.3
"12396",673,1,0,931.43,931.43,NULL,NULL,65,58,0.0,0.0
"12397",35,2,0,2214.90,2214.90,99.0,99.81,109,109,0.0,0.0
"12398",45,1,0,1435.66,1435.66,NULL,NULL,84,83,0.0,0.0
"12399",118,7,0,1842.30,1842.30,87.3,87.53,66,66,0.0,0.0
"12400",413,1,0,205.25,205.25,NULL,NULL,11,11,0.0,0.0
"12401",302,1,0,69.30,69.30,NULL,NULL,4,4,0.0,0.0
"12402",322,6,1,1136.90,1124.15,69.0,69.41,42,42,14.3,1.5
"12403",49,2,0,947.36,947.36,471.0,471.97,4,2,0.0,0.0
"12405",148,1,0,1390.39,1390.39,NULL,NULL,53,52,0.0,0.0
"12406",21,5,2,6390.36,6072.21,168.3,168.81,114,111,28.6,2.4
"12407",49,5,0,1507.12,1507.12,53.0,53.72,56,53,0.0,0.0
"12408",32,8,5,3905.77,3859.64,66.1,66.57,103,100,38.5,6.2
"12409",78,7,6,23419.29,23090.47,80.7,81.13,177,171,46.2,2.9
"12410",300,3,1,773.71,761.46,96.5,96.94,35,35,25.0,5.0
"12411",409,1,0,346.90,346.90,NULL,NULL,22,22,0.0,0.0
"12412",74,6,2,2404.93,2389.03,92.4,92.97,81,80,25.0,3.2
"12413",66,4,1,871.45,861.50,111.3,111.94,40,40,20.0,2.0
"12414",216,4,1,532.41,442.41,81.7,82.03,19,17,20.0,24.1
"12415",23,24,4,144033.37,143107.02,21.3,21.88,496,486,14.3,6.2
"12416",656,1,0,202.56,202.56,NULL,NULL,11,11,0.0,0.0
"12417",2,20,7,5998.41,5889.71,37.9,38.43,269,265,25.9,2.8
"12418",112,4,1,2021.20,2016.95,172.0,172.62,90,89,20.0,1.0
"12419",385,2,0,391.01,391.01,27.0,27.98,22,20,0.0,0.0
"12420",63,1,0,600.39,600.39,NULL,NULL,29,29,0.0,0.0
"12421",15,6,1,874.60,869.60,97.4,97.96,43,43,14.3,1.7
"12422",95,12,0,3639.35,3639.35,56.3,56.90,135,128,0.0,0.0
"12423",0,10,1,2301.39,2291.19,51.1,51.67,127,120,9.1,0.6
"12424",162,4,3,3340.03,3289.78,128.3,128.62,78,76,42.9,5.2
"12425",77,2,1,1741.41,1680.81,370.0,370.14,87,81,33.3,4.2
"12426",194,2,1,1201.21,1167.41,468.0,468.16,72,72,33.3,6.3
"12427",11,3,2,699.80,582.37,174.5,174.96,25,25,40.0,12.5
"12428",25,8,3,6405.26,6366.00,36.6,36.85,256,243,27.3,1.7
"12429",8,8,1,5842.41,5792.01,76.4,76.74,123,122,11.1,0.7
"12430",42,1,0,216.40,216.40,NULL,NULL,10,10,0.0,0.0
"12431",35,25,6,10102.22,9963.66,27.0,27.42,243,233,19.4,1.8
"12432",42,4,0,4359.32,4359.32,43.0,43.31,106,101,0.0,0.0
"12433",0,10,0,16794.14,16794.14,52.4,52.89,285,273,0.0,0.0
"12434",84,3,2,1103.43,1062.48,147.5,148.48,62,61,40.0,5.4
"12435",79,6,0,13925.93,13925.93,131.2,131.56,88,86,0.0,0.0
"12436",99,1,0,429.01,429.01,NULL,NULL,15,14,0.0,0.0
"12437",1,38,7,11282.40,11011.85,19.4,19.89,272,266,15.6,3.3
"12438",13,2,0,2466.85,2466.85,125.0,126.00,83,83,0.0,0.0
"12439",682,2,1,1142.88,1089.18,43.0,43.15,69,69,33.3,4.1
"12440",456,2,1,739.20,648.15,255.0,255.05,20,17,33.3,9.1
"12441",366,1,0,155.55,155.55,NULL,NULL,10,10,0.0,0.0
"12442",2,1,0,144.06,144.06,NULL,NULL,11,11,0.0,0.0
"12443",731,1,0,365.31,365.31,NULL,NULL,20,20,0.0,0.0
"12444",20,5,0,4085.46,4085.46,37.3,37.49,137,136,0.0,0.0
"12445",21,2,1,378.98,370.48,398.0,398.26,23,21,33.3,4.2
"12446",57,1,0,1002.31,1002.31,NULL,NULL,57,57,0.0,0.0
"12447",242,1,0,431.49,431.49,NULL,NULL,25,25,0.0,0.0
"12448",43,1,0,365.45,365.45,NULL,NULL,21,20,0.0,0.0
"12449",21,5,0,4274.89,4274.89,103.5,104.04,124,122,0.0,0.0
"12450",155,5,2,688.20,666.95,79.0,79.52,31,31,28.6,7.5
"12451",10,8,2,12629.88,12506.53,73.6,74.12,351,336,20.0,0.6
"12452",16,1,0,348.57,348.57,NULL,NULL,20,20,0.0,0.0
"12453",133,1,0,707.09,707.09,NULL,NULL,43,43,0.0,0.0
"12454",52,4,3,16459.78,4098.96,121.0,121.66,23,22,42.9,44.3
"12455",72,9,0,5722.95,5722.95,80.5,81.02,198,191,0.0,0.0
"12456",43,3,1,2581.04,2553.89,104.5,105.11,104,101,25.0,3.2
"12457",57,7,6,2555.91,2032.31,61.0,61.47,62,62,46.2,9.0
"12458",70,4,0,1502.49,1502.49,138.3,138.73,70,65,0.0,0.0
"12459",604,1,0,398.36,398.36,NULL,NULL,22,22,0.0,0.0
"12460",455,1,0,296.65,296.65,NULL,NULL,17,17,0.0,0.0
"12461",154,1,0,626.88,626.88,NULL,NULL,34,34,0.0,0.0
"12462",1,2,2,937.59,872.01,284.0,284.77,50,50,50.0,14.3
"12463",45,4,2,1200.78,1165.63,62.0,62.68,64,63,33.3,4.8
"12464",9,8,0,957.05,957.05,42.3,42.71,5,5,0.0,0.0
"12465",7,2,1,682.19,673.89,152.0,152.12,45,45,33.3,8.2
"12467",385,1,1,132.80,0.00,NULL,NULL,9,9,50.0,50.0
"12468",142,5,5,3238.74,3192.55,123.3,123.77,126,121,50.0,8.2
"12469",522,2,0,3070.54,3070.54,14.0,14.09,76,66,0.0,0.0
"12470",689,1,0,211.95,211.95,NULL,NULL,23,19,0.0,0.0
"12471",1,71,49,35099.90,33294.92,10.1,10.43,252,252,40.8,12.6
"12472",30,19,18,14971.29,14169.69,37.8,38.51,396,376,48.6,13.1
"12473",53,3,1,2585.73,2545.27,68.5,69.03,138,133,25.0,4.2
"12474",16,29,23,11310.75,10886.75,22.7,23.19,368,362,44.2,7.2
"12475",53,2,0,1065.64,1065.64,356.0,356.06,53,53,0.0,0.0
"12476",0,18,15,12319.91,11920.12,28.2,28.60,357,353,45.5,8.8
"12477",22,9,3,20276.37,20173.64,74.8,75.10,295,280,25.0,1.4
"12478",3,1,0,545.99,545.99,NULL,NULL,35,35,0.0,0.0
"12479",3,1,2,473.20,423.30,NULL,NULL,30,29,66.7,11.8
"12480",27,7,1,4834.85,4805.10,79.5,79.84,176,167,12.5,1.3
"12481",22,14,3,11033.51,10889.15,44.5,44.98,247,238,17.6,1.1
"12482",575,27,0,21941.72,21941.72,2.9,2.97,41,41,0.0,0.0
"12483",16,19,4,4069.18,4007.93,36.2,36.67,67,64,17.4,3.9
"12484",34,9,4,5557.10,5490.80,80.4,80.74,328,314,30.8,1.9
"12485",528,1,0,708.10,708.10,NULL,NULL,34,32,0.0,0.0
"12486",431,1,0,917.28,917.28,NULL,NULL,48,47,0.0,0.0
"12487",730,1,1,285.30,259.80,NULL,NULL,2,2,50.0,33.3
"12488",9,3,0,1244.66,1244.66,32.5,32.96,45,44,0.0,0.0
"12489",335,1,0,298.93,298.93,NULL,NULL,14,14,0.0,0.0
"12490",4,20,1,8764.64,8759.64,38.2,38.59,194,190,4.8,0.2
"12491",38,1,0,424.40,424.40,NULL,NULL,24,24,0.0,0.0
"12492",62,3,0,607.21,607.21,169.5,170.01,37,36,0.0,0.0
"12493",165,2,1,379.74,362.79,31.0,31.81,18,18,33.3,4.8
"12494",9,9,8,1563.27,1451.92,69.4,70.10,82,79,47.1,9.1
"12495",634,1,1,277.40,243.40,NULL,NULL,16,14,50.0,11.1
"12496",619,2,0,45.34,45.34,0.0,0.01,10,10,0.0,0.0
"12497",81,3,0,5996.50,5996.50,281.0,281.56,40,40,0.0,0.0
"12498",20,3,0,349.70,349.70,18.0,18.07,20,20,0.0,0.0
"12499",559,1,0,357.72,357.72,NULL,NULL,26,26,0.0,0.0
"12500",22,18,6,5559.21,5494.31,37.8,38.24,87,83,25.0,6.5
"12501",314,1,1,2025.39,1945.68,NULL,NULL,148,143,50.0,6.9
"12502",95,5,0,2995.87,2995.87,53.3,53.51,101,98,0.0,0.0
"12503",583,1,0,896.00,896.00,NULL,NULL,1,1,0.0,0.0
"12504",17,4,2,689.05,321.00,192.3,192.74,10,10,33.3,26.1
"12505",392,1,1,787.20,744.50,NULL,NULL,41,41,50.0,8.9
"12506",232,1,0,73.50,73.50,NULL,NULL,23,23,0.0,0.0
"12507",133,4,1,1508.06,1461.31,150.0,150.11,45,45,20.0,2.1
"12508",25,2,0,397.88,397.88,2.0,2.97,57,57,0.0,0.0
"12509",283,1,0,158.50,158.50,NULL,NULL,6,5,0.0,0.0
"12510",142,7,2,3039.03,2989.33,98.0,98.81,92,85,22.2,2.8
"12511",414,1,1,3084.02,3065.77,NULL,NULL,190,187,50.0,2.1
"12512",65,2,0,132.18,132.18,0.0,0.00,31,31,0.0,0.0
"12513",84,1,1,558.29,532.79,NULL,NULL,34,34,50.0,2.9
"12514",266,2,0,1597.76,1597.76,374.0,374.18,76,74,0.0,0.0
"12515",352,1,0,278.70,278.70,NULL,NULL,15,14,0.0,0.0
"12516",77,4,0,2288.62,2288.62,173.3,173.93,48,45,0.0,0.0
"12517",27,4,1,2301.60,2263.65,53.3,53.98,231,222,20.0,0.7
"12518",0,5,0,1840.89,1840.89,27.0,27.47,83,82,0.0,0.0
"12519",63,2,1,626.54,595.19,413.0,413.05,33,31,33.3,5.1
"12520",78,5,1,2346.26,2294.51,48.3,48.54,120,116,16.7,2.0
"12521",142,1,0,545.68,545.68,NULL,NULL,37,37,0.0,0.0
"12522",38,2,0,156.72,156.72,12.0,12.03,10,10,0.0,0.0
"12523",1,23,7,4010.35,3877.05,31.9,32.41,175,171,23.3,5.6
"12524",8,17,1,9794.11,9759.36,40.9,41.25,156,153,5.6,0.9
"12525",490,3,5,883.73,745.18,74.0,74.54,55,54,62.5,22.4
"12526",0,3,0,1172.66,1172.66,46.5,46.95,63,63,0.0,0.0
"12527",81,5,0,717.51,717.51,111.3,111.96,25,24,0.0,0.0
"12528",8,6,2,1645.48,1634.28,60.4,60.65,49,48,25.0,3.4
"12529",522,1,1,316.48,311.78,NULL,NULL,21,21,50.0,8.7
"12530",59,9,2,3381.26,3329.86,72.4,72.86,93,88,18.2,2.0
"12531",14,2,1,1771.20,1737.05,671.0,671.87,125,122,33.3,4.5
"12532",29,1,0,313.83,313.83,NULL,NULL,15,15,0.0,0.0
"12533",618,2,4,1223.89,1005.99,110.0,110.96,62,58,66.7,20.5
"12534",130,1,0,981.18,981.18,NULL,NULL,62,59,0.0,0.0
"12535",91,2,0,716.35,716.35,94.0,94.83,28,27,0.0,0.0
"12536",7,1,1,4279.71,4151.26,NULL,NULL,259,258,50.0,3.4
"12537",408,1,0,612.94,612.94,NULL,NULL,42,41,0.0,0.0
"12538",28,2,0,640.45,640.45,349.0,349.18,33,31,0.0,0.0
"12539",21,7,0,11186.75,11186.75,115.2,115.67,275,269,0.0,0.0
"12540",19,32,2,19250.49,19159.29,22.5,22.99,353,342,5.9,0.4
"12541",29,3,0,841.18,841.18,125.0,125.52,45,45,0.0,0.0
"12542",483,2,2,481.88,423.38,156.0,156.12,39,38,50.0,13.3
"12543",447,1,0,840.25,840.25,NULL,NULL,42,42,0.0,0.0
"12544",29,1,1,316.70,299.70,NULL,NULL,18,17,50.0,5.3
"12545",74,2,0,832.39,832.39,184.0,184.07,41,36,0.0,0.0
"12546",46,2,1,1021.50,1001.50,31.0,31.10,58,58,33.3,1.5
"12547",197,3,0,299.58,299.58,150.5,151.47,12,12,0.0,0.0
"12548",165,1,0,67.20,67.20,NULL,NULL,4,4,0.0,0.0
"12549",575,5,0,1570.68,1570.68,30.0,30.50,37,35,0.0,0.0
"12550",78,1,0,824.83,824.83,NULL,NULL,56,56,0.0,0.0
"12551",357,1,0,168.00,168.00,NULL,NULL,10,9,0.0,0.0
"12552",39,1,0,317.82,317.82,NULL,NULL,19,17,0.0,0.0
"12553",7,12,5,4104.75,4044.82,37.2,37.74,108,105,29.4,2.6
"12554",448,1,0,384.50,384.50,NULL,NULL,25,24,0.0,0.0
"12556",49,2,0,599.56,599.56,100.0,100.98,100,99,0.0,0.0
"12557",15,8,0,18096.14,18096.14,100.4,100.89,15,12,0.0,0.0
"12558",1,1,1,269.96,0.00,NULL,NULL,11,11,50.0,50.0
"12559",310,2,1,525.71,500.21,8.0,8.98,20,20,33.3,4.8
"12560",4,2,1,1918.01,1885.39,137.0,137.92,90,90,33.3,5.5
"12561",302,1,0,238.85,238.85,NULL,NULL,16,16,0.0,0.0
"12562",7,9,0,4426.92,4426.92,53.0,53.40,112,111,0.0,0.0
"12563",408,1,0,221.24,221.24,NULL,NULL,12,10,0.0,0.0
"12564",260,1,0,402.90,402.90,NULL,NULL,20,20,0.0,0.0
"12565",281,1,1,145.92,131.17,NULL,NULL,9,9,50.0,10.0
"12566",72,1,1,297.65,292.70,NULL,NULL,18,18,50.0,5.3
"12567",22,15,2,10741.48,10425.44,45.5,46.00,364,359,11.8,3.4
"12568",644,1,0,52.00,52.00,NULL,NULL,4,4,0.0,0.0
"12569",1,32,1,3152.69,3128.99,7.6,8.07,91,88,3.0,0.6
"12571",39,2,0,519.61,519.61,81.0,81.91,31,31,0.0,0.0
"12572",8,2,1,912.42,896.72,43.0,43.04,52,52,33.3,3.3
"12573",226,5,0,717.41,717.41,58.8,59.48,107,102,0.0,0.0
"12574",315,1,0,182.45,182.45,NULL,NULL,10,10,0.0,0.0
"12575",456,2,0,568.82,568.82,69.0,69.16,33,33,0.0,0.0
"12576",35,8,3,2062.72,2003.87,69.6,70.12,113,113,27.3,3.4
"12577",34,8,1,1613.15,1550.75,99.9,100.11,258,252,11.1,0.3
"12578",20,4,3,4026.45,3956.45,140.0,140.70,148,146,42.9,5.1
"12579",72,1,1,386.42,374.72,NULL,NULL,28,28,50.0,3.4
"12580",246,2,0,962.90,962.90,329.0,329.94,51,47,0.0,0.0
"12581",39,1,0,179.71,179.71,NULL,NULL,14,14,0.0,0.0
"12582",238,4,0,1820.40,1820.40,112.7,112.98,87,85,0.0,0.0
"12583",2,27,3,12493.58,12409.04,27.6,28.11,140,139,10.0,0.9
"12584",3,9,9,2254.15,1809.95,34.0,34.60,43,43,50.0,24.0
"12585",233,2,2,1824.10,1766.81,117.0,117.03,76,76,50.0,10.5
"12586",16,4,1,2062.67,2045.67,235.0,235.38,82,82,20.0,1.1
"12587",7,1,0,104.00,104.00,NULL,NULL,3,3,0.0,0.0
"12588",38,3,1,718.78,698.98,279.0,279.06,30,30,25.0,4.5
"12589",28,6,2,3294.91,2752.17,131.8,132.18,119,115,25.0,14.8
"12590",189,1,3,9341.26,9330.48,NULL,NULL,67,64,75.0,5.6
"12591",316,3,0,1114.95,1114.95,45.5,45.58,62,62,0.0,0.0
"12592",91,4,0,1723.64,1723.64,142.0,142.35,40,40,0.0,0.0
"12593",108,3,0,382.10,382.10,55.0,55.07,13,13,0.0,0.0
"12594",37,14,1,4890.11,4862.51,46.3,46.84,77,76,6.7,1.0
"12595",504,1,0,281.02,281.02,NULL,NULL,18,18,0.0,0.0
"12596",50,2,0,450.27,450.27,190.0,190.99,24,24,0.0,0.0
"12597",18,4,1,3195.22,3067.13,82.7,82.99,183,183,20.0,3.8
"12598",9,10,4,4192.09,4072.67,70.4,71.01,129,126,28.6,2.5
"12599",28,13,0,2026.72,2026.72,45.1,45.68,46,46,0.0,0.0
"12600",28,20,2,4385.85,4343.60,36.6,37.05,51,47,9.1,4.4
"12601",189,6,1,573.26,565.76,42.4,42.99,23,23,14.3,3.4
"12602",58,1,0,153.12,153.12,NULL,NULL,12,12,0.0,0.0
"12603",21,1,0,613.20,613.20,NULL,NULL,1,1,0.0,0.0
"12604",78,2,0,236.18,236.18,182.0,182.08,14,14,0.0,0.0
"12605",364,3,1,1124.95,1117.45,40.5,41.00,62,60,25.0,4.0
"12607",57,1,1,1579.51,0.00,NULL,NULL,101,100,50.0,50.0
"12608",404,1,0,415.79,415.79,NULL,NULL,16,16,0.0,0.0
"12609",77,9,0,3021.86,3021.86,79.9,80.14,128,127,0.0,0.0
"12610",22,4,2,1747.54,1705.99,34.0,34.61,84,84,33.3,4.7
"12611",51,1,0,1193.32,1193.32,NULL,NULL,65,64,0.0,0.0
"12612",57,1,1,668.04,607.59,NULL,NULL,18,8,50.0,10.0
"12613",30,9,3,6277.37,6033.82,83.1,83.51,217,211,25.0,5.9
"12614",277,1,0,315.60,315.60,NULL,NULL,20,18,0.0,0.0
"12615",1,8,3,5362.98,5186.88,89.6,89.86,197,195,27.3,2.9
"12616",84,3,4,1023.10,937.35,146.5,146.58,31,31,57.1,8.9
"12617",28,1,0,352.98,352.98,NULL,NULL,39,39,0.0,0.0
"12618",21,1,0,137.31,137.31,NULL,NULL,10,10,0.0,0.0
"12619",15,9,3,3085.70,3048.95,67.8,68.01,53,52,25.0,4.2
"12620",14,3,0,1303.41,1303.41,94.5,94.96,88,87,0.0,0.0
"12621",1,35,9,22097.20,21900.70,19.1,19.62,343,336,20.5,2.2
"12622",231,1,0,162.10,162.10,NULL,NULL,10,10,0.0,0.0
"12623",275,7,0,3315.84,3315.84,69.7,70.01,111,111,0.0,0.0
"12624",105,2,0,569.13,569.13,71.0,71.10,35,33,0.0,0.0
"12625",211,4,1,4678.88,4627.38,127.7,128.31,143,138,20.0,2.2
"12626",22,9,4,5954.48,5722.35,37.5,37.90,231,229,30.8,4.4
"12627",10,6,0,4082.53,4082.53,25.4,25.98,161,159,0.0,0.0
"12628",3,3,1,732.46,715.61,29.5,30.08,33,32,25.0,5.0
"12629",385,2,0,1198.22,1198.22,37.0,37.69,39,39,0.0,0.0
"12630",9,2,0,1030.88,1030.88,34.0,34.00,59,59,0.0,0.0
"12631",56,6,1,3321.57,3292.27,126.8,127.19,130,125,14.3,1.6
"12632",520,2,2,714.88,684.88,44.0,44.02,31,31,50.0,5.7
"12633",58,7,3,5156.16,5073.21,77.3,77.83,219,217,30.0,2.3
"12634",547,1,0,360.00,360.00,NULL,NULL,19,19,0.0,0.0
"12635",89,4,0,2624.41,2624.41,122.0,122.34,158,150,0.0,0.0
"12637",66,12,1,8085.81,8071.16,42.8,43.27,294,290,7.7,0.5
"12638",32,2,0,681.49,681.49,606.0,606.11,46,45,0.0,0.0
"12639",238,3,0,1072.37,1072.37,194.5,194.58,57,54,0.0,0.0
"12640",23,3,0,994.58,994.58,28.5,29.00,46,46,0.0,0.0
"12641",114,1,0,145.90,145.90,NULL,NULL,9,9,0.0,0.0
"12642",24,3,0,905.26,905.26,41.0,41.12,38,38,0.0,0.0
"12643",127,11,2,7803.82,7334.30,47.8,48.29,13,11,15.4,8.7
"12644",129,4,2,1900.49,1797.54,188.0,188.30,105,102,33.3,9.8
"12645",33,8,2,3215.30,3175.10,90.0,90.73,110,110,20.0,1.9
"12646",4,2,0,1346.97,1346.97,44.0,44.89,43,40,0.0,0.0
"12647",21,35,7,14109.55,13919.74,19.2,19.79,239,218,16.7,3.2
"12648",154,4,1,1039.00,1024.00,182.0,182.24,37,33,20.0,1.6
"12649",106,8,2,2096.65,2060.50,83.7,84.13,93,91,20.0,3.4
"12650",2,1,0,242.44,242.44,NULL,NULL,19,19,0.0,0.0
"12651",334,4,1,377.75,365.30,43.3,43.63,30,30,20.0,6.3
"12652",321,2,1,891.03,885.58,102.0,102.99,50,50,33.3,5.7
"12653",148,3,0,4160.83,4160.83,188.5,189.02,76,75,0.0,0.0
"12654",10,5,0,529.98,529.98,70.8,71.22,30,30,0.0,0.0
"12655",423,1,0,243.35,243.35,NULL,NULL,15,15,0.0,0.0
"12656",16,8,4,5723.83,5636.78,77.4,77.89,173,171,33.3,2.4
"12657",10,4,1,1427.18,1008.06,22.0,22.39,34,34,20.0,15.4
"12658",18,1,0,632.05,632.05,NULL,NULL,35,30,0.0,0.0
"12659",29,1,0,73.68,73.68,NULL,NULL,4,4,0.0,0.0
"12660",10,1,0,227.10,227.10,NULL,NULL,12,12,0.0,0.0
"12661",435,1,0,162.00,162.00,NULL,NULL,11,11,0.0,0.0
"12662",0,20,2,6130.54,6091.69,31.9,32.48,162,157,9.1,1.3
"12663",624,2,1,185.40,150.00,43.0,43.80,8,8,33.3,11.1
"12664",7,11,0,5420.04,5420.04,71.3,71.83,9,6,0.0,0.0
"12665",324,3,2,259.60,247.45,171.5,172.36,12,12,40.0,22.2
"12666",358,1,1,1248.42,1020.98,NULL,NULL,31,31,50.0,6.1
"12667",57,1,0,460.13,460.13,NULL,NULL,32,32,0.0,0.0
"12668",6,9,2,9906.03,9842.06,82.8,83.22,262,254,18.2,1.3
"12669",150,2,0,1427.73,1427.73,105.0,105.99,96,95,0.0,0.0
"12670",9,7,1,3436.29,3426.39,109.0,109.37,70,69,12.5,1.8
"12671",605,1,0,2622.48,2622.48,NULL,NULL,44,43,0.0,0.0
"12672",329,2,1,407.05,380.50,265.0,265.97,21,21,33.3,12.5
"12673",4,3,0,1140.02,1140.02,198.0,198.07,67,64,0.0,0.0
"12674",11,4,3,1844.60,1796.26,56.3,56.38,51,51,42.9,8.1
"12675",553,2,2,873.25,849.55,24.0,24.71,110,106,50.0,1.8
"12676",24,10,0,2333.09,2333.09,50.6,51.00,66,65,0.0,0.0
"12677",554,2,1,359.10,353.30,111.0,111.02,12,12,33.3,9.5
"12678",41,15,2,32595.18,32165.13,46.4,47.06,197,194,11.8,1.4
"12679",51,4,5,951.02,896.67,74.3,75.00,42,39,55.6,15.4
"12680",0,4,0,790.81,790.81,37.0,37.63,32,32,0.0,0.0
"12681",14,44,9,26936.76,26679.24,16.1,16.56,458,444,17.0,1.9
"12682",3,51,1,20736.22,20648.12,14.2,14.70,326,320,1.9,0.3
"12683",3,20,6,10445.70,10167.52,37.6,38.00,235,230,23.1,4.1
"12684",7,6,0,2073.63,2073.63,40.6,41.17,59,59,0.0,0.0
"12685",27,6,0,2575.08,2575.08,12.6,13.03,116,116,0.0,0.0
"12686",371,1,0,71.14,71.14,NULL,NULL,6,6,0.0,0.0
"12687",480,1,0,1858.91,1858.91,NULL,NULL,125,124,0.0,0.0
"12688",113,1,0,4873.81,4873.81,NULL,NULL,171,164,0.0,0.0
"12689",25,2,0,1139.61,1139.61,101.0,101.94,56,55,0.0,0.0
"12690",205,1,0,335.01,335.01,NULL,NULL,15,15,0.0,0.0
"12691",27,6,0,1044.40,1044.40,78.0,78.44,23,23,0.0,0.0
"12692",636,1,0,110.95,110.95,NULL,NULL,13,12,0.0,0.0
"12693",120,7,4,1415.02,1352.42,65.3,65.86,62,61,36.4,5.3
"12694",69,3,1,1663.35,1659.45,174.5,175.36,68,68,25.0,1.2
"12695",6,7,0,1371.12,1371.12,109.2,109.67,45,44,0.0,0.0
"12696",434,2,0,731.91,731.91,74.0,74.03,42,41,0.0,0.0
"12697",20,3,2,757.59,739.02,69.5,70.36,36,36,40.0,5.0
"12698",589,1,0,285.75,285.75,NULL,NULL,15,15,0.0,0.0
"12699",417,1,0,566.11,566.11,NULL,NULL,40,39,0.0,0.0
"12700",7,4,0,4525.99,4525.99,68.7,69.26,192,187,0.0,0.0
"12701",79,6,0,2248.41,2248.41,110.0,110.78,117,116,0.0,0.0
"12702",19,1,0,201.00,201.00,NULL,NULL,11,11,0.0,0.0
"12703",63,4,3,898.53,802.18,204.0,204.41,55,53,42.9,11.4
"12704",6,8,0,1740.84,1740.84,22.6,23.16,63,58,0.0,0.0
"12705",14,13,8,11114.10,10906.00,42.8,43.18,319,305,38.1,4.4
"12707",291,1,0,603.42,603.42,NULL,NULL,33,33,0.0,0.0
"12708",29,18,11,4559.66,4381.72,40.2,40.70,129,126,37.9,8.3
"12709",2,32,21,29487.18,28708.10,22.6,23.07,187,180,39.6,15.3
"12710",96,3,1,1023.02,1004.57,51.5,52.46,74,73,25.0,2.6
"12711",611,2,0,1213.05,1213.05,65.0,65.02,55,54,0.0,0.0
"12712",22,21,7,5985.03,5801.78,34.6,35.09,125,123,25.0,6.4
"12713",0,1,0,794.55,794.55,NULL,NULL,37,35,0.0,0.0
"12714",8,12,0,12815.71,12815.71,65.5,66.02,435,403,0.0,0.0
"12715",105,1,0,263.36,263.36,NULL,NULL,19,19,0.0,0.0
"12716",3,2,0,963.49,963.49,129.0,129.81,59,59,0.0,0.0
"12717",150,3,0,1058.91,1058.91,219.0,219.50,59,58,0.0,0.0
"12718",70,1,0,202.25,202.25,NULL,NULL,18,18,0.0,0.0
"12719",4,2,1,572.95,536.10,59.0,59.95,33,32,33.3,7.5
"12720",2,29,10,6905.28,6710.49,17.6,18.00,261,260,25.6,4.7
"12721",31,8,2,3635.08,3555.83,62.3,62.86,182,174,20.0,4.9
"12722",84,4,2,979.63,886.33,21.0,21.71,49,49,33.3,7.1
"12723",3,5,0,707.07,707.07,15.0,15.44,52,52,0.0,0.0
"12724",4,7,0,2083.52,2083.52,87.8,88.35,93,90,0.0,0.0
"12725",370,3,0,1906.76,1906.76,106.0,106.54,91,87,0.0,0.0
"12726",27,11,0,3690.60,3690.60,59.0,59.59,62,62,0.0,0.0
"12727",10,10,1,4905.53,4890.53,71.1,71.56,131,124,9.1,0.5
"12728",70,5,0,926.17,926.17,77.8,78.04,47,46,0.0,0.0
"12729",113,1,0,417.01,417.01,NULL,NULL,25,25,0.0,0.0
"12730",521,1,0,703.25,703.25,NULL,NULL,46,44,0.0,0.0
"12731",23,17,2,25631.71,25540.21,38.6,39.01,136,130,10.5,0.5
"12732",179,1,0,218.26,218.26,NULL,NULL,11,11,0.0,0.0
"12733",233,4,2,2424.02,2325.97,151.3,151.71,116,112,33.3,3.1
"12734",352,3,0,603.65,603.65,19.5,19.99,16,15,0.0,0.0
"12735",314,2,0,689.57,689.57,21.0,21.97,37,37,0.0,0.0
"12736",332,1,0,144.00,144.00,NULL,NULL,3,3,0.0,0.0
"12738",371,1,0,137.35,137.35,NULL,NULL,10,10,0.0,0.0
"12739",98,2,0,2421.23,2421.23,295.0,295.14,83,80,0.0,0.0
"12740",63,1,0,427.60,427.60,NULL,NULL,27,27,0.0,0.0
"12741",532,1,0,236.07,236.07,NULL,NULL,15,15,0.0,0.0
"12742",599,1,1,1201.52,1185.02,NULL,NULL,67,60,50.0,1.5
"12743",133,2,0,540.13,540.13,0.0,0.01,114,110,0.0,0.0
"12744",55,8,0,13158.16,13158.16,76.1,76.42,244,238,0.0,0.0
"12745",486,2,0,723.85,723.85,87.0,87.73,20,20,0.0,0.0
"12746",527,1,2,254.55,230.85,NULL,NULL,17,17,66.7,15.0
"12747",1,26,6,8898.48,8786.53,28.8,29.20,85,79,18.8,3.1
"12748",0,322,21,49173.79,46671.23,1.9,2.29,2283,2138,6.1,1.0
"12749",3,9,7,6847.36,6278.49,64.1,64.72,259,259,43.8,15.1
"12750",128,1,0,275.88,275.88,NULL,NULL,15,15,0.0,0.0
"12751",444,1,0,268.27,268.27,NULL,NULL,61,60,0.0,0.0
"12752",80,1,0,4366.78,4366.78,NULL,NULL,53,50,0.0,0.0
"12753",3,6,5,21429.39,21024.01,67.4,67.99,132,128,45.5,14.3
"12754",235,3,0,3010.74,3010.74,36.0,36.47,49,49,0.0,0.0
"12755",249,11,10,5236.26,2629.50,40.9,41.30,34,32,47.6,45.2
"12756",86,1,0,112.08,112.08,NULL,NULL,4,4,0.0,0.0
"12757",15,9,1,4176.75,4161.75,23.9,24.47,235,230,10.0,0.3
"12758",116,7,1,9903.24,9779.00,103.2,103.64,187,179,12.5,1.3
"12759",51,8,0,4618.74,4618.74,97.1,97.60,205,199,0.0,0.0
"12760",455,1,0,317.80,317.80,NULL,NULL,20,20,0.0,0.0
"12761",464,1,0,712.95,712.95,NULL,NULL,25,24,0.0,0.0
"12762",7,2,0,1702.52,1702.52,17.0,17.83,61,61,0.0,0.0
"12763",137,2,0,494.08,494.08,230.0,230.93,16,16,0.0,0.0
"12764",316,1,0,1693.88,1693.88,NULL,NULL,45,45,0.0,0.0
"12765",471,6,0,1299.58,1299.58,33.4,33.83,48,45,0.0,0.0
"12766",3,9,2,8134.99,8093.14,50.1,50.50,252,251,18.2,1.0
"12767",375,1,0,949.82,949.82,NULL,NULL,43,40,0.0,0.0
"12768",431,1,1,168.69,0.00,NULL,NULL,10,9,50.0,50.0
"12769",238,1,0,1143.60,1143.60,NULL,NULL,32,30,0.0,0.0
"12770",210,2,5,3246.45,2981.45,245.0,245.91,19,19,71.4,22.2
"12771",464,1,1,226.30,206.50,NULL,NULL,14,14,50.0,6.7
"12772",59,1,0,752.47,752.47,NULL,NULL,54,53,0.0,0.0
"12773",563,1,1,124.25,0.00,NULL,NULL,6,6,50.0,50.0
"12774",535,1,0,83.70,83.70,NULL,NULL,5,5,0.0,0.0
"12775",16,7,1,1551.12,1516.32,64.8,65.35,54,53,12.5,1.3
"12776",667,1,0,27.50,27.50,NULL,NULL,3,3,0.0,0.0
"12777",457,1,0,519.45,519.45,NULL,NULL,26,26,0.0,0.0
"12778",19,9,0,1541.68,1541.68,72.4,72.88,76,75,0.0,0.0
"12779",20,14,7,6474.11,6158.60,53.3,53.78,142,135,33.3,6.3
"12780",598,1,0,322.40,322.40,NULL,NULL,19,19,0.0,0.0
"12781",21,2,2,786.74,671.72,221.0,221.08,24,24,50.0,14.3
"12782",4,11,3,3862.24,3770.04,50.8,51.48,141,141,21.4,6.1
"12783",1,4,0,1295.87,1295.87,24.0,24.34,74,73,0.0,0.0
"12784",14,2,0,1511.15,1511.15,513.0,513.99,120,120,0.0,0.0
"12785",2,3,2,904.40,883.31,183.0,183.50,41,41,40.0,3.6
"12786",609,1,0,668.50,668.50,NULL,NULL,17,16,0.0,0.0
"12787",9,4,0,799.18,799.18,134.0,134.58,29,29,0.0,0.0
"12788",462,4,0,384.90,384.90,21.3,21.68,19,19,0.0,0.0
"12789",64,3,0,225.35,225.35,314.0,314.03,4,4,0.0,0.0
"12790",191,2,1,546.85,518.45,218.0,218.05,35,35,33.3,7.9
"12791",373,5,0,656.83,656.83,62.3,62.69,15,15,0.0,0.0
"12792",256,2,0,715.01,715.01,278.0,278.03,38,38,0.0,0.0
"12793",334,3,0,745.53,745.53,33.0,33.48,33,32,0.0,0.0
"12794",52,2,0,860.41,860.41,45.0,45.12,43,42,0.0,0.0
"12795",18,1,0,318.48,318.48,NULL,NULL,13,13,0.0,0.0
"12796",627,1,0,351.00,351.00,NULL,NULL,6,5,0.0,0.0
"12797",359,2,4,468.08,387.43,58.0,58.92,26,25,66.7,17.6
"12798",9,4,0,8510.93,8510.93,136.7,137.05,27,27,0.0,0.0
"12799",528,1,0,219.35,219.35,NULL,NULL,15,11,0.0,0.0
"12800",469,2,0,500.25,500.25,206.0,206.13,30,30,0.0,0.0
"12801",477,1,1,871.82,831.87,NULL,NULL,49,49,50.0,2.0
"12802",183,5,2,2186.42,2120.42,94.0,94.25,106,100,28.6,1.5
"12803",392,1,0,1017.81,1017.81,NULL,NULL,54,53,0.0,0.0
"12804",465,2,0,325.37,325.37,34.0,34.92,60,58,0.0,0.0
"12805",381,4,0,1230.95,1230.95,97.3,97.71,43,42,0.0,0.0
"12806",571,2,0,2558.96,2558.96,16.0,16.13,56,54,0.0,0.0
"12807",382,1,1,250.35,229.95,NULL,NULL,15,15,50.0,6.3
"12808",36,5,0,748.70,748.70,106.0,106.50,45,45,0.0,0.0
"12809",167,3,5,1384.34,1333.74,234.0,234.93,74,72,62.5,9.3
"12810",534,2,0,534.99,534.99,142.0,142.04,32,28,0.0,0.0
"12811",261,4,0,893.90,893.90,54.7,55.31,46,45,0.0,0.0
"12812",44,1,0,229.64,229.64,NULL,NULL,15,15,0.0,0.0
"12813",501,3,0,1621.80,1621.80,95.0,95.85,36,36,0.0,0.0
"12814",101,1,0,85.92,85.92,NULL,NULL,1,1,0.0,0.0
"12815",147,2,0,863.46,863.46,50.0,50.87,37,34,0.0,0.0
"12816",95,2,0,452.20,452.20,80.0,80.97,26,26,0.0,0.0
"12817",280,3,0,570.98,570.98,76.0,76.66,15,15,0.0,0.0
"12818",177,1,1,1182.08,1157.88,NULL,NULL,13,13,50.0,13.3
"12819",457,1,0,540.52,540.52,NULL,NULL,19,19,0.0,0.0
"12820",2,11,2,2689.52,2647.94,72.6,73.11,131,128,15.4,1.8
"12821",213,2,0,220.80,220.80,397.0,397.03,13,13,0.0,0.0
"12822",70,2,1,948.88,918.98,16.0,16.85,41,41,33.3,2.1
"12823",74,18,0,6501.50,6501.50,35.2,35.58,1,1,0.0,0.0
"12824",59,1,0,397.12,397.12,NULL,NULL,25,25,0.0,0.0
"12825",520,2,0,518.63,518.63,120.0,120.15,20,20,0.0,0.0
"12826",2,12,2,2800.75,2784.20,64.9,65.36,93,88,14.3,2.5
"12827",5,3,0,430.15,430.15,19.0,19.43,19,18,0.0,0.0
"12828",2,6,0,1018.71,1018.71,25.0,25.54,46,45,0.0,0.0
"12829",321,3,1,385.30,345.35,106.0,106.92,17,17,25.0,5.0
"12830",37,6,0,6814.64,6814.64,26.2,26.81,13,13,0.0,0.0
"12831",261,3,0,451.11,451.11,100.0,100.44,16,15,0.0,0.0
"12832",31,2,0,383.03,383.03,65.0,65.99,27,26,0.0,0.0
"12833",144,1,0,417.38,417.38,NULL,NULL,24,24,0.0,0.0
"12834",282,1,0,312.38,312.38,NULL,NULL,18,18,0.0,0.0
"12835",417,41,8,5996.83,5972.19,7.2,7.72,138,127,16.3,1.6
"12836",58,15,2,6559.73,6520.58,48.0,48.50,280,271,11.8,1.0
"12837",172,2,0,662.66,662.66,396.0,396.04,83,75,0.0,0.0
"12838",33,10,2,2975.91,2953.46,61.6,62.12,230,225,16.7,1.1
"12839",2,26,4,9669.12,9529.72,28.8,29.21,156,154,13.3,1.6
"12840",143,7,4,4041.97,4013.87,87.8,88.46,109,107,36.4,2.8
"12841",4,40,2,6958.20,6808.00,12.7,13.20,307,297,4.8,3.0
"12842",69,4,0,1917.99,1917.99,222.3,222.43,45,44,0.0,0.0
"12843",65,28,4,6461.87,6219.07,24.0,24.48,127,119,12.5,4.0
"12844",28,4,0,648.60,648.60,187.7,188.02,88,86,0.0,0.0
"12845",266,4,0,354.09,354.09,7.3,7.66,26,26,0.0,0.0
"12847",21,2,0,1609.00,1609.00,365.0,365.02,100,96,0.0,0.0
"12848",675,1,0,208.00,208.00,NULL,NULL,16,13,0.0,0.0
"12849",30,6,0,3015.98,3015.98,111.6,112.00,122,121,0.0,0.0
"12850",445,1,0,330.00,330.00,NULL,NULL,2,2,0.0,0.0
"12851",96,2,0,280.76,280.76,380.0,380.89,71,71,0.0,0.0
"12852",289,1,1,311.55,299.75,NULL,NULL,17,17,50.0,15.0
"12853",107,11,5,3907.50,3728.50,53.4,53.80,111,111,31.3,5.7
"12854",78,7,4,2970.97,2899.32,107.8,108.33,188,180,36.4,3.7
"12855",372,4,0,612.84,612.84,9.3,9.88,65,65,0.0,0.0
"12856",7,6,2,2170.78,2153.53,10.8,11.19,155,154,25.0,1.0
"12857",210,6,1,3688.00,3684.25,94.0,94.56,71,69,14.3,0.8
"12858",382,1,0,147.27,147.27,NULL,NULL,36,32,0.0,0.0
"12859",458,1,0,575.10,575.10,NULL,NULL,21,16,0.0,0.0
"12860",692,1,0,54.22,54.22,NULL,NULL,16,15,0.0,0.0
"12861",619,1,0,68.25,68.25,NULL,NULL,4,4,0.0,0.0
"12862",425,2,0,984.62,984.62,69.0,69.85,119,116,0.0,0.0
"12863",51,6,1,2792.55,2775.55,106.8,107.40,24,23,14.3,2.0
"12864",137,2,0,299.57,299.57,369.0,369.82,5,5,0.0,0.0
"12865",25,4,1,3323.47,3303.31,149.7,150.03,156,153,20.0,0.5
"12866",282,3,0,1092.35,1092.35,109.0,109.55,57,57,0.0,0.0
"12867",25,13,3,7829.26,7782.91,57.5,58.08,365,352,18.8,1.1
"12868",185,8,0,2043.76,2043.76,29.1,29.58,86,85,0.0,0.0
"12869",681,1,0,337.67,337.67,NULL,NULL,35,35,0.0,0.0
"12870",365,3,1,1676.95,1662.05,124.0,124.48,85,83,25.0,2.1
"12871",83,3,0,744.02,744.02,177.5,177.59,13,13,0.0,0.0
"12872",326,12,1,3283.96,3276.81,36.7,37.24,217,209,7.7,0.5
"12873",281,3,0,2027.30,2027.30,199.5,199.61,33,33,0.0,0.0
"12874",384,2,1,873.42,858.42,169.0,169.11,43,43,33.3,2.1
"12875",142,5,0,1356.99,1356.99,138.3,138.53,2,2,0.0,0.0
"12876",57,4,1,3751.79,3738.59,177.0,177.65,116,110,20.0,0.6
"12877",3,20,0,2942.14,2942.14,35.6,36.16,149,144,0.0,0.0
"12878",17,2,1,854.99,841.64,29.0,29.96,38,36,33.3,4.1
"12879",44,3,1,573.22,552.57,23.0,23.50,7,7,25.0,16.7
"12880",381,2,0,640.13,640.13,192.0,192.95,32,31,0.0,0.0
"12881",275,1,0,298.00,298.00,NULL,NULL,7,7,0.0,0.0
"12882",8,2,0,1463.04,1463.04,24.0,24.21,12,12,0.0,0.0
"12883",24,4,0,703.47,703.47,21.3,21.59,39,39,0.0,0.0
"12884",87,1,0,309.05,309.05,NULL,NULL,7,7,0.0,0.0
"12885",62,3,1,1175.22,1158.27,30.0,30.04,66,66,25.0,1.4
"12886",67,2,1,1378.40,1351.09,151.0,151.95,75,75,33.3,4.7
"12887",383,1,0,222.40,222.40,NULL,NULL,13,13,0.0,0.0
"12888",213,2,2,354.12,313.77,41.0,41.06,4,4,50.0,28.6
"12889",380,4,2,385.46,365.66,40.0,40.36,25,25,33.3,7.4
"12890",23,2,0,706.02,706.02,363.0,363.14,124,118,0.0,0.0
"12891",185,11,1,840.50,819.50,46.9,47.39,2,2,8.3,8.3
"12892",396,1,0,263.38,263.38,NULL,NULL,18,18,0.0,0.0
"12893",30,1,0,176.55,176.55,NULL,NULL,27,27,0.0,0.0
"12894",574,1,0,157.35,157.35,NULL,NULL,21,21,0.0,0.0
"12895",41,2,1,372.80,347.30,44.0,44.22,22,21,33.3,8.3
"12897",204,4,0,514.25,514.25,112.7,113.00,10,9,0.0,0.0
"12898",463,2,0,296.21,296.21,195.0,195.81,27,27,0.0,0.0
"12899",413,1,0,366.40,366.40,NULL,NULL,17,17,0.0,0.0
"12900",421,1,0,340.33,340.33,NULL,NULL,13,13,0.0,0.0
"12901",8,28,6,17654.54,16316.14,9.2,9.70,30,30,17.6,5.7
"12902",264,1,0,138.68,138.68,NULL,NULL,10,10,0.0,0.0
"12903",428,1,0,833.53,833.53,NULL,NULL,41,40,0.0,0.0
"12904",17,2,0,496.06,496.06,154.0,154.05,59,59,0.0,0.0
"12905",576,2,1,1018.42,1011.82,105.0,105.83,52,52,33.3,1.8
"12906",11,5,0,2919.81,2919.81,16.5,16.70,55,55,0.0,0.0
"12907",395,2,1,508.91,440.36,98.0,98.90,23,23,33.3,13.8
"12908",175,5,1,1776.00,1386.00,113.0,113.50,1,1,16.7,16.7
"12909",39,8,5,3103.19,3034.77,87.4,87.72,120,117,38.5,6.0
"12910",22,13,1,5796.52,5747.02,49.5,49.84,75,73,7.1,0.7
"12911",551,1,0,1651.72,1651.72,NULL,NULL,220,210,0.0,0.0
"12912",2,5,0,1662.30,1662.30,8.8,9.47,17,17,0.0,0.0
"12913",4,13,0,6283.24,6283.24,60.8,61.17,52,52,0.0,0.0
"12914",400,1,0,223.98,223.98,NULL,NULL,9,9,0.0,0.0
"12915",148,4,4,975.10,885.20,146.3,146.89,46,42,50.0,11.8
"12916",138,7,1,4479.73,4455.93,90.3,90.99,82,81,12.5,1.1
"12917",127,6,2,4359.20,4329.50,120.0,120.42,45,39,25.0,5.7
"12919",7,6,2,1335.19,1301.44,31.8,32.24,34,34,25.0,3.8
"12920",16,4,0,486.64,486.64,235.7,235.99,59,59,0.0,0.0
"12921",3,74,29,35233.24,33951.65,9.7,9.99,322,308,28.2,4.9
"12922",160,1,0,405.38,405.38,NULL,NULL,28,27,0.0,0.0
"12923",63,3,0,769.17,769.17,255.0,255.53,53,48,0.0,0.0
"12924",87,12,2,2461.45,2415.20,58.0,58.37,55,55,14.3,2.7
"12925",4,3,0,729.33,729.33,294.0,294.01,46,46,0.0,0.0
"12926",410,4,0,1523.59,1523.59,104.3,104.69,201,192,0.0,0.0
"12927",394,1,0,197.31,197.31,NULL,NULL,11,11,0.0,0.0
"12928",34,12,0,4304.89,4304.89,46.2,46.74,94,91,0.0,0.0
"12929",121,1,1,117.85,105.10,NULL,NULL,8,8,50.0,11.1
"12930",77,2,2,415.80,409.90,93.0,93.08,20,19,50.0,7.4
"12931",21,57,11,92347.34,71546.97,12.4,12.80,37,37,16.2,20.7
"12932",538,8,0,1698.56,1698.56,17.9,18.32,69,61,0.0,0.0
"12933",23,8,3,1636.63,1576.88,100.3,100.71,227,222,27.3,1.4
"12934",736,1,0,181.65,181.65,NULL,NULL,2,2,0.0,0.0
"12935",1,15,4,4243.86,4182.01,42.8,43.22,113,113,21.1,2.3
"12936",16,4,1,1063.90,1012.90,20.0,20.38,56,56,20.0,1.6
"12937",14,9,0,3097.61,3097.61,89.8,90.12,128,123,0.0,0.0
"12938",25,1,0,114.14,114.14,NULL,NULL,9,9,0.0,0.0
"12939",63,20,0,25264.80,25264.80,32.9,33.27,24,21,0.0,0.0
"12940",45,2,2,899.69,862.44,33.0,33.08,87,84,50.0,4.0
"12941",723,1,0,377.49,377.49,NULL,NULL,27,26,0.0,0.0
"12942",130,3,0,675.60,675.60,117.0,117.11,68,68,0.0,0.0
"12943",300,2,2,496.50,489.00,47.0,47.12,22,22,50.0,7.4
"12944",35,2,0,604.51,604.51,319.0,319.02,29,29,0.0,0.0
"12945",287,2,0,900.11,900.11,367.0,367.96,47,45,0.0,0.0
"12946",436,1,0,324.45,324.45,NULL,NULL,20,20,0.0,0.0
"12947",143,6,5,1603.99,1407.29,45.6,45.95,83,83,45.5,5.8
"12948",15,9,1,2317.43,2306.18,89.8,90.15,89,88,10.0,1.6
"12949",30,22,6,15526.70,15391.00,33.3,33.61,347,338,21.4,1.4
"12950",1,3,0,1843.00,1843.00,10.5,10.99,13,12,0.0,0.0
"12951",8,15,5,3213.72,3164.42,48.9,49.28,110,106,25.0,3.5
"12952",5,4,1,1387.79,1382.84,24.0,24.25,64,64,20.0,1.3
"12953",9,2,0,828.81,828.81,512.0,512.82,45,44,0.0,0.0
"12954",638,1,0,162.45,162.45,NULL,NULL,10,10,0.0,0.0
"12955",0,11,3,4757.16,4734.26,26.3,26.63,81,81,21.4,1.6
"12956",305,4,0,521.89,521.89,138.7,139.29,42,42,0.0,0.0
"12957",3,13,8,8706.97,8628.42,59.5,59.91,402,391,38.1,2.0
"12958",399,2,0,467.34,467.34,182.0,183.00,45,43,0.0,0.0
"12959",483,1,0,150.95,150.95,NULL,NULL,8,8,0.0,0.0
"12960",413,4,0,1322.07,1322.07,81.7,82.61,49,48,0.0,0.0
"12961",378,1,0,211.99,211.99,NULL,NULL,37,37,0.0,0.0
"12962",6,2,0,266.39,266.39,106.0,106.10,15,15,0.0,0.0
"12963",7,12,1,3235.79,3162.59,45.8,46.45,129,126,7.7,3.3
"12964",436,1,0,132.24,132.24,NULL,NULL,26,26,0.0,0.0
"12965",88,1,0,769.81,769.81,NULL,NULL,108,107,0.0,0.0
"12966",9,1,0,160.18,160.18,NULL,NULL,10,10,0.0,0.0
"12967",2,3,2,2938.52,2472.37,12.0,12.67,47,44,40.0,17.7
"12968",111,1,0,135.95,135.95,NULL,NULL,5,5,0.0,0.0
"12969",602,1,0,122.45,122.45,NULL,NULL,5,5,0.0,0.0
"12970",6,10,0,1452.54,1452.54,80.8,80.89,279,276,0.0,0.0
"12971",3,116,3,15704.60,15218.05,5.8,6.27,102,96,2.5,0.7
"12972",413,4,2,1161.20,1115.95,81.7,82.59,69,69,33.3,9.4
"12973",413,1,0,385.55,385.55,NULL,NULL,6,6,0.0,0.0
"12974",197,2,0,408.95,408.95,367.0,367.91,27,23,0.0,0.0
"12975",429,6,2,2100.09,1993.99,59.0,59.39,92,92,25.0,5.1
"12976",211,8,0,3156.38,3156.38,64.4,64.82,106,105,0.0,0.0
"12977",155,4,0,513.88,513.88,118.0,118.34,54,52,0.0,0.0
"12978",384,5,1,2502.82,2496.07,85.8,86.02,126,116,16.7,0.6
"12979",728,1,1,517.70,479.54,NULL,NULL,56,51,50.0,1.8
"12980",155,21,5,16245.78,15909.39,28.5,29.00,7,6,19.2,11.9
"12981",29,2,0,372.22,372.22,103.0,103.91,12,12,0.0,0.0
"12982",239,8,9,2744.81,2562.12,51.4,51.99,139,137,52.9,16.8
"12983",597,1,0,490.08,490.08,NULL,NULL,30,30,0.0,0.0
"12984",18,1,0,97.50,97.50,NULL,NULL,4,4,0.0,0.0
"12985",0,2,1,1239.38,1215.62,27.0,27.92,73,72,33.3,2.6
"12986",402,10,2,2729.84,1998.34,28.4,28.78,61,60,16.7,27.7
"12987",73,5,1,1312.21,1298.51,153.3,153.77,61,61,16.7,2.9
"12988",291,1,0,505.82,505.82,NULL,NULL,75,68,0.0,0.0
"12989",2,33,6,13551.75,12846.80,22.3,22.69,50,49,15.4,7.6
"12990",30,7,0,955.50,955.50,97.3,98.01,9,7,0.0,0.0
"12991",22,3,0,764.82,764.82,183.0,183.04,45,45,0.0,0.0
"12992",724,1,0,93.35,93.35,NULL,NULL,6,6,0.0,0.0
"12993",22,8,2,1259.63,1191.26,90.6,90.89,57,56,20.0,7.3
"12994",3,3,2,974.42,902.22,131.5,132.15,52,52,40.0,16.4
"12995",77,1,1,211.32,200.72,NULL,NULL,3,3,50.0,40.0
"12996",375,1,0,355.50,355.50,NULL,NULL,22,22,0.0,0.0
"12997",21,8,8,2110.91,2065.11,83.7,84.31,65,65,50.0,11.6
"12998",492,3,1,920.08,897.38,80.0,80.42,58,57,25.0,4.9
"12999",195,3,0,455.88,455.88,24.0,24.56,25,25,0.0,0.0
"13000",106,4,1,1032.50,965.00,205.7,206.25,57,56,20.0,4.6
"13001",3,33,4,24042.65,24006.60,22.3,22.87,300,285,10.8,0.5
"13002",317,3,0,414.13,414.13,58.0,58.07,19,19,0.0,0.0
"13003",105,3,0,149.05,149.05,54.0,54.55,4,4,0.0,0.0
"13004",11,36,10,11650.85,11143.99,19.9,20.37,417,402,21.7,4.9
"13005",173,4,2,999.68,935.03,94.0,94.64,41,41,33.3,6.7
"13006",55,1,0,81.57,81.57,NULL,NULL,4,4,0.0,0.0
"13007",579,1,0,175.25,175.25,NULL,NULL,11,11,0.0,0.0
"13008",322,3,4,612.13,543.28,199.5,199.96,31,30,57.1,10.3
"13009",672,1,0,234.00,234.00,NULL,NULL,4,3,0.0,0.0
"13010",373,2,0,330.12,330.12,274.0,274.15,10,10,0.0,0.0
"13011",371,1,0,50.55,50.55,NULL,NULL,3,3,0.0,0.0
"13012",8,11,3,2957.83,2581.28,57.6,58.30,95,94,21.4,11.6
"13013",0,29,2,11097.43,11073.48,25.4,25.86,289,282,6.5,0.6
"13014",2,11,7,5381.08,5220.83,41.8,42.20,140,138,38.9,7.0
"13015",52,11,3,6579.78,6459.08,54.4,54.99,260,255,21.4,2.8
"13016",72,3,0,789.89,789.89,24.5,24.98,39,38,0.0,0.0
"13017",6,1,0,204.00,204.00,NULL,NULL,1,1,0.0,0.0
"13018",15,35,2,9763.16,9742.81,18.2,18.59,401,396,5.4,0.5
"13019",378,6,2,1229.95,1212.95,70.2,70.79,46,46,25.0,3.5
"13020",547,2,3,618.96,606.96,97.0,97.03,38,37,60.0,7.1
"13021",3,17,7,4887.24,4806.66,45.1,45.64,166,165,29.2,3.0
"13022",429,1,0,50.30,50.30,NULL,NULL,4,4,0.0,0.0
"13023",63,3,0,1251.03,1251.03,231.5,232.14,68,68,0.0,0.0
"13024",463,2,1,555.87,535.42,111.0,111.80,26,26,33.3,8.8
"13025",731,1,0,323.39,323.39,NULL,NULL,13,13,0.0,0.0
"13026",0,9,3,1733.08,1697.74,90.0,90.65,52,47,25.0,3.5
"13027",113,19,1,17239.20,17143.20,31.4,31.94,7,7,5.0,1.2
"13028",22,2,1,661.32,659.68,22.0,22.88,40,36,33.3,4.3
"13029",30,5,0,1927.30,1927.30,122.5,123.20,13,13,0.0,0.0
"13030",10,2,0,752.44,752.44,356.0,357.00,76,76,0.0,0.0
"13031",406,5,0,3292.84,3292.84,36.3,36.76,275,263,0.0,0.0
"13032",38,9,2,2815.96,2790.00,50.6,51.01,147,144,18.2,3.3
"13033",356,2,0,220.55,220.55,72.0,72.20,12,11,0.0,0.0
"13034",54,3,0,756.82,756.82,172.5,173.44,42,42,0.0,0.0
"13035",57,3,1,1364.20,1328.95,178.0,178.86,27,27,25.0,6.7
"13036",684,1,0,307.10,307.10,NULL,NULL,6,5,0.0,0.0
"13037",137,12,4,3914.95,3842.55,53.8,54.36,181,172,25.0,3.7
"13038",79,3,0,908.46,908.46,104.5,105.06,24,24,0.0,0.0
"13039",583,4,0,1010.73,1010.73,45.3,46.00,37,37,0.0,0.0
"13040",8,2,0,676.99,676.99,24.0,24.86,38,38,0.0,0.0
"13041",450,4,0,799.13,799.13,46.0,46.38,23,21,0.0,0.0
"13042",583,3,1,1488.59,1454.84,66.5,66.96,164,156,25.0,0.5
"13043",253,1,1,516.42,471.57,NULL,NULL,13,13,50.0,7.1
"13044",290,11,2,4848.05,4818.35,40.3,40.90,356,341,15.4,0.5
"13045",98,3,0,808.92,808.92,193.0,193.54,41,40,0.0,0.0
"13046",30,3,0,949.25,949.25,212.5,212.91,50,47,0.0,0.0
"13047",45,23,17,8423.58,8110.09,30.0,30.32,190,183,42.5,10.2
"13048",13,9,4,4049.13,4000.08,83.0,83.38,125,120,30.8,1.9
"13049",63,4,1,1408.24,1384.14,111.7,112.33,19,19,20.0,7.1
"13050",8,34,20,11877.29,11525.54,20.9,21.51,512,487,37.0,3.5
"13051",578,2,0,155.80,155.80,40.0,40.92,4,4,0.0,0.0
"13052",211,7,0,3118.48,3118.48,73.2,73.68,160,156,0.0,0.0
"13053",621,1,0,127.65,127.65,NULL,NULL,17,15,0.0,0.0
"13055",63,4,2,2321.11,2292.51,117.0,117.09,145,145,33.3,2.5
"13056",550,1,0,209.48,209.48,NULL,NULL,18,18,0.0,0.0
"13057",529,3,1,709.59,528.24,50.5,50.57,34,31,25.0,4.8
"13058",24,3,0,271.40,271.40,63.0,63.51,5,4,0.0,0.0
"13059",249,10,2,2291.77,2261.22,40.6,40.99,155,147,16.7,1.5
"13060",253,1,0,307.53,307.53,NULL,NULL,15,15,0.0,0.0
"13061",71,1,0,248.61,248.61,NULL,NULL,10,10,0.0,0.0
"13062",190,1,0,346.98,346.98,NULL,NULL,11,11,0.0,0.0
"13063",480,1,0,188.40,188.40,NULL,NULL,12,12,0.0,0.0
"13064",12,6,0,1666.84,1666.84,115.2,115.82,58,56,0.0,0.0
"13065",372,5,1,1055.05,1050.10,43.3,43.55,49,48,16.7,1.6
"13066",23,2,1,470.80,430.90,7.0,7.83,48,48,33.3,2.0
"13067",81,3,0,508.51,508.51,181.5,182.00,24,24,0.0,0.0
"13068",9,2,0,344.00,344.00,309.0,309.28,1,1,0.0,0.0
"13069",0,38,4,9284.45,8358.79,14.3,14.67,573,549,9.5,4.2
"13070",191,4,1,751.70,743.90,179.7,179.99,12,10,20.0,5.7
"13071",611,1,0,129.22,129.22,NULL,NULL,12,12,0.0,0.0
"13072",266,1,0,177.15,177.15,NULL,NULL,7,7,0.0,0.0
"13073",410,2,0,418.08,418.08,26.0,26.19,25,25,0.0,0.0
"13074",510,4,1,1378.74,1362.84,70.3,70.74,26,25,20.0,3.3
"13075",129,1,0,919.61,919.61,NULL,NULL,22,22,0.0,0.0
"13076",457,1,0,135.40,135.40,NULL,NULL,9,9,0.0,0.0
"13077",0,11,3,2740.65,2716.15,72.3,72.73,208,187,21.4,2.1
"13078",0,57,38,29018.06,28369.44,12.7,13.13,153,141,40.0,6.4
"13079",3,6,0,419.18,419.18,82.2,82.62,11,11,0.0,0.0
"13080",178,4,1,280.73,260.83,143.0,143.36,17,15,20.0,5.0
"13081",0,28,15,56838.37,55968.97,26.2,26.66,738,697,34.9,3.0
"13082",125,21,4,7335.75,7268.92,29.2,29.55,99,98,16.0,3.7
"13083",3,3,0,395.43,395.43,210.0,210.53,19,19,0.0,0.0
"13084",487,1,1,122.40,116.45,NULL,NULL,2,1,50.0,50.0
"13085",157,8,1,2433.28,2289.58,82.7,83.03,50,49,11.1,7.7
"13086",382,1,0,439.33,439.33,NULL,NULL,47,45,0.0,0.0
"13087",725,1,0,313.64,313.64,NULL,NULL,15,15,0.0,0.0
"13088",416,1,0,236.11,236.11,NULL,NULL,19,19,0.0,0.0
"13089",2,203,44,113416.91,109893.24,3.3,3.64,857,834,17.8,2.2
"13090",8,23,6,13076.74,12744.93,21.6,22.09,162,161,20.7,2.8
"13091",20,2,3,1108.80,-1343.24,701.0,701.13,40,38,60.0,63.6
"13092",70,12,3,2140.28,2007.33,53.7,54.28,52,50,20.0,8.7
"13093",266,55,32,54144.25,53283.30,8.1,8.52,199,196,36.8,5.5
"13094",20,13,4,2209.44,1990.98,30.2,30.67,5,5,23.5,17.1
"13095",70,1,0,74.40,74.40,NULL,NULL,6,6,0.0,0.0
"13096",393,1,0,419.70,419.70,NULL,NULL,1,1,0.0,0.0
"13097",32,27,11,13015.36,12811.56,26.8,27.15,389,374,28.9,2.2
"13098",0,28,13,28882.44,28658.88,11.2,11.70,156,155,31.7,5.5
"13099",98,1,0,207.36,207.36,NULL,NULL,1,1,0.0,0.0
"13101",233,4,0,695.40,695.40,148.3,148.98,48,47,0.0,0.0
"13102",0,37,5,11380.10,11123.30,15.6,16.14,212,212,11.9,2.0
"13103",39,3,0,709.64,709.64,268.0,268.89,27,26,0.0,0.0
"13104",2,9,0,1709.10,1709.10,80.8,81.24,15,15,0.0,0.0
"13105",435,1,0,72.00,72.00,NULL,NULL,1,1,0.0,0.0
"13106",128,2,1,603.46,586.46,280.0,280.08,15,15,33.3,5.9
"13107",43,9,6,5253.07,5109.62,78.3,78.65,142,140,40.0,5.8
"13108",372,2,0,748.46,748.46,62.0,62.73,27,27,0.0,0.0
"13109",2,3,4,1134.03,1107.58,245.5,245.94,57,56,57.1,5.4
"13110",30,12,2,2957.47,2896.17,63.9,64.27,167,164,14.3,0.8
"13111",718,1,0,321.88,321.88,NULL,NULL,12,12,0.0,0.0
"13112",540,1,2,20.60,-5.44,NULL,NULL,2,2,66.7,60.0
"13113",0,37,22,18230.07,16250.09,16.7,17.25,166,161,37.3,21.1
"13114",730,1,0,234.38,234.38,NULL,NULL,16,16,0.0,0.0
"13115",8,10,13,5494.70,5379.45,64.8,65.33,178,173,56.5,4.8
"13116",116,1,1,501.14,485.19,NULL,NULL,30,30,50.0,3.2
"13117",21,18,1,2255.66,2253.96,35.0,35.41,122,118,5.3,0.6
"13118",19,9,3,2415.41,2334.10,51.9,52.48,111,102,25.0,2.6
"13119",668,1,0,134.90,134.90,NULL,NULL,11,10,0.0,0.0
"13120",238,1,0,30.60,30.60,NULL,NULL,1,1,0.0,0.0
"13121",268,1,1,283.73,254.73,NULL,NULL,50,50,50.0,5.7
"13122",93,2,0,922.39,922.39,146.0,146.07,54,52,0.0,0.0
"13123",472,2,0,506.75,506.75,56.0,56.90,36,34,0.0,0.0
"13124",89,4,0,4641.66,4641.66,97.7,98.62,216,212,0.0,0.0
"13125",523,1,0,148.62,148.62,NULL,NULL,20,20,0.0,0.0
"13126",4,13,6,3774.81,3679.03,53.2,53.57,183,172,31.6,3.6
"13127",77,1,0,259.17,259.17,NULL,NULL,15,14,0.0,0.0
"13128",630,1,0,263.50,263.50,NULL,NULL,1,1,0.0,0.0
"13129",451,2,0,233.25,233.25,77.0,77.08,10,9,0.0,0.0
"13130",93,1,0,64.00,64.00,NULL,NULL,2,2,0.0,0.0
"13131",22,7,1,3313.77,3279.77,107.0,107.52,107,104,12.5,1.3
"13132",261,1,0,77.30,77.30,NULL,NULL,3,3,0.0,0.0
"13133",273,3,0,200.45,200.45,92.5,92.90,12,11,0.0,0.0
"13134",72,6,3,2475.23,2422.28,65.6,66.18,110,105,33.3,5.5
"13135",196,2,0,3371.45,3371.45,294.0,294.73,18,18,0.0,0.0
"13136",49,13,10,6274.56,6119.75,55.8,56.23,204,196,43.5,7.6
"13137",10,16,0,7586.94,7586.94,32.2,32.79,628,606,0.0,0.0
"13138",21,7,1,1274.01,1261.26,62.0,62.37,41,41,12.5,1.2
"13139",15,8,1,8202.98,8193.83,59.9,60.17,214,212,11.1,1.5
"13140",107,5,0,1054.92,1054.92,95.0,95.71,89,88,0.0,0.0
"13141",84,17,4,7656.08,7524.13,39.8,40.37,285,276,19.0,1.4
"13142",18,1,0,307.09,307.09,NULL,NULL,23,22,0.0,0.0
"13143",581,1,1,405.10,399.20,NULL,NULL,23,23,50.0,4.2
"13144",332,2,0,135.35,135.35,98.0,98.88,6,6,0.0,0.0
"13145",39,7,1,1128.52,1124.77,93.2,93.34,5,5,12.5,10.0
"13146",25,1,0,228.91,228.91,NULL,NULL,16,15,0.0,0.0
"13147",9,4,0,712.80,712.80,29.3,29.69,1,1,0.0,0.0
"13148",28,26,10,8488.32,7990.11,27.8,28.12,450,440,27.8,5.9
"13149",13,4,0,1676.06,1676.06,91.0,91.66,76,74,0.0,0.0
"13150",470,3,1,449.97,435.02,73.0,73.08,7,7,25.0,11.1
"13151",202,3,2,2454.71,2385.66,165.5,166.04,130,127,40.0,3.7
"13152",416,7,2,2146.38,2114.98,45.8,46.19,114,114,22.2,2.2
"13153",5,1,0,486.22,486.22,NULL,NULL,15,14,0.0,0.0
"13154",398,3,1,1624.84,1609.29,168.0,168.15,78,76,25.0,3.1
"13155",32,6,0,1370.48,1370.48,91.0,91.65,79,75,0.0,0.0
"13156",384,3,0,1586.54,1586.54,145.0,145.49,94,92,0.0,0.0
"13157",48,9,1,5687.36,5667.71,73.6,74.01,173,171,10.0,0.8
"13158",94,5,0,1508.18,1508.18,73.0,73.45,70,68,0.0,0.0
"13159",8,4,1,1429.35,1371.25,35.0,35.66,114,111,20.0,0.8
"13160",21,1,0,91.80,91.80,NULL,NULL,4,4,0.0,0.0
"13161",312,2,0,472.13,472.13,187.0,187.05,30,30,0.0,0.0
"13162",121,16,3,9275.49,9116.94,40.5,40.87,186,166,15.8,2.1
"13163",609,1,1,17.65,0.00,NULL,NULL,2,2,50.0,50.0
"13164",568,2,1,372.20,308.45,98.0,98.08,7,7,33.3,9.1
"13165",45,3,0,1451.16,1451.16,183.0,183.46,47,43,0.0,0.0
"13166",281,2,1,875.93,873.43,131.0,131.03,55,55,33.3,1.4
"13167",18,5,0,1113.15,1113.15,92.3,92.99,63,60,0.0,0.0
"13168",35,5,1,1840.73,1831.68,125.8,126.48,127,121,16.7,1.1
"13169",63,3,0,840.08,840.08,248.5,249.42,16,16,0.0,0.0
"13170",26,1,0,108.81,108.81,NULL,NULL,29,26,0.0,0.0
"13171",7,3,2,468.41,426.81,138.5,138.92,37,37,40.0,4.2
"13172",399,1,0,69.60,69.60,NULL,NULL,1,1,0.0,0.0
"13173",3,11,2,2389.82,2370.97,72.2,72.51,159,149,15.4,0.9
"13174",15,11,0,7972.46,7972.46,71.4,71.90,600,572,0.0,0.0
"13175",553,2,2,831.45,793.10,153.0,153.04,40,39,50.0,9.8
"13176",45,1,0,481.49,481.49,NULL,NULL,66,64,0.0,0.0
"13177",64,2,0,512.20,512.20,365.0,365.97,23,23,0.0,0.0
"13178",25,21,4,14059.19,13997.89,34.3,34.85,194,182,16.0,1.3
"13179",618,1,0,572.31,572.31,NULL,NULL,34,34,0.0,0.0
"13180",606,1,0,86.10,86.10,NULL,NULL,4,4,0.0,0.0
"13181",380,1,0,359.69,359.69,NULL,NULL,19,19,0.0,0.0
"13182",44,1,0,121.18,121.18,NULL,NULL,11,11,0.0,0.0
"13183",7,15,3,7036.18,7010.88,44.2,44.85,64,63,16.7,3.1
"13184",14,10,2,1667.95,1615.45,30.1,30.64,137,123,16.7,1.1
"13185",267,1,0,71.40,71.40,NULL,NULL,1,1,0.0,0.0
"13186",39,3,2,1575.89,1539.69,44.0,44.55,69,69,40.0,6.0
"13187",336,4,1,328.36,309.66,95.3,95.69,50,47,20.0,1.8
"13188",10,1,0,114.60,114.60,NULL,NULL,2,2,0.0,0.0
"13189",18,2,0,260.68,260.68,96.0,96.89,29,28,0.0,0.0
"13190",543,3,1,570.66,518.76,93.5,94.07,16,16,25.0,5.6
"13191",657,1,0,159.21,159.21,NULL,NULL,57,52,0.0,0.0
"13192",94,6,2,2558.58,2544.53,117.8,118.25,135,133,25.0,1.8
"13193",60,1,0,112.08,112.08,NULL,NULL,22,22,0.0,0.0
"13194",135,2,0,472.78,472.78,285.0,285.88,10,10,0.0,0.0
"13195",413,1,0,136.73,136.73,NULL,NULL,43,43,0.0,0.0
"13196",10,7,1,3068.84,3059.64,100.8,101.01,141,140,12.5,1.1
"13197",609,1,0,373.01,373.01,NULL,NULL,19,19,0.0,0.0
"13198",9,8,4,4974.23,4912.28,60.3,60.58,265,260,33.3,2.5
"13199",3,66,2,15949.21,15921.30,10.8,11.25,60,60,2.9,1.0
"13200",18,4,0,870.09,870.09,35.0,35.68,42,41,0.0,0.0
"13201",501,4,0,1233.06,1233.06,46.3,46.72,65,63,0.0,0.0
"13202",378,7,1,1580.30,1571.35,55.7,56.04,55,55,12.5,1.4
"13203",9,10,1,2648.25,2630.55,78.6,79.21,158,155,9.1,0.6
"13204",730,1,0,966.66,966.66,NULL,NULL,57,57,0.0,0.0
"13205",442,1,0,2803.20,2803.20,NULL,NULL,1,1,0.0,0.0
"13206",399,13,0,8308.19,8308.19,27.2,27.68,393,368,0.0,0.0
"13207",14,4,0,535.86,535.86,198.3,198.98,10,6,0.0,0.0
"13208",58,8,0,1951.82,1951.82,96.3,96.73,197,180,0.0,0.0
"13209",29,13,3,8509.51,8438.06,54.2,54.50,284,282,18.8,2.1
"13210",93,1,0,353.48,353.48,NULL,NULL,22,22,0.0,0.0
"13211",9,10,2,2618.77,2596.32,80.0,80.33,98,94,16.7,1.5
"13212",8,3,1,786.83,779.33,20.5,20.96,128,122,25.0,0.7
"13213",56,11,3,3851.52,3834.62,50.6,51.19,181,175,21.4,2.4
"13214",417,7,0,3264.23,3264.23,37.7,38.14,207,201,0.0,0.0
"13215",401,1,0,81.60,81.60,NULL,NULL,1,1,0.0,0.0
"13216",267,1,0,333.74,333.74,NULL,NULL,5,5,0.0,0.0
"13217",121,4,2,666.48,266.12,177.0,177.70,3,3,33.3,37.5
"13218",126,1,0,62.64,62.64,NULL,NULL,5,5,0.0,0.0
"13219",617,1,0,76.23,76.23,NULL,NULL,11,10,0.0,0.0
"13220",77,5,0,1336.09,1336.09,124.0,124.28,46,45,0.0,0.0
"13221",239,2,0,844.86,844.86,119.0,119.15,61,59,0.0,0.0
"13222",576,1,0,88.50,88.50,NULL,NULL,1,1,0.0,0.0
"13223",199,6,0,969.12,969.12,92.4,93.00,8,8,0.0,0.0
"13224",59,2,1,2152.95,2147.85,91.0,91.03,100,97,33.3,0.9
"13225",2,16,1,16260.07,15879.27,47.5,47.95,60,55,5.9,1.6
"13226",272,2,0,312.46,312.46,120.0,120.03,28,26,0.0,0.0
"13227",201,1,0,257.70,257.70,NULL,NULL,9,9,0.0,0.0
"13228",80,1,0,358.00,358.00,NULL,NULL,2,1,0.0,0.0
"13229",225,1,0,160.95,160.95,NULL,NULL,10,10,0.0,0.0
"13230",3,30,1,6109.51,6065.95,21.1,21.61,652,620,3.2,0.1
"13232",12,7,0,1327.75,1327.75,38.0,38.48,146,143,0.0,0.0
"13233",73,4,0,1176.46,1176.46,206.0,206.66,74,69,0.0,0.0
"13234",672,2,0,346.50,346.50,59.0,59.96,56,52,0.0,0.0
"13235",211,1,0,1031.07,1031.07,NULL,NULL,53,51,0.0,0.0
"13236",24,2,1,744.85,727.27,82.0,82.16,34,34,33.3,7.7
"13237",387,1,0,643.00,643.00,NULL,NULL,24,22,0.0,0.0
"13238",10,6,1,1006.63,986.73,114.0,114.60,24,22,14.3,2.1
"13239",261,5,1,1594.69,1579.84,59.8,60.22,87,86,16.7,1.1
"13240",95,8,1,1455.39,1378.04,79.0,79.43,159,155,11.1,0.5
"13241",411,1,0,112.53,112.53,NULL,NULL,40,40,0.0,0.0
"13242",111,7,0,699.40,699.40,92.2,92.66,19,17,0.0,0.0
"13243",202,5,0,1220.38,1220.38,106.5,107.00,165,159,0.0,0.0
"13244",92,1,0,121.74,121.74,NULL,NULL,27,27,0.0,0.0
"13245",50,2,0,989.22,989.22,381.0,381.90,43,43,0.0,0.0
"13246",17,11,3,3351.75,3242.00,50.4,50.71,229,223,21.4,1.6
"13247",17,4,0,501.12,501.12,21.0,21.66,18,18,0.0,0.0
"13248",124,2,0,465.68,465.68,64.0,64.98,25,25,0.0,0.0
"13249",91,9,0,1608.93,1608.93,73.6,74.01,21,21,0.0,0.0
"13250",452,2,1,253.09,245.59,41.0,41.90,17,17,33.3,5.0
"13251",401,1,0,252.68,252.68,NULL,NULL,25,25,0.0,0.0
"13252",393,2,1,399.30,341.30,231.0,231.23,19,19,33.3,13.6
"13253",156,4,0,2951.11,2951.11,182.0,182.30,73,70,0.0,0.0
"13254",375,1,0,51.41,51.41,NULL,NULL,4,4,0.0,0.0
"13255",3,3,1,678.76,669.91,251.0,251.50,26,26,25.0,3.7
"13257",427,1,2,149.75,117.95,NULL,NULL,7,7,66.7,22.2
"13258",11,5,0,1009.43,1009.43,96.8,97.22,29,29,0.0,0.0
"13259",61,9,0,1398.79,1398.79,79.3,79.63,233,218,0.0,0.0
"13260",60,1,0,557.62,557.62,NULL,NULL,8,8,0.0,0.0
"13261",268,2,0,944.10,944.10,17.0,17.07,8,8,0.0,0.0
"13262",262,3,0,573.45,573.45,168.5,168.56,48,47,0.0,0.0
"13263",0,38,0,8650.98,8650.98,10.6,11.13,505,480,0.0,0.0
"13264",442,1,0,722.56,722.56,NULL,NULL,38,33,0.0,0.0
"13265",52,5,0,2092.66,2092.66,54.8,55.05,66,65,0.0,0.0
"13266",10,19,11,6135.04,5965.30,39.1,39.51,154,150,36.7,6.1
"13267",2,36,14,9429.81,9212.06,20.5,20.85,152,148,28.0,5.3
"13268",17,10,4,3152.71,3105.66,27.3,27.77,256,253,28.6,1.6
"13269",0,28,2,8537.32,8507.01,27.0,27.26,238,237,6.7,0.8
"13270",365,1,0,590.00,590.00,NULL,NULL,1,1,0.0,0.0
"13271",36,1,1,211.49,172.37,NULL,NULL,79,73,50.0,5.4
"13272",30,2,0,276.56,276.56,58.0,58.08,15,15,0.0,0.0
"13273",112,1,0,138.98,138.98,NULL,NULL,16,15,0.0,0.0
"13274",408,1,0,360.85,360.85,NULL,NULL,19,19,0.0,0.0
"13275",383,2,0,238.86,238.86,248.0,248.92,48,47,0.0,0.0
"13276",63,5,2,1891.91,1871.21,144.3,144.74,209,206,28.6,0.8
"13277",15,7,0,523.30,523.30,86.8,87.34,10,10,0.0,0.0
"13278",40,4,0,1425.35,1425.35,189.7,190.00,79,75,0.0,0.0
"13279",63,1,1,137.75,126.30,NULL,NULL,9,9,50.0,18.2
"13280",121,7,1,2293.33,2267.83,86.5,87.03,159,149,12.5,0.5
"13281",436,1,2,350.85,306.45,NULL,NULL,22,21,66.7,15.4
"13282",17,4,3,1313.19,1228.89,129.0,129.35,42,42,42.9,5.6
"13283",59,4,0,373.36,373.36,192.7,193.60,19,19,0.0,0.0
"13284",322,1,1,201.19,196.15,NULL,NULL,13,13,50.0,7.1
"13285",22,6,0,3364.59,3364.59,119.6,120.19,182,181,0.0,0.0
"13286",599,1,0,734.91,734.91,NULL,NULL,46,44,0.0,0.0
"13287",582,3,4,781.59,519.67,50.5,50.60,46,46,57.1,28.4
"13288",442,5,1,927.61,892.16,55.3,55.77,7,7,16.7,16.7
"13289",723,1,0,307.95,307.95,NULL,NULL,16,15,0.0,0.0
"13291",155,11,0,3270.79,3270.79,50.4,51.07,155,154,0.0,0.0
"13292",38,5,1,994.51,987.79,121.3,121.95,55,53,16.7,1.7
"13293",391,6,1,1192.94,1180.34,54.8,55.21,51,50,14.3,1.4
"13294",189,3,0,1689.53,1689.53,227.5,228.42,93,92,0.0,0.0
"13295",359,4,5,1101.97,1061.27,72.0,72.36,56,53,55.6,10.7
"13296",136,6,0,792.51,792.51,87.6,87.99,50,49,0.0,0.0
"13297",7,7,1,4368.62,4352.67,88.8,89.15,108,108,12.5,0.8
"13298",0,1,0,360.00,360.00,NULL,NULL,2,2,0.0,0.0
"13299",267,3,2,1218.70,1173.30,129.5,130.03,56,55,40.0,6.1
"13300",164,3,2,1285.51,1267.21,202.0,202.44,44,43,40.0,5.2
"13301",103,4,0,600.19,600.19,62.3,62.98,74,66,0.0,0.0
"13302",154,2,0,159.20,159.20,371.0,371.23,3,2,0.0,0.0
"13303",399,1,0,61.72,61.72,NULL,NULL,4,4,0.0,0.0
"13304",350,4,3,1217.99,1120.79,105.7,106.03,59,57,42.9,10.3
"13305",3,16,0,3616.41,3616.41,41.9,42.33,153,147,0.0,0.0
"13306",429,1,0,53.65,53.65,NULL,NULL,4,4,0.0,0.0
"13307",119,3,0,273.34,273.34,235.5,236.08,15,13,0.0,0.0
"13308",22,4,1,1670.37,1652.47,191.0,191.34,65,64,20.0,4.1
"13309",6,6,0,1706.37,1706.37,76.8,77.04,95,94,0.0,0.0
"13310",8,5,3,1541.20,1492.80,93.0,93.50,80,77,37.5,5.0
"13311",3,2,0,598.57,598.57,145.0,145.94,25,23,0.0,0.0
"13312",450,1,0,124.75,124.75,NULL,NULL,5,5,0.0,0.0
"13313",21,12,3,3445.32,3423.27,64.5,65.00,105,99,20.0,2.1
"13314",1,3,1,775.94,593.51,35.5,36.04,55,54,25.0,16.2
"13315",688,1,0,310.26,310.26,NULL,NULL,22,21,0.0,0.0
"13316",36,10,1,12940.82,12818.42,66.4,66.91,115,114,9.1,0.6
"13317",63,19,12,6486.09,6068.53,36.3,36.67,221,215,38.7,9.7
"13318",0,3,0,640.76,640.76,17.5,18.11,14,14,0.0,0.0
"13319",4,58,20,21323.22,20974.96,12.4,12.77,345,340,25.6,4.2
"13320",69,6,3,2211.60,2144.45,79.8,80.06,98,98,33.3,3.2
"13321",71,2,0,567.36,567.36,14.0,14.00,10,10,0.0,0.0
"13322",16,1,0,199.48,199.48,NULL,NULL,25,25,0.0,0.0
"13323",2,5,0,787.85,787.85,20.0,20.29,6,6,0.0,0.0
"13324",31,18,5,10513.47,10421.37,30.6,31.01,36,36,21.7,5.0
"13325",81,1,0,675.30,675.30,NULL,NULL,12,12,0.0,0.0
"13326",431,1,0,281.76,281.76,NULL,NULL,13,13,0.0,0.0
"13327",38,19,2,9052.87,8914.42,37.4,37.93,174,167,9.5,1.2
"13328",315,1,0,1308.48,1308.48,NULL,NULL,17,17,0.0,0.0
"13329",31,8,6,4808.77,4672.82,100.1,100.54,68,68,42.9,5.6
"13330",92,6,0,2796.10,2796.10,112.2,112.42,80,80,0.0,0.0
"13331",401,1,0,262.40,262.40,NULL,NULL,12,12,0.0,0.0
"13332",13,1,0,350.90,350.90,NULL,NULL,21,21,0.0,0.0
"13333",410,3,0,1015.74,1015.74,123.0,123.58,54,54,0.0,0.0
"13334",81,5,1,6201.80,6195.05,142.0,142.53,307,289,16.7,0.2
"13336",76,1,0,795.12,795.12,NULL,NULL,51,51,0.0,0.0
"13337",518,1,1,1575.26,1550.06,NULL,NULL,87,85,50.0,2.2
"13338",153,4,5,2345.62,2173.62,181.0,181.95,112,110,55.6,11.9
"13339",200,1,0,860.12,860.12,NULL,NULL,54,53,0.0,0.0
"13340",44,12,0,22100.56,22100.56,55.2,55.45,190,184,0.0,0.0
"13341",260,1,0,775.85,775.85,NULL,NULL,42,42,0.0,0.0
"13343",172,1,1,303.43,253.93,NULL,NULL,18,18,50.0,14.3
"13344",67,3,0,2511.69,2511.69,104.5,104.99,115,115,0.0,0.0
"13345",276,1,1,339.50,327.60,NULL,NULL,19,19,50.0,9.5
"13346",462,6,0,299.40,299.40,26.4,26.79,4,4,0.0,0.0
"13347",69,1,0,291.36,291.36,NULL,NULL,7,7,0.0,0.0
"13348",63,1,0,233.76,233.76,NULL,NULL,14,14,0.0,0.0
"13349",10,1,0,197.32,197.32,NULL,NULL,15,15,0.0,0.0
"13350",15,2,1,879.12,810.72,63.0,63.13,35,35,33.3,7.3
"13351",65,1,0,323.94,323.94,NULL,NULL,15,15,0.0,0.0
"13352",7,1,1,347.98,339.28,NULL,NULL,23,23,50.0,11.5
"13354",70,1,0,743.53,743.53,NULL,NULL,51,50,0.0,0.0
"13355",121,1,0,674.70,674.70,NULL,NULL,32,32,0.0,0.0
"13356",79,1,0,768.24,768.24,NULL,NULL,42,42,0.0,0.0
"13357",256,5,0,3795.01,3795.01,92.0,92.49,283,267,0.0,0.0
"13358",268,1,0,389.03,389.03,NULL,NULL,28,28,0.0,0.0
"13359",58,2,2,943.31,901.96,339.0,339.77,51,51,50.0,8.5
"13360",427,4,2,1503.65,1464.10,89.0,89.69,57,57,33.3,8.5
"13361",471,2,0,1450.50,1450.50,145.0,145.30,29,27,0.0,0.0
"13362",2,7,3,5394.07,5357.57,68.8,69.33,186,181,30.0,2.0
"13363",17,3,0,1623.86,1623.86,195.5,196.03,77,77,0.0,0.0
"13364",66,1,1,134.96,0.00,NULL,NULL,10,10,50.0,50.0
"13365",8,2,2,2225.37,2164.32,184.0,184.03,122,122,50.0,4.5
"13366",49,1,0,56.16,56.16,NULL,NULL,1,1,0.0,0.0
"13367",431,1,0,460.20,460.20,NULL,NULL,19,19,0.0,0.0
"13368",256,4,1,1021.50,986.10,55.0,55.66,44,44,20.0,2.0
"13369",353,1,1,258.28,213.75,NULL,NULL,13,13,50.0,27.8
"13370",365,1,1,754.87,721.32,NULL,NULL,39,39,50.0,11.4
"13371",498,2,2,2297.66,2271.46,127.0,127.09,75,75,50.0,3.2
"13372",89,1,0,328.64,328.64,NULL,NULL,22,22,0.0,0.0
"13373",60,6,0,7587.19,7587.19,134.0,134.59,292,284,0.0,0.0
"13374",414,2,0,372.80,372.80,34.0,34.98,16,16,0.0,0.0
"13375",80,2,1,1792.23,1786.48,356.0,356.09,62,62,33.3,1.4
"13376",98,3,0,869.76,869.76,67.0,67.57,44,43,0.0,0.0
"13377",396,2,1,1452.88,1445.43,249.0,249.09,70,69,33.3,2.6
"13379",25,3,0,572.56,572.56,54.5,55.03,85,85,0.0,0.0
"13380",432,1,0,62.40,62.40,NULL,NULL,3,3,0.0,0.0
"13381",20,12,3,8224.37,8185.02,63.7,64.26,154,152,20.0,1.4
"13382",280,5,0,1387.58,1387.58,112.3,112.75,74,74,0.0,0.0
"13383",543,1,0,305.28,305.28,NULL,NULL,1,1,0.0,0.0
"13384",30,11,4,6680.83,6635.09,46.5,46.99,192,192,26.7,2.6
"13385",329,1,0,534.57,534.57,NULL,NULL,35,35,0.0,0.0
"13386",413,2,0,835.46,835.46,22.0,22.99,24,24,0.0,0.0
"13387",416,1,0,181.84,181.84,NULL,NULL,70,69,0.0,0.0
"13388",120,3,1,1185.65,1135.70,236.0,236.05,68,68,25.0,1.4
"13389",10,3,0,797.96,797.96,110.0,110.54,50,49,0.0,0.0
"13390",74,1,0,544.08,544.08,NULL,NULL,13,13,0.0,0.0
"13391",203,1,0,59.80,59.80,NULL,NULL,1,1,0.0,0.0
"13392",676,1,0,91.14,91.14,NULL,NULL,8,8,0.0,0.0
"13393",583,4,2,1131.45,1105.85,49.0,49.55,53,46,33.3,5.5
"13394",1,19,4,6621.70,6329.38,40.4,40.94,254,242,17.4,3.1
"13395",184,3,0,1180.23,1180.23,118.0,118.04,77,77,0.0,0.0
"13396",21,2,2,1360.99,1325.29,290.0,290.14,42,42,50.0,8.5
"13397",72,10,3,3191.87,3103.07,68.0,68.45,68,61,23.1,3.3
"13398",191,2,0,670.34,670.34,256.0,256.15,37,37,0.0,0.0
"13399",463,3,0,275.40,275.40,27.0,27.42,10,10,0.0,0.0
"13400",573,1,1,310.83,300.93,NULL,NULL,23,23,50.0,4.2
"13402",126,4,0,1226.85,1226.85,145.0,145.73,55,55,0.0,0.0
"13403",17,3,0,229.50,229.50,352.0,352.90,9,9,0.0,0.0
"13404",0,2,0,252.49,252.49,211.0,211.15,11,11,0.0,0.0
"13405",203,5,3,1198.81,1181.56,129.5,130.02,32,32,37.5,6.8
"13406",426,2,1,568.92,557.22,204.0,204.30,7,7,33.3,10.0
"13407",578,3,3,2244.70,2111.89,41.0,41.53,85,84,50.0,7.6
"13408",1,106,21,50174.78,49751.36,6.6,6.99,320,315,16.5,2.6
"13410",8,9,3,2201.96,2172.51,88.0,88.38,25,25,25.0,5.7
"13411",106,1,0,213.55,213.55,NULL,NULL,17,17,0.0,0.0
"13412",619,1,0,487.35,487.35,NULL,NULL,33,30,0.0,0.0
"13413",639,6,1,429.44,353.12,9.2,9.55,38,38,14.3,2.3
"13414",133,6,1,2494.14,2482.24,93.4,93.96,48,45,14.3,3.5
"13415",472,4,1,784.17,665.42,85.0,85.30,85,68,20.0,10.6
"13416",43,3,0,940.80,940.80,346.0,346.41,16,13,0.0,0.0
"13417",4,6,1,1669.49,1593.89,132.6,132.97,57,56,14.3,6.1
"13418",11,31,6,11559.66,11242.22,23.5,23.90,328,320,16.2,2.2
"13419",63,1,0,221.06,221.06,NULL,NULL,16,15,0.0,0.0
"13420",134,2,2,159.85,140.35,20.0,20.88,8,8,50.0,20.0
"13421",39,8,3,4048.25,4033.95,88.7,89.00,173,165,27.3,1.1
"13422",50,1,1,2626.30,2601.55,NULL,NULL,127,127,50.0,0.8
"13423",428,1,0,217.03,217.03,NULL,NULL,12,12,0.0,0.0
"13424",443,1,1,572.77,557.92,NULL,NULL,40,39,50.0,2.4
"13425",107,5,3,3390.43,3362.73,117.3,117.78,124,122,37.5,1.7
"13426",0,22,1,8167.38,8084.38,34.3,34.75,162,161,4.3,0.3
"13427",18,6,0,1006.53,1006.53,140.2,140.59,35,35,0.0,0.0
"13428",9,3,0,478.54,478.54,252.0,252.02,122,113,0.0,0.0
"13429",10,4,0,1006.80,1006.80,20.7,21.57,55,55,0.0,0.0
"13430",18,2,2,679.45,652.07,67.0,67.75,48,48,50.0,7.5
"13431",66,8,1,3316.24,3289.24,84.1,84.58,113,113,11.1,0.8
"13432",570,2,0,436.55,436.55,40.0,40.94,97,92,0.0,0.0
"13433",436,4,1,658.32,656.87,64.7,65.11,22,22,20.0,4.0
"13434",73,5,0,1666.86,1666.86,145.0,145.30,17,17,0.0,0.0
"13435",4,9,2,4447.33,4431.93,61.4,61.86,96,95,18.2,1.3
"13436",1,1,0,196.89,196.89,NULL,NULL,12,12,0.0,0.0
"13437",13,7,0,3408.06,3408.06,28.8,29.33,143,143,0.0,0.0
"13438",546,1,0,46.50,46.50,NULL,NULL,1,1,0.0,0.0
"13439",254,3,0,986.61,986.61,135.0,135.49,132,129,0.0,0.0
"13440",422,7,3,1295.25,1213.95,4.5,4.68,49,49,30.0,15.7
"13441",91,2,0,720.90,720.90,339.0,339.96,33,33,0.0,0.0
"13442",666,3,0,419.87,419.87,35.0,35.48,33,32,0.0,0.0
"13443",448,6,1,1269.37,1236.92,45.4,45.79,175,170,14.3,0.5
"13444",373,2,0,619.08,619.08,131.0,131.94,51,48,0.0,0.0
"13445",625,1,0,241.90,241.90,NULL,NULL,7,6,0.0,0.0
"13446",419,11,7,3881.89,3613.27,22.9,23.33,113,110,38.9,9.9
"13447",22,3,1,1129.14,1104.23,6.0,6.07,55,55,25.0,4.8
"13448",16,12,4,8386.22,8312.52,64.7,65.18,320,311,25.0,0.7
"13449",23,1,0,291.88,291.88,NULL,NULL,19,19,0.0,0.0
"13450",26,13,1,4120.04,4117.54,47.5,48.06,57,57,7.1,0.7
"13451",25,11,2,7088.92,7017.97,59.7,60.20,560,539,15.4,0.2
"13452",258,3,0,729.80,729.80,106.5,106.59,2,2,0.0,0.0
"13453",165,3,2,781.69,758.99,117.5,118.42,33,31,40.0,4.8
"13454",640,1,0,219.87,219.87,NULL,NULL,23,23,0.0,0.0
"13455",24,6,5,2212.99,2080.88,140.6,141.22,79,75,45.5,14.9
"13456",17,6,1,1766.72,1737.82,37.4,37.95,43,42,14.3,3.1
"13457",688,2,2,148.22,143.27,48.0,48.83,9,9,50.0,18.2
"13458",6,16,8,11959.27,11850.62,24.9,25.40,290,282,33.3,2.4
"13459",624,2,0,1160.41,1160.41,57.0,57.87,57,54,0.0,0.0
"13460",28,2,0,183.44,183.44,20.0,20.31,16,15,0.0,0.0
"13461",38,6,2,4160.00,4138.50,111.2,111.74,30,29,25.0,6.1
"13462",182,5,1,1153.85,1145.60,118.0,118.27,64,62,16.7,1.4
"13464",57,6,1,3097.64,3083.89,111.8,112.00,128,127,14.3,0.7
"13465",445,2,0,931.12,931.12,139.0,139.99,34,33,0.0,0.0
"13466",99,5,2,1013.35,952.25,110.8,111.03,49,47,28.6,6.8
"13467",10,2,0,1071.91,1071.91,25.0,25.71,89,86,0.0,0.0
"13468",1,72,14,12793.28,12518.01,9.9,10.35,290,278,16.3,2.9
"13469",652,1,0,82.40,82.40,NULL,NULL,6,6,0.0,0.0
"13470",98,2,0,165.00,165.00,15.0,15.91,7,7,0.0,0.0
"13471",0,4,0,2501.84,2501.84,15.0,15.37,214,214,0.0,0.0
"13472",463,2,0,592.24,592.24,91.0,92.00,24,23,0.0,0.0
"13473",60,8,2,2657.76,2410.98,94.3,94.81,65,58,20.0,2.8
"13474",235,3,0,646.59,646.59,129.0,129.48,116,109,0.0,0.0
"13475",190,4,0,1431.78,1431.78,35.3,35.68,64,61,0.0,0.0
"13476",178,5,2,2061.47,1915.77,116.0,116.52,86,85,28.6,2.8
"13477",37,11,2,2819.17,2806.12,64.3,64.60,112,108,15.4,1.3
"13478",468,5,2,2215.78,2068.03,51.3,51.97,114,108,28.6,4.6
"13479",197,4,3,851.37,808.50,91.3,92.26,45,45,42.9,8.6
"13480",416,2,0,627.82,627.82,262.0,262.97,40,38,0.0,0.0
"13481",45,11,3,3830.84,3803.09,68.4,68.99,162,159,21.4,1.3
"13482",231,2,0,336.09,336.09,395.0,395.27,20,19,0.0,0.0
"13483",65,1,0,140.34,140.34,NULL,NULL,10,10,0.0,0.0
"13484",240,3,1,790.72,767.32,199.0,199.10,38,38,25.0,2.5
"13485",232,11,4,3015.22,2953.92,49.9,50.30,130,129,26.7,2.5
"13486",77,3,0,1122.41,1122.41,38.0,38.41,69,68,0.0,0.0
"13487",57,5,0,846.87,846.87,169.0,169.27,31,30,0.0,0.0
"13488",16,23,6,14205.96,14131.81,30.0,30.28,370,365,20.7,1.0
"13489",104,4,0,449.52,449.52,62.7,63.04,11,10,0.0,0.0
"13490",653,1,0,154.25,154.25,NULL,NULL,8,8,0.0,0.0
"13491",51,27,0,4467.66,4467.66,25.7,26.19,144,135,0.0,0.0
"13492",135,3,0,1269.84,1269.84,38.5,39.09,38,38,0.0,0.0
"13493",274,2,0,498.63,498.63,11.0,11.95,5,5,0.0,0.0
"13494",311,1,0,316.26,316.26,NULL,NULL,18,12,0.0,0.0
"13495",7,10,3,4863.31,4790.41,80.1,80.55,59,57,23.1,5.7
"13496",10,2,1,653.33,617.93,349.0,349.03,28,27,33.3,2.8
"13497",282,6,1,1166.83,1139.83,76.8,77.39,52,52,14.3,1.7
"13498",729,1,0,327.38,327.38,NULL,NULL,17,17,0.0,0.0
"13499",17,5,2,1159.11,1146.96,62.5,63.03,31,31,28.6,6.7
"13500",22,4,1,1466.30,1436.30,125.3,126.03,77,77,20.0,2.3
"13501",242,3,2,2885.11,2840.26,140.5,141.12,90,90,40.0,1.7
"13502",16,5,1,780.50,774.60,132.3,133.00,28,27,16.7,2.9
"13503",70,5,4,1778.04,1706.79,147.3,147.50,157,144,44.4,5.1
"13504",63,1,0,295.93,295.93,NULL,NULL,22,22,0.0,0.0
"13505",67,4,4,3633.63,3522.88,52.7,53.33,181,174,50.0,5.4
"13506",311,5,3,1338.08,1308.53,35.8,36.01,55,54,37.5,5.8
"13507",2,4,0,2479.16,2479.16,47.0,47.35,146,143,0.0,0.0
"13508",243,2,0,287.05,287.05,399.0,399.00,27,23,0.0,0.0
"13509",8,7,0,1099.72,1099.72,82.7,83.15,26,26,0.0,0.0
"13510",0,11,6,4558.29,4488.39,71.1,71.71,176,171,35.3,4.3
"13511",483,1,1,282.76,244.61,NULL,NULL,5,5,50.0,16.7
"13512",260,4,0,713.39,713.39,107.0,107.62,31,30,0.0,0.0
"13513",126,3,1,824.59,796.99,263.5,264.40,32,32,25.0,4.8
"13514",73,4,0,815.90,815.90,202.3,202.92,15,15,0.0,0.0
"13515",72,6,0,1265.82,1265.82,113.8,114.40,64,63,0.0,0.0
"13516",20,4,0,1685.26,1685.26,132.0,132.06,55,55,0.0,0.0
"13517",59,3,2,2128.42,2109.07,60.0,60.06,125,120,40.0,1.4
"13518",85,1,0,627.16,627.16,NULL,NULL,36,36,0.0,0.0
"13519",49,2,1,343.21,331.26,364.0,364.28,19,19,33.3,5.0
"13520",58,11,3,5446.00,5337.25,66.0,66.40,80,76,21.4,3.1
"13521",0,3,0,1070.47,1070.47,3.5,4.47,312,306,0.0,0.0
"13522",29,1,0,125.80,125.80,NULL,NULL,5,5,0.0,0.0
"13523",32,6,1,4534.57,4325.07,73.4,73.80,177,176,14.3,2.4
"13524",40,5,0,680.18,680.18,44.3,44.75,17,16,0.0,0.0
"13525",14,2,0,628.78,628.78,233.0,233.85,5,5,0.0,0.0
"13526",737,2,2,1182.00,942.60,0.0,0.01,29,26,50.0,18.5
"13527",33,12,2,4541.29,4507.59,59.0,59.45,266,264,14.3,0.4
"13529",78,2,0,307.76,307.76,125.0,125.89,15,15,0.0,0.0
"13530",633,1,0,402.98,402.98,NULL,NULL,18,18,0.0,0.0
"13531",204,6,0,1433.07,1433.07,106.0,106.21,44,42,0.0,0.0
"13532",33,1,0,210.31,210.31,NULL,NULL,66,65,0.0,0.0
"13533",182,3,0,269.09,269.09,42.0,42.48,61,57,0.0,0.0
"13534",1,35,25,7720.90,7324.50,14.8,15.24,163,159,41.7,15.0
"13535",402,1,0,89.50,89.50,NULL,NULL,1,1,0.0,0.0
"13536",0,7,0,3444.39,3444.39,11.8,12.36,91,91,0.0,0.0
"13537",425,2,0,717.85,717.85,26.0,26.09,38,37,0.0,0.0
"13538",42,12,0,3103.13,3103.13,57.0,57.47,105,103,0.0,0.0
"13539",85,7,2,1569.36,1531.26,83.5,84.15,69,67,22.2,2.3
"13540",466,3,0,632.39,632.39,94.0,94.10,26,26,0.0,0.0
"13541",422,2,1,785.25,717.90,143.0,143.02,10,10,33.3,16.7
"13542",376,17,1,3959.49,3924.09,21.6,22.04,98,90,5.6,0.9
"13543",633,2,0,1439.61,1439.61,52.0,52.96,37,35,0.0,0.0
"13544",39,6,1,790.20,781.70,120.6,121.00,219,209,14.3,0.4
"13545",390,2,1,364.93,337.64,153.0,153.98,54,52,33.3,3.6
"13546",11,5,0,1086.24,1086.24,102.5,102.97,95,93,0.0,0.0
"13547",407,1,0,164.53,164.53,NULL,NULL,43,42,0.0,0.0
"13548",95,3,0,901.44,901.44,187.0,187.52,169,162,0.0,0.0
"13549",25,8,1,1005.80,1003.72,51.3,51.70,44,42,11.1,1.7
"13550",382,1,0,342.55,342.55,NULL,NULL,40,39,0.0,0.0
"13551",318,2,0,244.20,244.20,346.0,346.99,5,4,0.0,0.0
"13552",65,22,10,6948.92,6588.63,27.9,28.19,162,160,31.3,8.4
"13553",674,1,0,499.60,499.60,NULL,NULL,85,79,0.0,0.0
"13554",379,7,3,1629.35,1547.46,10.7,11.02,156,155,30.0,5.3
"13555",73,13,3,8891.84,8798.99,51.1,51.33,264,259,18.8,1.5
"13556",428,2,0,200.82,200.82,6.0,6.32,8,8,0.0,0.0
"13557",27,13,3,3032.26,2980.08,58.0,58.58,126,115,18.8,1.6
"13558",5,4,0,594.52,594.52,20.3,20.98,123,121,0.0,0.0
"13559",512,2,0,990.00,990.00,30.0,30.92,1,1,0.0,0.0
"13560",6,1,0,171.42,171.42,NULL,NULL,32,31,0.0,0.0
"13561",215,11,0,1803.40,1803.40,43.0,43.40,131,127,0.0,0.0
"13562",81,8,0,4838.18,4838.18,87.0,87.54,88,77,0.0,0.0
"13563",83,2,0,777.53,777.53,55.0,55.89,49,47,0.0,0.0
"13564",353,36,13,15880.22,15613.10,10.5,10.95,483,455,26.5,3.4
"13565",18,3,0,414.80,414.80,195.5,195.97,45,45,0.0,0.0
"13566",40,5,0,1684.75,1684.75,149.3,149.75,262,253,0.0,0.0
"13567",427,4,1,1079.29,1074.19,37.3,37.67,180,173,20.0,0.5
"13568",172,1,0,187.05,187.05,NULL,NULL,41,41,0.0,0.0
"13569",16,4,0,725.04,725.04,136.3,137.00,139,138,0.0,0.0
"13570",242,1,0,239.49,239.49,NULL,NULL,27,26,0.0,0.0
"13571",12,26,0,4537.26,4537.26,28.2,28.76,263,257,0.0,0.0
"13572",205,1,0,1384.25,1384.25,NULL,NULL,32,32,0.0,0.0
"13573",49,6,0,903.07,903.07,116.6,117.39,72,70,0.0,0.0
"13574",410,1,0,404.45,404.45,NULL,NULL,84,83,0.0,0.0
"13575",22,5,0,732.07,732.07,37.8,38.24,41,41,0.0,0.0
"13576",9,28,4,11202.59,11167.00,26.2,26.70,145,140,12.5,3.9
"13577",24,11,3,3484.28,3346.62,69.6,70.00,101,98,21.4,2.9
"13578",408,1,0,147.66,147.66,NULL,NULL,9,9,0.0,0.0
"13579",14,5,1,1374.34,1371.14,160.5,161.20,72,72,16.7,2.4
"13580",405,1,0,107.75,107.75,NULL,NULL,5,5,0.0,0.0
"13581",308,2,0,280.53,280.53,104.0,104.92,32,32,0.0,0.0
"13582",389,2,0,241.68,241.68,227.0,228.00,10,10,0.0,0.0
"13583",155,2,0,1445.03,1445.03,523.0,523.87,92,85,0.0,0.0
"13584",306,3,2,385.70,340.40,184.0,184.59,74,70,40.0,5.9
"13585",530,3,1,684.54,674.46,103.5,103.95,29,29,25.0,2.5
"13586",540,1,0,127.28,127.28,NULL,NULL,20,20,0.0,0.0
"13587",31,4,2,1673.50,1308.10,199.7,199.99,27,27,33.3,9.1
"13588",15,9,3,2478.95,2449.53,29.5,29.97,131,130,25.0,2.8
"13589",14,6,0,1120.74,1120.74,143.2,143.81,48,48,0.0,0.0
"13590",10,18,3,6336.04,6284.74,42.4,42.76,255,246,14.3,1.2
"13591",64,7,1,2093.94,2081.19,109.7,110.14,89,87,12.5,1.0
"13592",35,4,0,247.96,247.96,76.0,76.28,15,15,0.0,0.0
"13593",107,14,2,5493.29,5444.81,41.1,41.45,212,194,12.5,0.5
"13594",52,2,1,533.32,508.42,432.0,433.00,31,31,33.3,5.7
"13595",516,3,0,784.48,784.48,64.5,64.96,114,112,0.0,0.0
"13596",5,2,0,664.11,664.11,7.0,7.00,133,133,0.0,0.0
"13597",387,2,1,396.71,377.21,2.0,2.23,17,16,33.3,5.6
"13598",46,5,1,761.96,749.21,151.0,151.03,78,74,16.7,1.1
"13599",0,33,19,9811.04,9435.47,22.8,23.04,235,227,36.5,7.3
"13600",311,2,0,518.42,518.42,321.0,321.92,35,25,0.0,0.0
"13601",44,4,0,1159.99,1159.99,167.0,167.03,160,150,0.0,0.0
"13602",64,4,0,1025.17,1025.17,165.0,165.33,49,49,0.0,0.0
"13603",25,1,0,164.34,164.34,NULL,NULL,27,27,0.0,0.0
"13604",651,1,1,717.62,713.39,NULL,NULL,21,20,50.0,8.7
"13605",386,2,0,522.67,522.67,184.0,184.06,50,48,0.0,0.0
"13606",28,3,0,276.75,276.75,141.0,141.13,40,40,0.0,0.0
"13607",39,2,1,1075.81,1058.11,362.0,362.19,110,107,33.3,0.8
"13608",540,1,0,232.05,232.05,NULL,NULL,31,31,0.0,0.0
"13609",592,1,0,167.35,167.35,NULL,NULL,7,7,0.0,0.0
"13610",11,14,3,2102.46,2070.71,52.5,53.16,308,301,17.6,0.7
"13611",88,10,4,3297.93,3259.43,71.6,71.92,170,168,28.6,3.0
"13612",517,1,1,818.29,777.79,NULL,NULL,50,47,50.0,3.8
"13613",452,5,0,1039.85,1039.85,51.8,51.99,50,49,0.0,0.0
"13614",23,6,0,2332.74,2332.74,105.0,105.41,227,225,0.0,0.0
"13615",312,8,4,6272.53,6212.23,51.1,51.67,259,251,33.3,2.4
"13616",567,2,0,283.85,283.85,122.0,122.92,31,30,0.0,0.0
"13617",39,8,1,1278.75,1263.80,64.6,64.99,48,48,11.1,0.9
"13618",173,1,0,177.34,177.34,NULL,NULL,13,13,0.0,0.0
"13619",544,2,0,223.44,223.44,129.0,129.89,38,37,0.0,0.0
"13620",527,1,0,112.34,112.34,NULL,NULL,5,5,0.0,0.0
"13621",116,1,0,213.85,213.85,NULL,NULL,19,19,0.0,0.0
"13622",688,1,1,658.95,651.45,NULL,NULL,32,31,50.0,5.9
"13623",30,10,5,2533.06,2456.73,77.9,78.55,211,192,33.3,3.4
"13624",380,1,1,462.08,427.18,NULL,NULL,22,22,50.0,8.3
"13625",596,1,0,301.26,301.26,NULL,NULL,21,21,0.0,0.0
"13626",252,2,1,707.04,689.49,126.0,126.75,44,44,33.3,4.3
"13627",58,7,3,2245.90,2217.55,96.3,96.84,118,117,30.0,2.3
"13628",675,1,0,310.14,310.14,NULL,NULL,16,14,0.0,0.0
"13629",22,19,0,13370.86,13370.86,35.2,35.71,28,26,0.0,0.0
"13630",4,7,4,2031.78,1995.68,46.2,46.68,51,49,36.4,11.3
"13631",99,11,1,3070.42,3021.77,16.5,16.77,6,6,8.3,8.3
"13632",24,8,2,3645.81,3632.36,83.4,83.86,166,161,20.0,1.3
"13634",32,15,1,4988.08,4434.16,47.0,47.50,267,253,6.3,5.9
"13635",67,4,2,2999.16,2948.22,223.3,223.68,135,135,33.3,3.0
"13636",36,5,1,949.12,941.62,61.8,62.21,57,57,16.7,1.6
"13637",51,3,0,803.05,803.05,87.0,87.01,78,78,0.0,0.0
"13638",15,1,0,122.64,122.64,NULL,NULL,8,8,0.0,0.0
"13639",73,2,0,1346.27,1346.27,362.0,362.15,49,49,0.0,0.0
"13640",610,1,0,405.00,405.00,NULL,NULL,4,1,0.0,0.0
"13641",640,4,2,942.37,847.72,30.7,31.25,40,36,33.3,12.2
"13642",215,4,1,472.20,459.45,72.3,72.34,93,93,20.0,0.9
"13643",30,10,5,2156.77,2112.17,77.2,77.79,71,70,33.3,4.7
"13644",8,4,1,2624.26,2597.52,29.3,29.70,144,141,20.0,1.4
"13645",119,1,0,252.10,252.10,NULL,NULL,5,5,0.0,0.0
"13646",399,2,1,326.25,323.30,0.0,0.01,58,56,33.3,1.7
"13647",9,8,1,3041.68,3033.78,84.3,84.85,98,98,11.1,0.7
"13648",399,8,3,1759.07,1681.12,47.7,48.27,94,94,27.3,5.4
"13649",256,6,0,1453.68,1453.68,53.4,54.16,97,97,0.0,0.0
"13650",16,10,6,3288.00,3098.50,73.6,74.02,127,127,37.5,6.5
"13651",39,2,1,211.85,193.95,342.0,342.10,13,13,33.3,7.1
"13652",45,5,0,2262.05,2262.05,151.0,151.66,116,112,0.0,0.0
"13653",487,1,0,152.20,152.20,NULL,NULL,9,9,0.0,0.0
"13654",42,11,0,6308.00,6308.00,69.0,69.42,262,256,0.0,0.0
"13655",113,6,2,2280.51,2261.66,95.2,95.44,103,103,25.0,2.5
"13656",164,4,3,1078.85,1053.35,143.0,143.63,81,78,42.9,3.3
"13657",10,2,0,382.14,382.14,190.0,191.00,16,16,0.0,0.0
"13658",9,9,4,6025.50,5772.07,82.5,82.86,164,158,30.8,3.3
"13659",196,12,5,4884.68,4706.43,41.0,41.38,224,219,29.4,4.9
"13660",395,1,1,306.64,295.74,NULL,NULL,39,37,50.0,2.4
"13661",602,1,0,325.24,325.24,NULL,NULL,17,17,0.0,0.0
"13662",85,11,6,2233.61,2166.63,57.1,57.29,126,126,35.3,7.5
"13663",178,5,1,2047.51,2013.61,116.5,116.81,87,85,16.7,2.0
"13665",385,3,0,1711.66,1711.66,58.5,58.99,97,97,0.0,0.0
"13666",59,5,0,127.05,127.05,168.5,168.80,18,18,0.0,0.0
"13667",148,1,0,299.05,299.05,NULL,NULL,82,80,0.0,0.0
"13668",2,35,12,12948.48,12607.68,20.9,21.35,411,387,25.5,5.3
"13669",50,3,0,413.55,413.55,177.5,178.38,13,12,0.0,0.0
"13670",74,1,0,349.70,349.70,NULL,NULL,25,25,0.0,0.0
"13671",394,1,0,172.60,172.60,NULL,NULL,61,58,0.0,0.0
"13672",300,3,3,419.92,233.53,214.0,214.55,13,12,50.0,33.3
"13673",18,2,0,387.44,387.44,13.0,13.85,47,47,0.0,0.0
"13674",429,1,1,240.68,215.88,NULL,NULL,14,12,50.0,12.5
"13675",150,2,0,486.82,486.82,133.0,133.03,25,24,0.0,0.0
"13676",538,2,1,243.90,153.15,80.0,80.03,13,13,33.3,13.3
"13677",404,2,0,551.24,551.24,115.0,115.75,98,96,0.0,0.0
"13678",151,1,0,232.60,232.60,NULL,NULL,16,13,0.0,0.0
"13679",493,3,0,281.26,281.26,120.5,120.90,44,38,0.0,0.0
"13680",0,12,1,11419.67,9899.56,66.3,66.73,354,330,7.7,3.1
"13681",17,4,0,827.83,827.83,45.3,45.94,37,37,0.0,0.0
"13682",186,1,0,59.50,59.50,NULL,NULL,3,3,0.0,0.0
"13683",457,1,0,258.60,258.60,NULL,NULL,10,10,0.0,0.0
"13684",285,4,2,594.88,544.42,111.0,111.94,81,70,33.3,3.6
"13685",2,7,0,3119.44,3119.44,9.2,9.66,29,27,0.0,0.0
"13686",182,3,0,409.04,409.04,109.0,109.40,27,27,0.0,0.0
"13687",437,1,0,11880.84,11880.84,NULL,NULL,45,37,0.0,0.0
"13688",634,1,0,375.50,375.50,NULL,NULL,5,5,0.0,0.0
"13689",62,2,0,1259.50,1259.50,381.0,381.12,6,6,0.0,0.0
"13690",58,1,0,172.25,172.25,NULL,NULL,9,9,0.0,0.0
"13691",395,1,0,210.78,210.78,NULL,NULL,53,49,0.0,0.0
"13692",24,5,2,3114.40,3022.95,98.5,98.98,83,83,28.6,2.0
"13693",324,9,3,2011.82,1966.32,44.3,44.79,78,75,25.0,4.5
"13694",3,143,15,195640.69,190391.50,4.8,5.15,896,757,9.5,1.7
"13695",30,16,0,2770.73,2770.73,36.1,36.41,47,45,0.0,0.0
"13696",421,3,1,2020.40,2008.70,121.5,122.41,24,24,25.0,4.0
"13697",38,1,0,151.30,151.30,NULL,NULL,12,12,0.0,0.0
"13698",596,2,0,451.73,451.73,85.0,85.12,31,30,0.0,0.0
"13699",154,2,1,764.15,711.40,395.0,395.16,33,33,33.3,7.5
"13700",25,13,1,2596.97,2569.72,53.3,53.67,163,157,7.1,1.6
"13701",436,1,1,161.00,159.55,NULL,NULL,9,9,50.0,10.0
"13702",445,1,0,135.18,135.18,NULL,NULL,5,5,0.0,0.0
"13703",317,2,1,425.56,99.50,96.0,97.00,36,36,33.3,49.3
"13704",4,9,1,2308.06,2295.31,10.1,10.38,111,110,10.0,0.7
"13705",7,7,0,1717.19,1717.19,102.2,102.80,55,55,0.0,0.0
"13706",302,2,0,631.17,631.17,324.0,324.00,38,38,0.0,0.0
"13707",266,5,0,3365.86,3365.86,67.0,67.31,142,138,0.0,0.0
"13708",270,1,0,283.33,283.33,NULL,NULL,48,47,0.0,0.0
"13709",3,18,4,7571.35,7492.41,40.5,40.82,296,289,18.2,2.4
"13710",31,3,0,509.52,509.52,289.5,290.40,13,13,0.0,0.0
"13711",218,9,6,1792.26,1632.61,62.8,63.21,80,76,40.0,10.7
"13712",246,2,0,766.42,766.42,364.0,364.05,32,32,0.0,0.0
"13713",407,3,0,740.76,740.76,87.0,87.49,70,67,0.0,0.0
"13714",464,1,0,161.35,161.35,NULL,NULL,30,27,0.0,0.0
"13715",280,17,4,8153.04,8108.09,21.8,22.32,277,265,19.0,1.2
"13716",268,1,0,138.28,138.28,NULL,NULL,21,20,0.0,0.0
"13717",31,8,3,1763.30,1748.05,64.1,64.74,110,108,27.3,2.4
"13718",245,2,0,306.55,306.55,49.0,49.06,9,8,0.0,0.0
"13719",14,11,0,2782.10,2782.10,55.1,55.60,193,188,0.0,0.0
"13720",116,4,0,799.90,799.90,45.3,46.05,42,41,0.0,0.0
"13721",35,2,0,741.54,741.54,358.0,358.84,41,40,0.0,0.0
"13722",119,10,1,5635.41,5629.16,57.0,57.22,137,136,9.1,0.5
"13723",216,6,0,1194.08,1194.08,78.6,78.82,51,51,0.0,0.0
"13724",636,1,0,213.01,213.01,NULL,NULL,39,38,0.0,0.0
"13725",49,8,3,1980.56,1809.81,36.6,36.99,95,93,27.3,11.9
"13726",38,2,0,1079.66,1079.66,61.0,61.99,39,39,0.0,0.0
"13727",28,8,1,1074.15,1061.40,99.9,100.26,74,66,11.1,1.2
"13728",36,16,0,2855.17,2855.17,45.5,46.25,75,75,0.0,0.0
"13729",435,3,2,724.73,676.43,123.5,124.41,36,36,40.0,11.4
"13730",135,2,0,752.60,752.60,25.0,25.83,38,38,0.0,0.0
"13731",218,2,0,610.59,610.59,27.0,27.18,36,36,0.0,0.0
"13732",27,1,0,491.86,491.86,NULL,NULL,33,30,0.0,0.0
"13733",410,2,1,487.03,484.53,324.0,324.87,28,28,33.3,3.3
"13734",508,4,2,6695.69,3445.34,31.0,31.38,24,21,33.3,6.9
"13735",24,13,9,9762.77,9422.36,58.0,58.49,362,354,40.9,4.0
"13736",4,7,5,2752.47,2701.27,121.0,121.36,325,308,41.7,1.9
"13737",199,1,0,339.60,339.60,NULL,NULL,29,27,0.0,0.0
"13738",395,1,0,434.78,434.78,NULL,NULL,88,84,0.0,0.0
"13739",17,2,0,292.20,292.20,509.0,509.13,6,6,0.0,0.0
"13740",240,5,0,1582.77,1582.77,123.8,124.23,83,80,0.0,0.0
"13741",71,3,1,668.43,666.33,72.5,72.91,34,34,25.0,2.9
"13742",16,12,2,3107.87,3079.27,27.1,27.62,200,199,14.3,0.6
"13743",2,7,1,1341.60,1340.15,42.2,42.80,8,8,12.5,2.4
"13744",94,2,0,1080.52,1080.52,197.0,197.05,54,53,0.0,0.0
"13745",150,2,2,777.36,761.27,383.0,383.98,46,46,50.0,5.1
"13746",413,1,0,176.69,176.69,NULL,NULL,9,9,0.0,0.0
"13747",373,2,0,169.80,169.80,51.0,51.06,4,4,0.0,0.0
"13748",95,9,0,2064.35,2064.35,80.0,80.34,40,40,0.0,0.0
"13750",53,11,2,3602.18,3563.60,55.8,56.39,51,48,15.4,2.6
"13751",287,1,0,296.25,296.25,NULL,NULL,9,9,0.0,0.0
"13752",123,7,0,1579.83,1579.83,66.8,67.19,75,73,0.0,0.0
"13753",287,4,0,2094.57,2094.57,149.3,149.70,64,62,0.0,0.0
"13754",151,3,0,447.05,447.05,142.0,142.92,16,16,0.0,0.0
"13755",3,9,1,2108.06,2101.39,7.0,7.48,232,217,10.0,0.3
"13756",1,23,2,8655.95,8595.65,32.2,32.82,142,133,8.0,0.6
"13757",674,1,0,195.55,195.55,NULL,NULL,8,8,0.0,0.0
"13758",11,14,3,8595.29,8544.29,55.5,55.93,212,208,17.6,1.7
"13759",32,2,0,659.41,659.41,37.0,37.96,24,24,0.0,0.0
"13760",53,5,1,1363.64,1358.64,134.5,134.78,95,93,16.7,0.8
"13761",49,6,0,1952.17,1952.17,120.8,121.22,118,117,0.0,0.0
"13762",203,5,1,2472.48,2165.76,119.3,119.97,23,23,16.7,16.7
"13763",62,3,3,5217.44,5181.99,185.5,185.95,50,49,50.0,5.7
"13764",70,6,0,2908.67,2908.67,114.0,114.39,294,283,0.0,0.0
"13765",652,1,0,352.82,352.82,NULL,NULL,16,16,0.0,0.0
"13766",494,1,0,190.35,190.35,NULL,NULL,16,16,0.0,0.0
"13767",1,73,23,33903.57,33480.82,9.8,10.22,117,109,24.0,5.6
"13768",563,2,6,875.97,758.07,4.0,4.01,30,30,75.0,23.3
"13769",1,20,9,5478.12,5444.33,37.5,37.95,121,120,31.0,4.2
"13770",421,4,0,785.37,785.37,102.3,102.67,48,47,0.0,0.0
"13771",63,9,1,5728.82,5726.07,73.1,73.51,182,181,10.0,0.5
"13772",33,8,1,3100.02,3080.52,88.1,88.70,394,378,11.1,0.4
"13773",396,2,0,301.54,301.54,263.0,263.06,19,19,0.0,0.0
"13774",81,1,0,345.00,345.00,NULL,NULL,22,22,0.0,0.0
"13775",590,1,0,1049.66,1049.66,NULL,NULL,63,57,0.0,0.0
"13777",0,61,11,49638.26,49228.16,11.9,12.29,44,42,15.3,10.1
"13778",102,4,1,1124.49,1116.54,153.7,154.03,33,32,20.0,2.2
"13779",515,1,0,161.13,161.13,NULL,NULL,27,26,0.0,0.0
"13780",6,3,0,732.07,732.07,199.5,199.87,90,88,0.0,0.0
"13781",250,3,1,778.83,770.88,234.5,235.42,56,55,25.0,1.7
"13782",12,13,1,1786.08,1778.13,59.6,60.08,187,184,7.1,0.4
"13783",487,4,0,1542.09,1542.09,61.0,61.94,4,3,0.0,0.0
"13784",9,14,1,2910.23,2897.18,33.4,33.91,13,12,6.7,4.4
"13785",428,4,0,542.49,542.49,10.0,10.57,26,25,0.0,0.0
"13786",366,6,1,3127.99,3112.99,73.4,73.79,80,78,14.3,0.9
"13787",75,6,3,1222.50,1173.70,123.4,123.82,71,68,33.3,8.5
"13788",504,1,0,3.75,3.75,NULL,NULL,1,1,0.0,0.0
"13789",387,1,0,239.46,239.46,NULL,NULL,18,18,0.0,0.0
"13790",3,1,0,348.80,348.80,NULL,NULL,45,22,0.0,0.0
"13791",42,2,1,1516.00,1047.68,40.0,40.80,7,7,33.3,35.3
"13792",65,3,0,383.95,383.95,178.0,178.07,23,23,0.0,0.0
"13793",646,1,0,96.00,96.00,NULL,NULL,7,7,0.0,0.0
"13794",546,1,0,126.03,126.03,NULL,NULL,9,8,0.0,0.0
"13795",387,4,0,836.30,836.30,82.3,83.07,23,22,0.0,0.0
"13796",498,1,0,289.70,289.70,NULL,NULL,22,22,0.0,0.0
"13797",436,3,1,1179.45,1168.45,105.0,105.46,71,71,25.0,2.5
"13798",0,110,14,75428.87,73177.50,6.3,6.70,168,154,11.3,20.8
"13799",116,9,4,2803.57,2039.82,65.5,65.98,64,60,30.8,8.6
"13800",309,3,0,1679.56,1679.56,213.0,213.55,73,70,0.0,0.0
"13801",66,1,0,324.80,324.80,NULL,NULL,23,23,0.0,0.0
"13802",137,19,5,26259.11,25491.56,28.7,29.06,212,196,20.8,2.0
"13803",254,3,1,1338.91,1319.11,181.5,181.56,73,72,25.0,1.3
"13804",30,9,0,3161.12,3161.12,50.5,50.76,149,148,0.0,0.0
"13805",51,2,0,924.60,924.60,76.0,76.97,10,9,0.0,0.0
"13806",63,1,0,256.38,256.38,NULL,NULL,10,10,0.0,0.0
"13807",366,3,1,422.20,397.30,184.0,184.06,24,24,25.0,7.4
"13808",5,5,0,1747.66,1747.66,22.3,22.75,70,66,0.0,0.0
"13809",304,3,0,679.70,679.70,77.0,77.53,23,23,0.0,0.0
"13810",28,2,0,827.51,827.51,27.0,27.82,30,30,0.0,0.0
"13811",183,2,0,519.75,519.75,55.0,55.63,5,5,0.0,0.0
"13812",41,3,0,485.00,485.00,31.0,31.53,32,32,0.0,0.0
"13813",39,8,4,2387.47,2308.42,98.7,99.15,83,81,33.3,6.9
"13814",55,3,2,2257.32,2239.07,216.5,217.49,56,54,40.0,2.5
"13815",21,8,2,6737.74,6547.79,91.7,91.88,202,195,20.0,1.4
"13816",23,2,2,499.67,483.04,40.0,40.75,24,23,50.0,16.1
"13817",28,2,0,328.98,328.98,322.0,322.25,19,19,0.0,0.0
"13818",429,1,0,61.28,61.28,NULL,NULL,5,5,0.0,0.0
"13819",301,6,1,2642.35,2631.10,86.8,87.35,47,45,14.3,2.9
"13820",417,3,2,652.75,632.50,130.5,131.03,68,61,40.0,3.3
"13821",144,6,1,1379.08,1355.38,111.2,111.97,158,149,14.3,0.5
"13822",5,2,0,632.00,632.00,34.0,34.85,90,86,0.0,0.0
"13823",18,7,1,3403.45,3358.55,117.0,117.64,108,107,12.5,1.8
"13824",32,12,2,3314.76,3273.36,54.5,54.99,59,56,14.3,3.8
"13825",621,2,0,255.59,255.59,108.0,108.86,38,38,0.0,0.0
"13826",157,1,1,189.50,179.55,NULL,NULL,10,10,50.0,9.1
"13827",57,3,0,409.80,409.80,42.5,42.94,83,83,0.0,0.0
"13828",21,1,0,209.49,209.49,NULL,NULL,15,15,0.0,0.0
"13829",358,1,1,102.00,0.00,NULL,NULL,1,1,50.0,50.0
"13830",573,1,1,156.85,135.95,NULL,NULL,11,11,50.0,15.4
"13831",15,18,2,6585.54,6571.14,41.4,41.94,121,114,10.0,2.2
"13832",17,2,1,609.89,598.64,403.0,403.04,54,52,33.3,1.8
"13833",158,2,0,700.41,700.41,244.0,244.97,43,43,0.0,0.0
"13834",576,2,1,324.19,269.89,92.0,92.90,15,15,33.3,20.0
"13835",24,7,1,1095.27,1044.82,102.8,103.38,60,59,12.5,2.7
"13836",398,2,1,620.37,602.52,15.0,15.00,29,29,33.3,6.1
"13837",211,2,0,266.59,266.59,105.0,106.00,17,17,0.0,0.0
"13838",5,10,0,1690.07,1690.07,63.6,63.77,328,312,0.0,0.0
"13839",485,1,0,139.95,139.95,NULL,NULL,7,4,0.0,0.0
"13840",415,1,0,651.40,651.40,NULL,NULL,40,37,0.0,0.0
"13841",252,1,0,85.00,85.00,NULL,NULL,1,1,0.0,0.0
"13842",58,18,1,5319.34,5294.39,34.9,35.46,214,211,5.3,0.9
"13843",380,1,0,319.75,319.75,NULL,NULL,18,18,0.0,0.0
"13844",10,1,0,361.62,361.62,NULL,NULL,20,20,0.0,0.0
"13845",64,1,0,312.98,312.98,NULL,NULL,9,9,0.0,0.0
"13846",24,4,1,1307.79,1290.34,124.3,125.03,81,80,20.0,3.6
"13847",719,1,0,310.72,310.72,NULL,NULL,19,18,0.0,0.0
"13848",91,8,0,3015.00,3015.00,90.7,91.12,3,3,0.0,0.0
"13849",51,5,1,3469.30,3443.80,142.8,143.24,189,185,16.7,0.5
"13850",87,1,1,1595.48,1586.81,NULL,NULL,93,91,50.0,1.1
"13851",95,8,1,4606.46,4516.76,82.9,83.43,111,111,11.1,0.7
"13852",606,1,1,187.35,170.45,NULL,NULL,11,9,50.0,15.4
"13853",8,1,1,1090.14,1056.94,NULL,NULL,23,23,50.0,4.2
"13854",8,39,6,11944.56,11848.81,17.7,18.21,61,60,13.3,3.3
"13855",500,4,1,1310.34,1253.94,76.0,76.90,64,64,20.0,5.2
"13856",168,11,4,1142.03,1058.88,44.5,45.08,33,32,26.7,12.9
"13857",392,6,1,1000.91,997.01,35.0,35.59,98,94,14.3,0.8
"13858",56,1,0,216.17,216.17,NULL,NULL,11,11,0.0,0.0
"13859",325,2,0,515.86,515.86,203.0,203.03,34,34,0.0,0.0
"13860",0,5,1,1245.90,1240.00,20.8,21.29,58,58,16.7,1.3
"13861",428,2,1,273.26,251.31,101.0,101.11,21,21,33.3,8.7
"13862",17,9,2,2556.09,2534.04,45.9,46.39,113,113,18.2,1.8
"13863",244,4,2,1239.55,1217.63,114.7,115.29,59,53,33.3,5.4
"13864",386,1,0,662.40,662.40,NULL,NULL,1,1,0.0,0.0
"13865",57,4,0,501.56,501.56,76.7,77.02,26,26,0.0,0.0
"13866",73,1,0,145.67,145.67,NULL,NULL,7,7,0.0,0.0
"13867",30,3,0,1005.09,1005.09,93.0,93.47,51,51,0.0,0.0
"13868",6,2,0,3192.54,3192.54,31.0,31.16,32,28,0.0,0.0
"13869",122,10,0,7996.87,7996.87,62.7,63.11,502,483,0.0,0.0
"13870",1,15,3,5712.08,5689.84,47.3,47.65,159,154,16.7,1.6
"13871",22,17,4,7885.85,7804.95,43.1,43.56,183,181,19.0,1.7
"13872",512,3,3,919.57,891.32,99.0,99.12,51,51,50.0,6.6
"13873",119,8,1,1038.92,1031.02,74.6,75.27,55,54,11.1,1.6
"13874",357,7,3,2049.15,1989.20,52.0,52.50,46,45,30.0,5.5
"13875",53,14,0,4814.37,4814.37,51.2,51.46,159,157,0.0,0.0
"13876",63,1,0,122.70,122.70,NULL,NULL,7,7,0.0,0.0
"13877",85,3,2,449.68,446.33,301.0,301.60,23,23,40.0,8.0
"13878",54,4,0,2416.90,2416.90,182.7,183.31,93,92,0.0,0.0
"13879",645,1,0,395.50,395.50,NULL,NULL,25,25,0.0,0.0
"13880",20,17,0,4293.86,4293.86,33.4,33.81,148,148,0.0,0.0
"13881",3,43,8,45179.10,44392.50,14.9,15.28,182,176,15.7,2.1
"13882",2,5,1,1191.13,1131.28,14.8,15.46,54,53,16.7,1.5
"13883",0,14,11,6535.37,6321.59,48.7,49.15,199,196,44.0,5.7
"13884",6,10,4,1825.03,1788.93,51.0,51.43,108,106,28.6,2.2
"13885",188,2,0,506.80,506.80,11.0,11.26,28,28,0.0,0.0
"13886",70,1,0,243.56,243.56,NULL,NULL,16,16,0.0,0.0
"13887",203,1,0,349.55,349.55,NULL,NULL,19,18,0.0,0.0
"13888",119,7,0,2001.59,2001.59,75.5,75.99,124,122,0.0,0.0
"13889",92,6,2,1991.23,1855.73,118.2,118.76,57,53,25.0,7.8
"13890",0,14,8,2927.38,2858.73,55.8,56.31,100,98,36.4,5.5
"13891",377,3,0,859.21,859.21,101.5,102.00,97,93,0.0,0.0
"13892",26,6,0,1267.65,1267.65,109.4,109.81,33,33,0.0,0.0
"13893",297,1,0,821.10,821.10,NULL,NULL,21,18,0.0,0.0
"13894",21,3,2,564.62,535.97,143.0,143.43,25,24,40.0,10.0
"13895",20,6,2,4008.52,3923.62,141.0,141.63,154,152,25.0,1.1
"13896",625,1,0,388.55,388.55,NULL,NULL,21,16,0.0,0.0
"13897",49,3,0,1160.72,1160.72,313.0,313.51,58,58,0.0,0.0
"13898",325,2,0,686.40,686.40,85.0,85.78,43,42,0.0,0.0
"13899",15,2,0,388.52,388.52,258.0,258.17,19,19,0.0,0.0
"13900",182,6,1,1610.59,1608.09,88.0,88.25,80,80,14.3,1.0
"13901",71,15,5,5676.34,5599.34,44.9,45.09,280,266,25.0,2.5
"13902",631,5,2,34023.26,30375.26,22.5,23.03,57,52,28.6,4.6
"13903",399,1,0,165.45,165.45,NULL,NULL,10,10,0.0,0.0
"13904",36,2,0,332.64,332.64,257.0,257.10,24,24,0.0,0.0
"13905",570,1,2,312.65,244.45,NULL,NULL,12,12,66.7,20.0
"13906",408,1,0,42.00,42.00,NULL,NULL,1,1,0.0,0.0
"13907",691,1,0,136.80,136.80,NULL,NULL,4,4,0.0,0.0
"13908",79,4,1,2319.55,2297.05,65.3,65.66,103,102,20.0,3.2
"13909",422,2,0,282.85,282.85,98.0,98.02,35,30,0.0,0.0
"13911",56,20,2,4234.99,4200.04,30.6,31.10,178,171,9.1,1.7
"13912",423,1,0,124.95,124.95,NULL,NULL,7,6,0.0,0.0
"13913",506,1,0,42.22,42.22,NULL,NULL,3,3,0.0,0.0
"13914",3,2,1,626.45,613.95,24.0,24.75,28,28,33.3,2.9
"13915",393,1,1,70.80,31.20,NULL,NULL,2,2,50.0,50.0
"13916",463,4,1,1275.81,1260.51,70.3,70.67,72,72,20.0,1.3
"13917",49,2,0,272.04,272.04,141.0,141.88,16,16,0.0,0.0
"13918",49,2,0,1212.84,1212.84,203.0,203.76,30,30,0.0,0.0
"13919",52,4,1,1252.68,1218.03,160.0,160.40,64,59,20.0,6.4
"13920",431,4,1,1774.68,1734.88,43.0,43.62,81,75,20.0,2.3
"13921",398,4,1,730.70,720.75,105.7,106.39,36,36,20.0,2.2
"13922",351,3,2,865.20,826.65,57.5,57.92,30,30,40.0,6.3
"13923",53,1,0,351.13,351.13,NULL,NULL,20,20,0.0,0.0
"13924",1,6,5,1838.85,1682.08,13.4,14.15,90,90,45.5,14.6
"13925",35,4,2,678.25,616.65,14.0,14.01,28,28,33.3,8.9
"13926",22,1,0,223.85,223.85,NULL,NULL,11,11,0.0,0.0
"13927",74,2,1,708.26,689.96,362.0,362.83,37,35,33.3,6.8
"13928",10,4,0,464.57,464.57,40.3,40.92,23,22,0.0,0.0
"13929",168,11,3,3494.10,3318.10,52.3,52.53,38,37,21.4,5.0
"13930",57,2,0,337.34,337.34,78.0,78.95,15,15,0.0,0.0
"13931",85,11,1,5257.38,5250.78,63.7,64.10,205,195,8.3,0.4
"13932",294,1,0,307.40,307.40,NULL,NULL,16,16,0.0,0.0
"13933",108,2,0,608.79,608.79,39.0,39.02,23,23,0.0,0.0
"13934",263,1,0,922.10,922.10,NULL,NULL,31,31,0.0,0.0
"13935",596,3,0,6116.92,6116.92,27.5,27.90,67,66,0.0,0.0
"13936",170,3,1,939.66,924.36,116.5,117.38,56,54,25.0,1.7
"13937",168,2,1,880.13,867.38,233.0,233.17,54,52,33.3,1.8
"13938",34,1,0,71.66,71.66,NULL,NULL,7,7,0.0,0.0
"13939",22,7,3,1560.96,1533.66,97.8,98.17,91,85,30.0,2.7
"13940",16,4,0,839.14,839.14,41.7,42.32,39,39,0.0,0.0
"13941",21,15,2,10027.18,9826.63,49.6,50.12,42,41,11.8,2.1
"13942",534,1,0,320.00,320.00,NULL,NULL,1,1,0.0,0.0
"13943",577,1,0,246.54,246.54,NULL,NULL,15,14,0.0,0.0
"13944",652,1,0,200.43,200.43,NULL,NULL,35,35,0.0,0.0
"13945",394,2,0,854.15,854.15,85.0,85.00,49,49,0.0,0.0
"13946",78,6,1,1876.23,1745.43,130.8,131.22,49,48,14.3,1.8
"13947",64,1,0,90.60,90.60,NULL,NULL,5,5,0.0,0.0
"13948",360,4,1,548.76,536.86,124.7,124.97,23,23,20.0,4.0
"13949",2,6,0,2427.32,2427.32,17.8,18.38,124,123,0.0,0.0
"13950",10,4,1,745.06,728.56,78.0,78.38,33,33,20.0,2.8
"13951",175,3,0,674.45,674.45,58.5,59.03,38,37,0.0,0.0
"13952",210,14,3,12823.52,12790.89,38.4,38.92,237,227,17.6,1.0
"13953",6,12,0,6640.68,6640.68,65.1,65.56,8,6,0.0,0.0
"13954",1,2,1,439.92,378.59,69.0,69.08,24,24,33.3,16.7
"13955",153,3,0,544.07,544.07,110.0,110.49,82,82,0.0,0.0
"13956",4,5,0,1019.27,1019.27,66.0,66.51,123,118,0.0,0.0
"13957",417,3,0,458.25,458.25,120.0,120.49,21,21,0.0,0.0
"13958",371,8,4,4709.23,4504.78,50.3,50.70,172,170,33.3,7.3
"13959",78,6,0,1064.77,1064.77,85.8,86.40,120,115,0.0,0.0
"13960",20,2,0,230.22,230.22,50.0,50.12,11,11,0.0,0.0
"13961",384,1,1,538.40,498.70,NULL,NULL,19,18,50.0,9.5
"13962",21,3,0,362.80,362.80,206.5,206.96,23,23,0.0,0.0
"13963",307,17,1,2860.57,2748.32,17.6,18.06,129,127,5.6,2.4
"13964",386,2,1,438.90,421.90,43.0,43.05,22,22,33.3,4.0
"13965",454,3,2,996.61,777.66,113.0,113.40,23,23,40.0,14.3
"13966",434,1,0,384.26,384.26,NULL,NULL,21,21,0.0,0.0
"13967",145,2,0,166.30,166.30,250.0,250.94,4,4,0.0,0.0
"13968",422,1,0,123.66,123.66,NULL,NULL,8,8,0.0,0.0
"13969",6,35,4,12973.46,12820.36,17.7,18.15,472,463,10.3,0.8
"13970",385,2,0,846.55,846.55,51.0,51.06,10,8,0.0,0.0
"13971",8,14,4,4667.57,4593.83,50.7,51.08,184,176,22.2,3.8
"13972",70,2,0,190.25,190.25,131.0,131.01,15,15,0.0,0.0
"13973",286,1,0,264.70,264.70,NULL,NULL,11,11,0.0,0.0
"13974",48,2,2,677.72,663.52,532.0,532.87,43,42,50.0,4.4
"13975",30,12,2,5256.40,5224.85,58.0,58.55,434,418,14.3,0.4
"13976",206,4,0,1192.36,1192.36,153.3,153.95,49,47,0.0,0.0
"13977",410,1,0,519.81,519.81,NULL,NULL,13,11,0.0,0.0
"13978",14,2,0,196.79,196.79,30.0,30.86,14,14,0.0,0.0
"13979",72,7,4,3373.63,3284.23,110.0,110.52,355,337,36.4,1.5
"13980",59,5,4,768.82,722.02,148.5,148.99,57,57,44.4,6.0
"13981",400,1,1,331.14,327.39,NULL,NULL,22,22,50.0,4.3
"13982",38,9,4,3954.29,3927.49,80.6,81.14,123,123,30.8,5.1
"13983",29,21,9,6753.89,6638.85,34.5,35.04,238,237,30.0,5.2
"13984",26,12,1,1893.80,1461.32,63.6,64.18,53,52,7.7,1.1
"13985",3,22,2,10020.86,9982.31,31.1,31.63,149,145,8.3,0.6
"13986",16,1,0,320.46,320.46,NULL,NULL,12,12,0.0,0.0
"13987",379,2,0,682.54,682.54,21.0,21.02,46,45,0.0,0.0
"13988",19,8,3,4757.80,4708.64,85.9,86.57,218,215,27.3,1.7
"13989",65,5,0,2026.06,2026.06,124.3,124.47,61,59,0.0,0.0
"13990",212,1,0,311.30,311.30,NULL,NULL,16,16,0.0,0.0
"13991",11,6,1,851.88,846.54,25.8,26.23,57,57,14.3,2.4
"13992",29,3,0,219.50,219.50,215.5,216.46,10,10,0.0,0.0
"13993",31,19,5,6775.71,6690.36,38.1,38.55,110,108,20.8,2.2
"13994",3,6,0,2274.14,2274.14,28.2,28.94,122,120,0.0,0.0
"13995",14,14,4,3902.01,3836.26,53.9,54.31,146,145,22.2,3.4
"13996",385,2,0,845.76,845.76,13.0,13.06,28,28,0.0,0.0
"13997",518,3,0,376.46,376.46,15.5,15.51,36,33,0.0,0.0
"13998",446,3,0,566.70,566.70,64.5,64.94,30,30,0.0,0.0
"13999",9,29,7,9502.26,9438.01,25.4,25.86,174,170,19.4,1.9
"14000",205,5,3,2046.34,1877.59,131.3,131.57,28,22,37.5,5.8
"14001",45,9,0,4228.85,4228.85,55.6,55.99,60,59,0.0,0.0
"14002",133,2,0,529.73,529.73,22.0,22.04,47,45,0.0,0.0
"14003",732,1,0,209.41,209.41,NULL,NULL,16,16,0.0,0.0
"14004",42,11,0,6258.45,6258.45,38.9,39.22,127,127,0.0,0.0
"14005",9,5,0,2874.72,2874.72,51.3,51.52,53,53,0.0,0.0
"14006",115,7,0,2196.67,2196.67,89.2,89.50,55,52,0.0,0.0
"14007",512,1,0,79.48,79.48,NULL,NULL,5,5,0.0,0.0
"14008",374,1,1,509.04,493.74,NULL,NULL,32,31,50.0,3.0
"14009",197,3,1,1099.91,1090.23,132.0,132.08,71,69,25.0,2.6
"14010",564,2,1,445.15,288.10,0.0,0.01,20,19,33.3,14.3
"14011",479,2,1,457.82,451.92,127.0,127.08,32,32,33.3,3.0
"14012",277,1,0,328.80,328.80,NULL,NULL,11,10,0.0,0.0
"14013",109,5,1,1084.57,1006.22,128.0,128.30,56,55,16.7,5.6
"14014",76,3,0,1948.21,1948.21,249.0,249.59,76,73,0.0,0.0
"14015",52,1,0,917.34,917.34,NULL,NULL,20,20,0.0,0.0
"14016",153,11,2,11303.41,11279.71,53.4,53.89,353,335,15.4,0.4
"14017",570,1,0,229.75,229.75,NULL,NULL,14,14,0.0,0.0
"14018",644,1,0,367.15,367.15,NULL,NULL,13,13,0.0,0.0
"14019",46,3,1,1421.61,1398.96,45.0,45.89,37,37,25.0,2.9
"14020",16,4,1,1249.01,1213.26,170.3,170.92,63,63,20.0,5.3
"14021",154,7,0,1716.58,1716.58,72.3,72.86,84,84,0.0,0.0
"14022",224,2,0,792.15,792.15,261.0,261.21,45,44,0.0,0.0
"14023",6,2,0,584.07,584.07,242.0,242.92,30,30,0.0,0.0
"14024",121,3,0,645.74,645.74,134.0,134.51,33,32,0.0,0.0
"14025",464,8,2,4057.90,3969.10,16.6,17.00,60,59,20.0,2.0
"14026",470,2,0,713.11,713.11,154.0,154.85,43,40,0.0,0.0
"14027",60,1,0,104.82,104.82,NULL,NULL,6,6,0.0,0.0
"14028",549,3,1,10396.50,6786.00,0.0,0.03,3,3,25.0,25.0
"14029",62,2,0,467.66,467.66,80.0,80.91,15,14,0.0,0.0
"14030",17,20,2,7521.80,7405.10,36.9,37.42,591,568,9.1,0.5
"14031",6,44,10,39019.51,36112.53,16.5,16.96,280,267,18.5,2.8
"14032",1,16,9,4546.41,4482.21,47.7,48.21,79,78,36.0,4.6
"14033",554,1,0,109.44,109.44,NULL,NULL,1,1,0.0,0.0
"14034",21,3,1,648.89,509.09,67.5,67.52,82,80,25.0,3.4
"14035",28,9,2,2794.75,2790.50,72.4,72.99,70,67,18.2,2.0
"14036",284,1,0,626.65,626.65,NULL,NULL,38,38,0.0,0.0
"14037",175,6,1,836.95,755.95,110.6,111.22,96,92,14.3,0.9
"14038",77,5,3,3069.88,3000.93,148.3,148.80,99,94,37.5,4.2
"14039",32,2,0,267.28,267.28,542.0,542.15,10,10,0.0,0.0
"14040",40,35,6,12523.81,12340.13,20.1,20.53,335,318,14.6,1.6
"14041",265,1,0,141.41,141.41,NULL,NULL,21,20,0.0,0.0
"14042",724,1,0,431.98,431.98,NULL,NULL,21,19,0.0,0.0
"14043",490,2,1,302.60,299.65,238.0,238.10,37,34,33.3,2.4
"14044",26,10,1,3073.95,3057.00,72.6,73.10,532,511,9.1,0.1
"14045",108,16,3,10986.63,9334.23,38.9,39.41,16,16,15.8,9.5
"14046",283,1,0,151.59,151.59,NULL,NULL,13,10,0.0,0.0
"14047",8,14,5,3968.11,3881.11,51.0,51.39,91,91,26.3,3.8
"14048",276,3,1,748.69,713.89,38.5,38.52,126,121,25.0,2.1
"14049",16,13,5,13023.40,12848.40,49.7,50.07,573,550,27.8,2.4
"14050",31,2,0,746.36,746.36,74.0,74.84,49,49,0.0,0.0
"14051",0,37,5,21770.98,21441.48,19.9,20.44,82,79,11.9,3.0
"14052",19,2,0,466.66,466.66,371.0,371.04,115,115,0.0,0.0
"14053",123,4,0,572.30,572.30,120.3,120.71,3,3,0.0,0.0
"14054",64,1,0,92.46,92.46,NULL,NULL,6,6,0.0,0.0
"14055",105,3,0,1520.96,1520.96,308.0,308.50,33,29,0.0,0.0
"14056",0,23,6,8152.71,8063.30,12.3,12.86,320,318,20.7,1.9
"14057",23,22,1,8346.66,8276.10,33.4,33.95,244,243,4.3,1.5
"14058",462,2,0,469.19,469.19,67.0,67.92,23,23,0.0,0.0
"14059",266,1,0,183.60,183.60,NULL,NULL,8,8,0.0,0.0
"14060",4,30,2,8898.24,8882.30,21.4,21.87,100,100,6.3,0.8
"14061",506,3,0,917.43,917.43,114.5,115.49,17,12,0.0,0.0
"14062",9,24,3,25585.65,25416.28,30.9,31.30,141,131,11.1,1.4
"14063",686,7,0,9471.50,9471.50,7.0,7.48,29,24,0.0,0.0
"14064",28,15,6,3260.24,2967.57,46.6,47.00,131,129,28.6,3.3
"14065",388,3,1,891.02,889.37,21.0,21.09,42,42,25.0,2.0
"14066",266,1,0,152.55,152.55,NULL,NULL,7,7,0.0,0.0
"14067",63,2,0,374.70,374.70,32.0,32.93,51,50,0.0,0.0
"14068",319,4,1,1516.72,1493.32,118.7,119.08,93,90,20.0,0.9
"14069",514,2,0,225.81,225.81,46.0,46.99,37,32,0.0,0.0
"14070",684,1,0,321.60,321.60,NULL,NULL,40,40,0.0,0.0
"14071",3,8,1,1422.75,1291.34,37.0,37.29,270,260,11.1,2.7
"14072",666,1,0,390.85,390.85,NULL,NULL,19,18,0.0,0.0
"14073",20,1,1,151.04,139.54,NULL,NULL,13,13,50.0,7.1
"14074",622,1,0,219.40,219.40,NULL,NULL,6,6,0.0,0.0
"14075",4,5,0,1724.87,1724.87,115.8,116.45,58,58,0.0,0.0
"14076",128,1,0,118.67,118.67,NULL,NULL,43,43,0.0,0.0
"14077",40,6,0,615.08,615.08,70.2,70.97,43,42,0.0,0.0
"14078",101,9,0,1551.82,1551.82,64.5,64.99,106,103,0.0,0.0
"14079",124,1,0,375.10,375.10,NULL,NULL,12,12,0.0,0.0
"14080",32,5,1,1115.68,1075.73,175.5,176.21,74,71,16.7,1.2
"14081",266,10,6,4867.57,4747.52,47.2,47.43,465,435,37.5,1.1
"14082",364,2,0,413.36,413.36,27.0,27.97,48,48,0.0,0.0
"14083",3,11,0,1082.19,1082.19,71.3,71.71,169,164,0.0,0.0
"14084",511,1,0,150.50,150.50,NULL,NULL,7,7,0.0,0.0
"14085",1,32,1,9705.67,9692.92,23.1,23.52,478,449,3.0,0.1
"14086",462,1,0,39.95,39.95,NULL,NULL,1,1,0.0,0.0
"14087",2,3,2,829.47,786.72,366.0,366.44,175,164,40.0,0.9
"14088",9,16,2,64036.80,63731.63,26.9,27.39,436,417,11.1,0.3
"14089",56,1,0,158.75,158.75,NULL,NULL,13,13,0.0,0.0
"14090",324,1,0,76.32,76.32,NULL,NULL,1,1,0.0,0.0
"14091",653,2,0,9530.08,9530.08,44.0,44.07,13,13,0.0,0.0
"14092",7,24,3,7229.45,7215.64,30.7,31.12,169,167,11.1,0.8
"14093",11,1,0,433.86,433.86,NULL,NULL,95,95,0.0,0.0
"14094",439,1,1,311.77,310.82,NULL,NULL,41,41,50.0,2.3
"14095",722,1,0,2.95,2.95,NULL,NULL,1,1,0.0,0.0
"14096",3,17,0,53258.43,53258.43,5.6,6.08,1118,1073,0.0,0.0
"14097",480,2,0,422.86,422.86,164.0,164.15,39,38,0.0,0.0
"14098",36,1,0,147.35,147.35,NULL,NULL,21,21,0.0,0.0
"14099",15,20,2,5750.91,5685.71,37.1,37.53,273,257,9.1,1.0
"14100",137,1,0,191.95,191.95,NULL,NULL,24,24,0.0,0.0
"14101",73,13,1,9961.93,9942.13,45.1,45.66,19,19,7.1,1.1
"14102",4,5,3,1105.88,1060.33,9.3,9.78,35,35,37.5,7.9
"14104",154,5,0,740.53,740.53,100.8,101.47,116,110,0.0,0.0
"14105",84,5,4,5988.83,5703.98,120.0,120.51,200,193,44.4,4.8
"14106",736,1,0,214.80,214.80,NULL,NULL,1,1,0.0,0.0
"14107",51,11,2,4877.30,4853.70,67.4,67.89,102,100,15.4,1.3
"14108",30,4,1,1044.96,1041.21,235.0,235.90,49,48,20.0,1.8
"14109",22,1,1,144.20,80.20,NULL,NULL,9,9,50.0,35.7
"14110",3,33,2,12987.95,12959.60,22.6,22.97,177,168,5.7,0.5
"14111",13,4,1,692.85,688.60,75.3,75.70,10,10,20.0,9.1
"14112",22,13,14,5834.59,5524.51,52.3,52.66,199,196,51.9,8.9
"14113",3,16,15,7092.61,6156.75,48.1,48.55,76,75,48.4,15.9
"14114",273,7,0,1364.09,1364.09,54.8,55.49,72,72,0.0,0.0
"14115",501,2,0,622.67,622.67,165.0,165.04,22,22,0.0,0.0
"14116",19,5,0,1382.74,1382.74,25.0,25.48,61,58,0.0,0.0
"14117",143,1,0,90.00,90.00,NULL,NULL,3,3,0.0,0.0
"14118",428,1,0,458.45,458.45,NULL,NULL,15,14,0.0,0.0
"14119",353,2,1,183.37,163.47,342.0,342.82,11,11,33.3,8.3
"14121",3,4,2,2780.15,2740.30,18.0,18.69,148,146,33.3,1.2
"14122",394,3,2,362.42,309.77,165.0,165.52,12,12,40.0,18.8
"14123",732,1,0,436.18,436.18,NULL,NULL,24,24,0.0,0.0
"14124",83,1,0,419.58,419.58,NULL,NULL,4,4,0.0,0.0
"14125",10,3,0,2720.63,2720.63,33.5,33.94,159,159,0.0,0.0
"14126",7,4,1,1172.46,1109.96,145.0,145.62,37,36,20.0,2.3
"14127",122,6,0,1900.08,1900.08,59.8,60.59,96,91,0.0,0.0
"14128",60,3,1,924.21,909.36,245.0,245.46,50,50,25.0,1.5
"14129",1,9,0,2591.34,2591.34,71.8,72.23,40,40,0.0,0.0
"14130",318,4,0,1858.77,1858.77,135.7,136.33,189,180,0.0,0.0
"14131",648,1,0,168.22,168.22,NULL,NULL,45,45,0.0,0.0
"14132",1,11,1,3586.03,3580.13,17.7,18.11,100,100,8.3,0.5
"14133",129,4,2,911.14,895.84,201.0,201.33,33,33,33.3,5.3
"14134",382,15,0,11123.35,11123.35,24.4,24.79,130,129,0.0,0.0
"14135",1,24,1,8839.67,8800.80,31.6,32.00,138,131,4.0,0.5
"14136",400,5,2,1570.81,1553.96,82.5,82.78,86,85,28.6,1.9
"14137",681,1,1,332.70,294.10,NULL,NULL,11,10,50.0,21.4
"14138",1,2,0,965.88,965.88,62.0,62.13,40,40,0.0,0.0
"14139",45,4,0,1086.80,1086.80,165.0,165.39,48,48,0.0,0.0
"14140",3,2,1,935.05,920.05,27.0,27.91,60,60,33.3,1.5
"14141",2,4,2,915.13,879.03,33.7,34.27,27,27,33.3,13.0
"14142",372,2,2,671.34,655.94,273.0,273.06,42,41,50.0,8.3
"14143",133,1,0,115.80,115.80,NULL,NULL,7,7,0.0,0.0
"14144",485,1,0,30.60,30.60,NULL,NULL,1,1,0.0,0.0
"14145",46,7,1,7600.05,7006.05,93.5,94.02,11,5,12.5,3.8
"14146",8,12,1,9450.30,8208.87,62.1,62.43,337,332,7.7,7.1
"14147",48,9,3,2590.20,2019.30,69.9,70.27,24,24,25.0,9.1
"14148",233,2,0,466.29,466.29,180.0,180.91,15,15,0.0,0.0
"14149",212,1,2,446.62,259.43,NULL,NULL,28,25,66.7,30.0
"14150",35,2,0,658.64,658.64,324.0,324.00,23,23,0.0,0.0
"14151",672,2,1,679.45,666.70,43.0,43.20,44,40,33.3,2.2
"14152",74,7,2,1997.34,1975.44,96.8,97.33,104,101,22.2,1.5
"14153",482,1,0,233.40,233.40,NULL,NULL,17,17,0.0,0.0
"14154",238,8,2,6460.70,6263.60,64.9,65.16,236,232,20.0,0.7
"14155",265,1,0,118.75,118.75,NULL,NULL,6,4,0.0,0.0
"14156",9,144,38,303069.88,297775.01,4.7,5.10,1443,1368,20.9,1.8
"14157",19,5,1,978.69,946.24,155.8,156.69,75,75,16.7,1.2
"14158",39,1,0,507.66,507.66,NULL,NULL,41,41,0.0,0.0
"14159",19,20,5,7849.58,7526.62,37.3,37.74,705,654,20.0,0.5
"14160",609,7,0,8421.47,8421.47,14.5,14.68,80,75,0.0,0.0
"14161",215,7,0,2996.93,2996.93,84.5,85.17,202,194,0.0,0.0
"14162",173,2,0,289.36,289.36,118.0,118.96,25,25,0.0,0.0
"14163",86,5,0,2594.62,2594.62,93.3,93.73,42,39,0.0,0.0
"14164",70,2,0,1631.77,1631.77,10.0,10.00,28,28,0.0,0.0
"14165",275,1,0,120.44,120.44,NULL,NULL,23,22,0.0,0.0
"14166",504,2,0,251.15,251.15,121.0,121.19,39,36,0.0,0.0
"14167",38,8,0,1274.29,1274.29,91.0,91.70,48,41,0.0,0.0
"14168",420,2,1,370.45,305.90,143.0,143.93,11,11,33.3,11.8
"14169",430,2,0,613.11,613.11,13.0,13.80,49,48,0.0,0.0
"14170",374,3,0,570.18,570.18,9.0,9.98,123,121,0.0,0.0
"14171",97,2,0,498.79,498.79,632.0,632.12,61,58,0.0,0.0
"14172",604,3,1,369.02,356.27,18.5,18.55,38,32,25.0,2.2
"14173",10,6,1,586.00,566.95,143.6,143.99,30,30,14.3,2.9
"14174",32,1,0,134.46,134.46,NULL,NULL,26,25,0.0,0.0
"14175",50,8,9,7678.88,7350.44,80.6,81.15,237,232,52.9,10.3
"14176",296,5,1,756.46,753.56,20.5,21.00,33,32,16.7,2.6
"14177",84,13,1,2209.69,2204.74,46.9,47.09,141,136,7.1,0.5
"14178",8,7,0,1580.26,1580.26,28.5,28.99,190,189,0.0,0.0
"14179",40,2,0,701.57,701.57,11.0,11.92,135,133,0.0,0.0
"14180",10,33,9,6117.50,5909.00,16.4,16.81,125,118,21.4,3.7
"14181",410,2,0,308.35,308.35,151.0,151.83,48,41,0.0,0.0
"14182",443,4,1,678.77,660.07,50.7,50.95,42,41,20.0,3.8
"14183",410,2,0,278.34,278.34,69.0,69.96,27,24,0.0,0.0
"14184",66,1,0,452.89,452.89,NULL,NULL,24,24,0.0,0.0
"14185",330,1,0,197.65,197.65,NULL,NULL,3,3,0.0,0.0
"14186",426,5,0,1550.63,1550.63,53.8,54.27,75,74,0.0,0.0
"14187",473,1,0,123.50,123.50,NULL,NULL,8,8,0.0,0.0
"14188",8,6,4,2054.36,2018.91,55.4,55.99,34,34,40.0,8.5
"14189",1,16,9,5503.15,5453.38,25.2,25.75,199,197,36.0,3.8
"14190",665,1,0,79.90,79.90,NULL,NULL,1,1,0.0,0.0
"14191",1,15,2,4817.66,4713.41,51.5,51.92,147,139,11.8,2.2
"14192",387,1,0,293.74,293.74,NULL,NULL,14,14,0.0,0.0
"14193",67,3,0,1210.19,1210.19,163.5,164.44,49,40,0.0,0.0
"14194",4,36,18,18670.59,18442.87,19.7,19.94,432,426,33.3,3.4
"14195",201,6,4,2615.60,2401.40,86.2,86.54,10,10,40.0,23.8
"14196",106,1,0,335.52,335.52,NULL,NULL,6,6,0.0,0.0
"14197",410,1,0,390.05,390.05,NULL,NULL,20,20,0.0,0.0
"14198",3,9,4,1569.73,1527.58,85.4,85.66,58,56,30.8,6.2
"14199",217,4,2,1091.70,916.50,103.7,104.02,15,15,33.3,10.0
"14200",616,1,0,379.20,379.20,NULL,NULL,21,21,0.0,0.0
"14201",59,10,2,1193.54,1134.14,58.2,58.67,47,47,16.7,3.5
"14202",380,3,0,847.76,847.76,121.5,121.64,27,27,0.0,0.0
"14203",396,1,0,339.34,339.34,NULL,NULL,16,16,0.0,0.0
"14204",1,4,0,1024.83,1024.83,244.7,245.00,186,169,0.0,0.0
"14205",16,9,2,2414.20,2156.30,77.8,78.24,79,78,18.2,11.5
"14206",238,3,2,1185.01,1145.21,81.0,81.60,62,62,40.0,2.7
"14207",687,1,0,157.80,157.80,NULL,NULL,2,2,0.0,0.0
"14208",94,2,0,567.05,567.05,456.0,456.98,34,34,0.0,0.0
"14209",10,15,4,4993.27,4937.37,47.7,48.29,133,130,21.1,2.5
"14210",90,16,5,5556.57,5509.37,39.3,39.81,143,136,23.8,2.2
"14211",52,18,8,4402.29,4301.69,39.4,39.82,155,153,30.8,5.1
"14212",89,2,0,2190.14,2190.14,356.0,356.04,18,18,0.0,0.0
"14213",371,1,1,1192.20,0.00,NULL,NULL,5,5,50.0,50.0
"14214",30,5,2,1004.38,1000.23,61.3,61.73,64,61,28.6,4.3
"14215",11,9,1,3250.33,3238.53,89.6,90.01,167,161,10.0,0.5
"14216",2,5,1,2150.04,2142.39,102.3,102.75,65,65,16.7,2.5
"14217",1,23,10,3298.59,3105.52,23.4,23.91,122,120,30.3,5.4
"14218",42,1,0,169.48,169.48,NULL,NULL,12,10,0.0,0.0
"14219",3,3,0,633.83,633.83,244.0,244.54,39,39,0.0,0.0
"14220",246,4,0,1515.00,1515.00,107.0,107.33,26,26,0.0,0.0
"14221",41,17,2,6517.49,6506.59,35.3,35.62,166,163,10.5,0.6
"14222",176,1,0,683.17,683.17,NULL,NULL,41,40,0.0,0.0
"14223",91,3,1,991.13,975.23,85.5,85.95,50,50,25.0,1.6
"14224",109,9,0,1841.71,1841.71,53.8,54.25,189,187,0.0,0.0
"14225",434,4,1,2031.07,2009.17,87.0,87.27,70,68,20.0,4.4
"14226",28,6,3,2985.13,2950.38,82.0,82.58,89,89,33.3,6.7
"14227",25,15,7,6366.16,6324.76,45.7,45.95,245,234,31.8,2.8
"14228",437,3,0,745.50,745.50,53.5,54.44,38,38,0.0,0.0
"14229",51,7,4,2594.04,2468.99,69.5,69.99,41,41,36.4,7.7
"14230",435,3,0,979.80,979.80,56.0,56.40,27,27,0.0,0.0
"14231",178,4,2,1235.62,1131.97,88.7,89.02,66,65,33.3,5.5
"14232",31,5,3,2048.07,2043.93,54.8,55.48,81,79,37.5,2.5
"14233",43,7,3,2904.27,2766.96,98.7,99.16,42,42,30.0,5.2
"14234",21,4,0,754.12,754.12,11.7,11.72,122,110,0.0,0.0
"14235",9,9,1,4717.99,4666.99,67.5,68.01,107,105,10.0,0.7
"14236",80,5,2,1555.34,1543.44,105.8,106.20,39,36,28.6,4.1
"14237",372,2,1,471.14,466.04,217.0,217.14,26,26,33.3,3.7
"14238",325,3,0,434.23,434.23,204.0,204.08,13,13,0.0,0.0
"14239",42,21,3,4263.17,4203.72,34.1,34.55,97,94,12.5,2.3
"14240",29,3,0,1247.49,1247.49,196.0,196.52,46,45,0.0,0.0
"14241",183,2,0,333.70,333.70,512.0,512.86,12,12,0.0,0.0
"14242",234,2,0,280.55,280.55,91.0,91.12,13,13,0.0,0.0
"14243",8,17,6,7217.75,7152.06,28.7,29.24,235,229,26.1,2.9
"14244",658,1,1,366.42,354.82,NULL,NULL,16,15,50.0,20.0
"14245",175,2,3,1693.45,1677.48,43.0,43.92,107,105,60.0,3.6
"14246",110,3,0,1474.06,1474.06,67.5,67.57,57,57,0.0,0.0
"14247",277,5,1,753.56,750.61,67.8,68.25,82,81,16.7,0.9
"14248",317,3,0,1032.95,1032.95,98.0,98.51,41,41,0.0,0.0
"14249",410,12,0,5400.46,5400.46,24.2,24.45,177,166,0.0,0.0
"14250",6,3,0,1904.05,1904.05,41.0,41.02,94,94,0.0,0.0
"14251",1,5,0,2879.70,2879.70,13.5,13.96,37,37,0.0,0.0
"14252",380,1,0,350.99,350.99,NULL,NULL,10,10,0.0,0.0
"14253",492,2,0,363.40,363.40,129.0,129.99,11,11,0.0,0.0
"14254",432,1,0,601.03,601.03,NULL,NULL,23,19,0.0,0.0
"14256",253,5,4,2460.79,2384.14,108.3,108.53,100,99,44.4,3.6
"14257",50,9,1,5954.45,5942.00,72.5,73.01,167,161,10.0,0.4
"14258",8,25,7,32051.34,31027.35,29.8,30.26,97,88,21.9,3.5
"14259",141,1,0,120.00,120.00,NULL,NULL,5,5,0.0,0.0
"14260",470,3,0,824.28,824.28,38.5,38.57,50,50,0.0,0.0
"14261",50,2,0,1163.45,1163.45,27.0,27.97,52,51,0.0,0.0
"14262",7,8,0,2618.23,2618.23,32.7,33.15,87,87,0.0,0.0
"14263",422,1,0,322.93,322.93,NULL,NULL,16,16,0.0,0.0
"14264",154,6,2,1517.36,1475.86,91.0,91.37,59,59,25.0,3.7
"14265",108,4,0,1373.35,1373.35,167.0,167.65,74,71,0.0,0.0
"14266",427,1,0,40.56,40.56,NULL,NULL,1,1,0.0,0.0
"14267",150,3,6,1516.24,1259.19,48.5,48.97,25,25,66.7,19.1
"14268",470,1,0,354.85,354.85,NULL,NULL,19,18,0.0,0.0
"14269",434,1,1,295.73,261.68,NULL,NULL,16,16,50.0,20.0
"14270",331,1,0,492.65,492.65,NULL,NULL,29,29,0.0,0.0
"14271",225,2,0,214.18,214.18,183.0,183.82,38,35,0.0,0.0
"14272",73,4,0,920.81,920.81,169.0,169.61,62,60,0.0,0.0
"14273",50,4,0,559.97,559.97,63.0,63.67,22,21,0.0,0.0
"14274",685,1,0,256.60,256.60,NULL,NULL,15,15,0.0,0.0
"14275",395,6,0,1189.38,1189.38,42.0,42.37,14,14,0.0,0.0
"14276",87,7,5,2102.68,1933.73,93.2,93.64,75,73,41.7,15.4
"14277",14,8,5,16789.16,3959.82,101.1,101.57,332,312,38.5,18.3
"14278",409,1,0,205.83,205.83,NULL,NULL,13,13,0.0,0.0
"14279",520,2,0,191.86,191.86,160.0,160.67,3,3,0.0,0.0
"14280",196,1,0,134.04,134.04,NULL,NULL,8,8,0.0,0.0
"14281",407,1,0,245.15,245.15,NULL,NULL,7,7,0.0,0.0
"14282",2,25,1,7250.76,7245.76,27.0,27.47,100,86,3.8,0.4
"14283",462,4,0,628.44,628.44,35.3,35.37,36,35,0.0,0.0
"14284",30,3,1,1299.65,1282.85,311.0,311.42,59,56,25.0,2.9
"14285",20,8,0,3284.42,3284.42,100.9,101.43,48,46,0.0,0.0
"14286",23,7,5,8479.76,8396.70,118.5,118.68,270,258,41.7,2.2
"14287",7,3,1,176.63,156.23,95.0,95.04,9,9,25.0,10.0
"14288",211,1,1,426.60,413.85,NULL,NULL,16,16,50.0,5.9
"14289",8,6,0,911.26,911.26,55.6,56.19,33,33,0.0,0.0
"14290",10,8,6,4516.56,4221.43,102.3,102.87,120,117,42.9,11.7
"14291",1,23,2,7904.10,7844.40,32.9,33.14,241,240,8.0,0.6
"14292",7,16,11,9226.25,8887.90,41.2,41.54,120,119,40.7,6.8
"14293",2,9,1,2903.01,2809.41,90.1,90.77,88,83,10.0,0.8
"14294",406,1,0,375.34,375.34,NULL,NULL,23,23,0.0,0.0
"14295",39,4,3,2352.91,2309.06,229.3,230.04,65,63,42.9,4.1
"14296",413,2,1,456.40,448.45,152.0,152.99,27,26,33.3,3.6
"14297",17,4,1,1305.33,1290.48,85.3,85.67,48,48,20.0,1.6
"14298",2,82,2,91194.49,90489.31,8.6,8.89,1370,1255,2.4,0.1
"14299",7,27,14,14070.25,12620.28,27.7,28.05,164,160,34.1,7.7
"14300",18,1,0,43.20,43.20,NULL,NULL,3,3,0.0,0.0
"14301",107,4,3,1992.18,1956.23,183.0,183.03,37,36,42.9,11.7
"14302",430,3,0,742.90,742.90,153.0,153.50,25,24,0.0,0.0
"14303",406,2,0,277.94,277.94,27.0,27.21,21,21,0.0,0.0
"14304",222,3,2,1725.01,1523.81,173.5,174.02,69,69,40.0,11.1
"14305",70,3,2,1858.96,1803.76,31.5,32.03,96,94,40.0,4.5
"14306",50,6,1,3151.40,3141.50,124.6,125.20,43,43,14.3,4.2
"14307",88,10,1,4287.92,4279.97,70.9,71.54,205,202,9.1,0.4
"14309",7,11,1,3780.81,3747.96,53.6,54.21,125,120,8.3,3.1
"14310",432,1,0,492.10,492.10,NULL,NULL,22,22,0.0,0.0
"14311",224,2,1,516.45,435.90,324.0,324.99,31,30,33.3,18.4
"14312",46,11,0,3090.29,3090.29,45.2,45.78,148,147,0.0,0.0
"14314",106,2,1,229.80,221.90,324.0,324.11,10,10,33.3,9.1
"14315",20,8,2,3197.82,3168.72,83.7,84.28,83,80,20.0,2.9
"14316",421,5,1,1370.34,1355.34,51.5,52.01,21,19,16.7,3.1
"14317",64,1,0,508.58,508.58,NULL,NULL,24,24,0.0,0.0
"14318",459,1,0,158.02,158.02,NULL,NULL,9,9,0.0,0.0
"14319",423,1,1,494.85,476.95,NULL,NULL,26,26,50.0,3.7
"14320",206,5,2,1346.75,1204.12,120.0,120.23,68,67,28.6,12.9
"14321",10,7,1,2218.06,2198.58,76.5,77.14,162,158,12.5,1.1
"14322",426,4,2,474.10,384.30,76.7,76.76,10,10,33.3,23.5
"14323",114,2,2,605.06,574.26,123.0,124.00,32,32,50.0,12.2
"14324",409,2,0,701.61,701.61,283.0,283.93,41,41,0.0,0.0
"14325",569,1,0,245.48,245.48,NULL,NULL,18,18,0.0,0.0
"14326",234,3,1,940.98,923.98,145.0,145.06,54,54,25.0,1.7
"14327",162,6,0,1894.93,1894.93,106.8,107.40,99,97,0.0,0.0
"14329",8,15,13,9887.62,9695.92,50.0,50.43,349,342,46.4,3.3
"14330",623,1,0,200.63,200.63,NULL,NULL,13,13,0.0,0.0
"14331",123,2,0,462.66,462.66,10.0,10.92,27,27,0.0,0.0
"14332",22,5,0,1917.41,1917.41,98.0,98.49,47,47,0.0,0.0
"14333",63,1,1,415.20,351.45,NULL,NULL,15,15,50.0,21.1
"14334",16,12,2,4318.48,4292.98,49.5,50.18,148,142,14.3,0.8
"14335",15,2,0,454.86,454.86,80.0,80.02,55,53,0.0,0.0
"14336",16,4,0,1614.91,1614.91,85.7,86.60,77,76,0.0,0.0
"14338",157,3,2,928.10,894.10,187.5,187.58,43,43,40.0,5.7
"14339",234,2,3,620.27,604.48,186.0,186.09,21,21,60.0,11.5
"14340",218,1,0,134.70,134.70,NULL,NULL,6,6,0.0,0.0
"14341",44,18,2,4452.02,4428.17,40.5,40.77,185,182,10.0,0.7
"14342",20,6,3,918.44,843.74,89.8,90.20,27,27,33.3,8.3
"14343",420,4,0,1079.66,1079.66,89.0,89.62,193,177,0.0,0.0
"14344",126,20,0,2993.05,2993.05,25.7,26.26,140,135,0.0,0.0
"14345",38,1,0,108.98,108.98,NULL,NULL,6,6,0.0,0.0
"14346",120,5,0,2315.75,2315.75,93.8,94.24,123,117,0.0,0.0
"14347",736,1,0,82.60,82.60,NULL,NULL,6,6,0.0,0.0
"14348",259,1,0,409.57,409.57,NULL,NULL,18,18,0.0,0.0
"14349",9,1,0,133.50,133.50,NULL,NULL,31,31,0.0,0.0
"14350",270,3,1,972.03,947.80,77.5,77.97,55,51,25.0,4.8
"14351",164,1,0,51.00,51.00,NULL,NULL,1,1,0.0,0.0
"14352",156,4,0,1078.96,1078.96,38.3,38.68,44,43,0.0,0.0
"14353",214,3,0,376.50,376.50,108.0,108.07,18,18,0.0,0.0
"14354",5,2,0,163.62,163.62,24.0,24.83,9,9,0.0,0.0
"14355",365,3,0,840.05,840.05,130.5,130.94,57,56,0.0,0.0
"14356",59,2,2,701.23,666.94,1.0,1.77,33,33,50.0,13.2
"14357",42,1,0,225.12,225.12,NULL,NULL,39,39,0.0,0.0
"14358",388,2,0,400.06,400.06,38.0,38.93,21,21,0.0,0.0
"14359",18,3,3,912.18,882.58,33.5,34.09,44,44,50.0,5.2
"14360",31,4,0,2118.03,2118.03,20.7,20.96,104,104,0.0,0.0
"14361",578,1,0,214.71,214.71,NULL,NULL,14,13,0.0,0.0
"14362",21,1,0,151.50,151.50,NULL,NULL,37,37,0.0,0.0
"14363",401,2,0,227.47,227.47,49.0,49.10,8,8,0.0,0.0
"14364",108,8,0,3717.35,3717.35,14.1,14.70,61,60,0.0,0.0
"14365",394,2,0,634.68,634.68,287.0,287.01,50,49,0.0,0.0
"14366",524,1,0,136.00,136.00,NULL,NULL,1,1,0.0,0.0
"14367",7,16,3,9227.82,9134.12,17.5,17.86,270,264,15.8,1.7
"14368",319,1,0,155.00,155.00,NULL,NULL,8,8,0.0,0.0
"14369",641,2,0,469.13,469.13,19.0,19.22,24,21,0.0,0.0
"14370",450,6,3,1175.78,1092.13,44.8,45.22,37,36,33.3,10.2
"14371",294,1,0,100.50,100.50,NULL,NULL,4,4,0.0,0.0
"14372",442,2,1,860.08,830.18,156.0,156.01,36,36,33.3,2.6
"14373",357,1,0,76.55,76.55,NULL,NULL,4,4,0.0,0.0
"14374",540,1,0,108.00,108.00,NULL,NULL,7,7,0.0,0.0
"14375",184,3,0,1106.82,1106.82,177.5,177.98,176,164,0.0,0.0
"14376",682,1,0,215.46,215.46,NULL,NULL,17,16,0.0,0.0
"14377",190,2,0,617.05,617.05,70.0,71.00,11,11,0.0,0.0
"14378",621,1,0,131.25,131.25,NULL,NULL,9,9,0.0,0.0
"14379",43,4,0,1265.16,1265.16,145.0,145.35,93,88,0.0,0.0
"14381",51,2,0,625.94,625.94,399.0,399.04,104,99,0.0,0.0
"14382",25,2,1,1193.63,1187.68,363.0,363.99,227,211,33.3,0.4
"14383",37,3,0,1247.69,1247.69,62.5,62.62,49,49,0.0,0.0
"14384",500,1,0,58.50,58.50,NULL,NULL,3,3,0.0,0.0
"14385",8,3,0,202.11,202.11,7.0,7.08,13,13,0.0,0.0
"14386",296,1,0,142.40,142.40,NULL,NULL,7,7,0.0,0.0
"14387",32,3,0,1727.60,1727.60,37.5,38.46,125,119,0.0,0.0
"14388",8,16,4,6388.20,6289.95,44.7,45.20,184,182,20.0,3.0
"14389",8,5,6,1898.01,1821.07,130.8,131.25,48,46,54.5,26.3
"14390",9,13,5,6150.03,6079.48,34.2,34.58,197,188,27.8,1.5
"14391",576,1,0,135.60,135.60,NULL,NULL,14,14,0.0,0.0
"14392",431,1,0,266.40,266.40,NULL,NULL,14,14,0.0,0.0
"14393",217,1,0,67.95,67.95,NULL,NULL,5,5,0.0,0.0
"14394",564,1,0,93.80,93.80,NULL,NULL,6,6,0.0,0.0
"14395",1,20,4,7801.93,7754.73,31.1,31.48,320,308,16.7,0.6
"14396",64,7,0,1969.38,1969.38,111.7,112.01,202,196,0.0,0.0
"14397",0,19,4,2612.96,2556.68,11.3,11.72,18,18,17.4,8.4
"14398",400,2,0,707.79,707.79,126.0,126.08,50,44,0.0,0.0
"14399",393,8,1,2108.21,2093.21,39.6,40.00,119,116,11.1,1.5
"14400",140,3,2,1732.47,1703.00,241.0,241.08,71,70,40.0,5.2
"14401",3,22,3,6795.90,6703.40,33.8,34.33,171,149,12.0,1.5
"14402",651,1,0,285.60,285.60,NULL,NULL,8,8,0.0,0.0
"14403",129,6,3,1880.51,1822.76,101.2,101.79,20,20,33.3,24.2
"14404",33,13,2,2724.13,2625.13,56.8,57.16,123,122,13.3,1.1
"14405",386,1,0,195.00,195.00,NULL,NULL,2,1,0.0,0.0
"14406",118,1,0,156.75,156.75,NULL,NULL,8,8,0.0,0.0
"14407",106,5,3,2142.73,2096.08,42.0,42.27,66,66,37.5,4.0
"14408",10,11,0,4102.27,4102.27,71.8,72.20,63,62,0.0,0.0
"14409",70,9,1,3427.29,3276.09,61.5,62.01,76,73,10.0,1.0
"14410",15,11,6,2630.90,2119.08,34.0,34.50,306,289,35.3,19.1
"14411",310,1,0,1063.00,1063.00,NULL,NULL,14,14,0.0,0.0
"14412",34,3,1,1426.19,1417.49,190.5,190.96,75,71,25.0,2.3
"14413",361,3,0,421.72,421.72,163.0,163.48,92,92,0.0,0.0
"14414",91,8,1,2399.33,2387.48,40.0,40.44,99,90,11.1,0.8
"14415",0,23,9,11980.09,11803.62,32.3,32.82,445,435,28.1,3.1
"14416",21,2,0,490.22,490.22,20.0,20.01,13,13,0.0,0.0
"14417",387,1,0,524.65,524.65,NULL,NULL,106,105,0.0,0.0
"14418",3,3,0,1937.25,1937.25,51.5,52.38,114,114,0.0,0.0
"14419",10,7,0,1254.64,1254.64,61.3,62.00,118,117,0.0,0.0
"14420",84,4,3,1639.17,1627.72,197.0,197.41,85,85,42.9,4.1
"14421",56,6,1,2469.37,2456.62,126.2,126.82,72,69,14.3,1.0
"14422",0,19,2,10271.52,10200.92,39.6,40.11,317,304,9.5,0.5
"14423",217,3,1,916.61,914.96,237.5,238.07,12,12,25.0,6.3
"14424",17,1,0,322.08,322.08,NULL,NULL,1,1,0.0,0.0
"14425",426,3,2,661.39,635.89,151.0,151.48,35,34,40.0,4.9
"14426",18,17,10,11727.94,11103.97,38.4,38.87,452,433,37.0,7.2
"14427",49,4,0,1263.52,1263.52,193.3,193.73,43,43,0.0,0.0
"14428",6,5,2,1224.06,1209.37,79.0,79.46,108,108,28.6,2.8
"14429",403,1,0,516.28,516.28,NULL,NULL,22,22,0.0,0.0
"14430",511,3,2,1220.90,992.10,47.5,47.91,29,23,40.0,10.3
"14431",298,4,1,2614.20,2567.10,127.7,128.33,72,71,20.0,4.7
"14432",9,6,0,2248.50,2248.50,15.4,15.95,256,237,0.0,0.0
"14433",465,1,0,280.70,280.70,NULL,NULL,72,69,0.0,0.0
"14434",21,6,0,1372.80,1372.80,9.6,10.15,3,3,0.0,0.0
"14435",501,1,0,90.42,90.42,NULL,NULL,3,3,0.0,0.0
"14436",98,2,0,271.70,271.70,454.0,454.95,11,10,0.0,0.0
"14437",365,5,1,873.34,850.84,54.0,54.47,34,31,16.7,2.3
"14438",305,1,0,131.90,131.90,NULL,NULL,9,9,0.0,0.0
"14439",319,5,0,9443.04,9443.04,91.5,91.98,105,102,0.0,0.0
"14440",7,13,2,5982.03,5870.13,60.3,60.76,63,58,13.3,1.5
"14441",0,11,7,4611.69,4426.99,68.4,68.99,103,100,38.9,5.5
"14442",1,7,5,5367.02,5272.02,80.7,80.99,128,128,41.7,3.7
"14443",53,5,3,2082.97,2063.65,80.8,81.46,119,119,37.5,3.6
"14444",455,1,0,120.44,120.44,NULL,NULL,11,11,0.0,0.0
"14445",455,1,0,221.65,221.65,NULL,NULL,32,31,0.0,0.0
"14446",0,5,0,1195.48,1195.48,96.0,96.49,258,250,0.0,0.0
"14447",18,6,0,1711.73,1711.73,75.8,76.36,81,77,0.0,0.0
"14448",8,2,0,375.35,375.35,354.0,354.85,20,20,0.0,0.0
"14449",18,8,0,2230.96,2230.96,59.1,59.71,301,286,0.0,0.0
"14450",180,7,0,1128.44,1128.44,71.2,71.66,47,47,0.0,0.0
"14451",59,12,6,3258.68,3215.50,57.0,57.38,245,233,33.3,1.3
"14452",10,4,0,658.95,658.95,170.0,170.32,108,104,0.0,0.0
"14453",189,1,0,119.93,119.93,NULL,NULL,22,22,0.0,0.0
"14454",375,5,1,977.30,970.70,88.8,89.26,93,93,16.7,0.9
"14455",431,4,1,617.72,587.12,20.7,21.03,65,63,20.0,2.5
"14456",4,9,4,3014.32,3000.80,16.8,17.13,579,560,30.8,0.6
"14457",310,1,0,113.64,113.64,NULL,NULL,4,4,0.0,0.0
"14458",380,1,0,219.27,219.27,NULL,NULL,45,44,0.0,0.0
"14459",154,2,0,5375.74,5375.74,496.0,496.01,112,106,0.0,0.0
"14460",109,9,3,1093.50,919.60,76.3,76.73,33,30,25.0,12.5
"14461",147,13,1,6676.52,6660.62,44.8,45.18,514,486,7.1,0.2
"14462",63,12,3,2237.81,2204.69,32.8,33.28,181,178,20.0,1.8
"14463",97,4,0,786.57,786.57,133.3,133.72,7,7,0.0,0.0
"14464",567,2,0,111.00,111.00,59.0,59.11,4,4,0.0,0.0
"14465",246,11,0,3925.85,3925.85,45.0,45.49,128,122,0.0,0.0
"14466",28,13,0,4267.15,4267.15,57.6,58.08,77,73,0.0,0.0
"14467",17,12,0,2203.24,2203.24,65.0,65.45,144,141,0.0,0.0
"14468",733,1,0,204.24,204.24,NULL,NULL,12,12,0.0,0.0
"14469",415,4,0,2093.46,2093.46,87.0,87.71,120,120,0.0,0.0
"14470",11,3,0,712.04,712.04,208.5,209.46,56,54,0.0,0.0
"14471",590,2,0,400.95,400.95,141.0,141.20,38,34,0.0,0.0
"14472",103,9,0,2118.72,2118.72,72.6,73.24,173,165,0.0,0.0
"14473",73,2,0,234.34,234.34,208.0,208.05,7,7,0.0,0.0
"14474",42,2,1,1258.89,1248.94,533.0,533.05,122,122,33.3,0.8
"14475",71,4,3,1151.15,1025.12,112.0,112.35,40,39,42.9,9.4
"14476",256,1,0,193.00,193.00,NULL,NULL,17,17,0.0,0.0
"14477",19,7,3,1969.60,1960.61,113.5,114.14,7,5,30.0,17.6
"14478",381,4,0,1276.66,1276.66,118.3,118.70,59,59,0.0,0.0
"14479",253,4,0,1124.71,1124.71,159.3,159.93,127,126,0.0,0.0
"14480",10,4,1,1299.52,1295.27,235.3,235.67,52,51,20.0,1.5
"14481",164,5,0,2284.69,2284.69,127.5,128.23,114,111,0.0,0.0
"14482",17,12,2,4306.72,4141.06,40.7,41.09,185,181,14.3,0.8
"14483",149,2,1,257.10,249.20,455.0,455.01,13,13,33.3,7.1
"14484",49,4,0,1070.98,1070.98,223.7,224.04,47,47,0.0,0.0
"14485",38,1,0,162.80,162.80,NULL,NULL,44,44,0.0,0.0
"14486",511,2,0,175.50,175.50,41.0,41.97,4,3,0.0,0.0
"14487",26,7,1,1266.27,1253.52,58.2,58.82,129,125,12.5,0.6
"14488",50,1,1,1064.28,1047.43,NULL,NULL,46,45,50.0,6.1
"14489",206,4,0,1574.93,1574.93,134.7,135.07,65,62,0.0,0.0
"14490",405,2,0,1273.47,1273.47,22.0,22.14,72,72,0.0,0.0
"14491",174,2,0,340.93,340.93,197.0,197.13,17,17,0.0,0.0
"14492",429,7,3,1921.91,1574.36,31.2,31.49,70,68,30.0,11.5
"14493",6,10,4,5087.86,4993.76,70.1,70.48,292,273,28.6,1.7
"14494",25,3,0,401.46,401.46,352.0,352.92,17,17,0.0,0.0
"14495",50,3,1,174.80,166.30,304.0,304.58,7,7,25.0,12.5
"14496",311,7,3,2363.89,2341.54,53.0,53.64,64,61,30.0,2.8
"14497",300,2,1,697.06,679.16,364.0,364.29,40,40,33.3,4.8
"14498",42,10,0,3900.83,3900.83,55.8,56.43,276,269,0.0,0.0
"14499",25,7,3,2101.79,2083.44,73.3,73.84,199,198,30.0,1.0
"14500",87,3,0,356.85,356.85,50.0,50.64,6,6,0.0,0.0
"14501",63,2,1,251.21,190.31,136.0,136.05,9,9,33.3,16.7
"14502",19,11,3,2426.79,2307.14,28.9,29.38,367,357,21.4,1.1
"14503",2,6,0,3543.26,3543.26,34.6,35.03,113,111,0.0,0.0
"14504",46,4,0,673.26,673.26,76.3,77.02,85,80,0.0,0.0
"14505",16,19,8,11873.08,11590.04,39.2,39.61,897,841,29.6,1.1
"14506",16,7,0,2960.25,2960.25,96.3,97.03,251,243,0.0,0.0
"14507",23,11,3,3216.74,3104.80,70.1,70.58,182,179,21.4,3.7
"14508",21,5,1,822.92,804.07,129.3,129.57,142,139,16.7,0.6
"14509",533,1,0,110.95,110.95,NULL,NULL,25,25,0.0,0.0
"14510",375,3,1,979.85,964.55,30.0,30.48,67,65,25.0,1.3
"14511",10,5,1,1314.81,1267.41,30.3,30.55,53,53,16.7,4.2
"14512",187,7,0,1215.97,1215.97,90.3,90.83,55,55,0.0,0.0
"14513",100,6,1,788.01,770.91,92.8,93.55,15,15,14.3,24.0
"14514",60,9,1,4380.04,4375.79,82.9,83.14,212,191,10.0,0.3
"14515",17,12,3,3724.06,3693.70,48.0,48.45,109,107,20.0,2.3
"14516",515,1,0,151.17,151.17,NULL,NULL,35,32,0.0,0.0
"14517",32,2,0,330.45,330.45,108.0,108.11,17,17,0.0,0.0
"14518",63,1,0,174.37,174.37,NULL,NULL,16,16,0.0,0.0
"14519",683,2,0,203.14,203.14,45.0,45.03,38,36,0.0,0.0
"14520",1,2,0,270.60,270.60,289.0,289.02,3,3,0.0,0.0
"14521",476,1,1,199.45,167.65,NULL,NULL,17,17,50.0,15.0
"14522",23,8,0,1748.42,1748.42,93.7,94.28,34,32,0.0,0.0
"14523",107,1,0,241.09,241.09,NULL,NULL,12,11,0.0,0.0
"14524",31,13,0,2909.86,2909.86,31.6,32.09,250,243,0.0,0.0
"14525",8,17,4,8018.59,7952.76,43.6,44.18,339,330,19.0,1.1
"14526",388,1,0,258.65,258.65,NULL,NULL,41,40,0.0,0.0
"14527",2,121,19,27191.10,26359.18,5.6,6.13,605,566,13.6,2.6
"14528",36,1,0,364.22,364.22,NULL,NULL,18,18,0.0,0.0
"14529",59,3,0,578.61,578.61,24.5,25.03,177,177,0.0,0.0
"14530",25,16,3,6088.87,5968.62,43.7,44.13,269,262,15.8,0.8
"14531",479,1,0,376.34,376.34,NULL,NULL,29,27,0.0,0.0
"14532",235,11,1,3845.78,3833.03,45.8,46.21,209,199,8.3,0.3
"14533",24,11,4,3466.37,3185.12,58.2,58.60,74,74,26.7,5.3
"14534",2,26,12,6183.06,5698.37,24.8,25.28,436,417,31.6,5.9
"14535",58,9,2,5961.89,5803.79,73.5,74.13,588,567,18.2,0.8
"14536",259,1,0,170.95,170.95,NULL,NULL,18,17,0.0,0.0
"14537",57,2,1,641.40,635.45,565.0,565.88,23,23,33.3,4.2
"14538",64,5,0,1370.84,1370.84,154.0,154.70,45,43,0.0,0.0
"14539",15,2,0,537.48,537.48,28.0,28.91,31,31,0.0,0.0
"14540",9,11,1,3709.64,3699.74,71.7,72.29,197,194,8.3,0.4
"14541",58,14,0,2491.38,2491.38,48.9,49.46,99,94,0.0,0.0
"14542",185,1,0,103.25,103.25,NULL,NULL,5,5,0.0,0.0
"14543",3,39,10,14548.22,11958.76,18.2,18.68,104,99,20.4,19.9
"14544",23,3,0,2938.53,2938.53,222.5,222.98,148,148,0.0,0.0
"14545",673,1,0,349.25,349.25,NULL,NULL,23,23,0.0,0.0
"14546",3,11,9,5184.84,4987.97,72.2,72.80,410,390,45.0,4.7
"14547",3,8,1,3974.75,3953.95,6.7,7.26,198,189,11.1,0.3
"14548",150,9,0,2541.29,2541.29,72.6,72.87,66,65,0.0,0.0
"14549",310,4,0,913.60,913.60,141.3,142.00,117,106,0.0,0.0
"14550",10,4,0,1345.06,1345.06,157.0,157.67,77,77,0.0,0.0
"14551",17,7,2,878.09,856.64,110.2,110.51,69,67,22.2,2.5
"14552",151,3,0,507.93,507.93,220.0,220.48,124,119,0.0,0.0
"14553",18,9,1,1818.60,1793.10,60.9,61.26,233,229,10.0,0.3
"14554",9,4,0,2279.49,2279.49,13.7,14.05,147,143,0.0,0.0
"14555",56,6,1,2304.03,2294.88,132.2,132.84,94,90,14.3,1.7
"14556",595,3,0,815.69,815.69,45.5,46.07,158,146,0.0,0.0
"14557",63,1,1,788.38,0.00,NULL,NULL,16,16,50.0,50.0
"14558",652,3,2,655.50,614.10,38.0,38.55,13,13,40.0,11.8
"14559",389,1,0,75.60,75.60,NULL,NULL,2,2,0.0,0.0
"14560",6,44,2,6114.03,6050.44,16.6,16.98,60,59,4.3,1.0
"14561",75,3,0,1080.76,1080.76,54.0,54.48,67,66,0.0,0.0
"14562",3,26,4,6638.15,6314.30,26.1,26.67,245,233,13.3,3.4
"14563",509,2,0,625.42,625.42,82.0,82.97,94,88,0.0,0.0
"14564",426,2,3,2605.62,2519.32,300.0,300.98,107,105,60.0,5.3
"14565",95,5,2,3709.22,3683.87,94.0,94.49,138,134,28.6,1.3
"14566",110,4,0,4092.00,4092.00,140.7,141.01,9,8,0.0,0.0
"14567",34,2,1,1530.36,1524.46,73.0,73.86,33,33,33.3,2.9
"14568",423,1,1,919.70,909.50,NULL,NULL,47,47,50.0,2.1
"14569",0,4,0,597.33,597.33,200.3,200.71,31,30,0.0,0.0
"14570",280,3,0,512.40,512.40,81.0,81.46,63,61,0.0,0.0
"14571",424,1,0,160.00,160.00,NULL,NULL,30,30,0.0,0.0
"14572",2,11,4,5520.98,5479.08,61.4,61.80,335,317,26.7,0.8
"14573",179,13,4,2163.12,2113.42,42.8,43.40,183,179,23.5,1.9
"14574",732,1,0,143.70,143.70,NULL,NULL,11,11,0.0,0.0
"14575",487,1,0,420.22,420.22,NULL,NULL,71,65,0.0,0.0
"14576",371,1,0,35.40,35.40,NULL,NULL,1,1,0.0,0.0
"14577",12,7,0,1364.15,1364.15,119.2,119.34,104,102,0.0,0.0
"14578",2,1,0,168.63,168.63,NULL,NULL,24,23,0.0,0.0
"14579",431,1,0,105.56,105.56,NULL,NULL,24,24,0.0,0.0
"14580",517,1,0,14.85,14.85,NULL,NULL,1,1,0.0,0.0
"14581",16,2,0,409.65,409.65,527.0,527.87,59,54,0.0,0.0
"14582",40,1,0,114.11,114.11,NULL,NULL,6,6,0.0,0.0
"14583",5,8,0,1660.29,1660.29,87.4,87.98,353,337,0.0,0.0
"14584",168,8,1,1738.16,1725.16,69.7,70.17,127,120,11.1,0.5
"14585",49,5,0,1143.27,1143.27,91.0,91.52,88,87,0.0,0.0
"14586",226,1,2,237.36,134.16,NULL,NULL,19,17,66.7,29.6
"14587",18,9,1,1580.29,1577.39,38.6,39.12,170,160,10.0,0.3
"14588",577,1,0,135.39,135.39,NULL,NULL,16,16,0.0,0.0
"14589",371,1,0,39.75,39.75,NULL,NULL,3,3,0.0,0.0
"14590",424,20,8,2993.37,2871.04,15.6,16.21,124,120,28.6,6.5
"14591",14,4,0,1320.21,1320.21,65.7,66.00,138,136,0.0,0.0
"14592",34,3,0,557.94,557.94,14.0,14.47,132,130,0.0,0.0
"14593",21,12,5,3658.03,3602.31,64.2,64.45,435,413,29.4,1.1
"14594",6,2,0,363.33,363.33,365.0,365.98,48,47,0.0,0.0
"14595",19,8,0,2164.45,2164.45,94.9,95.56,119,109,0.0,0.0
"14596",626,1,0,222.22,222.22,NULL,NULL,50,42,0.0,0.0
"14597",10,6,0,2184.63,2184.63,84.8,85.20,79,79,0.0,0.0
"14598",43,2,1,384.04,221.97,525.0,525.01,83,83,33.3,30.8
"14599",389,2,0,457.89,457.89,118.0,118.95,77,76,0.0,0.0
"14600",305,2,0,865.17,865.17,87.0,87.74,53,53,0.0,0.0
"14601",10,1,0,213.96,213.96,NULL,NULL,7,7,0.0,0.0
"14602",655,1,0,205.36,205.36,NULL,NULL,31,29,0.0,0.0
"14603",274,1,0,660.00,660.00,NULL,NULL,2,2,0.0,0.0
"14604",632,1,0,136.36,136.36,NULL,NULL,19,14,0.0,0.0
"14605",373,4,0,920.71,920.71,118.7,119.00,87,83,0.0,0.0
"14606",0,184,66,29648.75,28913.22,3.5,4.02,1259,1160,26.4,2.1
"14607",15,20,5,22575.13,17226.23,37.1,37.31,105,100,20.0,13.0
"14608",3,10,1,3342.94,3263.44,80.6,81.02,14,14,9.1,2.3
"14609",71,10,1,1486.20,1366.20,65.7,66.24,6,4,9.1,7.1
"14610",395,2,0,24.35,24.35,118.0,118.79,10,10,0.0,0.0
"14611",438,2,1,604.33,599.38,154.0,154.96,37,37,33.3,2.6
"14612",414,1,0,877.70,877.70,NULL,NULL,14,14,0.0,0.0
"14613",679,1,0,76.32,76.32,NULL,NULL,1,1,0.0,0.0
"14614",385,1,0,295.13,295.13,NULL,NULL,19,18,0.0,0.0
"14615",393,5,1,951.76,934.26,38.0,38.50,40,40,16.7,5.9
"14616",242,5,0,527.78,527.78,75.8,76.50,3,3,0.0,0.0
"14617",402,2,0,190.47,190.47,13.0,13.04,7,7,0.0,0.0
"14618",8,7,2,1342.32,1310.52,89.2,89.52,40,40,22.2,3.8
"14619",238,2,1,1291.24,1276.31,295.0,295.71,58,58,33.3,3.2
"14620",203,2,1,412.78,393.28,78.0,78.14,26,25,33.3,13.3
"14621",0,9,7,3000.57,2878.27,84.9,85.29,134,130,43.8,11.7
"14622",184,1,0,320.58,320.58,NULL,NULL,21,19,0.0,0.0
"14623",31,10,2,2012.30,1983.55,62.8,63.32,192,181,16.7,1.1
"14624",56,6,0,814.07,814.07,108.8,109.43,39,38,0.0,0.0
"14625",184,11,7,4497.88,4429.18,52.3,52.71,167,165,38.9,3.3
"14626",8,11,4,5410.92,5374.77,70.1,70.58,181,178,26.7,2.1
"14627",311,1,2,462.75,406.40,NULL,NULL,29,29,66.7,25.6
"14628",90,5,0,1998.00,1998.00,147.5,148.00,65,61,0.0,0.0
"14629",3,2,1,955.26,935.46,43.0,43.03,133,133,33.3,0.7
"14630",483,1,0,338.65,338.65,NULL,NULL,21,21,0.0,0.0
"14631",50,6,1,2025.69,2023.17,86.6,87.37,65,64,14.3,1.1
"14632",262,1,0,114.56,114.56,NULL,NULL,8,8,0.0,0.0
"14633",265,1,0,344.90,344.90,NULL,NULL,20,18,0.0,0.0
"14634",437,4,3,2124.46,1971.82,34.0,34.68,105,103,42.9,7.6
"14635",453,1,0,215.22,215.22,NULL,NULL,15,15,0.0,0.0
"14636",35,2,0,609.85,609.85,232.0,232.26,27,27,0.0,0.0
"14637",676,1,0,106.68,106.68,NULL,NULL,7,7,0.0,0.0
"14638",50,1,0,443.60,443.60,NULL,NULL,16,16,0.0,0.0
"14639",51,9,2,4978.96,4946.81,75.9,76.14,203,203,18.2,1.0
"14640",15,10,6,3649.36,3446.33,73.1,73.54,165,159,37.5,8.6
"14641",21,1,0,110.46,110.46,NULL,NULL,7,7,0.0,0.0
"14642",58,1,0,96.12,96.12,NULL,NULL,2,2,0.0,0.0
"14643",169,5,1,1679.89,1654.69,139.0,139.53,57,54,16.7,4.6
"14644",8,7,5,2247.72,2077.47,111.0,111.45,50,50,41.7,13.9
"14645",156,3,1,876.89,840.24,238.0,238.95,45,45,25.0,11.1
"14646",1,146,7,526751.52,523202.74,4.7,5.07,961,941,4.6,0.8
"14647",200,2,0,506.04,506.04,322.0,322.01,42,42,0.0,0.0
"14648",403,15,4,4463.39,4374.74,21.9,22.35,285,277,21.1,2.3
"14649",4,9,2,3651.19,3630.04,85.3,85.50,374,357,18.2,0.6
"14650",588,1,0,62.50,62.50,NULL,NULL,4,3,0.0,0.0
"14651",66,9,0,2025.52,2025.52,70.1,70.52,216,214,0.0,0.0
"14652",76,1,0,114.18,114.18,NULL,NULL,29,27,0.0,0.0
"14653",0,11,0,3404.80,3404.80,73.2,73.61,269,261,0.0,0.0
"14654",737,1,0,246.86,246.86,NULL,NULL,27,27,0.0,0.0
"14655",3,7,4,3878.51,3836.73,97.7,98.01,72,69,36.4,5.5
"14656",168,5,0,790.00,790.00,108.3,108.52,148,144,0.0,0.0
"14657",17,6,1,1450.19,1440.24,83.0,83.54,143,137,14.3,0.5
"14658",4,2,0,247.15,247.15,111.0,112.00,27,27,0.0,0.0
"14659",8,9,3,2529.93,2456.53,37.9,38.37,147,142,25.0,2.3
"14660",86,2,0,285.74,285.74,14.0,14.04,24,24,0.0,0.0
"14661",26,1,0,107.95,107.95,NULL,NULL,4,4,0.0,0.0
"14662",28,7,0,1376.43,1376.43,117.5,117.97,199,199,0.0,0.0
"14663",429,2,0,490.60,490.60,0.0,0.01,60,58,0.0,0.0
"14664",19,2,0,636.24,636.24,13.0,13.84,78,75,0.0,0.0
"14665",60,7,2,2749.65,2172.33,88.3,88.65,94,92,22.2,17.0
"14666",23,1,0,179.95,179.95,NULL,NULL,13,13,0.0,0.0
"14667",10,54,7,20359.59,20153.04,13.2,13.72,577,540,11.5,1.0
"14668",444,1,0,111.63,111.63,NULL,NULL,10,10,0.0,0.0
"14669",241,7,0,3216.78,3216.78,82.2,82.66,334,316,0.0,0.0
"14670",279,3,0,583.33,583.33,225.5,226.00,159,154,0.0,0.0
"14671",548,2,0,1127.45,1127.45,18.0,18.80,48,46,0.0,0.0
"14672",234,4,0,1113.14,1113.14,148.0,148.65,93,89,0.0,0.0
"14673",2,7,0,3037.32,3037.32,67.3,67.70,86,86,0.0,0.0
"14674",508,1,0,173.66,173.66,NULL,NULL,14,14,0.0,0.0
"14675",15,2,0,1015.58,1015.58,372.0,372.03,196,194,0.0,0.0
"14676",30,12,4,8356.79,8285.49,54.8,55.29,77,77,25.0,5.0
"14677",592,1,0,184.91,184.91,NULL,NULL,14,13,0.0,0.0
"14678",570,1,1,403.39,386.44,NULL,NULL,24,24,50.0,4.0
"14679",371,3,2,1289.44,1272.95,174.5,174.89,49,49,40.0,6.0
"14680",24,58,29,55688.50,53080.02,11.9,12.46,222,211,33.3,11.5
"14681",70,6,0,875.15,875.15,116.2,116.46,19,19,0.0,0.0
"14682",187,6,0,1514.81,1514.81,96.6,96.98,79,78,0.0,0.0
"14683",587,1,0,146.56,146.56,NULL,NULL,21,21,0.0,0.0
"14684",25,6,0,1430.03,1430.03,72.4,72.98,272,265,0.0,0.0
"14685",575,8,5,4536.64,4241.16,21.0,21.44,109,107,38.5,4.6
"14686",413,5,1,852.53,844.58,61.0,61.25,185,171,16.7,0.5
"14687",106,3,0,1402.06,1402.06,222.0,222.53,34,33,0.0,0.0
"14688",7,28,6,7190.42,6666.93,16.2,16.63,197,190,17.6,6.1
"14689",208,1,0,112.80,112.80,NULL,NULL,13,12,0.0,0.0
"14690",43,4,1,777.68,764.59,121.7,122.05,69,66,20.0,3.7
"14691",30,5,0,2114.33,2114.33,45.3,45.53,50,50,0.0,0.0
"14692",136,12,1,1715.14,1705.64,43.2,43.64,101,101,7.7,0.6
"14693",264,7,1,1165.36,1139.86,43.0,43.53,43,40,12.5,1.3
"14694",616,1,0,244.31,244.31,NULL,NULL,15,15,0.0,0.0
"14695",518,3,1,1534.22,1466.72,106.5,106.57,76,72,25.0,9.9
"14696",3,8,2,2473.28,2465.30,59.0,59.58,137,132,20.0,1.9
"14697",217,2,0,188.61,188.61,0.0,0.01,22,17,0.0,0.0
"14698",1,5,0,1217.27,1217.27,12.0,12.50,148,147,0.0,0.0
"14699",213,4,0,702.60,702.60,103.3,103.71,45,44,0.0,0.0
"14700",31,5,0,3076.06,3076.06,113.0,113.27,111,110,0.0,0.0
"14701",10,15,3,4487.11,4423.96,47.7,48.14,455,440,16.7,2.5
"14702",0,29,3,6356.98,6298.48,25.4,26.00,337,325,9.4,0.4
"14703",14,1,0,318.17,318.17,NULL,NULL,22,22,0.0,0.0
"14704",19,9,0,1720.58,1720.58,75.1,75.60,317,313,0.0,0.0
"14705",198,1,0,179.00,179.00,NULL,NULL,1,1,0.0,0.0
"14706",618,1,0,367.54,367.54,NULL,NULL,25,24,0.0,0.0
"14707",435,2,0,139.20,139.20,141.0,141.02,1,1,0.0,0.0
"14708",2,5,1,1793.22,1763.52,113.0,113.23,27,27,16.7,2.4
"14709",14,25,2,8886.33,8866.48,29.5,29.96,105,103,7.4,0.6
"14710",13,13,0,1899.79,1899.79,59.7,60.16,310,304,0.0,0.0
"14711",9,11,1,2839.62,2809.02,24.5,25.21,221,218,8.3,0.6
"14712",28,4,0,1328.07,1328.07,129.0,129.64,24,23,0.0,0.0
"14713",8,21,4,5115.36,5068.96,35.8,36.34,221,213,16.0,1.3
"14714",23,4,3,906.24,896.40,220.7,221.02,64,63,42.9,5.1
"14715",24,8,0,1809.55,1809.55,94.6,95.00,101,97,0.0,0.0
"14716",42,3,0,543.28,543.28,200.5,200.61,85,84,0.0,0.0
"14717",732,1,1,81.30,72.80,NULL,NULL,11,9,50.0,8.3
"14718",409,1,0,226.42,226.42,NULL,NULL,11,11,0.0,0.0
"14719",1,5,1,1581.84,1571.89,61.3,61.98,177,171,16.7,0.4
"14720",5,3,0,663.81,663.81,60.0,60.50,34,34,0.0,0.0
"14721",378,1,0,109.07,109.07,NULL,NULL,24,24,0.0,0.0
"14722",146,3,0,489.52,489.52,169.5,169.53,72,68,0.0,0.0
"14723",9,11,0,1801.36,1801.36,72.1,72.52,286,270,0.0,0.0
"14724",589,1,0,341.90,341.90,NULL,NULL,40,37,0.0,0.0
"14725",24,4,1,1246.86,1196.46,170.0,170.02,84,80,20.0,2.0
"14726",654,1,0,116.50,116.50,NULL,NULL,15,15,0.0,0.0
"14727",273,3,1,461.03,291.13,136.0,136.03,42,39,25.0,34.8
"14728",412,1,0,190.58,190.58,NULL,NULL,14,14,0.0,0.0
"14729",373,3,0,586.24,586.24,125.5,125.98,126,125,0.0,0.0
"14730",0,8,0,1897.57,1897.57,39.1,39.30,317,312,0.0,0.0
"14731",46,3,0,380.02,380.02,82.0,82.56,38,35,0.0,0.0
"14732",7,19,5,5517.07,5447.52,39.6,40.12,162,160,20.8,2.5
"14733",8,15,3,14335.15,14200.78,27.1,27.57,140,135,16.7,4.2
"14734",415,4,1,1056.42,1045.47,41.7,41.96,48,48,20.0,1.6
"14735",3,55,3,12225.16,11899.66,13.2,13.56,197,193,5.2,3.7
"14736",484,2,0,374.05,374.05,0.0,0.01,70,70,0.0,0.0
"14737",3,4,0,3554.17,3554.17,132.0,132.32,28,28,0.0,0.0
"14738",38,9,3,1821.90,1763.64,85.6,86.24,58,57,25.0,3.6
"14739",1,25,3,11573.62,11555.69,30.0,30.55,129,121,10.7,1.2
"14740",190,11,2,4161.06,4068.86,45.0,45.53,173,170,15.4,2.9
"14741",11,7,0,1713.09,1713.09,67.2,67.66,48,46,0.0,0.0
"14742",434,1,0,579.85,579.85,NULL,NULL,34,34,0.0,0.0
"14743",592,1,0,50.48,50.48,NULL,NULL,3,3,0.0,0.0
"14744",15,14,2,3660.08,3648.63,42.2,42.61,57,55,12.5,1.7
"14745",112,12,5,2551.41,2471.06,47.3,47.73,74,71,29.4,4.1
"14746",405,4,0,593.50,593.50,5.7,5.72,7,7,0.0,0.0
"14747",247,1,1,328.20,294.30,NULL,NULL,18,18,50.0,5.3
"14748",28,10,6,2681.90,2208.89,68.0,68.45,129,128,37.5,15.0
"14749",479,1,0,310.15,310.15,NULL,NULL,18,18,0.0,0.0
"14750",735,1,0,112.03,112.03,NULL,NULL,32,31,0.0,0.0
"14751",683,2,0,126.45,126.45,41.0,41.98,7,7,0.0,0.0
"14752",43,1,0,389.64,389.64,NULL,NULL,5,5,0.0,0.0
"14753",86,2,0,869.51,869.51,373.0,373.16,45,44,0.0,0.0
"14754",44,6,1,1547.93,1543.73,128.6,129.21,110,107,14.3,0.7
"14755",9,25,5,9972.55,9851.45,29.8,30.28,219,215,16.7,1.9
"14756",14,3,1,2603.76,2563.46,204.0,204.63,101,101,25.0,2.5
"14757",74,1,0,420.50,420.50,NULL,NULL,19,19,0.0,0.0
"14758",144,7,0,2864.97,2864.97,77.2,77.67,91,90,0.0,0.0
"14759",4,3,0,1625.97,1625.97,113.5,114.02,92,92,0.0,0.0
"14760",293,1,1,89.20,53.80,NULL,NULL,5,5,50.0,28.6
"14761",58,3,0,447.92,447.92,192.5,192.95,21,21,0.0,0.0
"14762",263,2,0,417.57,417.57,362.0,362.70,28,28,0.0,0.0
"14764",43,1,1,278.30,250.55,NULL,NULL,6,5,50.0,14.3
"14765",28,3,0,254.11,254.11,73.0,73.50,38,38,0.0,0.0
"14766",7,11,3,6375.73,6301.88,53.8,54.32,251,243,21.4,2.1
"14767",473,1,0,382.81,382.81,NULL,NULL,18,18,0.0,0.0
"14768",16,2,1,192.60,139.50,109.0,109.98,4,4,33.3,16.7
"14769",2,17,4,15512.46,15437.25,44.5,45.07,833,805,19.0,0.7
"14770",231,8,1,3637.64,3624.89,59.4,59.97,152,146,11.1,0.5
"14771",605,2,1,594.62,579.92,115.0,115.13,46,45,33.3,6.0
"14772",111,1,0,139.26,139.26,NULL,NULL,9,9,0.0,0.0
"14773",588,1,1,140.55,125.70,NULL,NULL,10,10,50.0,9.1
"14774",528,1,0,241.45,241.45,NULL,NULL,13,13,0.0,0.0
"14775",57,3,0,1011.90,1011.90,156.5,156.98,57,56,0.0,0.0
"14776",50,15,4,3708.30,3339.02,27.8,28.22,68,67,21.1,10.0
"14777",3,1,3,307.56,239.26,NULL,NULL,16,16,75.0,23.8
"14778",126,2,0,730.86,730.86,181.0,181.15,34,34,0.0,0.0
"14779",280,3,0,386.15,386.15,21.5,21.51,40,40,0.0,0.0
"14780",54,2,0,447.68,447.68,24.0,24.90,26,26,0.0,0.0
"14782",319,1,0,200.10,200.10,NULL,NULL,6,6,0.0,0.0
"14783",654,1,1,307.30,305.35,NULL,NULL,17,17,50.0,5.6
"14784",25,3,0,449.93,449.93,181.0,181.58,25,25,0.0,0.0
"14785",9,2,0,77.40,77.40,4.0,4.99,2,2,0.0,0.0
"14786",549,1,0,90.96,90.96,NULL,NULL,7,7,0.0,0.0
"14787",470,1,0,110.65,110.65,NULL,NULL,14,11,0.0,0.0
"14788",6,3,0,1156.32,1156.32,294.0,294.48,53,53,0.0,0.0
"14789",28,1,0,197.64,197.64,NULL,NULL,6,6,0.0,0.0
"14790",16,10,0,2526.62,2526.62,78.6,79.09,65,64,0.0,0.0
"14791",606,1,0,303.63,303.63,NULL,NULL,19,19,0.0,0.0
"14792",63,1,1,6.20,0.00,NULL,NULL,2,2,50.0,50.0
"14793",3,2,1,625.90,611.05,513.0,513.91,39,38,33.3,2.5
"14794",2,10,3,1953.90,1889.15,53.2,53.86,85,84,23.1,2.8
"14795",165,1,0,131.45,131.45,NULL,NULL,6,6,0.0,0.0
"14796",0,27,12,10167.77,9971.20,27.3,27.85,486,458,30.8,1.8
"14797",506,1,0,300.31,300.31,NULL,NULL,16,16,0.0,0.0
"14798",52,8,1,724.31,715.11,84.4,85.16,30,26,11.1,3.9
"14799",50,2,0,338.15,338.15,686.0,686.21,20,19,0.0,0.0
"14800",47,17,6,7180.08,6890.73,23.8,24.25,336,323,26.1,1.5
"14801",60,1,0,189.34,189.34,NULL,NULL,56,52,0.0,0.0
"14803",161,3,0,845.55,845.55,64.5,65.01,35,29,0.0,0.0
"14804",8,1,0,353.27,353.27,NULL,NULL,12,11,0.0,0.0
"14805",14,7,0,1082.55,1082.55,100.7,101.03,88,84,0.0,0.0
"14806",74,2,0,303.43,303.43,363.0,363.99,17,15,0.0,0.0
"14807",390,2,0,504.14,504.14,259.0,259.05,37,37,0.0,0.0
"14808",39,8,6,2718.60,2277.80,18.6,19.00,176,171,42.9,8.0
"14809",620,2,0,686.76,686.76,0.0,0.00,18,18,0.0,0.0
"14810",40,13,0,2354.03,2354.03,31.8,32.41,125,120,0.0,0.0
"14811",386,1,0,170.50,170.50,NULL,NULL,28,27,0.0,0.0
"14812",598,1,0,178.85,178.85,NULL,NULL,36,34,0.0,0.0
"14813",369,4,0,888.91,888.91,80.0,80.34,110,103,0.0,0.0
"14814",580,1,0,152.96,152.96,NULL,NULL,27,27,0.0,0.0
"14815",36,2,0,778.50,778.50,31.0,31.00,53,50,0.0,0.0
"14816",196,1,0,271.85,271.85,NULL,NULL,4,4,0.0,0.0
"14817",199,7,2,3609.86,3539.21,70.7,71.18,141,135,22.2,1.8
"14818",73,6,0,1153.56,1153.56,114.2,114.79,87,86,0.0,0.0
"14819",63,4,0,456.41,456.41,217.3,217.97,52,50,0.0,0.0
"14820",20,9,0,1274.76,1274.76,81.5,82.01,51,49,0.0,0.0
"14821",366,7,0,1230.15,1230.15,51.2,51.63,65,61,0.0,0.0
"14822",484,1,0,157.70,157.70,NULL,NULL,9,9,0.0,0.0
"14823",179,3,0,321.43,321.43,6.5,7.01,56,56,0.0,0.0
"14824",9,10,2,4022.91,3952.51,69.1,69.67,84,80,16.7,2.5
"14825",3,24,3,4735.08,4696.28,26.0,26.47,187,185,11.1,1.3
"14826",581,2,0,385.20,385.20,113.0,113.83,10,10,0.0,0.0
"14828",196,13,1,9839.46,9803.46,44.2,44.66,72,72,7.1,1.0
"14829",28,7,2,1455.87,1402.97,67.5,67.85,77,77,22.2,3.2
"14830",52,1,0,188.03,188.03,NULL,NULL,38,37,0.0,0.0
"14831",573,3,4,1676.57,1623.97,28.5,28.61,67,63,57.1,8.9
"14833",498,1,0,94.80,94.80,NULL,NULL,7,7,0.0,0.0
"14834",17,7,2,2206.16,2184.21,64.2,64.95,55,55,22.2,3.3
"14835",526,2,1,297.00,293.10,88.0,88.61,1,1,33.3,33.3
"14836",9,3,0,102.45,102.45,10.0,10.07,5,5,0.0,0.0
"14837",89,9,3,3460.32,3445.82,73.9,74.38,171,169,25.0,1.9
"14838",422,2,0,769.92,769.92,313.0,313.25,69,64,0.0,0.0
"14839",417,3,0,915.28,915.28,142.5,142.93,61,57,0.0,0.0
"14840",267,2,1,362.71,340.21,271.0,271.85,20,19,33.3,8.3
"14841",52,14,0,7163.00,7163.00,52.2,52.61,196,189,0.0,0.0
"14842",34,4,4,2824.69,2456.80,87.7,88.29,128,128,50.0,8.2
"14843",436,1,0,211.80,211.80,NULL,NULL,9,7,0.0,0.0
"14844",63,10,2,6702.43,6688.43,60.0,60.32,158,154,16.7,0.7
"14845",599,1,0,150.00,150.00,NULL,NULL,1,1,0.0,0.0
"14846",422,1,1,437.40,406.80,NULL,NULL,12,10,50.0,7.7
"14847",148,3,1,1348.95,1320.60,207.5,207.97,56,54,25.0,4.6
"14848",404,1,0,310.56,310.56,NULL,NULL,11,10,0.0,0.0
"14849",21,43,7,15407.61,15186.60,15.9,16.12,279,276,14.0,1.7
"14850",311,7,2,1770.96,1599.76,42.5,42.82,129,128,22.2,1.5
"14851",22,3,0,829.41,829.41,303.0,303.55,38,38,0.0,0.0
"14852",57,18,3,6132.43,6108.88,34.1,34.47,152,147,14.3,1.0
"14853",8,5,2,1376.87,1351.37,145.0,145.33,26,26,28.6,6.1
"14854",77,11,3,4303.06,4282.37,60.4,60.83,170,167,21.4,3.2
"14855",118,7,0,6520.30,6520.30,81.7,81.86,168,164,0.0,0.0
"14856",35,3,0,1290.53,1290.53,10.0,10.11,65,65,0.0,0.0
"14857",59,7,3,3651.85,3578.93,95.5,95.82,169,167,30.0,2.3
"14858",505,1,0,180.75,180.75,NULL,NULL,11,11,0.0,0.0
"14859",12,5,1,1705.64,1703.94,135.0,135.51,51,50,16.7,1.5
"14860",8,1,1,170.32,168.62,NULL,NULL,11,11,50.0,8.3
"14861",51,10,4,1380.73,1318.40,75.1,75.45,62,62,28.6,9.5
"14862",25,2,0,841.20,841.20,122.0,122.95,47,47,0.0,0.0
"14863",28,1,0,266.76,266.76,NULL,NULL,11,11,0.0,0.0
"14865",6,4,0,92.52,92.52,243.0,243.67,4,4,0.0,0.0
"14866",10,17,1,20700.04,20507.59,26.6,27.12,38,38,5.6,2.9
"14867",185,16,3,2952.06,2910.41,36.2,36.59,67,64,15.8,2.1
"14868",2,12,1,4184.01,4170.06,37.5,37.91,132,132,7.7,1.4
"14869",3,6,3,2778.14,2750.70,142.6,143.01,187,181,33.3,3.6
"14870",261,6,3,1838.95,1794.60,84.2,84.41,43,43,33.3,5.8
"14871",2,9,0,1228.17,1228.17,91.4,91.88,123,121,0.0,0.0
"14872",480,3,1,816.60,802.68,74.5,74.96,34,32,25.0,2.3
"14873",209,2,0,854.13,854.13,423.0,423.13,48,48,0.0,0.0
"14874",534,1,0,116.18,116.18,NULL,NULL,6,6,0.0,0.0
"14875",8,3,3,2862.40,2850.50,167.0,167.04,88,88,50.0,3.3
"14876",520,2,0,256.70,256.70,40.0,40.05,12,12,0.0,0.0
"14877",417,2,0,425.85,425.85,224.0,224.03,57,53,0.0,0.0
"14878",12,25,2,4076.50,3807.10,26.3,26.83,159,154,7.4,0.8
"14879",684,1,0,185.06,185.06,NULL,NULL,27,26,0.0,0.0
"14880",76,3,0,690.59,690.59,105.5,105.53,45,45,0.0,0.0
"14881",19,1,0,255.40,255.40,NULL,NULL,17,17,0.0,0.0
"14882",26,14,1,3546.65,3345.05,45.2,45.61,32,31,6.7,3.0
"14883",18,6,1,761.59,756.64,38.0,38.60,39,38,14.3,1.9
"14884",668,1,0,120.60,120.60,NULL,NULL,8,8,0.0,0.0
"14885",131,3,1,1598.12,1496.12,166.5,167.04,24,24,25.0,3.1
"14886",252,1,0,364.80,364.80,NULL,NULL,18,18,0.0,0.0
"14887",78,1,0,1862.00,1862.00,NULL,NULL,6,4,0.0,0.0
"14888",206,1,0,369.20,369.20,NULL,NULL,20,20,0.0,0.0
"14889",335,1,0,135.90,135.90,NULL,NULL,10,9,0.0,0.0
"14890",253,3,0,817.25,817.25,203.0,203.06,55,54,0.0,0.0
"14891",147,4,0,1106.73,1106.73,95.3,96.08,55,54,0.0,0.0
"14892",690,1,0,202.35,202.35,NULL,NULL,13,13,0.0,0.0
"14893",9,3,2,1809.61,1785.01,304.0,304.07,98,94,40.0,2.8
"14894",84,3,2,1492.81,1412.21,325.5,326.07,39,38,40.0,6.1
"14895",7,38,10,25119.54,24488.82,19.1,19.51,441,436,20.8,2.1
"14896",204,8,2,1826.00,1727.30,75.0,75.56,150,140,20.0,2.7
"14897",7,8,1,3140.54,3100.74,101.9,102.39,94,94,11.1,0.8
"14898",22,14,4,3365.95,3242.60,54.3,54.84,185,177,22.2,2.7
"14899",394,1,0,1331.38,1331.38,NULL,NULL,126,125,0.0,0.0
"14900",521,1,0,13.92,13.92,NULL,NULL,1,1,0.0,0.0
"14901",10,12,1,1919.00,1912.70,43.8,44.30,103,103,7.7,1.5
"14902",20,3,2,1035.62,1000.27,263.5,263.96,51,49,40.0,9.2
"14903",20,5,5,2795.33,2729.18,64.0,64.29,227,221,50.0,2.5
"14904",1,4,0,1630.49,1630.49,141.3,141.67,127,126,0.0,0.0
"14905",153,8,2,1971.39,1939.69,82.3,82.70,45,45,20.0,3.7
"14907",2,16,7,5547.72,5476.62,39.5,39.93,153,150,30.4,3.6
"14908",73,2,0,381.90,381.90,388.0,388.85,14,14,0.0,0.0
"14909",427,3,2,1404.68,1380.98,112.5,113.02,61,59,40.0,2.4
"14910",2,4,3,434.35,389.86,17.0,17.32,25,25,42.9,14.3
"14911",0,373,93,272252.79,258522.43,1.6,1.98,2546,2348,20.0,3.0
"14912",16,5,1,1849.58,1829.78,143.0,143.50,43,41,16.7,1.6
"14913",35,8,0,4073.13,4073.13,63.7,64.28,176,167,0.0,0.0
"14915",85,11,2,1811.25,1752.65,64.2,64.51,65,63,15.4,2.2
"14916",70,8,3,3042.95,2888.21,77.6,78.13,113,112,27.3,4.3
"14917",596,2,0,1123.75,1123.75,0.0,0.07,29,29,0.0,0.0
"14918",115,9,0,5955.81,5955.81,61.6,61.88,79,76,0.0,0.0
"14919",538,1,0,359.35,359.35,NULL,NULL,13,13,0.0,0.0
"14920",212,3,0,1607.17,1607.17,176.0,176.40,90,88,0.0,0.0
"14921",29,2,0,1316.07,1316.07,171.0,171.02,78,76,0.0,0.0
"14922",393,2,0,843.74,843.74,114.0,114.06,49,49,0.0,0.0
"14923",50,1,0,749.10,749.10,NULL,NULL,44,44,0.0,0.0
"14924",245,3,0,931.01,931.01,196.5,196.93,30,29,0.0,0.0
"14926",381,2,1,359.40,337.65,216.0,216.88,2,2,33.3,25.0
"14927",396,1,0,308.20,308.20,NULL,NULL,20,19,0.0,0.0
"14928",618,1,1,223.91,204.46,NULL,NULL,21,20,50.0,12.5
"14929",31,2,0,836.69,836.69,389.0,389.21,34,34,0.0,0.0
"14930",108,6,3,5236.73,5126.74,99.2,99.59,213,204,33.3,2.1
"14931",4,4,0,864.68,864.68,78.3,78.68,28,28,0.0,0.0
"14932",365,2,0,566.13,566.13,20.0,20.11,28,28,0.0,0.0
"14933",443,4,1,1770.00,885.00,0.0,0.24,1,1,20.0,20.0
"14934",72,5,3,3403.50,2471.07,89.5,89.98,114,112,37.5,25.0
"14935",296,2,0,2849.83,2849.83,322.0,322.12,25,25,0.0,0.0
"14936",8,12,2,12410.81,12378.46,49.7,49.99,267,260,14.3,0.6
"14937",56,3,1,1621.88,1617.63,36.5,36.96,33,33,25.0,2.9
"14938",501,2,2,2322.43,2289.43,0.0,0.00,71,64,50.0,6.6
"14940",417,2,0,531.49,531.49,315.0,315.79,32,31,0.0,0.0
"14941",578,1,0,182.10,182.10,NULL,NULL,7,7,0.0,0.0
"14942",401,4,0,746.56,746.56,109.0,109.34,12,12,0.0,0.0
"14943",662,1,0,107.62,107.62,NULL,NULL,5,5,0.0,0.0
"14944",29,19,5,9684.67,9574.92,34.8,35.06,183,178,20.8,2.3
"14945",413,1,0,179.40,179.40,NULL,NULL,11,11,0.0,0.0
"14946",13,1,0,100.90,100.90,NULL,NULL,3,3,0.0,0.0
"14947",71,6,0,1049.79,1049.79,110.0,110.44,47,46,0.0,0.0
"14948",22,6,1,1101.97,1066.57,38.8,39.22,56,55,14.3,1.6
"14949",459,4,2,515.00,498.55,83.3,84.00,16,16,33.3,10.0
"14950",8,1,1,371.20,361.25,NULL,NULL,19,19,50.0,5.0
"14951",78,1,0,311.69,311.69,NULL,NULL,20,19,0.0,0.0
"14952",45,32,11,17629.35,17347.25,21.5,21.83,240,231,25.6,5.8
"14953",24,4,1,968.82,960.42,136.7,136.70,201,189,20.0,0.4
"14954",11,2,0,462.12,462.12,690.0,690.91,111,108,0.0,0.0
"14955",732,1,0,163.77,163.77,NULL,NULL,30,30,0.0,0.0
"14956",420,1,0,1325.00,1325.00,NULL,NULL,4,4,0.0,0.0
"14957",252,2,0,261.69,261.69,391.0,391.30,27,27,0.0,0.0
"14958",146,6,0,941.99,941.99,117.2,117.79,52,52,0.0,0.0
"14959",58,4,1,695.42,684.97,76.7,77.41,37,37,20.0,3.3
"14960",7,2,0,221.27,221.27,162.0,162.97,23,23,0.0,0.0
"14961",10,22,6,16410.15,16328.90,34.0,34.52,328,321,21.4,1.5
"14962",270,4,0,366.91,366.91,104.0,104.59,14,14,0.0,0.0
"14963",9,12,1,3123.57,3117.72,46.5,46.91,304,295,7.7,0.4
"14964",246,1,0,206.21,206.21,NULL,NULL,13,13,0.0,0.0
"14965",95,2,0,596.09,596.09,0.0,0.00,80,77,0.0,0.0
"14966",14,6,0,1064.26,1064.26,141.6,141.99,125,119,0.0,0.0
"14967",49,6,0,1982.61,1982.61,136.8,137.37,22,20,0.0,0.0
"14968",29,2,0,497.49,497.49,428.0,428.02,82,81,0.0,0.0
"14969",703,1,0,906.23,906.23,NULL,NULL,13,13,0.0,0.0
"14970",67,12,4,4919.35,3593.40,53.6,54.09,71,66,25.0,11.0
"14971",34,3,0,1097.98,1097.98,4.0,4.07,144,139,0.0,0.0
"14972",127,2,0,145.07,145.07,252.0,252.94,20,20,0.0,0.0
"14973",106,3,0,1314.45,1314.45,58.5,59.07,29,29,0.0,0.0
"14974",36,1,0,89.94,89.94,NULL,NULL,17,17,0.0,0.0
"14975",56,2,0,472.39,472.39,363.0,364.00,25,24,0.0,0.0
"14976",56,6,1,774.86,749.86,53.6,53.84,45,45,14.3,1.4
"14977",725,1,0,31.93,31.93,NULL,NULL,4,4,0.0,0.0
"14978",71,10,2,3112.19,3076.39,57.1,57.57,175,164,16.7,0.7
"14979",734,1,0,429.66,429.66,NULL,NULL,42,40,0.0,0.0
"14980",736,1,0,150.68,150.68,NULL,NULL,24,22,0.0,0.0
"14981",245,2,1,372.92,313.52,177.0,177.11,20,20,33.3,8.3
"14982",571,1,0,234.88,234.88,NULL,NULL,38,37,0.0,0.0
"14983",688,1,0,183.20,183.20,NULL,NULL,30,26,0.0,0.0
"14984",18,6,0,1260.51,1260.51,135.2,135.61,48,46,0.0,0.0
"14985",197,2,0,292.01,292.01,159.0,159.78,78,77,0.0,0.0
"14986",375,2,0,563.10,563.10,307.0,307.98,87,85,0.0,0.0
"14987",15,8,1,1550.65,1469.05,102.4,103.11,4,4,11.1,6.3
"14988",211,7,0,2038.65,2038.65,64.5,65.16,171,163,0.0,0.0
"14989",661,1,0,342.40,342.40,NULL,NULL,18,18,0.0,0.0
"14990",611,2,0,304.17,304.17,118.0,118.02,41,33,0.0,0.0
"14991",429,1,0,314.67,314.67,NULL,NULL,21,19,0.0,0.0
"14992",441,1,0,210.50,210.50,NULL,NULL,27,27,0.0,0.0
"14993",563,1,0,36.13,36.13,NULL,NULL,9,9,0.0,0.0
"14994",381,5,2,942.77,886.64,59.8,60.24,232,219,28.6,2.9
"14995",38,2,0,231.98,231.98,241.0,241.93,53,46,0.0,0.0
"14996",480,2,0,442.29,442.29,0.0,0.00,37,37,0.0,0.0
"14997",45,4,1,776.60,771.38,202.3,203.02,36,34,20.0,2.6
"14998",169,4,0,753.18,753.18,144.7,145.02,111,106,0.0,0.0
"14999",592,1,0,129.48,129.48,NULL,NULL,9,9,0.0,0.0
"15000",47,1,0,490.52,490.52,NULL,NULL,76,74,0.0,0.0
"15001",393,2,0,197.11,197.11,0.0,0.01,43,41,0.0,0.0
"15002",115,9,0,4138.08,4138.08,72.3,72.62,220,213,0.0,0.0
"15003",472,6,1,1027.03,1022.03,41.2,41.82,253,236,14.3,0.3
"15004",146,1,0,1220.38,1220.38,NULL,NULL,153,151,0.0,0.0
"15005",15,56,20,13752.58,13410.90,12.7,13.14,590,548,26.3,3.8
"15006",50,2,0,752.83,752.83,402.0,402.09,164,156,0.0,0.0
"15007",158,1,0,156.91,156.91,NULL,NULL,12,12,0.0,0.0
"15008",479,2,0,360.00,360.00,157.0,157.08,6,6,0.0,0.0
"15009",11,3,0,1259.43,1259.43,6.0,6.41,148,145,0.0,0.0
"15010",35,1,0,308.94,308.94,NULL,NULL,20,20,0.0,0.0
"15011",395,2,0,416.60,416.60,20.0,20.96,17,17,0.0,0.0
"15012",53,3,0,646.26,646.26,261.0,261.51,165,155,0.0,0.0
"15013",487,10,0,1610.82,1610.82,20.7,21.11,177,168,0.0,0.0
"15014",42,2,0,257.67,257.67,133.0,133.02,29,29,0.0,0.0
"15015",500,13,7,2344.47,2255.27,18.2,18.66,157,146,35.0,3.9
"15016",172,5,1,620.89,612.89,92.5,92.74,93,91,16.7,1.9
"15017",33,1,0,125.58,125.58,NULL,NULL,20,20,0.0,0.0
"15018",38,3,1,496.21,456.26,164.0,164.54,30,29,25.0,3.1
"15019",266,1,0,252.81,252.81,NULL,NULL,64,61,0.0,0.0
"15020",378,1,0,198.47,198.47,NULL,NULL,27,23,0.0,0.0
"15021",8,12,5,2500.59,2422.35,43.9,44.53,355,339,29.4,1.3
"15022",11,5,0,1133.44,1133.44,165.8,166.46,115,112,0.0,0.0
"15023",2,20,3,11555.50,11477.01,34.9,35.32,485,468,13.0,0.5
"15024",9,16,0,3559.39,3559.39,27.3,27.66,168,164,0.0,0.0
"15025",32,2,0,971.84,971.84,535.0,535.08,131,128,0.0,0.0
"15026",79,5,0,1044.09,1044.09,91.3,92.00,108,108,0.0,0.0
"15027",30,10,3,3195.60,2974.04,65.4,65.98,69,68,23.1,3.2
"15028",7,6,0,962.94,962.94,76.6,77.20,65,65,0.0,0.0
"15029",617,1,1,365.10,362.15,NULL,NULL,10,10,50.0,9.1
"15030",71,8,1,1979.91,1967.16,81.4,81.96,25,25,11.1,2.9
"15031",3,14,2,3102.94,2813.73,55.5,55.93,237,226,12.5,8.6
"15032",255,8,2,11010.05,10515.05,67.1,67.57,39,37,20.0,3.1
"15033",4,10,1,2553.88,2538.23,35.4,36.11,314,310,9.1,0.6
"15034",15,14,3,8231.20,8200.25,42.7,43.23,416,411,17.6,0.8
"15035",89,1,0,252.73,252.73,NULL,NULL,26,26,0.0,0.0
"15036",71,3,0,429.56,429.56,53.5,53.57,107,107,0.0,0.0
"15037",375,2,0,397.76,397.76,0.0,0.04,40,38,0.0,0.0
"15038",42,9,1,1146.53,1106.63,45.3,45.86,190,181,10.0,1.3
"15039",9,93,14,39141.48,38853.04,7.4,7.83,562,530,13.1,0.7
"15040",541,1,0,7.49,7.49,NULL,NULL,1,1,0.0,0.0
"15041",169,2,0,288.98,288.98,274.0,274.13,97,94,0.0,0.0
"15042",198,2,0,315.45,315.45,396.0,396.10,9,9,0.0,0.0
"15043",30,6,0,2855.32,2855.32,99.6,100.39,38,32,0.0,0.0
"15044",18,32,9,15769.01,15653.61,22.3,22.71,343,328,22.0,1.7
"15045",151,2,1,735.66,633.66,105.0,105.99,11,11,33.3,7.7
"15046",8,25,3,7604.84,7375.83,28.1,28.54,247,237,10.7,1.0
"15047",269,1,0,343.62,343.62,NULL,NULL,22,22,0.0,0.0
"15048",64,4,1,381.00,377.52,100.3,101.04,86,84,20.0,1.1
"15049",273,1,0,121.17,121.17,NULL,NULL,3,3,0.0,0.0
"15050",24,5,2,4087.19,4032.27,113.5,113.79,116,110,28.6,1.3
"15051",22,9,1,3926.91,3911.91,88.9,89.39,226,216,10.0,0.3
"15052",318,1,0,207.73,207.73,NULL,NULL,27,27,0.0,0.0
"15053",4,3,0,693.95,693.95,138.0,138.50,49,49,0.0,0.0
"15054",11,2,0,302.10,302.10,28.0,28.02,105,99,0.0,0.0
"15055",474,3,0,549.12,549.12,123.5,124.40,77,75,0.0,0.0
"15056",519,1,0,113.65,113.65,NULL,NULL,6,6,0.0,0.0
"15057",274,5,1,3255.96,3184.56,114.3,114.75,62,60,16.7,1.4
"15058",24,16,1,3387.58,3354.73,41.5,41.87,232,221,5.9,0.3
"15059",40,19,8,3490.40,3394.45,38.1,38.50,307,292,29.6,1.3
"15060",7,4,0,293.00,293.00,0.0,0.33,80,77,0.0,0.0
"15061",3,127,10,126387.57,124982.13,5.6,5.83,130,123,7.3,1.1
"15062",70,8,0,2585.62,2585.62,76.3,77.01,98,95,0.0,0.0
"15063",212,1,0,370.80,370.80,NULL,NULL,5,5,0.0,0.0
"15064",409,4,0,1154.41,1154.41,101.7,102.31,74,70,0.0,0.0
"15065",37,5,2,3326.86,3304.71,92.8,93.26,156,155,28.6,1.8
"15066",31,1,1,893.59,760.59,NULL,NULL,42,42,50.0,20.8
"15067",77,5,1,3862.88,3850.13,131.8,132.22,170,168,16.7,0.6
"15068",45,4,0,1174.90,1174.90,191.3,191.69,178,174,0.0,0.0
"15069",178,1,0,1109.53,1109.53,NULL,NULL,70,59,0.0,0.0
"15070",372,3,0,737.05,737.05,175.5,175.95,26,26,0.0,0.0
"15071",93,4,0,1455.56,1455.56,158.7,158.99,41,41,0.0,0.0
"15072",478,1,0,187.52,187.52,NULL,NULL,13,13,0.0,0.0
"15073",9,8,1,2788.02,2357.04,95.4,96.01,115,110,11.1,12.2
"15074",104,3,0,1553.13,1553.13,180.5,181.06,63,63,0.0,0.0
"15075",77,1,0,773.03,773.03,NULL,NULL,27,27,0.0,0.0
"15076",172,3,2,1447.74,1425.84,174.0,174.88,68,68,40.0,2.4
"15077",455,2,2,2428.08,2423.88,235.0,235.75,28,20,50.0,5.9
"15078",6,52,11,17276.73,17091.37,13.9,14.28,117,114,17.5,2.4
"15079",212,11,6,3625.40,3546.75,51.6,51.91,119,116,35.3,5.4
"15080",427,2,0,546.25,546.25,74.0,74.08,31,29,0.0,0.0
"15081",21,12,1,1854.57,1837.12,46.2,46.66,75,72,7.7,1.9
"15082",668,1,0,93.35,93.35,NULL,NULL,6,6,0.0,0.0
"15083",256,1,0,88.20,88.20,NULL,NULL,5,4,0.0,0.0
"15084",379,2,0,965.20,965.20,266.0,266.05,31,31,0.0,0.0
"15085",729,1,0,347.54,347.54,NULL,NULL,9,9,0.0,0.0
"15086",564,2,0,218.53,218.53,60.0,60.94,10,10,0.0,0.0
"15087",281,1,0,306.94,306.94,NULL,NULL,15,15,0.0,0.0
"15088",20,2,1,1160.07,1140.27,45.0,45.96,53,52,33.3,5.0
"15089",9,6,0,2420.84,2420.84,23.2,23.62,139,135,0.0,0.0
"15090",307,1,0,381.32,381.32,NULL,NULL,23,23,0.0,0.0
"15091",53,3,3,1046.61,1023.11,303.5,303.52,55,55,50.0,5.0
"15092",214,3,1,776.46,773.16,123.0,123.53,39,38,25.0,2.2
"15093",17,23,11,13702.38,13034.15,32.0,32.41,104,99,32.4,4.2
"15094",462,2,0,83.00,83.00,181.0,181.17,4,3,0.0,0.0
"15095",103,10,1,3141.64,3135.74,64.6,64.90,90,90,9.1,1.6
"15096",42,1,0,219.39,219.39,NULL,NULL,11,11,0.0,0.0
"15097",3,3,2,908.35,587.05,289.0,289.49,59,59,40.0,2.9
"15098",181,3,1,39916.50,39619.50,0.0,0.00,1,1,25.0,25.0
"15099",83,1,0,410.48,410.48,NULL,NULL,23,22,0.0,0.0
"15100",329,7,7,2193.90,1750.10,60.7,61.31,11,11,50.0,30.4
"15101",8,6,5,1477.94,1303.49,115.8,116.36,52,50,45.5,9.4
"15102",530,2,0,554.67,554.67,16.0,16.08,26,26,0.0,0.0
"15103",30,2,0,703.36,703.36,55.0,55.04,35,33,0.0,0.0
"15104",166,2,1,993.54,968.64,85.0,85.93,66,65,33.3,2.9
"15105",17,9,0,3094.91,3094.91,75.8,76.02,129,126,0.0,0.0
"15106",17,5,2,1422.52,1407.73,62.3,62.96,90,90,28.6,2.0
"15107",310,9,3,824.35,752.60,17.0,17.52,32,32,25.0,8.5
"15108",141,3,1,1159.25,1150.75,42.5,42.99,49,49,25.0,1.7
"15109",240,3,1,983.10,961.90,244.5,244.95,46,43,25.0,5.9
"15110",23,6,3,1505.85,1482.95,92.0,92.36,23,23,33.3,7.0
"15111",28,5,0,2442.37,2442.37,140.3,140.79,109,109,0.0,0.0
"15112",610,1,0,209.40,209.40,NULL,NULL,7,7,0.0,0.0
"15113",9,3,1,3509.04,3339.12,21.5,22.35,76,76,25.0,1.0
"15114",29,12,0,3400.12,3400.12,35.0,35.54,151,151,0.0,0.0
"15115",17,2,1,531.85,528.10,714.0,714.15,35,35,33.3,2.8
"15116",17,4,0,1352.75,1352.75,62.3,62.38,37,37,0.0,0.0
"15117",14,8,1,2485.97,2484.32,88.0,88.54,89,87,11.1,0.8
"15118",133,1,0,244.80,244.80,NULL,NULL,1,1,0.0,0.0
"15119",245,1,0,266.40,266.40,NULL,NULL,14,14,0.0,0.0
"15120",129,1,1,358.82,343.82,NULL,NULL,21,21,50.0,4.5
"15121",49,2,0,457.72,457.72,238.0,238.09,28,28,0.0,0.0
"15122",84,11,5,4487.27,4451.22,50.2,50.51,155,152,31.3,3.4
"15123",6,5,0,4656.17,4656.17,156.0,156.54,149,146,0.0,0.0
"15124",22,4,0,450.82,450.82,209.3,209.66,30,30,0.0,0.0
"15125",24,24,12,17024.87,16124.33,25.6,25.78,151,143,33.3,8.0
"15126",536,2,0,449.49,449.49,150.0,150.81,25,25,0.0,0.0
"15127",65,2,0,711.50,711.50,454.0,454.02,27,27,0.0,0.0
"15128",59,5,3,1783.68,1735.93,91.8,92.47,87,84,37.5,6.1
"15129",49,23,0,6860.18,6860.18,25.0,25.45,86,86,0.0,0.0
"15130",169,1,0,330.11,330.11,NULL,NULL,22,21,0.0,0.0
"15131",394,1,0,80.28,80.28,NULL,NULL,7,7,0.0,0.0
"15132",17,5,0,977.93,977.93,60.8,61.05,49,49,0.0,0.0
"15133",127,5,0,1806.90,1806.90,97.8,98.23,45,43,0.0,0.0
"15134",14,10,0,1596.29,1596.29,44.8,45.32,47,47,0.0,0.0
"15135",232,2,1,305.68,293.78,317.0,317.24,17,17,33.3,4.8
"15136",2,4,1,1286.70,1282.45,31.0,31.28,61,61,20.0,1.4
"15137",520,2,3,823.40,747.55,159.0,159.75,34,34,60.0,15.0
"15138",384,1,1,502.52,486.59,NULL,NULL,31,31,50.0,6.1
"15139",239,2,0,178.96,178.96,96.0,96.95,13,13,0.0,0.0
"15140",51,8,1,3243.69,3239.44,55.4,55.72,103,101,11.1,0.9
"15141",457,7,2,1388.47,1378.31,26.8,27.30,44,43,22.2,3.6
"15142",45,6,1,2619.92,2608.97,90.6,90.83,115,111,14.3,0.7
"15143",225,2,0,563.63,563.63,206.0,206.92,27,27,0.0,0.0
"15144",7,29,4,12160.31,12006.51,25.3,25.65,199,191,12.1,1.1
"15145",3,4,0,1194.73,1194.73,81.0,81.36,54,54,0.0,0.0
"15146",164,2,1,1327.16,1313.66,126.0,126.96,90,89,33.3,4.2
"15147",218,1,1,623.50,608.65,NULL,NULL,28,28,50.0,3.4
"15148",10,1,0,301.29,301.29,NULL,NULL,20,20,0.0,0.0
"15149",133,4,0,1524.61,1524.61,171.7,172.00,61,60,0.0,0.0
"15150",16,13,1,8977.94,8967.44,43.4,43.84,495,477,7.1,0.2
"15151",422,2,0,2085.61,2085.61,86.0,86.18,56,55,0.0,0.0
"15152",9,14,3,5263.83,5202.38,52.7,53.22,214,209,17.6,2.3
"15153",30,1,0,329.25,329.25,NULL,NULL,22,22,0.0,0.0
"15154",73,3,1,1343.72,1314.17,201.0,201.47,166,147,25.0,2.3
"15155",382,1,0,383.97,383.97,NULL,NULL,24,24,0.0,0.0
"15156",0,3,0,961.49,961.49,15.5,16.12,51,51,0.0,0.0
"15157",3,5,2,2654.11,2597.88,180.8,181.47,152,139,28.6,4.4
"15158",44,2,1,606.02,437.66,356.0,356.00,11,11,33.3,15.4
"15159",1,34,4,22116.73,22049.40,12.7,13.03,413,384,10.5,1.2
"15160",356,4,0,589.27,589.27,20.7,21.32,17,17,0.0,0.0
"15161",387,1,0,119.92,119.92,NULL,NULL,33,30,0.0,0.0
"15162",728,1,1,312.90,241.50,NULL,NULL,12,12,50.0,25.0
"15163",17,2,0,304.47,304.47,173.0,173.91,29,29,0.0,0.0
"15164",68,9,1,2028.11,2011.21,77.1,77.74,243,240,10.0,0.6
"15165",372,1,0,487.75,487.75,NULL,NULL,27,26,0.0,0.0
"15166",467,1,0,167.16,167.16,NULL,NULL,12,12,0.0,0.0
"15167",320,5,0,1627.62,1627.62,87.8,88.23,262,257,0.0,0.0
"15168",25,1,0,106.56,106.56,NULL,NULL,5,5,0.0,0.0
"15169",381,2,0,569.22,569.22,344.0,344.08,58,58,0.0,0.0
"15170",406,1,0,81.15,81.15,NULL,NULL,4,4,0.0,0.0
"15171",324,1,1,1289.50,1034.50,NULL,NULL,5,5,50.0,28.6
"15172",8,5,0,1624.05,1624.05,56.5,57.00,106,105,0.0,0.0
"15173",380,7,1,1494.60,1399.26,38.8,39.49,68,64,12.5,2.3
"15174",322,2,0,481.46,481.46,87.0,87.98,34,32,0.0,0.0
"15175",71,1,0,224.14,224.14,NULL,NULL,23,22,0.0,0.0
"15176",596,1,1,988.04,985.09,NULL,NULL,52,51,50.0,1.9
"15177",425,1,0,948.93,948.93,NULL,NULL,26,25,0.0,0.0
"15178",259,1,0,40.50,40.50,NULL,NULL,3,3,0.0,0.0
"15179",17,13,4,7491.92,7426.82,59.4,59.83,225,217,23.5,2.5
"15180",366,3,0,816.93,816.93,110.5,110.99,46,45,0.0,0.0
"15181",65,5,2,1200.20,957.65,166.0,166.20,15,15,28.6,9.1
"15182",153,11,3,2998.95,2942.75,50.0,50.21,77,74,21.4,2.4
"15183",547,3,1,639.93,637.03,18.0,18.48,33,30,25.0,2.6
"15184",28,4,0,685.39,685.39,231.0,231.36,72,64,0.0,0.0
"15185",69,1,0,310.62,310.62,NULL,NULL,21,20,0.0,0.0
"15186",13,5,0,1403.20,1403.20,170.3,170.55,29,28,0.0,0.0
"15187",1,15,2,4762.18,4655.08,14.6,15.07,60,60,11.8,2.2
"15188",724,1,0,310.43,310.43,NULL,NULL,23,23,0.0,0.0
"15189",0,46,12,17524.38,17101.13,10.8,11.29,90,89,20.7,7.7
"15190",433,1,0,834.44,834.44,NULL,NULL,40,40,0.0,0.0
"15191",462,3,0,588.05,588.05,112.5,112.56,33,29,0.0,0.0
"15192",119,5,0,1666.39,1666.39,139.8,140.02,56,51,0.0,0.0
"15193",60,1,0,499.32,499.32,NULL,NULL,19,19,0.0,0.0
"15194",2,28,11,12021.53,11781.52,26.7,27.16,274,260,28.2,5.4
"15195",2,1,0,3861.00,3861.00,NULL,NULL,1,1,0.0,0.0
"15196",432,2,0,313.70,313.70,293.0,293.98,34,32,0.0,0.0
"15197",8,6,3,1877.51,1437.84,143.0,143.58,44,44,33.3,9.2
"15198",91,5,1,571.35,559.45,148.8,149.30,28,28,16.7,3.1
"15199",58,10,0,3122.40,3122.40,56.8,57.36,17,15,0.0,0.0
"15200",494,1,0,549.05,549.05,NULL,NULL,30,29,0.0,0.0
"15201",78,7,7,1842.95,1525.90,87.0,87.33,44,42,50.0,23.7
"15203",25,15,0,4400.18,4400.18,49.9,50.40,150,145,0.0,0.0
"15204",356,1,0,316.58,316.58,NULL,NULL,9,9,0.0,0.0
"15205",84,2,0,653.24,653.24,42.0,42.15,37,34,0.0,0.0
"15206",9,4,0,420.30,420.30,88.3,88.40,3,3,0.0,0.0
"15207",409,3,2,683.92,657.27,65.0,65.42,19,19,40.0,7.7
"15208",0,6,1,970.52,968.02,84.2,84.44,27,27,14.3,2.0
"15209",729,1,0,178.98,178.98,NULL,NULL,13,13,0.0,0.0
"15210",224,3,0,1176.19,1176.19,174.5,175.03,66,66,0.0,0.0
"15211",59,2,0,894.41,894.41,304.0,304.89,52,49,0.0,0.0
"15212",238,2,1,208.28,195.43,135.0,135.13,7,7,33.3,16.7
"15213",318,2,1,328.35,325.05,11.0,11.05,22,22,33.3,4.0
"15214",1,8,0,1661.44,1661.44,34.0,34.44,109,109,0.0,0.0
"15215",44,7,4,2422.43,1496.46,94.0,94.34,85,85,36.4,28.9
"15216",87,2,0,486.09,486.09,531.0,531.08,24,24,0.0,0.0
"15217",562,1,0,426.24,426.24,NULL,NULL,28,28,0.0,0.0
"15218",10,22,3,11453.83,11393.26,31.6,32.00,138,134,12.0,2.2
"15219",175,2,0,685.45,685.45,472.0,472.23,26,21,0.0,0.0
"15220",51,6,1,1778.96,1758.92,45.2,45.82,110,110,14.3,1.7
"15221",365,4,3,2062.20,1702.00,90.0,90.37,21,21,42.9,25.6
"15222",318,11,6,3550.91,3415.66,39.8,40.48,98,96,35.3,12.1
"15223",225,5,1,1417.95,1117.10,126.8,127.25,26,26,16.7,26.1
"15224",357,5,3,871.36,837.26,83.3,83.74,24,24,37.5,12.5
"15225",233,1,0,409.40,409.40,NULL,NULL,23,23,0.0,0.0
"15226",310,1,0,154.41,154.41,NULL,NULL,8,8,0.0,0.0
"15227",36,9,0,2488.49,2488.49,74.3,74.64,86,86,0.0,0.0
"15228",65,6,1,5580.27,5570.52,86.2,86.63,184,181,14.3,0.4
"15229",585,1,0,160.50,160.50,NULL,NULL,9,9,0.0,0.0
"15230",238,2,0,429.60,429.60,1.0,1.15,23,22,0.0,0.0
"15231",595,1,1,250.26,228.36,NULL,NULL,14,14,50.0,17.6
"15232",112,2,0,612.06,612.06,27.0,27.17,26,24,0.0,0.0
"15233",400,1,0,59.40,59.40,NULL,NULL,1,1,0.0,0.0
"15234",276,1,0,197.00,197.00,NULL,NULL,14,14,0.0,0.0
"15235",217,16,0,2772.76,2772.76,11.0,11.39,161,154,0.0,0.0
"15236",298,1,0,321.05,321.05,NULL,NULL,15,15,0.0,0.0
"15237",1,4,0,1412.32,1412.32,74.7,75.26,94,93,0.0,0.0
"15238",28,3,2,1071.99,1056.54,76.5,77.47,49,49,40.0,3.8
"15239",9,2,1,780.59,764.34,68.0,68.18,48,48,33.3,5.8
"15240",44,12,7,4459.98,4327.51,62.2,62.71,134,131,36.8,7.1
"15241",66,11,1,3050.16,3032.31,58.2,58.78,120,119,8.3,0.5
"15242",421,1,0,302.04,302.04,NULL,NULL,4,4,0.0,0.0
"15243",73,2,0,927.28,927.28,360.0,360.86,56,54,0.0,0.0
"15244",64,3,1,912.08,850.18,300.0,300.47,44,43,25.0,4.0
"15245",133,8,0,4610.84,4610.84,65.4,65.88,72,71,0.0,0.0
"15246",237,3,0,780.40,780.40,158.0,158.57,45,45,0.0,0.0
"15247",121,3,1,976.06,967.11,207.0,207.47,13,13,25.0,5.6
"15248",410,3,1,1893.93,1865.03,60.5,61.47,103,96,25.0,4.5
"15249",31,18,3,9266.00,9147.15,34.4,34.82,304,289,14.3,2.3
"15250",640,1,0,60.00,60.00,NULL,NULL,3,1,0.0,0.0
"15251",8,21,9,20324.54,20118.92,33.1,33.50,183,183,30.0,6.1
"15252",35,5,2,2103.41,2053.06,143.5,143.78,106,101,28.6,2.5
"15253",15,8,4,2055.09,2033.29,81.1,81.46,102,100,33.3,4.1
"15254",126,3,1,1088.35,1073.40,216.5,216.60,64,61,25.0,1.5
"15255",66,9,2,3706.02,3647.37,83.3,83.77,137,136,18.2,2.1
"15256",148,2,0,170.40,170.40,413.0,413.00,6,6,0.0,0.0
"15257",280,2,1,685.90,600.90,130.0,130.95,11,11,33.3,7.7
"15258",168,2,0,623.16,623.16,48.0,48.93,32,32,0.0,0.0
"15259",512,4,0,1182.38,1182.38,56.3,56.65,50,50,0.0,0.0
"15260",99,25,5,8767.73,8677.88,26.0,26.38,186,183,16.7,1.6
"15261",134,4,0,1508.00,1508.00,99.0,99.71,87,87,0.0,0.0
"15262",323,3,0,418.82,418.82,81.5,82.42,22,22,0.0,0.0
"15263",106,1,0,156.51,156.51,NULL,NULL,12,9,0.0,0.0
"15264",63,2,1,848.40,844.20,466.0,466.01,52,52,33.3,3.5
"15265",150,4,0,3345.64,3345.64,195.3,195.63,179,179,0.0,0.0
"15266",337,5,0,852.21,852.21,90.3,90.76,38,38,0.0,0.0
"15267",21,5,0,1717.36,1717.36,39.8,40.06,8,8,0.0,0.0
"15268",478,3,1,961.90,941.25,63.0,63.48,21,21,25.0,18.5
"15269",23,3,0,1225.36,1225.36,183.0,183.43,33,33,0.0,0.0
"15270",15,21,10,8524.86,7241.19,35.0,35.34,66,63,32.3,13.8
"15271",6,24,2,4528.54,4458.29,20.5,21.04,369,366,7.7,0.7
"15272",56,6,0,2030.95,2030.95,120.6,121.19,257,249,0.0,0.0
"15273",599,1,0,228.96,228.96,NULL,NULL,1,1,0.0,0.0
"15274",3,2,0,716.57,716.57,14.0,14.11,44,44,0.0,0.0
"15275",30,1,1,615.14,609.19,NULL,NULL,41,41,50.0,2.4
"15276",65,4,1,619.80,601.30,122.7,122.73,160,159,20.0,2.2
"15277",46,2,0,476.34,476.34,378.0,378.75,23,23,0.0,0.0
"15278",561,4,0,496.16,496.16,34.3,34.60,29,27,0.0,0.0
"15279",354,5,2,1580.54,1554.84,79.8,80.26,74,70,28.6,3.1
"15280",171,3,0,397.52,397.52,199.0,199.56,48,47,0.0,0.0
"15281",58,16,6,8543.57,8317.62,24.1,24.59,427,407,27.3,4.0
"15282",569,1,0,348.59,348.59,NULL,NULL,27,27,0.0,0.0
"15283",389,3,1,148.33,135.43,63.5,63.98,9,9,25.0,10.0
"15284",499,1,0,24.75,24.75,NULL,NULL,1,1,0.0,0.0
"15285",407,1,0,94.92,94.92,NULL,NULL,6,6,0.0,0.0
"15286",49,1,0,240.55,240.55,NULL,NULL,3,3,0.0,0.0
"15287",21,5,1,856.03,854.58,178.5,178.78,23,22,16.7,2.7
"15288",42,10,0,3706.53,3706.53,68.6,69.12,127,127,0.0,0.0
"15289",28,5,2,1593.09,1570.71,147.8,148.02,67,63,28.6,2.0
"15290",4,26,4,10496.28,10355.58,25.5,25.96,106,105,13.3,3.0
"15291",25,39,13,13472.76,13077.44,18.2,18.71,115,112,25.0,8.0
"15292",200,1,0,178.39,178.39,NULL,NULL,24,24,0.0,0.0
"15293",665,1,0,247.50,247.50,NULL,NULL,19,19,0.0,0.0
"15294",399,1,1,233.35,222.30,NULL,NULL,15,15,50.0,11.8
"15295",653,1,0,207.04,207.04,NULL,NULL,50,47,0.0,0.0
"15296",43,12,8,10323.03,10204.13,57.5,57.90,342,322,40.0,2.2
"15297",9,3,1,641.94,635.04,26.5,26.64,30,29,25.0,4.9
"15298",1,23,6,9061.77,7958.43,32.6,33.14,199,193,20.7,2.5
"15299",66,9,1,5556.53,5550.52,78.5,78.64,8,8,10.0,18.2
"15300",63,1,0,496.44,496.44,NULL,NULL,28,28,0.0,0.0
"15301",50,17,2,6909.67,6867.44,24.5,24.99,231,227,10.5,1.1
"15302",721,1,1,308.00,291.05,NULL,NULL,15,15,50.0,6.3
"15303",289,3,1,1224.18,1178.78,196.5,196.59,63,63,25.0,2.8
"15304",60,9,2,796.40,782.30,44.8,45.12,8,8,18.2,11.1
"15305",554,1,0,93.60,93.60,NULL,NULL,5,5,0.0,0.0
"15306",63,9,1,3484.73,3480.98,73.9,74.35,123,121,10.0,0.6
"15307",95,1,0,205.30,205.30,NULL,NULL,12,12,0.0,0.0
"15308",270,1,1,310.47,302.27,NULL,NULL,19,19,50.0,9.5
"15309",610,4,6,797.96,715.53,41.3,41.64,49,49,60.0,11.5
"15310",478,1,0,1634.64,1634.64,NULL,NULL,45,45,0.0,0.0
"15311",0,207,62,114671.42,111444.36,3.1,3.58,863,799,23.0,6.0
"15312",74,12,2,2930.19,2916.49,58.5,58.92,118,114,14.3,1.2
"15313",109,1,0,52.00,52.00,NULL,NULL,1,1,0.0,0.0
"15314",198,3,1,820.45,800.65,114.0,114.48,49,48,25.0,2.0
"15315",63,2,1,570.50,551.54,51.0,51.90,35,35,33.3,2.6
"15316",326,1,0,165.00,165.00,NULL,NULL,1,1,0.0,0.0
"15317",676,1,1,129.75,112.05,NULL,NULL,5,5,50.0,16.7
"15318",3,1,0,312.62,312.62,NULL,NULL,33,33,0.0,0.0
"15319",283,1,0,204.50,204.50,NULL,NULL,16,16,0.0,0.0
"15320",43,1,0,267.13,267.13,NULL,NULL,36,36,0.0,0.0
"15321",48,12,6,6709.73,6573.40,54.5,54.91,242,240,33.3,5.8
"15322",63,2,1,1390.86,1314.15,390.0,390.85,76,76,33.3,7.8
"15323",532,3,1,434.60,320.90,49.0,49.51,29,29,25.0,21.6
"15324",700,1,0,140.22,140.22,NULL,NULL,8,8,0.0,0.0
"15325",103,8,1,1601.46,1596.26,79.1,79.70,164,156,11.1,0.4
"15326",333,5,5,1700.52,1529.82,100.8,101.23,94,93,50.0,11.6
"15327",52,1,0,208.75,208.75,NULL,NULL,10,10,0.0,0.0
"15328",407,1,0,107.24,107.24,NULL,NULL,8,8,0.0,0.0
"15329",34,11,9,2958.83,2737.18,68.2,68.61,98,97,45.0,11.0
"15330",31,2,0,714.96,714.96,28.0,28.22,10,8,0.0,0.0
"15331",499,3,1,767.91,755.41,54.5,54.90,41,41,25.0,4.3
"15332",365,6,0,4892.68,4892.68,29.0,29.41,113,110,0.0,0.0
"15333",207,1,0,1028.56,1028.56,NULL,NULL,16,16,0.0,0.0
"15334",156,3,0,347.87,347.87,8.0,8.45,66,66,0.0,0.0
"15335",53,1,0,170.22,170.22,NULL,NULL,34,34,0.0,0.0
"15336",401,1,0,240.50,240.50,NULL,NULL,15,15,0.0,0.0
"15337",402,1,1,373.02,344.72,NULL,NULL,21,21,50.0,12.5
"15338",676,1,0,277.93,277.93,NULL,NULL,56,55,0.0,0.0
"15339",65,7,4,1821.02,1627.27,99.8,100.49,162,158,36.4,3.5
"15340",561,1,0,105.50,105.50,NULL,NULL,7,7,0.0,0.0
"15341",80,2,1,2402.72,2401.02,368.0,368.71,22,20,33.3,4.0
"15342",115,1,1,406.09,391.76,NULL,NULL,24,24,50.0,7.7
"15343",86,1,0,364.50,364.50,NULL,NULL,21,21,0.0,0.0
"15344",0,3,2,563.94,476.58,36.5,36.92,21,21,40.0,18.8
"15345",34,1,1,393.54,367.69,NULL,NULL,20,20,50.0,13.0
"15346",332,3,1,596.12,591.65,48.5,49.42,36,35,25.0,2.6
"15347",365,4,2,1162.00,1132.30,23.3,23.70,29,29,33.3,5.3
"15348",71,1,0,158.04,158.04,NULL,NULL,9,9,0.0,0.0
"15349",157,2,0,463.91,463.91,29.0,29.01,65,65,0.0,0.0
"15350",372,2,0,547.60,547.60,9.0,9.93,26,23,0.0,0.0
"15351",11,10,5,3430.22,3320.50,46.1,46.67,201,195,33.3,3.7
"15352",548,1,0,111.15,111.15,NULL,NULL,34,34,0.0,0.0
"15353",254,7,1,2794.47,2772.57,80.0,80.50,274,269,12.5,0.3
"15355",28,2,0,277.05,277.05,23.0,23.93,9,7,0.0,0.0
"15356",30,13,0,3239.57,3239.57,32.1,32.58,290,284,0.0,0.0
"15358",4,42,13,16425.86,16213.65,17.4,17.75,359,339,23.6,1.9
"15359",554,8,1,181.35,162.60,4.1,4.42,10,10,11.1,5.9
"15360",39,1,0,427.93,427.93,NULL,NULL,13,13,0.0,0.0
"15361",361,4,0,689.07,689.07,60.0,60.62,10,9,0.0,0.0
"15362",448,2,0,613.08,613.08,290.0,290.06,38,38,0.0,0.0
"15363",240,2,1,678.11,670.16,120.0,120.16,32,32,33.3,2.8
"15364",95,2,0,913.19,913.19,158.0,158.84,29,29,0.0,0.0
"15365",25,13,1,4557.13,3791.98,53.7,53.97,126,125,7.1,14.2
"15366",74,7,0,2389.08,2389.08,95.3,96.03,86,86,0.0,0.0
"15367",56,11,2,5081.33,5005.73,66.8,67.20,214,207,15.4,0.7
"15368",20,2,0,722.74,722.74,372.0,372.95,8,7,0.0,0.0
"15369",374,11,1,6251.26,3346.43,23.5,23.93,44,40,8.3,40.4
"15370",40,8,1,3739.01,3713.51,52.3,52.85,90,87,11.1,0.7
"15371",661,1,0,59.40,59.40,NULL,NULL,1,1,0.0,0.0
"15372",136,8,2,6017.06,5954.42,75.0,75.17,45,45,20.0,5.0
"15373",7,17,1,3084.54,2881.74,35.8,36.13,107,107,5.6,2.6
"15374",128,2,0,307.32,307.32,495.0,495.91,8,8,0.0,0.0
"15375",689,1,0,60.96,60.96,NULL,NULL,6,5,0.0,0.0
"15376",39,3,0,1221.56,1221.56,90.5,91.03,100,99,0.0,0.0
"15377",382,4,1,1211.75,1179.95,10.7,10.96,15,14,20.0,4.5
"15378",462,2,0,246.50,246.50,39.0,39.11,8,7,0.0,0.0
"15379",168,8,1,4877.84,4806.44,32.4,33.01,177,173,11.1,0.8
"15380",8,11,2,3248.96,3192.10,72.6,72.99,27,23,15.4,5.5
"15381",213,5,1,1890.57,1887.62,92.0,92.47,20,20,16.7,4.0
"15382",14,12,8,13733.55,13646.50,65.2,65.53,315,310,40.0,1.6
"15384",169,4,1,2027.79,2021.14,140.0,140.98,83,83,20.0,1.7
"15385",39,3,0,942.08,942.08,318.0,318.54,18,18,0.0,0.0
"15386",185,1,0,394.14,394.14,NULL,NULL,31,29,0.0,0.0
"15387",491,1,0,468.65,468.65,NULL,NULL,20,20,0.0,0.0
"15388",269,1,0,140.54,140.54,NULL,NULL,10,10,0.0,0.0
"15389",171,5,0,2733.80,2733.80,126.8,127.29,2,2,0.0,0.0
"15390",395,2,0,1216.66,1216.66,12.0,12.91,77,77,0.0,0.0
"15391",570,1,1,289.87,282.92,NULL,NULL,12,12,50.0,7.7
"15392",4,7,1,2911.62,2891.82,70.7,71.15,100,99,12.5,0.7
"15393",15,5,0,891.34,891.34,176.3,176.99,37,35,0.0,0.0
"15394",9,11,2,5286.80,5251.40,71.1,71.47,129,126,15.4,0.9
"15395",325,1,0,107.45,107.45,NULL,NULL,7,7,0.0,0.0
"15396",112,2,0,796.38,796.38,471.0,471.08,16,16,0.0,0.0
"15397",289,1,0,94.00,94.00,NULL,NULL,6,6,0.0,0.0
"15398",15,2,1,1345.53,1339.63,62.0,62.08,60,60,33.3,1.4
"15399",0,3,0,815.77,815.77,38.0,38.94,45,44,0.0,0.0
"15400",91,8,1,1302.30,1252.80,66.4,66.89,16,16,11.1,3.6
"15401",451,2,0,216.95,216.95,116.0,116.12,14,14,0.0,0.0
"15402",148,6,1,1830.12,1816.22,88.0,88.60,78,70,14.3,1.5
"15403",491,2,0,170.88,170.88,238.0,238.98,6,6,0.0,0.0
"15404",375,1,0,257.06,257.06,NULL,NULL,16,16,0.0,0.0
"15405",188,2,0,659.84,659.84,386.0,386.95,29,29,0.0,0.0
"15406",17,4,2,975.87,891.77,140.3,140.67,108,105,33.3,3.9
"15407",33,4,0,1046.74,1046.74,90.3,90.65,142,140,0.0,0.0
"15408",263,1,0,267.18,267.18,NULL,NULL,34,34,0.0,0.0
"15409",701,1,1,131.25,117.20,NULL,NULL,9,7,50.0,25.0
"15410",83,10,0,4685.72,4685.72,56.8,57.25,80,80,0.0,0.0
"15411",25,4,1,1348.93,1336.43,52.0,52.04,86,84,20.0,1.0
"15412",170,1,0,190.53,190.53,NULL,NULL,10,10,0.0,0.0
"15413",691,5,0,6798.72,6798.72,11.0,11.76,20,17,0.0,0.0
"15414",9,3,0,774.90,774.90,116.0,116.42,37,37,0.0,0.0
"15415",312,1,0,559.61,559.61,NULL,NULL,46,46,0.0,0.0
"15416",64,7,1,4572.82,4562.87,101.5,101.98,189,186,12.5,0.4
"15417",84,1,0,508.80,508.80,NULL,NULL,28,26,0.0,0.0
"15418",424,2,0,449.42,449.42,161.0,161.09,64,63,0.0,0.0
"15419",24,1,0,135.86,135.86,NULL,NULL,8,8,0.0,0.0
"15420",433,6,0,743.00,743.00,59.6,60.02,52,52,0.0,0.0
"15421",58,10,0,3805.34,3805.34,74.3,74.86,170,164,0.0,0.0
"15422",322,7,1,1619.97,1615.02,57.3,57.86,80,80,12.5,0.8
"15423",37,3,1,266.89,219.14,291.0,291.51,13,13,25.0,17.6
"15424",253,3,0,597.78,597.78,104.0,104.41,33,29,0.0,0.0
"15425",399,4,0,1941.12,1941.12,87.3,87.74,114,106,0.0,0.0
"15426",18,9,2,2156.35,2138.86,70.5,70.88,327,320,18.2,1.8
"15427",32,3,0,1430.54,1430.54,6.5,6.99,233,226,0.0,0.0
"15428",14,4,0,762.75,762.75,235.0,235.65,39,39,0.0,0.0
"15429",26,2,1,397.35,364.90,48.0,48.95,77,76,33.3,1.2
"15430",467,2,1,954.75,903.75,60.0,60.82,36,35,33.3,12.2
"15431",502,1,0,153.24,153.24,NULL,NULL,2,2,0.0,0.0
"15432",22,2,2,320.76,301.26,518.0,518.08,16,16,50.0,11.1
"15433",78,2,1,533.30,417.87,53.0,53.86,40,40,33.3,22.6
"15434",7,11,2,2567.06,2517.11,67.3,67.59,82,82,15.4,3.6
"15435",21,1,0,149.29,149.29,NULL,NULL,29,29,0.0,0.0
"15436",11,3,0,1067.75,1067.75,110.0,110.98,243,238,0.0,0.0
"15437",261,2,0,393.45,393.45,378.0,378.10,56,55,0.0,0.0
"15438",130,1,0,156.58,156.58,NULL,NULL,25,25,0.0,0.0
"15439",404,4,0,1269.05,1269.05,82.7,82.98,49,49,0.0,0.0
"15440",54,3,0,383.68,383.68,76.5,77.02,50,50,0.0,0.0
"15441",395,3,0,1254.21,1254.21,166.5,167.02,45,45,0.0,0.0
"15442",248,1,0,594.00,594.00,NULL,NULL,2,1,0.0,0.0
"15443",1,14,2,5114.23,5054.44,48.8,49.30,408,396,12.5,0.8
"15444",8,2,0,1411.21,1411.21,31.0,31.06,191,187,0.0,0.0
"15445",263,2,0,284.50,284.50,326.0,326.00,12,12,0.0,0.0
"15446",376,3,1,396.75,390.00,174.5,174.96,89,85,25.0,0.9
"15447",330,5,1,492.88,484.93,73.3,73.72,27,26,16.7,3.3
"15448",312,2,0,788.81,788.81,361.0,361.88,49,49,0.0,0.0
"15449",25,3,2,974.52,971.22,117.0,117.59,47,47,40.0,3.2
"15450",29,1,0,429.84,429.84,NULL,NULL,30,30,0.0,0.0
"15451",433,2,0,226.86,226.86,164.0,164.98,56,54,0.0,0.0
"15452",29,6,0,1785.11,1785.11,95.8,96.38,158,157,0.0,0.0
"15453",1,7,0,1371.77,1371.77,30.3,30.99,169,167,0.0,0.0
"15454",361,2,0,303.89,303.89,256.0,256.05,34,34,0.0,0.0
"15455",597,1,0,38.25,38.25,NULL,NULL,2,2,0.0,0.0
"15456",282,10,0,2091.52,2091.52,49.2,49.78,128,115,0.0,0.0
"15457",261,1,0,237.07,237.07,NULL,NULL,56,55,0.0,0.0
"15458",24,2,0,370.44,370.44,376.0,376.72,13,13,0.0,0.0
"15459",416,2,0,202.83,202.83,80.0,80.04,6,6,0.0,0.0
"15460",353,1,0,214.26,214.26,NULL,NULL,53,51,0.0,0.0
"15461",460,2,1,429.70,391.30,170.0,170.99,1,1,33.3,60.0
"15462",93,4,0,737.05,737.05,116.7,117.04,32,32,0.0,0.0
"15463",28,1,0,126.14,126.14,NULL,NULL,7,7,0.0,0.0
"15464",337,1,0,1044.65,1044.65,NULL,NULL,155,154,0.0,0.0
"15465",19,32,7,12100.40,11670.90,22.4,22.90,94,93,17.9,3.0
"15466",84,4,0,1560.46,1560.46,216.7,217.02,211,204,0.0,0.0
"15467",8,3,1,524.88,511.88,71.0,71.49,41,41,25.0,1.9
"15468",34,3,4,1430.48,1387.48,170.5,170.59,80,79,57.1,9.1
"15469",42,3,3,874.25,834.40,193.5,194.13,38,38,50.0,8.5
"15470",575,1,0,63.42,63.42,NULL,NULL,4,4,0.0,0.0
"15471",1,3,0,1292.01,1292.01,273.5,274.04,122,118,0.0,0.0
"15472",112,1,0,371.56,371.56,NULL,NULL,76,76,0.0,0.0
"15473",13,8,3,2046.00,1740.00,61.1,61.46,5,5,27.3,17.6
"15474",595,1,0,150.35,150.35,NULL,NULL,19,19,0.0,0.0
"15475",76,1,0,454.11,454.11,NULL,NULL,29,29,0.0,0.0
"15476",379,4,1,2209.98,2180.28,20.3,20.68,67,67,20.0,1.3
"15477",649,1,0,368.40,368.40,NULL,NULL,2,2,0.0,0.0
"15478",39,3,0,1940.98,1940.98,267.0,267.41,52,52,0.0,0.0
"15479",732,1,0,147.40,147.40,NULL,NULL,9,6,0.0,0.0
"15480",115,3,0,3592.25,3592.25,279.5,279.99,198,190,0.0,0.0
"15481",400,1,0,1993.34,1993.34,NULL,NULL,38,38,0.0,0.0
"15482",15,18,4,14377.36,9891.12,42.1,42.46,73,68,18.2,16.5
"15483",160,10,0,810.68,810.68,57.8,58.10,215,204,0.0,0.0
"15484",0,6,1,4652.10,4620.90,146.0,146.60,180,178,14.3,0.4
"15485",29,7,1,4810.92,4663.92,117.5,117.98,80,76,12.5,2.8
"15486",526,1,0,102.00,102.00,NULL,NULL,1,1,0.0,0.0
"15487",679,1,0,231.32,231.32,NULL,NULL,14,14,0.0,0.0
"15488",92,5,0,431.92,431.92,122.3,122.72,10,10,0.0,0.0
"15489",22,8,4,2419.61,2327.36,95.3,95.81,75,75,33.3,7.3
"15490",429,1,1,210.85,181.35,NULL,NULL,22,21,50.0,3.8
"15491",94,6,1,3100.09,3090.85,27.6,28.05,108,106,14.3,0.6
"15492",27,2,0,659.46,659.46,46.0,46.04,32,32,0.0,0.0
"15493",32,9,2,4113.19,4078.64,77.3,77.75,288,267,18.2,0.3
"15494",20,5,0,3702.60,3702.60,176.3,176.94,307,293,0.0,0.0
"15495",378,1,0,246.50,246.50,NULL,NULL,20,19,0.0,0.0
"15496",630,1,0,146.14,146.14,NULL,NULL,22,22,0.0,0.0
"15497",17,9,2,8657.39,8643.46,87.3,87.98,66,55,18.2,1.6
"15498",2,44,4,24972.86,24739.06,16.4,16.76,597,571,8.3,0.8
"15499",723,1,0,158.65,158.65,NULL,NULL,40,32,0.0,0.0
"15500",7,4,0,1131.56,1131.56,23.7,24.33,64,63,0.0,0.0
"15501",404,2,0,399.95,399.95,10.0,10.94,64,64,0.0,0.0
"15502",15,12,11,9542.92,8076.45,48.6,49.01,230,224,47.8,10.9
"15503",362,2,0,257.30,257.30,363.0,363.97,112,109,0.0,0.0
"15504",80,4,1,391.45,381.50,194.3,194.68,41,39,20.0,1.6
"15505",52,5,2,3610.96,3497.14,25.3,25.69,90,84,28.6,2.0
"15506",22,6,0,2030.33,2030.33,90.6,91.00,180,171,0.0,0.0
"15507",171,1,0,475.86,475.86,NULL,NULL,41,41,0.0,0.0
"15508",188,6,0,1000.27,1000.27,8.8,9.20,78,77,0.0,0.0
"15509",379,1,0,152.41,152.41,NULL,NULL,26,25,0.0,0.0
"15510",330,1,0,250.00,250.00,NULL,NULL,1,1,0.0,0.0
"15511",11,5,0,900.53,900.53,18.0,18.44,117,111,0.0,0.0
"15512",155,4,0,331.58,331.58,172.7,173.62,29,29,0.0,0.0
"15513",30,35,6,26437.05,25959.16,19.1,19.47,278,274,14.6,2.1
"15514",11,18,2,6388.28,5272.01,42.0,42.52,170,166,10.0,8.9
"15515",386,1,0,171.81,171.81,NULL,NULL,7,7,0.0,0.0
"15516",44,3,0,62.43,62.43,0.5,0.99,15,15,0.0,0.0
"15517",232,1,0,267.03,267.03,NULL,NULL,27,27,0.0,0.0
"15518",63,15,7,4189.99,4081.59,46.4,46.79,250,245,31.8,1.8
"15519",382,2,0,344.61,344.61,63.0,63.03,34,34,0.0,0.0
"15520",1,1,0,343.50,343.50,NULL,NULL,18,18,0.0,0.0
"15521",35,16,7,7087.64,6780.39,43.9,44.21,185,181,30.4,4.1
"15522",32,2,0,397.99,397.99,54.0,54.96,47,43,0.0,0.0
"15523",83,16,2,17259.19,17119.24,43.1,43.54,65,59,11.1,3.6
"15524",24,2,0,591.40,591.40,582.0,582.12,9,8,0.0,0.0
"15525",1,4,1,887.72,872.82,126.3,126.70,151,149,20.0,1.1
"15526",32,2,0,148.44,148.44,0.0,0.00,4,4,0.0,0.0
"15527",18,23,7,5554.04,5166.04,31.6,32.08,225,213,23.3,6.3
"15528",253,1,0,229.33,229.33,NULL,NULL,26,25,0.0,0.0
"15529",22,12,1,4781.11,4753.66,33.2,33.81,450,442,7.7,0.3
"15530",21,5,0,1808.68,1808.68,122.5,122.76,111,111,0.0,0.0
"15531",7,2,0,1972.39,1972.39,22.0,22.04,196,188,0.0,0.0
"15532",24,10,2,3717.20,3653.35,57.7,58.22,416,387,16.7,1.1
"15533",18,3,2,807.57,746.92,34.5,35.00,73,71,40.0,3.5
"15534",725,1,0,162.25,162.25,NULL,NULL,8,8,0.0,0.0
"15535",172,6,4,1044.37,955.12,54.8,55.17,88,83,40.0,3.0
"15536",408,1,0,259.09,259.09,NULL,NULL,16,15,0.0,0.0
"15537",162,1,0,110.92,110.92,NULL,NULL,24,24,0.0,0.0
"15538",537,6,5,3358.40,3036.10,24.8,25.18,3,3,45.5,56.3
"15539",6,1,0,538.46,538.46,NULL,NULL,41,41,0.0,0.0
"15540",10,2,0,460.68,460.68,364.0,364.11,31,29,0.0,0.0
"15541",113,1,0,85.13,85.13,NULL,NULL,29,27,0.0,0.0
"15542",511,3,1,855.71,833.16,112.5,112.53,212,204,25.0,0.9
"15543",287,2,0,242.26,242.26,171.0,171.17,50,49,0.0,0.0
"15544",8,20,6,7807.89,7779.58,34.8,35.32,175,164,23.1,1.1
"15545",53,2,0,288.97,288.97,316.0,316.83,78,76,0.0,0.0
"15546",606,2,1,1079.10,539.55,0.0,0.00,6,1,33.3,33.3
"15547",6,26,2,10002.65,9989.15,28.6,29.04,651,610,7.1,0.2
"15548",595,1,0,158.09,158.09,NULL,NULL,23,23,0.0,0.0
"15549",76,8,1,2330.41,2292.91,88.1,88.59,138,133,11.1,0.6
"15550",3,12,2,2211.05,1987.85,66.1,66.55,166,152,14.3,1.3
"15551",36,7,2,1679.81,1629.01,85.2,85.65,117,113,22.2,1.4
"15552",216,2,0,252.52,252.52,405.0,405.94,29,27,0.0,0.0
"15553",59,1,0,428.93,428.93,NULL,NULL,51,51,0.0,0.0
"15554",277,1,0,217.20,217.20,NULL,NULL,14,14,0.0,0.0
"15555",11,36,10,11233.78,10866.36,20.2,20.61,666,634,21.7,3.1
"15556",23,1,0,279.77,279.77,NULL,NULL,31,31,0.0,0.0
"15557",28,1,0,468.91,468.91,NULL,NULL,16,15,0.0,0.0
"15558",638,1,1,202.68,131.88,NULL,NULL,23,23,50.0,4.2
"15559",567,1,0,1109.40,1109.40,NULL,NULL,62,61,0.0,0.0
"15560",397,2,0,153.52,153.52,0.0,0.00,10,10,0.0,0.0
"15561",11,8,1,1934.39,1856.54,92.6,93.14,65,65,11.1,4.2
"15562",351,3,0,671.43,671.43,186.5,187.39,32,29,0.0,0.0
"15563",8,6,3,2820.46,2764.67,131.4,131.61,178,171,33.3,1.5
"15564",462,2,0,70.74,70.74,212.0,213.00,4,4,0.0,0.0
"15565",49,2,0,173.16,173.16,20.0,20.16,8,8,0.0,0.0
"15566",392,2,0,227.87,227.87,331.0,331.89,9,8,0.0,0.0
"15567",18,1,0,186.01,186.01,NULL,NULL,7,7,0.0,0.0
"15568",2,3,0,758.29,758.29,34.5,35.43,27,27,0.0,0.0
"15569",103,10,0,3583.45,3583.45,60.2,60.66,123,119,0.0,0.0
"15570",6,25,2,8736.49,8672.44,25.1,25.58,442,429,7.4,1.1
"15571",11,14,0,3892.35,3892.35,55.0,55.53,442,429,0.0,0.0
"15572",4,10,0,3965.20,3965.20,66.1,66.65,259,257,0.0,0.0
"15573",31,5,0,1180.47,1180.47,173.8,174.47,180,175,0.0,0.0
"15574",177,6,1,1101.44,1059.44,56.8,57.38,191,186,14.3,0.4
"15575",619,1,0,30.10,30.10,NULL,NULL,3,3,0.0,0.0
"15576",37,1,0,921.37,921.37,NULL,NULL,43,42,0.0,0.0
"15577",150,5,0,396.03,396.03,143.3,143.76,58,56,0.0,0.0
"15578",161,1,0,127.10,127.10,NULL,NULL,13,13,0.0,0.0
"15579",68,5,2,1250.63,1215.38,90.5,90.98,140,136,28.6,2.4
"15580",376,8,6,1375.39,1216.15,41.6,42.00,150,143,42.9,11.4
"15581",155,34,3,4505.16,4350.06,17.2,17.61,541,521,8.1,5.4
"15582",24,3,0,682.91,682.91,97.5,97.92,39,39,0.0,0.0
"15583",375,1,0,95.96,95.96,NULL,NULL,37,36,0.0,0.0
"15584",23,6,1,1268.20,1265.70,128.8,129.39,174,161,14.3,0.9
"15585",176,1,0,455.30,455.30,NULL,NULL,31,30,0.0,0.0
"15586",590,3,1,1139.10,1128.66,54.0,54.02,30,28,25.0,2.6
"15587",49,7,0,1522.08,1522.08,73.2,73.53,3,3,0.0,0.0
"15588",677,1,0,579.60,579.60,NULL,NULL,4,4,0.0,0.0
"15589",252,3,1,478.53,456.58,27.0,27.48,28,28,25.0,3.3
"15590",381,5,0,1496.60,1496.60,55.8,56.05,75,72,0.0,0.0
"15591",582,3,0,217.90,217.90,45.0,45.50,6,6,0.0,0.0
"15592",46,1,0,388.58,388.58,NULL,NULL,24,24,0.0,0.0
"15593",70,1,0,199.80,199.80,NULL,NULL,5,5,0.0,0.0
"15594",15,5,1,1771.78,1767.53,54.5,54.74,85,83,16.7,1.0
"15595",487,1,0,357.60,357.60,NULL,NULL,4,4,0.0,0.0
"15596",100,9,7,2727.72,2621.27,49.5,49.87,82,82,43.8,6.6
"15597",29,2,1,563.37,554.52,540.0,540.01,35,35,33.3,2.6
"15598",34,2,2,548.02,543.02,374.0,374.28,32,32,50.0,5.3
"15599",26,3,0,1250.06,1250.06,209.0,209.53,77,77,0.0,0.0
"15600",427,4,1,1199.31,1178.71,54.7,55.04,55,55,20.0,4.1
"15601",10,30,5,14191.74,14150.84,24.6,25.07,310,307,14.3,1.0
"15602",7,16,8,3137.96,2902.16,48.0,48.61,62,62,33.3,7.4
"15603",78,2,1,88.48,74.73,569.0,569.75,4,3,33.3,20.0
"15604",51,1,0,216.39,216.39,NULL,NULL,17,17,0.0,0.0
"15605",35,9,1,1741.95,1738.55,81.8,82.25,80,80,10.0,1.0
"15606",56,17,2,5230.99,4733.47,36.2,36.63,84,76,10.5,8.8
"15607",336,9,3,1708.97,1616.37,45.1,45.50,95,90,25.0,4.4
"15608",27,5,0,1785.98,1785.98,96.3,96.78,93,93,0.0,0.0
"15609",182,1,1,298.48,270.03,NULL,NULL,16,15,50.0,11.1
"15610",51,1,0,112.46,112.46,NULL,NULL,6,5,0.0,0.0
"15611",9,24,6,2976.28,2837.37,28.7,29.30,42,42,20.0,6.1
"15612",35,2,0,195.15,195.15,25.0,25.09,4,4,0.0,0.0
"15613",609,1,0,433.72,433.72,NULL,NULL,27,27,0.0,0.0
"15614",427,4,3,3147.36,3008.86,62.7,62.99,73,70,42.9,4.7
"15615",9,47,7,21373.97,21282.07,15.4,15.80,292,281,13.0,1.4
"15616",437,1,0,317.11,317.11,NULL,NULL,13,13,0.0,0.0
"15617",395,3,0,828.55,828.55,55.0,55.56,41,41,0.0,0.0
"15618",32,4,1,776.85,747.03,34.3,34.64,38,38,20.0,8.3
"15619",10,1,0,336.40,336.40,NULL,NULL,3,3,0.0,0.0
"15620",49,4,4,1942.36,1909.93,117.3,117.68,114,114,50.0,5.1
"15621",3,4,2,1293.03,1158.77,5.3,5.70,11,8,33.3,11.1
"15622",2,17,13,7852.61,7318.08,37.4,37.64,331,322,43.3,7.8
"15623",140,8,0,2437.05,2437.05,83.6,84.02,91,85,0.0,0.0
"15624",116,4,0,588.13,588.13,46.0,46.64,26,26,0.0,0.0
"15625",99,9,5,3236.40,3203.25,54.3,54.85,106,106,35.7,3.4
"15626",74,3,1,1067.52,1049.37,172.5,173.35,73,73,25.0,2.4
"15627",456,2,0,566.90,566.90,65.0,65.10,23,23,0.0,0.0
"15628",4,17,4,5333.08,5284.18,44.6,45.12,136,136,19.0,2.0
"15629",449,4,0,2240.90,2240.90,27.3,27.36,39,38,0.0,0.0
"15630",44,3,1,1481.40,1475.45,299.0,299.52,76,71,25.0,1.2
"15631",641,1,0,596.67,596.67,NULL,NULL,39,37,0.0,0.0
"15632",15,8,2,3285.31,3147.31,36.6,37.01,107,107,20.0,5.6
"15633",508,13,5,4335.96,4156.91,17.9,18.49,77,77,27.8,4.3
"15634",16,2,0,554.65,554.65,366.0,366.04,34,34,0.0,0.0
"15635",395,1,0,100.35,100.35,NULL,NULL,2,2,0.0,0.0
"15636",89,4,0,1444.58,1444.58,159.3,160.00,39,38,0.0,0.0
"15637",52,5,0,797.59,797.59,167.5,167.90,37,37,0.0,0.0
"15638",300,6,3,2265.20,2137.20,46.0,46.38,20,20,33.3,13.8
"15639",133,3,2,1065.08,1028.33,235.0,235.53,61,61,40.0,4.2
"15640",3,29,5,23459.51,23340.29,25.4,25.75,302,299,14.7,2.4
"15641",104,12,0,5345.55,5345.55,56.6,57.09,249,240,0.0,0.0
"15642",729,1,0,105.78,105.78,NULL,NULL,6,6,0.0,0.0
"15643",178,3,3,664.00,647.40,45.0,45.36,31,30,50.0,8.3
"15644",165,4,0,803.54,803.54,31.0,31.66,166,160,0.0,0.0
"15645",18,3,1,1054.75,1042.15,203.0,203.48,58,56,25.0,1.5
"15646",157,5,1,784.81,762.31,63.0,63.22,65,65,16.7,1.4
"15647",414,1,0,169.00,169.00,NULL,NULL,11,11,0.0,0.0
"15648",203,2,2,639.50,584.75,62.0,62.87,23,23,50.0,7.7
"15649",335,4,0,1660.35,1660.35,16.7,16.96,8,8,0.0,0.0
"15650",514,2,1,553.88,539.03,106.0,106.95,33,33,33.3,2.7
"15651",36,5,0,1259.06,1259.06,139.5,139.95,52,52,0.0,0.0
"15652",90,5,1,1405.94,1397.44,97.8,98.47,93,91,16.7,1.0
"15653",92,2,0,877.44,877.44,23.0,23.04,4,4,0.0,0.0
"15654",8,2,0,922.53,922.53,16.0,16.91,15,15,0.0,0.0
"15655",232,1,1,560.67,511.32,NULL,NULL,34,33,50.0,8.1
"15656",44,4,0,748.50,748.50,79.3,79.66,46,46,0.0,0.0
"15657",22,1,0,30.00,30.00,NULL,NULL,1,1,0.0,0.0
"15658",189,8,5,2117.27,1964.14,77.6,78.02,80,80,38.5,13.4
"15659",43,3,0,532.49,532.49,304.0,304.91,14,14,0.0,0.0
"15660",24,15,3,2603.69,2554.84,45.8,46.22,73,73,16.7,2.6
"15661",316,8,0,1215.95,1215.95,36.9,37.32,27,26,0.0,0.0
"15662",660,2,0,283.73,283.73,77.0,77.12,12,12,0.0,0.0
"15663",105,1,0,138.14,138.14,NULL,NULL,9,9,0.0,0.0
"15664",50,4,2,1231.53,1199.53,199.0,199.64,53,51,33.3,4.2
"15665",167,5,0,3987.07,3987.07,116.3,116.75,163,155,0.0,0.0
"15666",471,2,0,632.94,632.94,23.0,23.02,62,60,0.0,0.0
"15667",39,1,0,301.32,301.32,NULL,NULL,13,13,0.0,0.0
"15668",217,1,0,76.32,76.32,NULL,NULL,1,1,0.0,0.0
"15669",39,4,1,684.34,677.69,74.0,74.43,31,31,20.0,5.7
"15670",296,2,1,325.20,315.20,259.0,259.80,19,19,33.3,5.0
"15671",18,7,3,2657.13,2635.49,41.5,42.02,52,51,30.0,3.7
"15672",724,1,0,45.30,45.30,NULL,NULL,3,3,0.0,0.0
"15673",87,9,1,6204.32,6199.37,70.3,70.88,177,175,10.0,0.4
"15674",72,12,4,6613.52,6217.85,59.3,59.81,261,254,25.0,5.9
"15675",80,4,0,542.04,542.04,107.3,107.66,32,32,0.0,0.0
"15676",8,3,2,3435.76,3324.09,132.0,132.55,191,191,40.0,6.5
"15677",48,3,0,1305.63,1305.63,207.0,207.07,63,63,0.0,0.0
"15678",52,3,0,1825.94,1825.94,234.5,234.93,77,75,0.0,0.0
"15679",23,4,0,781.28,781.28,52.3,52.78,98,89,0.0,0.0
"15680",8,10,2,4028.69,3985.59,80.3,80.90,155,153,16.7,0.8
"15681",17,14,2,2989.70,2480.20,41.2,41.47,48,48,12.5,14.6
"15682",598,2,1,318.24,316.99,88.0,88.04,25,25,33.3,3.8
"15683",116,2,0,524.54,524.54,356.0,356.04,25,25,0.0,0.0
"15684",546,3,3,173.95,147.80,93.5,94.05,9,9,50.0,21.4
"15685",449,1,0,55.98,55.98,NULL,NULL,17,17,0.0,0.0
"15686",419,1,0,90.00,90.00,NULL,NULL,1,1,0.0,0.0
"15687",8,9,2,2993.10,2981.50,39.6,40.22,119,118,18.2,1.2
"15688",418,1,0,190.57,190.57,NULL,NULL,26,25,0.0,0.0
"15689",119,3,0,521.03,521.03,248.5,248.99,20,20,0.0,0.0
"15690",3,2,0,239.76,239.76,96.0,96.18,19,19,0.0,0.0
"15691",251,4,1,571.30,511.80,160.0,160.32,12,12,20.0,6.7
"15692",27,1,0,191.04,191.04,NULL,NULL,12,12,0.0,0.0
"15693",658,1,0,37.50,37.50,NULL,NULL,1,1,0.0,0.0
"15694",0,23,5,9963.48,9719.13,32.7,33.26,54,53,17.9,5.3
"15695",266,4,0,1131.04,1131.04,137.7,138.30,55,54,0.0,0.0
"15696",32,13,8,3881.22,3732.12,53.8,54.25,163,160,38.1,6.8
"15697",689,1,0,246.75,246.75,NULL,NULL,14,14,0.0,0.0
"15698",623,1,0,46.20,46.20,NULL,NULL,2,2,0.0,0.0
"15699",17,1,0,309.65,309.65,NULL,NULL,18,18,0.0,0.0
"15700",171,2,1,696.68,664.03,1.0,1.05,85,84,33.3,3.4
"15701",1,4,0,1529.00,1529.00,35.7,36.03,193,188,0.0,0.0
"15702",475,1,0,112.57,112.57,NULL,NULL,29,29,0.0,0.0
"15703",264,1,0,211.50,211.50,NULL,NULL,5,5,0.0,0.0
"15704",139,6,1,3734.66,3663.86,88.2,88.59,129,122,14.3,0.5
"15705",200,1,0,143.10,143.10,NULL,NULL,6,6,0.0,0.0
"15706",59,4,3,1060.56,1001.81,16.7,17.61,50,50,42.9,6.8
"15707",34,4,0,916.98,916.98,16.3,17.00,126,126,0.0,0.0
"15708",40,9,5,3887.15,3840.73,47.6,48.12,135,132,35.7,2.9
"15709",283,2,0,327.85,327.85,305.0,305.67,26,25,0.0,0.0
"15710",416,1,0,898.87,898.87,NULL,NULL,110,104,0.0,0.0
"15711",556,2,0,420.25,420.25,128.0,128.00,25,25,0.0,0.0
"15712",8,12,1,3472.41,3467.46,65.8,66.28,86,83,7.7,0.6
"15713",142,4,2,839.64,814.84,193.0,193.39,48,48,33.3,3.7
"15714",11,5,0,783.96,783.96,135.5,135.99,45,44,0.0,0.0
"15715",555,5,0,658.02,658.02,15.8,15.98,33,32,0.0,0.0
"15716",145,11,0,2482.74,2482.74,58.1,58.70,187,176,0.0,0.0
"15717",233,5,0,607.00,607.00,89.0,89.53,17,16,0.0,0.0
"15718",539,1,0,293.79,293.79,NULL,NULL,18,18,0.0,0.0
"15719",32,31,8,10194.32,10117.22,23.1,23.53,448,429,20.5,0.7
"15720",23,2,0,739.22,739.22,525.0,525.96,152,152,0.0,0.0
"15721",11,1,0,471.40,471.40,NULL,NULL,80,80,0.0,0.0
"15722",35,11,4,5234.00,5107.85,60.0,60.49,91,86,26.7,7.8
"15723",364,4,0,930.70,930.70,69.3,69.98,108,103,0.0,0.0
"15724",200,3,2,310.85,299.80,99.5,99.59,17,17,40.0,15.0
"15725",14,1,0,415.25,415.25,NULL,NULL,32,32,0.0,0.0
"15726",389,1,0,321.91,321.91,NULL,NULL,23,22,0.0,0.0
"15727",16,15,0,9371.71,9371.71,47.2,47.72,426,409,0.0,0.0
"15728",48,2,1,544.60,409.80,64.0,64.83,10,9,33.3,25.0
"15729",197,3,2,192.55,154.70,95.0,95.48,10,10,40.0,15.4
"15730",65,5,2,1726.58,1708.18,91.0,91.48,102,100,28.6,3.5
"15731",553,1,0,125.30,125.30,NULL,NULL,8,8,0.0,0.0
"15732",211,10,2,1543.97,1499.42,50.8,51.24,53,52,16.7,2.9
"15733",282,1,0,162.30,162.30,NULL,NULL,10,10,0.0,0.0
"15734",114,4,0,2263.30,2263.30,143.7,144.28,36,33,0.0,0.0
"15735",420,1,0,327.68,327.68,NULL,NULL,19,19,0.0,0.0
"15736",429,2,1,1767.12,1668.67,0.0,0.00,95,93,33.3,2.9
"15737",14,8,4,1188.12,1121.21,32.3,32.58,60,60,33.3,10.1
"15738",18,41,4,13043.32,13015.42,17.2,17.77,70,65,8.9,0.8
"15739",65,1,0,449.12,449.12,NULL,NULL,8,8,0.0,0.0
"15740",48,1,0,154.88,154.88,NULL,NULL,9,9,0.0,0.0
"15741",457,2,0,208.62,208.62,160.0,160.18,11,11,0.0,0.0
"15742",618,1,0,156.87,156.87,NULL,NULL,41,41,0.0,0.0
"15743",15,4,0,775.96,775.96,56.0,56.10,59,59,0.0,0.0
"15744",77,1,0,34.80,34.80,NULL,NULL,3,3,0.0,0.0
"15745",8,4,2,1094.59,1071.24,72.0,72.34,57,56,33.3,4.6
"15746",133,1,1,196.88,182.96,NULL,NULL,28,25,50.0,3.4
"15747",12,9,1,2499.81,2497.86,84.3,84.76,116,111,10.0,0.5
"15748",39,3,0,609.81,609.81,204.0,204.42,34,34,0.0,0.0
"15749",234,3,1,44534.30,21535.90,48.5,48.51,5,5,25.0,33.3
"15750",2,18,6,6452.99,6362.60,42.7,43.28,388,379,25.0,2.2
"15751",460,11,3,1380.44,1318.84,27.0,27.30,90,80,21.4,3.0
"15752",39,9,1,3924.91,3916.46,51.6,52.25,359,344,10.0,0.2
"15753",304,1,0,79.20,79.20,NULL,NULL,1,1,0.0,0.0
"15754",50,9,3,3037.61,3001.86,75.0,75.51,114,111,25.0,3.0
"15755",0,17,3,5993.12,5936.95,44.9,45.33,281,272,15.0,2.9
"15756",60,4,0,528.01,528.01,62.3,62.66,160,155,0.0,0.0
"15757",65,6,0,2940.36,2940.36,96.0,96.39,162,162,0.0,0.0
"15758",24,1,0,205.25,205.25,NULL,NULL,9,9,0.0,0.0
"15759",217,7,3,830.93,810.98,86.2,86.54,10,10,30.0,15.0
"15761",442,1,0,143.05,143.05,NULL,NULL,5,5,0.0,0.0
"15762",64,2,0,583.75,583.75,12.0,12.04,37,37,0.0,0.0
"15763",31,2,1,1086.92,1048.67,45.0,45.90,58,57,33.3,3.2
"15764",80,8,6,4503.08,4453.28,55.6,55.74,187,187,42.9,3.9
"15765",666,1,0,370.63,370.63,NULL,NULL,25,25,0.0,0.0
"15766",63,3,1,831.06,799.66,308.5,309.02,21,21,25.0,7.1
"15768",115,34,1,15308.89,15307.26,18.4,18.82,437,404,2.9,0.2
"15769",6,46,3,88612.52,84183.52,15.6,16.03,26,23,6.1,7.1
"15770",612,1,0,321.45,321.45,NULL,NULL,18,16,0.0,0.0
"15771",603,3,0,1006.54,1006.54,44.5,44.54,26,26,0.0,0.0
"15772",417,1,0,280.88,280.88,NULL,NULL,16,16,0.0,0.0
"15773",5,2,0,774.52,774.52,403.0,403.89,46,45,0.0,0.0
"15774",68,6,0,1287.09,1287.09,117.2,117.59,87,84,0.0,0.0
"15775",244,2,0,150.50,150.50,386.0,386.23,9,9,0.0,0.0
"15776",132,1,0,241.62,241.62,NULL,NULL,18,18,0.0,0.0
"15777",240,7,2,1762.61,1732.16,54.2,54.54,29,29,22.2,4.9
"15778",430,1,0,307.95,307.95,NULL,NULL,17,16,0.0,0.0
"15779",462,2,0,124.08,124.08,69.0,69.03,8,8,0.0,0.0
"15780",183,3,0,475.28,475.28,86.5,87.01,26,25,0.0,0.0
"15781",24,3,1,345.46,333.56,140.0,140.12,20,20,25.0,4.8
"15782",9,4,2,4014.10,3985.65,139.7,140.27,51,51,33.3,3.2
"15783",10,1,0,246.30,246.30,NULL,NULL,14,14,0.0,0.0
"15784",467,2,0,848.33,848.33,204.0,204.83,33,33,0.0,0.0
"15785",29,16,10,5969.93,5825.33,45.8,46.12,102,97,38.5,7.8
"15786",43,5,4,8501.62,8379.65,122.3,122.54,358,349,44.4,3.3
"15787",25,3,0,933.26,933.26,17.5,17.54,156,156,0.0,0.0
"15788",500,1,1,221.83,215.53,NULL,NULL,14,14,50.0,6.7
"15789",357,6,1,1962.01,1932.01,52.8,53.03,110,102,14.3,1.4
"15790",9,1,0,218.75,218.75,NULL,NULL,34,34,0.0,0.0
"15791",43,5,4,3608.34,3541.79,149.3,149.51,121,120,44.4,7.2
"15792",399,2,0,933.84,933.84,218.0,218.94,57,55,0.0,0.0
"15793",8,8,1,2399.57,2382.92,103.0,103.41,12,12,11.1,3.2
"15794",735,2,0,777.00,777.00,0.0,0.91,15,15,0.0,0.0
"15795",149,8,0,1979.87,1979.87,77.0,77.28,111,106,0.0,0.0
"15796",0,17,4,5170.63,5066.33,38.1,38.58,137,135,19.0,1.7
"15797",112,5,0,2806.08,2806.08,141.8,142.04,11,11,0.0,0.0
"15798",492,3,0,1535.37,1535.37,94.0,94.44,73,68,0.0,0.0
"15799",75,4,0,1421.34,1421.34,114.0,114.31,143,138,0.0,0.0
"15800",106,7,0,1227.07,1227.07,85.0,85.17,198,198,0.0,0.0
"15801",45,3,1,1063.95,1042.19,31.0,31.58,61,61,25.0,7.2
"15803",50,4,0,1929.66,1929.66,208.0,208.31,48,46,0.0,0.0
"15804",0,13,6,4206.39,3848.55,16.1,16.51,170,166,31.6,4.0
"15805",22,30,10,10148.93,9668.62,24.0,24.35,337,325,25.0,4.9
"15806",45,3,0,784.58,784.58,115.0,115.11,24,23,0.0,0.0
"15807",49,5,1,1817.52,1807.57,153.5,153.99,85,84,16.7,1.1
"15808",305,21,3,17180.25,17038.95,21.1,21.60,348,336,12.5,1.9
"15809",35,7,2,1274.44,862.88,82.7,83.18,51,51,22.2,13.4
"15810",78,8,5,2999.04,2724.80,84.3,84.95,89,82,38.5,14.0
"15811",16,7,3,3392.55,3345.25,60.3,60.99,204,189,30.0,2.2
"15812",106,12,1,5201.47,5186.17,55.6,56.09,87,85,7.7,0.8
"15813",207,2,0,1303.91,1303.91,31.0,31.96,40,40,0.0,0.0
"15814",2,6,2,2634.44,2531.84,116.8,117.35,83,83,25.0,2.0
"15815",63,5,0,2100.60,2100.60,48.8,49.04,33,32,0.0,0.0
"15816",541,2,1,144.15,93.30,0.0,0.03,11,11,33.3,8.3
"15817",420,3,0,2766.40,2766.40,60.5,61.45,133,126,0.0,0.0
"15818",587,1,0,340.50,340.50,NULL,NULL,11,11,0.0,0.0
"15819",48,10,1,3934.79,3911.28,64.3,64.68,182,178,9.1,1.5
"15820",319,1,0,206.98,206.98,NULL,NULL,17,17,0.0,0.0
"15821",43,2,0,570.96,570.96,17.0,17.10,57,56,0.0,0.0
"15822",2,6,2,1840.06,1797.71,145.6,146.00,46,45,25.0,8.5
"15823",336,2,3,3867.17,3047.76,2.0,2.12,154,151,60.0,10.5
"15824",452,2,0,890.94,890.94,78.0,78.92,24,23,0.0,0.0
"15825",171,1,0,532.94,532.94,NULL,NULL,20,15,0.0,0.0
"15826",50,4,2,2598.28,2583.13,170.3,170.65,100,99,33.3,1.7
"15827",72,28,14,3603.14,3247.09,22.9,23.23,124,123,33.3,13.9
"15828",374,1,0,1108.82,1108.82,NULL,NULL,74,69,0.0,0.0
"15829",98,2,0,636.14,636.14,41.0,41.27,44,41,0.0,0.0
"15830",28,1,1,576.00,547.70,NULL,NULL,39,39,50.0,4.9
"15831",57,3,1,794.64,740.64,132.0,132.97,63,63,25.0,1.5
"15832",253,1,0,836.79,836.79,NULL,NULL,54,54,0.0,0.0
"15833",737,1,0,80.40,80.40,NULL,NULL,5,4,0.0,0.0
"15834",69,7,2,3761.89,3613.04,58.7,59.00,332,327,22.2,0.8
"15835",43,4,0,954.09,954.09,95.0,95.41,47,46,0.0,0.0
"15836",44,1,1,137.37,117.47,NULL,NULL,10,10,50.0,16.7
"15837",64,2,0,777.01,777.01,420.0,420.95,52,52,0.0,0.0
"15838",10,34,3,73205.50,72738.93,21.2,21.61,61,58,8.1,1.4
"15839",24,3,2,1048.49,1020.74,57.0,57.44,56,56,40.0,4.6
"15840",58,2,1,355.56,345.66,113.0,113.89,26,26,33.3,3.6
"15841",63,9,3,2742.41,2716.50,81.6,82.14,60,60,25.0,4.2
"15842",387,2,1,548.80,528.75,134.0,134.21,24,24,33.3,10.7
"15843",303,1,0,118.95,118.95,NULL,NULL,8,7,0.0,0.0
"15844",45,1,0,130.74,130.74,NULL,NULL,11,11,0.0,0.0
"15845",17,11,3,4426.28,4273.65,65.9,66.48,129,125,21.4,5.9
"15846",384,1,0,107.01,107.01,NULL,NULL,27,27,0.0,0.0
"15847",37,5,0,822.57,822.57,150.3,150.81,39,39,0.0,0.0
"15848",621,1,0,137.99,137.99,NULL,NULL,34,34,0.0,0.0
"15850",18,6,0,1006.75,1006.75,140.8,141.41,269,260,0.0,0.0
"15851",526,1,0,109.73,109.73,NULL,NULL,8,8,0.0,0.0
"15852",186,3,0,257.26,257.26,169.5,170.02,31,31,0.0,0.0
"15853",51,1,0,110.80,110.80,NULL,NULL,29,29,0.0,0.0
"15854",3,21,0,5578.28,5578.28,35.8,36.25,168,162,0.0,0.0
"15855",136,6,0,1052.72,1052.72,67.6,67.94,72,71,0.0,0.0
"15856",3,52,6,32274.69,31871.79,13.9,14.36,383,369,10.3,1.0
"15857",18,2,0,570.48,570.48,411.0,411.82,21,21,0.0,0.0
"15858",15,13,2,3552.41,3509.91,58.8,59.50,273,265,13.3,0.5
"15859",431,1,0,438.46,438.46,NULL,NULL,22,22,0.0,0.0
"15860",40,17,0,2358.80,2358.80,42.7,43.31,248,234,0.0,0.0
"15861",11,12,3,4360.90,4177.10,60.5,60.71,451,425,20.0,0.8
"15862",7,13,0,2507.14,2507.14,59.3,59.51,416,397,0.0,0.0
"15863",25,5,0,355.10,355.10,174.0,174.28,74,72,0.0,0.0
"15864",21,7,2,2180.76,2014.22,59.5,59.82,18,18,22.2,14.8
"15865",40,5,0,2241.42,2241.42,165.3,165.74,119,116,0.0,0.0
"15866",100,1,0,211.89,211.89,NULL,NULL,43,42,0.0,0.0
"15867",4,31,4,8869.87,8780.77,23.5,24.00,546,509,11.4,0.9
"15868",582,1,0,94.53,94.53,NULL,NULL,4,4,0.0,0.0
"15869",276,3,0,321.11,321.11,174.5,174.51,29,29,0.0,0.0
"15870",32,4,0,857.46,857.46,137.7,137.92,127,122,0.0,0.0
"15871",436,1,0,33.10,33.10,NULL,NULL,5,5,0.0,0.0
"15872",14,4,0,729.25,729.25,178.0,178.63,164,158,0.0,0.0
"15873",492,4,1,313.92,138.24,0.3,0.34,3,3,20.0,33.3
"15874",62,21,4,11284.76,11135.00,31.5,31.90,262,257,16.0,7.6
"15875",645,1,0,108.52,108.52,NULL,NULL,18,17,0.0,0.0
"15876",408,2,0,1449.14,1449.14,39.0,39.15,11,11,0.0,0.0
"15877",1,2,1,490.33,437.83,16.0,16.02,122,120,33.3,1.6
"15878",561,2,0,330.77,330.77,171.0,171.99,47,46,0.0,0.0
"15879",403,4,0,1137.80,1137.80,105.0,105.95,171,161,0.0,0.0
"15880",368,1,1,329.03,299.03,NULL,NULL,95,92,50.0,1.0
"15881",311,5,3,501.39,438.24,12.8,13.04,26,26,37.5,9.4
"15882",198,8,2,1122.38,1096.31,75.4,75.83,48,47,20.0,3.3
"15883",1,2,0,396.48,396.48,31.0,31.09,42,42,0.0,0.0
"15884",431,2,0,244.60,244.60,303.0,303.90,14,11,0.0,0.0
"15885",92,13,5,1921.82,1707.57,49.2,49.51,81,81,27.8,5.8
"15886",59,4,0,1052.87,1052.87,179.0,179.32,58,55,0.0,0.0
"15887",406,3,0,1027.15,1027.15,74.0,74.43,27,23,0.0,0.0
"15888",79,3,1,423.49,396.45,222.5,223.01,32,32,25.0,5.1
"15889",156,8,1,1407.05,1396.60,81.3,81.85,255,243,11.1,0.7
"15890",394,5,0,535.65,535.65,52.3,52.54,10,10,0.0,0.0
"15891",226,1,0,509.13,509.13,NULL,NULL,59,50,0.0,0.0
"15892",668,1,0,128.20,128.20,NULL,NULL,38,37,0.0,0.0
"15893",481,1,0,305.28,305.28,NULL,NULL,1,1,0.0,0.0
"15894",252,2,0,257.60,257.60,115.0,115.99,34,34,0.0,0.0
"15895",149,1,0,179.17,179.17,NULL,NULL,11,11,0.0,0.0
"15897",193,2,0,208.59,208.59,0.0,0.01,17,17,0.0,0.0
"15898",0,25,4,4992.70,4930.75,29.8,30.29,280,249,13.8,1.0
"15899",368,1,0,56.25,56.25,NULL,NULL,4,4,0.0,0.0
"15900",23,4,1,886.57,876.67,179.0,179.68,100,100,20.0,0.8
"15901",16,6,0,667.89,667.89,105.0,105.40,144,140,0.0,0.0
"15902",379,1,0,145.01,145.01,NULL,NULL,18,18,0.0,0.0
"15903",9,12,3,8939.84,8859.82,61.7,62.26,58,56,20.0,2.5
"15904",7,1,0,164.68,164.68,NULL,NULL,30,30,0.0,0.0
"15905",542,1,0,114.69,114.69,NULL,NULL,22,22,0.0,0.0
"15906",19,10,2,2530.19,2442.44,47.4,47.89,143,143,16.7,2.0
"15907",3,3,0,881.87,881.87,102.5,103.49,174,172,0.0,0.0
"15908",490,2,0,758.62,758.62,21.0,21.69,37,35,0.0,0.0
"15909",173,1,0,191.94,191.94,NULL,NULL,7,7,0.0,0.0
"15910",0,15,0,2661.17,2661.17,48.6,49.07,394,386,0.0,0.0
"15911",623,8,0,1683.79,1683.79,14.9,15.28,161,148,0.0,0.0
"15912",177,9,0,1074.70,1074.70,68.6,68.88,83,76,0.0,0.0
"15913",533,1,0,6.30,6.30,NULL,NULL,1,1,0.0,0.0
"15914",377,2,0,205.99,205.99,0.0,0.00,13,13,0.0,0.0
"15915",401,1,0,364.24,364.24,NULL,NULL,104,103,0.0,0.0
"15916",15,13,4,3145.24,3014.04,58.9,59.41,227,205,23.5,4.1
"15917",247,5,0,530.17,530.17,122.0,122.46,127,126,0.0,0.0
"15918",190,3,0,582.88,582.88,220.0,220.50,49,47,0.0,0.0
"15919",19,2,0,525.69,525.69,349.0,349.00,103,103,0.0,0.0
"15920",153,8,0,565.19,565.19,81.4,81.58,92,90,0.0,0.0
"15921",172,4,0,765.61,765.61,155.7,156.00,68,67,0.0,0.0
"15922",371,1,1,369.50,363.60,NULL,NULL,11,11,50.0,8.3
"15923",372,1,0,127.08,127.08,NULL,NULL,21,20,0.0,0.0
"15924",730,1,0,102.82,102.82,NULL,NULL,14,14,0.0,0.0
"15925",193,1,0,207.15,207.15,NULL,NULL,12,12,0.0,0.0
"15926",541,1,0,134.44,134.44,NULL,NULL,7,7,0.0,0.0
"15927",646,1,0,106.54,106.54,NULL,NULL,13,12,0.0,0.0
"15928",655,1,0,293.53,293.53,NULL,NULL,11,11,0.0,0.0
"15929",643,1,0,594.00,594.00,NULL,NULL,1,1,0.0,0.0
"15930",66,1,0,426.63,426.63,NULL,NULL,21,20,0.0,0.0
"15931",427,1,0,239.90,239.90,NULL,NULL,14,14,0.0,0.0
"15932",3,8,3,2495.87,2461.85,40.3,40.73,93,89,27.3,3.4
"15933",20,3,0,1107.46,1107.46,32.0,32.52,63,63,0.0,0.0
"15934",417,2,0,2190.66,2190.66,11.0,11.92,29,29,0.0,0.0
"15935",238,1,1,108.04,-200.78,NULL,NULL,11,11,50.0,66.7
"15936",378,2,0,282.79,282.79,88.0,88.21,16,16,0.0,0.0
"15937",63,1,0,145.35,145.35,NULL,NULL,7,7,0.0,0.0
"15938",111,9,0,734.81,734.81,55.1,55.52,27,27,0.0,0.0
"15939",89,15,1,9004.84,8992.09,19.9,20.36,50,44,6.3,0.6
"15940",310,1,1,35.80,4.00,NULL,NULL,1,1,50.0,50.0
"15941",512,1,1,405.00,230.60,NULL,NULL,6,3,50.0,40.0
"15942",133,1,0,337.44,337.44,NULL,NULL,14,14,0.0,0.0
"15943",649,2,0,271.29,271.29,28.0,28.07,12,12,0.0,0.0
"15944",276,4,0,2164.24,2164.24,149.7,149.97,25,25,0.0,0.0
"15945",364,4,0,646.27,646.27,124.0,124.33,24,23,0.0,0.0
"15946",502,3,0,2304.18,2304.18,65.5,65.53,25,25,0.0,0.0
"15947",82,1,0,1708.24,1708.24,NULL,NULL,29,28,0.0,0.0
"15948",7,3,0,1509.09,1509.09,207.5,208.07,63,63,0.0,0.0
"15949",16,2,0,364.72,364.72,54.0,54.65,12,12,0.0,0.0
"15950",1,10,3,7120.91,6878.71,71.9,72.33,225,218,23.1,1.8
"15951",0,3,1,1013.17,974.52,185.5,186.30,44,44,25.0,3.3
"15952",33,4,0,781.91,781.91,63.3,63.98,65,61,0.0,0.0
"15953",14,18,3,3440.34,3295.49,42.0,42.42,102,99,14.3,3.5
"15954",588,1,0,187.80,187.80,NULL,NULL,19,19,0.0,0.0
"15955",23,22,3,8085.98,8050.23,29.6,30.00,222,215,12.0,1.7
"15956",550,2,0,617.60,617.60,175.0,175.08,18,17,0.0,0.0
"15957",31,3,0,921.25,921.25,194.0,194.50,121,120,0.0,0.0
"15958",73,4,0,462.12,462.12,158.3,158.70,50,50,0.0,0.0
"15959",681,3,0,542.89,542.89,0.0,0.01,58,57,0.0,0.0
"15960",373,4,1,410.95,394.00,19.7,20.33,24,24,20.0,3.7
"15961",378,1,0,451.29,451.29,NULL,NULL,42,41,0.0,0.0
"15962",448,1,0,289.48,289.48,NULL,NULL,43,38,0.0,0.0
"15963",19,2,0,470.76,470.76,25.0,25.94,26,26,0.0,0.0
"15964",662,1,0,269.21,269.21,NULL,NULL,20,17,0.0,0.0
"15965",16,13,1,2771.94,2758.19,59.5,59.93,202,197,7.1,0.6
"15966",443,1,1,426.53,399.58,NULL,NULL,27,23,50.0,15.6
"15967",22,12,1,2966.00,2943.60,64.5,65.01,316,293,7.7,0.8
"15968",387,1,0,401.80,401.80,NULL,NULL,69,66,0.0,0.0
"15969",2,5,1,1127.05,1043.85,129.5,129.98,31,31,16.7,2.8
"15970",303,2,0,1017.32,1017.32,295.0,295.03,19,16,0.0,0.0
"15971",17,18,2,5897.88,4925.48,41.6,42.01,11,11,10.0,6.8
"15972",455,5,0,1769.33,1769.33,35.5,35.99,104,102,0.0,0.0
"15973",235,2,2,665.62,457.57,62.0,62.13,7,7,50.0,16.7
"15974",38,7,1,3442.15,3429.55,41.0,41.52,141,136,12.5,0.6
"15975",83,1,0,371.01,371.01,NULL,NULL,24,24,0.0,0.0
"15976",164,6,0,1680.31,1680.31,76.6,77.19,264,256,0.0,0.0
"15977",16,2,0,1054.73,1054.73,21.0,21.88,48,47,0.0,0.0
"15978",76,3,2,3279.42,3272.62,283.0,283.51,107,104,40.0,1.5
"15979",602,1,0,329.22,329.22,NULL,NULL,22,22,0.0,0.0
"15980",88,7,2,6543.68,6496.28,77.7,77.97,101,99,22.2,1.7
"15981",24,21,5,9362.77,9284.07,29.4,29.80,151,148,19.2,2.0
"15982",604,1,0,324.51,324.51,NULL,NULL,45,44,0.0,0.0
"15983",21,8,0,3110.37,3110.37,101.1,101.60,137,128,0.0,0.0
"15984",2,30,2,8393.02,8304.82,25.0,25.38,458,449,6.3,0.8
"15985",122,7,1,2715.28,2610.28,72.5,73.00,50,50,12.5,1.0
"15986",29,2,0,354.42,354.42,351.0,351.22,25,25,0.0,0.0
"15987",11,8,0,1535.99,1535.99,52.0,52.44,143,140,0.0,0.0
"15988",18,3,0,736.39,736.39,318.5,318.54,113,111,0.0,0.0
"15989",375,2,0,368.31,368.31,361.0,361.84,81,80,0.0,0.0
"15990",43,7,0,1997.75,1997.75,100.5,100.86,117,109,0.0,0.0
"15991",533,1,0,150.55,150.55,NULL,NULL,6,6,0.0,0.0
"15992",3,3,0,896.60,896.60,224.5,224.98,53,53,0.0,0.0
"15993",8,7,3,2768.97,2728.22,5.3,5.96,334,323,30.0,1.5
"15994",54,3,2,1175.68,1172.34,290.5,290.51,93,93,40.0,1.8
"15995",413,1,0,694.54,694.54,NULL,NULL,108,108,0.0,0.0
"15996",87,7,1,1386.40,1370.50,51.3,51.50,140,136,12.5,0.6
"15998",36,16,5,8274.14,8186.19,46.2,46.80,682,655,23.8,0.7
"15999",735,1,0,20.40,20.40,NULL,NULL,1,1,0.0,0.0
"16000",2,3,0,12393.70,12393.70,0.0,0.00,9,9,0.0,0.0
"16001",380,1,1,583.39,519.06,NULL,NULL,29,29,50.0,25.6
"16002",624,1,0,169.21,169.21,NULL,NULL,42,40,0.0,0.0
"16003",29,10,0,5613.83,5613.83,78.1,78.51,146,146,0.0,0.0
"16004",474,5,0,2146.39,2146.39,52.0,52.23,63,60,0.0,0.0
"16005",11,10,1,2365.07,2332.62,48.2,48.67,314,300,9.1,0.2
"16006",210,2,0,332.82,332.82,176.0,176.05,75,75,0.0,0.0
"16007",47,7,0,3053.06,3053.06,82.0,82.65,337,320,0.0,0.0
"16008",23,15,0,5339.13,5339.13,42.8,43.36,63,59,0.0,0.0
"16009",21,4,0,972.11,972.11,45.7,45.74,68,67,0.0,0.0
"16010",245,11,1,1694.86,1692.91,16.1,16.60,122,118,8.3,0.3
"16011",7,29,1,5599.31,5585.86,25.6,26.08,180,174,3.3,0.5
"16012",34,5,0,2978.59,2978.59,123.3,123.52,207,205,0.0,0.0
"16013",3,84,7,56078.44,51615.64,8.5,8.77,54,54,7.7,11.5
"16014",35,5,1,1100.28,1091.03,159.5,159.99,219,212,16.7,1.1
"16015",3,3,1,704.26,689.41,22.0,22.96,145,141,25.0,1.1
"16016",2,11,3,2083.40,2053.00,39.4,39.90,181,176,21.4,1.3
"16017",46,5,0,1545.58,1545.58,163.5,164.01,99,93,0.0,0.0
"16018",38,4,0,698.13,698.13,230.7,231.00,48,47,0.0,0.0
"16019",1,27,8,17329.16,16503.46,25.6,26.11,256,246,22.9,3.6
"16020",16,3,0,851.01,851.01,24.0,24.45,42,42,0.0,0.0
"16021",394,2,0,487.03,487.03,149.0,149.15,117,115,0.0,0.0
"16022",259,1,0,602.63,602.63,NULL,NULL,68,65,0.0,0.0
"16023",45,3,0,719.81,719.81,110.0,110.06,90,87,0.0,0.0
"16024",11,3,0,478.71,478.71,199.5,199.54,77,75,0.0,0.0
"16025",29,1,0,439.66,439.66,NULL,NULL,28,28,0.0,0.0
"16026",42,1,0,236.09,236.09,NULL,NULL,30,30,0.0,0.0
"16027",91,15,2,2048.36,1882.34,42.9,43.49,20,19,11.8,5.4
"16028",595,1,0,82.20,82.20,NULL,NULL,5,5,0.0,0.0
"16029",38,106,6,109620.87,97066.71,6.3,6.60,56,54,5.4,5.6
"16030",309,1,0,331.24,331.24,NULL,NULL,28,25,0.0,0.0
"16031",91,2,0,547.90,547.90,154.0,154.95,91,90,0.0,0.0
"16032",455,6,0,1965.72,1965.72,13.0,13.44,130,124,0.0,0.0
"16033",5,27,9,10608.81,10465.07,18.0,18.46,605,594,25.0,1.2
"16034",195,6,1,911.32,908.37,42.4,42.63,43,42,14.3,1.8
"16035",559,1,0,217.73,217.73,NULL,NULL,21,21,0.0,0.0
"16036",86,4,0,2556.84,2556.84,177.3,177.67,120,99,0.0,0.0
"16037",269,5,2,1509.34,1489.44,94.0,94.72,62,61,28.6,2.7
"16038",7,3,1,471.78,454.33,96.5,97.02,24,24,25.0,7.1
"16039",423,2,1,456.40,449.65,204.0,204.81,27,27,33.3,3.0
"16040",64,7,1,2416.90,2383.70,90.2,90.69,95,93,12.5,2.3
"16041",30,3,0,3166.40,3166.40,55.0,55.42,6,6,0.0,0.0
"16042",21,8,3,2245.32,2183.10,61.3,61.61,88,88,27.3,5.1
"16043",37,8,0,1856.59,1856.59,63.0,63.44,56,56,0.0,0.0
"16044",434,1,0,340.84,340.84,NULL,NULL,19,19,0.0,0.0
"16045",119,8,1,3434.93,3187.03,53.7,54.14,111,111,11.1,6.9
"16046",561,1,0,235.78,235.78,NULL,NULL,22,20,0.0,0.0
"16048",85,4,2,818.79,800.09,58.3,58.71,30,27,33.3,5.3
"16049",39,6,0,1852.15,1852.15,94.6,95.20,383,364,0.0,0.0
"16050",173,3,0,300.70,300.70,113.0,113.91,19,19,0.0,0.0
"16051",681,1,0,188.44,188.44,NULL,NULL,12,8,0.0,0.0
"16052",53,1,0,362.06,362.06,NULL,NULL,34,34,0.0,0.0
"16053",32,6,2,3634.84,3606.14,115.2,115.60,169,166,25.0,1.5
"16054",144,4,3,2111.88,2090.68,157.0,157.26,109,105,42.9,3.9
"16055",220,1,0,134.80,134.80,NULL,NULL,8,8,0.0,0.0
"16056",44,1,0,650.75,650.75,NULL,NULL,66,64,0.0,0.0
"16057",3,10,7,3854.85,3202.07,75.9,76.10,175,172,41.2,17.7
"16058",405,1,0,62.70,62.70,NULL,NULL,2,2,0.0,0.0
"16059",65,12,0,3053.57,3053.57,45.2,45.81,233,220,0.0,0.0
"16060",400,3,0,541.95,541.95,46.5,46.93,22,21,0.0,0.0
"16061",268,1,2,89.65,44.95,NULL,NULL,3,3,66.7,40.0
"16062",9,8,0,2863.45,2863.45,74.7,75.28,134,132,0.0,0.0
"16063",259,1,0,335.32,335.32,NULL,NULL,23,23,0.0,0.0
"16064",724,1,0,109.31,109.31,NULL,NULL,17,17,0.0,0.0
"16065",364,8,2,1992.13,1975.13,13.6,14.00,214,211,20.0,0.6
"16066",16,5,0,1521.04,1521.04,26.5,26.97,77,77,0.0,0.0
"16067",562,3,3,3269.11,2900.01,55.5,56.39,60,51,50.0,11.7
"16068",593,1,0,115.73,115.73,NULL,NULL,34,33,0.0,0.0
"16069",417,1,0,457.70,457.70,NULL,NULL,25,25,0.0,0.0
"16070",21,2,0,852.15,852.15,9.0,9.97,32,32,0.0,0.0
"16071",44,4,0,1076.80,1076.80,203.0,203.62,62,60,0.0,0.0
"16072",287,4,0,4180.09,4180.09,86.3,86.97,414,405,0.0,0.0
"16073",291,1,1,122.40,94.35,NULL,NULL,1,1,50.0,50.0
"16074",389,1,0,252.50,252.50,NULL,NULL,23,20,0.0,0.0
"16075",502,2,1,736.93,726.98,61.0,61.82,41,41,33.3,2.4
"16076",2,10,1,2234.73,2173.53,22.3,22.79,71,71,9.1,1.5
"16077",573,1,1,2300.40,600.00,NULL,NULL,8,8,50.0,11.1
"16078",283,2,0,362.99,362.99,385.0,385.85,39,39,0.0,0.0
"16079",16,3,0,1352.00,1352.00,11.5,11.99,18,18,0.0,0.0
"16080",81,4,2,602.56,472.90,122.3,122.95,29,28,33.3,9.1
"16081",55,8,0,4278.96,4278.96,87.7,88.29,235,226,0.0,0.0
"16082",669,1,0,106.75,106.75,NULL,NULL,16,14,0.0,0.0
"16083",100,4,0,2351.42,2351.42,95.3,95.98,61,58,0.0,0.0
"16084",298,1,0,436.18,436.18,NULL,NULL,38,37,0.0,0.0
"16085",22,12,1,2324.71,2318.91,60.1,60.45,258,239,7.7,0.5
"16086",58,10,1,2687.73,2685.65,74.7,75.33,66,64,9.1,0.8
"16087",388,5,0,1739.92,1739.92,74.5,75.04,6,5,0.0,0.0
"16088",575,2,0,1437.43,1437.43,15.0,15.97,3,3,0.0,0.0
"16089",385,2,0,263.49,263.49,122.0,122.92,42,41,0.0,0.0
"16090",623,1,0,180.56,180.56,NULL,NULL,18,17,0.0,0.0
"16091",154,2,0,315.06,315.06,43.0,43.98,16,15,0.0,0.0
"16092",98,6,4,1587.94,1515.49,92.4,92.95,60,60,40.0,4.3
"16093",106,1,0,17.00,17.00,NULL,NULL,1,1,0.0,0.0
"16094",11,11,8,3695.56,3599.16,58.7,59.09,101,99,42.1,7.1
"16095",455,1,0,447.05,447.05,NULL,NULL,30,30,0.0,0.0
"16096",263,4,0,1584.97,1584.97,126.3,126.97,58,56,0.0,0.0
"16097",239,1,0,185.05,185.05,NULL,NULL,10,10,0.0,0.0
"16098",87,14,0,4010.70,4010.70,48.5,49.00,83,78,0.0,0.0
"16099",49,7,1,1573.20,1568.25,99.0,99.35,44,44,12.5,1.4
"16100",462,1,0,582.64,582.64,NULL,NULL,37,37,0.0,0.0
"16101",8,4,3,3229.16,3167.42,163.0,163.63,153,149,42.9,4.0
"16102",41,3,0,1842.14,1842.14,42.5,43.01,41,39,0.0,0.0
"16103",6,22,5,6191.71,6002.76,32.6,33.00,111,108,18.5,3.4
"16104",61,9,2,2774.46,2511.21,83.6,84.00,187,175,18.2,3.7
"16105",248,5,0,2386.19,2386.19,88.3,88.97,92,89,0.0,0.0
"16106",65,1,0,108.38,108.38,NULL,NULL,6,6,0.0,0.0
"16107",17,7,0,3204.16,3204.16,27.0,27.60,16,16,0.0,0.0
"16108",84,4,4,2235.92,2171.93,181.7,182.30,124,120,50.0,5.6
"16109",218,3,1,939.48,923.58,239.5,239.97,30,26,25.0,3.1
"16110",44,4,0,1781.59,1781.59,158.7,159.02,343,342,0.0,0.0
"16111",427,1,0,549.33,549.33,NULL,NULL,72,68,0.0,0.0
"16112",142,4,0,195.74,195.74,64.3,65.04,15,15,0.0,0.0
"16113",182,1,0,161.38,161.38,NULL,NULL,30,28,0.0,0.0
"16114",170,1,0,135.75,135.75,NULL,NULL,8,8,0.0,0.0
"16115",9,12,0,2553.80,2553.80,50.9,51.36,230,224,0.0,0.0
"16116",205,1,1,612.78,592.88,NULL,NULL,34,33,50.0,2.9
"16117",189,3,1,654.40,650.05,200.5,201.00,64,61,25.0,1.1
"16118",392,1,4,4376.25,4255.43,NULL,NULL,41,41,80.0,12.8
"16119",7,8,0,1720.81,1720.81,101.9,102.16,37,37,0.0,0.0
"16120",58,6,1,2967.51,2952.51,72.4,72.59,84,81,14.3,2.1
"16121",56,5,1,1450.04,1430.14,127.0,127.02,256,254,16.7,0.3
"16122",72,6,0,895.62,895.62,69.8,70.40,28,28,0.0,0.0
"16123",51,1,0,307.78,307.78,NULL,NULL,16,16,0.0,0.0
"16124",315,4,2,1772.49,1709.39,138.3,138.39,63,62,33.3,6.8
"16125",366,14,0,4292.35,4292.35,26.9,27.54,168,159,0.0,0.0
"16126",28,15,0,14644.60,14644.60,50.0,50.58,144,134,0.0,0.0
"16127",38,2,0,801.31,801.31,687.0,687.07,75,72,0.0,0.0
"16128",17,11,3,3801.05,3748.40,48.9,49.38,155,155,21.4,2.7
"16129",406,3,0,1396.05,1396.05,49.5,50.04,91,91,0.0,0.0
"16130",421,4,0,987.48,987.48,64.3,65.02,53,52,0.0,0.0
"16131",51,12,3,9957.42,9866.27,62.0,62.37,131,126,20.0,2.7
"16132",543,2,0,664.20,664.20,83.0,83.14,14,12,0.0,0.0
"16133",3,56,22,22992.26,22228.88,10.7,11.18,303,295,28.2,6.7
"16134",21,5,2,2145.34,2119.99,129.3,129.75,85,84,28.6,3.3
"16135",262,2,0,819.45,819.45,321.0,321.12,35,35,0.0,0.0
"16136",59,4,1,946.80,921.08,200.7,201.28,44,44,20.0,4.2
"16137",679,1,0,422.70,422.70,NULL,NULL,28,24,0.0,0.0
"16138",367,3,1,910.35,902.40,106.0,106.05,35,35,25.0,2.6
"16139",18,5,0,1111.15,1111.15,178.8,179.45,47,47,0.0,0.0
"16140",52,3,1,1433.46,1416.46,187.5,188.00,50,50,25.0,1.5
"16141",87,2,0,955.94,955.94,328.0,328.96,47,47,0.0,0.0
"16142",249,1,0,535.34,535.34,NULL,NULL,37,37,0.0,0.0
"16143",2,12,4,4555.08,4511.13,65.7,66.02,107,103,25.0,2.2
"16144",246,1,0,175.20,175.20,NULL,NULL,1,1,0.0,0.0
"16145",8,19,10,6805.44,6693.60,31.6,31.99,217,208,34.5,5.3
"16146",156,4,0,946.38,946.38,96.7,97.05,34,33,0.0,0.0
"16147",133,5,2,2398.91,2367.02,134.3,134.72,113,113,28.6,2.9
"16148",295,2,2,386.62,370.37,140.0,140.16,9,9,50.0,25.0
"16149",4,3,0,422.22,422.22,211.5,212.41,30,30,0.0,0.0
"16150",38,10,10,4002.17,3761.27,75.0,75.54,143,140,50.0,13.9
"16152",268,1,0,1829.04,1829.04,NULL,NULL,29,29,0.0,0.0
"16153",49,11,2,5133.49,5047.09,50.8,51.29,161,158,15.4,0.9
"16155",381,5,1,796.90,781.05,39.3,39.51,45,45,16.7,4.0
"16156",8,20,6,6188.18,5931.01,37.9,38.36,199,197,23.1,5.4
"16157",15,3,1,656.69,644.24,28.0,28.50,12,12,25.0,5.3
"16158",521,9,1,628.32,611.32,26.1,26.49,29,27,10.0,2.8
"16159",281,4,1,1232.79,1230.29,151.0,151.68,31,28,20.0,1.9
"16160",63,2,2,1025.44,1009.45,20.0,20.14,20,20,50.0,9.1
"16161",1,43,13,12580.06,12279.97,15.4,15.91,458,440,23.2,3.6
"16162",251,1,0,37.40,37.40,NULL,NULL,2,2,0.0,0.0
"16163",224,6,8,2407.98,1822.03,100.6,101.04,59,58,57.1,15.0
"16164",16,3,1,822.48,802.53,12.5,12.62,27,27,25.0,2.9
"16165",504,1,0,79.90,79.90,NULL,NULL,1,1,0.0,0.0
"16166",427,2,2,435.83,327.48,263.0,263.06,18,17,50.0,15.4
"16167",413,5,1,1386.12,1149.87,80.8,81.05,51,48,16.7,11.3
"16168",10,66,6,10360.67,10279.02,10.8,11.17,131,126,8.3,3.8
"16169",7,4,0,1822.97,1822.97,22.3,22.39,71,69,0.0,0.0
"16170",50,20,5,6869.00,6813.67,31.5,32.04,254,250,20.0,2.7
"16171",58,1,0,73.20,73.20,NULL,NULL,3,3,0.0,0.0
"16172",94,8,0,1884.55,1884.55,59.0,59.70,81,81,0.0,0.0
"16173",15,6,1,1418.32,1406.57,16.0,16.56,70,70,14.3,3.4
"16174",125,7,0,2246.75,2246.75,79.0,79.49,28,28,0.0,0.0
"16175",93,7,0,1836.44,1836.44,77.7,78.18,59,58,0.0,0.0
"16176",420,4,3,2052.69,1964.04,65.7,66.32,53,51,42.9,11.1
"16177",49,8,4,2247.31,2141.61,84.7,85.28,79,78,33.3,7.8
"16178",137,2,0,612.60,612.60,263.0,263.05,24,22,0.0,0.0
"16179",60,1,0,215.83,215.83,NULL,NULL,11,11,0.0,0.0
"16180",99,13,3,16249.87,16170.27,35.8,36.18,171,166,18.8,5.8
"16181",72,1,0,305.54,305.54,NULL,NULL,11,11,0.0,0.0
"16182",71,9,0,9971.65,9971.65,70.6,71.02,20,20,0.0,0.0
"16183",66,4,0,1077.81,1077.81,112.7,113.34,32,32,0.0,0.0
"16184",63,6,1,1158.79,1155.54,29.0,29.43,26,26,14.3,2.2
"16185",16,3,0,644.72,644.72,273.5,273.97,39,39,0.0,0.0
"16186",22,26,4,8718.43,8676.23,27.9,28.32,172,169,13.3,1.4
"16187",31,15,2,6911.44,6841.24,17.5,18.06,160,155,11.8,0.7
"16188",44,5,1,1087.66,1077.71,90.5,91.01,72,72,16.7,1.3
"16189",15,2,0,215.48,215.48,69.0,69.85,9,9,0.0,0.0
"16190",39,8,0,2723.55,2723.55,97.3,97.88,89,89,0.0,0.0
"16191",2,24,15,15677.82,15155.17,31.2,31.56,113,112,38.5,8.7
"16192",735,1,0,351.30,351.30,NULL,NULL,11,10,0.0,0.0
"16193",236,2,0,630.43,630.43,174.0,174.06,38,38,0.0,0.0
"16194",374,1,0,308.60,308.60,NULL,NULL,8,8,0.0,0.0
"16195",722,1,0,323.25,323.25,NULL,NULL,16,16,0.0,0.0
"16196",488,1,0,93.30,93.30,NULL,NULL,4,2,0.0,0.0
"16197",468,9,0,2016.71,2016.71,31.3,31.76,52,52,0.0,0.0
"16198",74,2,0,1030.04,1030.04,362.0,362.04,30,30,0.0,0.0
"16199",391,7,0,942.75,942.75,39.2,39.79,2,2,0.0,0.0
"16200",3,12,1,5608.10,5594.60,66.2,66.63,361,340,7.7,0.2
"16201",2,5,1,2112.12,2070.17,102.5,103.04,86,85,16.7,3.1
"16202",360,9,2,2501.99,2467.04,46.8,47.12,105,103,18.2,1.6
"16203",58,6,1,943.84,940.09,88.6,89.19,56,55,14.3,1.5
"16204",22,3,1,918.71,913.71,353.0,353.92,86,81,25.0,1.0
"16205",30,7,0,1813.51,1813.51,84.8,85.32,146,140,0.0,0.0
"16206",54,13,1,2577.12,2572.17,51.8,52.48,186,181,7.1,0.4
"16207",24,1,0,394.38,394.38,NULL,NULL,19,19,0.0,0.0
"16208",44,10,0,3440.45,3440.45,67.2,67.65,180,174,0.0,0.0
"16209",88,9,0,4146.78,4146.78,56.9,57.25,51,51,0.0,0.0
"16210",1,33,2,33730.97,33545.52,22.5,23.00,144,141,5.7,1.2
"16211",80,3,1,1090.59,1086.34,174.0,174.93,35,33,25.0,2.7
"16212",18,4,1,1293.71,1284.56,216.7,216.97,71,71,20.0,2.5
"16213",78,1,0,159.00,159.00,NULL,NULL,6,6,0.0,0.0
"16214",170,4,0,2038.25,2038.25,87.7,88.30,84,84,0.0,0.0
"16215",80,1,0,242.35,242.35,NULL,NULL,14,14,0.0,0.0
"16216",266,1,0,914.93,914.93,NULL,NULL,37,37,0.0,0.0
"16217",234,2,1,304.25,266.45,46.0,46.92,13,13,33.3,16.7
"16218",29,13,6,3968.67,3872.30,43.9,44.31,82,77,31.6,13.9
"16219",500,1,0,40.80,40.80,NULL,NULL,1,1,0.0,0.0
"16221",36,9,1,2018.47,2011.97,55.6,56.24,176,173,10.0,0.8
"16222",317,2,0,1272.05,1272.05,402.0,402.96,133,132,0.0,0.0
"16223",374,2,0,1087.05,1087.05,20.0,20.99,101,99,0.0,0.0
"16224",56,5,0,1616.54,1616.54,82.0,82.55,107,107,0.0,0.0
"16225",44,15,3,2859.31,2813.81,44.1,44.70,189,181,16.7,1.6
"16226",202,5,0,672.17,672.17,52.0,52.54,23,23,0.0,0.0
"16227",218,3,3,1027.22,948.82,154.5,155.00,28,27,50.0,17.1
"16228",373,3,1,885.71,881.06,7.0,7.40,45,44,25.0,1.8
"16229",86,6,1,2867.86,2835.36,95.0,95.44,144,143,14.3,2.2
"16230",189,2,0,542.03,542.03,30.0,30.79,32,31,0.0,0.0
"16231",378,4,0,1074.47,1074.47,72.3,72.71,69,68,0.0,0.0
"16232",32,7,3,2712.97,2692.02,83.8,84.49,60,58,30.0,2.8
"16233",70,9,3,1818.31,1678.26,82.8,83.27,49,47,25.0,6.4
"16234",473,3,1,333.18,312.78,42.5,42.58,13,13,25.0,6.3
"16235",40,8,2,2043.71,1980.61,61.0,61.42,79,78,20.0,5.8
"16236",77,1,0,432.20,432.20,NULL,NULL,20,20,0.0,0.0
"16237",436,1,0,136.65,136.65,NULL,NULL,7,7,0.0,0.0
"16238",422,1,0,63.66,63.66,NULL,NULL,6,6,0.0,0.0
"16239",56,6,1,1492.20,1450.90,80.8,81.31,24,24,14.3,5.4
"16240",7,2,3,3718.80,3693.81,53.0,53.03,126,126,60.0,4.9
"16241",9,16,0,3989.81,3989.81,26.3,26.73,499,471,0.0,0.0
"16242",7,14,4,7404.65,7370.50,47.7,48.15,348,342,22.2,1.2
"16243",33,2,0,409.10,409.10,21.0,21.02,49,48,0.0,0.0
"16244",211,2,0,1522.75,1522.75,160.0,160.94,88,82,0.0,0.0
"16245",23,3,2,1413.66,1352.36,116.5,116.52,80,80,40.0,3.2
"16246",459,2,0,821.35,821.35,209.0,209.98,79,78,0.0,0.0
"16247",169,1,0,114.56,114.56,NULL,NULL,16,16,0.0,0.0
"16248",61,1,0,152.94,152.94,NULL,NULL,7,7,0.0,0.0
"16249",52,5,0,1800.07,1800.07,46.0,46.71,67,67,0.0,0.0
"16250",260,3,0,565.24,565.24,62.0,62.59,29,29,0.0,0.0
"16251",511,1,0,128.31,128.31,NULL,NULL,20,20,0.0,0.0
"16252",365,1,1,295.09,0.00,NULL,NULL,21,21,50.0,50.0
"16253",66,7,0,7222.20,7222.20,110.2,110.78,217,212,0.0,0.0
"16254",377,3,0,967.44,967.44,126.0,126.95,65,61,0.0,0.0
"16255",16,15,4,4530.00,4457.59,47.1,47.72,231,225,21.1,1.2
"16256",257,3,1,1579.37,1559.57,165.0,165.54,26,26,25.0,3.4
"16257",176,1,0,21.95,21.95,NULL,NULL,1,1,0.0,0.0
"16258",44,15,1,11942.52,11833.52,42.0,42.43,253,251,6.3,0.3
"16259",409,3,0,340.94,340.94,97.0,97.45,75,74,0.0,0.0
"16260",50,1,0,1035.45,1035.45,NULL,NULL,18,17,0.0,0.0
"16261",16,6,0,1041.16,1041.16,84.4,85.01,118,115,0.0,0.0
"16262",360,1,2,755.15,677.78,NULL,NULL,46,45,66.7,8.0
"16263",422,1,0,348.16,348.16,NULL,NULL,19,19,0.0,0.0
"16264",437,2,0,823.53,823.53,7.0,7.95,62,61,0.0,0.0
"16265",8,12,3,6685.17,6643.62,35.9,36.19,191,183,20.0,0.9
"16266",73,14,0,1757.95,1757.95,45.6,46.14,73,72,0.0,0.0
"16267",590,1,0,186.66,186.66,NULL,NULL,7,7,0.0,0.0
"16268",70,2,0,617.65,617.65,0.0,0.00,44,44,0.0,0.0
"16269",427,1,1,717.57,714.59,NULL,NULL,53,53,50.0,1.9
"16270",352,1,0,1141.24,1141.24,NULL,NULL,54,53,0.0,0.0
"16271",15,8,1,3367.82,3361.87,88.9,89.57,175,163,11.1,0.3
"16272",116,1,0,411.70,411.70,NULL,NULL,25,23,0.0,0.0
"16273",647,2,0,318.34,318.34,7.0,7.89,15,12,0.0,0.0
"16274",372,1,0,331.55,331.55,NULL,NULL,63,62,0.0,0.0
"16275",196,3,0,2151.11,2151.11,222.0,222.46,105,105,0.0,0.0
"16276",176,3,0,2629.39,2629.39,215.0,215.45,20,20,0.0,0.0
"16277",733,1,0,188.69,188.69,NULL,NULL,23,23,0.0,0.0
"16278",22,3,4,1117.84,1056.59,199.0,199.53,50,50,57.1,8.3
"16279",20,9,1,5698.28,5685.38,71.4,71.88,243,237,10.0,0.6
"16280",724,1,0,238.05,238.05,NULL,NULL,16,16,0.0,0.0
"16281",71,3,1,3424.02,3416.52,304.5,305.03,27,25,25.0,2.5
"16282",339,3,0,1307.58,1307.58,189.0,189.50,31,31,0.0,0.0
"16283",5,8,4,4348.62,4256.17,91.4,91.99,384,362,33.3,1.9
"16284",30,3,0,1018.48,1018.48,181.0,181.06,108,106,0.0,0.0
"16285",645,1,0,176.90,176.90,NULL,NULL,31,25,0.0,0.0
"16286",476,2,2,328.95,263.65,146.0,146.20,17,16,50.0,10.5
"16287",169,5,0,1006.98,1006.98,129.5,129.99,18,16,0.0,0.0
"16288",469,1,0,129.85,129.85,NULL,NULL,7,7,0.0,0.0
"16289",461,1,1,136.31,98.81,NULL,NULL,21,19,50.0,4.5
"16290",464,4,0,1957.70,1957.70,33.0,33.67,85,84,0.0,0.0
"16292",116,5,4,1253.76,1171.46,120.0,120.74,51,51,44.4,7.5
"16293",8,15,4,4279.20,4253.45,50.2,50.50,168,167,21.1,2.2
"16294",476,1,0,126.05,126.05,NULL,NULL,8,8,0.0,0.0
"16295",9,4,0,1328.55,1328.55,18.0,18.30,70,67,0.0,0.0
"16296",625,4,2,1313.67,1245.97,31.3,31.68,56,56,33.3,10.8
"16297",249,1,2,301.90,278.55,NULL,NULL,20,20,66.7,9.1
"16298",22,7,2,1085.70,1080.00,69.3,69.98,32,32,22.2,4.1
"16299",472,1,1,193.65,178.65,NULL,NULL,12,12,50.0,7.7
"16300",429,3,0,1367.32,1367.32,122.5,122.53,190,183,0.0,0.0
"16301",736,1,0,107.33,107.33,NULL,NULL,6,6,0.0,0.0
"16302",107,1,1,233.22,212.82,NULL,NULL,11,11,50.0,8.3
"16303",25,7,2,7928.27,7823.72,100.2,100.98,156,155,22.2,2.4
"16304",694,1,0,381.66,381.66,NULL,NULL,25,25,0.0,0.0
"16305",138,1,0,361.22,361.22,NULL,NULL,22,22,0.0,0.0
"16306",213,7,3,1124.72,1094.72,36.5,36.85,55,55,30.0,4.3
"16307",428,3,0,1194.92,1194.92,73.5,74.00,69,69,0.0,0.0
"16308",37,7,0,5120.00,5120.00,114.0,114.47,1,1,0.0,0.0
"16309",91,2,1,706.57,686.67,134.0,134.16,39,39,33.3,4.5
"16310",413,2,0,460.08,460.08,227.0,227.96,26,25,0.0,0.0
"16311",17,2,0,616.26,616.26,31.0,31.82,35,35,0.0,0.0
"16312",431,1,0,171.15,171.15,NULL,NULL,10,10,0.0,0.0
"16313",2,2,0,274.15,274.15,46.0,46.17,16,16,0.0,0.0
"16314",389,3,0,1491.40,1491.40,41.0,41.50,58,56,0.0,0.0
"16315",330,2,0,402.71,402.71,205.0,205.92,21,21,0.0,0.0
"16316",63,13,6,5744.91,5533.31,35.2,35.75,193,190,31.6,2.3
"16317",119,5,1,2192.51,2179.76,116.0,116.28,103,103,16.7,0.8
"16318",34,1,0,328.15,328.15,NULL,NULL,19,19,0.0,0.0
"16319",217,1,0,404.40,404.40,NULL,NULL,3,3,0.0,0.0
"16320",171,6,1,5628.99,5618.79,101.4,101.82,193,185,14.3,0.4
"16321",71,7,3,604.55,265.50,110.7,111.03,15,15,30.0,36.1
"16322",0,2,0,326.75,326.75,35.0,35.05,28,28,0.0,0.0
"16323",195,2,0,353.66,353.66,381.0,381.21,4,3,0.0,0.0
"16324",127,3,0,408.59,408.59,24.0,24.47,100,98,0.0,0.0
"16325",43,12,5,3597.50,3470.90,62.0,62.62,104,102,29.4,4.2
"16326",5,24,1,4626.25,4601.25,29.0,29.34,242,227,4.0,0.2
"16327",13,16,4,10129.04,10103.22,46.9,47.40,288,268,20.0,0.8
"16328",562,1,0,310.83,310.83,NULL,NULL,16,16,0.0,0.0
"16329",427,4,0,1664.92,1664.92,103.0,103.68,83,79,0.0,0.0
"16330",17,7,1,625.38,615.68,107.2,107.50,105,102,12.5,1.7
"16331",431,6,0,2037.70,2037.70,41.6,42.02,33,28,0.0,0.0
"16332",27,11,2,1997.49,1977.05,55.5,56.10,157,154,15.4,1.0
"16333",7,22,0,26626.80,26626.80,14.0,14.38,9,9,0.0,0.0
"16334",491,1,0,263.73,263.73,NULL,NULL,54,51,0.0,0.0
"16335",551,7,1,2753.52,2726.52,30.3,30.68,193,170,12.5,0.3
"16336",420,4,0,3517.69,3517.69,70.0,70.40,64,59,0.0,0.0
"16337",36,1,0,151.05,151.05,NULL,NULL,10,10,0.0,0.0
"16338",156,1,0,214.80,214.80,NULL,NULL,11,11,0.0,0.0
"16339",283,1,0,94.05,94.05,NULL,NULL,17,17,0.0,0.0
"16340",106,3,0,1496.24,1496.24,221.5,222.03,277,274,0.0,0.0
"16341",24,7,3,3850.79,3832.29,97.0,97.49,103,102,30.0,6.5
"16342",74,4,0,322.41,322.41,34.3,34.73,10,10,0.0,0.0
"16343",15,3,0,614.12,614.12,195.5,195.57,54,54,0.0,0.0
"16344",157,4,0,842.42,842.42,169.7,170.05,43,41,0.0,0.0
"16345",43,2,0,1178.79,1178.79,438.0,438.95,95,95,0.0,0.0
"16346",384,1,0,224.51,224.51,NULL,NULL,15,15,0.0,0.0
"16347",10,11,2,3442.96,3415.56,62.1,62.60,209,202,15.4,0.9
"16348",31,8,0,1742.08,1742.08,56.4,56.87,179,175,0.0,0.0
"16349",290,1,0,53.50,53.50,NULL,NULL,9,9,0.0,0.0
"16350",20,9,3,2253.89,2222.49,50.3,50.87,72,71,25.0,3.9
"16351",332,13,5,3330.03,3279.13,33.0,33.56,124,122,27.8,5.6
"16352",17,2,0,494.44,494.44,20.0,20.08,28,28,0.0,0.0
"16353",3,38,3,9795.46,9781.93,19.3,19.70,76,75,7.3,1.7
"16354",62,5,0,1119.46,1119.46,131.5,132.01,116,112,0.0,0.0
"16355",373,1,1,416.35,349.20,NULL,NULL,47,46,50.0,4.0
"16356",197,6,1,415.87,414.42,70.2,70.80,27,27,14.3,1.7
"16357",32,4,0,868.37,868.37,115.3,115.96,43,43,0.0,0.0
"16358",0,5,1,2919.65,2917.10,97.8,98.29,118,117,16.7,0.6
"16359",6,16,4,2697.75,2379.40,43.2,43.62,78,78,20.0,3.8
"16360",4,6,2,3450.41,3349.57,16.2,16.79,365,352,25.0,1.4
"16361",9,4,0,891.21,891.21,20.3,20.66,87,86,0.0,0.0
"16362",31,6,5,922.16,816.96,80.6,81.03,67,67,45.5,10.0
"16363",52,1,0,109.36,109.36,NULL,NULL,5,5,0.0,0.0
"16364",11,2,0,705.79,705.79,125.0,125.87,48,48,0.0,0.0
"16365",17,15,1,3167.34,3156.94,50.3,50.78,97,96,6.3,0.8
"16366",18,4,0,1548.13,1548.13,234.7,234.97,74,72,0.0,0.0
"16367",36,3,0,1350.48,1350.48,172.5,173.00,196,193,0.0,0.0
"16368",1,3,0,621.44,621.44,216.0,216.54,74,68,0.0,0.0
"16369",17,7,0,2654.48,2654.48,98.3,98.83,114,114,0.0,0.0
"16370",81,4,0,1301.91,1301.91,47.3,47.66,143,137,0.0,0.0
"16371",448,1,0,157.20,157.20,NULL,NULL,11,11,0.0,0.0
"16372",32,5,1,1290.31,1260.31,143.0,143.48,271,258,16.7,0.3
"16373",381,2,0,309.49,309.49,29.0,29.11,25,25,0.0,0.0
"16374",65,5,0,1709.55,1709.55,130.3,130.52,275,269,0.0,0.0
"16375",469,2,0,104.00,104.00,0.0,0.01,11,10,0.0,0.0
"16376",8,2,1,974.96,965.47,8.0,8.79,104,103,33.3,2.4
"16377",266,2,0,1308.48,1308.48,350.0,350.21,6,6,0.0,0.0
"16378",246,3,0,362.95,362.95,31.0,31.55,22,22,0.0,0.0
"16379",3,4,1,2157.40,2131.90,24.7,24.75,87,87,20.0,0.9
"16380",60,1,0,1743.15,1743.15,NULL,NULL,28,27,0.0,0.0
"16381",395,2,0,247.85,247.85,22.0,22.87,60,60,0.0,0.0
"16382",407,2,0,353.10,353.10,142.0,142.15,42,41,0.0,0.0
"16383",74,7,1,2887.99,2828.94,99.2,99.83,238,218,12.5,1.0
"16384",89,4,0,1358.95,1358.95,166.3,166.96,80,78,0.0,0.0
"16385",59,5,0,881.35,881.35,142.3,142.75,94,92,0.0,0.0
"16386",28,3,0,1068.16,1068.16,179.5,179.52,127,122,0.0,0.0
"16387",322,5,0,882.46,882.46,78.8,78.99,68,68,0.0,0.0
"16388",653,1,0,186.05,186.05,NULL,NULL,13,12,0.0,0.0
"16389",52,4,1,1382.07,1362.27,76.0,76.65,33,33,20.0,2.9
"16390",536,3,0,467.50,467.50,70.5,71.39,16,16,0.0,0.0
"16391",400,4,0,1048.86,1048.86,53.3,53.68,260,248,0.0,0.0
"16392",269,3,0,755.45,755.45,146.0,146.02,124,115,0.0,0.0
"16393",1,23,7,5297.77,5192.61,33.0,33.46,313,308,23.3,3.6
"16394",49,5,4,1555.34,1412.06,57.8,58.24,61,60,44.4,17.0
"16395",60,14,3,3517.56,3438.66,51.3,51.77,415,399,17.6,0.9
"16396",472,1,2,137.80,102.70,NULL,NULL,8,8,66.7,33.3
"16397",627,1,0,123.13,123.13,NULL,NULL,9,9,0.0,0.0
"16398",144,2,2,1705.80,1631.15,99.0,99.23,75,75,50.0,4.7
"16399",18,3,0,628.42,628.42,184.5,185.02,96,93,0.0,0.0
"16400",94,9,0,3059.85,3059.85,79.1,79.62,214,200,0.0,0.0
"16401",0,23,15,6847.45,6629.24,24.8,25.19,109,106,39.5,6.0
"16402",264,2,0,293.45,293.45,104.0,104.95,55,55,0.0,0.0
"16403",301,1,1,177.50,161.05,NULL,NULL,10,10,50.0,33.3
"16404",69,1,1,443.05,430.30,NULL,NULL,23,23,50.0,4.2
"16405",301,2,0,167.25,167.25,7.0,7.93,3,3,0.0,0.0
"16406",18,3,1,528.36,509.66,317.5,317.50,135,132,25.0,1.3
"16407",12,14,0,2761.65,2761.65,31.8,32.30,120,119,0.0,0.0
"16408",590,1,0,231.93,231.93,NULL,NULL,45,44,0.0,0.0
"16409",35,12,0,5652.74,5652.74,62.2,62.73,335,318,0.0,0.0
"16410",733,1,0,130.32,130.32,NULL,NULL,5,5,0.0,0.0
"16411",18,4,0,756.39,756.39,135.7,136.31,139,137,0.0,0.0
"16412",53,5,0,593.19,593.19,154.8,154.99,84,84,0.0,0.0
"16413",56,2,0,522.03,522.03,318.0,318.97,55,54,0.0,0.0
"16414",21,5,0,551.21,551.21,168.0,168.24,58,58,0.0,0.0
"16415",43,3,0,696.76,696.76,315.5,316.02,120,115,0.0,0.0
"16416",26,9,1,2957.88,2937.88,78.1,78.50,146,145,10.0,0.5
"16417",492,1,0,35.70,35.70,NULL,NULL,1,1,0.0,0.0
"16418",44,5,0,1028.74,1028.74,94.3,94.50,121,121,0.0,0.0
"16419",112,8,1,1463.70,1450.95,79.0,79.42,62,58,11.1,1.1
"16420",395,1,0,75.00,75.00,NULL,NULL,2,2,0.0,0.0
"16421",375,3,0,526.27,526.27,46.0,46.53,35,35,0.0,0.0
"16422",16,107,15,61656.42,59939.52,6.0,6.41,109,107,12.3,2.9
"16423",24,1,0,346.12,346.12,NULL,NULL,18,18,0.0,0.0
"16424",190,2,1,443.06,392.06,191.0,191.09,10,10,33.3,7.1
"16425",301,1,0,302.70,302.70,NULL,NULL,21,21,0.0,0.0
"16426",1,10,0,1863.76,1863.76,30.0,30.44,211,200,0.0,0.0
"16427",262,2,0,241.06,241.06,21.0,21.08,8,8,0.0,0.0
"16428",80,3,1,638.49,635.54,42.0,42.00,121,118,25.0,0.8
"16429",105,1,0,284.55,284.55,NULL,NULL,2,2,0.0,0.0
"16430",56,6,0,1102.94,1102.94,124.2,124.82,18,18,0.0,0.0
"16431",212,3,0,623.28,623.28,42.0,42.00,51,51,0.0,0.0
"16432",63,1,0,287.40,287.40,NULL,NULL,8,8,0.0,0.0
"16433",27,2,0,384.52,384.52,380.0,380.07,33,33,0.0,0.0
"16434",28,12,1,2673.69,2658.99,59.5,60.18,126,126,7.7,0.6
"16435",511,3,0,1003.07,1003.07,0.5,1.10,119,119,0.0,0.0
"16436",667,3,1,319.14,231.84,32.0,32.44,37,37,25.0,4.8
"16437",380,2,0,301.25,301.25,48.0,48.18,17,17,0.0,0.0
"16438",5,5,0,798.35,798.35,18.5,19.22,74,64,0.0,0.0
"16439",721,1,0,310.70,310.70,NULL,NULL,9,9,0.0,0.0
"16440",7,6,0,3856.97,3856.97,96.8,97.20,202,201,0.0,0.0
"16441",66,5,1,1013.18,1002.23,139.8,140.00,66,65,16.7,1.2
"16442",1,5,0,891.98,891.98,180.8,181.26,226,221,0.0,0.0
"16443",520,1,0,162.24,162.24,NULL,NULL,1,1,0.0,0.0
"16444",45,17,3,3625.88,3558.63,35.7,36.19,217,211,15.0,0.8
"16445",33,4,0,583.16,583.16,125.7,126.00,143,138,0.0,0.0
"16446",205,1,0,2.90,2.90,NULL,NULL,2,2,0.0,0.0
"16447",135,3,0,727.10,727.10,261.5,262.47,59,57,0.0,0.0
"16448",197,2,0,361.12,361.12,272.0,272.98,45,45,0.0,0.0
"16449",190,2,1,707.69,674.69,82.0,82.92,40,40,33.3,7.0
"16450",149,3,1,1505.73,1475.73,252.5,253.42,36,36,25.0,2.3
"16451",87,3,1,1013.15,1009.40,323.5,323.88,61,60,25.0,1.5
"16452",630,2,0,332.17,332.17,63.0,63.01,14,13,0.0,0.0
"16453",530,2,0,251.71,251.71,17.0,17.98,15,15,0.0,0.0
"16454",63,2,0,7.45,7.45,547.0,547.04,2,2,0.0,0.0
"16455",63,11,2,3995.57,3917.92,55.3,55.61,111,104,15.4,1.4
"16456",98,13,0,6000.94,6000.94,43.0,43.43,226,218,0.0,0.0
"16457",217,1,0,208.36,208.36,NULL,NULL,9,9,0.0,0.0
"16458",2,30,0,5690.89,5690.89,18.7,19.30,91,83,0.0,0.0
"16459",729,1,0,71.79,71.79,NULL,NULL,5,5,0.0,0.0
"16460",27,3,0,811.23,811.23,26.5,26.57,128,125,0.0,0.0
"16461",177,3,0,1539.83,1539.83,234.0,234.46,222,205,0.0,0.0
"16462",63,3,1,136.00,102.00,104.5,105.03,1,1,25.0,25.0
"16463",20,4,3,1422.40,1383.70,60.3,60.99,74,74,42.9,3.5
"16464",19,3,0,1298.66,1298.66,60.5,61.46,152,148,0.0,0.0
"16465",413,2,1,746.24,726.34,23.0,23.95,45,44,33.3,2.0
"16466",33,15,1,3767.09,3642.09,42.9,43.49,207,206,6.3,0.3
"16467",508,7,1,2869.16,2862.40,37.7,38.17,14,14,12.5,4.0
"16468",73,3,0,787.52,787.52,203.0,203.52,38,34,0.0,0.0
"16469",23,5,0,803.90,803.90,122.3,122.74,167,166,0.0,0.0
"16470",51,11,1,2416.85,2411.90,67.3,67.70,286,279,8.3,0.2
"16471",274,4,2,1189.98,1186.18,125.7,125.99,48,47,33.3,3.1
"16472",433,2,0,789.60,789.60,163.0,163.09,39,39,0.0,0.0
"16473",164,4,1,470.83,469.58,69.3,69.90,26,26,20.0,3.4
"16474",6,7,4,1810.49,1750.46,22.5,22.99,236,234,36.4,2.3
"16475",87,4,0,544.30,544.30,61.3,61.74,23,23,0.0,0.0
"16476",416,1,2,350.35,337.00,NULL,NULL,24,23,66.7,7.7
"16477",63,11,0,4094.37,4094.37,41.6,42.10,177,173,0.0,0.0
"16478",24,3,0,331.00,331.00,19.5,20.08,15,15,0.0,0.0
"16479",9,2,0,300.83,300.83,0.0,0.03,35,35,0.0,0.0
"16480",75,1,0,769.29,769.29,NULL,NULL,51,51,0.0,0.0
"16481",659,1,2,453.38,430.93,NULL,NULL,16,16,66.7,15.8
"16482",15,1,0,220.62,220.62,NULL,NULL,18,17,0.0,0.0
"16483",191,1,0,139.35,139.35,NULL,NULL,19,19,0.0,0.0
"16484",173,2,1,404.30,379.40,17.0,17.06,25,25,33.3,3.8
"16485",76,5,2,2287.19,2130.19,163.8,164.04,126,117,28.6,6.5
"16486",537,1,0,134.36,134.36,NULL,NULL,7,7,0.0,0.0
"16487",576,2,0,209.40,209.40,81.0,81.83,28,28,0.0,0.0
"16488",32,3,1,498.80,492.20,57.0,57.54,28,28,25.0,6.5
"16489",379,2,0,303.70,303.70,55.0,55.98,4,4,0.0,0.0
"16490",429,1,1,205.41,179.16,NULL,NULL,13,12,50.0,18.8
"16491",46,2,1,1533.16,1524.31,366.0,366.78,86,85,33.3,1.1
"16492",540,1,0,385.56,385.56,NULL,NULL,23,21,0.0,0.0
"16493",72,7,2,2132.09,2110.12,90.0,90.65,77,74,22.2,5.1
"16494",296,1,0,826.53,826.53,NULL,NULL,47,46,0.0,0.0
"16495",2,3,0,648.26,648.26,136.0,136.43,78,77,0.0,0.0
"16496",8,6,1,2330.77,2293.47,99.6,100.17,120,119,14.3,1.4
"16497",49,23,0,6695.28,6695.28,30.9,31.22,239,235,0.0,0.0
"16498",160,2,1,100.97,86.12,0.0,0.80,15,15,33.3,6.3
"16499",359,8,5,2578.34,2509.64,26.1,26.58,104,104,38.5,4.0
"16500",4,9,1,843.91,835.96,66.9,67.36,24,24,10.0,2.9
"16501",382,1,0,1191.23,1191.23,NULL,NULL,181,175,0.0,0.0
"16502",619,2,0,258.55,258.55,0.0,0.00,41,41,0.0,0.0
"16503",106,11,2,3614.34,3597.89,42.5,42.99,161,157,15.4,1.4
"16504",24,1,0,465.88,465.88,NULL,NULL,76,76,0.0,0.0
"16505",31,1,0,777.60,777.60,NULL,NULL,4,4,0.0,0.0
"16506",19,2,0,90.30,90.30,20.0,20.85,3,3,0.0,0.0
"16507",571,1,0,142.71,142.71,NULL,NULL,37,37,0.0,0.0
"16508",629,1,0,240.95,240.95,NULL,NULL,42,40,0.0,0.0
"16509",296,1,0,363.70,363.70,NULL,NULL,13,13,0.0,0.0
"16510",371,6,0,1757.25,1757.25,63.2,63.81,93,92,0.0,0.0
"16511",21,6,0,1758.49,1758.49,124.8,125.39,234,228,0.0,0.0
"16513",4,4,0,874.59,874.59,12.0,12.94,33,30,0.0,0.0
"16515",51,10,0,3179.06,3179.06,53.8,54.23,184,182,0.0,0.0
"16516",29,1,0,101.70,101.70,NULL,NULL,6,6,0.0,0.0
"16517",276,1,0,162.70,162.70,NULL,NULL,17,17,0.0,0.0
"16518",60,4,2,959.37,938.27,164.3,165.02,61,60,33.3,4.2
"16519",24,4,0,436.96,436.96,207.3,207.69,31,27,0.0,0.0
"16520",185,6,2,2148.38,2131.68,91.6,92.17,251,248,25.0,0.6
"16521",414,3,0,1136.36,1136.36,116.0,116.50,211,204,0.0,0.0
"16522",435,2,0,433.36,433.36,14.0,14.89,16,16,0.0,0.0
"16523",1,28,11,11916.33,11760.54,24.9,25.29,180,176,28.2,3.4
"16524",445,2,0,306.19,306.19,245.0,245.01,50,46,0.0,0.0
"16525",1,48,6,24151.30,22919.40,15.1,15.64,115,109,11.1,5.6
"16526",171,2,0,717.21,717.21,412.0,412.81,30,30,0.0,0.0
"16527",80,2,0,1232.94,1232.94,343.0,343.12,66,62,0.0,0.0
"16528",3,1,0,244.41,244.41,NULL,NULL,17,17,0.0,0.0
"16529",189,4,0,1986.80,1986.80,113.0,113.39,87,81,0.0,0.0
"16530",667,1,0,48.35,48.35,NULL,NULL,3,3,0.0,0.0
"16531",21,11,1,2298.33,2263.58,41.4,41.93,109,109,8.3,1.4
"16532",17,5,0,8756.64,8756.64,150.5,150.76,2,2,0.0,0.0
"16533",18,3,2,1082.81,1014.19,23.5,24.46,112,111,40.0,2.2
"16534",641,1,0,635.90,635.90,NULL,NULL,36,35,0.0,0.0
"16535",4,2,0,952.04,952.04,380.0,380.10,66,65,0.0,0.0
"16536",106,1,1,548.12,538.17,NULL,NULL,49,49,50.0,1.8
"16537",640,1,0,10.55,10.55,NULL,NULL,2,2,0.0,0.0
"16538",540,3,0,395.07,395.07,27.0,27.01,35,35,0.0,0.0
"16539",2,10,0,3289.66,3289.66,58.3,58.86,83,83,0.0,0.0
"16540",413,1,0,205.75,205.75,NULL,NULL,25,22,0.0,0.0
"16541",734,1,1,424.03,419.78,NULL,NULL,38,35,50.0,2.6
"16542",53,2,0,257.32,257.32,347.0,347.84,13,13,0.0,0.0
"16543",582,1,1,292.21,277.81,NULL,NULL,18,16,50.0,10.0
"16544",519,4,2,376.70,110.30,47.3,47.64,8,7,33.3,21.4
"16545",164,2,0,689.82,689.82,210.0,211.00,6,6,0.0,0.0
"16546",290,5,2,5307.07,4421.04,37.3,37.95,75,75,28.6,7.4
"16547",545,1,0,104.26,104.26,NULL,NULL,25,25,0.0,0.0
"16548",598,1,0,30.15,30.15,NULL,NULL,6,6,0.0,0.0
"16549",9,34,3,12781.80,12759.25,18.1,18.51,836,808,8.1,0.2
"16550",108,18,11,8807.68,8550.92,36.6,37.00,273,268,37.9,3.0
"16551",95,7,0,2237.12,2237.12,104.5,105.12,67,67,0.0,0.0
"16552",242,2,0,379.73,379.73,130.0,130.89,17,17,0.0,0.0
"16553",162,33,3,16584.01,16500.12,15.4,15.71,195,193,8.3,1.4
"16554",2,8,10,2841.72,2407.17,97.1,97.46,108,105,55.6,22.0
"16555",34,6,4,1915.68,285.89,93.8,94.01,59,59,40.0,42.6
"16556",66,17,7,8012.58,7610.23,41.1,41.63,280,271,29.2,3.6
"16557",23,2,0,281.85,281.85,113.0,113.03,11,11,0.0,0.0
"16558",0,38,9,13304.11,13149.56,19.4,19.88,383,366,19.1,3.1
"16559",396,1,0,175.00,175.00,NULL,NULL,17,17,0.0,0.0
"16560",20,8,2,3048.38,3010.73,100.3,100.71,140,137,20.0,1.0
"16561",5,2,0,511.12,511.12,54.0,54.08,29,29,0.0,0.0
"16562",476,1,0,223.86,223.86,NULL,NULL,34,33,0.0,0.0
"16563",53,6,1,4412.56,4402.36,136.4,136.94,55,53,14.3,1.1
"16564",568,1,0,87.80,87.80,NULL,NULL,5,4,0.0,0.0
"16565",363,4,1,773.05,700.45,63.0,63.70,7,6,20.0,15.4
"16566",14,5,1,614.66,614.01,68.8,69.31,14,14,16.7,5.3
"16567",193,2,0,865.60,865.60,142.0,142.18,34,30,0.0,0.0
"16568",427,2,0,1020.90,1020.90,213.0,213.84,5,5,0.0,0.0
"16569",2,5,0,1455.23,1455.23,179.5,180.00,27,27,0.0,0.0
"16570",8,20,11,7434.31,6844.81,31.5,31.81,114,114,35.5,7.3
"16571",2,10,7,4248.74,4025.05,66.8,67.23,151,149,41.2,10.2
"16572",126,3,1,1009.60,999.70,74.0,74.09,40,40,25.0,1.7
"16573",73,2,2,663.61,648.41,205.0,205.75,40,40,50.0,8.7
"16574",70,3,0,1301.78,1301.78,293.0,293.54,86,86,0.0,0.0
"16576",409,2,3,540.87,513.17,101.0,101.12,32,31,60.0,8.3
"16577",666,1,0,380.00,380.00,NULL,NULL,23,23,0.0,0.0
"16578",625,1,0,156.60,156.60,NULL,NULL,9,8,0.0,0.0
"16579",364,1,1,295.05,264.45,NULL,NULL,14,14,50.0,6.7
"16581",154,1,1,105.84,70.44,NULL,NULL,9,9,50.0,18.2
"16582",112,1,0,313.62,313.62,NULL,NULL,6,6,0.0,0.0
"16583",373,2,0,297.95,297.95,299.0,299.99,18,18,0.0,0.0
"16584",79,5,2,3156.17,3077.97,145.0,145.28,61,61,28.6,9.9
"16585",593,2,0,341.59,341.59,101.0,101.88,16,16,0.0,0.0
"16586",248,3,0,1462.78,1462.78,192.5,193.46,27,27,0.0,0.0
"16587",231,1,0,225.15,225.15,NULL,NULL,13,13,0.0,0.0
"16588",385,4,0,1361.28,1361.28,62.3,62.73,64,64,0.0,0.0
"16589",70,4,0,612.36,612.36,125.7,126.33,39,39,0.0,0.0
"16590",380,2,1,605.90,563.60,13.0,13.87,26,26,33.3,12.1
"16591",68,1,0,213.50,213.50,NULL,NULL,10,10,0.0,0.0
"16592",3,28,6,7807.91,7624.46,26.3,26.55,221,215,17.6,4.0
"16593",50,8,1,1071.14,1051.24,97.3,97.73,57,55,11.1,2.5
"16594",74,1,0,181.09,181.09,NULL,NULL,53,51,0.0,0.0
"16595",60,5,0,1757.75,1757.75,157.0,157.51,337,330,0.0,0.0
"16596",15,4,0,458.98,458.98,237.3,237.96,23,23,0.0,0.0
"16597",3,1,0,90.04,90.04,NULL,NULL,7,7,0.0,0.0
"16598",276,1,1,145.05,140.70,NULL,NULL,10,10,50.0,9.1
"16599",385,1,0,172.80,172.80,NULL,NULL,12,12,0.0,0.0
"16600",3,13,3,2153.41,2093.56,59.2,59.76,106,102,18.8,5.3
"16601",40,3,0,675.83,675.83,290.5,291.45,59,56,0.0,0.0
"16602",30,2,3,763.33,711.63,352.0,352.28,37,37,60.0,14.9
"16603",74,2,0,482.47,482.47,16.0,16.88,34,34,0.0,0.0
"16604",547,2,1,432.45,326.25,5.0,5.69,10,10,33.3,20.0
"16605",723,1,0,60.48,60.48,NULL,NULL,1,1,0.0,0.0
"16606",403,2,0,357.66,357.66,30.0,30.03,16,16,0.0,0.0
"16607",17,25,4,5706.87,5375.18,23.4,23.83,212,209,13.8,1.3
"16608",453,2,0,1286.62,1286.62,209.0,209.99,94,93,0.0,0.0
"16609",14,7,2,5493.46,5450.96,39.2,39.52,155,150,22.2,1.4
"16610",218,1,0,75.66,75.66,NULL,NULL,6,5,0.0,0.0
"16611",185,6,1,1785.13,1776.63,90.2,90.60,86,84,14.3,0.9
"16612",32,9,1,3245.43,3243.48,87.5,87.96,105,102,10.0,0.6
"16613",69,1,0,618.59,618.59,NULL,NULL,30,30,0.0,0.0
"16614",182,3,0,1179.79,1179.79,197.5,197.92,37,36,0.0,0.0
"16615",568,1,1,291.50,264.50,NULL,NULL,19,19,50.0,5.0
"16616",14,2,0,500.42,500.42,142.0,142.12,31,31,0.0,0.0
"16617",235,1,0,151.85,151.85,NULL,NULL,5,5,0.0,0.0
"16618",30,5,1,2647.59,2630.64,72.5,72.77,79,79,16.7,1.0
"16619",253,4,1,1938.33,1916.53,130.3,130.61,103,99,20.0,1.7
"16620",3,6,0,1758.93,1758.93,146.6,146.98,78,75,0.0,0.0
"16621",51,4,0,813.48,813.48,74.7,75.33,22,21,0.0,0.0
"16622",541,1,1,225.40,205.60,NULL,NULL,12,12,50.0,14.3
"16623",245,4,1,1015.24,1002.49,114.7,115.61,44,44,20.0,1.9
"16624",80,2,0,810.57,810.57,116.0,116.93,44,44,0.0,0.0
"16625",274,5,1,1654.03,1651.08,66.8,67.26,82,80,16.7,1.0
"16626",0,17,3,4413.10,4379.65,16.1,16.62,86,86,15.0,2.7
"16627",78,1,0,322.80,322.80,NULL,NULL,20,20,0.0,0.0
"16628",29,7,1,2318.10,2313.09,101.7,102.00,84,83,12.5,1.6
"16629",73,2,0,408.63,408.63,22.0,22.77,58,58,0.0,0.0
"16630",406,1,1,106.80,104.30,NULL,NULL,4,4,50.0,20.0
"16631",481,7,1,1892.52,1867.02,28.0,28.34,46,44,12.5,1.2
"16632",485,2,0,406.40,406.40,95.0,95.79,22,20,0.0,0.0
"16633",16,6,1,2883.10,2878.15,42.8,43.39,115,114,14.3,0.7
"16634",222,6,4,1649.81,1198.30,92.6,93.02,72,72,40.0,22.4
"16635",406,1,0,473.00,473.00,NULL,NULL,25,25,0.0,0.0
"16636",437,4,0,3802.04,3802.04,68.7,69.32,62,61,0.0,0.0
"16637",31,4,1,1154.47,1124.59,64.0,64.37,66,66,20.0,4.2
"16638",22,15,1,2380.13,2375.88,32.1,32.56,130,125,6.3,0.7
"16639",24,4,1,1747.98,1659.85,125.7,125.93,76,75,20.0,2.4
"16640",397,1,0,179.40,179.40,NULL,NULL,13,13,0.0,0.0
"16641",105,2,0,554.50,554.50,596.0,596.02,36,35,0.0,0.0
"16642",4,3,2,1077.45,1051.46,204.5,205.44,50,49,40.0,5.3
"16643",245,2,1,923.11,915.56,176.0,176.94,48,48,33.3,5.2
"16644",177,2,0,833.78,833.78,34.0,34.99,62,62,0.0,0.0
"16645",735,1,0,160.39,160.39,NULL,NULL,14,13,0.0,0.0
"16646",443,1,1,678.80,675.05,NULL,NULL,29,26,50.0,3.3
"16647",169,4,0,541.90,541.90,124.3,124.94,28,28,0.0,0.0
"16648",38,3,1,672.80,653.00,273.0,273.88,37,37,25.0,5.1
"16649",519,1,0,306.58,306.58,NULL,NULL,20,18,0.0,0.0
"16650",71,7,0,1916.11,1916.11,74.0,74.64,71,71,0.0,0.0
"16651",586,1,0,136.20,136.20,NULL,NULL,6,6,0.0,0.0
"16652",53,16,8,17550.39,17312.83,37.8,38.26,124,123,33.3,4.8
"16653",15,2,1,1212.66,1166.92,55.0,55.05,67,66,33.3,9.2
"16654",140,8,1,1484.07,1477.77,66.9,67.30,64,64,11.1,2.6
"16655",17,13,0,6423.26,6423.26,54.5,54.99,408,397,0.0,0.0
"16656",21,30,14,16833.17,16307.72,24.1,24.59,22,22,31.8,10.2
"16657",9,4,0,874.43,874.43,81.0,81.66,158,155,0.0,0.0
"16658",367,5,3,680.83,563.48,62.3,62.72,48,46,37.5,13.9
"16659",188,1,0,39.12,39.12,NULL,NULL,2,2,0.0,0.0
"16660",15,7,1,1879.55,1422.35,112.7,113.03,20,19,12.5,4.0
"16661",539,4,1,932.76,788.31,60.3,60.66,50,49,20.0,18.4
"16662",393,1,0,151.05,151.05,NULL,NULL,28,26,0.0,0.0
"16663",728,1,0,165.00,165.00,NULL,NULL,1,1,0.0,0.0
"16664",568,1,0,109.20,109.20,NULL,NULL,8,8,0.0,0.0
"16665",361,1,0,135.40,135.40,NULL,NULL,9,9,0.0,0.0
"16666",18,2,0,217.71,217.71,601.0,601.95,42,33,0.0,0.0
"16667",67,2,0,567.18,567.18,216.0,216.10,52,49,0.0,0.0
"16668",14,13,0,862.42,862.42,50.9,51.33,28,28,0.0,0.0
"16669",23,2,0,1344.48,1344.48,54.0,54.93,140,134,0.0,0.0
"16670",16,20,13,8030.15,7786.66,37.1,37.51,258,251,39.4,4.2
"16671",27,3,0,1692.27,1692.27,67.5,68.05,3,3,0.0,0.0
"16672",1,20,2,8134.94,8119.69,13.4,13.91,22,22,9.1,1.7
"16673",678,1,0,171.13,171.13,NULL,NULL,19,19,0.0,0.0
"16674",54,2,0,304.24,304.24,43.0,43.90,89,89,0.0,0.0
"16675",441,2,0,608.86,608.86,36.0,36.96,21,21,0.0,0.0
"16676",33,6,1,2361.90,2328.50,76.4,76.99,106,106,14.3,2.2
"16677",392,2,1,880.62,849.77,240.0,240.95,45,45,33.3,4.1
"16678",2,12,3,3109.99,3025.24,25.0,25.47,92,91,20.0,3.0
"16679",365,3,0,663.31,663.31,90.0,90.40,15,14,0.0,0.0
"16680",42,3,0,821.45,821.45,245.5,245.67,24,24,0.0,0.0
"16681",72,7,0,1921.84,1921.84,94.2,94.81,22,22,0.0,0.0
"16682",4,5,0,1028.00,1028.00,45.3,45.76,15,15,0.0,0.0
"16683",528,1,1,320.25,309.35,NULL,NULL,18,18,50.0,5.3
"16684",3,55,9,147142.77,141530.29,13.2,13.48,184,177,14.1,4.0
"16685",60,2,0,324.24,324.24,0.0,0.01,60,59,0.0,0.0
"16686",46,16,2,4881.07,4861.72,45.2,45.73,549,522,11.1,0.3
"16687",390,1,0,157.63,157.63,NULL,NULL,8,8,0.0,0.0
"16688",0,4,0,1260.86,1260.86,19.3,19.71,52,51,0.0,0.0
"16689",75,2,1,422.60,355.10,6.0,6.92,12,11,33.3,13.3
"16690",43,4,1,353.03,336.08,126.0,126.33,12,12,20.0,5.0
"16691",417,2,0,178.83,178.83,143.0,143.01,11,10,0.0,0.0
"16692",255,4,0,1764.70,1764.70,61.0,61.71,2,2,0.0,0.0
"16693",68,5,0,1179.48,1179.48,146.5,146.98,149,146,0.0,0.0
"16694",722,1,0,98.30,98.30,NULL,NULL,3,3,0.0,0.0
"16695",561,2,0,191.90,191.90,0.0,0.01,30,30,0.0,0.0
"16696",134,4,0,657.90,657.90,37.0,37.65,7,7,0.0,0.0
"16697",240,1,0,112.75,112.75,NULL,NULL,20,19,0.0,0.0
"16698",226,2,0,1998.00,1998.00,26.0,26.89,4,4,0.0,0.0
"16699",379,7,1,994.60,964.90,58.8,59.17,51,51,12.5,1.6
"16700",8,25,6,8830.77,8747.12,30.0,30.38,263,261,19.4,1.2
"16701",8,26,8,9916.73,9614.59,28.7,29.19,154,152,23.5,4.8
"16702",414,4,1,1109.53,1099.58,105.0,105.63,83,80,20.0,1.1
"16704",617,2,0,664.16,664.16,53.0,53.99,50,47,0.0,0.0
"16705",0,42,19,43515.05,42653.14,17.4,17.80,399,389,31.1,4.3
"16706",36,3,0,531.35,531.35,38.0,38.46,108,102,0.0,0.0
"16707",399,4,0,533.41,533.41,79.3,79.99,64,64,0.0,0.0
"16708",45,1,0,656.63,656.63,NULL,NULL,27,27,0.0,0.0
"16709",84,14,0,9056.01,9056.01,49.2,49.68,220,216,0.0,0.0
"16710",18,22,1,5921.35,5908.60,33.7,34.10,541,522,4.3,0.1
"16711",2,9,1,2868.48,2751.48,91.3,91.77,26,25,10.0,5.7
"16712",8,13,0,4225.22,4225.22,32.2,32.66,300,297,0.0,0.0
"16713",18,32,9,14115.56,13943.36,22.3,22.77,541,514,22.0,1.2
"16714",316,3,3,1482.33,1209.38,176.5,176.55,94,93,50.0,2.7
"16715",77,2,0,625.52,625.52,484.0,484.24,27,27,0.0,0.0
"16716",266,3,1,2149.68,1568.28,181.5,181.98,7,7,25.0,11.1
"16717",8,14,6,6663.68,5987.41,54.1,54.53,274,270,30.0,10.7
"16718",368,5,0,3006.08,3006.08,90.3,91.00,123,120,0.0,0.0
"16719",14,14,3,3508.62,3363.87,54.1,54.76,203,191,17.6,1.5
"16720",25,3,1,566.74,556.69,347.5,347.97,129,127,25.0,1.4
"16721",261,1,0,292.47,292.47,NULL,NULL,37,37,0.0,0.0
"16722",16,22,4,8189.56,8168.31,33.8,34.23,145,137,15.4,1.0
"16723",90,4,0,1231.36,1231.36,214.3,214.66,108,106,0.0,0.0
"16724",404,1,0,147.35,147.35,NULL,NULL,17,17,0.0,0.0
"16725",301,13,2,1686.81,1675.41,34.9,35.34,241,225,13.3,0.6
"16726",25,7,0,2063.88,2063.88,63.5,64.16,150,147,0.0,0.0
"16727",363,4,0,1377.77,1377.77,107.7,108.04,158,151,0.0,0.0
"16728",45,4,0,1048.28,1048.28,72.3,72.68,218,206,0.0,0.0
"16729",35,21,5,7202.01,7045.41,9.7,10.15,233,219,19.2,1.1
"16730",51,3,1,743.11,702.79,133.0,133.50,75,74,25.0,2.4
"16731",647,1,0,170.30,170.30,NULL,NULL,40,40,0.0,0.0
"16732",31,4,5,4387.64,3966.79,232.7,233.29,199,198,55.6,3.9
"16733",529,1,0,259.68,259.68,NULL,NULL,12,11,0.0,0.0
"16734",51,3,0,646.76,646.76,30.5,30.97,44,43,0.0,0.0
"16735",78,14,8,6217.41,5578.86,49.8,50.24,178,169,36.4,7.8
"16736",505,5,3,2956.56,2904.51,57.0,57.69,116,108,37.5,2.7
"16737",52,2,0,835.20,835.20,524.0,524.13,1,1,0.0,0.0
"16738",297,1,0,3.75,3.75,NULL,NULL,1,1,0.0,0.0
"16739",171,2,2,786.43,772.23,359.0,359.99,33,33,50.0,9.5
"16740",394,1,0,226.91,226.91,NULL,NULL,30,28,0.0,0.0
"16741",624,1,0,173.06,173.06,NULL,NULL,11,11,0.0,0.0
"16742",46,13,1,2334.97,1870.07,18.8,19.23,50,49,7.1,2.8
"16743",28,14,1,4212.15,4165.90,43.1,43.61,118,117,6.7,0.5
"16744",10,7,0,1291.91,1291.91,26.5,26.99,198,192,0.0,0.0
"16745",86,17,1,7180.70,7157.10,13.6,14.06,148,145,5.6,0.3
"16746",4,42,4,18045.05,18010.50,17.3,17.83,389,380,8.7,0.8
"16747",24,2,2,836.06,826.96,30.0,30.05,34,34,50.0,6.7
"16748",17,14,1,3637.33,3632.29,54.3,54.76,55,50,6.7,0.6
"16749",590,2,0,4157.88,4157.88,132.0,132.96,53,46,0.0,0.0
"16750",44,5,0,623.93,623.93,46.3,46.96,74,71,0.0,0.0
"16751",30,1,0,1764.72,1764.72,NULL,NULL,24,24,0.0,0.0
"16752",372,1,0,207.50,207.50,NULL,NULL,9,9,0.0,0.0
"16753",57,1,0,223.92,223.92,NULL,NULL,34,34,0.0,0.0
"16754",371,29,5,65500.07,54692.82,9.3,9.62,38,37,14.7,14.6
"16755",113,7,3,2864.68,2846.13,102.0,102.66,219,214,30.0,2.1
"16756",214,7,2,1312.37,1287.42,70.2,70.96,64,64,22.2,3.7
"16757",318,2,0,270.48,270.48,90.0,90.87,13,13,0.0,0.0
"16758",64,1,0,369.34,369.34,NULL,NULL,22,22,0.0,0.0
"16759",7,3,1,789.79,772.84,11.5,11.58,40,40,25.0,2.3
"16760",429,1,0,228.00,228.00,NULL,NULL,17,17,0.0,0.0
"16761",96,1,0,316.62,316.62,NULL,NULL,13,13,0.0,0.0
"16762",19,3,0,1207.24,1207.24,62.0,62.48,51,51,0.0,0.0
"16763",184,2,1,964.70,947.75,539.0,539.85,44,44,33.3,2.2
"16764",3,13,5,2790.95,2749.95,11.2,11.65,209,203,27.8,1.7
"16765",293,2,0,454.75,454.75,88.0,88.08,52,52,0.0,0.0
"16766",272,2,0,1145.60,1145.60,0.0,0.08,17,17,0.0,0.0
"16767",30,15,1,8052.41,7950.41,39.6,39.98,208,207,6.3,0.3
"16768",47,9,5,1698.57,1637.52,85.0,85.62,108,106,35.7,6.4
"16769",259,4,0,1117.05,1117.05,154.7,155.03,76,74,0.0,0.0
"16770",57,9,2,1778.93,1746.83,51.3,52.11,202,198,18.2,0.9
"16771",32,10,0,3921.10,3921.10,77.2,77.45,302,272,0.0,0.0
"16772",416,3,2,3698.05,2760.10,149.0,149.05,54,53,40.0,15.0
"16773",56,3,0,421.24,421.24,337.5,337.99,53,46,0.0,0.0
"16774",67,8,1,1567.48,1560.88,84.3,84.83,89,85,11.1,0.8
"16775",9,16,1,2820.84,2739.24,28.3,28.79,132,131,5.9,0.4
"16776",59,2,0,592.51,592.51,355.0,355.04,105,105,0.0,0.0
"16777",79,5,1,1292.18,1261.43,137.3,138.01,125,121,16.7,1.4
"16778",73,2,0,245.94,245.94,199.0,199.94,16,16,0.0,0.0
"16779",1,53,9,32809.03,32522.40,13.7,14.12,293,260,14.5,3.3
"16780",99,3,0,596.40,596.40,152.5,153.43,73,73,0.0,0.0
"16781",364,2,1,623.00,606.40,297.0,297.02,36,34,33.3,4.9
"16782",9,38,12,9636.12,9552.62,18.9,19.46,575,551,24.0,0.9
"16783",436,1,0,391.95,391.95,NULL,NULL,25,24,0.0,0.0
"16784",19,5,0,892.33,892.33,150.0,150.49,138,136,0.0,0.0
"16785",409,1,0,533.78,533.78,NULL,NULL,35,35,0.0,0.0
"16786",393,1,0,51.84,51.84,NULL,NULL,1,1,0.0,0.0
"16787",397,4,0,1017.53,1017.53,100.0,100.33,102,97,0.0,0.0
"16788",122,5,0,1927.28,1927.28,136.3,136.77,347,325,0.0,0.0
"16789",7,1,0,80.80,80.80,NULL,NULL,5,5,0.0,0.0
"16790",3,6,2,1545.62,1520.12,6.4,6.80,88,87,25.0,2.1
"16791",28,15,3,3944.88,3852.31,49.9,50.50,392,371,16.7,1.0
"16792",281,5,0,623.46,623.46,105.3,105.51,90,86,0.0,0.0
"16793",56,1,0,243.84,243.84,NULL,NULL,16,16,0.0,0.0
"16794",0,15,2,2050.68,2029.48,44.1,44.51,244,237,11.8,0.4
"16795",364,3,2,2062.41,2035.21,158.5,159.02,306,296,40.0,2.9
"16796",88,1,0,305.62,305.62,NULL,NULL,18,18,0.0,0.0
"16797",392,5,4,1802.02,1761.02,85.8,86.06,289,285,44.4,1.7
"16798",553,3,1,841.16,832.21,87.0,87.49,141,124,25.0,0.6
"16799",431,2,1,452.78,447.83,21.0,21.07,81,81,33.3,1.1
"16800",10,1,0,1162.65,1162.65,NULL,NULL,148,147,0.0,0.0
"16801",162,4,1,1594.23,842.33,36.0,36.69,72,69,20.0,37.5
"16802",678,2,0,582.61,582.61,51.0,51.03,48,45,0.0,0.0
"16803",64,1,0,332.30,332.30,NULL,NULL,24,24,0.0,0.0
"16804",22,3,0,536.99,536.99,123.5,123.52,59,58,0.0,0.0
"16805",173,4,0,1076.34,1076.34,183.0,183.95,212,197,0.0,0.0
"16806",102,4,0,736.21,736.21,44.7,45.27,67,67,0.0,0.0
"16807",142,6,2,2123.88,2064.88,95.6,96.18,107,106,25.0,1.4
"16808",98,2,0,288.42,288.42,175.0,175.02,21,21,0.0,0.0
"16809",22,9,1,1727.43,1725.48,72.3,72.75,113,106,10.0,0.4
"16810",191,2,2,842.04,786.14,228.0,228.00,34,34,50.0,10.5
"16811",4,2,0,547.07,547.07,12.0,12.76,26,26,0.0,0.0
"16812",360,4,1,2392.00,2216.80,7.0,7.31,98,91,20.0,0.9
"16813",7,10,0,1652.18,1652.18,21.3,21.78,248,230,0.0,0.0
"16814",13,36,1,11914.95,11906.45,16.4,16.94,246,244,2.7,0.1
"16815",453,2,0,406.02,406.02,82.0,82.95,66,65,0.0,0.0
"16816",102,4,0,417.06,417.06,84.3,84.96,28,28,0.0,0.0
"16817",2,13,5,2560.70,2392.85,35.3,35.76,107,107,27.8,7.2
"16818",10,11,2,3349.57,3317.97,19.0,19.50,172,171,15.4,1.0
"16819",464,2,0,182.59,182.59,0.0,0.00,17,17,0.0,0.0
"16820",95,1,0,497.61,497.61,NULL,NULL,26,26,0.0,0.0
"16821",381,1,0,113.35,113.35,NULL,NULL,7,7,0.0,0.0
"16822",663,1,2,181.39,144.84,NULL,NULL,11,11,66.7,15.4
"16823",226,7,1,2243.09,2236.14,84.5,85.04,149,149,12.5,0.6
"16824",15,3,0,686.24,686.24,188.5,189.01,34,34,0.0,0.0
"16825",38,5,0,1826.89,1826.89,123.5,123.99,48,48,0.0,0.0
"16826",50,1,0,341.70,341.70,NULL,NULL,22,22,0.0,0.0
"16827",392,5,0,387.18,387.18,48.3,48.95,9,9,0.0,0.0
"16828",111,1,0,113.50,113.50,NULL,NULL,7,7,0.0,0.0
"16829",156,2,0,513.32,513.32,231.0,231.69,25,25,0.0,0.0
"16830",38,4,1,1207.50,1183.70,228.7,229.33,65,63,20.0,3.8
"16831",564,1,0,91.80,91.80,NULL,NULL,6,6,0.0,0.0
"16832",183,5,0,417.61,417.61,68.3,68.53,19,19,0.0,0.0
"16833",0,6,0,2409.04,2409.04,124.0,124.39,87,87,0.0,0.0
"16834",227,2,0,898.96,898.96,446.0,446.80,43,39,0.0,0.0
"16835",127,6,4,1456.66,1389.76,87.8,88.24,58,55,40.0,5.7
"16836",39,4,0,782.37,782.37,177.3,178.29,42,42,0.0,0.0
"16837",30,11,1,3170.98,3167.73,21.1,21.42,123,123,8.3,0.6
"16838",196,4,2,1159.61,1126.66,154.7,155.30,53,51,33.3,3.3
"16839",8,44,7,21758.25,20420.53,14.8,15.30,132,132,13.7,8.9
"16840",602,2,0,139.85,139.85,71.0,71.13,9,9,0.0,0.0
"16841",36,12,2,4006.06,3841.16,59.5,60.00,187,180,14.3,0.9
"16842",63,3,1,1264.19,1260.44,100.5,100.91,45,45,25.0,1.6
"16843",42,35,3,19571.43,19528.78,19.8,20.20,317,306,7.9,0.5
"16844",562,2,0,614.34,614.34,20.0,20.05,26,26,0.0,0.0
"16845",617,1,0,253.88,253.88,NULL,NULL,20,20,0.0,0.0
"16846",49,3,0,842.41,842.41,294.5,294.54,47,46,0.0,0.0
"16847",42,2,0,614.89,614.89,574.0,575.00,37,37,0.0,0.0
"16848",52,4,0,1411.62,1411.62,126.3,126.63,75,75,0.0,0.0
"16849",186,1,0,124.57,124.57,NULL,NULL,8,8,0.0,0.0
"16850",333,1,0,332.41,332.41,NULL,NULL,19,19,0.0,0.0
"16851",3,3,0,342.45,342.45,23.5,23.58,17,17,0.0,0.0
"16852",9,2,0,144.91,144.91,165.0,165.90,9,9,0.0,0.0
"16854",416,2,0,1408.96,1408.96,223.0,223.08,72,68,0.0,0.0
"16855",23,2,0,328.40,328.40,19.0,19.81,19,19,0.0,0.0
"16856",14,3,0,358.49,358.49,213.0,213.91,16,16,0.0,0.0
"16857",442,1,0,352.80,352.80,NULL,NULL,11,8,0.0,0.0
"16858",365,10,6,4292.59,4085.74,39.0,39.55,75,74,37.5,10.6
"16859",105,7,3,1932.41,1657.74,83.0,83.50,87,85,30.0,15.4
"16860",452,3,1,1610.62,1593.67,104.5,104.92,35,34,25.0,2.3
"16861",59,5,1,946.59,928.89,111.8,112.22,39,38,16.7,2.0
"16862",546,4,0,662.33,662.33,50.7,51.34,34,32,0.0,0.0
"16863",28,3,2,834.27,812.82,188.5,189.11,43,43,40.0,4.1
"16864",433,2,0,409.25,409.25,164.0,164.18,17,17,0.0,0.0
"16865",401,1,0,130.95,130.95,NULL,NULL,15,15,0.0,0.0
"16866",140,3,0,207.74,207.74,9.5,10.45,10,10,0.0,0.0
"16867",689,1,0,76.74,76.74,NULL,NULL,6,5,0.0,0.0
"16868",393,3,0,384.56,384.56,99.0,99.54,47,44,0.0,0.0
"16869",22,4,1,817.12,797.32,50.3,50.99,113,111,20.0,0.8
"16870",468,1,0,450.16,450.16,NULL,NULL,28,28,0.0,0.0
"16871",21,6,1,2812.34,2761.49,49.6,49.67,131,127,14.3,1.4
"16872",76,6,0,1213.13,1213.13,76.8,77.19,12,12,0.0,0.0
"16873",4,12,5,14617.39,14547.03,59.8,60.36,252,250,29.4,2.3
"16874",378,1,0,209.89,209.89,NULL,NULL,31,31,0.0,0.0
"16875",63,11,9,4234.53,4053.20,63.3,63.62,161,156,45.0,8.7
"16876",403,1,0,136.01,136.01,NULL,NULL,32,32,0.0,0.0
"16877",11,6,0,846.62,846.62,38.6,39.18,111,109,0.0,0.0
"16878",24,1,1,13.30,0.00,NULL,NULL,3,3,50.0,50.0
"16880",30,8,0,1813.21,1813.21,65.7,66.13,130,128,0.0,0.0
"16881",66,1,0,432.00,432.00,NULL,NULL,1,1,0.0,0.0
"16882",66,3,0,705.12,705.12,124.5,125.35,39,39,0.0,0.0
"16883",186,19,1,2246.06,2236.11,30.0,30.45,159,152,5.0,0.4
"16884",37,4,0,1070.97,1070.97,177.3,177.66,64,61,0.0,0.0
"16885",14,4,0,683.35,683.35,122.7,123.34,120,118,0.0,0.0
"16886",444,1,1,134.00,0.00,NULL,NULL,8,8,50.0,50.0
"16887",34,3,0,658.17,658.17,351.0,351.51,94,92,0.0,0.0
"16888",400,3,0,434.20,434.20,150.0,150.49,44,40,0.0,0.0
"16889",194,6,0,2526.65,2526.65,73.8,74.20,163,157,0.0,0.0
"16890",476,3,0,277.91,277.91,52.0,52.89,16,13,0.0,0.0
"16891",1,11,0,1727.94,1727.94,72.9,73.39,335,322,0.0,0.0
"16892",0,7,2,754.75,726.05,121.5,121.66,119,119,22.2,1.4
"16893",366,2,0,249.47,249.47,9.0,9.87,79,79,0.0,0.0
"16894",501,3,2,1306.96,1265.26,16.5,16.53,186,162,40.0,3.1
"16895",64,5,0,1102.90,1102.90,149.8,150.26,135,125,0.0,0.0
"16896",554,1,0,103.95,103.95,NULL,NULL,18,12,0.0,0.0
"16897",298,2,1,289.78,213.03,14.0,14.13,37,36,33.3,15.9
"16898",25,5,1,885.21,820.86,137.3,137.54,223,220,16.7,0.4
"16899",7,8,0,1695.77,1695.77,55.1,55.70,101,98,0.0,0.0
"16900",11,3,1,882.16,869.20,22.5,23.44,77,74,25.0,1.3
"16901",728,1,0,204.26,204.26,NULL,NULL,23,23,0.0,0.0
"16902",115,1,0,1706.88,1706.88,NULL,NULL,43,43,0.0,0.0
"16903",28,3,1,1041.75,1009.45,193.0,193.02,148,147,25.0,1.6
"16904",3,20,0,4656.56,4656.56,20.9,21.41,482,456,0.0,0.0
"16905",4,17,3,4704.27,4674.62,44.8,45.23,170,163,15.0,0.9
"16906",81,7,0,1410.07,1410.07,81.8,82.32,179,175,0.0,0.0
"16907",28,9,0,1470.89,1470.89,61.6,62.13,109,107,0.0,0.0
"16908",721,1,1,252.59,153.59,NULL,NULL,20,14,50.0,4.8
"16909",63,1,1,379.14,364.14,NULL,NULL,18,18,50.0,5.3
"16910",3,8,0,1508.96,1508.96,12.0,12.42,318,306,0.0,0.0
"16911",626,2,1,255.25,251.35,25.0,25.84,30,28,33.3,5.4
"16912",22,15,3,4460.51,4420.86,49.9,50.14,130,129,16.7,1.7
"16913",289,3,0,423.91,423.91,180.5,180.52,18,18,0.0,0.0
"16914",35,1,0,183.76,183.76,NULL,NULL,25,25,0.0,0.0
"16915",8,11,0,1543.18,1543.18,55.7,56.01,54,50,0.0,0.0
"16916",23,4,0,896.12,896.12,130.0,130.66,179,177,0.0,0.0
"16917",276,2,1,1851.88,1842.93,355.0,355.85,45,45,33.3,2.0
"16918",49,16,3,3206.54,3131.31,45.5,45.80,280,273,15.8,1.3
"16919",155,24,4,4909.66,4837.56,13.5,13.95,230,218,14.3,0.8
"16920",410,1,0,355.45,355.45,NULL,NULL,23,22,0.0,0.0
"16921",60,3,0,409.21,409.21,269.0,269.52,78,76,0.0,0.0
"16922",572,1,0,611.08,611.08,NULL,NULL,122,118,0.0,0.0
"16923",11,32,9,13157.13,12572.15,21.0,21.45,431,423,22.0,2.3
"16924",20,3,1,829.89,722.64,31.0,31.50,69,68,25.0,6.9
"16925",539,1,0,125.65,125.65,NULL,NULL,18,18,0.0,0.0
"16926",370,5,1,1169.61,1158.66,38.5,38.76,63,60,16.7,1.0
"16927",115,3,0,543.05,543.05,122.5,122.98,5,5,0.0,0.0
"16928",79,26,4,3798.08,3678.43,23.2,23.76,133,127,13.3,2.2
"16929",3,7,0,1295.39,1295.39,24.7,25.31,51,49,0.0,0.0
"16930",25,3,0,378.89,378.89,21.0,21.04,47,46,0.0,0.0
"16931",4,23,0,5032.22,5032.22,17.3,17.82,466,449,0.0,0.0
"16932",52,3,0,412.55,412.55,258.0,259.00,116,113,0.0,0.0
"16933",0,9,7,3099.30,3017.65,90.5,91.11,213,187,43.8,5.7
"16934",54,6,1,2083.14,2062.89,113.2,113.40,128,124,14.3,2.1
"16935",381,3,0,530.86,530.86,19.0,19.92,55,55,0.0,0.0
"16936",25,2,0,548.29,548.29,359.0,359.97,122,116,0.0,0.0
"16937",498,1,0,196.25,196.25,NULL,NULL,49,49,0.0,0.0
"16938",8,9,1,6995.36,6162.11,80.8,81.48,547,525,10.0,0.1
"16939",488,3,0,433.85,433.85,79.5,80.48,38,37,0.0,0.0
"16940",51,8,3,6427.66,6245.41,96.4,97.00,360,335,27.3,0.9
"16941",611,1,0,33.00,33.00,NULL,NULL,2,2,0.0,0.0
"16942",12,9,1,1904.99,1878.51,26.5,26.88,159,157,10.0,0.7
"16943",211,3,0,816.73,816.73,53.0,53.46,23,23,0.0,0.0
"16944",609,1,0,101.36,101.36,NULL,NULL,7,7,0.0,0.0
"16945",21,33,2,8548.16,8530.66,21.8,22.16,231,228,5.7,0.4
"16946",382,5,1,1222.04,1199.54,65.5,66.03,69,65,16.7,1.3
"16947",235,4,3,946.71,906.31,136.3,136.98,49,48,42.9,8.8
"16948",138,7,0,868.77,868.77,85.8,86.33,20,19,0.0,0.0
"16949",3,6,1,1286.27,1161.27,62.2,62.59,57,57,14.3,1.6
"16950",56,10,1,3533.77,3482.59,69.3,69.77,110,108,9.1,1.4
"16951",122,3,1,1277.75,1262.75,84.5,84.94,73,72,25.0,1.1
"16952",108,5,0,795.83,795.83,154.5,154.74,76,71,0.0,0.0
"16953",29,1,0,20.80,20.80,NULL,NULL,1,1,0.0,0.0
"16954",0,20,1,6081.88,6037.33,35.8,36.30,83,81,4.8,0.5
"16955",184,6,3,1120.31,1072.06,98.2,98.59,33,32,33.3,5.7
"16956",8,1,1,308.74,292.34,NULL,NULL,16,16,50.0,11.1
"16957",238,2,0,416.64,416.64,42.0,42.19,15,15,0.0,0.0
"16958",434,1,0,778.49,778.49,NULL,NULL,69,68,0.0,0.0
"16959",86,1,0,117.35,117.35,NULL,NULL,7,7,0.0,0.0
"16960",38,8,1,1988.93,1967.48,86.3,86.99,333,326,11.1,0.2
"16961",115,3,3,794.56,773.01,207.5,207.98,52,52,50.0,5.5
"16962",409,1,0,251.04,251.04,NULL,NULL,15,15,0.0,0.0
"16963",186,1,0,110.55,110.55,NULL,NULL,7,7,0.0,0.0
"16964",732,2,0,207.85,207.85,0.0,0.00,6,5,0.0,0.0
"16965",226,1,0,192.07,192.07,NULL,NULL,25,20,0.0,0.0
"16966",7,7,2,2154.97,2148.97,38.2,38.66,8,8,22.2,6.7
"16967",188,1,0,319.02,319.02,NULL,NULL,21,21,0.0,0.0
"16968",3,2,0,439.43,439.43,103.0,103.17,31,31,0.0,0.0
"16969",38,3,0,650.41,650.41,75.5,76.02,42,41,0.0,0.0
"16970",625,1,0,71.40,71.40,NULL,NULL,2,1,0.0,0.0
"16971",37,1,0,357.21,357.21,NULL,NULL,40,38,0.0,0.0
"16972",382,2,0,749.00,749.00,73.0,73.99,54,51,0.0,0.0
"16973",385,1,0,127.00,127.00,NULL,NULL,6,6,0.0,0.0
"16974",522,2,0,365.50,365.50,41.0,41.98,5,3,0.0,0.0
"16975",413,3,2,926.12,902.42,40.5,41.13,44,41,40.0,4.3
"16976",266,1,0,251.52,251.52,NULL,NULL,2,2,0.0,0.0
"16977",394,4,0,496.00,496.00,78.3,78.70,25,24,0.0,0.0
"16978",77,3,0,768.88,768.88,294.0,294.42,65,62,0.0,0.0
"16979",3,9,3,2859.74,2787.09,55.3,55.86,82,80,25.0,3.0
"16980",254,3,0,1422.83,1422.83,86.0,86.55,91,91,0.0,0.0
"16982",60,1,0,384.06,384.06,NULL,NULL,22,22,0.0,0.0
"16983",12,11,1,3490.53,3479.48,42.8,43.40,151,147,8.3,0.4
"16984",77,9,9,10350.53,10206.40,68.8,69.24,669,603,50.0,2.3
"16985",16,23,3,10923.16,10545.76,32.0,32.36,130,124,11.5,1.6
"16986",29,11,0,4888.75,4888.75,64.1,64.39,65,60,0.0,0.0
"16987",2,11,1,2499.45,2487.55,73.0,73.41,154,149,8.3,0.4
"16988",4,2,0,382.67,382.67,374.0,374.28,20,20,0.0,0.0
"16989",6,6,0,1133.25,1133.25,28.2,28.66,7,7,0.0,0.0
"16990",218,2,0,344.00,344.00,203.0,203.87,1,1,0.0,0.0
"16991",420,1,0,1041.21,1041.21,NULL,NULL,74,67,0.0,0.0
"16992",10,13,2,5476.50,5460.10,54.1,54.66,212,210,13.3,1.0
"16993",462,2,1,1950.95,1688.15,112.0,112.93,19,17,33.3,3.4
"16996",29,9,4,2123.61,2044.16,48.0,48.40,32,32,30.8,13.8
"16997",287,3,0,702.00,702.00,18.5,18.62,7,7,0.0,0.0
"16998",149,5,1,402.00,394.50,73.3,73.70,2,2,16.7,14.3
"16999",22,2,0,484.82,484.82,50.0,50.92,21,21,0.0,0.0
"17000",395,2,0,406.30,406.30,11.0,11.97,26,26,0.0,0.0
"17001",0,19,0,6640.80,6640.80,34.2,34.66,108,106,0.0,0.0
"17002",72,7,1,2571.55,2565.60,92.2,92.65,64,64,12.5,1.2
"17003",401,4,0,828.21,828.21,58.3,58.69,90,89,0.0,0.0
"17004",45,4,0,2324.36,2324.36,125.3,125.98,48,48,0.0,0.0
"17005",470,2,1,622.36,612.41,118.0,118.00,14,14,33.3,5.3
"17006",4,8,0,1635.27,1635.27,90.9,91.42,103,101,0.0,0.0
"17007",50,7,1,1120.10,1107.60,64.2,64.48,63,62,12.5,1.5
"17008",428,1,0,81.36,81.36,NULL,NULL,1,1,0.0,0.0
"17009",550,1,0,242.06,242.06,NULL,NULL,10,10,0.0,0.0
"17010",16,1,1,195.36,185.46,NULL,NULL,11,11,50.0,8.3
"17011",29,3,1,671.70,536.70,310.0,310.58,27,27,25.0,3.4
"17012",724,1,0,360.61,360.61,NULL,NULL,34,30,0.0,0.0
"17014",7,3,1,583.43,562.68,28.5,29.05,63,63,25.0,1.4
"17015",28,3,0,1838.61,1838.61,78.0,78.45,182,177,0.0,0.0
"17016",576,1,0,552.40,552.40,NULL,NULL,41,41,0.0,0.0
"17017",2,29,11,12576.99,12397.49,25.8,26.21,120,120,27.5,6.0
"17018",40,6,0,2287.70,2287.70,138.4,138.81,26,26,0.0,0.0
"17019",10,11,2,3586.99,3526.29,72.2,72.61,343,331,15.4,0.3
"17020",541,2,0,935.62,935.62,104.0,104.03,64,64,0.0,0.0
"17021",441,6,0,1182.22,1182.22,28.8,29.40,35,32,0.0,0.0
"17022",30,2,0,260.00,260.00,401.0,401.28,16,16,0.0,0.0
"17023",416,3,0,800.18,800.18,139.5,140.01,48,47,0.0,0.0
"17024",44,3,0,95.85,95.85,55.5,56.09,2,2,0.0,0.0
"17025",60,5,0,1349.67,1349.67,145.0,145.20,31,30,0.0,0.0
"17026",184,3,0,175.83,175.83,115.5,115.98,4,4,0.0,0.0
"17027",78,9,1,1310.63,1268.93,81.0,81.38,126,120,10.0,1.1
"17028",580,3,0,1593.83,1593.83,69.5,70.02,85,83,0.0,0.0
"17029",110,7,0,2137.30,2137.30,91.8,92.17,19,19,0.0,0.0
"17030",63,1,0,146.87,146.87,NULL,NULL,11,11,0.0,0.0
"17031",11,6,0,2773.85,2773.85,113.4,113.96,34,32,0.0,0.0
"17032",602,5,2,2896.69,2816.69,31.0,31.49,180,166,28.6,1.7
"17033",85,4,0,1332.79,1332.79,103.3,103.69,33,31,0.0,0.0
"17034",15,5,2,1276.42,1231.82,123.8,124.27,49,49,28.6,9.4
"17035",245,4,1,613.59,568.39,163.0,163.68,29,27,20.0,10.8
"17036",382,1,0,176.90,176.90,NULL,NULL,12,12,0.0,0.0
"17037",77,1,1,1267.32,1253.22,NULL,NULL,75,75,50.0,2.6
"17038",29,2,0,743.17,743.17,384.0,384.91,61,60,0.0,0.0
"17039",603,1,0,1954.99,1954.99,NULL,NULL,44,40,0.0,0.0
"17040",137,2,0,463.25,463.25,412.0,412.80,15,15,0.0,0.0
"17041",26,6,1,1655.20,1639.40,114.2,114.77,93,91,14.3,0.8
"17042",2,5,0,1036.58,1036.58,60.5,61.22,74,72,0.0,0.0
"17043",31,8,0,2593.65,2593.65,99.1,99.72,175,167,0.0,0.0
"17044",8,12,4,11962.30,11867.60,63.8,64.28,92,91,25.0,6.3
"17045",112,5,0,827.68,827.68,78.5,79.02,44,44,0.0,0.0
"17046",156,5,0,1906.07,1906.07,115.5,115.76,76,76,0.0,0.0
"17047",84,6,0,2289.23,2289.23,128.8,129.24,114,114,0.0,0.0
"17048",114,7,4,2071.68,1991.45,95.0,95.49,88,87,36.4,5.6
"17049",2,19,6,9942.53,9588.83,35.2,35.72,316,306,24.0,3.6
"17050",95,10,0,4348.46,4348.46,64.7,65.11,192,183,0.0,0.0
"17051",193,4,0,706.49,706.49,144.0,144.66,107,104,0.0,0.0
"17052",27,1,0,399.09,399.09,NULL,NULL,72,71,0.0,0.0
"17053",128,1,1,498.48,496.38,NULL,NULL,13,13,50.0,7.1
"17054",27,5,1,1356.33,1353.83,53.8,54.25,64,61,16.7,1.2
"17055",445,1,0,232.85,232.85,NULL,NULL,24,24,0.0,0.0
"17056",737,1,0,128.60,128.60,NULL,NULL,8,8,0.0,0.0
"17057",595,1,0,288.79,288.79,NULL,NULL,47,47,0.0,0.0
"17058",81,3,0,1179.89,1179.89,78.5,79.02,51,51,0.0,0.0
"17059",29,9,1,4864.57,4846.87,81.0,81.61,349,320,10.0,0.1
"17060",265,1,0,234.24,234.24,NULL,NULL,5,5,0.0,0.0
"17061",73,11,1,5232.23,5116.13,15.4,15.89,57,55,8.3,2.0
"17062",313,6,1,884.71,880.81,24.6,25.19,81,80,14.3,0.8
"17063",8,13,10,3638.53,3576.88,59.4,59.76,150,143,43.5,5.5
"17064",58,3,0,855.45,855.45,133.5,134.38,53,53,0.0,0.0
"17065",637,2,0,194.70,194.70,0.0,0.00,6,6,0.0,0.0
"17066",725,1,0,228.34,228.34,NULL,NULL,17,17,0.0,0.0
"17067",724,3,0,454.54,454.54,3.0,3.43,8,8,0.0,0.0
"17068",11,47,2,8980.18,8945.53,12.8,13.24,249,233,4.1,0.3
"17069",27,14,7,5517.23,5441.35,54.1,54.48,202,196,33.3,5.0
"17070",113,2,0,437.42,437.42,296.0,296.04,102,100,0.0,0.0
"17071",8,13,7,3793.71,3730.96,54.1,54.68,141,137,35.0,5.0
"17072",624,1,0,273.35,273.35,NULL,NULL,20,20,0.0,0.0
"17073",17,4,0,1444.84,1444.84,30.3,30.63,141,137,0.0,0.0
"17074",562,1,0,203.05,203.05,NULL,NULL,4,4,0.0,0.0
"17075",17,10,1,2236.63,2216.28,78.1,78.67,153,141,9.1,1.5
"17076",35,6,0,1242.75,1242.75,139.2,139.85,31,30,0.0,0.0
"17077",577,1,0,306.00,306.00,NULL,NULL,1,1,0.0,0.0
"17078",35,2,0,375.86,375.86,0.0,0.02,27,25,0.0,0.0
"17079",77,1,0,118.80,118.80,NULL,NULL,2,2,0.0,0.0
"17080",21,7,1,957.53,955.41,83.5,83.98,26,26,12.5,2.9
"17081",24,6,0,949.39,949.39,125.2,126.00,166,165,0.0,0.0
"17082",32,6,0,4732.03,4732.03,137.8,138.23,117,114,0.0,0.0
"17083",108,9,2,4049.79,4035.08,69.5,69.90,30,27,18.2,1.7
"17084",34,3,1,5001.21,4997.96,180.5,180.51,263,259,25.0,0.4
"17085",122,28,4,7839.27,7705.27,22.1,22.60,410,384,12.5,0.8
"17086",6,6,0,2050.08,2050.08,11.0,11.22,76,76,0.0,0.0
"17087",737,1,0,221.53,221.53,NULL,NULL,12,12,0.0,0.0
"17088",27,4,0,1991.01,1991.01,74.7,75.06,96,95,0.0,0.0
"17089",385,1,0,128.45,128.45,NULL,NULL,4,4,0.0,0.0
"17090",3,13,2,3080.18,2986.64,41.6,41.99,54,54,13.3,2.2
"17091",2,19,4,7495.75,7462.15,39.6,40.04,242,230,17.4,1.3
"17092",49,11,3,5511.41,5479.76,62.3,62.51,273,259,21.4,0.8
"17093",592,1,0,235.88,235.88,NULL,NULL,13,13,0.0,0.0
"17094",317,2,1,402.20,370.40,101.0,101.10,18,18,33.3,5.3
"17095",21,7,4,2572.25,2520.75,116.7,117.00,110,94,36.4,2.8
"17096",8,11,6,3697.93,3629.58,53.5,54.00,162,159,35.3,3.8
"17097",1,9,1,1143.36,1126.86,53.3,53.52,182,180,10.0,0.7
"17098",381,3,0,591.07,591.07,79.5,79.54,10,10,0.0,0.0
"17099",532,1,0,582.17,582.17,NULL,NULL,40,37,0.0,0.0
"17100",17,2,0,971.74,971.74,0.0,0.00,65,65,0.0,0.0
"17101",9,7,0,2507.05,2507.05,89.5,89.99,54,54,0.0,0.0
"17102",261,1,0,25.50,25.50,NULL,NULL,1,1,0.0,0.0
"17103",721,1,0,424.30,424.30,NULL,NULL,32,29,0.0,0.0
"17104",423,1,0,474.03,474.03,NULL,NULL,19,19,0.0,0.0
"17105",158,2,0,665.78,665.78,147.0,147.05,80,79,0.0,0.0
"17106",388,1,0,481.58,481.58,NULL,NULL,51,46,0.0,0.0
"17107",32,10,3,16052.72,15595.37,71.0,71.55,377,368,23.1,1.6
"17108",663,1,0,174.95,174.95,NULL,NULL,9,8,0.0,0.0
"17109",28,8,2,1291.71,1276.35,66.4,66.88,124,117,20.0,2.8
"17110",164,3,0,499.90,499.90,222.0,222.49,38,34,0.0,0.0
"17111",46,2,0,459.58,459.58,378.0,378.03,44,41,0.0,0.0
"17112",502,1,0,197.57,197.57,NULL,NULL,44,43,0.0,0.0
"17113",504,6,2,2305.59,2092.16,24.2,24.63,122,114,25.0,7.6
"17114",5,8,2,801.12,739.72,46.6,47.00,85,84,20.0,6.1
"17115",7,7,6,2761.49,2616.29,120.7,121.02,102,84,46.2,7.0
"17116",647,1,0,389.78,389.78,NULL,NULL,47,46,0.0,0.0
"17117",287,1,0,116.20,116.20,NULL,NULL,9,9,0.0,0.0
"17118",317,1,0,157.02,157.02,NULL,NULL,10,10,0.0,0.0
"17119",2,2,1,606.91,593.61,56.0,56.15,35,35,33.3,7.9
"17120",232,1,0,307.46,307.46,NULL,NULL,18,18,0.0,0.0
"17121",402,1,0,314.74,314.74,NULL,NULL,12,12,0.0,0.0
"17122",118,4,0,570.50,570.50,126.3,126.74,23,22,0.0,0.0
"17123",161,3,0,966.67,966.67,205.0,205.48,36,36,0.0,0.0
"17124",184,1,0,294.24,294.24,NULL,NULL,31,29,0.0,0.0
"17125",49,1,0,230.50,230.50,NULL,NULL,34,34,0.0,0.0
"17126",151,9,2,2008.93,1996.03,39.0,39.13,294,287,18.2,0.4
"17127",428,5,0,1155.03,1155.03,76.0,76.69,27,27,0.0,0.0
"17128",334,1,0,157.09,157.09,NULL,NULL,14,13,0.0,0.0
"17129",519,1,0,31.85,31.85,NULL,NULL,2,2,0.0,0.0
"17131",4,5,0,2463.17,2463.17,17.3,17.50,78,76,0.0,0.0
"17132",451,2,0,1220.91,1220.91,36.0,36.11,62,62,0.0,0.0
"17133",15,12,1,14622.33,12972.09,55.2,55.73,22,22,7.7,11.1
"17134",106,3,0,625.30,625.30,167.0,167.82,31,30,0.0,0.0
"17135",15,10,1,1716.38,1705.46,62.1,62.56,97,90,9.1,0.7
"17136",661,1,0,231.68,231.68,NULL,NULL,14,12,0.0,0.0
"17137",415,6,0,1099.81,1099.81,51.8,52.22,125,120,0.0,0.0
"17138",275,7,0,4417.27,4417.27,65.7,66.32,234,217,0.0,0.0
"17139",15,25,4,19566.76,19473.91,28.1,28.41,447,440,13.8,1.2
"17140",246,1,0,454.12,454.12,NULL,NULL,16,16,0.0,0.0
"17141",417,4,0,727.58,727.58,88.7,88.67,138,135,0.0,0.0
"17142",238,4,0,1275.25,1275.25,148.0,148.37,78,78,0.0,0.0
"17143",416,2,0,880.97,880.97,98.0,98.08,82,78,0.0,0.0
"17144",0,2,0,984.57,984.57,83.0,83.21,42,42,0.0,0.0
"17145",464,4,3,3120.91,3014.64,48.3,48.62,168,164,42.9,3.2
"17146",105,13,3,5852.64,5788.39,46.9,47.51,164,152,18.8,2.0
"17147",22,9,7,3199.95,3069.15,83.9,84.39,99,94,43.8,7.5
"17148",51,1,0,124.88,124.88,NULL,NULL,9,9,0.0,0.0
"17149",450,1,0,143.10,143.10,NULL,NULL,6,6,0.0,0.0
"17150",376,6,0,1357.95,1357.95,70.8,71.41,64,64,0.0,0.0
"17151",734,1,0,231.90,231.90,NULL,NULL,4,4,0.0,0.0
"17152",194,4,1,2016.50,1830.50,76.7,77.00,9,8,20.0,11.1
"17153",23,1,0,213.78,213.78,NULL,NULL,14,14,0.0,0.0
"17154",74,1,0,329.34,329.34,NULL,NULL,23,22,0.0,0.0
"17155",17,7,0,892.46,892.46,119.5,119.84,43,43,0.0,0.0
"17156",483,1,1,591.87,572.07,NULL,NULL,39,39,50.0,4.9
"17157",7,19,1,5151.90,5139.45,40.0,40.44,78,74,5.0,1.4
"17158",31,5,1,1980.00,1962.30,152.0,152.49,74,74,16.7,1.7
"17159",21,5,1,2099.59,2095.44,155.3,155.96,115,114,16.7,0.8
"17160",30,17,1,10209.16,10201.36,43.5,44.01,215,211,5.6,0.6
"17161",443,1,0,856.01,856.01,NULL,NULL,52,52,0.0,0.0
"17162",28,10,1,1715.46,1707.21,30.4,30.77,81,80,9.1,1.0
"17163",21,4,0,699.78,699.78,217.3,217.98,27,25,0.0,0.0
"17164",32,7,1,2467.35,2466.40,39.7,40.13,92,92,12.5,0.7
"17165",283,6,2,1794.32,1783.63,88.4,88.86,77,73,25.0,2.9
"17166",38,2,1,206.34,189.49,165.0,165.06,11,11,33.3,14.3
"17167",379,3,0,867.11,867.11,32.0,32.92,64,62,0.0,0.0
"17168",498,1,0,400.20,400.20,NULL,NULL,21,21,0.0,0.0
"17169",49,3,3,1156.73,1129.88,260.0,260.45,64,62,50.0,11.8
"17170",373,2,1,178.68,118.98,14.0,14.98,8,8,33.3,9.1
"17171",288,2,0,384.59,384.59,372.0,372.19,25,25,0.0,0.0
"17172",78,3,2,956.57,915.49,323.5,323.95,39,38,40.0,7.1
"17173",4,8,1,3766.60,3755.65,17.7,18.00,36,36,11.1,1.1
"17174",217,1,0,59.90,59.90,NULL,NULL,4,4,0.0,0.0
"17175",43,4,1,1443.69,1430.94,83.3,84.01,42,42,20.0,1.6
"17176",201,3,0,902.32,902.32,237.5,237.93,37,37,0.0,0.0
"17177",504,1,0,119.50,119.50,NULL,NULL,29,29,0.0,0.0
"17178",730,1,0,432.96,432.96,NULL,NULL,31,31,0.0,0.0
"17179",177,6,0,1507.26,1507.26,76.4,76.85,75,72,0.0,0.0
"17180",55,11,3,2236.77,2216.12,62.5,63.09,189,178,21.4,1.5
"17181",56,3,0,309.85,309.85,269.0,269.07,28,28,0.0,0.0
"17182",422,2,0,321.30,321.30,295.0,295.78,4,3,0.0,0.0
"17183",7,6,2,3347.31,3286.91,19.0,19.56,42,41,25.0,3.9
"17184",568,2,0,198.41,198.41,161.0,161.00,14,14,0.0,0.0
"17185",591,3,0,229.46,229.46,3.0,3.47,38,33,0.0,0.0
"17186",46,2,0,144.00,144.00,13.0,13.89,1,1,0.0,0.0
"17187",226,2,0,467.71,467.71,299.0,299.92,21,21,0.0,0.0
"17188",10,13,4,4592.93,4361.83,59.6,59.98,136,132,23.5,5.5
"17189",105,5,0,953.63,953.63,157.5,157.83,101,98,0.0,0.0
"17190",58,7,1,1724.73,1529.73,97.3,97.65,159,154,12.5,0.5
"17191",27,15,1,4310.34,4284.84,50.3,50.72,269,263,6.3,0.2
"17192",535,1,0,75.28,75.28,NULL,NULL,20,19,0.0,0.0
"17193",35,9,3,2310.04,2254.60,87.5,87.76,28,28,25.0,8.3
"17194",360,2,0,776.66,776.66,169.0,169.95,56,56,0.0,0.0
"17195",654,1,0,562.98,562.98,NULL,NULL,31,30,0.0,0.0
"17196",427,1,0,327.75,327.75,NULL,NULL,84,82,0.0,0.0
"17197",29,1,0,1013.01,1013.01,NULL,NULL,29,29,0.0,0.0
"17198",23,3,0,692.22,692.22,173.0,173.91,89,87,0.0,0.0
"17199",581,1,0,135.04,135.04,NULL,NULL,8,8,0.0,0.0
"17200",386,4,0,356.71,356.71,88.0,88.33,25,25,0.0,0.0
"17201",53,4,1,1132.60,1117.00,204.0,204.66,153,143,20.0,0.6
"17202",420,1,0,160.65,160.65,NULL,NULL,8,8,0.0,0.0
"17203",35,10,0,5564.09,5564.09,39.0,39.22,195,191,0.0,0.0
"17204",168,9,6,5504.69,5263.69,46.1,46.52,110,108,40.0,6.8
"17205",53,3,0,999.35,999.35,255.0,255.44,27,27,0.0,0.0
"17206",52,1,0,204.24,204.24,NULL,NULL,7,7,0.0,0.0
"17207",651,1,0,291.77,291.77,NULL,NULL,54,52,0.0,0.0
"17208",395,1,0,111.15,111.15,NULL,NULL,21,21,0.0,0.0
"17209",648,3,0,595.70,595.70,43.5,43.60,36,36,0.0,0.0
"17210",392,1,0,251.72,251.72,NULL,NULL,47,47,0.0,0.0
"17211",26,13,2,3773.35,3728.80,57.8,58.33,217,208,13.3,0.9
"17212",252,3,0,794.41,794.41,116.5,116.72,29,29,0.0,0.0
"17213",39,13,7,4869.40,4766.03,56.6,57.02,130,126,35.0,6.0
"17214",59,6,1,1059.12,974.12,59.2,59.78,79,75,14.3,1.0
"17215",463,1,0,186.15,186.15,NULL,NULL,11,11,0.0,0.0
"17216",553,1,0,63.60,63.60,NULL,NULL,13,13,0.0,0.0
"17217",233,2,0,210.10,210.10,385.0,385.16,27,26,0.0,0.0
"17218",3,18,0,3889.39,3889.39,39.5,39.94,247,239,0.0,0.0
"17219",31,2,0,259.13,259.13,384.0,385.00,43,42,0.0,0.0
"17220",23,21,0,4451.41,4451.41,32.9,33.20,407,394,0.0,0.0
"17221",6,5,0,976.62,976.62,149.5,149.98,115,112,0.0,0.0
"17222",64,6,0,1563.61,1563.61,126.4,126.59,93,91,0.0,0.0
"17223",309,3,0,523.04,523.04,32.0,32.47,61,57,0.0,0.0
"17224",500,1,0,100.86,100.86,NULL,NULL,8,8,0.0,0.0
"17225",581,1,0,131.15,131.15,NULL,NULL,5,5,0.0,0.0
"17226",308,3,0,895.47,895.47,178.0,178.44,51,51,0.0,0.0
"17227",18,12,0,1878.93,1878.93,60.8,61.35,58,58,0.0,0.0
"17228",15,13,0,2820.03,2820.03,51.3,51.83,199,190,0.0,0.0
"17229",95,2,0,318.76,318.76,46.0,46.05,39,37,0.0,0.0
"17230",263,18,5,9388.49,9159.45,27.2,27.48,141,139,21.7,3.1
"17231",11,25,10,7064.80,6958.83,29.5,30.00,509,471,28.6,1.2
"17232",2,2,0,417.77,417.77,11.0,12.00,30,30,0.0,0.0
"17233",34,3,0,560.86,560.86,344.5,344.54,56,55,0.0,0.0
"17234",182,1,0,149.89,149.89,NULL,NULL,14,14,0.0,0.0
"17235",24,8,0,1562.98,1562.98,75.0,75.42,52,45,0.0,0.0
"17236",12,12,0,1929.26,1929.26,56.8,57.27,123,123,0.0,0.0
"17237",10,4,0,994.13,994.13,123.3,123.38,76,75,0.0,0.0
"17238",2,32,0,7331.17,7331.17,23.3,23.74,485,465,0.0,0.0
"17239",312,4,2,1189.45,1174.15,71.0,71.32,18,18,33.3,5.9
"17240",595,1,0,130.60,130.60,NULL,NULL,7,7,0.0,0.0
"17241",384,12,0,2736.64,2736.64,24.6,25.18,116,109,0.0,0.0
"17242",107,5,0,2889.28,2889.28,143.8,144.05,44,40,0.0,0.0
"17243",0,69,11,20184.68,20004.03,10.4,10.84,358,318,13.8,1.9
"17244",52,5,0,1826.04,1826.04,170.0,170.04,109,103,0.0,0.0
"17245",204,2,0,371.63,371.63,484.0,484.79,24,24,0.0,0.0
"17246",546,2,0,38.92,38.92,191.0,191.79,6,5,0.0,0.0
"17247",14,1,0,280.09,280.09,NULL,NULL,53,52,0.0,0.0
"17248",119,2,0,500.54,500.54,361.0,361.07,85,81,0.0,0.0
"17249",428,1,0,68.03,68.03,NULL,NULL,27,27,0.0,0.0
"17250",3,2,0,381.97,381.97,257.0,257.81,55,54,0.0,0.0
"17251",362,3,1,798.98,790.28,181.0,181.01,65,60,25.0,2.5
"17252",116,2,0,348.91,348.91,69.0,69.71,86,81,0.0,0.0
"17253",17,1,0,178.26,178.26,NULL,NULL,18,17,0.0,0.0
"17254",4,3,0,469.48,469.48,198.0,198.47,129,123,0.0,0.0
"17255",40,4,0,781.70,781.70,134.7,135.28,163,160,0.0,0.0
"17256",106,5,0,498.93,498.93,122.8,123.25,20,20,0.0,0.0
"17257",435,2,0,189.78,189.78,0.0,0.00,14,13,0.0,0.0
"17258",396,2,0,417.30,417.30,268.0,268.87,46,43,0.0,0.0
"17259",147,6,0,1452.39,1452.39,101.0,101.41,179,172,0.0,0.0
"17260",410,1,0,120.95,120.95,NULL,NULL,6,6,0.0,0.0
"17261",509,1,0,221.59,221.59,NULL,NULL,43,42,0.0,0.0
"17262",51,11,0,2488.76,2488.76,66.9,67.21,12,12,0.0,0.0
"17263",207,1,0,63.44,63.44,NULL,NULL,23,23,0.0,0.0
"17264",423,1,0,268.28,268.28,NULL,NULL,70,70,0.0,0.0
"17265",138,2,0,550.01,550.01,41.0,41.95,106,103,0.0,0.0
"17266",1,5,0,501.72,501.72,159.0,159.54,95,93,0.0,0.0
"17267",126,2,0,317.20,317.20,0.0,0.00,37,35,0.0,0.0
"17268",107,11,0,1733.89,1733.89,62.1,62.39,26,26,0.0,0.0
"17269",385,1,0,491.81,491.81,NULL,NULL,110,104,0.0,0.0
"17270",468,2,0,601.45,601.45,262.0,262.87,45,40,0.0,0.0
"17271",735,1,0,204.30,204.30,NULL,NULL,46,45,0.0,0.0
"17272",41,4,1,2148.63,2144.53,73.3,73.40,70,70,20.0,1.7
"17273",423,1,0,141.12,141.12,NULL,NULL,12,12,0.0,0.0
"17274",34,2,0,573.22,573.22,360.0,360.05,76,76,0.0,0.0
"17275",382,1,0,114.10,114.10,NULL,NULL,23,23,0.0,0.0
"17276",399,1,1,501.24,444.19,NULL,NULL,49,49,50.0,5.5
"17277",227,2,0,1065.35,1065.35,95.0,95.01,67,65,0.0,0.0
"17278",240,2,0,271.24,271.24,323.0,323.97,17,17,0.0,0.0
"17279",57,1,0,187.83,187.83,NULL,NULL,8,8,0.0,0.0
"17280",437,1,0,118.86,118.86,NULL,NULL,6,6,0.0,0.0
"17281",373,6,0,797.85,797.85,59.2,59.84,2,2,0.0,0.0
"17282",129,5,0,2308.54,2308.54,104.0,104.52,168,167,0.0,0.0
"17283",378,1,0,188.46,188.46,NULL,NULL,15,15,0.0,0.0
"17284",59,7,1,2558.60,2547.70,54.3,54.82,284,277,12.5,0.5
"17285",627,2,0,400.44,400.44,34.0,34.98,40,34,0.0,0.0
"17286",21,3,0,389.18,389.18,189.0,189.48,89,89,0.0,0.0
"17287",25,21,2,3826.86,3810.61,35.1,35.50,279,262,8.7,0.4
"17288",8,11,0,2468.43,2468.43,38.0,38.51,233,232,0.0,0.0
"17289",31,9,2,2041.80,2032.30,75.6,76.25,202,188,18.2,0.7
"17290",3,8,0,1427.48,1427.48,102.7,103.28,183,179,0.0,0.0
"17291",307,1,0,550.80,550.80,NULL,NULL,1,1,0.0,0.0
"17292",471,2,0,271.75,271.75,107.0,107.10,14,14,0.0,0.0
"17293",7,17,0,3750.63,3750.63,45.0,45.50,148,139,0.0,0.0
"17294",668,2,0,467.79,467.79,0.0,0.08,17,17,0.0,0.0
"17295",28,3,0,547.00,547.00,17.5,17.97,53,53,0.0,0.0
"17296",729,1,0,338.13,338.13,NULL,NULL,32,30,0.0,0.0
"17297",16,1,0,128.18,128.18,NULL,NULL,49,48,0.0,0.0
"17298",100,5,1,938.36,933.32,134.8,135.08,60,57,16.7,1.4
"17299",11,6,0,993.23,993.23,93.2,93.97,96,94,0.0,0.0
"17300",390,2,0,393.64,393.64,90.0,91.00,37,37,0.0,0.0
"17301",20,2,0,294.39,294.39,603.0,603.02,107,105,0.0,0.0
"17302",14,5,1,1135.63,1119.93,72.3,72.74,68,68,16.7,2.5
"17303",360,1,0,250.04,250.04,NULL,NULL,53,52,0.0,0.0
"17304",533,1,0,111.50,111.50,NULL,NULL,5,5,0.0,0.0
"17305",648,1,0,2135.46,2135.46,NULL,NULL,9,9,0.0,0.0
"17306",10,21,2,9782.35,9751.77,19.3,19.65,17,17,8.7,4.0
"17307",364,11,4,3999.89,3378.31,29.0,29.39,22,22,26.7,7.7
"17308",392,2,0,4511.76,4511.76,59.0,59.16,5,5,0.0,0.0
"17309",94,3,0,320.39,320.39,288.5,288.99,33,31,0.0,0.0
"17310",386,2,0,1025.10,1025.10,147.0,147.18,1,1,0.0,0.0
"17311",77,6,1,3566.56,3490.66,118.6,119.21,124,124,14.3,1.6
"17312",138,3,0,644.30,644.30,10.0,10.47,11,11,0.0,0.0
"17313",17,1,1,2328.84,2288.13,NULL,NULL,24,24,50.0,14.3
"17314",24,17,5,4904.43,4514.70,44.0,44.50,200,196,22.7,10.5
"17315",0,41,6,9559.50,9467.45,10.4,10.92,383,367,12.8,2.0
"17316",419,1,0,124.45,124.45,NULL,NULL,35,34,0.0,0.0
"17317",45,3,2,2600.34,2524.02,21.0,21.60,8,8,40.0,18.2
"17318",724,1,0,157.33,157.33,NULL,NULL,17,17,0.0,0.0
"17319",668,1,0,29.10,29.10,NULL,NULL,3,2,0.0,0.0
"17320",99,6,0,2444.85,2444.85,116.6,117.38,86,86,0.0,0.0
"17321",7,6,0,1665.21,1665.21,113.4,113.81,241,237,0.0,0.0
"17322",375,5,2,922.59,900.64,89.8,90.03,115,110,28.6,1.7
"17323",14,12,2,1547.64,1535.56,61.7,62.11,167,158,14.3,1.2
"17324",17,12,1,2171.07,2018.07,63.5,63.98,111,110,7.7,0.7
"17325",279,3,0,609.57,609.57,180.0,180.53,39,39,0.0,0.0
"17326",407,2,0,312.35,312.35,121.0,121.06,82,79,0.0,0.0
"17327",409,2,0,152.35,152.35,152.0,152.94,3,3,0.0,0.0
"17328",672,1,0,104.70,104.70,NULL,NULL,6,6,0.0,0.0
"17329",13,5,0,998.53,998.53,180.0,180.48,80,76,0.0,0.0
"17330",22,4,0,423.80,423.80,207.7,208.33,7,7,0.0,0.0
"17331",123,1,0,175.20,175.20,NULL,NULL,1,1,0.0,0.0
"17332",527,5,0,827.77,827.77,31.5,32.02,81,77,0.0,0.0
"17333",85,1,0,494.25,494.25,NULL,NULL,28,28,0.0,0.0
"17334",300,3,1,635.15,634.73,51.5,52.06,20,20,25.0,3.1
"17335",383,2,0,497.04,497.04,300.0,300.96,34,34,0.0,0.0
"17336",471,1,0,81.12,81.12,NULL,NULL,1,1,0.0,0.0
"17337",150,4,3,1979.61,1896.06,52.3,52.97,420,408,42.9,1.0
"17338",16,17,3,11880.54,11777.49,38.4,38.87,589,554,15.0,0.4
"17339",93,3,1,302.36,243.36,207.0,207.51,10,9,25.0,9.1
"17340",8,18,11,19617.95,19159.01,36.9,37.28,322,312,37.9,4.8
"17341",156,5,0,1272.21,1272.21,95.5,95.94,200,195,0.0,0.0
"17342",373,4,3,1227.54,1155.84,96.0,96.69,31,31,42.9,12.5
"17343",354,6,0,1259.94,1259.94,75.8,76.17,61,59,0.0,0.0
"17344",45,2,1,457.36,443.86,682.0,682.02,64,61,33.3,1.5
"17345",14,10,2,1586.63,1466.33,80.1,80.33,174,165,16.7,5.9
"17346",3,26,1,4991.41,4926.43,23.4,23.88,516,501,3.7,0.3
"17347",85,1,0,228.96,228.96,NULL,NULL,1,1,0.0,0.0
"17348",14,9,0,2430.99,2430.99,77.8,78.12,325,321,0.0,0.0
"17349",178,5,0,772.41,772.41,112.3,113.00,74,70,0.0,0.0
"17350",7,7,1,1893.70,1863.82,110.8,111.33,123,122,12.5,0.7
"17351",35,12,0,1964.38,1964.38,62.5,63.00,44,40,0.0,0.0
"17352",695,1,0,36.25,36.25,NULL,NULL,5,4,0.0,0.0
"17353",128,4,3,3242.00,3155.55,164.7,165.06,7,7,42.9,17.6
"17354",50,4,0,3133.96,3133.96,125.7,125.96,85,82,0.0,0.0
"17355",385,1,0,273.31,273.31,NULL,NULL,28,27,0.0,0.0
"17356",311,5,0,946.47,946.47,93.8,94.24,73,70,0.0,0.0
"17357",23,2,0,384.39,384.39,0.0,0.00,41,41,0.0,0.0
"17358",302,5,0,861.01,861.01,87.3,87.50,126,120,0.0,0.0
"17359",10,2,0,284.46,284.46,636.0,636.99,36,36,0.0,0.0
"17360",16,6,1,1200.51,1170.56,83.0,83.41,189,182,14.3,0.4
"17361",48,5,0,871.79,871.79,156.5,156.76,51,50,0.0,0.0
"17362",238,7,1,1024.04,1010.54,76.7,77.19,99,92,12.5,1.4
"17363",394,3,0,920.46,920.46,3.0,3.50,34,34,0.0,0.0
"17364",0,27,2,11614.45,11587.05,27.7,28.14,512,488,6.9,0.4
"17365",12,15,1,8179.45,8160.30,46.9,47.43,394,382,6.3,0.3
"17366",391,2,1,1077.24,1075.59,23.0,23.85,120,109,33.3,0.8
"17367",237,1,0,167.55,167.55,NULL,NULL,33,32,0.0,0.0
"17368",22,14,2,2758.29,2145.39,53.5,53.92,195,186,12.5,7.4
"17369",455,1,0,979.20,979.20,NULL,NULL,1,1,0.0,0.0
"17370",72,4,0,446.18,446.18,32.0,32.31,31,31,0.0,0.0
"17371",16,6,0,651.37,651.37,142.6,142.81,134,133,0.0,0.0
"17372",40,27,3,4316.46,4264.33,26.2,26.76,411,391,10.0,1.8
"17373",39,7,0,1167.50,1167.50,101.0,101.51,65,57,0.0,0.0
"17374",218,3,1,727.11,711.21,87.5,88.33,34,34,25.0,2.3
"17375",189,4,1,660.55,632.95,77.0,77.42,77,73,20.0,2.3
"17376",70,4,0,453.64,453.64,150.0,150.69,41,37,0.0,0.0
"17377",23,78,12,17639.23,17184.23,8.8,9.27,504,469,13.3,1.1
"17378",373,1,1,10.95,0.00,NULL,NULL,1,1,50.0,50.0
"17379",10,1,0,389.72,389.72,NULL,NULL,71,71,0.0,0.0
"17380",433,3,1,645.00,643.75,49.5,50.11,5,5,25.0,9.1
"17381",8,38,1,36398.65,36395.47,14.1,14.59,50,50,2.6,0.6
"17382",64,8,0,902.28,902.28,71.7,72.01,16,14,0.0,0.0
"17383",3,2,0,304.09,304.09,449.0,449.11,51,50,0.0,0.0
"17384",18,3,0,507.55,507.55,223.5,224.00,15,14,0.0,0.0
"17385",14,1,0,256.11,256.11,NULL,NULL,42,40,0.0,0.0
"17386",7,7,0,2812.77,2812.77,62.5,62.98,32,31,0.0,0.0
"17387",19,2,0,746.81,746.81,13.0,13.98,71,70,0.0,0.0
"17388",77,11,0,2675.37,2675.37,64.6,65.19,41,41,0.0,0.0
"17389",0,61,14,57215.33,54945.68,11.8,12.25,63,60,18.7,3.6
"17390",420,1,0,149.30,149.30,NULL,NULL,12,12,0.0,0.0
"17391",163,2,0,508.80,508.80,0.0,0.90,2,2,0.0,0.0
"17392",306,3,0,579.92,579.92,71.5,71.93,65,63,0.0,0.0
"17393",410,2,0,381.15,381.15,77.0,77.80,45,44,0.0,0.0
"17394",218,1,0,203.87,203.87,NULL,NULL,4,4,0.0,0.0
"17395",507,1,0,97.50,97.50,NULL,NULL,3,3,0.0,0.0
"17396",38,13,2,8391.60,8159.10,33.2,33.50,28,28,13.3,11.5
"17397",21,3,0,1198.28,1198.28,197.0,197.02,132,131,0.0,0.0
"17398",114,3,0,653.38,653.38,69.5,70.43,30,30,0.0,0.0
"17400",125,8,0,4623.28,4623.28,84.7,85.14,345,330,0.0,0.0
"17401",540,1,0,114.85,114.85,NULL,NULL,11,11,0.0,0.0
"17402",4,22,3,4600.56,4566.41,33.7,34.22,104,104,12.0,1.7
"17403",35,2,0,382.87,382.87,414.0,414.12,45,45,0.0,0.0
"17404",3,21,5,47638.12,45863.82,34.3,34.86,124,124,19.2,1.7
"17405",0,3,2,1031.41,967.22,74.0,74.56,77,77,40.0,12.8
"17406",329,13,5,4186.95,3874.00,32.8,33.34,155,153,27.8,4.0
"17407",411,1,0,552.90,552.90,NULL,NULL,23,23,0.0,0.0
"17408",162,3,1,316.09,164.89,174.5,175.48,7,7,25.0,11.1
"17409",184,10,0,7793.51,7793.51,60.1,60.44,50,46,0.0,0.0
"17410",15,5,0,1214.72,1214.72,49.3,49.75,57,57,0.0,0.0
"17411",11,5,4,1425.38,1316.53,180.5,181.02,69,69,44.4,9.6
"17412",2,16,3,4220.22,4187.68,48.5,48.99,161,159,15.8,2.6
"17413",404,2,0,560.14,560.14,165.0,165.06,10,10,0.0,0.0
"17414",43,6,0,2249.52,2249.52,138.0,138.56,6,6,0.0,0.0
"17415",79,1,0,507.84,507.84,NULL,NULL,14,14,0.0,0.0
"17416",29,22,3,17298.45,17221.47,32.9,33.14,324,309,12.0,0.5
"17417",548,1,0,164.18,164.18,NULL,NULL,16,15,0.0,0.0
"17418",41,3,0,670.06,670.06,172.0,172.49,40,40,0.0,0.0
"17419",10,18,2,6126.25,6100.65,39.1,39.53,203,201,10.0,0.7
"17420",49,6,2,953.58,943.68,69.8,70.21,43,43,25.0,3.8
"17421",385,3,0,1059.41,1059.41,174.0,174.53,46,46,0.0,0.0
"17422",15,11,9,3594.76,3341.65,51.4,51.81,149,142,45.0,12.0
"17423",44,3,2,1118.95,1084.17,173.0,173.52,39,39,40.0,4.4
"17425",18,2,0,759.17,759.17,41.0,41.16,42,42,0.0,0.0
"17426",3,13,4,8077.77,7606.37,54.2,54.35,248,246,23.5,3.0
"17427",71,1,0,100.80,100.80,NULL,NULL,2,2,0.0,0.0
"17428",0,45,6,31466.76,30885.06,16.5,16.77,422,411,11.8,2.6
"17429",120,5,2,1357.46,1342.16,74.8,75.26,80,77,28.6,4.0
"17430",32,4,0,622.57,622.57,148.3,148.97,30,30,0.0,0.0
"17431",312,1,0,403.30,403.30,NULL,NULL,41,41,0.0,0.0
"17432",17,9,0,1728.99,1728.99,89.4,89.74,213,212,0.0,0.0
"17433",87,2,0,569.96,569.96,297.0,297.03,81,78,0.0,0.0
"17434",1,7,2,2373.82,2333.42,13.3,13.83,100,99,22.2,2.9
"17435",410,1,0,331.35,331.35,NULL,NULL,15,15,0.0,0.0
"17436",1,5,2,534.06,521.31,182.3,182.75,8,8,28.6,19.0
"17437",529,1,0,369.68,369.68,NULL,NULL,52,49,0.0,0.0
"17438",246,5,1,1422.77,1412.62,96.5,96.93,49,49,16.7,2.7
"17439",655,1,0,325.74,325.74,NULL,NULL,8,8,0.0,0.0
"17440",147,4,2,323.58,314.26,130.3,130.96,4,4,33.3,33.3
"17441",731,1,0,293.35,293.35,NULL,NULL,21,21,0.0,0.0
"17442",28,15,8,4620.30,4517.70,44.1,44.69,188,184,34.8,3.4
"17443",219,1,0,534.24,534.24,NULL,NULL,1,1,0.0,0.0
"17444",151,2,0,2389.10,2389.10,21.0,21.06,131,124,0.0,0.0
"17446",176,2,0,120.90,120.90,133.0,133.83,6,6,0.0,0.0
"17447",39,2,0,541.53,541.53,31.0,31.17,33,33,0.0,0.0
"17448",528,41,7,14448.67,14375.01,2.7,2.90,568,547,14.6,1.3
"17449",1,13,1,4865.15,4849.15,60.2,60.68,291,268,7.1,0.3
"17450",7,51,4,244784.25,233643.91,8.3,8.60,145,145,7.3,2.8
"17451",0,7,3,1721.40,1648.95,17.0,17.36,83,83,30.0,6.5
"17453",17,2,0,486.72,486.72,46.0,46.69,19,19,0.0,0.0
"17454",191,10,1,1547.94,1532.64,55.3,55.66,98,95,9.1,0.8
"17455",203,1,0,131.70,131.70,NULL,NULL,8,8,0.0,0.0
"17456",364,2,0,975.56,975.56,90.0,91.00,59,59,0.0,0.0
"17457",126,14,4,5984.81,5799.01,46.1,46.61,30,29,22.2,11.1
"17458",14,2,0,529.58,529.58,366.0,366.05,81,81,0.0,0.0
"17459",42,2,0,657.30,657.30,16.0,16.85,88,86,0.0,0.0
"17460",78,16,5,2157.97,1937.10,38.9,39.47,93,93,23.8,11.0
"17461",22,3,0,735.82,735.82,3.0,3.47,104,102,0.0,0.0
"17462",50,2,1,675.69,662.94,223.0,223.87,25,25,33.3,3.6
"17463",15,7,2,2535.26,2515.26,95.0,95.47,234,219,22.2,1.6
"17464",157,3,1,907.14,816.54,230.0,230.50,35,32,25.0,4.9
"17465",425,7,2,2542.79,2533.64,51.3,51.82,103,92,22.2,1.4
"17466",9,2,0,763.28,763.28,68.0,68.17,41,38,0.0,0.0
"17467",394,1,0,102.60,102.60,NULL,NULL,4,4,0.0,0.0
"17468",9,3,0,194.80,194.80,182.0,182.46,8,8,0.0,0.0
"17469",15,17,5,5051.25,4958.34,43.8,44.18,165,161,22.7,3.6
"17470",44,11,0,2626.47,2626.47,45.8,46.39,111,106,0.0,0.0
"17471",474,1,0,321.65,321.65,NULL,NULL,19,18,0.0,0.0
"17472",190,4,0,922.35,922.35,145.3,145.69,183,174,0.0,0.0
"17473",400,2,1,607.00,592.15,47.0,47.70,33,33,33.3,2.9
"17474",599,1,0,1047.00,1047.00,NULL,NULL,6,6,0.0,0.0
"17475",78,1,0,194.37,194.37,NULL,NULL,14,14,0.0,0.0
"17476",392,2,2,489.86,446.51,341.0,341.93,29,29,50.0,8.8
"17477",612,2,3,1144.30,1079.00,34.0,34.93,44,44,60.0,6.4
"17478",407,2,0,1272.80,1272.80,225.0,225.03,40,40,0.0,0.0
"17479",632,1,0,389.26,389.26,NULL,NULL,18,18,0.0,0.0
"17480",73,2,1,882.23,876.92,366.0,366.96,50,50,33.3,3.6
"17481",3,4,1,1255.59,1249.34,29.7,30.03,69,69,20.0,1.2
"17482",486,2,0,775.64,775.64,91.0,91.06,50,46,0.0,0.0
"17483",64,4,0,591.73,591.73,115.7,116.34,23,23,0.0,0.0
"17484",575,2,0,209.57,209.57,47.0,47.98,14,14,0.0,0.0
"17486",260,1,0,396.87,396.87,NULL,NULL,24,24,0.0,0.0
"17487",727,1,0,160.55,160.55,NULL,NULL,8,8,0.0,0.0
"17488",640,1,0,336.50,336.50,NULL,NULL,18,17,0.0,0.0
"17489",58,2,0,376.64,376.64,153.0,153.89,28,28,0.0,0.0
"17490",0,9,4,2750.50,2595.01,70.6,71.11,93,93,30.8,7.2
"17491",0,17,1,5653.67,5636.72,36.3,36.82,105,102,5.6,0.6
"17492",247,3,0,1122.42,1122.42,135.0,135.04,32,32,0.0,0.0
"17493",384,1,0,100.91,100.91,NULL,NULL,8,8,0.0,0.0
"17494",501,1,0,54.70,54.70,NULL,NULL,3,3,0.0,0.0
"17495",7,3,1,806.72,759.07,191.5,191.51,38,38,25.0,9.4
"17496",358,4,1,1412.89,1385.89,111.3,111.93,54,52,20.0,2.7
"17497",389,2,0,287.25,287.25,220.0,220.26,7,7,0.0,0.0
"17498",75,1,0,272.22,272.22,NULL,NULL,17,16,0.0,0.0
"17499",289,2,1,1341.39,1296.84,271.0,271.97,66,63,33.3,2.7
"17500",16,3,0,1138.00,1138.00,6.0,6.11,3,3,0.0,0.0
"17501",220,2,0,288.60,288.60,0.0,0.00,18,18,0.0,0.0
"17502",8,4,0,689.10,689.10,6.0,6.62,25,25,0.0,0.0
"17503",2,2,0,558.96,558.96,35.0,35.92,36,36,0.0,0.0
"17504",205,18,1,9490.17,9238.42,26.9,27.24,244,235,5.3,3.7
"17505",161,5,0,2435.48,2435.48,110.5,110.96,83,83,0.0,0.0
"17506",69,1,1,302.20,294.29,NULL,NULL,14,14,50.0,12.5
"17507",261,2,0,605.58,605.58,47.0,47.74,79,79,0.0,0.0
"17508",280,8,1,4579.23,4546.78,64.0,64.55,199,192,11.1,0.4
"17509",57,8,3,6083.64,6069.24,0.7,0.84,75,73,27.3,0.8
"17510",24,2,0,514.56,514.56,395.0,395.99,28,28,0.0,0.0
"17511",2,60,24,172132.87,168504.44,11.9,12.46,657,641,28.6,10.0
"17512",28,18,2,5467.82,5432.27,40.8,41.22,102,102,10.0,1.0
"17513",71,3,0,1158.80,1158.80,203.0,203.53,18,18,0.0,0.0
"17514",127,2,0,522.00,522.00,541.0,541.07,72,68,0.0,0.0
"17515",30,9,0,1602.51,1602.51,64.5,64.88,91,90,0.0,0.0
"17516",14,6,0,947.50,947.50,72.4,72.63,150,143,0.0,0.0
"17517",308,1,0,153.94,153.94,NULL,NULL,11,11,0.0,0.0
"17518",425,2,0,329.42,329.42,195.0,195.96,71,71,0.0,0.0
"17519",16,15,1,4774.17,4769.22,51.1,51.52,142,137,6.3,0.5
"17520",53,1,0,546.81,546.81,NULL,NULL,30,30,0.0,0.0
"17521",23,5,1,1278.06,1276.81,100.5,101.25,65,64,16.7,1.3
"17522",1,5,0,1066.15,1066.15,53.8,54.21,58,55,0.0,0.0
"17523",10,4,0,652.74,652.74,2.3,2.66,25,25,0.0,0.0
"17524",360,3,1,539.14,508.90,38.0,38.46,37,37,25.0,4.4
"17525",359,3,0,1161.90,1161.90,34.5,34.56,19,19,0.0,0.0
"17526",0,12,4,3939.24,3450.04,64.8,65.25,67,67,25.0,4.2
"17527",53,4,2,939.37,888.86,54.3,54.98,45,45,33.3,4.1
"17528",0,8,3,3628.50,3540.10,9.6,10.00,183,182,27.3,2.7
"17529",609,2,0,1240.25,1240.25,87.0,87.22,78,77,0.0,0.0
"17530",0,12,1,2787.10,2786.15,66.3,66.55,358,347,7.7,0.2
"17531",189,3,5,1266.82,1194.47,213.5,214.13,54,54,62.5,9.4
"17532",385,1,0,65.34,65.34,NULL,NULL,4,4,0.0,0.0
"17533",434,1,0,34.80,34.80,NULL,NULL,1,1,0.0,0.0
"17534",53,5,0,1668.83,1668.83,149.3,149.71,76,74,0.0,0.0
"17535",279,1,0,164.40,164.40,NULL,NULL,13,13,0.0,0.0
"17536",176,3,0,364.83,364.83,252.5,252.53,16,14,0.0,0.0
"17537",29,2,0,887.67,887.67,273.0,273.89,74,58,0.0,0.0
"17538",25,1,0,98.42,98.42,NULL,NULL,9,9,0.0,0.0
"17539",626,3,2,1161.84,997.34,48.5,49.06,131,127,40.0,1.4
"17540",8,6,1,1590.60,1582.10,114.6,115.02,41,41,14.3,1.5
"17541",509,1,0,119.86,119.86,NULL,NULL,31,30,0.0,0.0
"17542",269,3,0,340.85,340.85,185.5,185.99,57,52,0.0,0.0
"17543",549,1,0,120.05,120.05,NULL,NULL,13,13,0.0,0.0
"17544",389,3,0,944.82,944.82,0.0,0.01,80,73,0.0,0.0
"17545",42,6,0,1409.86,1409.86,106.6,106.83,204,200,0.0,0.0
"17547",371,2,2,727.85,692.35,289.0,289.80,22,21,50.0,13.9
"17548",217,4,2,731.26,486.48,53.7,54.27,22,22,33.3,26.1
"17549",23,2,0,148.86,148.86,27.0,28.00,5,5,0.0,0.0
"17550",196,9,1,2506.64,2165.54,58.6,59.12,250,232,10.0,5.0
"17551",358,1,0,290.34,290.34,NULL,NULL,39,38,0.0,0.0
"17552",59,12,3,2786.77,2744.63,51.4,51.57,78,72,20.0,3.4
"17553",129,4,0,3757.60,3757.60,160.3,160.34,2,2,0.0,0.0
"17554",0,5,0,1952.45,1952.45,36.3,36.69,58,57,0.0,0.0
"17555",19,5,0,1045.74,1045.74,141.0,141.71,220,211,0.0,0.0
"17556",205,2,0,300.67,300.67,173.0,173.74,13,13,0.0,0.0
"17557",13,4,0,575.46,575.46,239.0,239.37,28,28,0.0,0.0
"17558",392,1,0,259.17,259.17,NULL,NULL,28,28,0.0,0.0
"17559",512,1,0,167.62,167.62,NULL,NULL,12,12,0.0,0.0
"17560",94,9,0,1895.80,1895.80,70.1,70.73,37,36,0.0,0.0
"17561",18,4,0,703.02,703.02,237.3,237.99,163,160,0.0,0.0
"17562",13,7,1,1122.38,1107.38,26.0,26.51,48,48,12.5,1.6
"17563",577,2,2,392.38,313.78,33.0,33.20,27,27,50.0,14.7
"17564",23,3,0,454.01,454.01,27.5,27.99,38,38,0.0,0.0
"17565",586,1,0,131.83,131.83,NULL,NULL,30,30,0.0,0.0
"17566",7,2,0,869.77,869.77,17.0,17.26,113,113,0.0,0.0
"17567",6,9,2,4838.08,4519.16,53.9,54.28,128,126,18.2,5.8
"17568",632,1,0,374.45,374.45,NULL,NULL,61,58,0.0,0.0
"17569",331,1,0,344.14,344.14,NULL,NULL,29,28,0.0,0.0
"17571",49,5,0,1629.66,1629.66,122.8,123.03,289,282,0.0,0.0
"17572",70,10,0,652.21,652.21,72.1,72.59,14,14,0.0,0.0
"17573",28,3,1,380.60,362.90,31.5,32.05,24,24,25.0,3.8
"17574",242,1,0,185.65,185.65,NULL,NULL,8,8,0.0,0.0
"17575",666,1,0,171.70,171.70,NULL,NULL,5,5,0.0,0.0
"17576",7,41,4,8705.60,8534.45,17.8,18.20,416,404,8.9,0.8
"17577",644,2,0,348.75,348.75,23.0,23.12,20,20,0.0,0.0
"17578",190,7,3,1047.33,1003.73,51.5,51.88,57,57,30.0,7.1
"17579",4,4,1,753.28,744.58,190.7,191.31,89,84,20.0,2.1
"17580",252,5,0,538.07,538.07,41.8,42.48,77,69,0.0,0.0
"17581",0,43,9,17951.17,17543.99,17.3,17.52,387,373,17.3,3.3
"17582",235,5,1,1446.95,1429.95,96.3,96.76,92,92,16.7,0.8
"17583",559,1,0,135.95,135.95,NULL,NULL,7,6,0.0,0.0
"17584",6,6,1,5309.42,5294.42,135.0,135.27,85,85,14.3,0.8
"17585",108,7,0,2064.71,2064.71,61.2,61.48,295,286,0.0,0.0
"17586",618,1,0,167.40,167.40,NULL,NULL,8,8,0.0,0.0
"17587",627,1,0,173.76,173.76,NULL,NULL,41,38,0.0,0.0
"17588",99,7,2,2939.55,2901.65,89.0,89.51,35,32,22.2,5.3
"17589",59,18,3,13806.27,13661.22,33.8,34.24,600,583,14.3,0.8
"17590",1,3,0,1466.77,1466.77,18.5,18.98,161,160,0.0,0.0
"17591",72,8,1,2339.32,2328.37,87.7,88.27,93,93,11.1,0.6
"17592",738,1,1,148.30,0.00,NULL,NULL,13,5,50.0,50.0
"17593",3,11,4,8092.32,8040.52,72.7,73.18,311,290,26.7,2.4
"17594",84,4,0,2497.88,2497.88,172.7,173.11,70,67,0.0,0.0
"17595",11,2,0,386.69,386.69,24.0,24.99,68,68,0.0,0.0
"17596",22,13,1,4491.46,4478.11,58.0,58.42,274,258,7.1,0.4
"17597",213,5,2,3484.09,3425.29,91.8,92.46,109,105,28.6,4.5
"17598",380,1,0,409.98,409.98,NULL,NULL,10,10,0.0,0.0
"17599",464,1,2,52.05,44.55,NULL,NULL,3,3,66.7,40.0
"17600",17,1,0,161.67,161.67,NULL,NULL,13,12,0.0,0.0
"17601",238,2,0,412.66,412.66,141.0,141.15,68,68,0.0,0.0
"17602",1,14,4,7354.43,7240.73,46.8,47.45,450,429,22.2,1.1
"17603",49,4,4,1788.38,1671.18,216.7,217.06,104,100,50.0,5.4
"17604",216,6,0,942.38,942.38,92.0,92.81,142,132,0.0,0.0
"17605",589,1,0,160.75,160.75,NULL,NULL,13,13,0.0,0.0
"17606",736,1,0,87.30,87.30,NULL,NULL,6,6,0.0,0.0
"17607",375,1,0,333.81,333.81,NULL,NULL,22,22,0.0,0.0
"17608",32,4,0,488.06,488.06,191.0,191.33,134,127,0.0,0.0
"17609",40,11,3,1875.36,1740.01,56.4,56.88,316,303,21.4,0.8
"17610",539,5,3,1511.94,1410.29,48.0,48.25,114,108,37.5,8.9
"17611",3,28,6,8287.53,8149.93,26.6,27.07,721,666,17.6,0.7
"17612",52,18,13,5394.86,5168.28,39.0,39.36,213,205,41.9,6.8
"17613",22,14,3,4544.55,4494.77,21.4,21.77,211,208,17.6,2.2
"17614",56,1,0,386.32,386.32,NULL,NULL,97,91,0.0,0.0
"17615",129,6,1,721.80,714.30,70.4,71.01,47,46,14.3,1.8
"17616",173,4,0,734.40,734.40,92.0,92.66,1,1,0.0,0.0
"17617",558,1,1,385.19,227.14,NULL,NULL,18,18,50.0,10.0
"17618",5,11,2,4001.64,3976.34,67.4,67.90,202,190,15.4,1.4
"17619",311,1,0,214.37,214.37,NULL,NULL,71,68,0.0,0.0
"17620",59,1,0,81.44,81.44,NULL,NULL,4,4,0.0,0.0
"17621",20,6,2,3175.12,3029.32,81.6,82.06,61,61,25.0,2.9
"17622",596,2,1,1130.21,1125.17,0.0,0.96,19,19,33.3,2.6
"17623",32,7,0,2365.77,2365.77,115.0,115.48,130,128,0.0,0.0
"17624",14,4,0,1568.63,1568.63,234.7,234.98,91,91,0.0,0.0
"17625",17,8,0,5978.90,5978.90,100.4,100.87,429,403,0.0,0.0
"17626",602,1,0,254.00,254.00,NULL,NULL,18,18,0.0,0.0
"17627",478,1,1,296.36,285.11,NULL,NULL,10,10,50.0,9.1
"17628",80,1,0,75.75,75.75,NULL,NULL,5,5,0.0,0.0
"17629",5,10,1,2455.52,2425.52,45.8,46.21,129,129,9.1,0.6
"17630",169,2,0,503.60,503.60,62.0,62.91,24,24,0.0,0.0
"17631",1,7,0,998.49,998.49,121.0,121.47,66,66,0.0,0.0
"17633",30,7,2,2057.39,1974.89,59.3,59.66,84,83,22.2,1.9
"17634",35,9,0,2358.59,2358.59,37.1,37.63,209,201,0.0,0.0
"17635",423,3,1,1265.58,1256.83,82.5,83.09,60,60,25.0,1.3
"17636",8,1,1,285.56,265.93,NULL,NULL,20,20,50.0,16.7
"17637",30,2,0,547.06,547.06,83.0,83.98,35,35,0.0,0.0
"17638",646,2,0,842.40,842.40,74.0,74.19,2,2,0.0,0.0
"17639",275,6,0,615.17,615.17,41.0,41.43,59,58,0.0,0.0
"17640",86,6,2,3168.94,3107.59,107.6,108.00,48,48,25.0,2.9
"17642",119,5,0,1824.49,1824.49,153.0,153.68,88,85,0.0,0.0
"17643",372,2,0,439.70,439.70,132.0,132.06,30,30,0.0,0.0
"17644",0,20,8,6028.60,5864.54,34.3,34.75,160,149,28.6,4.9
"17646",218,12,4,3898.79,3843.16,45.4,45.83,124,121,25.0,4.4
"17647",64,3,0,331.66,331.66,302.0,302.02,12,12,0.0,0.0
"17648",60,5,1,2216.37,2208.42,80.8,81.18,114,114,16.7,0.8
"17649",134,3,2,1578.89,1542.44,166.5,167.06,88,86,40.0,3.0
"17650",20,1,0,166.08,166.08,NULL,NULL,8,8,0.0,0.0
"17651",11,16,5,5703.52,5635.05,33.9,34.33,198,192,23.8,2.4
"17652",24,12,6,4867.72,4737.13,22.8,23.27,118,117,33.3,4.1
"17653",28,4,1,1207.56,1175.88,27.3,27.96,44,44,20.0,12.0
"17654",276,1,0,117.55,117.55,NULL,NULL,22,22,0.0,0.0
"17655",10,9,1,2976.38,2909.18,50.1,50.76,75,75,10.0,1.8
"17656",72,5,0,1674.69,1674.69,13.5,13.77,67,67,0.0,0.0
"17657",429,1,0,126.00,126.00,NULL,NULL,7,7,0.0,0.0
"17658",10,2,1,595.42,485.88,185.0,185.86,17,15,33.3,17.4
"17659",3,14,3,3586.99,3536.33,27.9,28.38,150,150,17.6,2.0
"17660",140,2,0,342.22,342.22,595.0,595.90,75,72,0.0,0.0
"17662",661,2,0,412.92,412.92,60.0,60.99,14,14,0.0,0.0
"17663",25,17,6,5175.83,5081.04,38.3,38.74,153,148,26.1,4.4
"17664",18,4,0,1166.23,1166.23,200.0,200.59,68,68,0.0,0.0
"17665",492,1,0,563.10,563.10,NULL,NULL,19,19,0.0,0.0
"17666",3,5,0,2047.80,2047.80,130.3,130.97,30,29,0.0,0.0
"17667",65,9,3,3950.70,3883.80,73.0,73.52,140,136,25.0,1.3
"17668",0,2,0,347.75,347.75,36.0,36.94,14,14,0.0,0.0
"17669",42,10,0,6142.35,6142.35,63.1,63.84,85,83,0.0,0.0
"17670",227,1,0,205.70,205.70,NULL,NULL,11,11,0.0,0.0
"17671",15,5,2,2009.16,1720.53,89.8,90.00,54,53,28.6,9.6
"17672",43,6,2,5663.74,5592.19,117.8,118.21,178,176,25.0,2.4
"17673",0,13,2,4173.88,4156.63,52.0,52.41,195,179,13.3,0.4
"17674",73,2,0,551.04,551.04,294.0,294.14,19,19,0.0,0.0
"17675",0,70,19,37642.48,37067.02,10.1,10.55,345,340,21.3,3.0
"17676",3,10,2,2448.64,2409.73,67.9,68.35,85,83,16.7,2.6
"17677",1,54,36,35058.46,34233.35,13.3,13.62,346,335,40.0,6.5
"17678",263,2,1,599.76,579.81,339.0,339.92,27,27,33.3,3.4
"17679",52,7,4,3577.61,3166.56,113.5,113.93,70,70,36.4,22.9
"17680",23,3,1,497.45,462.50,243.0,243.93,20,20,25.0,4.8
"17681",596,5,1,731.20,529.60,23.8,24.06,12,12,16.7,6.7
"17682",9,11,1,4065.28,4050.28,62.8,63.13,85,84,8.3,0.5
"17683",385,3,0,819.01,819.01,83.5,84.35,41,41,0.0,0.0
"17684",43,1,0,239.41,239.41,NULL,NULL,15,15,0.0,0.0
"17685",16,12,2,5454.95,5439.95,58.6,59.08,124,120,14.3,1.0
"17686",6,9,0,8296.81,8296.81,65.4,65.78,283,276,0.0,0.0
"17687",420,1,0,432.68,432.68,NULL,NULL,26,26,0.0,0.0
"17688",374,1,1,304.20,286.50,NULL,NULL,19,19,50.0,5.0
"17689",387,2,0,317.08,317.08,85.0,85.98,17,17,0.0,0.0
"17690",29,20,1,6963.80,6954.30,33.4,33.90,237,232,4.8,0.6
"17691",357,4,1,637.55,627.35,62.3,62.74,37,37,20.0,2.3
"17692",126,12,2,2960.44,2947.04,37.0,37.56,89,88,14.3,1.2
"17693",135,1,2,200.47,187.02,NULL,NULL,16,16,66.7,11.1
"17694",141,3,0,1695.97,1695.97,210.5,210.57,54,52,0.0,0.0
"17695",131,5,1,1746.04,1720.54,136.8,137.26,46,46,16.7,1.6
"17696",37,27,21,7679.59,7380.89,26.1,26.57,191,179,43.8,8.8
"17697",235,1,0,338.95,338.95,NULL,NULL,19,19,0.0,0.0
"17698",260,1,0,154.95,154.95,NULL,NULL,8,8,0.0,0.0
"17699",476,2,0,442.00,442.00,84.0,84.91,17,17,0.0,0.0
"17700",16,14,3,6679.97,6640.72,55.2,55.54,259,237,17.6,1.4
"17701",252,1,0,417.95,417.95,NULL,NULL,24,24,0.0,0.0
"17702",29,6,3,3144.04,2999.94,73.6,74.03,120,114,33.3,6.1
"17703",34,4,0,1094.84,1094.84,127.3,127.66,63,63,0.0,0.0
"17704",168,2,0,885.19,885.19,71.0,71.01,27,27,0.0,0.0
"17705",2,11,1,2083.90,2041.50,56.8,57.32,74,72,8.3,4.0
"17706",3,31,12,20272.15,19066.07,22.5,22.84,408,399,27.9,4.8
"17707",184,8,1,609.30,605.05,77.7,78.16,9,9,11.1,4.0
"17708",187,4,0,884.18,884.18,78.3,78.64,57,56,0.0,0.0
"17709",169,5,0,671.01,671.01,107.8,108.47,37,37,0.0,0.0
"17710",423,1,0,293.50,293.50,NULL,NULL,20,20,0.0,0.0
"17711",10,2,0,385.10,385.10,279.0,279.01,22,22,0.0,0.0
"17712",44,1,0,522.91,522.91,NULL,NULL,29,29,0.0,0.0
"17713",381,4,0,1198.09,1198.09,55.3,55.43,55,52,0.0,0.0
"17714",320,5,4,1410.18,1376.58,48.0,48.25,69,68,44.4,4.7
"17715",200,2,0,489.60,489.60,392.0,392.01,1,1,0.0,0.0
"17716",22,24,3,15956.97,15671.32,30.7,31.08,334,330,11.1,2.1
"17717",420,1,0,376.92,376.92,NULL,NULL,26,26,0.0,0.0
"17718",231,2,1,439.18,386.98,412.0,412.23,22,22,33.3,4.2
"17719",37,15,3,5396.04,5367.80,14.9,15.57,111,109,16.7,1.4
"17720",25,10,2,2666.91,2613.06,60.9,61.36,81,81,16.7,2.2
"17721",658,1,0,307.21,307.21,NULL,NULL,11,11,0.0,0.0
"17722",95,5,2,3520.22,3476.82,69.5,69.81,163,158,28.6,2.8
"17723",126,7,0,3378.40,3378.40,41.0,41.39,6,5,0.0,0.0
"17724",57,3,1,1033.00,995.65,33.5,33.54,38,38,25.0,11.1
"17725",15,11,3,3439.08,3371.13,24.5,25.09,115,110,21.4,3.0
"17726",394,7,1,1092.06,1089.56,47.5,47.82,52,50,12.5,1.5
"17727",8,1,1,1060.25,1042.55,NULL,NULL,66,66,50.0,1.5
"17728",3,5,2,4238.76,4206.16,112.0,112.44,196,194,28.6,2.4
"17729",595,1,0,438.65,438.65,NULL,NULL,23,23,0.0,0.0
"17730",2,20,3,7773.80,7757.35,30.4,30.85,177,169,13.0,0.9
"17731",78,6,1,1708.99,1347.08,117.6,117.82,82,80,14.3,13.9
"17732",372,8,2,2166.42,2144.17,16.1,16.43,90,90,20.0,2.4
"17733",38,2,0,692.19,692.19,222.0,222.93,33,32,0.0,0.0
"17734",53,6,0,1442.32,1442.32,117.2,117.79,76,74,0.0,0.0
"17735",1,26,3,16790.33,16707.98,19.2,19.81,391,383,10.3,0.6
"17736",8,3,1,377.44,337.49,51.5,52.02,24,24,25.0,3.8
"17737",8,2,0,168.24,168.24,49.0,49.02,8,8,0.0,0.0
"17738",18,13,2,4183.56,4145.36,50.7,50.93,173,167,13.3,1.3
"17739",11,18,2,7730.59,7718.14,42.1,42.41,56,55,10.0,2.0
"17740",388,6,0,426.90,426.90,61.2,61.63,5,4,0.0,0.0
"17741",406,2,0,101.10,101.10,153.0,153.99,6,6,0.0,0.0
"17742",112,11,0,2098.48,2098.48,62.0,62.51,52,51,0.0,0.0
"17743",441,1,1,229.20,208.85,NULL,NULL,3,3,50.0,40.0
"17744",3,7,0,2649.14,2649.14,62.5,62.85,121,113,0.0,0.0
"17745",477,2,0,600.34,600.34,78.0,78.14,27,26,0.0,0.0
"17746",234,4,3,904.18,873.43,123.3,123.36,32,32,42.9,10.0
"17747",99,1,1,71.40,64.65,NULL,NULL,1,1,50.0,50.0
"17748",526,1,0,358.15,358.15,NULL,NULL,17,17,0.0,0.0
"17749",177,3,0,1026.18,1026.18,183.5,184.02,52,51,0.0,0.0
"17750",4,9,0,1694.16,1694.16,19.3,19.87,100,85,0.0,0.0
"17751",420,1,0,157.86,157.86,NULL,NULL,31,30,0.0,0.0
"17752",358,1,0,80.64,80.64,NULL,NULL,1,1,0.0,0.0
"17753",463,4,1,382.06,379.56,79.0,79.35,63,61,20.0,1.4
"17754",0,13,3,4451.22,4383.08,60.2,60.65,185,169,18.8,1.8
"17756",375,3,0,728.75,728.75,8.5,9.49,54,54,0.0,0.0
"17757",0,56,4,9070.10,8990.49,12.1,12.62,361,355,6.7,0.4
"17758",18,12,0,4964.03,4964.03,49.5,49.91,403,382,0.0,0.0
"17759",16,5,0,1260.63,1260.63,141.3,141.55,113,113,0.0,0.0
"17760",21,6,1,746.39,739.14,125.2,125.59,58,58,14.3,1.5
"17761",32,1,0,712.78,712.78,NULL,NULL,19,19,0.0,0.0
"17762",455,1,0,129.75,129.75,NULL,NULL,16,16,0.0,0.0
"17763",262,4,1,86.15,51.15,131.7,132.00,11,11,20.0,30.0
"17764",50,5,0,1513.57,1513.57,171.0,171.46,126,123,0.0,0.0
"17765",158,4,0,524.00,524.00,96.3,96.67,71,71,0.0,0.0
"17766",380,2,0,299.61,299.61,0.0,0.01,21,21,0.0,0.0
"17767",14,2,0,413.05,413.05,394.0,394.93,35,33,0.0,0.0
"17768",7,7,1,3292.73,3287.78,121.2,121.51,134,133,12.5,0.5
"17769",12,17,4,7053.38,6944.96,41.7,42.31,330,326,19.0,2.0
"17770",198,5,0,1143.27,1143.27,20.5,20.99,33,29,0.0,0.0
"17771",56,4,0,386.93,386.93,177.0,177.64,62,62,0.0,0.0
"17772",10,3,0,360.75,360.75,190.5,190.99,94,94,0.0,0.0
"17773",513,2,0,575.37,575.37,175.0,175.98,48,44,0.0,0.0
"17774",96,9,2,3272.83,3259.39,71.0,71.61,285,274,18.2,0.5
"17775",254,1,0,56.40,56.40,NULL,NULL,3,3,0.0,0.0
"17776",386,2,1,329.30,322.55,336.0,336.89,73,71,33.3,1.3
"17777",24,3,0,647.56,647.56,37.0,37.95,141,139,0.0,0.0
"17778",661,1,0,197.70,197.70,NULL,NULL,10,10,0.0,0.0
"17779",20,3,2,650.32,633.92,60.5,61.04,73,71,40.0,2.4
"17780",666,3,0,346.56,346.56,8.5,8.55,76,62,0.0,0.0
"17781",158,2,0,188.02,188.02,93.0,93.84,12,12,0.0,0.0
"17782",382,2,0,679.02,679.02,0.0,0.05,29,29,0.0,0.0
"17783",71,3,0,376.96,376.96,219.5,220.07,91,90,0.0,0.0
"17784",549,1,0,112.86,112.86,NULL,NULL,19,16,0.0,0.0
"17785",52,3,0,403.38,403.38,255.5,256.01,48,47,0.0,0.0
"17786",84,2,0,266.85,266.85,231.0,231.93,57,54,0.0,0.0
"17787",152,4,0,1817.54,1817.54,72.0,72.97,94,91,0.0,0.0
"17788",73,2,0,1112.95,1112.95,55.0,55.98,2,2,0.0,0.0
"17789",280,2,0,397.15,397.15,379.0,380.00,27,25,0.0,0.0
"17790",26,20,0,2779.41,2779.41,26.7,27.26,188,178,0.0,0.0
"17791",29,1,0,106.10,106.10,NULL,NULL,10,10,0.0,0.0
"17792",466,2,0,368.35,368.35,11.0,11.06,45,44,0.0,0.0
"17793",24,1,0,300.34,300.34,NULL,NULL,49,49,0.0,0.0
"17794",686,2,0,147.30,147.30,1.0,1.92,7,7,0.0,0.0
"17795",179,2,0,342.83,342.83,85.0,85.02,43,41,0.0,0.0
"17796",39,7,0,1236.39,1236.39,63.2,63.51,149,147,0.0,0.0
"17797",21,8,0,1971.87,1971.87,99.9,100.28,222,218,0.0,0.0
"17798",581,1,0,172.17,172.17,NULL,NULL,42,42,0.0,0.0
"17799",21,20,3,6246.93,6121.78,36.6,37.05,478,449,13.0,0.8
"17800",36,9,0,1186.21,1186.21,36.6,37.12,50,49,0.0,0.0
"17801",450,3,1,770.03,767.48,120.0,120.06,66,57,25.0,1.2
"17802",81,10,6,4946.22,4808.94,71.2,71.56,283,259,37.5,3.5
"17803",391,1,0,184.66,184.66,NULL,NULL,27,24,0.0,0.0
"17804",375,3,0,383.78,383.78,181.0,181.03,82,81,0.0,0.0
"17805",73,2,0,927.03,927.03,536.0,536.88,10,10,0.0,0.0
"17806",10,1,0,546.04,546.04,NULL,NULL,43,43,0.0,0.0
"17807",394,3,0,437.87,437.87,154.5,154.55,88,85,0.0,0.0
"17808",548,4,0,262.64,262.64,10.0,10.92,29,26,0.0,0.0
"17809",15,20,3,10085.89,10014.58,37.5,37.94,59,55,13.0,3.0
"17810",668,2,0,343.21,343.21,15.0,15.01,50,48,0.0,0.0
"17811",3,47,13,9513.10,9351.83,9.1,9.59,537,521,21.7,1.9
"17812",12,7,0,911.99,911.99,85.7,86.32,162,161,0.0,0.0
"17813",13,5,2,1698.07,1641.79,14.0,14.25,297,288,28.6,2.0
"17814",374,2,0,1609.37,1609.37,47.0,47.01,112,106,0.0,0.0
"17815",392,1,0,591.96,591.96,NULL,NULL,13,13,0.0,0.0
"17816",36,6,0,96.11,96.11,137.0,137.57,41,41,0.0,0.0
"17817",3,6,1,788.15,781.45,83.2,83.60,115,112,14.3,1.5
"17818",737,1,0,124.78,124.78,NULL,NULL,42,38,0.0,0.0
"17819",71,12,1,6021.05,5977.25,59.0,59.53,66,65,7.7,1.1
"17820",190,1,2,180.61,156.56,NULL,NULL,39,39,66.7,10.9
"17821",405,1,0,334.62,334.62,NULL,NULL,6,6,0.0,0.0
"17822",419,5,0,2154.08,2154.08,35.0,35.02,151,144,0.0,0.0
"17823",420,2,0,449.25,449.25,0.0,0.01,88,82,0.0,0.0
"17824",50,1,0,298.40,298.40,NULL,NULL,13,13,0.0,0.0
"17825",598,4,0,701.96,701.96,42.0,42.33,24,24,0.0,0.0
"17826",373,1,0,133.34,133.34,NULL,NULL,33,33,0.0,0.0
"17827",4,6,1,2376.17,2369.42,122.8,123.22,240,228,14.3,0.4
"17828",8,4,4,1165.09,1074.97,53.7,54.00,53,48,50.0,17.9
"17829",298,5,1,4756.74,4680.42,88.8,89.22,121,120,16.7,0.6
"17830",1,3,0,398.70,398.70,143.5,143.55,18,17,0.0,0.0
"17831",32,1,0,35.40,35.40,NULL,NULL,2,2,0.0,0.0
"17832",49,1,0,155.37,155.37,NULL,NULL,61,49,0.0,0.0
"17833",722,1,0,338.46,338.46,NULL,NULL,28,27,0.0,0.0
"17834",414,2,0,689.67,689.67,30.0,30.86,54,54,0.0,0.0
"17835",2,3,0,342.24,342.24,10.0,10.40,45,44,0.0,0.0
"17836",46,1,0,109.83,109.83,NULL,NULL,22,22,0.0,0.0
"17837",41,8,2,1535.33,1502.48,16.9,17.28,109,99,20.0,1.8
"17838",26,13,2,5604.64,5134.49,49.8,50.34,141,140,13.3,6.3
"17839",41,1,0,318.15,318.15,NULL,NULL,50,50,0.0,0.0
"17840",443,1,0,175.90,175.90,NULL,NULL,44,43,0.0,0.0
"17841",1,211,76,68508.15,67275.26,3.0,3.50,2114,1923,26.5,1.6
"17842",601,1,0,430.69,430.69,NULL,NULL,18,18,0.0,0.0
"17843",302,2,0,312.65,312.65,108.0,108.19,57,53,0.0,0.0
"17844",106,1,0,51.56,51.56,NULL,NULL,5,5,0.0,0.0
"17845",554,4,0,596.09,596.09,7.0,7.03,42,42,0.0,0.0
"17847",515,2,0,125.74,125.74,129.0,129.88,8,8,0.0,0.0
"17848",80,30,1,3538.46,3525.71,22.0,22.49,104,103,3.2,0.6
"17849",217,8,0,1063.76,1063.76,59.3,59.56,24,24,0.0,0.0
"17850",301,155,4,51208.87,50407.77,2.3,2.35,100,92,2.5,1.1
"17851",421,6,0,1552.35,1552.35,62.2,62.78,185,180,0.0,0.0
"17852",11,5,0,657.81,657.81,179.8,180.00,82,81,0.0,0.0
"17853",406,3,0,1596.29,1596.29,164.0,164.51,84,76,0.0,0.0
"17854",184,6,0,1068.50,1068.50,108.8,109.24,113,109,0.0,0.0
"17855",372,1,0,208.97,208.97,NULL,NULL,17,17,0.0,0.0
"17856",1,4,2,1418.03,1393.79,92.7,93.31,12,12,33.3,11.8
"17857",2,23,2,25769.54,25653.84,28.5,28.96,20,20,8.0,3.8
"17858",5,30,1,12518.65,12458.65,24.6,25.10,173,154,3.2,0.3
"17859",304,1,0,141.92,141.92,NULL,NULL,23,23,0.0,0.0
"17860",368,4,0,717.39,717.39,119.3,119.94,127,122,0.0,0.0
"17861",2,18,4,5088.29,5025.19,42.3,42.72,329,314,18.2,0.9
"17862",323,4,0,1254.89,1254.89,79.7,79.93,90,88,0.0,0.0
"17863",58,12,0,5360.48,5360.48,53.5,53.92,154,154,0.0,0.0
"17864",12,5,0,876.57,876.57,103.3,103.74,93,93,0.0,0.0
"17865",30,46,16,26310.09,25584.75,15.4,15.73,390,374,25.8,4.2
"17866",142,3,1,1134.95,1131.00,290.5,291.40,20,20,25.0,3.7
"17867",29,14,5,1560.72,835.22,54.0,54.39,117,114,26.3,14.7
"17868",385,1,0,227.15,227.15,NULL,NULL,18,18,0.0,0.0
"17869",106,7,0,813.64,813.64,73.0,73.35,72,68,0.0,0.0
"17870",1,13,1,2753.29,2748.34,31.3,31.60,215,207,7.1,0.4
"17871",204,5,0,1068.95,1068.95,121.8,122.22,64,60,0.0,0.0
"17872",381,1,0,235.87,235.87,NULL,NULL,15,15,0.0,0.0
"17873",79,18,2,6135.95,5849.63,37.5,37.83,64,62,10.0,5.1
"17874",184,6,1,683.46,658.26,13.8,14.01,37,31,14.3,2.1
"17875",687,1,0,167.10,167.10,NULL,NULL,25,24,0.0,0.0
"17876",399,3,0,3424.02,3424.02,137.5,137.96,3,3,0.0,0.0
"17877",169,1,0,237.61,237.61,NULL,NULL,12,12,0.0,0.0
"17878",43,3,0,1378.93,1378.93,175.5,175.95,82,81,0.0,0.0
"17879",173,1,0,178.52,178.52,NULL,NULL,6,6,0.0,0.0
"17880",364,3,0,824.92,824.92,182.0,182.88,43,43,0.0,0.0
"17881",303,1,0,133.35,133.35,NULL,NULL,8,8,0.0,0.0
"17882",378,2,0,291.56,291.56,0.0,0.00,47,47,0.0,0.0
"17883",2,7,1,988.42,972.52,107.8,108.15,155,153,12.5,0.6
"17884",3,20,3,2693.47,2649.47,38.1,38.52,304,288,13.0,1.7
"17885",11,1,0,156.34,156.34,NULL,NULL,50,50,0.0,0.0
"17886",31,6,1,1572.55,1562.60,110.8,111.59,138,137,14.3,0.6
"17887",128,1,0,111.35,111.35,NULL,NULL,10,10,0.0,0.0
"17888",18,25,5,1807.44,1312.31,28.5,29.04,145,140,16.7,20.8
"17889",211,7,0,746.42,746.42,67.3,67.71,97,94,0.0,0.0
"17890",322,2,0,586.89,586.89,38.0,38.84,88,78,0.0,0.0
"17891",161,1,0,203.86,203.86,NULL,NULL,34,34,0.0,0.0
"17892",55,3,0,244.10,244.10,49.5,49.58,27,27,0.0,0.0
"17893",224,1,0,107.21,107.21,NULL,NULL,15,15,0.0,0.0
"17894",71,18,2,2304.16,2248.44,22.8,23.40,214,200,10.0,2.0
"17895",43,1,0,95.45,95.45,NULL,NULL,15,15,0.0,0.0
"17896",22,1,0,256.32,256.32,NULL,NULL,2,2,0.0,0.0
"17897",172,9,1,2053.04,2027.54,50.0,50.48,210,202,10.0,0.4
"17898",84,4,0,299.18,299.18,160.0,160.63,48,48,0.0,0.0
"17899",158,1,0,154.55,154.55,NULL,NULL,29,28,0.0,0.0
"17900",164,2,2,112.20,15.00,0.0,0.01,4,4,50.0,45.5
"17901",28,3,0,260.08,260.08,246.0,246.14,22,22,0.0,0.0
"17902",546,1,0,216.40,216.40,NULL,NULL,24,24,0.0,0.0
"17903",393,1,0,381.09,381.09,NULL,NULL,44,43,0.0,0.0
"17904",20,1,1,181.07,168.32,NULL,NULL,33,33,50.0,2.9
"17905",70,13,1,2168.37,2159.07,50.3,50.75,128,122,7.1,0.7
"17906",246,1,0,72.90,72.90,NULL,NULL,12,12,0.0,0.0
"17907",640,1,0,291.76,291.76,NULL,NULL,13,13,0.0,0.0
"17908",373,5,2,1142.47,1088.82,87.5,87.99,178,171,28.6,1.4
"17909",736,1,0,110.05,110.05,NULL,NULL,8,7,0.0,0.0
"17910",725,1,0,261.70,261.70,NULL,NULL,25,24,0.0,0.0
"17911",8,1,0,366.23,366.23,NULL,NULL,39,36,0.0,0.0
"17912",309,6,1,371.60,356.20,12.6,13.00,47,45,14.3,3.9
"17913",58,14,0,3425.09,3425.09,51.7,52.15,223,218,0.0,0.0
"17914",3,1,0,329.36,329.36,NULL,NULL,72,72,0.0,0.0
"17915",550,1,0,225.78,225.78,NULL,NULL,27,27,0.0,0.0
"17916",628,2,0,43.87,43.87,104.0,104.93,15,10,0.0,0.0
"17917",44,3,0,335.03,335.03,158.0,158.53,77,75,0.0,0.0
"17918",500,3,0,388.44,388.44,2.0,2.45,33,30,0.0,0.0
"17919",87,2,0,1840.32,1840.32,350.0,350.13,37,37,0.0,0.0
"17920",3,54,2,23569.88,23563.33,13.3,13.76,714,678,3.6,0.2
"17921",63,10,2,2394.36,2354.21,49.2,49.77,230,224,16.7,0.6
"17922",542,1,0,170.40,170.40,NULL,NULL,8,8,0.0,0.0
"17923",281,3,0,497.00,497.00,130.5,131.03,2,2,0.0,0.0
"17924",0,8,6,3257.70,3189.53,57.1,57.55,27,26,42.9,17.5
"17925",372,1,0,244.08,244.08,NULL,NULL,1,1,0.0,0.0
"17926",132,5,0,1035.49,1035.49,111.0,111.51,27,27,0.0,0.0
"17927",721,1,0,294.00,294.00,NULL,NULL,10,10,0.0,0.0
"17928",44,3,0,313.16,313.16,262.5,262.97,26,26,0.0,0.0
"17929",10,12,1,3082.10,3073.60,65.0,65.38,6,6,7.7,6.3
"17930",35,13,2,4275.22,4242.92,50.3,50.83,39,39,13.3,3.3
"17931",133,14,4,3402.24,3270.91,40.1,40.55,274,265,22.2,1.7
"17932",28,3,0,1331.57,1331.57,90.5,91.12,84,83,0.0,0.0
"17933",631,1,0,105.99,105.99,NULL,NULL,11,10,0.0,0.0
"17934",51,3,0,1049.15,1049.15,177.0,177.48,36,35,0.0,0.0
"17935",137,7,1,683.24,652.64,99.0,99.49,59,58,12.5,3.1
"17936",4,1,0,380.13,380.13,NULL,NULL,68,68,0.0,0.0
"17937",8,7,0,4301.22,4301.22,58.7,58.98,19,19,0.0,0.0
"17938",419,1,0,144.29,144.29,NULL,NULL,29,28,0.0,0.0
"17939",159,1,0,99.14,99.14,NULL,NULL,12,12,0.0,0.0
"17940",48,14,0,28389.58,28389.58,52.4,52.85,9,9,0.0,0.0
"17941",130,4,0,1433.28,1433.28,190.0,190.57,5,5,0.0,0.0
"17942",7,1,0,77.50,77.50,NULL,NULL,2,2,0.0,0.0
"17944",422,1,0,74.99,74.99,NULL,NULL,24,23,0.0,0.0
"17945",696,3,0,359.50,359.50,0.0,0.00,65,63,0.0,0.0
"17946",232,2,0,149.58,149.58,26.0,26.10,18,18,0.0,0.0
"17947",36,1,0,176.68,176.68,NULL,NULL,9,9,0.0,0.0
"17948",146,1,0,358.56,358.56,NULL,NULL,1,1,0.0,0.0
"17949",0,116,12,107833.48,98469.06,6.1,6.40,56,56,9.4,10.5
"17950",71,7,1,1166.29,1156.21,104.8,105.32,133,126,12.5,0.6
"17951",39,4,1,1340.58,1322.88,121.0,121.63,24,24,20.0,3.4
"17952",377,4,0,788.46,788.46,54.3,54.36,85,82,0.0,0.0
"17953",539,1,0,148.67,148.67,NULL,NULL,19,18,0.0,0.0
"17954",4,19,7,3801.83,3697.19,39.8,40.28,478,451,26.9,1.6
"17955",198,6,0,949.90,949.90,93.0,93.36,16,16,0.0,0.0
"17956",248,1,0,12.75,12.75,NULL,NULL,1,1,0.0,0.0
"17957",65,1,0,110.72,110.72,NULL,NULL,30,30,0.0,0.0
"17958",116,2,0,973.88,973.88,611.0,611.86,35,33,0.0,0.0
"17959",591,1,0,140.75,140.75,NULL,NULL,2,2,0.0,0.0
"17960",170,3,0,135.08,135.08,234.5,235.04,37,37,0.0,0.0
"17961",20,100,2,2866.74,2850.29,6.8,7.24,486,459,2.0,0.3
"17962",141,4,1,665.91,651.51,184.0,184.32,145,131,20.0,1.1
"17963",470,4,0,643.16,643.16,72.0,72.65,98,94,0.0,0.0
"17964",31,2,0,463.21,463.21,340.0,340.88,84,83,0.0,0.0
"17965",37,29,4,7002.90,6879.70,24.1,24.57,587,546,12.1,1.1
"17966",37,10,0,1963.92,1963.92,72.2,72.54,82,82,0.0,0.0
"17967",371,2,0,223.42,223.42,44.0,44.92,59,59,0.0,0.0
"17968",373,4,0,590.44,590.44,46.0,46.30,106,99,0.0,0.0
"17969",165,20,7,2354.29,2235.54,29.3,29.84,113,100,25.9,6.8
"17970",210,1,0,562.79,562.79,NULL,NULL,27,25,0.0,0.0
"17971",547,1,0,161.94,161.94,NULL,NULL,21,18,0.0,0.0
"17972",241,1,0,135.19,135.19,NULL,NULL,30,28,0.0,0.0
"17973",51,1,0,337.04,337.04,NULL,NULL,15,15,0.0,0.0
"17974",24,6,0,1739.09,1739.09,76.0,76.53,279,268,0.0,0.0
"17975",14,24,2,6693.03,6591.88,20.0,20.66,242,237,7.7,0.4
"17976",371,1,0,321.79,321.79,NULL,NULL,56,50,0.0,0.0
"17977",28,2,1,1511.45,1453.55,370.0,370.96,94,88,33.3,1.9
"17978",364,4,0,1159.99,1159.99,121.7,122.01,62,60,0.0,0.0
"17979",35,4,1,729.01,709.11,74.3,74.67,115,115,20.0,0.7
"17980",165,4,0,1012.72,1012.72,75.3,75.96,41,40,0.0,0.0
"17981",410,1,0,239.12,239.12,NULL,NULL,17,17,0.0,0.0
"17982",680,1,0,138.18,138.18,NULL,NULL,13,13,0.0,0.0
"17983",394,1,0,171.71,171.71,NULL,NULL,23,23,0.0,0.0
"17984",144,5,0,1148.69,1148.69,147.8,148.29,208,203,0.0,0.0
"17985",21,1,0,631.35,631.35,NULL,NULL,20,15,0.0,0.0
"17986",55,1,0,20.80,20.80,NULL,NULL,1,1,0.0,0.0
"17987",184,5,1,965.44,889.92,91.0,91.28,139,122,16.7,1.8
"17988",11,13,1,485.69,475.74,59.7,60.07,114,113,7.1,0.8
"17989",378,1,0,207.33,207.33,NULL,NULL,26,26,0.0,0.0
"17990",236,6,1,1527.61,1522.57,98.6,99.17,40,38,14.3,1.7
"17991",224,3,0,298.65,298.65,182.5,183.07,36,36,0.0,0.0
"17992",388,1,0,252.88,252.88,NULL,NULL,49,49,0.0,0.0
"17993",616,1,0,225.99,225.99,NULL,NULL,60,57,0.0,0.0
"17994",121,11,3,2264.03,2213.58,49.5,49.90,226,216,21.4,1.3
"17995",281,3,0,495.48,495.48,52.0,52.91,28,28,0.0,0.0
"17996",379,3,0,469.73,469.73,83.0,83.48,62,58,0.0,0.0
"17997",73,8,4,1962.46,1520.47,12.1,12.85,133,126,33.3,6.8
"17998",379,3,1,639.24,601.74,178.5,179.05,57,56,25.0,1.7
"17999",36,3,0,528.46,528.46,170.5,170.56,125,122,0.0,0.0
"18000",563,1,0,124.25,124.25,NULL,NULL,6,6,0.0,0.0
"18001",11,6,0,924.14,924.14,144.4,145.00,120,119,0.0,0.0
"18002",375,4,0,237.62,237.62,118.0,118.66,51,47,0.0,0.0
"18003",375,1,0,353.51,353.51,NULL,NULL,23,23,0.0,0.0
"18004",361,1,0,157.92,157.92,NULL,NULL,32,32,0.0,0.0
"18005",3,2,0,226.47,226.47,43.0,43.88,52,52,0.0,0.0
"18006",22,4,0,969.51,969.51,232.7,233.06,57,55,0.0,0.0
"18007",392,1,0,215.22,215.22,NULL,NULL,46,46,0.0,0.0
"18008",69,23,0,19759.08,19759.08,28.2,28.73,77,73,0.0,0.0
"18009",234,8,6,2144.23,2065.48,59.1,59.58,145,134,42.9,3.8
"18010",256,1,0,174.80,174.80,NULL,NULL,14,14,0.0,0.0
"18011",372,2,0,410.79,410.79,194.0,194.17,63,46,0.0,0.0
"18012",722,1,0,115.30,115.30,NULL,NULL,13,13,0.0,0.0
"18013",154,2,0,187.29,187.29,0.0,0.00,31,31,0.0,0.0
"18014",27,1,0,154.27,154.27,NULL,NULL,28,28,0.0,0.0
"18015",3,1,0,120.03,120.03,NULL,NULL,46,45,0.0,0.0
"18016",31,7,0,1954.56,1954.56,107.5,108.15,115,115,0.0,0.0
"18017",80,4,0,688.00,688.00,116.3,116.68,1,1,0.0,0.0
"18018",107,4,1,297.99,156.69,103.7,104.09,43,42,20.0,8.3
"18019",51,1,0,38.45,38.45,NULL,NULL,5,4,0.0,0.0
"18020",543,1,1,190.48,129.28,NULL,NULL,12,11,50.0,14.3
"18021",509,2,0,216.41,216.41,2.0,2.67,32,28,0.0,0.0
"18022",35,5,0,1506.62,1506.62,127.0,127.74,305,298,0.0,0.0
"18024",152,2,1,389.78,236.78,0.0,0.01,21,21,33.3,4.5
"18025",379,6,0,1177.72,1177.72,47.4,47.96,83,81,0.0,0.0
"18026",500,2,0,2074.07,2074.07,4.0,4.76,12,12,0.0,0.0
"18027",98,1,0,115.31,115.31,NULL,NULL,21,21,0.0,0.0
"18028",582,1,0,192.05,192.05,NULL,NULL,4,3,0.0,0.0
"18029",641,1,0,433.77,433.77,NULL,NULL,18,18,0.0,0.0
"18030",3,2,1,230.65,220.70,38.0,38.11,8,8,33.3,10.0
"18031",378,1,0,451.30,451.30,NULL,NULL,49,48,0.0,0.0
"18032",333,1,0,73.50,73.50,NULL,NULL,5,4,0.0,0.0
"18033",64,1,0,93.82,93.82,NULL,NULL,32,31,0.0,0.0
"18034",21,3,0,753.35,753.35,176.5,177.00,181,181,0.0,0.0
"18035",35,5,0,1260.23,1260.23,87.3,87.49,52,52,0.0,0.0
"18036",31,11,0,1545.49,1545.49,68.6,68.91,221,210,0.0,0.0
"18037",153,15,0,167.42,167.42,41.2,41.71,31,31,0.0,0.0
"18038",555,1,0,141.48,141.48,NULL,NULL,25,24,0.0,0.0
"18039",373,4,0,548.22,548.22,88.3,88.69,137,134,0.0,0.0
"18040",18,2,0,357.20,357.20,226.0,226.25,18,18,0.0,0.0
"18041",11,38,2,8018.77,7936.04,18.0,18.46,464,450,5.0,0.4
"18042",53,2,0,281.15,281.15,488.0,488.04,13,13,0.0,0.0
"18043",24,3,0,529.29,529.29,171.0,171.00,106,106,0.0,0.0
"18044",3,18,1,3505.61,3502.66,32.1,32.70,128,127,5.3,0.5
"18045",44,1,0,178.34,178.34,NULL,NULL,43,43,0.0,0.0
"18046",649,1,0,189.63,189.63,NULL,NULL,26,26,0.0,0.0
"18047",380,2,0,326.09,326.09,0.0,0.01,74,74,0.0,0.0
"18048",202,3,0,394.93,394.93,145.0,145.04,56,56,0.0,0.0
"18049",436,2,0,500.50,500.50,153.0,153.04,81,81,0.0,0.0
"18050",358,2,0,412.06,412.06,33.0,33.94,22,22,0.0,0.0
"18051",633,7,1,2282.28,2275.98,15.5,16.01,41,41,12.5,5.2
"18052",564,1,0,10877.18,10877.18,NULL,NULL,16,16,0.0,0.0
"18053",65,3,3,571.07,527.77,227.5,228.43,29,29,50.0,8.6
"18054",392,1,0,176.50,176.50,NULL,NULL,11,11,0.0,0.0
"18055",6,14,1,10142.64,10110.59,30.7,31.23,320,301,6.7,0.6
"18056",287,2,1,554.60,539.75,330.0,330.08,28,28,33.3,3.2
"18057",392,3,0,1168.14,1168.14,148.5,148.59,120,112,0.0,0.0
"18058",9,3,0,774.06,774.06,328.5,328.98,12,12,0.0,0.0
"18059",8,3,1,306.46,296.71,22.0,22.15,17,16,25.0,9.5
"18060",407,2,0,1185.46,1185.46,156.0,156.34,74,73,0.0,0.0
"18061",21,28,1,6083.81,6075.31,26.0,26.44,30,29,3.4,0.8
"18062",172,6,3,1632.67,1523.37,84.2,84.85,46,43,33.3,5.3
"18063",390,2,0,186.60,186.60,242.0,242.90,2,2,0.0,0.0
"18064",132,11,4,4481.83,4427.98,53.9,54.31,53,51,26.7,5.9
"18065",5,28,3,5846.63,5816.88,26.6,26.84,192,186,9.7,1.3
"18066",74,3,0,1440.40,1440.40,169.5,170.08,37,37,0.0,0.0
"18067",39,1,0,396.33,396.33,NULL,NULL,36,35,0.0,0.0
"18068",288,1,0,101.70,101.70,NULL,NULL,1,1,0.0,0.0
"18069",25,11,2,4449.02,4434.17,61.8,62.30,601,577,15.4,0.2
"18070",668,1,1,314.10,307.75,NULL,NULL,9,9,50.0,10.0
"18071",257,6,0,1169.68,1169.68,95.2,95.41,52,52,0.0,0.0
"18072",154,1,1,247.44,12.24,NULL,NULL,18,17,50.0,47.1
"18073",113,12,1,3859.82,3846.74,7.2,7.52,23,23,7.7,4.0
"18074",373,2,0,1019.44,1019.44,131.0,131.97,37,37,0.0,0.0
"18075",22,20,11,5783.29,5579.91,24.5,25.01,180,179,35.5,7.7
"18076",379,1,0,151.49,151.49,NULL,NULL,8,8,0.0,0.0
"18077",7,18,0,4078.79,4078.79,42.1,42.59,141,136,0.0,0.0
"18078",216,4,0,725.53,725.53,136.3,136.98,65,64,0.0,0.0
"18079",44,5,0,4203.93,4203.93,111.0,111.53,107,107,0.0,0.0
"18080",18,2,0,1231.50,1231.50,223.0,223.91,2,2,0.0,0.0
"18081",35,3,0,343.45,343.45,48.5,48.60,14,14,0.0,0.0
"18082",25,1,0,680.84,680.84,NULL,NULL,62,61,0.0,0.0
"18083",397,1,0,463.53,463.53,NULL,NULL,36,36,0.0,0.0
"18084",15,3,2,795.23,176.03,185.5,186.12,7,7,40.0,30.0
"18085",329,4,0,1341.85,1341.85,99.0,99.38,42,40,0.0,0.0
"18086",273,1,0,101.34,101.34,NULL,NULL,7,7,0.0,0.0
"18087",143,16,3,13908.72,13563.62,29.4,29.87,43,43,15.8,6.5
"18088",60,1,0,166.03,166.03,NULL,NULL,35,35,0.0,0.0
"18089",446,1,0,428.45,428.45,NULL,NULL,9,9,0.0,0.0
"18090",421,1,0,321.90,321.90,NULL,NULL,47,44,0.0,0.0
"18091",592,1,0,360.85,360.85,NULL,NULL,25,25,0.0,0.0
"18092",1,18,2,14693.72,14687.47,42.6,43.12,42,41,10.0,1.4
"18093",92,8,1,4452.71,4429.61,74.6,75.03,43,43,11.1,3.2
"18094",81,13,2,6391.52,6322.62,51.3,51.66,55,53,13.3,3.8
"18095",312,5,0,2303.09,2303.09,71.3,71.74,37,37,0.0,0.0
"18096",11,6,0,1638.16,1638.16,99.8,100.39,298,281,0.0,0.0
"18097",7,11,3,4627.92,4616.77,71.1,71.50,86,84,21.4,1.9
"18098",395,1,0,527.94,527.94,NULL,NULL,85,85,0.0,0.0
"18099",126,1,0,168.31,168.31,NULL,NULL,19,18,0.0,0.0
"18100",549,1,0,451.56,451.56,NULL,NULL,30,30,0.0,0.0
"18101",10,5,0,622.01,622.01,165.3,165.75,89,83,0.0,0.0
"18102",0,145,2,580987.04,578408.64,4.9,5.13,382,363,1.4,0.4
"18103",548,1,0,105.80,105.80,NULL,NULL,10,9,0.0,0.0
"18104",36,1,0,754.64,754.64,NULL,NULL,38,38,0.0,0.0
"18105",37,1,0,113.48,113.48,NULL,NULL,18,18,0.0,0.0
"18106",329,6,0,1441.06,1441.06,72.6,72.81,126,122,0.0,0.0
"18107",441,1,0,165.88,165.88,NULL,NULL,38,37,0.0,0.0
"18108",248,3,1,848.81,842.46,241.0,241.52,43,41,25.0,4.1
"18109",1,38,7,9555.71,9416.41,13.6,14.19,203,199,15.6,2.1
"18110",18,2,1,392.28,362.03,391.0,391.93,58,54,33.3,4.0
"18111",582,1,1,405.85,398.90,NULL,NULL,27,26,50.0,10.0
"18112",11,4,0,773.36,773.36,179.7,179.70,59,59,0.0,0.0
"18113",368,1,0,76.32,76.32,NULL,NULL,1,1,0.0,0.0
"18114",289,1,0,220.10,220.10,NULL,NULL,28,28,0.0,0.0
"18115",697,1,0,9.70,9.70,NULL,NULL,3,3,0.0,0.0
"18116",67,13,0,2130.89,2130.89,28.2,28.65,310,282,0.0,0.0
"18117",25,1,0,314.40,314.40,NULL,NULL,67,65,0.0,0.0
"18118",10,29,6,6218.62,6155.47,12.8,13.25,443,422,17.1,0.4
"18119",367,1,0,180.70,180.70,NULL,NULL,29,29,0.0,0.0
"18120",213,1,0,111.15,111.15,NULL,NULL,17,17,0.0,0.0
"18121",148,2,0,653.30,653.30,5.0,5.03,28,28,0.0,0.0
"18122",7,6,0,1791.84,1791.84,28.0,28.41,238,229,0.0,0.0
"18123",23,3,0,666.64,666.64,244.5,244.53,53,51,0.0,0.0
"18124",471,1,0,102.65,102.65,NULL,NULL,20,20,0.0,0.0
"18125",29,4,1,1131.75,1130.10,95.0,95.63,164,156,20.0,0.5
"18126",60,1,0,198.58,198.58,NULL,NULL,51,49,0.0,0.0
"18127",18,4,0,556.13,556.13,127.7,128.00,56,52,0.0,0.0
"18128",536,1,0,399.29,399.29,NULL,NULL,42,42,0.0,0.0
"18129",242,1,0,112.55,112.55,NULL,NULL,13,12,0.0,0.0
"18130",8,3,1,1059.39,1045.74,20.5,20.97,58,57,25.0,1.4
"18131",631,1,0,222.96,222.96,NULL,NULL,4,4,0.0,0.0
"18132",503,1,0,220.13,220.13,NULL,NULL,60,60,0.0,0.0
"18133",211,1,0,931.50,931.50,NULL,NULL,1,1,0.0,0.0
"18134",597,2,0,445.00,445.00,96.0,96.09,27,26,0.0,0.0
"18135",28,10,3,1249.62,1229.22,66.8,67.25,23,23,23.1,7.5
"18136",62,5,4,1631.36,1531.71,96.5,97.00,77,77,44.4,6.4
"18137",550,2,0,145.99,145.99,0.0,0.02,26,26,0.0,0.0
"18138",294,1,0,152.65,152.65,NULL,NULL,8,8,0.0,0.0
"18139",17,6,0,8438.34,8438.34,0.0,0.17,35,35,0.0,0.0
"18140",473,1,0,536.41,536.41,NULL,NULL,49,47,0.0,0.0
"18141",360,2,2,882.47,838.57,187.0,187.84,38,36,50.0,4.5
"18142",150,2,2,1019.52,1014.90,58.0,58.03,9,9,50.0,16.7
"18143",116,2,0,1000.16,1000.16,25.0,25.06,59,59,0.0,0.0
"18144",7,19,0,4892.95,4892.95,39.2,39.77,51,50,0.0,0.0
"18145",12,11,1,5609.74,5592.04,71.3,71.90,250,245,8.3,0.2
"18146",140,2,0,160.35,160.35,79.0,79.81,10,10,0.0,0.0
"18147",45,2,0,179.34,179.34,62.0,62.98,7,7,0.0,0.0
"18148",646,1,0,112.85,112.85,NULL,NULL,9,8,0.0,0.0
"18149",50,7,0,1553.96,1553.96,97.0,97.50,54,51,0.0,0.0
"18150",31,3,0,566.58,566.58,84.5,84.63,29,29,0.0,0.0
"18151",134,6,1,1879.44,1853.94,101.8,102.21,99,92,14.3,0.9
"18152",645,1,0,426.69,426.69,NULL,NULL,10,10,0.0,0.0
"18153",658,1,0,246.22,246.22,NULL,NULL,17,17,0.0,0.0
"18154",2,5,0,932.60,932.60,121.3,121.83,34,34,0.0,0.0
"18155",74,3,1,371.62,347.82,108.0,108.06,19,19,25.0,10.7
"18156",12,2,0,675.64,675.64,356.0,357.00,100,98,0.0,0.0
"18157",570,1,0,213.90,213.90,NULL,NULL,25,25,0.0,0.0
"18158",8,2,1,453.40,451.75,79.0,79.30,24,24,33.3,2.9
"18159",300,1,0,530.15,530.15,NULL,NULL,23,23,0.0,0.0
"18160",56,3,0,1003.88,1003.88,164.0,164.49,56,55,0.0,0.0
"18161",9,6,1,1803.10,1797.20,72.2,72.81,57,57,14.3,1.1
"18162",731,1,0,371.51,371.51,NULL,NULL,45,44,0.0,0.0
"18163",560,1,1,728.84,639.34,NULL,NULL,33,33,50.0,13.2
"18164",30,1,1,399.65,394.70,NULL,NULL,24,24,50.0,4.0
"18165",176,1,0,302.46,302.46,NULL,NULL,10,10,0.0,0.0
"18166",623,1,0,175.50,175.50,NULL,NULL,10,10,0.0,0.0
"18167",3,3,2,1384.86,1361.51,41.0,41.09,24,24,40.0,11.9
"18168",175,16,6,3435.50,3352.30,36.9,37.34,209,201,27.3,5.7
"18169",60,1,0,202.65,202.65,NULL,NULL,9,9,0.0,0.0
"18170",32,9,0,2878.00,2878.00,82.8,83.38,59,59,0.0,0.0
"18171",58,9,2,2437.31,2414.51,80.1,80.62,76,70,18.2,2.1
"18172",14,52,11,17467.24,17289.23,13.6,14.00,176,171,17.5,3.3
"18173",86,5,0,2696.36,2696.36,131.0,131.51,34,33,0.0,0.0
"18174",6,2,0,162.50,162.50,596.0,596.19,1,1,0.0,0.0
"18175",675,1,0,176.10,176.10,NULL,NULL,7,7,0.0,0.0
"18176",353,1,1,476.35,448.65,NULL,NULL,30,29,50.0,9.1
"18177",30,9,1,2216.32,2189.07,86.0,86.60,66,63,10.0,1.0
"18178",113,11,4,6103.74,6054.49,52.5,53.08,204,198,26.7,1.1
"18179",8,8,0,2547.55,2547.55,93.1,93.43,101,100,0.0,0.0
"18180",4,6,0,1843.75,1843.75,27.0,27.60,108,104,0.0,0.0
"18181",23,5,2,1188.34,1166.61,177.3,177.75,139,133,28.6,1.1
"18182",462,1,0,291.13,291.13,NULL,NULL,10,10,0.0,0.0
"18183",217,2,4,632.07,600.52,47.0,47.22,36,35,66.7,15.9
"18184",14,1,0,49.80,49.80,NULL,NULL,1,1,0.0,0.0
"18185",248,1,0,304.25,304.25,NULL,NULL,17,17,0.0,0.0
"18186",722,1,0,329.58,329.58,NULL,NULL,11,10,0.0,0.0
"18187",622,1,2,724.89,682.19,NULL,NULL,48,48,66.7,11.1
"18188",14,6,2,3280.59,3263.19,121.0,121.64,95,94,25.0,1.5
"18189",77,3,2,1403.73,1396.58,273.5,274.06,79,79,40.0,2.3
"18190",191,5,1,745.62,735.67,131.0,131.28,34,33,16.7,2.3
"18191",261,2,0,529.40,529.40,215.0,215.77,15,15,0.0,0.0
"18192",71,1,0,957.97,957.97,NULL,NULL,45,44,0.0,0.0
"18193",150,3,2,1207.35,1176.55,138.0,138.51,66,66,40.0,2.8
"18194",63,6,1,4162.04,4084.20,119.0,119.58,23,22,14.3,6.7
"18195",386,1,0,101.16,101.16,NULL,NULL,5,5,0.0,0.0
"18196",94,4,0,1455.27,1455.27,179.0,179.02,209,204,0.0,0.0
"18197",513,1,1,230.10,221.40,NULL,NULL,9,9,50.0,18.2
"18198",3,17,4,5425.56,5083.06,20.3,20.75,81,81,19.0,4.2
"18199",675,1,1,344.75,342.20,NULL,NULL,20,20,50.0,4.8
"18200",105,1,0,150.35,150.35,NULL,NULL,29,29,0.0,0.0
"18201",722,1,0,447.53,447.53,NULL,NULL,27,27,0.0,0.0
"18202",199,3,0,1396.99,1396.99,55.5,55.97,55,55,0.0,0.0
"18203",156,4,0,482.52,482.52,190.7,191.33,39,39,0.0,0.0
"18204",70,3,1,1975.35,1960.95,60.0,60.53,159,153,25.0,1.0
"18205",35,2,0,517.36,517.36,38.0,38.06,30,30,0.0,0.0
"18206",552,1,0,314.66,314.66,NULL,NULL,19,19,0.0,0.0
"18207",493,1,2,544.47,505.12,NULL,NULL,31,31,66.7,8.8
"18208",565,1,0,360.08,360.08,NULL,NULL,17,17,0.0,0.0
"18209",28,1,0,139.10,139.10,NULL,NULL,8,8,0.0,0.0
"18210",1,7,0,2768.83,2768.83,63.0,63.51,116,116,0.0,0.0
"18211",25,5,0,600.07,600.07,62.8,63.21,37,37,0.0,0.0
"18212",325,2,0,514.37,514.37,351.0,351.06,40,40,0.0,0.0
"18213",236,1,0,232.48,232.48,NULL,NULL,15,15,0.0,0.0
"18214",530,4,1,1780.34,1480.99,7.0,7.88,38,36,20.0,6.5
"18215",88,5,1,2232.49,2223.99,133.0,133.53,53,47,16.7,1.1
"18216",30,1,0,481.75,481.75,NULL,NULL,26,25,0.0,0.0
"18217",28,4,2,945.04,902.80,165.0,165.63,33,33,33.3,9.1
"18218",205,4,2,1121.84,1086.14,149.0,149.63,25,23,33.3,7.3
"18219",2,17,2,3352.70,3297.20,45.3,45.62,87,87,10.5,1.6
"18220",219,6,5,1921.76,1771.70,99.0,99.58,17,17,45.5,21.9
"18221",21,6,2,1424.94,1370.34,72.8,73.59,71,68,25.0,4.5
"18222",92,1,0,443.00,443.00,NULL,NULL,19,19,0.0,0.0
"18223",1,26,25,14000.85,13504.67,28.7,29.23,192,188,49.0,11.4
"18224",263,1,0,158.95,158.95,NULL,NULL,10,10,0.0,0.0
"18225",2,26,8,13014.80,12643.25,28.8,29.27,266,258,23.5,4.0
"18226",38,26,12,11878.88,11749.58,23.6,24.01,299,286,31.6,2.8
"18227",217,2,1,388.75,93.75,266.0,266.82,6,6,33.3,14.3
"18228",49,2,1,779.90,769.20,22.0,22.94,23,23,33.3,6.3
"18229",11,28,0,10150.51,10150.51,26.2,26.84,73,70,0.0,0.0
"18230",8,9,3,4291.06,4197.46,64.0,64.52,42,42,25.0,2.1
"18231",191,28,2,6848.27,6815.47,18.2,18.74,217,207,6.7,1.0
"18232",81,4,1,592.97,582.47,38.3,38.60,31,31,20.0,7.5
"18233",325,1,0,440.00,440.00,NULL,NULL,1,1,0.0,0.0
"18234",551,1,0,179.60,179.60,NULL,NULL,30,30,0.0,0.0
"18235",71,3,0,1796.48,1796.48,72.5,72.89,100,100,0.0,0.0
"18236",29,12,0,1795.35,1795.35,51.6,52.16,80,80,0.0,0.0
"18237",2,5,0,987.10,987.10,32.3,33.00,40,40,0.0,0.0
"18238",514,1,0,270.92,270.92,NULL,NULL,14,14,0.0,0.0
"18239",218,6,0,1712.26,1712.26,40.2,40.82,85,84,0.0,0.0
"18240",45,1,0,422.58,422.58,NULL,NULL,6,4,0.0,0.0
"18241",9,21,2,2986.99,2954.09,30.0,30.40,101,99,8.7,1.2
"18242",71,8,0,3605.21,3605.21,88.9,89.31,113,112,0.0,0.0
"18243",413,1,0,515.78,515.78,NULL,NULL,26,26,0.0,0.0
"18244",430,2,0,568.64,568.64,72.0,72.03,19,19,0.0,0.0
"18245",6,20,3,6324.98,6236.23,32.9,33.37,336,326,13.0,1.1
"18246",23,3,0,758.82,758.82,292.5,293.03,3,3,0.0,0.0
"18247",409,3,3,839.73,721.43,107.5,108.37,28,28,50.0,21.3
"18248",113,2,2,804.02,783.02,63.0,63.88,39,39,50.0,4.1
"18249",16,1,0,95.34,95.34,NULL,NULL,8,8,0.0,0.0
"18250",300,1,1,349.27,342.92,NULL,NULL,21,21,50.0,4.5
"18251",86,9,0,26278.86,26278.86,78.4,78.77,87,76,0.0,0.0
"18252",50,7,1,1533.69,1457.19,111.3,111.81,125,110,12.5,0.7
"18253",642,1,0,317.88,317.88,NULL,NULL,7,7,0.0,0.0
"18254",580,1,0,267.90,267.90,NULL,NULL,16,10,0.0,0.0
"18255",88,2,0,303.15,303.15,366.0,366.86,16,16,0.0,0.0
"18256",354,1,1,110.70,60.60,NULL,NULL,10,10,50.0,28.6
"18257",38,12,5,4585.15,4490.45,55.8,56.36,218,215,29.4,3.8
"18258",463,6,2,2059.67,2040.97,21.4,21.62,30,29,25.0,5.7
"18259",24,7,0,3941.90,3941.90,117.3,117.86,51,46,0.0,0.0
"18260",172,23,9,9947.26,9737.10,24.6,25.09,212,207,28.1,4.4
"18261",42,2,0,324.24,324.24,52.0,52.25,19,19,0.0,0.0
"18262",139,3,0,577.54,577.54,231.0,231.15,40,40,0.0,0.0
"18263",22,3,1,1213.16,1211.08,112.5,113.44,59,56,25.0,1.6
"18264",498,1,0,603.25,603.25,NULL,NULL,36,36,0.0,0.0
"18265",71,2,0,801.51,801.51,85.0,85.95,44,43,0.0,0.0
"18266",433,1,0,251.10,251.10,NULL,NULL,14,14,0.0,0.0
"18267",659,1,1,269.37,252.87,NULL,NULL,17,17,50.0,15.0
"18268",133,6,2,1490.23,1451.22,118.6,118.87,36,34,25.0,5.6
"18269",357,1,1,168.60,138.90,NULL,NULL,7,7,50.0,12.5
"18270",37,3,1,444.55,406.30,197.0,197.07,17,17,25.0,5.6
"18271",609,2,0,680.85,680.85,121.0,121.92,19,19,0.0,0.0
"18272",2,9,2,4385.98,4347.33,79.9,80.37,145,141,18.2,2.6
"18273",1,4,0,357.00,357.00,195.7,196.01,1,1,0.0,0.0
"18274",17,1,1,175.92,0.00,NULL,NULL,11,11,50.0,50.0
"18275",577,2,0,741.85,741.85,152.0,152.97,19,17,0.0,0.0
"18276",20,6,4,1656.52,1620.67,136.6,137.15,81,81,40.0,5.1
"18277",57,5,2,1180.05,1159.35,108.8,109.05,53,50,28.6,4.5
"18278",73,2,0,414.20,414.20,330.0,330.99,22,21,0.0,0.0
"18279",518,1,0,231.34,231.34,NULL,NULL,13,8,0.0,0.0
"18280",277,2,1,488.15,472.45,116.0,116.75,28,28,33.3,6.3
"18281",180,2,0,201.14,201.14,397.0,397.00,17,17,0.0,0.0
"18282",7,2,1,178.05,176.60,118.0,118.92,12,12,33.3,7.7
"18283",3,22,0,2658.95,2658.95,30.7,31.18,351,342,0.0,0.0
"18284",431,1,0,411.68,411.68,NULL,NULL,27,26,0.0,0.0
"18285",660,1,0,377.00,377.00,NULL,NULL,11,11,0.0,0.0
"18286",476,2,1,1246.43,1138.43,247.0,247.05,66,63,33.3,4.3
"18287",42,7,1,4132.99,4127.89,87.5,88.15,119,116,12.5,0.6
