"customer_id","recency_days","frequency_completed","monetary_net","whale_flag"
"18102",0,145,578408.64,"Other"
"14646",1,146,523202.74,"Other"
"14156",9,144,297775.01,"Other"
"14911",0,373,258522.43,"Other"
"17450",7,51,233643.91,"Other"
"13694",3,143,190391.50,"Other"
"17511",2,60,168504.44,"Other"
"12415",23,24,143107.02,"Other"
"16684",3,55,141530.29,"Other"
"15061",3,127,124982.13,"Other"
"15311",0,207,111444.36,"Other"
"13089",2,203,109893.24,"Other"
"17949",0,116,98469.06,"Other"
"16029",38,106,97066.71,"Other"
"14298",2,82,90489.31,"Other"
"15769",6,46,84183.52,"Other"
"13798",0,110,73177.50,"Other"
"15838",10,34,72738.93,"Other"
"12931",21,57,71546.97,"Other"
"17841",1,211,67275.26,"Other"
"14088",9,16,63731.63,"Other"
"16422",16,107,59939.52,"Other"
"13081",0,28,55968.97,"Other"
"17389",0,61,54945.68,"Other"
"16754",371,29,54692.82,"Other"
"13093",266,55,53283.30,"Other"
"14096",3,17,53258.43,"Other"
"14680",24,58,53080.02,"Other"
"16013",3,84,51615.64,"Other"
"17850",301,155,50407.77,"Other"
"13408",1,106,49751.36,"Other"
"13777",0,61,49228.16,"Other"
"12748",0,322,46671.23,"Other"
"17404",3,21,45863.82,"Other"
"13881",3,43,44392.50,"Other"
"16705",0,42,42653.14,"Other"
"15098",181,3,39619.50,"Other"
"15039",9,93,38853.04,"Other"
"17675",0,70,37067.02,"Other"
"17381",8,38,36395.47,"Other"
"14031",6,44,36112.53,"Other"
"17677",1,54,34233.35,"Other"
"12921",3,74,33951.65,"Other"
"16210",1,33,33545.52,"Other"
"13767",1,73,33480.82,"Other"
"12471",1,71,33294.92,"Other"
"16779",1,53,32522.40,"Other"
"12678",41,15,32165.13,"Other"
"15856",3,52,31871.79,"Other"
"14258",8,25,31027.35,"Other"
"17428",0,45,30885.06,"Other"
"14606",0,184,28913.22,"Other"
"12709",2,32,28708.10,"Other"
"13098",0,28,28658.88,"Other"
"17940",48,14,28389.58,"Other"
"13078",0,57,28369.44,"Other"
"12681",14,44,26679.24,"Other"
"16333",7,22,26626.80,"Other"
"14527",2,121,26359.18,"Other"
"18251",86,9,26278.86,"Other"
"15513",30,35,25959.16,"Other"
"17857",2,23,25653.84,"Other"
"17865",30,46,25584.75,"Other"
"12731",23,17,25540.21,"Other"
"13802",137,19,25491.56,"Other"
"14062",9,24,25416.28,"Other"
"12939",63,20,25264.80,"Other"
"15498",2,44,24739.06,"Other"
"14895",7,38,24488.82,"Other"
"13001",3,33,24006.60,"Other"
"17920",3,54,23563.33,"Other"
"15640",3,29,23340.29,"Other"
"12409",78,7,23090.47,"Other"
"16525",1,48,22919.40,"Other"
"16133",3,56,22228.88,"Other"
"13340",44,12,22100.56,"Other"
"15159",1,34,22049.40,"Other"
"12621",1,35,21900.70,"Other"
"15749",234,3,21535.90,"Other"
"14051",0,37,21441.48,"Other"
"15615",9,47,21282.07,"Other"
"12753",3,6,21024.01,"Other"
"13319",4,58,20974.96,"Other"
"12682",3,51,20648.12,"Other"
"14866",10,17,20507.59,"Other"
"16839",8,44,20420.53,"Other"
"12477",22,9,20173.64,"Other"
"14667",10,54,20153.04,"Other"
"15251",8,21,20118.92,"Other"
"17243",0,69,20004.03,"Other"
"18008",69,23,19759.08,"Other"
"16843",42,35,19528.78,"Other"
"17139",15,25,19473.91,"Other"
"12540",19,32,19159.29,"Other"
"17340",8,18,19159.01,"Other"
"17706",3,31,19066.07,"Other"
"14194",4,36,18442.87,"Other"
"12557",15,8,18096.14,"Other"
"16746",4,42,18010.50,"Other"
"17581",0,43,17543.99,"Other"
"12357",32,2,17437.66,"Other"
"14952",45,32,17347.25,"Other"
"16652",53,16,17312.83,"Other"
"18172",14,52,17289.23,"Other"
"14607",15,20,17226.23,"Other"
"17416",29,22,17221.47,"Other"
"17377",23,78,17184.23,"Other"
"13027",113,19,17143.20,"Other"
"15523",83,16,17119.24,"Other"
"15189",0,46,17101.13,"Other"
"15078",6,52,17091.37,"Other"
"15808",305,21,17038.95,"Other"
"12433",0,10,16794.14,"Other"
"17735",1,26,16707.98,"Other"
"16019",1,27,16503.46,"Other"
"16553",162,33,16500.12,"Other"
"14961",10,22,16328.90,"Other"
"12901",8,28,16316.14,"Other"
"16656",21,30,16307.72,"Other"
"13113",0,37,16250.09,"Other"
"15358",4,42,16213.65,"Other"
"16180",99,13,16170.27,"Other"
"15125",24,24,16124.33,"Other"
"13199",3,66,15921.30,"Other"
"12980",155,21,15909.39,"Other"
"13225",2,16,15879.27,"Other"
"17716",22,24,15671.32,"Other"
"15044",18,32,15653.61,"Other"
"13564",353,36,15613.10,"Other"
"17107",32,10,15595.37,"Other"
"14769",2,17,15437.25,"Other"
"12949",30,22,15391.00,"Other"
"15768",115,34,15307.26,"Other"
"12971",3,116,15218.05,"Other"
"14849",21,43,15186.60,"Other"
"16191",2,24,15155.17,"Other"
"18092",1,18,14687.47,"Other"
"16126",28,15,14644.60,"Other"
"16873",4,12,14547.03,"Other"
"14733",8,15,14200.78,"Other"
"12472",30,19,14169.69,"Other"
"15601",10,30,14150.84,"Other"
"13488",16,23,14131.81,"Other"
"13178",25,21,13997.89,"Other"
"16713",18,32,13943.36,"Other"
"12435",79,6,13925.93,"Other"
"12647",21,35,13919.74,"Other"
"17589",59,18,13661.22,"Other"
"15382",14,12,13646.50,"Other"
"18087",143,16,13563.62,"Other"
"18223",1,26,13504.67,"Other"
"15005",15,56,13410.90,"Other"
"13629",22,19,13370.86,"Other"
"12744",55,8,13158.16,"Other"
"16558",0,38,13149.56,"Other"
"15291",25,39,13077.44,"Other"
"15093",17,23,13034.15,"Other"
"15738",18,41,13015.42,"Other"
"17133",15,12,12972.09,"Other"
"14110",3,33,12959.60,"Other"
"14049",16,13,12848.40,"Other"
"12989",2,33,12846.80,"Other"
"13969",6,35,12820.36,"Other"
"13316",36,10,12818.42,"Other"
"12714",8,12,12815.71,"Other"
"13097",32,27,12811.56,"Other"
"13952",210,14,12790.89,"Other"
"16549",9,34,12759.25,"Other"
"13090",8,23,12744.93,"Other"
"18225",2,26,12643.25,"Other"
"14299",7,27,12620.28,"Other"
"13668",2,35,12607.68,"Other"
"16923",11,32,12572.15,"Other"
"13468",1,72,12518.01,"Other"
"12451",10,8,12506.53,"Other"
"17858",5,30,12458.65,"Other"
"12583",2,27,12409.04,"Other"
"17017",2,29,12397.49,"Other"
"16000",2,3,12393.70,"Other"
"14936",8,12,12378.46,"Other"
"14040",40,35,12340.13,"Other"
"16161",1,43,12279.97,"Other"
"15144",7,29,12006.51,"Other"
"14543",3,39,11958.76,"Other"
"12476",0,18,11920.12,"Other"
"16814",13,36,11906.45,"Other"
"14735",3,55,11899.66,"Other"
"17044",8,12,11867.60,"Other"
"13458",6,16,11850.62,"Other"
"13854",8,39,11848.81,"Other"
"16258",44,15,11833.52,"Other"
"14415",0,23,11803.62,"Other"
"15194",2,28,11781.52,"Other"
"17338",16,17,11777.49,"Other"
"16523",1,28,11760.54,"Other"
"18226",38,26,11749.58,"Other"
"15465",19,32,11670.90,"Other"
"14505",16,19,11590.04,"Other"
"17364",0,27,11587.05,"Other"
"14739",1,25,11555.69,"Other"
"13050",8,34,11525.54,"Other"
"15023",2,20,11477.01,"Other"
"15218",10,22,11393.26,"Other"
"14016",153,11,11279.71,"Other"
"13418",11,31,11242.22,"Other"
"12539",21,7,11186.75,"Other"
"13576",9,28,11167.00,"Other"
"13004",11,36,11143.99,"Other"
"15874",62,21,11135.00,"Other"
"13102",0,37,11123.30,"Other"
"14426",18,17,11103.97,"Other"
"13013",0,29,11073.48,"Other"
"12437",1,38,11011.85,"Other"
"12705",14,13,10906.00,"Other"
"12481",22,14,10889.15,"Other"
"12474",16,29,10886.75,"Other"
"15555",11,36,10866.36,"Other"
"16985",16,23,10545.76,"Other"
"15032",255,8,10515.05,"Other"
"16033",5,27,10465.07,"Other"
"12567",22,15,10425.44,"Other"
"13324",31,18,10421.37,"Other"
"15290",4,26,10355.58,"Other"
"16168",10,66,10279.02,"Other"
"16984",77,9,10206.40,"Other"
"15296",43,12,10204.13,"Other"
"17160",30,17,10201.36,"Other"
"14422",0,19,10200.92,"Other"
"12683",3,20,10167.52,"Other"
"18229",11,28,10150.51,"Other"
"15719",32,31,10117.22,"Other"
"18055",6,14,10110.59,"Other"
"16327",13,16,10103.22,"Other"
"17809",15,20,10014.58,"Other"
"15547",6,26,9989.15,"Other"
"13985",3,22,9982.31,"Other"
"16182",71,9,9971.65,"Other"
"14796",0,27,9971.20,"Other"
"12431",35,25,9963.66,"Other"
"14101",73,13,9942.13,"Other"
"13680",0,12,9899.56,"Other"
"15482",15,18,9891.12,"Other"
"16131",51,12,9866.27,"Other"
"14755",9,25,9851.45,"Other"
"12668",6,9,9842.06,"Other"
"13941",21,15,9826.63,"Other"
"14828",196,13,9803.46,"Other"
"16353",3,38,9781.93,"Other"
"12758",116,7,9779.00,"Other"
"12524",8,17,9759.36,"Other"
"17306",10,21,9751.77,"Other"
"13018",15,35,9742.81,"Other"
"18260",172,23,9737.10,"Other"
"15694",0,23,9719.13,"Other"
"14329",8,15,9695.92,"Other"
"14085",1,32,9692.92,"Other"
"15805",22,30,9668.62,"Other"
"16701",8,26,9614.59,"Other"
"17049",2,19,9588.83,"Other"
"14944",29,19,9574.92,"Other"
"16782",9,38,9552.62,"Other"
"12839",2,26,9529.72,"Other"
"17315",0,41,9467.45,"Other"
"14439",319,5,9443.04,"Other"
"13999",9,29,9438.01,"Other"
"13599",0,33,9435.47,"Other"
"13735",24,13,9422.36,"Other"
"18109",1,38,9416.41,"Other"
"15727",16,15,9371.71,"Other"
"17811",3,47,9351.83,"Other"
"14045",108,16,9334.23,"Other"
"12590",189,1,9330.48,"Other"
"15981",24,21,9284.07,"Other"
"17504",205,18,9238.42,"Other"
"13267",2,36,9212.06,"Other"
"17230",263,18,9159.45,"Other"
"15249",31,18,9147.15,"Other"
"14367",7,16,9134.12,"Other"
"13162",121,16,9116.94,"Other"
"16709",84,14,9056.01,"Other"
"15939",89,15,8992.09,"Other"
"17757",0,56,8990.49,"Other"
"15150",16,13,8967.44,"Other"
"17068",11,47,8945.53,"Other"
"13327",38,19,8914.42,"Other"
"14292",7,16,8887.90,"Other"
"14060",4,30,8882.30,"Other"
"14709",14,25,8866.48,"Other"
"15903",9,12,8859.82,"Other"
"14135",1,24,8800.80,"Other"
"13555",73,13,8798.99,"Other"
"12747",1,26,8786.53,"Other"
"15867",4,31,8780.77,"Other"
"12490",4,20,8759.64,"Other"
"16532",17,5,8756.64,"Other"
"16700",8,25,8747.12,"Other"
"15260",99,25,8677.88,"Other"
"16186",22,26,8676.23,"Other"
"15570",6,25,8672.44,"Other"
"12359",7,10,8652.34,"Other"
"13263",0,38,8650.98,"Other"
"15497",17,9,8643.46,"Other"
"12957",3,13,8628.42,"Other"
"13756",1,23,8595.65,"Other"
"16550",108,18,8550.92,"Other"
"13758",11,14,8544.29,"Other"
"17576",7,41,8534.45,"Other"
"16945",21,33,8530.66,"Other"
"12798",9,4,8510.93,"Other"
"13269",0,28,8507.01,"Other"
"18139",17,6,8438.34,"Other"
"13209",29,13,8438.06,"Other"
"14286",23,7,8396.70,"Other"
"15786",43,5,8379.65,"Other"
"13069",0,38,8358.79,"Other"
"15281",58,16,8317.62,"Other"
"13448",16,12,8312.52,"Other"
"15984",2,30,8304.82,"Other"
"17686",6,9,8296.81,"Other"
"14676",30,12,8285.49,"Other"
"14057",23,22,8276.10,"Other"
"14146",8,12,8208.87,"Other"
"15034",15,14,8200.25,"Other"
"13139",15,8,8193.83,"Other"
"15998",36,16,8186.19,"Other"
"13381",20,12,8185.02,"Other"
"16722",16,22,8168.31,"Other"
"17365",12,15,8160.30,"Other"
"17396",38,13,8159.10,"Other"
"17611",3,28,8149.93,"Other"
"16672",1,20,8119.69,"Other"
"13047",45,23,8110.09,"Other"
"13715",280,17,8108.09,"Other"
"12766",3,9,8093.14,"Other"
"13426",0,22,8084.38,"Other"
"15502",15,12,8076.45,"Other"
"12637",66,12,8071.16,"Other"
"14056",0,23,8063.30,"Other"
"15955",23,22,8050.23,"Other"
"17593",3,11,8040.52,"Other"
"13869",122,10,7996.87,"Other"
"13148",28,26,7990.11,"Other"
"13174",15,11,7972.46,"Other"
"15298",1,23,7958.43,"Other"
"14525",8,17,7952.76,"Other"
"16767",30,15,7950.41,"Other"
"18041",11,38,7936.04,"Other"
"14291",1,23,7844.40,"Other"
"16303",25,7,7823.72,"Other"
"13871",22,17,7804.95,"Other"
"17409",184,10,7793.51,"Other"
"16670",16,20,7786.66,"Other"
"12867",25,13,7782.91,"Other"
"15544",8,20,7779.58,"Other"
"17730",2,20,7757.35,"Other"
"14395",1,20,7754.73,"Other"
"17739",11,18,7718.14,"Other"
"17085",122,28,7705.27,"Other"
"16592",3,28,7624.46,"Other"
"16556",66,17,7610.23,"Other"
"17426",3,13,7606.37,"Other"
"13373",60,6,7587.19,"Other"
"13137",10,16,7586.94,"Other"
"14159",19,20,7526.62,"Other"
"13141",84,17,7524.13,"Other"
"13709",3,18,7492.41,"Other"
"17091",2,19,7462.15,"Other"
"15179",17,13,7426.82,"Other"
"14030",17,20,7405.10,"Other"
"17696",37,27,7380.89,"Other"
"15046",8,25,7375.83,"Other"
"16242",7,14,7370.50,"Other"
"14175",50,8,7350.44,"Other"
"12643",127,11,7334.30,"Other"
"17238",2,32,7331.17,"Other"
"13534",1,35,7324.50,"Other"
"15622",2,17,7318.08,"Other"
"13082",125,21,7268.92,"Other"
"14282",2,25,7245.76,"Other"
"15270",15,21,7241.19,"Other"
"17602",1,14,7240.73,"Other"
"16253",66,7,7222.20,"Other"
"14092",7,24,7215.64,"Other"
"12380",21,8,7171.00,"Other"
"14841",52,14,7163.00,"Other"
"16745",86,17,7157.10,"Other"
"14243",8,17,7152.06,"Other"
"16729",35,21,7045.41,"Other"
"13451",25,11,7017.97,"Other"
"13183",7,15,7010.88,"Other"
"14145",46,7,7006.05,"Other"
"17231",11,25,6958.83,"Other"
"17690",29,20,6954.30,"Other"
"17769",12,17,6944.96,"Other"
"14800",47,17,6890.73,"Other"
"17965",37,29,6879.70,"Other"
"15950",1,10,6878.71,"Other"
"15301",50,17,6867.44,"Other"
"15129",49,23,6860.18,"Other"
"16570",8,20,6844.81,"Other"
"16187",31,15,6841.24,"Other"
"18231",191,28,6815.47,"Other"
"12830",37,6,6814.64,"Other"
"16170",50,20,6813.67,"Other"
"12841",4,40,6808.00,"Other"
"15521",35,16,6780.39,"Other"
"12720",2,29,6710.49,"Other"
"14401",3,22,6703.40,"Other"
"16497",49,23,6695.28,"Other"
"16145",8,19,6693.60,"Other"
"13993",31,19,6690.36,"Other"
"14844",63,10,6688.43,"Other"
"14688",7,28,6666.93,"Other"
"14461",147,13,6660.62,"Other"
"16265",8,12,6643.62,"Other"
"17001",0,19,6640.80,"Other"
"17700",16,14,6640.72,"Other"
"13953",6,12,6640.68,"Other"
"13983",29,21,6638.85,"Other"
"13384",30,11,6635.09,"Other"
"16401",0,23,6629.24,"Other"
"17975",14,24,6591.88,"Other"
"13552",65,22,6588.63,"Other"
"15321",48,12,6573.40,"Other"
"13831",15,18,6571.14,"Other"
"13815",21,8,6547.79,"Other"
"12836",58,15,6520.58,"Other"
"14855",118,7,6520.30,"Other"
"14221",41,17,6506.59,"Other"
"12823",74,18,6501.50,"Other"
"15980",88,7,6496.28,"Other"
"13015",52,11,6459.08,"Other"
"16655",17,13,6423.26,"Other"
"12428",25,8,6366.00,"Other"
"15750",2,18,6362.60,"Other"
"13394",1,19,6329.38,"Other"
"14227",25,15,6324.76,"Other"
"18094",81,13,6322.62,"Other"
"13883",0,14,6321.59,"Other"
"14562",3,26,6314.30,"Other"
"13654",42,11,6308.00,"Other"
"14766",7,11,6301.88,"Other"
"14702",0,29,6298.48,"Other"
"14388",8,16,6289.95,"Other"
"13590",10,18,6284.74,"Other"
"12913",4,13,6283.24,"Other"
"12749",3,9,6278.49,"Other"
"14154",238,8,6263.60,"Other"
"14004",42,11,6258.45,"Other"
"16940",51,8,6245.41,"Other"
"18245",6,20,6236.23,"Other"
"12843",65,28,6219.07,"Other"
"15674",72,12,6217.85,"Other"
"13615",312,8,6212.23,"Other"
"15673",87,9,6199.37,"Other"
"13334",81,5,6195.05,"Other"
"16938",8,9,6162.11,"Other"
"12779",20,14,6158.60,"Other"
"14113",3,16,6156.75,"Other"
"18118",10,29,6155.47,"Other"
"17669",42,10,6142.35,"Other"
"17799",21,20,6121.78,"Other"
"13136",49,13,6119.75,"Other"
"14852",57,18,6108.88,"Other"
"17419",10,18,6100.65,"Other"
"12662",0,20,6091.69,"Other"
"14390",9,13,6079.48,"Other"
"18061",21,28,6075.31,"Other"
"12406",21,5,6072.21,"Other"
"17509",57,8,6069.24,"Other"
"13317",63,19,6068.53,"Other"
"13230",3,30,6065.95,"Other"
"18178",113,11,6054.49,"Other"
"14560",6,44,6050.44,"Other"
"16954",0,20,6037.33,"Other"
"12613",30,9,6033.82,"Other"
"16103",6,22,6002.76,"Other"
"16456",98,13,6000.94,"Other"
"12497",81,3,5996.50,"Other"
"16717",8,14,5987.41,"Other"
"17625",17,8,5978.90,"Other"
"17819",71,12,5977.25,"Other"
"14530",25,16,5968.62,"Other"
"13266",10,19,5965.30,"Other"
"14918",115,9,5955.81,"Other"
"15372",136,8,5954.42,"Other"
"14257",50,9,5942.00,"Other"
"15755",0,17,5936.95,"Other"
"16156",8,20,5931.01,"Other"
"14180",10,33,5909.00,"Other"
"16710",18,22,5908.60,"Other"
"12417",2,20,5889.71,"Other"
"14440",7,13,5870.13,"Other"
"17644",0,20,5864.54,"Other"
"17873",79,18,5849.63,"Other"
"15785",29,16,5825.33,"Other"
"18065",5,28,5816.88,"Other"
"14535",58,9,5803.79,"Other"
"12712",22,21,5801.78,"Other"
"17457",126,14,5799.01,"Other"
"12429",8,8,5792.01,"Other"
"17146",105,13,5788.39,"Other"
"13658",9,9,5772.07,"Other"
"12910",22,13,5747.02,"Other"
"13771",63,9,5726.07,"Other"
"12455",72,9,5722.95,"Other"
"12626",22,9,5722.35,"Other"
"14105",84,5,5703.98,"Other"
"14534",2,26,5698.37,"Other"
"16458",2,30,5690.89,"Other"
"13870",1,15,5689.84,"Other"
"14099",15,20,5685.71,"Other"
"16279",20,9,5685.38,"Other"
"13157",48,9,5667.71,"Other"
"16409",35,12,5652.74,"Other"
"12656",16,8,5636.78,"Other"
"17491",0,17,5636.72,"Other"
"17651",11,16,5635.05,"Other"
"13722",119,10,5629.16,"Other"
"16320",171,6,5618.79,"Other"
"16003",29,10,5613.83,"Other"
"12356",22,6,5611.73,"Other"
"13901",71,15,5599.34,"Other"
"16200",3,12,5594.60,"Other"
"17672",43,6,5592.19,"Other"
"18145",12,11,5592.04,"Other"
"16011",7,29,5585.86,"Other"
"18075",22,20,5579.91,"Other"
"16735",78,14,5578.86,"Other"
"15854",3,21,5578.28,"Other"
"15228",65,6,5570.52,"Other"
"17203",35,10,5564.09,"Other"
"15299",66,9,5550.52,"Other"
"16316",63,13,5533.31,"Other"
"14112",22,13,5524.51,"Other"
"14210",90,16,5509.37,"Other"
"12500",22,18,5494.31,"Other"
"12484",34,9,5490.80,"Other"
"17092",49,11,5479.76,"Other"
"14572",2,11,5479.08,"Other"
"14907",2,16,5476.62,"Other"
"16992",10,13,5460.10,"Other"
"14189",1,16,5453.38,"Other"
"16609",14,7,5450.96,"Other"
"14732",7,19,5447.52,"Other"
"13593",107,14,5444.81,"Other"
"13769",1,20,5444.33,"Other"
"17069",27,14,5441.35,"Other"
"17685",16,12,5439.95,"Other"
"17512",28,18,5432.27,"Other"
"12664",7,11,5420.04,"Other"
"12378",129,2,5416.32,"Other"
"13115",8,10,5379.45,"Other"
"14459",154,2,5375.74,"Other"
"16607",17,25,5375.18,"Other"
"14626",8,11,5374.77,"Other"
"17719",37,15,5367.80,"Other"
"17863",58,12,5360.48,"Other"
"13362",2,7,5357.57,"Other"
"15641",104,12,5345.55,"Other"
"16008",23,15,5339.13,"Other"
"13520",58,11,5337.25,"Other"
"17584",6,6,5294.42,"Other"
"13842",58,18,5294.39,"Other"
"15628",4,17,5284.18,"Other"
"14442",1,7,5272.02,"Other"
"15514",11,18,5272.01,"Other"
"17204",168,9,5263.69,"Other"
"15394",9,11,5251.40,"Other"
"13931",85,11,5250.78,"Other"
"13975",30,12,5224.85,"Other"
"13014",2,11,5220.83,"Other"
"15152",9,14,5202.38,"Other"
"16393",1,23,5192.61,"Other"
"12615",1,8,5186.88,"Other"
"15812",106,12,5186.17,"Other"
"13763",62,3,5181.99,"Other"
"17612",52,18,5168.28,"Other"
"15527",18,23,5166.04,"Other"
"17157",7,19,5139.45,"Other"
"17838",26,13,5134.49,"Other"
"14930",108,6,5126.74,"Other"
"16308",37,7,5120.00,"Other"
"17061",73,11,5116.13,"Other"
"13107",43,9,5109.62,"Other"
"15722",35,11,5107.85,"Other"
"18198",3,17,5083.06,"Other"
"17663",25,17,5081.04,"Other"
"12633",58,7,5073.21,"Other"
"14713",8,21,5068.96,"Other"
"15796",0,17,5066.33,"Other"
"15443",1,14,5054.44,"Other"
"16153",49,11,5047.09,"Other"
"16931",4,23,5032.22,"Other"
"17861",2,18,5025.19,"Other"
"15367",56,11,5005.73,"Other"
"17084",34,3,4997.96,"Other"
"14493",6,10,4993.76,"Other"
"14546",3,11,4987.97,"Other"
"17758",18,12,4964.03,"Other"
"17469",15,17,4958.34,"Other"
"14639",51,9,4946.81,"Other"
"14209",10,15,4937.37,"Other"
"15898",0,25,4930.75,"Other"
"17346",3,26,4926.43,"Other"
"15971",17,18,4925.48,"Other"
"12347",1,8,4921.53,"Other"
"13198",9,8,4912.28,"Other"
"18144",7,19,4892.95,"Other"
"15332",365,6,4892.68,"Other"
"12727",10,10,4890.53,"Other"
"16986",29,11,4888.75,"Other"
"12688",113,1,4873.81,"Other"
"12594",37,14,4862.51,"Other"
"16686",46,16,4861.72,"Other"
"14107",51,11,4853.70,"Other"
"17449",1,13,4849.15,"Other"
"17059",29,9,4846.87,"Other"
"13562",81,8,4838.18,"Other"
"16919",155,24,4837.56,"Other"
"13044",290,11,4818.35,"Other"
"13875",53,14,4814.37,"Other"
"17802",81,10,4808.94,"Other"
"13021",3,17,4806.66,"Other"
"15379",168,8,4806.44,"Other"
"12480",27,7,4805.10,"Other"
"13495",7,10,4790.41,"Other"
"17519",16,15,4769.22,"Other"
"17213",39,13,4766.03,"Other"
"15529",22,12,4753.66,"Other"
"14081",266,10,4747.52,"Other"
"17652",24,12,4737.13,"Other"
"12955",0,11,4734.26,"Other"
"15606",56,17,4733.47,"Other"
"17082",32,6,4732.03,"Other"
"14191",1,15,4713.41,"Other"
"13988",19,8,4708.64,"Other"
"13659",196,12,4706.43,"Other"
"14825",3,24,4696.28,"Other"
"15410",83,10,4685.72,"Other"
"17829",298,5,4680.42,"Other"
"16905",4,17,4674.62,"Other"
"13329",31,8,4672.82,"Other"
"14235",9,9,4666.99,"Other"
"12362",2,10,4665.58,"Other"
"15485",29,7,4663.92,"Other"
"16904",3,20,4656.56,"Other"
"15123",6,5,4656.17,"Other"
"15187",1,15,4655.08,"Other"
"13124",89,4,4641.66,"Other"
"12625",211,4,4627.38,"Other"
"17400",125,8,4623.28,"Other"
"15484",0,6,4620.90,"Other"
"12759",51,8,4618.74,"Other"
"18097",7,11,4616.77,"Other"
"15245",133,8,4610.84,"Other"
"16326",5,24,4601.25,"Other"
"13971",8,14,4593.83,"Other"
"17402",4,22,4566.41,"Other"
"15416",64,7,4562.87,"Other"
"17508",280,8,4546.78,"Other"
"13571",12,26,4537.26,"Other"
"12700",7,4,4525.99,"Other"
"17567",6,9,4519.16,"Other"
"17442",28,15,4517.70,"Other"
"13851",95,8,4516.76,"Other"
"17314",24,17,4514.70,"Other"
"16143",2,12,4511.13,"Other"
"13527",33,12,4507.59,"Other"
"13958",371,8,4504.78,"Other"
"17613",22,14,4494.77,"Other"
"18257",38,12,4490.45,"Other"
"13510",0,11,4488.39,"Other"
"14032",1,16,4482.21,"Other"
"17596",22,13,4478.11,"Other"
"13491",51,27,4467.66,"Other"
"15271",6,24,4458.29,"Other"
"16255",16,15,4457.59,"Other"
"12916",138,7,4455.93,"Other"
"15764",80,8,4453.28,"Other"
"17220",23,21,4451.41,"Other"
"15122",84,11,4451.22,"Other"
"18069",25,11,4434.17,"Other"
"13634",32,15,4434.16,"Other"
"13435",4,9,4431.93,"Other"
"18093",92,8,4429.61,"Other"
"14625",184,11,4429.18,"Other"
"14341",44,18,4428.17,"Other"
"18064",132,11,4427.98,"Other"
"14441",0,11,4426.99,"Other"
"12562",7,9,4426.92,"Other"
"14701",10,15,4423.96,"Other"
"16546",290,5,4421.04,"Other"
"16912",22,15,4420.86,"Other"
"17138",275,7,4417.27,"Other"
"16563",53,6,4402.36,"Other"
"15203",25,15,4400.18,"Other"
"17754",0,13,4383.08,"Other"
"12708",29,18,4381.72,"Other"
"16626",0,17,4379.65,"Other"
"14514",60,9,4375.79,"Other"
"12752",80,1,4366.78,"Other"
"17188",10,13,4361.83,"Other"
"12432",42,4,4359.32,"Other"
"13297",7,7,4352.67,"Other"
"15581",155,34,4350.06,"Other"
"17050",95,10,4348.46,"Other"
"18272",2,9,4347.33,"Other"
"12600",28,20,4343.60,"Other"
"12917",127,6,4329.50,"Other"
"15240",44,12,4327.51,"Other"
"13523",32,6,4325.07,"Other"
"12928",34,12,4304.89,"Other"
"14211",52,18,4301.69,"Other"
"17937",8,7,4301.22,"Other"
"13880",20,17,4293.86,"Other"
"14334",16,12,4292.98,"Other"
"16125",366,14,4292.35,"Other"
"17191",27,15,4284.84,"Other"
"14854",77,11,4282.37,"Other"
"14307",88,10,4279.97,"Other"
"16081",55,8,4278.96,"Other"
"12449",21,5,4274.89,"Other"
"15845",17,11,4273.65,"Other"
"14466",28,13,4267.15,"Other"
"17372",40,27,4264.33,"Other"
"16283",5,8,4256.17,"Other"
"16293",8,15,4253.45,"Other"
"17930",35,13,4242.92,"Other"
"14001",45,9,4228.85,"Other"
"16712",8,13,4225.22,"Other"
"14290",10,8,4221.43,"Other"
"12395",15,15,4220.82,"Other"
"17728",3,5,4206.16,"Other"
"18079",44,5,4203.93,"Other"
"14239",42,21,4203.72,"Other"
"13911",56,20,4200.04,"Other"
"18230",8,9,4197.46,"Other"
"17412",2,16,4187.68,"Other"
"12935",1,15,4182.01,"Other"
"16072",287,4,4180.09,"Other"
"15861",11,12,4177.10,"Other"
"14868",2,12,4170.06,"Other"
"16743",28,14,4165.90,"Other"
"12757",15,9,4161.75,"Other"
"12653",148,3,4160.83,"Other"
"17673",0,13,4156.63,"Other"
"12536",7,1,4151.26,"Other"
"16209",88,9,4146.78,"Other"
"17738",18,13,4145.36,"Other"
"14482",17,12,4141.06,"Other"
"13461",38,6,4138.50,"Other"
"15002",115,9,4138.08,"Other"
"18287",42,7,4127.89,"Other"
"13450",26,13,4117.54,"Other"
"14408",10,11,4102.27,"Other"
"12454",52,4,4098.96,"Other"
"16477",63,11,4094.37,"Other"
"14566",110,4,4092.00,"Other"
"16858",365,10,4085.74,"Other"
"12444",20,5,4085.46,"Other"
"18194",63,6,4084.20,"Other"
"12627",10,6,4082.53,"Other"
"15518",63,15,4081.59,"Other"
"18077",7,18,4078.79,"Other"
"15493",32,9,4078.64,"Other"
"14913",35,8,4073.13,"Other"
"12598",9,10,4072.67,"Other"
"14740",190,11,4068.86,"Other"
"16875",63,11,4053.20,"Other"
"17682",9,11,4050.28,"Other"
"12553",7,12,4044.82,"Other"
"17083",108,9,4035.08,"Other"
"13421",39,8,4033.95,"Other"
"15050",24,5,4032.27,"Other"
"16571",2,10,4025.05,"Other"
"12840",143,7,4013.87,"Other"
"16098",87,14,4010.70,"Other"
"12483",16,19,4007.93,"Other"
"13048",13,9,4000.08,"Other"
"16241",9,16,3989.81,"Other"
"15665",167,5,3987.07,"Other"
"15782",9,4,3985.65,"Other"
"15680",8,10,3985.59,"Other"
"17618",5,11,3976.34,"Other"
"16732",31,4,3966.79,"Other"
"15572",4,10,3965.20,"Other"
"14277",14,8,3959.82,"Other"
"12370",50,7,3956.56,"Other"
"12578",20,4,3956.45,"Other"
"14547",3,8,3953.95,"Other"
"14824",9,10,3952.51,"Other"
"18259",24,7,3941.90,"Other"
"13982",38,9,3927.49,"Other"
"14465",246,11,3925.85,"Other"
"13542",376,17,3924.09,"Other"
"13895",20,6,3923.62,"Other"
"16771",32,10,3921.10,"Other"
"16455",63,11,3917.92,"Other"
"15752",39,9,3916.46,"Other"
"15051",22,9,3911.91,"Other"
"15819",48,10,3911.28,"Other"
"12388",15,8,3901.11,"Other"
"14498",42,10,3900.83,"Other"
"15571",11,14,3892.35,"Other"
"17218",3,18,3889.39,"Other"
"17667",65,9,3883.80,"Other"
"14047",8,14,3881.11,"Other"
"12523",1,23,3877.05,"Other"
"17406",329,13,3874.00,"Other"
"16218",29,13,3872.30,"Other"
"15195",2,1,3861.00,"Other"
"12408",32,8,3859.64,"Other"
"16440",7,6,3856.97,"Other"
"16791",28,15,3852.31,"Other"
"15067",77,5,3850.13,"Other"
"15804",0,13,3848.55,"Other"
"18073",113,12,3846.74,"Other"
"17646",218,12,3843.16,"Other"
"13037",137,12,3842.55,"Other"
"16841",36,12,3841.16,"Other"
"15708",40,9,3840.73,"Other"
"14655",3,7,3836.73,"Other"
"13995",14,14,3836.26,"Other"
"13213",56,11,3834.62,"Other"
"14532",235,11,3833.03,"Other"
"16341",24,7,3832.29,"Other"
"17287",25,21,3810.61,"Other"
"14878",12,25,3807.10,"Other"
"15421",58,10,3805.34,"Other"
"13481",45,11,3803.09,"Other"
"13357",256,5,3795.01,"Other"
"15365",25,13,3791.98,"Other"
"12782",4,11,3770.04,"Other"
"16150",38,10,3761.27,"Other"
"17553",129,4,3757.60,"Other"
"17173",4,8,3755.65,"Other"
"17293",7,17,3750.63,"Other"
"16128",17,11,3748.40,"Other"
"14309",7,11,3747.96,"Other"
"12876",57,4,3738.59,"Other"
"15696",32,13,3732.12,"Other"
"17071",8,13,3730.96,"Other"
"17211",26,13,3728.80,"Other"
"12853",107,11,3728.50,"Other"
"14364",108,8,3717.35,"Other"
"15370",40,8,3713.51,"Other"
"15288",42,10,3706.53,"Other"
"15494",20,5,3702.60,"Other"
"14540",9,11,3699.74,"Other"
"17954",4,19,3697.19,"Other"
"16240",7,2,3693.81,"Other"
"14515",17,12,3693.70,"Other"
"12726",27,11,3690.60,"Other"
"12857",210,6,3684.25,"Other"
"14565",95,5,3683.87,"Other"
"13126",4,13,3679.03,"Other"
"16928",79,26,3678.43,"Other"
"15704",139,6,3663.86,"Other"
"12349",18,3,3654.54,"Other"
"15532",24,10,3653.35,"Other"
"14744",15,14,3648.63,"Other"
"15255",66,9,3647.37,"Other"
"16466",33,15,3642.09,"Other"
"12422",95,12,3639.35,"Other"
"13632",24,8,3632.36,"Other"
"16748",17,14,3632.29,"Other"
"14649",4,9,3630.04,"Other"
"17096",8,11,3629.58,"Other"
"14770",231,8,3624.89,"Other"
"13305",3,16,3616.41,"Other"
"15834",69,7,3613.04,"Other"
"12360",51,6,3612.89,"Other"
"16053",32,6,3606.14,"Other"
"18242",71,8,3605.21,"Other"
"14593",21,12,3602.31,"Other"
"16094",11,11,3599.16,"Other"
"16503",106,11,3597.89,"Other"
"14970",67,12,3593.40,"Other"
"15480",115,3,3592.25,"Other"
"15569",103,10,3583.45,"Other"
"14132",1,11,3580.13,"Other"
"14857",59,7,3578.93,"Other"
"17063",8,13,3576.88,"Other"
"13750",53,11,3563.60,"Other"
"15024",9,16,3559.39,"Other"
"16444",45,17,3558.63,"Other"
"12721",31,8,3555.83,"Other"
"14737",3,4,3554.17,"Other"
"15079",212,11,3546.75,"Other"
"14503",2,6,3543.26,"Other"
"15791",43,5,3541.79,"Other"
"17528",0,8,3540.10,"Other"
"14817",199,7,3539.21,"Other"
"17659",3,14,3536.33,"Other"
"17019",10,11,3526.29,"Other"
"17848",80,30,3525.71,"Other"
"13505",67,4,3522.88,"Other"
"15858",15,13,3509.91,"Other"
"18044",3,18,3502.66,"Other"
"15505",52,5,3497.14,"Other"
"17311",77,6,3490.66,"Other"
"16950",56,10,3482.59,"Other"
"15306",63,9,3480.98,"Other"
"16983",12,11,3479.48,"Other"
"17722",95,5,3476.82,"Other"
"16325",43,12,3470.90,"Other"
"15712",8,12,3467.46,"Other"
"17526",0,12,3450.04,"Other"
"12358",1,5,3447.07,"Other"
"14640",15,10,3446.33,"Other"
"14837",89,9,3445.82,"Other"
"13536",0,7,3444.39,"Other"
"13849",51,5,3443.80,"Other"
"16208",44,10,3440.45,"Other"
"16395",60,14,3438.66,"Other"
"15974",38,7,3429.55,"Other"
"12670",9,7,3426.39,"Other"
"17597",213,5,3425.29,"Other"
"17913",58,14,3425.09,"Other"
"13313",21,12,3423.27,"Other"
"16281",71,3,3416.52,"Other"
"15222",318,11,3415.66,"Other"
"16347",10,11,3415.56,"Other"
"13437",13,7,3408.06,"Other"
"14653",0,11,3404.80,"Other"
"15114",29,12,3400.12,"Other"
"15059",40,19,3394.45,"Other"
"17723",126,7,3378.40,"Other"
"17307",364,11,3378.31,"Other"
"13135",196,2,3371.45,"Other"
"17725",15,11,3371.13,"Other"
"13707",266,5,3365.86,"Other"
"13285",22,6,3364.59,"Other"
"16719",14,14,3363.87,"Other"
"13425",107,5,3362.73,"Other"
"16271",15,8,3361.87,"Other"
"13823",18,7,3358.55,"Other"
"15058",24,16,3354.73,"Other"
"18168",175,16,3352.30,"Other"
"16360",4,6,3349.57,"Other"
"12371",59,4,3347.38,"Other"
"13577",24,11,3346.62,"Other"
"15369",374,11,3346.43,"Other"
"15265",150,4,3345.64,"Other"
"15811",16,7,3345.25,"Other"
"14882",26,14,3345.05,"Other"
"17422",15,11,3341.65,"Other"
"15113",9,3,3339.12,"Other"
"14776",50,15,3339.02,"Other"
"12530",59,9,3329.86,"Other"
"15676",8,3,3324.09,"Other"
"15351",11,10,3320.50,"Other"
"13929",168,11,3318.10,"Other"
"16818",10,11,3317.97,"Other"
"12623",275,7,3315.84,"Other"
"15065",37,5,3304.71,"Other"
"12865",25,4,3303.31,"Other"
"18219",2,17,3297.20,"Other"
"15953",14,18,3295.49,"Other"
"12631",56,6,3292.27,"Other"
"12424",162,4,3289.78,"Other"
"16539",2,10,3289.66,"Other"
"13431",66,8,3289.24,"Other"
"17768",7,7,3287.78,"Other"
"17183",7,6,3286.91,"Other"
"14285",20,8,3284.42,"Other"
"13979",72,7,3284.23,"Other"
"13131",22,7,3279.77,"Other"
"16351",332,13,3279.13,"Other"
"12872",326,12,3276.81,"Other"
"14409",70,9,3276.09,"Other"
"13824",32,12,3273.36,"Other"
"15978",76,3,3272.62,"Other"
"17931",133,14,3270.91,"Other"
"13291",155,11,3270.79,"Other"
"12377",314,4,3266.32,"Other"
"14608",3,10,3263.44,"Other"
"18188",14,6,3263.19,"Other"
"13611",88,10,3259.43,"Other"
"17774",96,9,3259.39,"Other"
"15827",72,28,3247.09,"Other"
"16612",32,9,3243.48,"Other"
"14898",22,14,3242.60,"Other"
"13246",17,11,3242.00,"Other"
"15356",30,13,3239.57,"Other"
"15140",51,8,3239.44,"Other"
"14215",11,9,3238.53,"Other"
"14669",241,7,3216.78,"Other"
"14451",59,12,3215.50,"Other"
"16107",17,7,3204.16,"Other"
"15625",99,9,3203.25,"Other"
"16057",3,10,3202.07,"Other"
"12468",142,5,3192.55,"Other"
"13868",6,2,3192.54,"Other"
"15380",8,11,3192.10,"Other"
"17924",0,8,3189.53,"Other"
"16045",119,8,3187.03,"Other"
"14533",24,11,3185.12,"Other"
"15057",274,5,3184.56,"Other"
"16515",51,10,3179.06,"Other"
"12645",33,8,3175.10,"Other"
"14315",20,8,3168.72,"Other"
"16837",30,11,3167.73,"Other"
"16101",8,4,3167.42,"Other"
"17679",52,7,3166.56,"Other"
"16041",30,3,3166.40,"Other"
"12951",8,15,3164.42,"Other"
"12963",7,12,3162.59,"Other"
"13804",30,9,3161.12,"Other"
"16365",17,15,3156.94,"Other"
"12976",211,8,3156.38,"Other"
"17353",128,4,3155.55,"Other"
"15632",15,8,3147.31,"Other"
"14306",50,6,3141.50,"Other"
"15095",103,10,3135.74,"Other"
"17354",50,4,3133.96,"Other"
"16918",49,16,3131.31,"Other"
"12569",1,32,3128.99,"Other"
"15199",58,10,3122.40,"Other"
"13685",2,7,3119.44,"Other"
"13052",211,7,3118.48,"Other"
"14963",9,12,3117.72,"Other"
"13786",366,6,3112.99,"Other"
"15983",21,8,3110.37,"Other"
"17640",86,6,3107.59,"Other"
"13268",17,10,3105.66,"Other"
"14217",1,23,3105.52,"Other"
"14507",23,11,3104.80,"Other"
"13538",42,12,3103.13,"Other"
"13397",72,10,3103.07,"Other"
"14897",7,8,3100.74,"Other"
"13650",16,10,3098.50,"Other"
"12937",14,9,3097.61,"Other"
"15105",17,9,3094.91,"Other"
"15491",94,6,3090.85,"Other"
"14312",46,11,3090.29,"Other"
"13464",57,6,3083.89,"Other"
"13772",33,8,3080.52,"Other"
"13742",16,12,3079.27,"Other"
"16584",79,5,3077.97,"Other"
"14978",71,10,3076.39,"Other"
"14700",31,5,3076.06,"Other"
"17929",10,12,3073.60,"Other"
"17147",22,9,3069.15,"Other"
"12597",18,4,3067.13,"Other"
"16400",94,9,3059.85,"Other"
"13196",10,7,3059.64,"Other"
"14044",26,10,3057.00,"Other"
"16059",65,12,3053.57,"Other"
"16007",47,7,3053.06,"Other"
"12619",15,9,3048.95,"Other"
"15823",336,2,3047.76,"Other"
"14673",2,7,3037.32,"Other"
"12909",39,8,3034.77,"Other"
"13647",9,8,3033.78,"Other"
"15241",66,11,3032.31,"Other"
"17621",20,6,3029.32,"Other"
"16678",2,12,3025.24,"Other"
"13692",24,5,3022.95,"Other"
"12609",77,9,3021.86,"Other"
"13631",99,11,3021.77,"Other"
"16933",0,9,3017.65,"Other"
"12849",30,6,3015.98,"Other"
"13848",91,8,3015.00,"Other"
"15916",15,13,3014.04,"Other"
"12754",235,3,3010.74,"Other"
"16560",20,8,3010.73,"Other"
"16718",368,5,3006.08,"Other"
"15754",50,9,3001.86,"Other"
"14038",77,5,3000.93,"Other"
"14456",4,9,3000.80,"Other"
"17702",29,6,2999.94,"Other"
"14161",215,7,2996.93,"Other"
"12502",95,5,2995.87,"Other"
"14344",126,20,2993.05,"Other"
"12510",142,7,2989.33,"Other"
"17090",3,13,2986.64,"Other"
"15687",8,9,2981.50,"Other"
"12770",210,2,2981.45,"Other"
"13557",27,13,2980.08,"Other"
"16012",34,5,2978.59,"Other"
"15027",30,10,2974.04,"Other"
"14064",28,15,2967.57,"Other"
"14506",16,7,2960.25,"Other"
"18241",9,21,2954.09,"Other"
"13485",232,11,2953.92,"Other"
"12838",33,10,2953.46,"Other"
"16120",58,6,2952.51,"Other"
"13253",156,4,2951.11,"Other"
"14226",28,6,2950.38,"Other"
"13635",67,4,2948.22,"Other"
"17692",126,12,2947.04,"Other"
"15967",22,12,2943.60,"Other"
"15182",153,11,2942.75,"Other"
"12877",3,20,2942.14,"Other"
"15757",65,6,2940.36,"Other"
"14544",23,3,2938.53,"Other"
"16416",26,9,2937.88,"Other"
"12906",11,5,2919.81,"Other"
"16358",0,5,2917.10,"Other"
"15312",74,12,2916.49,"Other"
"14867",185,16,2910.41,"Other"
"14524",31,13,2909.86,"Other"
"17655",10,9,2909.18,"Other"
"13764",70,6,2908.67,"Other"
"15602",7,16,2902.16,"Other"
"17588",99,7,2901.65,"Other"
"12854",78,7,2899.32,"Other"
"13784",9,14,2897.18,"Other"
"13110",30,12,2896.17,"Other"
"15392",4,7,2891.82,"Other"
"17242",107,5,2889.28,"Other"
"14916",70,8,2888.21,"Other"
"15373",7,17,2881.74,"Other"
"14251",1,5,2879.70,"Other"
"14621",0,9,2878.27,"Other"
"16633",16,6,2878.15,"Other"
"18170",32,9,2878.00,"Other"
"14005",9,5,2874.72,"Other"
"14758",144,7,2864.97,"Other"
"16062",9,8,2863.45,"Other"
"13890",0,14,2858.73,"Other"
"15043",30,6,2855.32,"Other"
"13728",36,16,2855.17,"Other"
"14875",8,3,2850.50,"Other"
"17961",20,100,2850.29,"Other"
"14935",296,2,2849.83,"Other"
"16755",113,7,2846.13,"Other"
"13501",242,3,2840.26,"Other"
"15611",9,24,2837.37,"Other"
"16229",86,6,2835.36,"Other"
"16383",74,7,2828.94,"Other"
"17228",15,13,2820.03,"Other"
"16225",44,15,2813.81,"Other"
"15031",3,14,2813.73,"Other"
"17386",7,7,2812.77,"Other"
"14293",2,9,2809.41,"Other"
"14711",9,11,2809.02,"Other"
"13477",37,11,2806.12,"Other"
"15797",112,5,2806.08,"Other"
"13330",92,6,2796.10,"Other"
"14035",28,9,2790.50,"Other"
"13032",38,9,2790.00,"Other"
"16979",3,9,2787.09,"Other"
"17530",0,12,2786.15,"Other"
"12826",2,12,2784.20,"Other"
"13719",14,11,2782.10,"Other"
"17790",26,20,2779.41,"Other"
"12863",51,6,2775.55,"Other"
"17031",11,6,2773.85,"Other"
"15235",217,16,2772.76,"Other"
"15353",254,7,2772.57,"Other"
"13695",30,16,2770.73,"Other"
"18210",1,7,2768.83,"Other"
"14233",43,7,2766.96,"Other"
"15563",8,6,2764.67,"Other"
"16407",12,14,2761.65,"Other"
"16871",21,6,2761.49,"Other"
"15965",16,13,2758.19,"Other"
"12589",28,6,2752.17,"Other"
"16711",2,9,2751.48,"Other"
"14869",3,6,2750.70,"Other"
"16764",3,13,2749.95,"Other"
"17870",1,13,2748.34,"Other"
"13963",307,17,2748.32,"Other"
"17552",59,12,2744.63,"Other"
"14121",3,4,2740.30,"Other"
"16775",9,16,2739.24,"Other"
"15329",34,11,2737.18,"Other"
"15389",171,5,2733.80,"Other"
"14903",20,5,2729.18,"Other"
"15993",8,7,2728.22,"Other"
"15810",78,8,2724.80,"Other"
"16190",39,8,2723.55,"Other"
"14125",10,3,2720.63,"Other"
"15841",63,9,2716.50,"Other"
"13077",0,11,2716.15,"Other"
"13736",4,7,2701.27,"Other"
"12391",21,6,2699.24,"Other"
"18173",86,5,2696.36,"Other"
"16232",32,7,2692.02,"Other"
"16086",58,10,2685.65,"Other"
"17388",77,11,2675.37,"Other"
"12374",24,3,2669.22,"Other"
"15910",0,15,2661.17,"Other"
"16434",28,12,2658.99,"Other"
"18283",3,22,2658.95,"Other"
"16369",17,7,2654.48,"Other"
"17884",3,20,2649.47,"Other"
"17744",3,7,2649.14,"Other"
"12820",2,11,2647.94,"Other"
"15671",18,7,2635.49,"Other"
"13819",301,6,2631.10,"Other"
"16618",30,5,2630.64,"Other"
"13203",9,10,2630.55,"Other"
"12755",249,11,2629.50,"Other"
"16276",176,3,2629.39,"Other"
"17470",44,11,2626.47,"Other"
"14404",33,13,2625.13,"Other"
"12635",89,4,2624.41,"Other"
"15596",100,9,2621.27,"Other"
"14262",7,8,2618.23,"Other"
"17115",7,7,2616.29,"Other"
"17720",25,10,2613.06,"Other"
"15985",122,7,2610.28,"Other"
"15142",45,6,2608.97,"Other"
"13422",50,1,2601.55,"Other"
"15157",3,5,2597.88,"Other"
"13644",8,4,2597.52,"Other"
"13211",9,10,2596.32,"Other"
"17490",0,9,2595.01,"Other"
"14163",86,5,2594.62,"Other"
"17043",31,8,2593.65,"Other"
"14129",1,9,2591.34,"Other"
"15062",70,8,2585.62,"Other"
"15826",50,4,2583.13,"Other"
"13012",8,11,2581.28,"Other"
"12685",27,6,2575.08,"Other"
"16206",54,13,2572.17,"Other"
"13700",25,13,2569.72,"Other"
"14431",298,4,2567.10,"Other"
"17002",72,7,2565.60,"Other"
"14756",14,3,2563.46,"Other"
"12982",239,8,2562.12,"Other"
"16036",86,4,2556.84,"Other"
"14397",0,19,2556.68,"Other"
"15660",24,15,2554.84,"Other"
"12456",43,3,2553.89,"Other"
"16115",9,12,2553.80,"Other"
"17284",59,7,2547.70,"Other"
"18179",8,8,2547.55,"Other"
"12473",53,3,2545.27,"Other"
"13192",94,6,2544.53,"Other"
"14548",150,9,2541.29,"Other"
"15033",4,10,2538.23,"Other"
"13862",17,9,2534.04,"Other"
"15814",2,6,2531.84,"Other"
"16889",194,6,2526.65,"Other"
"14790",16,10,2526.62,"Other"
"17317",45,3,2524.02,"Other"
"17095",21,7,2520.75,"Other"
"15434",7,11,2517.11,"Other"
"17463",15,7,2515.26,"Other"
"13344",67,3,2511.69,"Other"
"16104",61,9,2511.21,"Other"
"16499",359,8,2509.64,"Other"
"15862",7,13,2507.14,"Other"
"17101",9,7,2507.05,"Other"
"13471",0,4,2501.84,"Other"
"17594",84,4,2497.88,"Other"
"15747",12,9,2497.86,"Other"
"14541",58,14,2491.38,"Other"
"17262",51,11,2488.76,"Other"
"15227",36,9,2488.49,"Other"
"16987",2,11,2487.55,"Other"
"15117",14,8,2484.32,"Other"
"15716",145,11,2482.74,"Other"
"13414",133,6,2482.24,"Other"
"15681",17,14,2480.20,"Other"
"13507",2,4,2479.16,"Other"
"12967",2,3,2472.37,"Other"
"14934",72,5,2471.07,"Other"
"14745",112,12,2471.06,"Other"
"14229",51,7,2468.99,"Other"
"17288",8,11,2468.43,"Other"
"16202",360,9,2467.04,"Other"
"12438",13,2,2466.85,"Other"
"17164",32,7,2466.40,"Other"
"14696",3,8,2465.30,"Other"
"17131",4,5,2463.17,"Other"
"15932",3,8,2461.85,"Other"
"14842",34,4,2456.80,"Other"
"13623",30,10,2456.73,"Other"
"14421",56,6,2456.62,"Other"
"14659",8,9,2456.53,"Other"
"13588",15,9,2449.53,"Other"
"17320",99,6,2444.85,"Other"
"15906",19,10,2442.44,"Other"
"15111",28,5,2442.37,"Other"
"15623",140,8,2437.05,"Other"
"17505",161,5,2435.48,"Other"
"17348",14,9,2430.99,"Other"
"13949",2,6,2427.32,"Other"
"17629",5,10,2425.52,"Other"
"15021",8,12,2422.35,"Other"
"13134",72,6,2422.28,"Other"
"12739",98,2,2421.23,"Other"
"15089",9,6,2420.84,"Other"
"13878",54,4,2416.90,"Other"
"12924",87,12,2415.20,"Other"
"18171",58,9,2414.51,"Other"
"16470",51,11,2411.90,"Other"
"13473",60,8,2410.98,"Other"
"17676",3,10,2409.73,"Other"
"16833",0,6,2409.04,"Other"
"16554",2,8,2407.17,"Other"
"14195",201,6,2401.40,"Other"
"15341",80,2,2401.02,"Other"
"16817",2,13,2392.85,"Other"
"17444",151,2,2389.10,"Other"
"15366",74,7,2389.08,"Other"
"12412",74,6,2389.03,"Other"
"14414",91,8,2387.48,"Other"
"16105",248,5,2386.19,"Other"
"13151",202,3,2385.66,"Other"
"14256",253,5,2384.14,"Other"
"16040",64,7,2383.70,"Other"
"15793",8,8,2382.92,"Other"
"16359",6,16,2379.40,"Other"
"12393",71,6,2376.75,"Other"
"16638",22,15,2375.88,"Other"
"13173",3,11,2370.97,"Other"
"17827",4,6,2369.42,"Other"
"16147",133,5,2367.02,"Other"
"17623",32,7,2365.77,"Other"
"15860",40,17,2358.80,"Other"
"17634",35,9,2358.59,"Other"
"15073",9,8,2357.04,"Other"
"17921",63,10,2354.21,"Other"
"14810",40,13,2354.03,"Other"
"16083",100,4,2351.42,"Other"
"14496",311,7,2341.54,"Other"
"13118",19,9,2334.10,"Other"
"17434",1,7,2333.42,"Other"
"12676",24,10,2333.09,"Other"
"13614",23,6,2332.74,"Other"
"16005",11,10,2332.62,"Other"
"16676",33,6,2328.50,"Other"
"17591",72,8,2328.37,"Other"
"15489",22,8,2327.36,"Other"
"12733",233,4,2325.97,"Other"
"17004",45,4,2324.36,"Other"
"16085",22,12,2318.91,"Other"
"14346",120,5,2315.75,"Other"
"16628",29,7,2313.09,"Other"
"14295",39,4,2309.06,"Other"
"17282",129,5,2308.54,"Other"
"13813",39,8,2308.42,"Other"
"14502",19,11,2307.14,"Other"
"12948",15,9,2306.18,"Other"
"18095",312,5,2303.09,"Other"
"13908",79,4,2297.05,"Other"
"13704",4,9,2295.31,"Other"
"14555",56,6,2294.88,"Other"
"12520",78,5,2294.51,"Other"
"16496",8,6,2293.47,"Other"
"15549",76,8,2292.91,"Other"
"13055",63,4,2292.51,"Other"
"12423",0,10,2291.19,"Other"
"13085",157,8,2289.58,"Other"
"17047",84,6,2289.23,"Other"
"12516",77,4,2288.62,"Other"
"17313",17,1,2288.13,"Other"
"17018",40,6,2287.70,"Other"
"14481",164,5,2284.69,"Other"
"14554",9,4,2279.49,"Other"
"14808",39,8,2277.80,"Other"
"13994",3,6,2274.14,"Other"
"13280",121,7,2267.83,"Other"
"12517",27,4,2263.65,"Other"
"16531",21,11,2263.58,"Other"
"15734",114,4,2263.30,"Other"
"13652",45,5,2262.05,"Other"
"13655",113,6,2261.66,"Other"
"13059",249,10,2261.22,"Other"
"17193",35,9,2254.60,"Other"
"13117",21,18,2253.96,"Other"
"17414",43,6,2249.52,"Other"
"14432",9,6,2248.50,"Other"
"17894",71,18,2248.44,"Other"
"12701",79,6,2248.41,"Other"
"16174",125,7,2246.75,"Other"
"15865",40,5,2241.42,"Other"
"13814",55,3,2239.07,"Other"
"16551",95,7,2237.12,"Other"
"16823",226,7,2236.14,"Other"
"16883",186,19,2236.11,"Other"
"17969",165,20,2235.54,"Other"
"14449",18,8,2230.96,"Other"
"18215",88,5,2223.99,"Other"
"16350",20,9,2222.49,"Other"
"13627",58,7,2217.55,"Other"
"16812",360,4,2216.80,"Other"
"17075",17,10,2216.28,"Other"
"17180",55,11,2216.12,"Other"
"12397",35,2,2214.90,"Other"
"17994",121,11,2213.58,"Other"
"14748",28,10,2208.89,"Other"
"17648",60,5,2208.42,"Other"
"14177",84,13,2204.74,"Other"
"14462",63,12,2204.69,"Other"
"14467",17,12,2203.24,"Other"
"14321",10,7,2198.58,"Other"
"14006",115,7,2196.67,"Other"
"14212",89,2,2190.14,"Other"
"18177",30,9,2189.07,"Other"
"14597",10,6,2184.63,"Other"
"14834",17,7,2184.21,"Other"
"16042",21,8,2183.10,"Other"
"16317",119,5,2179.76,"Other"
"13338",153,4,2173.62,"Other"
"16076",2,10,2173.53,"Other"
"13410",8,9,2172.51,"Other"
"14665",60,7,2172.33,"Other"
"16108",84,4,2171.93,"Other"
"13662",85,11,2166.63,"Other"
"13762",203,5,2165.76,"Other"
"17550",196,9,2165.54,"Other"
"14595",19,8,2164.45,"Other"
"13365",8,2,2164.32,"Other"
"15944",276,4,2164.24,"Other"
"17905",70,13,2159.07,"Other"
"14205",16,9,2156.30,"Other"
"17822",419,5,2154.08,"Other"
"12856",7,6,2153.53,"Other"
"16275",196,3,2151.11,"Other"
"16966",7,7,2148.97,"Other"
"13224",59,2,2147.85,"Other"
"16004",474,5,2146.39,"Other"
"17368",22,14,2145.39,"Other"
"17272",41,4,2144.53,"Other"
"13320",69,6,2144.45,"Other"
"17732",372,8,2144.17,"Other"
"14216",2,5,2142.39,"Other"
"16177",49,8,2141.61,"Other"
"15426",18,9,2138.86,"Other"
"17029",110,7,2137.30,"Other"
"15638",300,6,2137.20,"Other"
"17305",648,1,2135.46,"Other"
"16379",3,4,2131.90,"Other"
"16520",185,6,2131.68,"Other"
"18116",67,13,2130.89,"Other"
"16485",76,5,2130.19,"Other"
"12802",183,5,2120.42,"Other"
"16134",21,5,2119.99,"Other"
"14410",15,11,2119.08,"Other"
"14472",103,9,2118.72,"Other"
"14360",31,4,2118.03,"Other"
"13152",416,7,2114.98,"Other"
"14691",30,5,2114.33,"Other"
"14573",179,13,2113.42,"Other"
"13643",30,10,2112.17,"Other"
"13407",578,3,2111.89,"Other"
"16493",72,7,2110.12,"Other"
"13517",59,3,2109.07,"Other"
"13755",3,9,2101.39,"Other"
"15815",63,5,2100.60,"Other"
"17742",112,11,2098.48,"Other"
"14407",106,5,2096.08,"Other"
"17159",21,5,2095.44,"Other"
"13753",287,4,2094.57,"Other"
"16600",3,13,2093.56,"Other"
"14469",415,4,2093.46,"Other"
"14399",393,8,2093.21,"Other"
"13265",52,5,2092.66,"Other"
"17113",504,6,2092.16,"Other"
"15456",282,10,2091.52,"Other"
"16054",144,4,2090.68,"Other"
"15151",422,2,2085.61,"Other"
"12724",4,7,2083.52,"Other"
"14499",25,7,2083.44,"Other"
"13591",64,7,2081.19,"Other"
"13455",24,6,2080.88,"Other"
"14644",8,7,2077.47,"Other"
"18026",500,2,2074.07,"Other"
"12684",7,6,2073.63,"Other"
"13610",11,14,2070.71,"Other"
"16201",2,5,2070.17,"Other"
"13478",468,5,2068.03,"Other"
"18009",234,8,2065.48,"Other"
"12997",21,8,2065.11,"Other"
"16807",142,6,2064.88,"Other"
"17585",108,7,2064.71,"Other"
"13748",95,9,2064.35,"Other"
"16726",25,7,2063.88,"Other"
"14443",53,5,2063.65,"Other"
"16934",54,6,2062.89,"Other"
"12649",106,8,2060.50,"Other"
"15252",35,5,2053.06,"Other"
"16016",2,11,2053.00,"Other"
"17086",6,6,2050.08,"Other"
"17666",3,5,2047.80,"Other"
"12586",16,4,2045.67,"Other"
"16996",29,9,2044.16,"Other"
"14232",31,5,2043.93,"Other"
"12868",185,8,2043.76,"Other"
"17705",2,11,2041.50,"Other"
"18258",463,6,2040.97,"Other"
"13799",116,9,2039.82,"Other"
"14988",211,7,2038.65,"Other"
"16214",170,4,2038.25,"Other"
"16331",431,6,2037.70,"Other"
"16795",364,3,2035.21,"Other"
"15253",15,8,2033.29,"Other"
"12457",57,7,2032.31,"Other"
"17289",31,9,2032.30,"Other"
"15272",56,6,2030.95,"Other"
"15506",22,6,2030.33,"Other"
"16794",0,15,2029.48,"Other"
"17897",172,9,2027.54,"Other"
"12873",281,3,2027.30,"Other"
"12599",28,13,2026.72,"Other"
"13989",65,5,2026.06,"Other"
"14651",66,9,2025.52,"Other"
"14631",50,6,2023.17,"Other"
"15384",169,4,2021.14,"Other"
"14147",48,9,2019.30,"Other"
"14188",8,6,2018.91,"Other"
"17324",17,12,2018.07,"Other"
"12418",112,4,2016.95,"Other"
"16197",468,9,2016.71,"Other"
"15864",21,7,2014.22,"Other"
"13663",178,5,2013.61,"Other"
"16221",36,9,2011.97,"Other"
"15164",68,9,2011.21,"Other"
"14225",434,4,2009.17,"Other"
"13696",421,3,2008.70,"Other"
"13092",70,12,2007.33,"Other"
"12576",35,8,2003.87,"Other"
"13888",119,7,2001.59,"Other"
"12986",402,10,1998.34,"Other"
"14628",90,5,1998.00,"Other"
"16698",226,2,1998.00,"Other"
"15990",43,7,1997.75,"Other"
"17126",151,9,1996.03,"Other"
"13630",4,7,1995.68,"Other"
"12975",429,6,1993.99,"Other"
"15481",400,1,1993.34,"Other"
"17048",114,7,1991.45,"Other"
"17088",27,4,1991.01,"Other"
"13094",20,13,1990.98,"Other"
"13874",357,7,1989.20,"Other"
"15550",3,12,1987.85,"Other"
"16529",189,4,1986.80,"Other"
"14623",31,10,1983.55,"Other"
"14967",49,6,1982.61,"Other"
"16235",40,8,1980.61,"Other"
"15795",149,8,1979.87,"Other"
"16332",27,11,1977.05,"Other"
"14152",74,7,1975.44,"Other"
"16065",364,8,1975.13,"Other"
"17633",30,7,1974.89,"Other"
"15531",7,2,1972.39,"Other"
"17797",21,8,1971.87,"Other"
"14634",437,4,1971.82,"Other"
"14396",64,7,1969.38,"Other"
"16960",38,8,1967.48,"Other"
"15030",71,8,1967.16,"Other"
"13693",324,9,1966.32,"Other"
"16032",455,6,1965.72,"Other"
"17351",35,12,1964.38,"Other"
"15658",189,8,1964.14,"Other"
"16176",420,4,1964.04,"Other"
"17966",37,10,1963.92,"Other"
"17158",31,5,1962.30,"Other"
"18204",70,3,1960.95,"Other"
"14477",19,7,1960.61,"Other"
"16290",464,4,1957.70,"Other"
"14301",107,4,1956.23,"Other"
"17039",603,1,1954.99,"Other"
"18016",31,7,1954.56,"Other"
"17554",0,5,1952.45,"Other"
"13761",49,6,1952.17,"Other"
"13208",58,8,1951.82,"Other"
"14014",76,3,1948.21,"Other"
"12501",314,1,1945.68,"Other"
"15425",399,4,1941.12,"Other"
"15478",39,3,1940.98,"Other"
"14905",153,8,1939.69,"Other"
"14418",3,3,1937.25,"Other"
"17460",78,16,1937.10,"Other"
"14276",87,7,1933.73,"Other"
"15789",357,6,1932.01,"Other"
"15803",50,4,1929.66,"Other"
"17236",12,12,1929.26,"Other"
"13029",30,5,1927.30,"Other"
"16788",122,5,1927.28,"Other"
"16681",72,7,1921.84,"Other"
"12842",69,4,1917.99,"Other"
"14332",22,5,1917.41,"Other"
"16619",253,4,1916.53,"Other"
"16650",71,7,1916.11,"Other"
"13476",178,5,1915.77,"Other"
"14901",10,12,1912.70,"Other"
"15620",49,4,1909.93,"Other"
"12725",370,3,1906.76,"Other"
"17046",156,5,1906.07,"Other"
"14250",6,3,1904.05,"Other"
"14127",122,6,1900.08,"Other"
"14710",13,13,1899.79,"Other"
"14730",0,8,1897.57,"Other"
"17337",150,4,1896.06,"Other"
"17560",94,9,1895.80,"Other"
"14327",162,6,1894.93,"Other"
"14794",2,10,1889.15,"Other"
"15381",213,5,1887.62,"Other"
"12560",4,2,1885.39,"Other"
"16172",94,8,1884.55,"Other"
"16027",91,15,1882.34,"Other"
"17227",18,12,1878.93,"Other"
"16942",12,9,1878.51,"Other"
"14000",205,5,1877.59,"Other"
"13276",63,5,1871.21,"Other"
"16742",46,13,1870.07,"Other"
"16631",481,7,1867.02,"Other"
"15248",410,3,1865.03,"Other"
"17350",7,7,1863.82,"Other"
"16426",1,10,1863.76,"Other"
"14887",78,1,1862.00,"Other"
"12687",480,1,1858.91,"Other"
"14130",318,4,1858.77,"Other"
"16043",37,8,1856.59,"Other"
"15561",11,8,1856.54,"Other"
"13889",92,6,1855.73,"Other"
"18151",134,6,1853.94,"Other"
"16049",39,6,1852.15,"Other"
"18180",4,6,1843.75,"Other"
"12950",1,3,1843.00,"Other"
"16917",276,2,1842.93,"Other"
"12399",118,7,1842.30,"Other"
"16102",41,3,1842.14,"Other"
"14224",109,9,1841.71,"Other"
"12518",0,5,1840.89,"Other"
"17919",87,2,1840.32,"Other"
"17015",28,3,1838.61,"Other"
"15081",21,12,1837.12,"Other"
"16175",93,7,1836.44,"Other"
"13168",35,5,1831.68,"Other"
"17152",194,4,1830.50,"Other"
"14912",16,5,1829.78,"Other"
"16152",268,1,1829.04,"Other"
"16825",38,5,1826.89,"Other"
"17244",52,5,1826.04,"Other"
"15678",52,3,1825.94,"Other"
"17642",119,5,1824.49,"Other"
"16169",7,4,1822.97,"Other"
"14403",129,6,1822.76,"Other"
"16163",224,6,1822.03,"Other"
"14389",8,5,1821.07,"Other"
"12582",238,4,1820.40,"Other"
"17787",152,4,1817.54,"Other"
"15402",148,6,1816.22,"Other"
"16205",30,7,1813.51,"Other"
"16880",30,8,1813.21,"Other"
"12584",3,9,1809.95,"Other"
"13725",49,8,1809.81,"Other"
"14715",24,8,1809.55,"Other"
"15530",21,5,1808.68,"Other"
"15807",49,5,1807.57,"Other"
"15133",127,5,1806.90,"Other"
"14305",70,3,1803.76,"Other"
"13561",215,11,1803.40,"Other"
"14723",9,11,1801.36,"Other"
"16249",52,5,1800.07,"Other"
"15822",2,6,1797.71,"Other"
"12644",129,4,1797.54,"Other"
"18161",9,6,1797.20,"Other"
"18235",71,3,1796.48,"Other"
"12674",11,4,1796.26,"Other"
"18236",29,12,1795.35,"Other"
"14870",261,6,1794.60,"Other"
"14553",18,9,1793.10,"Other"
"18122",7,6,1791.84,"Other"
"13884",6,10,1788.93,"Other"
"13375",80,2,1786.48,"Other"
"15608",27,5,1785.98,"Other"
"15452",29,6,1785.11,"Other"
"14893",9,3,1785.01,"Other"
"17165",283,6,1783.63,"Other"
"16110",44,4,1781.59,"Other"
"13782",12,13,1778.13,"Other"
"16611",185,6,1776.63,"Other"
"18220",219,6,1771.70,"Other"
"15972",455,5,1769.33,"Other"
"15594",15,5,1767.53,"Other"
"12585",233,2,1766.81,"Other"
"16751",30,1,1764.72,"Other"
"16692",255,4,1764.70,"Other"
"14738",38,9,1763.64,"Other"
"14708",2,5,1763.52,"Other"
"16797",392,5,1761.02,"Other"
"16620",3,6,1758.93,"Other"
"15220",51,6,1758.92,"Other"
"16511",21,6,1758.49,"Other"
"16266",73,14,1757.95,"Other"
"16595",60,5,1757.75,"Other"
"16510",371,6,1757.25,"Other"
"14915",85,11,1752.65,"Other"
"16474",6,7,1750.46,"Other"
"15100",329,7,1750.10,"Other"
"14522",23,8,1748.42,"Other"
"13717",31,8,1748.05,"Other"
"13808",5,5,1747.66,"Other"
"16770",57,9,1746.83,"Other"
"13946",78,6,1745.43,"Other"
"16380",60,1,1743.15,"Other"
"16348",31,8,1742.08,"Other"
"12704",6,8,1740.84,"Other"
"17609",40,11,1740.01,"Other"
"15473",13,8,1740.00,"Other"
"16087",388,5,1739.92,"Other"
"17974",24,6,1739.09,"Other"
"15605",35,9,1738.55,"Other"
"13456",17,6,1737.82,"Other"
"12531",14,2,1737.05,"Other"
"15128",59,5,1735.93,"Other"
"13920",431,4,1734.88,"Other"
"17268",107,11,1733.89,"Other"
"15777",240,7,1732.16,"Other"
"17432",17,9,1728.99,"Other"
"16891",1,11,1727.94,"Other"
"14387",32,3,1727.60,"Other"
"14896",204,8,1727.30,"Other"
"16809",22,9,1725.48,"Other"
"14584",168,8,1725.16,"Other"
"14075",4,5,1724.87,"Other"
"12592",91,4,1723.64,"Other"
"16119",7,8,1720.81,"Other"
"14704",19,9,1720.58,"Other"
"17695",131,5,1720.54,"Other"
"17671",15,5,1720.53,"Other"
"15267",21,5,1717.36,"Other"
"13705",7,7,1717.19,"Other"
"14021",154,7,1716.58,"Other"
"14741",11,7,1713.09,"Other"
"18239",218,6,1712.26,"Other"
"14447",18,6,1711.73,"Other"
"13665",385,3,1711.66,"Other"
"16374",65,5,1709.55,"Other"
"16124",315,4,1709.39,"Other"
"13104",2,9,1709.10,"Other"
"15947",82,1,1708.24,"Other"
"15730",65,5,1708.18,"Other"
"15885",92,13,1707.57,"Other"
"17162",28,10,1707.21,"Other"
"16902",115,1,1706.88,"Other"
"13503",70,5,1706.79,"Other"
"13309",6,6,1706.37,"Other"
"12610",22,4,1705.99,"Other"
"14692",136,12,1705.64,"Other"
"17135",15,10,1705.46,"Other"
"14859",12,5,1703.94,"Other"
"14400",140,3,1703.00,"Other"
"12762",7,2,1702.52,"Other"
"15221",365,4,1702.00,"Other"
"12932",538,8,1698.56,"Other"
"13026",0,9,1697.74,"Other"
"17694",141,3,1695.97,"Other"
"16899",7,8,1695.77,"Other"
"17750",4,9,1694.16,"Other"
"12764",316,1,1693.88,"Other"
"16010",245,11,1692.91,"Other"
"16671",27,3,1692.27,"Other"
"13838",5,10,1690.07,"Other"
"13294",189,3,1689.53,"Other"
"16993",462,2,1688.15,"Other"
"13516",20,4,1685.26,"Other"
"13566",40,5,1684.75,"Other"
"15911",623,8,1683.79,"Other"
"13924",1,6,1682.08,"Other"
"13648",399,8,1681.12,"Other"
"12425",77,2,1680.81,"Other"
"15976",164,6,1680.31,"Other"
"13800",309,3,1679.56,"Other"
"16233",70,9,1678.26,"Other"
"14245",175,2,1677.48,"Other"
"13149",13,4,1676.06,"Other"
"16725",301,13,1675.41,"Other"
"17656",72,5,1674.69,"Other"
"17603",49,4,1671.18,"Other"
"17534",53,5,1668.83,"Other"
"15736",429,2,1668.67,"Other"
"12385",378,1,1668.40,"Other"
"13434",73,5,1666.86,"Other"
"13064",12,6,1666.84,"Other"
"15192",119,5,1666.39,"Other"
"17321",7,6,1665.21,"Other"
"16329",427,4,1664.92,"Other"
"12912",2,5,1662.30,"Other"
"12870",365,3,1662.05,"Other"
"15214",1,8,1661.44,"Other"
"15649",335,4,1660.35,"Other"
"14583",5,8,1660.29,"Other"
"16639",24,4,1659.85,"Other"
"12694",69,3,1659.45,"Other"
"12348",74,5,1658.40,"Other"
"16859",105,7,1657.74,"Other"
"14643",169,5,1654.69,"Other"
"13308",22,4,1652.47,"Other"
"16813",7,10,1652.18,"Other"
"12911",551,1,1651.72,"Other"
"16625",274,5,1651.08,"Other"
"17451",0,7,1648.95,"Other"
"17813",13,5,1641.79,"Other"
"17041",26,6,1639.40,"Other"
"18096",11,6,1638.16,"Other"
"16768",47,9,1637.52,"Other"
"17006",4,8,1635.27,"Other"
"15310",478,1,1634.64,"Other"
"12528",8,6,1634.28,"Other"
"13711",218,9,1632.61,"Other"
"14164",70,2,1631.77,"Other"
"16398",144,2,1631.15,"Other"
"14904",1,4,1630.49,"Other"
"17571",49,5,1629.66,"Other"
"15551",36,7,1629.01,"Other"
"14420",84,4,1627.72,"Other"
"15167",320,5,1627.62,"Other"
"15339",65,7,1627.27,"Other"
"14759",4,3,1625.97,"Other"
"15172",8,5,1624.05,"Other"
"14831",573,3,1623.97,"Other"
"13363",17,3,1623.86,"Other"
"12813",501,3,1621.80,"Other"
"18276",20,6,1620.67,"Other"
"14937",56,3,1617.63,"Other"
"12383",184,5,1617.31,"Other"
"16224",56,5,1616.54,"Other"
"15607",336,9,1616.37,"Other"
"13184",14,10,1615.45,"Other"
"15422",322,7,1615.02,"Other"
"14336",16,4,1614.91,"Other"
"15013",487,10,1610.82,"Other"
"17814",374,2,1609.37,"Other"
"13154",398,3,1609.29,"Other"
"12352",35,9,1609.21,"Other"
"12847",21,2,1609.00,"Other"
"13249",91,9,1608.93,"Other"
"13900",182,6,1608.09,"Other"
"14920",212,3,1607.17,"Other"
"17515",30,9,1602.51,"Other"
"14850",311,7,1599.76,"Other"
"12514",266,2,1597.76,"Other"
"15134",14,10,1596.29,"Other"
"17853",406,3,1596.29,"Other"
"15325",103,8,1596.26,"Other"
"13417",4,6,1593.89,"Other"
"17028",580,3,1593.83,"Other"
"16860",452,3,1593.67,"Other"
"13850",87,1,1586.81,"Other"
"13156",384,3,1586.54,"Other"
"16096",263,4,1584.97,"Other"
"13740",240,5,1582.77,"Other"
"17540",8,6,1582.10,"Other"
"14178",8,7,1580.26,"Other"
"13239",261,5,1579.84,"Other"
"13752",123,7,1579.83,"Other"
"14587",18,9,1577.39,"Other"
"12933",23,8,1576.88,"Other"
"14489",206,4,1574.93,"Other"
"14492",429,7,1574.36,"Other"
"14719",1,5,1571.89,"Other"
"13202",378,7,1571.35,"Other"
"15289",28,5,1570.71,"Other"
"12549",575,5,1570.68,"Other"
"17624",14,4,1568.63,"Other"
"16716",266,3,1568.28,"Other"
"16099",49,7,1568.25,"Other"
"17222",64,6,1563.61,"Other"
"17235",24,8,1562.98,"Other"
"17886",31,6,1562.60,"Other"
"16774",67,8,1560.88,"Other"
"15466",84,4,1560.46,"Other"
"16256",257,3,1559.57,"Other"
"15279",354,5,1554.84,"Other"
"18149",50,7,1553.96,"Other"
"14136",400,5,1553.96,"Other"
"15074",104,3,1553.13,"Other"
"17851",421,6,1552.35,"Other"
"14078",101,9,1551.82,"Other"
"12577",34,8,1550.75,"Other"
"14186",426,5,1550.63,"Other"
"13337",518,1,1550.06,"Other"
"16366",18,4,1548.13,"Other"
"13554",379,7,1547.46,"Other"
"16017",46,5,1545.58,"Other"
"18036",31,11,1545.49,"Other"
"14754",44,6,1543.73,"Other"
"14236",80,5,1543.44,"Other"
"16915",8,11,1543.18,"Other"
"17649",134,3,1542.44,"Other"
"13783",487,4,1542.09,"Other"
"12778",19,9,1541.68,"Other"
"16461",177,3,1539.83,"Other"
"13186",39,3,1539.69,"Other"
"15987",11,8,1535.99,"Other"
"17323",14,12,1535.56,"Other"
"15798",492,3,1535.37,"Other"
"13939",22,7,1533.66,"Other"
"17454",191,10,1532.64,"Other"
"18136",62,5,1531.71,"Other"
"13539",85,7,1531.26,"Other"
"15326",333,5,1529.82,"Other"
"17190",58,7,1529.73,"Other"
"15701",1,4,1529.00,"Other"
"14198",3,9,1527.58,"Other"
"15201",78,7,1525.90,"Other"
"15149",133,4,1524.61,"Other"
"14567",34,2,1524.46,"Other"
"16491",46,2,1524.31,"Other"
"14304",222,3,1523.81,"Other"
"12926",410,4,1523.59,"Other"
"18062",172,6,1523.37,"Other"
"16244",211,2,1522.75,"Other"
"17990",236,6,1522.57,"Other"
"15587",49,7,1522.08,"Other"
"16066",16,5,1521.04,"Other"
"14055",105,3,1520.96,"Other"
"17997",73,8,1520.47,"Other"
"16790",3,6,1520.12,"Other"
"12775",16,7,1516.32,"Other"
"16092",98,6,1515.49,"Other"
"14220",246,4,1515.00,"Other"
"14682",187,6,1514.81,"Other"
"17764",50,5,1513.57,"Other"
"12784",14,2,1511.15,"Other"
"12369",412,3,1511.15,"Other"
"15948",7,3,1509.09,"Other"
"16910",3,8,1508.96,"Other"
"13158",94,5,1508.18,"Other"
"15261",134,4,1508.00,"Other"
"17179",177,6,1507.26,"Other"
"12407",49,5,1507.12,"Other"
"18022",35,5,1506.62,"Other"
"12458",70,4,1502.49,"Other"
"17837",41,8,1502.48,"Other"
"15732",211,10,1499.42,"Other"
"15590",381,5,1496.60,"Other"
"15215",44,7,1496.46,"Other"
"16340",106,3,1496.24,"Other"
"14885",131,3,1496.12,"Other"
"14068",319,4,1493.32,"Other"
"13310",8,5,1492.80,"Other"
"16314",389,3,1491.40,"Other"
"16037",269,5,1489.44,"Other"
"15110",23,6,1482.95,"Other"
"18214",530,4,1480.99,"Other"
"16654",140,8,1477.77,"Other"
"14264",154,6,1475.86,"Other"
"16450",149,3,1475.73,"Other"
"15630",44,3,1475.45,"Other"
"14246",110,3,1474.06,"Other"
"16907",28,9,1470.89,"Other"
"14987",15,8,1469.05,"Other"
"12379",81,4,1468.27,"Other"
"17590",1,3,1466.77,"Other"
"14695",518,3,1466.72,"Other"
"17345",14,10,1466.33,"Other"
"13360",427,4,1464.10,"Other"
"12882",8,2,1463.04,"Other"
"16586",248,3,1462.78,"Other"
"13984",26,12,1461.32,"Other"
"12507",133,4,1461.31,"Other"
"18252",50,7,1457.19,"Other"
"15071",93,4,1455.56,"Other"
"18196",94,4,1455.27,"Other"
"16569",2,5,1455.23,"Other"
"13042",583,3,1454.84,"Other"
"13649",256,6,1453.68,"Other"
"17977",28,2,1453.55,"Other"
"12970",6,10,1452.54,"Other"
"17259",147,6,1452.39,"Other"
"12494",9,9,1451.92,"Other"
"18268",133,6,1451.22,"Other"
"13165",45,3,1451.16,"Other"
"16419",112,8,1450.95,"Other"
"16239",56,6,1450.90,"Other"
"13361",471,2,1450.50,"Other"
"15876",408,2,1449.14,"Other"
"13377",396,2,1445.43,"Other"
"13583",155,2,1445.03,"Other"
"17073",17,4,1444.84,"Other"
"15636",89,4,1444.58,"Other"
"17734",53,6,1442.32,"Other"
"18106",329,6,1441.06,"Other"
"18066",74,3,1440.40,"Other"
"14657",17,6,1440.24,"Other"
"13543",633,2,1439.61,"Other"
"15197",8,6,1437.84,"Other"
"16088",575,2,1437.43,"Other"
"13500",22,4,1436.30,"Other"
"12398",45,1,1435.66,"Other"
"12381",4,3,1433.46,"Other"
"12389",402,3,1433.33,"Other"
"17941",130,4,1433.28,"Other"
"13531",204,6,1433.07,"Other"
"13475",190,4,1431.78,"Other"
"17175",43,4,1430.94,"Other"
"15427",32,3,1430.54,"Other"
"16121",56,5,1430.14,"Other"
"14684",25,6,1430.03,"Other"
"17582",235,5,1429.95,"Other"
"12669",150,2,1427.73,"Other"
"17290",3,8,1427.48,"Other"
"15076",172,3,1425.84,"Other"
"13278",40,4,1425.35,"Other"
"16980",254,3,1422.83,"Other"
"16660",15,7,1422.35,"Other"
"15799",75,4,1421.34,"Other"
"14412",34,3,1417.49,"Other"
"16140",52,3,1416.46,"Other"
"17438",246,5,1412.62,"Other"
"15237",1,4,1412.32,"Other"
"14894",84,3,1412.21,"Other"
"16394",49,5,1412.06,"Other"
"16848",52,4,1411.62,"Other"
"15444",8,2,1411.21,"Other"
"17610",539,5,1410.29,"Other"
"16906",81,7,1410.07,"Other"
"17545",42,6,1409.86,"Other"
"16854",416,2,1408.96,"Other"
"15106",17,5,1407.73,"Other"
"12947",143,6,1407.29,"Other"
"16173",15,6,1406.57,"Other"
"15186",13,5,1403.20,"Other"
"14829",28,7,1402.97,"Other"
"14687",106,3,1402.06,"Other"
"15173",380,7,1399.26,"Other"
"14019",46,3,1398.96,"Other"
"13259",61,9,1398.79,"Other"
"15652",90,5,1397.44,"Other"
"18202",199,3,1396.99,"Other"
"15889",156,8,1396.60,"Other"
"18189",77,3,1396.58,"Other"
"16129",406,3,1396.05,"Other"
"17856",1,4,1393.79,"Other"
"12405",148,1,1390.39,"Other"
"16835",127,6,1389.76,"Other"
"13382",280,5,1387.58,"Other"
"15468",34,3,1387.48,"Other"
"12908",175,5,1386.00,"Other"
"17496",358,4,1385.89,"Other"
"13572",205,1,1384.25,"Other"
"13049",63,4,1384.14,"Other"
"16463",20,4,1383.70,"Other"
"12952",5,4,1382.84,"Other"
"14116",19,5,1382.74,"Other"
"14909",427,3,1380.98,"Other"
"17878",43,3,1378.93,"Other"
"15141",457,7,1378.31,"Other"
"13240",95,8,1378.04,"Other"
"16727",363,4,1377.77,"Other"
"17714",320,5,1376.58,"Other"
"14662",28,7,1376.43,"Other"
"14265",108,4,1373.35,"Other"
"14434",21,6,1372.80,"Other"
"15453",1,7,1371.77,"Other"
"13159",8,4,1371.25,"Other"
"13579",14,5,1371.14,"Other"
"12695",6,7,1371.12,"Other"
"14538",64,5,1370.84,"Other"
"15996",87,7,1370.50,"Other"
"13155",32,6,1370.48,"Other"
"18221",21,6,1370.34,"Other"
"16300",429,3,1367.32,"Other"
"14609",71,10,1366.20,"Other"
"14577",12,7,1364.15,"Other"
"14114",273,7,1364.09,"Other"
"13074",510,4,1362.84,"Other"
"16389",52,4,1362.27,"Other"
"18167",3,3,1361.51,"Other"
"16588",385,4,1361.28,"Other"
"16384",89,4,1358.95,"Other"
"13760",53,5,1358.64,"Other"
"17150",376,6,1357.95,"Other"
"12875",142,5,1356.99,"Other"
"13821",144,6,1355.38,"Other"
"14316",421,5,1355.34,"Other"
"17054",27,5,1353.83,"Other"
"15116",17,4,1352.75,"Other"
"12693",120,7,1352.42,"Other"
"16245",23,3,1352.36,"Other"
"16079",16,3,1352.00,"Other"
"14853",8,5,1351.37,"Other"
"12886",67,2,1351.09,"Other"
"16367",36,3,1350.48,"Other"
"17025",60,5,1349.67,"Other"
"17731",78,6,1347.08,"Other"
"12646",4,2,1346.97,"Other"
"13639",73,2,1346.27,"Other"
"14550",10,4,1345.06,"Other"
"16669",23,2,1344.48,"Other"
"17429",120,5,1342.16,"Other"
"18085",329,4,1341.85,"Other"
"13743",2,7,1340.15,"Other"
"15398",15,2,1339.63,"Other"
"15411",25,4,1336.43,"Other"
"13220",77,5,1336.09,"Other"
"12809",167,3,1333.74,"Other"
"17033",85,4,1332.79,"Other"
"17932",28,3,1331.57,"Other"
"14899",394,1,1331.38,"Other"
"13035",57,3,1328.95,"Other"
"16295",9,4,1328.55,"Other"
"14712",28,4,1328.07,"Other"
"13232",12,7,1327.75,"Other"
"13396",21,2,1325.29,"Other"
"14956",420,1,1325.00,"Other"
"17951",39,4,1322.88,"Other"
"12960",413,4,1322.07,"Other"
"14847",148,3,1320.60,"Other"
"14591",14,4,1320.21,"Other"
"13803",254,3,1319.11,"Other"
"15751",460,11,1318.84,"Other"
"14861",51,10,1318.40,"Other"
"17411",11,5,1316.53,"Other"
"14921",29,2,1316.07,"Other"
"14973",106,3,1314.45,"Other"
"15154",73,3,1314.17,"Other"
"15322",63,2,1314.15,"Other"
"15146",164,2,1313.66,"Other"
"17888",18,25,1312.31,"Other"
"14618",8,7,1310.52,"Other"
"13506",311,5,1308.53,"Other"
"16377",266,2,1308.48,"Other"
"13328",315,1,1308.48,"Other"
"13587",31,4,1308.10,"Other"
"16282",339,3,1307.58,"Other"
"15677",48,3,1305.63,"Other"
"15813",207,2,1303.91,"Other"
"15101",8,6,1303.49,"Other"
"12620",14,3,1303.41,"Other"
"16370",81,4,1301.91,"Other"
"16574",70,3,1301.78,"Other"
"12919",7,6,1301.44,"Other"
"12765",471,6,1299.58,"Other"
"16464",19,3,1298.66,"Other"
"12987",73,5,1298.51,"Other"
"17499",289,2,1296.84,"Other"
"12783",1,4,1295.87,"Other"
"16929",3,7,1295.39,"Other"
"14480",10,4,1295.27,"Other"
"15471",1,3,1292.01,"Other"
"16744",10,7,1291.91,"Other"
"14071",3,8,1291.34,"Other"
"14856",35,3,1290.53,"Other"
"14297",17,4,1290.48,"Other"
"13846",24,4,1290.34,"Other"
"16756",214,7,1287.42,"Other"
"15774",68,6,1287.09,"Other"
"16608",453,2,1286.62,"Other"
"16212",18,4,1284.56,"Other"
"14284",30,3,1282.85,"Other"
"15136",2,4,1282.45,"Other"
"17521",23,5,1276.81,"Other"
"14478",381,4,1276.66,"Other"
"17109",28,8,1276.35,"Other"
"14619",238,2,1276.31,"Other"
"17142",238,4,1275.25,"Other"
"14820",20,9,1274.76,"Other"
"14167",38,8,1274.29,"Other"
"14490",405,2,1273.47,"Other"
"14679",371,3,1272.95,"Other"
"17478",407,2,1272.80,"Other"
"17341",156,5,1272.21,"Other"
"16222",317,2,1272.05,"Other"
"13492",135,3,1269.84,"Other"
"15439",404,4,1269.05,"Other"
"17027",78,9,1268.93,"Other"
"13892",26,6,1267.65,"Other"
"14511",10,5,1267.41,"Other"
"13300",164,3,1267.21,"Other"
"13515",72,6,1265.82,"Other"
"15584",23,6,1265.70,"Other"
"16894",501,3,1265.26,"Other"
"14379",43,4,1265.16,"Other"
"13617",39,8,1263.80,"Other"
"14427",49,4,1263.52,"Other"
"16951",122,3,1262.75,"Other"
"16777",79,5,1261.43,"Other"
"13138",21,7,1261.26,"Other"
"16688",0,4,1260.86,"Other"
"17759",16,5,1260.63,"Other"
"13916",463,4,1260.51,"Other"
"14984",18,6,1260.51,"Other"
"16842",63,3,1260.44,"Other"
"16372",32,5,1260.31,"Other"
"18035",35,5,1260.23,"Other"
"17343",354,6,1259.94,"Other"
"13689",62,2,1259.50,"Other"
"15009",11,3,1259.43,"Other"
"14267",150,3,1259.19,"Other"
"15651",36,5,1259.06,"Other"
"17635",423,3,1256.83,"Other"
"17862",323,4,1254.89,"Other"
"14419",10,7,1254.64,"Other"
"15441",395,3,1254.21,"Other"
"13855",500,4,1253.94,"Other"
"14487",26,7,1253.52,"Other"
"17037",77,1,1253.22,"Other"
"15400",91,8,1252.80,"Other"
"13023",63,3,1251.03,"Other"
"15599",26,3,1250.06,"Other"
"17481",3,4,1249.34,"Other"
"14474",42,2,1248.94,"Other"
"14383",37,3,1247.69,"Other"
"14240",29,3,1247.49,"Other"
"16296",625,4,1245.97,"Other"
"12488",9,3,1244.66,"Other"
"17076",35,6,1242.75,"Other"
"17529",609,2,1240.25,"Other"
"13860",0,5,1240.00,"Other"
"13443",448,6,1236.92,"Other"
"17796",39,7,1236.39,"Other"
"13201",501,4,1233.06,"Other"
"16527",80,2,1232.94,"Other"
"17034",15,5,1231.82,"Other"
"18080",18,2,1231.50,"Other"
"16723",90,4,1231.36,"Other"
"12805",381,4,1230.95,"Other"
"16159",281,4,1230.29,"Other"
"14821",366,7,1230.15,"Other"
"18135",28,10,1229.22,"Other"
"13282",17,4,1228.89,"Other"
"14871",2,9,1228.17,"Other"
"15800",106,7,1227.07,"Other"
"13402",126,4,1226.85,"Other"
"15269",23,3,1225.36,"Other"
"15376",39,3,1221.56,"Other"
"17132",451,2,1220.91,"Other"
"15004",146,1,1220.38,"Other"
"13243",202,5,1220.38,"Other"
"13919",52,4,1218.03,"Other"
"13863",244,4,1217.63,"Other"
"14698",1,5,1217.27,"Other"
"15390",395,2,1216.66,"Other"
"15580",376,8,1216.15,"Other"
"14512",187,7,1215.97,"Other"
"15661",316,8,1215.95,"Other"
"12985",0,2,1215.62,"Other"
"15579",68,5,1215.38,"Other"
"17410",15,5,1214.72,"Other"
"13440",422,7,1213.95,"Other"
"14020",16,4,1213.26,"Other"
"16872",76,6,1213.13,"Other"
"12711",611,2,1213.05,"Other"
"13019",378,6,1212.95,"Other"
"13918",49,2,1212.84,"Other"
"18263",22,3,1211.08,"Other"
"14193",67,3,1210.19,"Other"
"16714",316,3,1209.38,"Other"
"14428",6,5,1209.37,"Other"
"12364",7,4,1208.10,"Other"
"16762",19,3,1207.24,"Other"
"14320",206,5,1204.12,"Other"
"16946",382,5,1199.54,"Other"
"15664",50,4,1199.53,"Other"
"16634",222,6,1198.30,"Other"
"17397",21,3,1198.28,"Other"
"12629",385,2,1198.22,"Other"
"17713",381,4,1198.09,"Other"
"14725",24,4,1196.46,"Other"
"12372",71,3,1196.04,"Other"
"14446",0,5,1195.48,"Other"
"16307",428,3,1194.92,"Other"
"15145",3,4,1194.73,"Other"
"17531",189,3,1194.47,"Other"
"13723",216,6,1194.08,"Other"
"12611",51,1,1193.32,"Other"
"13976",206,4,1192.36,"Other"
"12993",22,8,1191.26,"Other"
"16501",382,1,1191.23,"Other"
"14275",395,6,1189.38,"Other"
"14382",25,2,1187.68,"Other"
"17800",36,9,1186.21,"Other"
"16471",274,4,1186.18,"Other"
"18060",407,2,1185.46,"Other"
"12742",599,1,1185.02,"Other"
"16830",38,4,1183.70,"Other"
"15259",512,4,1182.38,"Other"
"17021",441,6,1182.22,"Other"
"13405",203,5,1181.56,"Other"
"15573",31,5,1180.47,"Other"
"13293",391,6,1180.34,"Other"
"13395",184,3,1180.23,"Other"
"15377",382,4,1179.95,"Other"
"17058",81,3,1179.89,"Other"
"16614",182,3,1179.79,"Other"
"16693",68,5,1179.48,"Other"
"16345",43,2,1178.79,"Other"
"15303",289,3,1178.78,"Other"
"15600",427,4,1178.71,"Other"
"18025",379,6,1177.72,"Other"
"18193",150,3,1176.55,"Other"
"13233",73,4,1176.46,"Other"
"15210",224,3,1176.19,"Other"
"17653",28,4,1175.88,"Other"
"15068",45,4,1174.90,"Other"
"17239",312,4,1174.15,"Other"
"13787",75,6,1173.70,"Other"
"13299",267,3,1173.30,"Other"
"12526",0,3,1172.66,"Other"
"15994",54,3,1172.34,"Other"
"16292",116,5,1171.46,"Other"
"17360",16,6,1170.56,"Other"
"18071",257,6,1169.68,"Other"
"13797",436,3,1168.45,"Other"
"18057",392,3,1168.14,"Other"
"17373",39,7,1167.50,"Other"
"12426",194,2,1167.41,"Other"
"16653",15,2,1166.92,"Other"
"18181",23,5,1166.61,"Other"
"17664",18,4,1166.23,"Other"
"12463",45,4,1165.63,"Other"
"14261",50,2,1163.45,"Other"
"16800",10,1,1162.65,"Other"
"17525",359,3,1161.90,"Other"
"16949",3,6,1161.27,"Other"
"13897",49,3,1160.72,"Other"
"13459",624,2,1160.41,"Other"
"13601",44,4,1159.99,"Other"
"17978",364,4,1159.99,"Other"
"18277",57,5,1159.35,"Other"
"17513",71,3,1158.80,"Other"
"15621",3,4,1158.77,"Other"
"16926",370,5,1158.66,"Other"
"12885",62,3,1158.27,"Other"
"12818",177,1,1157.88,"Other"
"14788",6,3,1156.32,"Other"
"17950",71,7,1156.21,"Other"
"17342",373,4,1155.84,"Other"
"16184",63,6,1155.54,"Other"
"17127",428,5,1155.03,"Other"
"15064",409,4,1154.41,"Other"
"14818",73,6,1153.56,"Other"
"15108",141,3,1150.75,"Other"
"16167",413,5,1149.87,"Other"
"17984",144,5,1148.69,"Other"
"13499",17,5,1146.96,"Other"
"16766",272,2,1145.60,"Other"
"13462",182,5,1145.60,"Other"
"14206",238,3,1145.21,"Other"
"12769",238,1,1143.60,"Other"
"14585",49,5,1143.27,"Other"
"17770",198,5,1143.27,"Other"
"16270",352,1,1141.24,"Other"
"15088",20,2,1140.27,"Other"
"12673",4,3,1140.02,"Other"
"14693",264,7,1139.86,"Other"
"13497",282,6,1139.83,"Other"
"12689",25,2,1139.61,"Other"
"18286",476,2,1138.43,"Other"
"17500",16,3,1138.00,"Other"
"15879",403,4,1137.80,"Other"
"16521",414,3,1136.36,"Other"
"13388",120,3,1135.70,"Other"
"14201",59,10,1134.14,"Other"
"15022",11,5,1133.44,"Other"
"16989",6,6,1133.25,"Other"
"15347",365,4,1132.30,"Other"
"14231",178,4,1131.97,"Other"
"15500",7,4,1131.56,"Other"
"13882",2,5,1131.28,"Other"
"15695",266,4,1131.04,"Other"
"17866",142,3,1131.00,"Other"
"18125",29,4,1130.10,"Other"
"17169",49,3,1129.88,"Other"
"15586",590,3,1128.66,"Other"
"14450",180,7,1128.44,"Other"
"14671",548,2,1127.45,"Other"
"17097",1,9,1126.86,"Other"
"16838",196,4,1126.66,"Other"
"17622",596,2,1125.17,"Other"
"13145",39,7,1124.77,"Other"
"14479",253,4,1124.71,"Other"
"16637",31,4,1124.59,"Other"
"12402",322,6,1124.15,"Other"
"14917",596,2,1123.75,"Other"
"17492",247,3,1122.42,"Other"
"13486",77,3,1122.41,"Other"
"15737",14,8,1121.21,"Other"
"13304",350,4,1120.79,"Other"
"13589",14,6,1120.74,"Other"
"17302",14,5,1119.93,"Other"
"16354",62,5,1119.46,"Other"
"12605",364,3,1117.45,"Other"
"15223",225,5,1117.10,"Other"
"16769",259,4,1117.05,"Other"
"17201",53,4,1117.00,"Other"
"13778",102,4,1116.54,"Other"
"12972",413,4,1115.95,"Other"
"12591",316,3,1114.95,"Other"
"13167",18,5,1113.15,"Other"
"14672",234,4,1113.14,"Other"
"17788",73,2,1112.95,"Other"
"16139",18,5,1111.15,"Other"
"14126",7,4,1109.96,"Other"
"15069",178,1,1109.53,"Other"
"15559",567,1,1109.40,"Other"
"15828",374,1,1108.82,"Other"
"17007",50,7,1107.60,"Other"
"13109",2,3,1107.58,"Other"
"15933",20,3,1107.46,"Other"
"17562",13,7,1107.38,"Other"
"14375",184,3,1106.82,"Other"
"14891",147,4,1106.73,"Other"
"15038",42,9,1106.63,"Other"
"13393",583,4,1105.85,"Other"
"13447",22,3,1104.23,"Other"
"16430",56,6,1102.94,"Other"
"16895",64,5,1102.90,"Other"
"17137",415,6,1099.81,"Other"
"13509",8,7,1099.72,"Other"
"16702",414,4,1099.58,"Other"
"14971",34,3,1097.98,"Other"
"15882",198,8,1096.31,"Other"
"17703",34,4,1094.84,"Other"
"16306",213,7,1094.72,"Other"
"12866",282,3,1092.35,"Other"
"14370",450,6,1092.13,"Other"
"16014",35,5,1091.03,"Other"
"14009",197,3,1090.23,"Other"
"17726",394,7,1089.56,"Other"
"12439",682,2,1089.18,"Other"
"17908",373,5,1088.82,"Other"
"16223",374,2,1087.05,"Other"
"14139",45,4,1086.80,"Other"
"16211",80,3,1086.34,"Other"
"13546",11,5,1086.24,"Other"
"18218",205,4,1086.14,"Other"
"17423",44,3,1084.17,"Other"
"14805",14,7,1082.55,"Other"
"14083",3,11,1082.19,"Other"
"14561",75,3,1080.76,"Other"
"13744",94,2,1080.52,"Other"
"12394",63,2,1080.48,"Other"
"16298",22,7,1080.00,"Other"
"13726",38,2,1079.66,"Other"
"14343",420,4,1079.66,"Other"
"12354",231,1,1079.40,"Other"
"17477",612,2,1079.00,"Other"
"14352",156,4,1078.96,"Other"
"16183",66,4,1077.81,"Other"
"16188",44,5,1077.71,"Other"
"16071",44,4,1076.80,"Other"
"16805",173,4,1076.34,"Other"
"14080",32,5,1075.73,"Other"
"17366",391,2,1075.59,"Other"
"17828",8,4,1074.97,"Other"
"15912",177,9,1074.70,"Other"
"16231",378,4,1074.47,"Other"
"13567",427,4,1074.19,"Other"
"15254",126,3,1073.40,"Other"
"12639",238,3,1072.37,"Other"
"16955",184,6,1072.06,"Other"
"13467",10,2,1071.91,"Other"
"15745",8,4,1071.24,"Other"
"14484",49,4,1070.98,"Other"
"16884",37,4,1070.97,"Other"
"13521",0,3,1070.47,"Other"
"17871",204,5,1068.95,"Other"
"17854",184,6,1068.50,"Other"
"16386",28,3,1068.16,"Other"
"15436",11,3,1067.75,"Other"
"14948",22,6,1066.57,"Other"
"17522",1,5,1066.15,"Other"
"12475",53,2,1065.64,"Other"
"17277",227,2,1065.35,"Other"
"13959",78,6,1064.77,"Other"
"14966",14,6,1064.26,"Other"
"17849",217,8,1063.76,"Other"
"14411",310,1,1063.00,"Other"
"12434",84,3,1062.48,"Other"
"13727",28,8,1061.40,"Other"
"13295",359,4,1061.27,"Other"
"14102",4,5,1060.33,"Other"
"15574",177,6,1059.44,"Other"
"17421",385,3,1059.41,"Other"
"12717",150,3,1058.91,"Other"
"13856",168,11,1058.88,"Other"
"13607",39,2,1058.11,"Other"
"13853",8,1,1056.94,"Other"
"16278",22,3,1056.59,"Other"
"15238",28,3,1056.54,"Other"
"13140",107,5,1054.92,"Other"
"15977",16,2,1054.73,"Other"
"13656",164,4,1053.35,"Other"
"15886",59,4,1052.87,"Other"
"15855",136,6,1052.72,"Other"
"16642",4,3,1051.46,"Other"
"16593",50,8,1051.24,"Other"
"13065",372,5,1050.10,"Other"
"14947",71,6,1049.79,"Other"
"13775",590,1,1049.66,"Other"
"15626",74,3,1049.37,"Other"
"17934",51,3,1049.15,"Other"
"16391",400,4,1048.86,"Other"
"15763",31,2,1048.67,"Other"
"16728",45,4,1048.28,"Other"
"13791",42,2,1047.68,"Other"
"14488",50,1,1047.43,"Other"
"17474",599,1,1047.00,"Other"
"15407",33,4,1046.74,"Other"
"17555",19,5,1045.74,"Other"
"18130",8,3,1045.74,"Other"
"14734",415,4,1045.47,"Other"
"13835",24,7,1044.82,"Other"
"15464",337,1,1044.65,"Other"
"12691",27,6,1044.40,"Other"
"15026",79,5,1044.09,"Other"
"15969",2,5,1043.85,"Other"
"17727",8,1,1042.55,"Other"
"15801",45,3,1042.19,"Other"
"15645",18,3,1042.15,"Other"
"14108",30,4,1041.21,"Other"
"16991",420,1,1041.21,"Other"
"16261",16,6,1041.16,"Other"
"13613",452,5,1039.85,"Other"
"17042",2,5,1036.58,"Other"
"17926",132,5,1035.49,"Other"
"16260",50,1,1035.45,"Other"
"15171",324,1,1034.50,"Other"
"14248",317,3,1032.95,"Other"
"13235",211,1,1031.07,"Other"
"13873",119,8,1031.02,"Other"
"12630",9,2,1030.88,"Other"
"16198",74,2,1030.04,"Other"
"16418",44,5,1028.74,"Other"
"15333",207,1,1028.56,"Other"
"15639",133,3,1028.33,"Other"
"16682",4,5,1028.00,"Other"
"15887",406,3,1027.15,"Other"
"17749",177,3,1026.18,"Other"
"13602",64,4,1025.17,"Other"
"14475",71,4,1025.12,"Other"
"17310",386,2,1025.10,"Other"
"14204",1,4,1024.83,"Other"
"12648",154,4,1024.00,"Other"
"15091",53,3,1023.11,"Other"
"15003",472,6,1022.03,"Other"
"12666",358,1,1020.98,"Other"
"16568",427,2,1020.90,"Other"
"15839",24,3,1020.74,"Other"
"18074",373,2,1019.44,"Other"
"13956",4,5,1019.27,"Other"
"12828",2,6,1018.71,"Other"
"16284",30,3,1018.48,"Other"
"12803",392,1,1017.81,"Other"
"16787",397,4,1017.53,"Other"
"15970",303,2,1017.32,"Other"
"13333",410,3,1015.74,"Other"
"14675",15,2,1015.58,"Other"
"18142",150,2,1014.90,"Other"
"16533",18,3,1014.19,"Other"
"17197",29,1,1013.01,"Other"
"12936",16,4,1012.90,"Other"
"17980",165,4,1012.72,"Other"
"14775",57,3,1011.90,"Other"
"12905",576,2,1011.82,"Other"
"13039",583,4,1010.73,"Other"
"17362",238,7,1010.54,"Other"
"16160",63,2,1009.45,"Other"
"16903",28,3,1009.45,"Other"
"13258",11,5,1009.43,"Other"
"16451",87,3,1009.40,"Other"
"12657",10,4,1008.06,"Other"
"16287",169,5,1006.98,"Other"
"13429",10,4,1006.80,"Other"
"15850",18,6,1006.75,"Other"
"15771",603,3,1006.54,"Other"
"13427",18,6,1006.53,"Other"
"14013",109,5,1006.22,"Other"
"12533",618,2,1005.99,"Other"
"13867",30,3,1005.09,"Other"
"12710",96,3,1004.57,"Other"
"18160",56,3,1003.88,"Other"
"17578",190,7,1003.73,"Other"
"13549",25,8,1003.72,"Other"
"16435",511,3,1003.07,"Other"
"16623",245,4,1002.49,"Other"
"12446",57,1,1002.31,"Other"
"16441",66,5,1002.23,"Other"
"15706",59,4,1001.81,"Other"
"12546",46,2,1001.50,"Other"
"14902",20,3,1000.27,"Other"
"15508",188,6,1000.27,"Other"
"14214",30,5,1000.23,"Other"
"18143",116,2,1000.16,"Other"
"16572",126,3,999.70,"Other"
"17205",53,3,999.35,"Other"
"17329",13,5,998.53,"Other"
"17631",1,7,998.49,"Other"
"17539",626,3,997.34,"Other"
"13857",392,6,997.01,"Other"
"17724",57,3,995.65,"Other"
"12640",23,3,994.58,"Other"
"17237",10,4,994.13,"Other"
"17299",11,6,993.23,"Other"
"14430",511,3,992.10,"Other"
"13559",512,2,990.00,"Other"
"13245",50,2,989.22,"Other"
"13292",38,5,987.79,"Other"
"16130",421,4,987.48,"Other"
"18237",2,5,987.10,"Other"
"13238",10,6,986.73,"Other"
"13439",254,3,986.61,"Other"
"13368",256,4,986.10,"Other"
"15176",596,1,985.09,"Other"
"12862",425,2,984.62,"Other"
"17144",0,2,984.57,"Other"
"12534",130,1,981.18,"Other"
"14230",435,3,979.80,"Other"
"17369",455,1,979.20,"Other"
"15132",17,5,977.93,"Other"
"17221",6,5,976.62,"Other"
"17456",364,2,975.56,"Other"
"14223",91,3,975.23,"Other"
"15951",0,3,974.52,"Other"
"17214",59,6,974.12,"Other"
"17958",116,2,973.88,"Other"
"17883",2,7,972.52,"Other"
"16009",21,4,972.11,"Other"
"15025",32,2,971.84,"Other"
"17100",17,2,971.74,"Other"
"15449",25,3,971.22,"Other"
"14454",375,5,970.70,"Other"
"18006",22,4,969.51,"Other"
"13223",199,6,969.12,"Other"
"15104",166,2,968.64,"Other"
"15208",0,6,968.02,"Other"
"16254",377,3,967.44,"Other"
"17405",0,3,967.22,"Other"
"15247",121,3,967.11,"Other"
"17123",161,3,966.67,"Other"
"13204",730,1,966.66,"Other"
"14138",1,2,965.88,"Other"
"16376",8,2,965.47,"Other"
"15084",379,2,965.20,"Other"
"13000",106,4,965.00,"Other"
"16699",379,7,964.90,"Other"
"14510",375,3,964.55,"Other"
"12716",3,2,963.49,"Other"
"15028",7,6,962.94,"Other"
"12580",246,2,962.90,"Other"
"15109",240,3,961.90,"Other"
"15156",0,3,961.49,"Other"
"14953",24,4,960.42,"Other"
"18192",71,1,957.97,"Other"
"15181",65,5,957.65,"Other"
"12464",9,8,957.05,"Other"
"16141",87,2,955.94,"Other"
"12990",30,7,955.50,"Other"
"17080",21,7,955.41,"Other"
"15535",172,6,955.12,"Other"
"15835",43,4,954.09,"Other"
"17189",105,5,953.63,"Other"
"13466",99,5,952.25,"Other"
"16535",4,2,952.04,"Other"
"17955",198,6,949.90,"Other"
"12767",375,1,949.82,"Other"
"17081",24,6,949.39,"Other"
"13046",30,3,949.25,"Other"
"15177",425,1,948.93,"Other"
"16227",218,3,948.82,"Other"
"14350",270,3,947.80,"Other"
"16763",184,2,947.75,"Other"
"12355",213,2,947.61,"Other"
"17516",14,6,947.50,"Other"
"12403",49,2,947.36,"Other"
"17356",311,5,946.47,"Other"
"16146",156,4,946.38,"Other"
"14157",19,5,946.24,"Other"
"17544",389,3,944.82,"Other"
"13261",268,2,944.10,"Other"
"17420",49,6,943.68,"Other"
"16199",391,7,942.75,"Other"
"13526",737,2,942.60,"Other"
"17604",216,6,942.38,"Other"
"15385",39,3,942.08,"Other"
"14958",146,6,941.99,"Other"
"13636",36,5,941.62,"Other"
"15268",478,3,941.25,"Other"
"13416",43,3,940.80,"Other"
"16203",58,6,940.09,"Other"
"16518",60,4,938.27,"Other"
"12616",84,3,937.35,"Other"
"17020",541,2,935.62,"Other"
"14629",3,2,935.46,"Other"
"13005",173,4,935.03,"Other"
"14615",393,5,934.26,"Other"
"15792",399,2,933.84,"Other"
"17298",100,5,933.32,"Other"
"15787",25,3,933.26,"Other"
"18154",2,5,932.60,"Other"
"18133",211,1,931.50,"Other"
"12396",673,1,931.43,"Other"
"13465",445,2,931.12,"Other"
"14924",245,3,931.01,"Other"
"15723",364,4,930.70,"Other"
"16861",59,5,928.89,"Other"
"12373",310,3,927.65,"Other"
"15243",73,2,927.28,"Other"
"17805",73,2,927.03,"Other"
"12728",70,5,926.17,"Other"
"13805",51,2,924.60,"Other"
"13936",170,3,924.36,"Other"
"18001",11,6,924.14,"Other"
"14326",234,3,923.98,"Other"
"16109",218,3,923.58,"Other"
"15654",8,2,922.53,"Other"
"13122",93,2,922.39,"Other"
"17472",190,4,922.35,"Other"
"13934",263,1,922.10,"Other"
"15576",37,1,921.37,"Other"
"15957",31,3,921.25,"Other"
"16136",59,4,921.08,"Other"
"14272",73,4,920.81,"Other"
"14605",373,4,920.71,"Other"
"17363",394,3,920.46,"Other"
"14140",3,2,920.05,"Other"
"13075",129,1,919.61,"Other"
"14460",109,9,919.60,"Other"
"12822",70,2,918.98,"Other"
"12368",627,1,917.70,"Other"
"14061",506,3,917.43,"Other"
"14015",52,1,917.34,"Other"
"12486",431,1,917.28,"Other"
"15707",34,4,916.98,"Other"
"14199",217,4,916.50,"Other"
"16643",245,2,915.56,"Other"
"17172",78,3,915.49,"Other"
"14839",417,3,915.28,"Other"
"14423",217,3,914.96,"Other"
"16216",266,1,914.93,"Other"
"16204",22,3,913.71,"Other"
"14549",310,4,913.60,"Other"
"15364",95,2,913.19,"Other"
"17812",12,7,911.99,"Other"
"14289",8,6,911.26,"Other"
"14568",423,1,909.50,"Other"
"14128",60,3,909.36,"Other"
"13038",79,3,908.46,"Other"
"16034",195,6,908.37,"Other"
"16947",235,4,906.31,"Other"
"14969",703,1,906.23,"Other"
"12642",24,3,905.26,"Other"
"15430",467,2,903.75,"Other"
"13573",49,6,903.07,"Other"
"18217",28,4,902.80,"Other"
"16975",413,3,902.42,"Other"
"16138",367,3,902.40,"Other"
"17176",201,3,902.32,"Other"
"17382",64,8,902.28,"Other"
"12994",3,3,902.22,"Other"
"13359",58,2,901.96,"Other"
"13548",95,3,901.44,"Other"
"17322",375,5,900.64,"Other"
"15511",11,5,900.53,"Other"
"12945",287,2,900.11,"Other"
"16834",227,2,898.96,"Other"
"15710",416,1,898.87,"Other"
"12998",492,3,897.38,"Other"
"12572",8,2,896.72,"Other"
"12679",51,4,896.67,"Other"
"15992",3,3,896.60,"Other"
"14714",23,4,896.40,"Other"
"16916",23,4,896.12,"Other"
"12503",583,1,896.00,"Other"
"14133",129,4,895.84,"Other"
"16122",72,6,895.62,"Other"
"17226",308,3,895.47,"Other"
"15211",59,2,894.41,"Other"
"14338",157,3,894.10,"Other"
"12811",261,4,893.90,"Other"
"17155",17,7,892.46,"Other"
"16784",19,5,892.33,"Other"
"13288",442,5,892.16,"Other"
"16442",1,5,891.98,"Other"
"15406",17,4,891.77,"Other"
"15393",15,5,891.34,"Other"
"13872",512,3,891.32,"Other"
"16361",9,4,891.21,"Other"
"15824",452,2,890.94,"Other"
"17987",184,5,889.92,"Other"
"14065",388,3,889.37,"Other"
"14813",369,4,888.91,"Other"
"17527",53,4,888.86,"Other"
"17537",29,2,887.67,"Other"
"14994",381,5,886.64,"Other"
"12722",84,4,886.33,"Other"
"12652",321,2,885.58,"Other"
"12915",148,4,885.20,"Other"
"17704",168,2,885.19,"Other"
"14933",443,4,885.00,"Other"
"17708",187,4,884.18,"Other"
"12785",2,3,883.31,"Other"
"14359",18,3,882.58,"Other"
"16387",322,5,882.46,"Other"
"15907",3,3,881.87,"Other"
"16385",59,5,881.35,"Other"
"16228",373,3,881.06,"Other"
"17143",416,2,880.97,"Other"
"17062",313,6,880.81,"Other"
"14141",2,4,879.03,"Other"
"14612",414,1,877.70,"Other"
"15653",92,2,877.44,"Other"
"17480",73,2,876.92,"Other"
"15900",23,4,876.67,"Other"
"17864",12,5,876.57,"Other"
"14681",70,6,875.15,"Other"
"16513",4,4,874.59,"Other"
"16657",9,4,874.43,"Other"
"17746",234,4,873.43,"Other"
"13166",281,2,873.43,"Other"
"15525",1,4,872.82,"Other"
"12462",1,2,872.01,"Other"
"17361",48,5,871.79,"Other"
"13200",18,4,870.09,"Other"
"17566",7,2,869.77,"Other"
"13376",98,3,869.76,"Other"
"12421",15,6,869.60,"Other"
"14753",86,2,869.51,"Other"
"16900",11,3,869.20,"Other"
"16948",138,7,868.77,"Other"
"16357",32,4,868.37,"Other"
"13937",168,2,867.38,"Other"
"17167",379,3,867.11,"Other"
"16567",193,2,865.60,"Other"
"14600",305,2,865.17,"Other"
"14931",4,4,864.68,"Other"
"12815",147,2,863.46,"Other"
"15809",35,7,862.88,"Other"
"12940",45,2,862.44,"Other"
"16668",14,13,862.42,"Other"
"12413",66,4,861.50,"Other"
"17358",302,5,861.01,"Other"
"12794",52,2,860.41,"Other"
"13339",200,1,860.12,"Other"
"13891",377,3,859.21,"Other"
"12874",384,2,858.42,"Other"
"15870",32,4,857.46,"Other"
"14551",17,7,856.64,"Other"
"17161",443,1,856.01,"Other"
"17064",58,3,855.45,"Other"
"15287",21,5,854.58,"Other"
"13945",394,2,854.15,"Other"
"14873",209,2,854.13,"Other"
"15266",337,5,852.21,"Other"
"16070",21,2,852.15,"Other"
"16020",16,3,851.01,"Other"
"14437",365,5,850.84,"Other"
"15244",64,3,850.18,"Other"
"16677",392,2,849.77,"Other"
"12675",553,2,849.55,"Other"
"15784",467,2,848.33,"Other"
"14202",380,3,847.76,"Other"
"13641",640,4,847.72,"Other"
"13487",57,5,846.87,"Other"
"16877",11,6,846.62,"Other"
"13970",385,2,846.55,"Other"
"13991",11,6,846.54,"Other"
"13996",385,2,845.76,"Other"
"14803",161,3,845.55,"Other"
"13221",239,2,844.86,"Other"
"14686",413,5,844.58,"Other"
"15264",63,2,844.20,"Other"
"14922",393,2,843.74,"Other"
"14342",20,6,843.74,"Other"
"18108",248,3,842.46,"Other"
"16344",157,4,842.42,"Other"
"16846",49,3,842.41,"Other"
"17638",646,2,842.40,"Other"
"16801",162,4,842.33,"Other"
"12878",17,2,841.64,"Other"
"14862",25,2,841.20,"Other"
"12541",29,3,841.18,"Other"
"12543",447,1,840.25,"Other"
"14645",156,3,840.24,"Other"
"13169",63,3,840.08,"Other"
"14355",365,3,840.05,"Other"
"13940",16,4,839.14,"Other"
"18141",360,2,838.57,"Other"
"15224",357,5,837.26,"Other"
"15832",253,1,836.79,"Other"
"14929",31,2,836.69,"Other"
"13795",387,4,836.30,"Other"
"16500",4,9,835.96,"Other"
"13386",413,2,835.46,"Other"
"17867",29,14,835.22,"Other"
"16737",52,2,835.20,"Other"
"15190",433,1,834.44,"Other"
"15469",42,3,834.40,"Other"
"16644",177,2,833.78,"Other"
"12903",428,1,833.53,"Other"
"15542",511,3,833.16,"Other"
"12545",74,2,832.39,"Other"
"16798",553,3,832.21,"Other"
"12801",477,1,831.87,"Other"
"14372",442,2,830.18,"Other"
"14851",22,3,829.41,"Other"
"12953",9,2,828.81,"Other"
"15617",395,3,828.55,"Other"
"17003",401,4,828.21,"Other"
"13681",17,4,827.83,"Other"
"17332",527,5,827.77,"Other"
"17045",112,5,827.68,"Other"
"13810",28,2,827.51,"Other"
"16747",24,2,826.96,"Other"
"13922",351,3,826.65,"Other"
"16494",296,1,826.53,"Other"
"17880",364,3,824.92,"Other"
"12550",78,1,824.83,"Other"
"14260",470,3,824.28,"Other"
"16264",437,2,823.53,"Other"
"15847",37,5,822.57,"Other"
"16680",42,3,821.45,"Other"
"16246",459,2,821.35,"Other"
"13893",297,1,821.10,"Other"
"16898",25,5,820.86,"Other"
"12891",185,11,819.50,"Other"
"16135",262,2,819.45,"Other"
"17683",385,3,819.01,"Other"
"14890",253,3,817.25,"Other"
"16362",31,6,816.96,"Other"
"15180",366,3,816.93,"Other"
"16943",211,3,816.73,"Other"
"17464",157,3,816.54,"Other"
"13514",73,4,815.90,"Other"
"15399",0,3,815.77,"Other"
"14556",595,3,815.69,"Other"
"15713",142,4,814.84,"Other"
"14624",56,6,814.07,"Other"
"17869",106,7,813.64,"Other"
"16621",51,4,813.48,"Other"
"16863",28,3,812.82,"Other"
"16460",27,3,811.23,"Other"
"15759",217,7,810.98,"Other"
"13350",15,2,810.72,"Other"
"15483",160,10,810.68,"Other"
"16624",80,2,810.57,"Other"
"13045",98,3,808.92,"Other"
"13479",197,4,808.50,"Other"
"14508",21,5,804.07,"Other"
"16469",23,5,803.90,"Other"
"15644",165,4,803.54,"Other"
"13637",51,3,803.05,"Other"
"14872",480,3,802.68,"Other"
"16164",16,3,802.53,"Other"
"12703",63,4,802.18,"Other"
"18265",71,2,801.51,"Other"
"16127",38,2,801.31,"Other"
"15314",198,3,800.65,"Other"
"17023",416,3,800.18,"Other"
"16048",85,4,800.09,"Other"
"13720",116,4,799.90,"Other"
"15766",63,3,799.66,"Other"
"12787",9,4,799.18,"Other"
"13041",450,4,799.13,"Other"
"16438",5,5,798.35,"Other"
"13389",10,3,797.96,"Other"
"17281",373,6,797.85,"Other"
"15637",52,5,797.59,"Other"
"16869",22,4,797.32,"Other"
"13513",126,3,796.99,"Other"
"15396",112,2,796.38,"Other"
"16952",108,5,795.83,"Other"
"13336",76,1,795.12,"Other"
"12713",0,1,794.55,"Other"
"17212",252,3,794.41,"Other"
"13175",553,2,793.10,"Other"
"13296",136,6,792.51,"Other"
"14022",224,2,792.15,"Other"
"12680",0,4,790.81,"Other"
"17251",362,3,790.28,"Other"
"14656",168,5,790.00,"Other"
"13016",72,3,789.89,"Other"
"16472",433,2,789.60,"Other"
"15448",312,2,788.81,"Other"
"17952",377,4,788.46,"Other"
"16661",539,4,788.31,"Other"
"13323",2,5,787.85,"Other"
"16468",73,3,787.52,"Other"
"14087",2,3,786.72,"Other"
"14463",97,4,786.57,"Other"
"16810",191,2,786.14,"Other"
"13770",421,4,785.37,"Other"
"15806",45,3,784.58,"Other"
"13595",516,3,784.48,"Other"
"15714",11,5,783.96,"Other"
"18248",113,2,783.02,"Other"
"16836",39,4,782.37,"Other"
"15304",60,9,782.30,"Other"
"15952",33,4,781.91,"Other"
"13544",39,6,781.70,"Other"
"17255",40,4,781.70,"Other"
"17817",3,6,781.45,"Other"
"15679",23,4,781.28,"Other"
"16155",381,5,781.05,"Other"
"15246",237,3,780.40,"Other"
"13212",8,3,779.33,"Other"
"14815",36,2,778.50,"Other"
"16958",434,1,778.49,"Other"
"13612",517,1,777.79,"Other"
"13965",454,3,777.66,"Other"
"16505",31,1,777.60,"Other"
"13563",83,2,777.53,"Other"
"15837",64,2,777.01,"Other"
"15794",735,2,777.00,"Other"
"17194",360,2,776.66,"Other"
"15743",15,4,775.96,"Other"
"13341",260,1,775.85,"Other"
"17482",486,2,775.64,"Other"
"15414",9,3,774.90,"Other"
"13502",16,5,774.60,"Other"
"15773",5,2,774.52,"Other"
"18058",9,3,774.06,"Other"
"18112",11,4,773.36,"Other"
"15092",214,3,773.16,"Other"
"15075",77,1,773.03,"Other"
"16961",115,3,773.01,"Other"
"16759",7,3,772.84,"Other"
"17349",178,5,772.41,"Other"
"16739",171,2,772.23,"Other"
"14997",45,4,771.38,"Other"
"14513",100,6,770.91,"Other"
"13781",250,3,770.88,"Other"
"14838",422,2,769.92,"Other"
"12965",88,1,769.81,"Other"
"16480",75,1,769.29,"Other"
"18228",49,2,769.20,"Other"
"12923",63,3,769.17,"Other"
"16978",77,3,768.88,"Other"
"13356",79,1,768.24,"Other"
"17801",450,3,767.48,"Other"
"13484",240,3,767.32,"Other"
"13712",246,2,766.42,"Other"
"15921",172,4,765.61,"Other"
"12991",22,3,764.82,"Other"
"14690",43,4,764.59,"Other"
"15239",9,2,764.34,"Other"
"17466",9,2,763.28,"Other"
"15428",14,4,762.75,"Other"
"15646",157,5,762.31,"Other"
"12410",300,3,761.46,"Other"
"13745",150,2,761.27,"Other"
"15066",31,1,760.59,"Other"
"17425",18,2,759.17,"Other"
"17495",7,3,759.07,"Other"
"13453",165,3,758.99,"Other"
"18246",23,3,758.82,"Other"
"15908",490,2,758.62,"Other"
"15568",2,3,758.29,"Other"
"13768",563,2,758.07,"Other"
"13034",54,3,756.82,"Other"
"14883",18,6,756.64,"Other"
"16411",18,4,756.39,"Other"
"14037",175,6,755.95,"Other"
"16392",269,3,755.45,"Other"
"15331",499,3,755.41,"Other"
"18104",36,1,754.64,"Other"
"14234",21,4,754.12,"Other"
"14176",296,5,753.56,"Other"
"18034",21,3,753.35,"Other"
"14998",169,4,753.18,"Other"
"15006",50,2,752.83,"Other"
"15107",310,9,752.60,"Other"
"13730",135,2,752.60,"Other"
"12772",59,1,752.47,"Other"
"13030",10,2,752.44,"Other"
"14247",277,5,750.61,"Other"
"14976",56,6,749.86,"Other"
"13598",46,5,749.21,"Other"
"14923",50,1,749.10,"Other"
"16972",382,2,749.00,"Other"
"12808",36,5,748.70,"Other"
"15656",44,4,748.50,"Other"
"13108",372,2,748.46,"Other"
"15137",520,2,747.55,"Other"
"15618",32,4,747.03,"Other"
"15533",18,3,746.92,"Other"
"17387",19,2,746.81,"Other"
"14942",401,4,746.56,"Other"
"17889",211,7,746.42,"Other"
"14050",31,2,746.36,"Other"
"12793",334,3,745.53,"Other"
"14228",437,3,745.50,"Other"
"12525",490,3,745.18,"Other"
"17579",4,4,744.58,"Other"
"12505",392,1,744.50,"Other"
"12871",83,3,744.02,"Other"
"13070",191,4,743.90,"Other"
"13354",70,1,743.53,"Other"
"17038",29,2,743.17,"Other"
"15420",433,6,743.00,"Other"
"14302",430,3,742.90,"Other"
"18275",577,2,741.85,"Other"
"13721",35,2,741.54,"Other"
"13713",407,3,740.76,"Other"
"15831",57,3,740.64,"Other"
"14104",154,5,740.53,"Other"
"17114",5,8,739.72,"Other"
"15720",23,2,739.22,"Other"
"17760",21,6,739.14,"Other"
"12697",20,3,739.02,"Other"
"15462",93,4,737.05,"Other"
"15070",372,3,737.05,"Other"
"15988",18,3,736.39,"Other"
"16806",102,4,736.21,"Other"
"17461",22,3,735.82,"Other"
"18190",191,5,735.67,"Other"
"13286",599,1,734.91,"Other"
"15938",111,9,734.81,"Other"
"17616",173,4,734.40,"Other"
"13575",22,5,732.07,"Other"
"13780",6,3,732.07,"Other"
"12696",434,2,731.91,"Other"
"14778",126,2,730.86,"Other"
"13452",258,3,729.80,"Other"
"12925",4,3,729.33,"Other"
"15872",14,4,729.25,"Other"
"17756",375,3,728.75,"Other"
"13950",10,4,728.56,"Other"
"17141",417,4,727.58,"Other"
"13236",24,2,727.27,"Other"
"16447",135,3,727.10,"Other"
"16075",502,2,726.98,"Other"
"16465",413,2,726.34,"Other"
"16892",0,7,726.05,"Other"
"18078",216,4,725.53,"Other"
"13569",16,4,725.04,"Other"
"12745",486,2,723.85,"Other"
"15368",20,2,722.74,"Other"
"16924",20,3,722.64,"Other"
"13264",442,1,722.56,"Other"
"13980",59,5,722.02,"Other"
"18247",409,3,721.43,"Other"
"13370",365,1,721.32,"Other"
"13441",91,2,720.90,"Other"
"13921",398,4,720.75,"Other"
"16023",45,3,719.81,"Other"
"13541",422,2,717.90,"Other"
"13537",425,2,717.85,"Other"
"12527",81,5,717.51,"Other"
"12573",226,5,717.41,"Other"
"17860",368,4,717.39,"Other"
"16526",171,2,717.21,"Other"
"15274",3,2,716.57,"Other"
"12535",91,2,716.35,"Other"
"12628",3,3,715.61,"Other"
"15309",610,4,715.53,"Other"
"14798",52,8,715.11,"Other"
"12792",256,2,715.01,"Other"
"15330",31,2,714.96,"Other"
"16269",427,1,714.59,"Other"
"17615",129,6,714.30,"Other"
"14048",276,3,713.89,"Other"
"13512",260,4,713.39,"Other"
"13604",651,1,713.39,"Other"
"14026",470,2,713.11,"Other"
"12761",464,1,712.95,"Other"
"13147",9,4,712.80,"Other"
"17761",32,1,712.78,"Other"
"14470",11,3,712.04,"Other"
"16602",30,2,711.63,"Other"
"15127",65,2,711.50,"Other"
"13699",154,2,711.40,"Other"
"17374",218,3,711.21,"Other"
"13103",39,3,709.64,"Other"
"17979",35,4,709.11,"Other"
"12485",528,1,708.10,"Other"
"14398",400,2,707.79,"Other"
"12453",133,1,707.09,"Other"
"12723",3,5,707.07,"Other"
"17051",193,4,706.49,"Other"
"12890",23,2,706.02,"Other"
"16364",11,2,705.79,"Other"
"16882",66,3,705.12,"Other"
"12883",24,4,703.47,"Other"
"15103",30,2,703.36,"Other"
"12730",521,1,703.25,"Other"
"17561",18,4,703.02,"Other"
"16730",51,3,702.79,"Other"
"14699",213,4,702.60,"Other"
"16997",287,3,702.00,"Other"
"17825",598,4,701.96,"Other"
"14324",409,2,701.61,"Other"
"14179",40,2,701.57,"Other"
"16565",363,4,700.45,"Other"
"13833",158,2,700.41,"Other"
"17163",21,4,699.78,"Other"
"13242",111,7,699.40,"Other"
"12588",38,3,698.98,"Other"
"16018",38,4,698.13,"Other"
"16415",43,3,696.76,"Other"
"13101",233,4,695.40,"Other"
"15995",413,1,694.54,"Other"
"15053",4,3,693.95,"Other"
"17547",371,2,692.35,"Other"
"17198",23,3,692.22,"Other"
"17733",38,2,692.19,"Other"
"14880",76,3,690.59,"Other"
"13927",74,2,689.96,"Other"
"16545",164,2,689.82,"Other"
"17834",414,2,689.67,"Other"
"12735",314,2,689.57,"Other"
"13626",252,2,689.49,"Other"
"16015",3,3,689.41,"Other"
"17502",8,4,689.10,"Other"
"15361",361,4,689.07,"Other"
"14111",13,4,688.60,"Other"
"18017",80,4,688.00,"Other"
"14809",620,2,686.76,"Other"
"16309",91,2,686.67,"Other"
"13898",325,2,686.40,"Other"
"16824",15,3,686.24,"Other"
"15219",175,2,685.45,"Other"
"15184",28,4,685.39,"Other"
"14959",58,4,684.97,"Other"
"12632",520,2,684.88,"Other"
"16885",14,4,683.35,"Other"
"14222",176,1,683.17,"Other"
"15582",24,3,682.91,"Other"
"13987",379,2,682.54,"Other"
"18187",622,1,682.19,"Other"
"12638",32,2,681.49,"Other"
"18271",609,2,680.85,"Other"
"18082",25,1,680.84,"Other"
"13524",40,5,680.18,"Other"
"13809",304,3,679.70,"Other"
"14497",300,2,679.16,"Other"
"17782",382,2,679.02,"Other"
"16262",360,1,677.78,"Other"
"15669",39,4,677.69,"Other"
"13040",8,2,676.99,"Other"
"13729",435,3,676.43,"Other"
"16601",40,3,675.83,"Other"
"18156",12,2,675.64,"Other"
"12942",130,3,675.60,"Other"
"13325",81,1,675.30,"Other"
"16646",443,1,675.05,"Other"
"13355",121,1,674.70,"Other"
"16449",190,2,674.69,"Other"
"13585",530,3,674.46,"Other"
"13951",175,3,674.45,"Other"
"12465",7,2,673.89,"Other"
"14504",46,4,673.26,"Other"
"16226",202,5,672.17,"Other"
"12781",21,2,671.72,"Other"
"15562",351,3,671.43,"Other"
"17709",169,5,671.01,"Other"
"13398",191,2,670.34,"Other"
"15363",240,2,670.16,"Other"
"17418",41,3,670.06,"Other"
"13255",3,3,669.91,"Other"
"12786",609,1,668.50,"Other"
"15901",16,6,667.89,"Other"
"12450",155,5,666.95,"Other"
"14356",59,2,666.94,"Other"
"14151",672,2,666.70,"Other"
"18123",23,3,666.64,"Other"
"13741",71,3,666.33,"Other"
"17105",158,2,665.78,"Other"
"13415",472,4,665.42,"Other"
"16132",543,2,664.20,"Other"
"16704",617,2,664.16,"Other"
"13596",5,2,664.11,"Other"
"15700",171,2,664.03,"Other"
"14720",5,3,663.81,"Other"
"13974",48,2,663.52,"Other"
"16679",365,3,663.31,"Other"
"17462",50,2,662.94,"Other"
"12837",172,2,662.66,"Other"
"13864",386,1,662.40,"Other"
"16862",546,4,662.33,"Other"
"14182",443,4,660.07,"Other"
"14603",274,1,660.00,"Other"
"15405",188,2,659.84,"Other"
"13028",22,2,659.68,"Other"
"15492",27,2,659.46,"Other"
"13759",32,2,659.41,"Other"
"14452",10,4,658.95,"Other"
"14150",35,2,658.64,"Other"
"17874",184,6,658.26,"Other"
"16887",34,3,658.17,"Other"
"15715",555,5,658.02,"Other"
"16696",134,4,657.90,"Other"
"17852",11,5,657.81,"Other"
"17459",42,2,657.30,"Other"
"15207",409,3,657.27,"Other"
"13433",436,4,656.87,"Other"
"12791",373,5,656.83,"Other"
"16708",45,1,656.63,"Other"
"14142",372,2,655.94,"Other"
"17398",114,3,653.38,"Other"
"18121",148,2,653.30,"Other"
"15205",84,2,653.24,"Other"
"16648",38,3,653.00,"Other"
"17523",10,4,652.74,"Other"
"17935",137,7,652.64,"Other"
"17572",70,10,652.21,"Other"
"13430",18,2,652.07,"Other"
"17962",141,4,651.51,"Other"
"13622",688,1,651.45,"Other"
"13840",415,1,651.40,"Other"
"17371",16,6,651.37,"Other"
"16056",44,1,650.75,"Other"
"16969",38,3,650.41,"Other"
"16117",189,3,650.05,"Other"
"12844",28,4,648.60,"Other"
"16573",73,2,648.41,"Other"
"16495",2,3,648.26,"Other"
"12440",456,2,648.15,"Other"
"17777",24,3,647.56,"Other"
"15643",178,3,647.40,"Other"
"16734",51,3,646.76,"Other"
"13474",235,3,646.59,"Other"
"15945",364,4,646.27,"Other"
"15012",53,3,646.26,"Other"
"14024",121,3,645.74,"Other"
"16185",16,3,644.72,"Other"
"17312",138,3,644.30,"Other"
"16157",15,3,644.24,"Other"
"17380",433,3,643.75,"Other"
"17963",470,4,643.16,"Other"
"13237",387,1,643.00,"Other"
"13318",0,3,640.76,"Other"
"12538",28,2,640.45,"Other"
"12880",381,2,640.13,"Other"
"18163",560,1,639.34,"Other"
"15183",547,3,637.03,"Other"
"14664",19,2,636.24,"Other"
"15829",98,2,636.14,"Other"
"16534",641,1,635.90,"Other"
"14425",426,3,635.89,"Other"
"16428",80,3,635.54,"Other"
"14537",57,2,635.45,"Other"
"15297",9,3,635.04,"Other"
"17334",300,3,634.73,"Other"
"14365",394,2,634.68,"Other"
"17779",20,3,633.92,"Other"
"14219",3,3,633.83,"Other"
"15045",151,2,633.66,"Other"
"17375",189,4,632.95,"Other"
"15666",471,2,632.94,"Other"
"13820",417,3,632.50,"Other"
"13540",466,3,632.39,"Other"
"12658",18,1,632.05,"Other"
"13822",5,2,632.00,"Other"
"17985",21,1,631.35,"Other"
"13706",302,2,631.17,"Other"
"16193",236,2,630.43,"Other"
"13525",14,2,628.78,"Other"
"14283",462,4,628.44,"Other"
"16399",18,3,628.42,"Other"
"13480",416,2,627.82,"Other"
"17691",357,4,627.35,"Other"
"13518",85,1,627.16,"Other"
"12461",154,1,626.88,"Other"
"14036",284,1,626.65,"Other"
"14381",51,2,625.94,"Other"
"16715",77,2,625.52,"Other"
"14563",509,2,625.42,"Other"
"17134",106,3,625.30,"Other"
"16750",44,5,623.93,"Other"
"16792",281,5,623.46,"Other"
"16431",212,3,623.28,"Other"
"15258",168,2,623.16,"Other"
"14115",501,2,622.67,"Other"
"17430",32,4,622.57,"Other"
"18101",10,5,622.01,"Other"
"16368",1,3,621.44,"Other"
"13444",373,2,619.08,"Other"
"16613",69,1,618.59,"Other"
"13496",10,2,617.93,"Other"
"16268",70,2,617.65,"Other"
"15956",550,2,617.60,"Other"
"14377",190,2,617.05,"Other"
"13925",35,4,616.65,"Other"
"16311",17,2,616.26,"Other"
"16330",17,7,615.68,"Other"
"17639",275,6,615.17,"Other"
"14077",40,6,615.08,"Other"
"16847",42,2,614.89,"Other"
"16844",562,2,614.34,"Other"
"16343",15,3,614.12,"Other"
"14558",652,3,614.10,"Other"
"16566",14,5,614.01,"Other"
"13914",3,2,613.95,"Other"
"12603",21,1,613.20,"Other"
"14169",430,2,613.11,"Other"
"15362",448,2,613.08,"Other"
"12537",408,1,612.94,"Other"
"15016",172,5,612.89,"Other"
"12855",372,4,612.84,"Other"
"16178",137,2,612.60,"Other"
"17005",470,2,612.41,"Other"
"16589",70,4,612.36,"Other"
"15232",112,2,612.06,"Other"
"16158",521,9,611.32,"Other"
"16922",572,1,611.08,"Other"
"14793",3,2,611.05,"Other"
"13731",218,2,610.59,"Other"
"14636",35,2,609.85,"Other"
"15748",39,3,609.81,"Other"
"17325",279,3,609.57,"Other"
"15275",30,1,609.19,"Other"
"16675",441,2,608.86,"Other"
"13933",108,2,608.79,"Other"
"15147",218,1,608.65,"Other"
"12612",57,1,607.59,"Other"
"12492",62,3,607.21,"Other"
"15717",233,5,607.00,"Other"
"13020",547,2,606.96,"Other"
"16781",364,2,606.40,"Other"
"17507",261,2,605.58,"Other"
"17707",184,8,605.05,"Other"
"12944",35,2,604.51,"Other"
"14339",234,2,604.48,"Other"
"12734",352,3,603.65,"Other"
"12707",291,1,603.42,"Other"
"18264",498,1,603.25,"Other"
"16022",259,1,602.63,"Other"
"13836",398,2,602.52,"Other"
"17998",379,3,601.74,"Other"
"17270",468,2,601.45,"Other"
"15276",65,4,601.30,"Other"
"14254",432,1,601.03,"Other"
"15257",280,2,600.90,"Other"
"18183",217,2,600.52,"Other"
"12420",63,1,600.39,"Other"
"17745",477,2,600.34,"Other"
"13301",103,4,600.19,"Other"
"18211",25,5,600.07,"Other"
"16077",573,1,600.00,"Other"
"12556",49,2,599.56,"Other"
"14611",438,2,599.38,"Other"
"13832",17,2,598.64,"Other"
"13311",3,2,598.57,"Other"
"15424",253,3,597.78,"Other"
"14569",0,4,597.33,"Other"
"15631",641,1,596.67,"Other"
"16780",99,3,596.40,"Other"
"14965",95,2,596.09,"Other"
"17845",554,4,596.09,"Other"
"17209",648,3,595.70,"Other"
"12519",63,2,595.19,"Other"
"13558",5,4,594.52,"Other"
"15929",643,1,594.00,"Other"
"15442",248,1,594.00,"Other"
"17119",2,2,593.61,"Other"
"13314",1,3,593.51,"Other"
"14746",405,4,593.50,"Other"
"16412",53,5,593.19,"Other"
"16116",205,1,592.88,"Other"
"16776",59,2,592.51,"Other"
"13472",463,2,592.24,"Other"
"17473",400,2,592.15,"Other"
"17815",392,1,591.96,"Other"
"17483",64,4,591.73,"Other"
"15346",332,3,591.65,"Other"
"15524",24,2,591.40,"Other"
"17098",381,3,591.07,"Other"
"17968",373,4,590.44,"Other"
"13270",365,1,590.00,"Other"
"15160",356,4,589.27,"Other"
"15624",116,4,588.13,"Other"
"15191",462,3,588.05,"Other"
"14455",431,4,587.12,"Other"
"15097",3,3,587.05,"Other"
"17890",322,2,586.89,"Other"
"13106",128,2,586.46,"Other"
"14729",373,3,586.24,"Other"
"15648",203,2,584.75,"Other"
"14023",6,2,584.07,"Other"
"15762",64,2,583.75,"Other"
"14670",279,3,583.33,"Other"
"16445",33,4,583.16,"Other"
"15918",190,3,582.88,"Other"
"16100",462,1,582.64,"Other"
"16802",678,2,582.61,"Other"
"18232",81,4,582.47,"Other"
"12427",11,3,582.37,"Other"
"17099",532,1,582.17,"Other"
"17392",306,3,579.92,"Other"
"14771",605,2,579.92,"Other"
"14742",434,1,579.85,"Other"
"17678",263,2,579.81,"Other"
"15588",677,1,579.60,"Other"
"14529",59,3,578.61,"Other"
"18262",139,3,577.54,"Other"
"17557",13,4,575.46,"Other"
"17773",513,2,575.37,"Other"
"12859",458,1,575.10,"Other"
"14323",114,2,574.26,"Other"
"13262",262,3,573.45,"Other"
"17274",34,2,573.22,"Other"
"13379",25,3,572.56,"Other"
"13179",618,1,572.31,"Other"
"14053",123,4,572.30,"Other"
"17156",483,1,572.07,"Other"
"12817",280,3,570.98,"Other"
"15821",43,2,570.96,"Other"
"17122",118,4,570.50,"Other"
"15857",18,2,570.48,"Other"
"14170",374,3,570.18,"Other"
"17433",87,2,569.96,"Other"
"15169",381,2,569.22,"Other"
"12624",105,2,569.13,"Other"
"12575",456,2,568.82,"Other"
"18244",430,2,568.64,"Other"
"17035",245,4,568.39,"Other"
"13321",71,2,567.36,"Other"
"16667",67,2,567.18,"Other"
"14208",94,2,567.05,"Other"
"14173",10,6,566.95,"Other"
"15627",456,2,566.90,"Other"
"13998",446,3,566.70,"Other"
"18150",31,3,566.58,"Other"
"14932",365,2,566.13,"Other"
"12699",417,1,566.11,"Other"
"12601",189,6,565.76,"Other"
"16250",260,3,565.24,"Other"
"15920",153,8,565.19,"Other"
"15143",225,2,563.63,"Other"
"16590",380,2,563.60,"Other"
"16658",367,5,563.48,"Other"
"14986",375,2,563.10,"Other"
"17665",492,1,563.10,"Other"
"17195",654,1,562.98,"Other"
"17970",210,1,562.79,"Other"
"17014",7,3,562.68,"Other"
"17233",34,3,560.86,"Other"
"17413",404,2,560.14,"Other"
"14273",50,4,559.97,"Other"
"15415",312,1,559.61,"Other"
"15198",91,5,559.45,"Other"
"17503",2,2,558.96,"Other"
"14592",34,3,557.94,"Other"
"13424",443,1,557.92,"Other"
"13260",60,1,557.62,"Other"
"13406",426,2,557.22,"Other"
"16720",25,3,556.69,"Other"
"18127",18,4,556.13,"Other"
"15102",530,2,554.67,"Other"
"15634",16,2,554.65,"Other"
"15597",29,2,554.52,"Other"
"16641",105,2,554.50,"Other"
"17407",411,1,552.90,"Other"
"12879",44,3,552.57,"Other"
"17016",576,1,552.40,"Other"
"12363",109,2,552.00,"Other"
"15315",63,2,551.54,"Other"
"13677",404,2,551.24,"Other"
"16414",21,5,551.21,"Other"
"17674",73,2,551.04,"Other"
"17291",307,1,550.80,"Other"
"17265",138,2,550.01,"Other"
"16111",427,1,549.33,"Other"
"15055",474,3,549.12,"Other"
"15200",494,1,549.05,"Other"
"16936",25,2,548.29,"Other"
"18039",373,4,548.22,"Other"
"16031",91,2,547.90,"Other"
"15830",28,1,547.70,"Other"
"15350",372,2,547.60,"Other"
"16811",4,2,547.07,"Other"
"17637",30,2,547.06,"Other"
"17295",28,3,547.00,"Other"
"17520",53,1,546.81,"Other"
"15080",427,2,546.25,"Other"
"17806",10,1,546.04,"Other"
"12478",3,1,545.99,"Other"
"12521",142,1,545.68,"Other"
"13684",285,4,544.42,"Other"
"16475",87,4,544.30,"Other"
"13390",74,1,544.08,"Other"
"13955",153,3,544.07,"Other"
"14716",42,3,543.28,"Other"
"13008",322,3,543.28,"Other"
"16927",115,3,543.05,"Other"
"15598",34,2,543.02,"Other"
"15959",681,3,542.89,"Other"
"13785",428,4,542.49,"Other"
"15675",80,4,542.04,"Other"
"16230",189,2,542.03,"Other"
"16060",400,3,541.95,"Other"
"16647",169,4,541.90,"Other"
"17447",39,2,541.53,"Other"
"12819",457,1,540.52,"Other"
"12743",133,2,540.13,"Other"
"18056",287,2,539.75,"Other"
"15546",606,2,539.55,"Other"
"15650",514,2,539.03,"Other"
"15539",6,1,538.46,"Other"
"16536",106,1,538.17,"Other"
"17580",252,5,538.07,"Other"
"14539",15,2,537.48,"Other"
"16804",22,3,536.99,"Other"
"13948",360,4,536.86,"Other"
"17011",29,3,536.70,"Other"
"18140",473,1,536.41,"Other"
"12719",4,2,536.10,"Other"
"13894",21,3,535.97,"Other"
"13207",14,4,535.86,"Other"
"15890",394,5,535.65,"Other"
"13024",463,2,535.42,"Other"
"16142",249,1,535.34,"Other"
"12810",534,2,534.99,"Other"
"13385",329,1,534.57,"Other"
"17443",219,1,534.24,"Other"
"16785",409,1,533.78,"Other"
"16707",399,4,533.41,"Other"
"15825",171,1,532.94,"Other"
"12513",84,1,532.79,"Other"
"15659",43,3,532.49,"Other"
"14940",417,2,531.49,"Other"
"16706",36,3,531.35,"Other"
"16935",381,3,530.86,"Other"
"15917",247,5,530.17,"Other"
"18159",300,1,530.15,"Other"
"12654",10,5,529.98,"Other"
"14002",133,2,529.73,"Other"
"17681",596,5,529.60,"Other"
"17458",14,2,529.58,"Other"
"18191",261,2,529.40,"Other"
"18043",24,3,529.29,"Other"
"15842",387,2,528.75,"Other"
"17999",36,3,528.46,"Other"
"13057",529,3,528.24,"Other"
"15115",17,2,528.10,"Other"
"15756",60,4,528.01,"Other"
"18098",395,1,527.94,"Other"
"14616",242,5,527.78,"Other"
"18053",65,3,527.77,"Other"
"16421",375,3,526.27,"Other"
"15919",19,2,525.69,"Other"
"14417",387,1,524.65,"Other"
"15683",116,2,524.54,"Other"
"17765",158,4,524.00,"Other"
"13277",15,7,523.30,"Other"
"17223",309,3,523.04,"Other"
"17712",44,1,522.91,"Other"
"13605",386,2,522.67,"Other"
"16413",56,2,522.03,"Other"
"17514",127,2,522.00,"Other"
"12956",305,4,521.89,"Other"
"17436",1,5,521.31,"Other"
"15689",119,3,521.03,"Other"
"13977",410,1,519.81,"Other"
"13811",183,2,519.75,"Other"
"13287",582,3,519.67,"Other"
"12571",39,2,519.61,"Other"
"12777",457,1,519.45,"Other"
"16001",380,1,519.06,"Other"
"13190",543,3,518.76,"Other"
"12825",520,2,518.63,"Other"
"12790",191,2,518.45,"Other"
"13600",311,2,518.42,"Other"
"18205",35,2,517.36,"Other"
"14429",403,1,516.28,"Other"
"13859",325,2,515.86,"Other"
"18243",413,1,515.78,"Other"
"17510",24,2,514.56,"Other"
"18212",325,2,514.37,"Other"
"12897",204,4,514.25,"Other"
"12977",155,4,513.88,"Other"
"16829",156,2,513.32,"Other"
"16576",409,2,513.17,"Other"
"14570",280,3,512.40,"Other"
"13177",64,2,512.20,"Other"
"15467",8,3,511.88,"Other"
"15691",251,4,511.80,"Other"
"15655",232,1,511.32,"Other"
"16561",5,2,511.12,"Other"
"16406",18,3,509.66,"Other"
"13710",31,3,509.52,"Other"
"15891",226,1,509.13,"Other"
"14034",21,3,509.09,"Other"
"17524",360,3,508.90,"Other"
"15417",84,1,508.80,"Other"
"17391",163,2,508.80,"Other"
"14317",64,1,508.58,"Other"
"13067",81,3,508.51,"Other"
"13594",52,2,508.42,"Other"
"14552",151,3,507.93,"Other"
"17415",79,1,507.84,"Other"
"14158",39,1,507.66,"Other"
"17384",18,3,507.55,"Other"
"13885",188,2,506.80,"Other"
"13123",472,2,506.75,"Other"
"14647",200,2,506.04,"Other"
"12988",291,1,505.82,"Other"
"18207",493,1,505.12,"Other"
"12390",79,1,504.84,"Other"
"14807",390,2,504.14,"Other"
"17630",169,2,503.60,"Other"
"17266",1,5,501.72,"Other"
"13865",57,4,501.56,"Other"
"13247",17,4,501.12,"Other"
"17248",119,2,500.54,"Other"
"18049",436,2,500.50,"Other"
"16616",14,2,500.42,"Other"
"12800",469,2,500.25,"Other"
"12366",633,1,500.24,"Other"
"12559",310,2,500.21,"Other"
"17110",164,3,499.90,"Other"
"13553",674,1,499.60,"Other"
"15193",60,1,499.32,"Other"
"17256",106,5,498.93,"Other"
"14171",97,2,498.79,"Other"
"13961",384,1,498.70,"Other"
"13493",274,2,498.63,"Other"
"14949",459,4,498.55,"Other"
"16820",95,1,497.61,"Other"
"14968",29,2,497.49,"Other"
"17335",383,2,497.04,"Other"
"17923",281,3,497.00,"Other"
"15300",63,1,496.44,"Other"
"17053",128,1,496.38,"Other"
"15278",561,4,496.16,"Other"
"12904",17,2,496.06,"Other"
"16977",394,4,496.00,"Other"
"17995",281,3,495.48,"Other"
"16352",17,2,494.44,"Other"
"17333",85,1,494.25,"Other"
"12763",137,2,494.08,"Other"
"14008",374,1,493.74,"Other"
"14270",331,1,492.65,"Other"
"16488",32,3,492.20,"Other"
"14310",432,1,492.10,"Other"
"13732",27,1,491.86,"Other"
"17269",385,1,491.81,"Other"
"14663",429,2,490.60,"Other"
"15000",47,1,490.52,"Other"
"14416",21,2,490.22,"Other"
"12983",597,1,490.08,"Other"
"17715",200,2,489.60,"Other"
"14722",146,3,489.52,"Other"
"12943",300,2,489.00,"Other"
"17608",32,4,488.06,"Other"
"15165",372,1,487.75,"Other"
"13412",619,1,487.35,"Other"
"16021",394,2,487.03,"Other"
"13675",150,2,486.82,"Other"
"17453",17,2,486.72,"Other"
"12920",16,4,486.64,"Other"
"15138",384,1,486.59,"Other"
"17548",217,4,486.48,"Other"
"13153",5,1,486.22,"Other"
"15216",87,2,486.09,"Other"
"17658",10,2,485.88,"Other"
"13116",116,1,485.19,"Other"
"13812",41,3,485.00,"Other"
"15447",330,5,484.93,"Other"
"16999",22,2,484.82,"Other"
"13733",410,2,484.53,"Other"
"13816",23,2,483.04,"Other"
"18203",156,4,482.52,"Other"
"16603",74,2,482.47,"Other"
"18216",30,1,481.75,"Other"
"17106",388,1,481.58,"Other"
"13176",45,1,481.49,"Other"
"15174",322,2,481.46,"Other"
"12979",728,1,479.54,"Other"
"16024",11,3,478.71,"Other"
"13428",9,3,478.54,"Other"
"14319",423,1,476.95,"Other"
"15344",0,3,476.58,"Other"
"15277",46,2,476.34,"Other"
"15507",171,1,475.86,"Other"
"17988",11,13,475.74,"Other"
"15780",183,3,475.28,"Other"
"17104",423,1,474.03,"Other"
"16635",406,1,473.00,"Other"
"16080",81,4,472.90,"Other"
"13194",135,2,472.78,"Other"
"18280",277,2,472.45,"Other"
"14975",56,2,472.39,"Other"
"13161",312,2,472.13,"Other"
"13043",253,1,471.57,"Other"
"15721",11,1,471.40,"Other"
"15963",19,2,470.76,"Other"
"17996",379,3,469.73,"Other"
"16473",164,4,469.58,"Other"
"17254",4,3,469.48,"Other"
"14058",462,2,469.19,"Other"
"14369",641,2,469.13,"Other"
"15557",28,1,468.91,"Other"
"15387",491,1,468.65,"Other"
"17294",668,2,467.79,"Other"
"17187",226,2,467.71,"Other"
"14029",62,2,467.66,"Other"
"16390",536,3,467.50,"Other"
"12958",399,2,467.34,"Other"
"14052",19,2,466.66,"Other"
"14148",233,2,466.29,"Other"
"14237",372,2,466.04,"Other"
"16504",24,1,465.88,"Other"
"13248",124,2,465.68,"Other"
"13928",10,4,464.57,"Other"
"15349",157,2,463.91,"Other"
"18083",397,1,463.53,"Other"
"17040",137,2,463.25,"Other"
"17964",31,2,463.21,"Other"
"14331",123,2,462.66,"Other"
"17680",23,3,462.50,"Other"
"14954",11,2,462.12,"Other"
"15958",73,4,462.12,"Other"
"15540",10,2,460.68,"Other"
"13367",431,1,460.20,"Other"
"12667",57,1,460.13,"Other"
"16310",413,2,460.08,"Other"
"17111",46,2,459.58,"Other"
"13642",215,4,459.45,"Other"
"16596",15,4,458.98,"Other"
"14118",428,1,458.45,"Other"
"13957",417,3,458.25,"Other"
"14599",389,2,457.89,"Other"
"15121",49,2,457.72,"Other"
"16069",417,1,457.70,"Other"
"15973",235,2,457.57,"Other"
"15589",252,3,456.58,"Other"
"14819",63,4,456.41,"Other"
"15018",38,3,456.26,"Other"
"12999",195,3,455.88,"Other"
"15585",176,1,455.30,"Other"
"14335",15,2,454.86,"Other"
"16765",293,2,454.75,"Other"
"17067",724,3,454.54,"Other"
"16038",7,3,454.33,"Other"
"17140",246,1,454.12,"Other"
"15475",76,1,454.11,"Other"
"17564",23,3,454.01,"Other"
"17376",70,4,453.64,"Other"
"14184",66,1,452.89,"Other"
"12816",95,2,452.20,"Other"
"14011",479,2,451.92,"Other"
"18158",8,2,451.75,"Other"
"13698",596,2,451.73,"Other"
"18100",549,1,451.56,"Other"
"18031",378,1,451.30,"Other"
"15961",378,1,451.29,"Other"
"12361",286,4,451.25,"Other"
"12831",261,3,451.11,"Other"
"15124",22,4,450.82,"Other"
"12596",50,2,450.27,"Other"
"16870",468,1,450.16,"Other"
"14784",25,3,449.93,"Other"
"16039",423,2,449.65,"Other"
"13489",104,4,449.52,"Other"
"15126",536,2,449.49,"Other"
"15418",424,2,449.42,"Other"
"17823",420,2,449.25,"Other"
"15739",65,1,449.12,"Other"
"18176",353,1,448.65,"Other"
"14296",413,2,448.45,"Other"
"14761",58,3,447.92,"Other"
"16799",431,2,447.83,"Other"
"14780",54,2,447.68,"Other"
"18201",722,1,447.53,"Other"
"16095",455,1,447.05,"Other"
"13754",151,3,447.05,"Other"
"17476",392,2,446.51,"Other"
"13877",85,3,446.33,"Other"
"17370",72,4,446.18,"Other"
"18134",597,2,445.00,"Other"
"17276",399,1,444.19,"Other"
"17344",45,2,443.86,"Other"
"14638",50,1,443.60,"Other"
"18222",92,1,443.00,"Other"
"12414",216,4,442.41,"Other"
"14996",480,2,442.29,"Other"
"17699",476,2,442.00,"Other"
"12907",395,2,440.36,"Other"
"18233",325,1,440.00,"Other"
"17643",372,2,439.70,"Other"
"16025",29,1,439.66,"Other"
"16968",3,2,439.43,"Other"
"13086",382,1,439.33,"Other"
"17729",595,1,438.65,"Other"
"15859",431,1,438.46,"Other"
"15881",311,5,438.24,"Other"
"17807",394,3,437.87,"Other"
"15877",1,2,437.83,"Other"
"15158",44,2,437.66,"Other"
"17070",113,2,437.42,"Other"
"16519",24,4,436.96,"Other"
"13432",570,2,436.55,"Other"
"14123",732,1,436.18,"Other"
"16084",298,1,436.18,"Other"
"14311",224,2,435.90,"Other"
"13150",470,3,435.02,"Other"
"13738",395,1,434.78,"Other"
"14238",325,3,434.23,"Other"
"16888",400,3,434.20,"Other"
"14093",11,1,433.86,"Other"
"16939",488,3,433.85,"Other"
"18029",641,1,433.77,"Other"
"15613",609,1,433.72,"Other"
"16522",435,2,433.36,"Other"
"17178",730,1,432.96,"Other"
"17687",420,1,432.68,"Other"
"16236",77,1,432.20,"Other"
"16881",66,1,432.00,"Other"
"14042",724,1,431.98,"Other"
"15488",92,5,431.92,"Other"
"12447",242,1,431.49,"Other"
"16481",659,1,430.93,"Other"
"13066",23,2,430.90,"Other"
"17842",601,1,430.69,"Other"
"16404",69,1,430.30,"Other"
"12827",5,3,430.15,"Other"
"15450",29,1,429.84,"Other"
"14979",734,1,429.66,"Other"
"15230",238,2,429.60,"Other"
"15036",71,3,429.56,"Other"
"12436",99,1,429.01,"Other"
"15553",59,1,428.93,"Other"
"18089",446,1,428.45,"Other"
"15360",39,1,427.93,"Other"
"12740",63,1,427.60,"Other"
"13624",380,1,427.18,"Other"
"17740",388,6,426.90,"Other"
"13171",7,3,426.81,"Other"
"18152",645,1,426.69,"Other"
"15930",66,1,426.63,"Other"
"15217",562,1,426.24,"Other"
"14877",417,2,425.85,"Other"
"12491",38,1,424.40,"Other"
"17103",721,1,424.30,"Other"
"16913",289,3,423.91,"Other"
"17330",22,4,423.80,"Other"
"12542",483,2,423.38,"Other"
"12479",3,1,423.30,"Other"
"14097",480,2,422.86,"Other"
"16137",679,1,422.70,"Other"
"18240",45,1,422.58,"Other"
"16149",4,3,422.22,"Other"
"13964",386,2,421.90,"Other"
"14413",361,3,421.72,"Other"
"16773",56,3,421.24,"Other"
"14757",74,1,420.50,"Other"
"15206",9,4,420.30,"Other"
"15711",556,2,420.25,"Other"
"14575",487,1,420.22,"Other"
"13442",666,3,419.87,"Other"
"16541",734,1,419.78,"Other"
"13096",393,1,419.70,"Other"
"14124",83,1,419.58,"Other"
"13079",3,6,419.18,"Other"
"15262",323,3,418.82,"Other"
"13073",410,2,418.08,"Other"
"17701",252,1,417.95,"Other"
"15433",78,2,417.87,"Other"
"17232",2,2,417.77,"Other"
"16832",183,5,417.61,"Other"
"14762",263,2,417.57,"Other"
"12833",144,1,417.38,"Other"
"17258",396,2,417.30,"Other"
"16816",102,4,417.06,"Other"
"12729",113,1,417.01,"Other"
"16957",238,2,416.64,"Other"
"15011",395,2,416.60,"Other"
"12608",404,1,415.79,"Other"
"15725",14,1,415.25,"Other"
"13565",18,3,414.80,"Other"
"16356",197,6,414.42,"Other"
"18278",73,2,414.20,"Other"
"13002",317,3,414.13,"Other"
"14288",211,1,413.85,"Other"
"13669",50,3,413.55,"Other"
"14082",364,2,413.36,"Other"
"17767",14,2,413.05,"Other"
"17662",661,2,412.92,"Other"
"17601",238,2,412.66,"Other"
"16932",52,3,412.55,"Other"
"18050",358,2,412.06,"Other"
"16272",116,1,411.70,"Other"
"18284",431,1,411.68,"Other"
"18011",372,2,410.79,"Other"
"15099",83,1,410.48,"Other"
"17598",380,1,409.98,"Other"
"12930",77,2,409.90,"Other"
"13827",57,3,409.80,"Other"
"15728",48,2,409.80,"Other"
"14581",16,2,409.65,"Other"
"14348",259,1,409.57,"Other"
"15225",233,1,409.40,"Other"
"16864",433,2,409.25,"Other"
"16921",60,3,409.21,"Other"
"16243",33,2,409.10,"Other"
"13686",182,3,409.04,"Other"
"12974",197,2,408.95,"Other"
"16629",73,2,408.63,"Other"
"16324",127,3,408.59,"Other"
"14846",422,1,406.80,"Other"
"12353",203,2,406.76,"Other"
"14627",311,1,406.40,"Other"
"16632",485,2,406.40,"Other"
"18270",37,3,406.30,"Other"
"17000",395,2,406.30,"Other"
"12384",28,2,406.16,"Other"
"16815",453,2,406.02,"Other"
"12922",160,1,405.38,"Other"
"13640",610,1,405.00,"Other"
"13574",410,1,404.45,"Other"
"16319",217,1,404.40,"Other"
"17785",52,3,403.38,"Other"
"17431",312,1,403.30,"Other"
"13530",633,1,402.98,"Other"
"12564",260,1,402.90,"Other"
"16315",330,2,402.71,"Other"
"12386",337,2,401.90,"Other"
"15968",387,1,401.80,"Other"
"14494",25,3,401.46,"Other"
"14471",590,2,400.95,"Other"
"17285",627,2,400.44,"Other"
"17168",498,1,400.20,"Other"
"14358",388,2,400.06,"Other"
"15501",404,2,399.95,"Other"
"15966",443,1,399.58,"Other"
"18128",536,1,399.29,"Other"
"13143",581,1,399.20,"Other"
"17052",27,1,399.09,"Other"
"18111",582,1,398.90,"Other"
"17830",1,3,398.70,"Other"
"12459",604,1,398.36,"Other"
"15522",32,2,397.99,"Other"
"12508",25,2,397.88,"Other"
"15037",375,2,397.76,"Other"
"15280",171,3,397.52,"Other"
"13807",366,3,397.30,"Other"
"17789",280,2,397.15,"Other"
"12824",59,1,397.12,"Other"
"17486",260,1,396.87,"Other"
"15883",1,2,396.48,"Other"
"15888",79,3,396.45,"Other"
"18067",39,1,396.33,"Other"
"15577",150,5,396.03,"Other"
"13879",645,1,395.50,"Other"
"13083",3,3,395.43,"Other"
"16538",540,3,395.07,"Other"
"18048",202,3,394.93,"Other"
"18164",30,1,394.70,"Other"
"16998",149,5,394.50,"Other"
"16207",24,1,394.38,"Other"
"15386",185,1,394.14,"Other"
"15960",373,4,394.00,"Other"
"17300",390,2,393.64,"Other"
"15437",261,2,393.45,"Other"
"14620",203,2,393.28,"Other"
"16424",190,2,392.06,"Other"
"16783",436,1,391.95,"Other"
"15342",115,1,391.76,"Other"
"15461",460,2,391.30,"Other"
"12419",385,2,391.01,"Other"
"14072",666,1,390.85,"Other"
"14197",410,1,390.05,"Other"
"15446",376,3,390.00,"Other"
"14910",2,4,389.86,"Other"
"17116",647,1,389.78,"Other"
"17379",10,1,389.72,"Other"
"14752",43,1,389.64,"Other"
"17479",632,1,389.26,"Other"
"17286",21,3,389.18,"Other"
"13358",268,1,389.03,"Other"
"15592",46,1,388.58,"Other"
"13896",625,1,388.55,"Other"
"13899",15,2,388.52,"Other"
"17918",500,3,388.44,"Other"
"13673",18,2,387.44,"Other"
"12797",359,2,387.43,"Other"
"16827",392,5,387.18,"Other"
"17718",231,2,386.98,"Other"
"17771",56,4,386.93,"Other"
"17595",11,2,386.69,"Other"
"14678",570,1,386.44,"Other"
"17614",56,1,386.32,"Other"
"14779",280,3,386.15,"Other"
"16492",540,1,385.56,"Other"
"12973",413,1,385.55,"Other"
"14826",581,2,385.20,"Other"
"17711",10,2,385.10,"Other"
"12788",462,4,384.90,"Other"
"17171",288,2,384.59,"Other"
"16868",393,3,384.56,"Other"
"16433",27,2,384.52,"Other"
"12554",448,1,384.50,"Other"
"17357",23,2,384.39,"Other"
"14322",426,4,384.30,"Other"
"13966",434,1,384.26,"Other"
"16982",60,1,384.06,"Other"
"15155",382,1,383.97,"Other"
"13792",65,3,383.95,"Other"
"17804",375,3,383.78,"Other"
"15440",54,3,383.68,"Other"
"12376",389,2,383.15,"Other"
"12832",31,2,383.03,"Other"
"17403",35,2,382.87,"Other"
"14767",473,1,382.81,"Other"
"16988",4,2,382.67,"Other"
"13657",10,2,382.14,"Other"
"12593",108,3,382.10,"Other"
"17250",3,2,381.97,"Other"
"14908",73,2,381.90,"Other"
"16304",694,1,381.66,"Other"
"15504",80,4,381.50,"Other"
"15090",307,1,381.32,"Other"
"17393",410,2,381.15,"Other"
"17903",393,1,381.09,"Other"
"12672",329,2,380.50,"Other"
"17936",4,1,380.13,"Other"
"14731",46,3,380.02,"Other"
"16577",666,1,380.00,"Other"
"16552",242,2,379.73,"Other"
"17753",463,4,379.56,"Other"
"16484",173,2,379.40,"Other"
"14200",616,1,379.20,"Other"
"16930",25,3,378.89,"Other"
"13954",1,2,378.59,"Other"
"15048",64,4,377.52,"Other"
"12941",723,1,377.49,"Other"
"13597",387,2,377.21,"Other"
"18285",660,1,377.00,"Other"
"17783",71,3,376.96,"Other"
"17717",420,1,376.92,"Other"
"17489",58,2,376.64,"Other"
"14353",214,3,376.50,"Other"
"13997",518,3,376.46,"Other"
"14531",479,1,376.34,"Other"
"17078",35,2,375.86,"Other"
"13688",634,1,375.50,"Other"
"12375",2,2,375.42,"Other"
"14448",8,2,375.35,"Other"
"14294",406,1,375.34,"Other"
"14079",124,1,375.10,"Other"
"12579",72,1,374.72,"Other"
"14067",63,2,374.70,"Other"
"17568",632,1,374.45,"Other"
"14736",484,2,374.05,"Other"
"13283",59,4,373.36,"Other"
"13197",609,1,373.01,"Other"
"13374",414,2,372.80,"Other"
"12981",29,2,372.22,"Other"
"17245",204,2,371.63,"Other"
"15472",112,1,371.56,"Other"
"18162",731,1,371.51,"Other"
"15975",83,1,371.01,"Other"
"15063",212,1,370.80,"Other"
"15765",666,1,370.63,"Other"
"12445",21,2,370.48,"Other"
"15458",24,2,370.44,"Other"
"17094",317,2,370.40,"Other"
"16148",295,2,370.37,"Other"
"17437",529,1,369.68,"Other"
"16758",64,1,369.34,"Other"
"14888",206,1,369.20,"Other"
"15477",649,1,368.40,"Other"
"17792",466,2,368.35,"Other"
"15989",375,2,368.31,"Other"
"15345",34,1,367.69,"Other"
"14706",618,1,367.54,"Other"
"14018",644,1,367.15,"Other"
"14962",270,4,366.91,"Other"
"12899",413,1,366.40,"Other"
"17911",8,1,366.23,"Other"
"12889",380,4,365.66,"Other"
"16974",522,2,365.50,"Other"
"12448",43,1,365.45,"Other"
"12443",731,1,365.31,"Other"
"12651",334,4,365.30,"Other"
"15429",26,2,364.90,"Other"
"17536",176,3,364.83,"Other"
"14886",252,1,364.80,"Other"
"15949",16,2,364.72,"Other"
"15343",86,1,364.50,"Other"
"15915",401,1,364.24,"Other"
"14528",36,1,364.22,"Other"
"16909",63,1,364.14,"Other"
"16509",296,1,363.70,"Other"
"15922",371,1,363.60,"Other"
"14253",492,2,363.40,"Other"
"14594",6,2,363.33,"Other"
"16078",283,2,362.99,"Other"
"16378",246,3,362.95,"Other"
"17573",28,3,362.90,"Other"
"13962",21,3,362.80,"Other"
"12493",165,2,362.79,"Other"
"15029",617,1,362.15,"Other"
"16052",53,1,362.06,"Other"
"18110",18,2,362.03,"Other"
"13844",10,1,361.62,"Other"
"14950",8,1,361.25,"Other"
"16305",138,1,361.22,"Other"
"16448",197,2,361.12,"Other"
"18091",592,1,360.85,"Other"
"13274",408,1,360.85,"Other"
"17772",10,3,360.75,"Other"
"17012",724,1,360.61,"Other"
"18208",565,1,360.08,"Other"
"12634",547,1,360.00,"Other"
"15008",479,2,360.00,"Other"
"13298",0,1,360.00,"Other"
"13181",380,1,359.69,"Other"
"17945",696,3,359.50,"Other"
"14919",538,1,359.35,"Other"
"17948",146,1,358.56,"Other"
"16856",14,3,358.49,"Other"
"17748",526,1,358.15,"Other"
"13228",80,1,358.00,"Other"
"12499",559,1,357.72,"Other"
"16606",403,2,357.66,"Other"
"15595",487,1,357.60,"Other"
"16971",37,1,357.21,"Other"
"18040",18,2,357.20,"Other"
"18273",1,4,357.00,"Other"
"14500",87,3,356.85,"Other"
"17200",386,4,356.71,"Other"
"14172",604,3,356.27,"Other"
"17912",309,6,356.20,"Other"
"12996",375,1,355.50,"Other"
"16920",410,1,355.45,"Other"
"15863",25,5,355.10,"Other"
"16689",75,2,355.10,"Other"
"14268",470,1,354.85,"Other"
"14244",658,1,354.82,"Other"
"15986",29,2,354.42,"Other"
"12845",266,4,354.09,"Other"
"16323",195,2,353.66,"Other"
"18003",375,1,353.51,"Other"
"13210",93,1,353.48,"Other"
"12677",554,2,353.30,"Other"
"14804",8,1,353.27,"Other"
"13413",639,6,353.12,"Other"
"16382",407,2,353.10,"Other"
"12617",28,1,352.98,"Other"
"13765",652,1,352.82,"Other"
"16857",442,1,352.80,"Other"
"14333",63,1,351.45,"Other"
"16192",735,1,351.30,"Other"
"13923",53,1,351.13,"Other"
"12796",627,1,351.00,"Other"
"14252",380,1,350.99,"Other"
"13332",13,1,350.90,"Other"
"13670",74,1,349.70,"Other"
"12498",20,3,349.70,"Other"
"13887",203,1,349.55,"Other"
"14545",673,1,349.25,"Other"
"16355",373,1,349.20,"Other"
"17252",116,2,348.91,"Other"
"13790",3,1,348.80,"Other"
"17577",644,2,348.75,"Other"
"15282",569,1,348.59,"Other"
"12452",16,1,348.57,"Other"
"16263",422,1,348.16,"Other"
"15334",156,3,347.87,"Other"
"18155",74,3,347.82,"Other"
"17668",0,2,347.75,"Other"
"15085",729,1,347.54,"Other"
"12895",41,2,347.30,"Other"
"13062",190,1,346.98,"Other"
"12411",409,1,346.90,"Other"
"17780",666,3,346.56,"Other"
"13234",672,2,346.50,"Other"
"16423",24,1,346.12,"Other"
"15840",58,2,345.66,"Other"
"12829",321,3,345.35,"Other"
"13774",81,1,345.00,"Other"
"14633",265,1,344.90,"Other"
"15337",402,1,344.72,"Other"
"15519",382,2,344.61,"Other"
"17569",331,1,344.14,"Other"
"13068",9,2,344.00,"Other"
"16990",218,2,344.00,"Other"
"15120",129,1,343.82,"Other"
"15047",269,1,343.62,"Other"
"15520",1,1,343.50,"Other"
"18081",35,3,343.45,"Other"
"17810",668,2,343.21,"Other"
"18250",300,1,342.92,"Other"
"17795",179,2,342.83,"Other"
"13550",382,1,342.55,"Other"
"16851",3,3,342.45,"Other"
"14989",661,1,342.40,"Other"
"17835",2,3,342.24,"Other"
"17660",140,2,342.22,"Other"
"18199",675,1,342.20,"Other"
"14724",589,1,341.90,"Other"
"16826",50,1,341.70,"Other"
"16585",593,2,341.59,"Other"
"13252",393,2,341.30,"Other"
"16259",409,3,340.94,"Other"
"14491",174,2,340.93,"Other"
"17542",269,3,340.85,"Other"
"16044",434,1,340.84,"Other"
"15818",587,1,340.50,"Other"
"13584",306,3,340.40,"Other"
"12900",421,1,340.33,"Other"
"14840",267,2,340.21,"Other"
"13737",199,1,339.60,"Other"
"14203",396,1,339.34,"Other"
"13352",7,1,339.28,"Other"
"17697",235,1,338.95,"Other"
"14630",483,1,338.65,"Other"
"17833",722,1,338.46,"Other"
"14799",50,2,338.15,"Other"
"17296",729,1,338.13,"Other"
"12869",681,1,337.67,"Other"
"14926",381,2,337.65,"Other"
"13545",390,2,337.64,"Other"
"17736",8,3,337.49,"Other"
"15942",133,1,337.44,"Other"
"13930",57,2,337.34,"Other"
"17973",51,1,337.04,"Other"
"16476",416,1,337.00,"Other"
"17488",640,1,336.50,"Other"
"15619",10,1,336.40,"Other"
"13482",231,2,336.09,"Other"
"16690",43,4,336.08,"Other"
"14196",106,1,335.52,"Other"
"16063",259,1,335.32,"Other"
"17917",44,3,335.03,"Other"
"12690",205,1,335.01,"Other"
"17821",405,1,334.62,"Other"
"17607",375,1,333.81,"Other"
"13216",267,1,333.74,"Other"
"14241",183,2,333.70,"Other"
"15781",24,3,333.56,"Other"
"16006",210,2,332.82,"Other"
"13904",36,2,332.64,"Other"
"16850",333,1,332.41,"Other"
"16803",64,1,332.30,"Other"
"16452",630,2,332.17,"Other"
"17647",64,3,331.66,"Other"
"15512",155,4,331.58,"Other"
"16274",372,1,331.55,"Other"
"17435",410,1,331.35,"Other"
"13519",49,2,331.26,"Other"
"16030",309,1,331.24,"Other"
"16478",24,3,331.00,"Other"
"15878",561,2,330.77,"Other"
"14517",32,2,330.45,"Other"
"13010",373,2,330.12,"Other"
"15130",169,1,330.11,"Other"
"12850",445,1,330.00,"Other"
"18186",722,1,329.58,"Other"
"17518",425,2,329.42,"Other"
"17914",3,1,329.36,"Other"
"17154",74,1,329.34,"Other"
"15153",30,1,329.25,"Other"
"15979",602,1,329.22,"Other"
"13817",28,2,328.98,"Other"
"14012",277,1,328.80,"Other"
"13372",89,1,328.64,"Other"
"16855",23,2,328.40,"Other"
"16318",34,1,328.15,"Other"
"15709",283,2,327.85,"Other"
"17196",427,1,327.75,"Other"
"15735",420,1,327.68,"Other"
"13345",276,1,327.60,"Other"
"16166",427,2,327.48,"Other"
"13981",400,1,327.39,"Other"
"13498",729,1,327.38,"Other"
"16322",0,2,326.75,"Other"
"16604",547,2,326.25,"Other"
"18047",380,2,326.09,"Other"
"17439",655,1,325.74,"Other"
"12804",465,2,325.37,"Other"
"13661",602,1,325.24,"Other"
"15213",318,2,325.05,"Other"
"13801",66,1,324.80,"Other"
"15982",604,1,324.51,"Other"
"12946",436,1,324.45,"Other"
"18261",42,2,324.24,"Other"
"16685",60,2,324.24,"Other"
"13351",65,1,323.94,"Other"
"13025",731,1,323.39,"Other"
"13646",399,2,323.30,"Other"
"16195",722,1,323.25,"Other"
"14263",422,1,322.93,"Other"
"16627",78,1,322.80,"Other"
"17776",386,2,322.55,"Other"
"16342",74,4,322.41,"Other"
"12780",598,1,322.40,"Other"
"14424",17,1,322.08,"Other"
"15726",389,1,321.91,"Other"
"18090",421,1,321.90,"Other"
"13111",718,1,321.88,"Other"
"17976",371,1,321.79,"Other"
"17471",474,1,321.65,"Other"
"14070",684,1,321.60,"Other"
"15770",612,1,321.45,"Other"
"14823",179,3,321.43,"Other"
"17182",422,2,321.30,"Other"
"15869",276,3,321.11,"Other"
"15236",298,1,321.05,"Other"
"12504",17,4,321.00,"Other"
"15323",532,3,320.90,"Other"
"12365",290,1,320.69,"Other"
"14622",184,1,320.58,"Other"
"13986",16,1,320.46,"Other"
"17309",94,3,320.39,"Other"
"13942",534,1,320.00,"Other"
"13843",380,1,319.75,"Other"
"16967",188,1,319.02,"Other"
"17229",95,2,318.76,"Other"
"12795",18,1,318.48,"Other"
"16273",647,2,318.34,"Other"
"14703",14,1,318.17,"Other"
"17839",41,1,318.15,"Other"
"18253",642,1,317.88,"Other"
"12552",39,1,317.82,"Other"
"12760",455,1,317.80,"Other"
"17267",126,2,317.20,"Other"
"15616",437,1,317.11,"Other"
"17689",387,2,317.08,"Other"
"15682",598,2,316.99,"Other"
"16761",96,1,316.62,"Other"
"15204",356,1,316.58,"Other"
"13494",311,1,316.26,"Other"
"12614",277,1,315.60,"Other"
"15042",198,2,315.45,"Other"
"15670",296,2,315.20,"Other"
"16091",154,2,315.06,"Other"
"17121",402,1,314.74,"Other"
"14991",429,1,314.67,"Other"
"18206",552,1,314.66,"Other"
"18117",25,1,314.40,"Other"
"17440",147,4,314.26,"Other"
"12532",29,1,313.83,"Other"
"17563",577,2,313.78,"Other"
"12888",213,2,313.77,"Other"
"15196",432,2,313.70,"Other"
"13087",725,1,313.64,"Other"
"16582",112,1,313.62,"Other"
"14981",245,2,313.52,"Other"
"17928",44,3,313.16,"Other"
"13845",64,1,312.98,"Other"
"16234",473,3,312.78,"Other"
"17843",302,2,312.65,"Other"
"15318",3,1,312.62,"Other"
"13226",272,2,312.46,"Other"
"12834",282,1,312.38,"Other"
"17326",407,2,312.35,"Other"
"12529",522,1,311.78,"Other"
"14951",78,1,311.69,"Other"
"13990",212,1,311.30,"Other"
"16328",562,1,310.83,"Other"
"14094",439,1,310.82,"Other"
"13847",719,1,310.72,"Other"
"16439",721,1,310.70,"Other"
"15185",69,1,310.62,"Other"
"14848",404,1,310.56,"Other"
"15188",724,1,310.43,"Other"
"13315",688,1,310.26,"Other"
"14749",479,1,310.15,"Other"
"13628",675,1,310.14,"Other"
"17181",56,3,309.85,"Other"
"14122",394,3,309.77,"Other"
"13187",336,4,309.66,"Other"
"15699",17,1,309.65,"Other"
"16373",381,2,309.49,"Other"
"16683",528,1,309.35,"Other"
"12884",87,1,309.05,"Other"
"15010",35,1,308.94,"Other"
"16194",374,1,308.60,"Other"
"13164",568,2,308.45,"Other"
"14181",410,2,308.35,"Other"
"14927",396,1,308.20,"Other"
"13289",723,1,307.95,"Other"
"15778",430,1,307.95,"Other"
"16123",51,1,307.78,"Other"
"13529",78,2,307.76,"Other"
"18070",668,1,307.75,"Other"
"13060",253,1,307.53,"Other"
"17120",232,1,307.46,"Other"
"13932",294,1,307.40,"Other"
"15374",128,2,307.32,"Other"
"17721",658,1,307.21,"Other"
"13036",684,1,307.10,"Other"
"13142",18,1,307.09,"Other"
"15087",281,1,306.94,"Other"
"16649",519,1,306.58,"Other"
"13718",245,2,306.55,"Other"
"13281",436,1,306.45,"Other"
"16524",445,2,306.19,"Other"
"17077",577,1,306.00,"Other"
"14168",420,2,305.90,"Other"
"16796",88,1,305.62,"Other"
"16181",72,1,305.54,"Other"
"14783",654,1,305.35,"Other"
"15893",481,1,305.28,"Other"
"13383",543,1,305.28,"Other"
"15163",17,2,304.47,"Other"
"18185",248,1,304.25,"Other"
"16674",54,2,304.24,"Other"
"14990",611,2,304.17,"Other"
"17383",3,2,304.09,"Other"
"15454",361,2,303.89,"Other"
"16489",379,2,303.70,"Other"
"14791",606,1,303.63,"Other"
"14806",74,2,303.43,"Other"
"18255",88,2,303.15,"Other"
"16425",301,1,302.70,"Other"
"18165",176,1,302.46,"Other"
"15308",270,1,302.27,"Other"
"15054",11,2,302.10,"Other"
"15242",421,1,302.04,"Other"
"13773",396,2,301.54,"Other"
"15667",39,1,301.32,"Other"
"15148",10,1,301.29,"Other"
"15432",22,2,301.26,"Other"
"13625",596,1,301.26,"Other"
"16437",380,2,301.25,"Other"
"13400",573,1,300.93,"Other"
"12351",374,1,300.93,"Other"
"16479",9,2,300.83,"Other"
"16050",173,3,300.70,"Other"
"17556",205,2,300.67,"Other"
"17793",24,1,300.34,"Other"
"14797",506,1,300.31,"Other"
"15724",200,3,299.80,"Other"
"12852",289,1,299.75,"Other"
"12544",29,1,299.70,"Other"
"14043",490,2,299.65,"Other"
"17766",380,2,299.61,"Other"
"12547",197,3,299.58,"Other"
"12864",137,2,299.57,"Other"
"13346",462,6,299.40,"Other"
"17898",84,4,299.18,"Other"
"13667",148,1,299.05,"Other"
"15880",368,1,299.03,"Other"
"12489",335,1,298.93,"Other"
"17991",224,3,298.65,"Other"
"17824",50,1,298.40,"Other"
"12881",275,1,298.00,"Other"
"16583",373,2,297.95,"Other"
"18059",8,3,296.71,"Other"
"12460",455,1,296.65,"Other"
"13751",287,1,296.25,"Other"
"12898",463,2,296.21,"Other"
"13504",63,1,295.93,"Other"
"13660",395,1,295.74,"Other"
"14614",385,1,295.13,"Other"
"12350",309,1,294.40,"Other"
"17301",20,2,294.39,"Other"
"14747",247,1,294.30,"Other"
"17506",69,1,294.29,"Other"
"17124",184,1,294.24,"Other"
"14137",681,1,294.10,"Other"
"17927",721,1,294.00,"Other"
"15718",539,1,293.79,"Other"
"15135",232,2,293.78,"Other"
"14192",387,1,293.74,"Other"
"15928",655,1,293.53,"Other"
"17710",423,1,293.50,"Other"
"16402",264,2,293.45,"Other"
"17441",731,1,293.35,"Other"
"14835",526,2,293.10,"Other"
"15060",7,4,293.00,"Other"
"12566",72,1,292.70,"Other"
"16721",261,1,292.47,"Other"
"16956",8,1,292.34,"Other"
"13739",17,2,292.20,"Other"
"14985",197,2,292.01,"Other"
"13449",23,1,291.88,"Other"
"17207",651,1,291.77,"Other"
"17907",640,1,291.76,"Other"
"17882",378,2,291.56,"Other"
"13347",69,1,291.36,"Other"
"14727",273,3,291.13,"Other"
"18182",462,1,291.13,"Other"
"15302",721,1,291.05,"Other"
"17551",358,1,290.34,"Other"
"13796",498,1,289.70,"Other"
"15962",448,1,289.48,"Other"
"14162",173,2,289.36,"Other"
"15041",169,2,288.98,"Other"
"15545",53,2,288.97,"Other"
"17057",595,1,288.79,"Other"
"17501",220,2,288.60,"Other"
"16808",98,2,288.42,"Other"
"14010",564,2,288.10,"Other"
"16432",63,1,287.40,"Other"
"17497",389,2,287.25,"Other"
"13508",243,2,287.05,"Other"
"17688",374,1,286.50,"Other"
"16555",34,6,285.89,"Other"
"12698",589,1,285.75,"Other"
"14660",86,2,285.74,"Other"
"14402",651,1,285.60,"Other"
"17627",478,1,285.11,"Other"
"16429",105,1,284.55,"Other"
"15445",263,2,284.50,"Other"
"17359",10,2,284.46,"Other"
"13616",567,2,283.85,"Other"
"15662",660,2,283.73,"Other"
"13708",270,1,283.33,"Other"
"15391",570,1,282.92,"Other"
"13909",422,2,282.85,"Other"
"15936",378,2,282.79,"Other"
"16557",23,2,281.85,"Other"
"13326",431,1,281.76,"Other"
"13679",493,3,281.26,"Other"
"18042",53,2,281.15,"Other"
"12595",504,1,281.02,"Other"
"15772",417,1,280.88,"Other"
"12851",96,2,280.76,"Other"
"14433",465,1,280.70,"Other"
"14242",234,2,280.55,"Other"
"13581",308,2,280.53,"Other"
"17247",14,1,280.09,"Other"
"15556",23,1,279.77,"Other"
"12515",352,1,278.70,"Other"
"16297",249,1,278.55,"Other"
"14183",410,2,278.34,"Other"
"14303",406,2,277.94,"Other"
"15338",676,1,277.93,"Other"
"16890",476,3,277.91,"Other"
"16543",582,1,277.81,"Other"
"15355",28,2,277.05,"Other"
"13606",28,3,276.75,"Other"
"13272",30,2,276.56,"Other"
"12750",128,1,275.88,"Other"
"13399",463,3,275.40,"Other"
"16313",2,2,274.15,"Other"
"17072",624,1,273.35,"Other"
"13307",119,3,273.34,"Other"
"17355",385,1,273.31,"Other"
"17498",75,1,272.22,"Other"
"13917",49,2,272.04,"Other"
"14816",196,1,271.85,"Other"
"17292",471,2,271.75,"Other"
"14436",98,2,271.70,"Other"
"13058",24,3,271.40,"Other"
"15943",649,2,271.29,"Other"
"17278",240,2,271.24,"Other"
"18238",514,1,270.92,"Other"
"14520",1,2,270.60,"Other"
"16757",318,2,270.48,"Other"
"15609",182,1,270.03,"Other"
"13834",576,2,269.89,"Other"
"15964",662,1,269.21,"Other"
"13533",182,3,269.09,"Other"
"17264",423,1,268.28,"Other"
"12751",444,1,268.27,"Other"
"18254",580,1,267.90,"Other"
"14039",32,2,267.28,"Other"
"15408",263,1,267.18,"Other"
"15320",43,1,267.13,"Other"
"15517",232,1,267.03,"Other"
"17786",84,2,266.85,"Other"
"14863",28,1,266.76,"Other"
"13837",211,2,266.59,"Other"
"16217",234,2,266.45,"Other"
"14392",431,1,266.40,"Other"
"15119",245,1,266.40,"Other"
"12962",6,2,266.39,"Other"
"13217",121,4,266.12,"Other"
"17636",8,1,265.93,"Other"
"16321",71,7,265.50,"Other"
"13973",286,1,264.70,"Other"
"16615",568,1,264.50,"Other"
"16579",364,1,264.45,"Other"
"16334",491,1,263.73,"Other"
"16286",476,2,263.65,"Other"
"13128",630,1,263.50,"Other"
"16089",385,2,263.49,"Other"
"12892",396,1,263.38,"Other"
"12715",105,1,263.36,"Other"
"17808",548,4,262.64,"Other"
"13331",401,1,262.40,"Other"
"17910",725,1,261.70,"Other"
"14957",252,2,261.69,"Other"
"14269",434,1,261.68,"Other"
"13080",178,4,260.83,"Other"
"13189",18,2,260.68,"Other"
"17901",28,3,260.08,"Other"
"17022",30,2,260.00,"Other"
"12487",730,1,259.80,"Other"
"16733",529,1,259.68,"Other"
"14149",212,1,259.43,"Other"
"13127",77,1,259.17,"Other"
"17558",392,1,259.17,"Other"
"17219",31,2,259.13,"Other"
"15536",408,1,259.09,"Other"
"14526",388,1,258.65,"Other"
"13683",457,1,258.60,"Other"
"16502",619,2,258.55,"Other"
"13227",201,1,257.70,"Other"
"15014",42,2,257.67,"Other"
"15894",252,2,257.60,"Other"
"16542",53,2,257.32,"Other"
"15503",362,2,257.30,"Other"
"15852",186,3,257.26,"Other"
"15404",375,1,257.06,"Other"
"14876",520,2,256.70,"Other"
"14274",685,1,256.60,"Other"
"13806",63,1,256.38,"Other"
"17896",22,1,256.32,"Other"
"17385",14,1,256.11,"Other"
"13825",621,2,255.59,"Other"
"14881",19,1,255.40,"Other"
"13121",268,1,254.73,"Other"
"14765",28,3,254.11,"Other"
"17626",602,1,254.00,"Other"
"13343",172,1,253.93,"Other"
"16845",617,1,253.88,"Other"
"17992",388,1,252.88,"Other"
"18267",659,1,252.87,"Other"
"15019",266,1,252.81,"Other"
"15035",89,1,252.73,"Other"
"13251",401,1,252.68,"Other"
"15552",216,2,252.52,"Other"
"16074",389,1,252.50,"Other"
"13404",0,2,252.49,"Other"
"13645",119,1,252.10,"Other"
"17210",392,1,251.72,"Other"
"16453",530,2,251.71,"Other"
"16976",266,1,251.52,"Other"
"16911",626,2,251.35,"Other"
"13861",428,2,251.31,"Other"
"14166",504,2,251.15,"Other"
"18266",433,1,251.10,"Other"
"16962",409,1,251.04,"Other"
"14764",43,1,250.55,"Other"
"17303",360,1,250.04,"Other"
"15510",330,1,250.00,"Other"
"16893",366,2,249.47,"Other"
"14483",149,2,249.20,"Other"
"13061",71,1,248.61,"Other"
"13592",35,4,247.96,"Other"
"16381",395,2,247.85,"Other"
"15293",665,1,247.50,"Other"
"12665",324,3,247.45,"Other"
"14658",4,2,247.15,"Other"
"14654",737,1,246.86,"Other"
"15697",689,1,246.75,"Other"
"13943",577,1,246.54,"Other"
"15495",378,1,246.50,"Other"
"15378",462,2,246.50,"Other"
"15783",10,1,246.30,"Other"
"18153",658,1,246.22,"Other"
"16778",73,2,245.94,"Other"
"13250",452,2,245.59,"Other"
"14325",569,1,245.48,"Other"
"14281",407,1,245.15,"Other"
"15118",133,1,244.80,"Other"
"13511",483,1,244.61,"Other"
"15884",431,2,244.60,"Other"
"13905",570,1,244.45,"Other"
"16528",3,1,244.41,"Other"
"14694",616,1,244.31,"Other"
"13551",318,2,244.20,"Other"
"17892",55,3,244.10,"Other"
"17925",372,1,244.08,"Other"
"16793",56,1,243.84,"Other"
"13886",70,1,243.56,"Other"
"12495",634,1,243.40,"Other"
"17339",93,3,243.36,"Other"
"12655",423,1,243.35,"Other"
"12650",2,1,242.44,"Other"
"16215",80,1,242.35,"Other"
"15543",287,2,242.26,"Other"
"17009",550,1,242.06,"Other"
"13445",625,1,241.90,"Other"
"13582",389,2,241.68,"Other"
"15776",132,1,241.62,"Other"
"15162",728,1,241.50,"Other"
"14774",528,1,241.45,"Other"
"14523",107,1,241.09,"Other"
"16427",262,2,241.06,"Other"
"16508",629,1,240.95,"Other"
"15286",49,1,240.55,"Other"
"15336",401,1,240.50,"Other"
"15931",427,1,239.90,"Other"
"15690",3,2,239.76,"Other"
"13570",242,1,239.49,"Other"
"13789",387,1,239.46,"Other"
"17684",43,1,239.41,"Other"
"14777",3,1,239.26,"Other"
"17981",410,1,239.12,"Other"
"13275",383,2,238.86,"Other"
"12561",302,1,238.85,"Other"
"16280",724,1,238.05,"Other"
"18002",375,4,237.62,"Other"
"17877",169,1,237.61,"Other"
"15457",261,1,237.07,"Other"
"18024",152,2,236.78,"Other"
"12604",78,2,236.18,"Other"
"13088",416,1,236.11,"Other"
"16026",42,1,236.09,"Other"
"12741",532,1,236.07,"Other"
"17093",592,1,235.88,"Other"
"17872",381,1,235.87,"Other"
"16046",561,1,235.78,"Other"
"14982",571,1,234.88,"Other"
"12392",590,1,234.75,"Other"
"13114",730,1,234.38,"Other"
"14473",73,2,234.34,"Other"
"17060",265,1,234.24,"Other"
"13009",672,1,234.00,"Other"
"13348",63,1,233.76,"Other"
"13672",300,3,233.53,"Other"
"14153",482,1,233.40,"Other"
"13129",451,2,233.25,"Other"
"17055",445,1,232.85,"Other"
"13678",151,1,232.60,"Other"
"18213",236,1,232.48,"Other"
"13608",540,1,232.05,"Other"
"14995",38,2,231.98,"Other"
"16408",590,1,231.93,"Other"
"17151",734,1,231.90,"Other"
"16436",667,3,231.84,"Other"
"17136",661,1,231.68,"Other"
"18279",518,1,231.34,"Other"
"15487",679,1,231.32,"Other"
"12746",527,1,230.85,"Other"
"15941",512,1,230.60,"Other"
"17125",49,1,230.50,"Other"
"13960",20,2,230.22,"Other"
"12807",382,1,229.95,"Other"
"14017",570,1,229.75,"Other"
"12812",44,1,229.64,"Other"
"13403",17,3,229.50,"Other"
"17185",591,3,229.46,"Other"
"15528",253,1,229.33,"Other"
"17347",85,1,228.96,"Other"
"15273",599,1,228.96,"Other"
"13146",25,1,228.91,"Other"
"15231",595,1,228.36,"Other"
"17066",725,1,228.34,"Other"
"16760",429,1,228.00,"Other"
"15566",392,2,227.87,"Other"
"14363",401,2,227.47,"Other"
"17868",385,1,227.15,"Other"
"17617",558,1,227.14,"Other"
"12660",10,1,227.10,"Other"
"16740",394,1,226.91,"Other"
"15451",433,2,226.86,"Other"
"18005",3,2,226.47,"Other"
"14718",409,1,226.42,"Other"
"17993",616,1,225.99,"Other"
"14069",514,2,225.81,"Other"
"17915",550,1,225.78,"Other"
"12789",64,3,225.35,"Other"
"16587",231,1,225.15,"Other"
"14357",42,1,225.12,"Other"
"16346",384,1,224.51,"Other"
"15175",71,1,224.14,"Other"
"12914",400,1,223.98,"Other"
"16753",57,1,223.92,"Other"
"16562",476,1,223.86,"Other"
"13926",22,1,223.85,"Other"
"13619",544,2,223.44,"Other"
"17967",371,2,223.42,"Other"
"18131",631,1,222.96,"Other"
"12887",383,1,222.40,"Other"
"15294",399,1,222.30,"Other"
"14596",626,1,222.22,"Other"
"14598",43,2,221.97,"Other"
"14314",106,2,221.90,"Other"
"14445",455,1,221.65,"Other"
"17261",509,1,221.59,"Other"
"17087",737,1,221.53,"Other"
"18197",513,1,221.40,"Other"
"14960",7,2,221.27,"Other"
"12563",408,1,221.24,"Other"
"13419",63,1,221.06,"Other"
"12821",213,2,220.80,"Other"
"18030",3,2,220.70,"Other"
"16482",15,1,220.62,"Other"
"13033",356,2,220.55,"Other"
"18132",503,1,220.13,"Other"
"18114",289,1,220.10,"Other"
"13454",640,1,219.87,"Other"
"13992",29,3,219.50,"Other"
"14074",622,1,219.40,"Other"
"15096",42,1,219.39,"Other"
"12799",528,1,219.35,"Other"
"14458",380,1,219.27,"Other"
"15423",37,3,219.14,"Other"
"15790",9,1,218.75,"Other"
"15086",564,2,218.53,"Other"
"12732",179,1,218.26,"Other"
"15591",582,3,217.90,"Other"
"16035",559,1,217.73,"Other"
"16666",18,2,217.71,"Other"
"15554",277,1,217.20,"Other"
"13423",428,1,217.03,"Other"
"15401",451,2,216.95,"Other"
"18021",509,2,216.41,"Other"
"12430",42,1,216.40,"Other"
"17902",546,1,216.40,"Other"
"15604",51,1,216.39,"Other"
"13858",56,1,216.17,"Other"
"13674",429,1,215.88,"Other"
"16179",60,1,215.83,"Other"
"15788",500,1,215.53,"Other"
"16189",15,2,215.48,"Other"
"14376",682,1,215.46,"Other"
"14635",453,1,215.22,"Other"
"18007",392,1,215.22,"Other"
"14106",736,1,214.80,"Other"
"16338",156,1,214.80,"Other"
"14361",578,1,214.71,"Other"
"17619",311,1,214.37,"Other"
"15460",353,1,214.26,"Other"
"14271",225,2,214.18,"Other"
"14601",10,1,213.96,"Other"
"18157",570,1,213.90,"Other"
"13621",116,1,213.85,"Other"
"17153",23,1,213.78,"Other"
"13369",353,1,213.75,"Other"
"13411",106,1,213.55,"Other"
"16591",68,1,213.50,"Other"
"16897",298,2,213.03,"Other"
"13724",636,1,213.01,"Other"
"16302",107,1,212.82,"Other"
"12961",378,1,211.99,"Other"
"12470",689,1,211.95,"Other"
"15866",100,1,211.89,"Other"
"14843",436,1,211.80,"Other"
"15703",264,1,211.50,"Other"
"13691",395,1,210.78,"Other"
"14992",441,1,210.50,"Other"
"13532",33,1,210.31,"Other"
"17217",233,2,210.10,"Other"
"16874",378,1,209.89,"Other"
"17484",575,2,209.57,"Other"
"13828",21,1,209.49,"Other"
"13056",550,1,209.48,"Other"
"14003",732,1,209.41,"Other"
"15112",610,1,209.40,"Other"
"16487",576,2,209.40,"Other"
"17855",372,1,208.97,"Other"
"17743",441,1,208.85,"Other"
"15327",52,1,208.75,"Other"
"15741",457,2,208.62,"Other"
"15897",193,2,208.59,"Other"
"16457",217,1,208.36,"Other"
"12848",675,1,208.00,"Other"
"16964",732,2,207.85,"Other"
"16866",140,3,207.74,"Other"
"15052",318,1,207.73,"Other"
"16752",372,1,207.50,"Other"
"13099",98,1,207.36,"Other"
"17989",378,1,207.33,"Other"
"15925",193,1,207.15,"Other"
"15295",653,1,207.04,"Other"
"15820",319,1,206.98,"Other"
"12771",464,1,206.50,"Other"
"14964",246,1,206.21,"Other"
"15914",377,2,205.99,"Other"
"14278",409,1,205.83,"Other"
"16540",413,1,205.75,"Other"
"17670",227,1,205.70,"Other"
"16622",541,1,205.60,"Other"
"14602",655,1,205.36,"Other"
"15307",95,1,205.30,"Other"
"12400",413,1,205.25,"Other"
"15758",24,1,205.25,"Other"
"15319",283,1,204.50,"Other"
"14928",618,1,204.46,"Other"
"17271",735,1,204.30,"Other"
"16901",728,1,204.26,"Other"
"14468",733,1,204.24,"Other"
"17206",52,1,204.24,"Other"
"13017",6,1,204.00,"Other"
"17394",218,1,203.87,"Other"
"17891",161,1,203.86,"Other"
"14519",683,2,203.14,"Other"
"17074",562,1,203.05,"Other"
"15459",416,2,202.83,"Other"
"18169",60,1,202.65,"Other"
"12416",656,1,202.56,"Other"
"14892",690,1,202.35,"Other"
"12718",70,1,202.25,"Other"
"14385",8,3,202.11,"Other"
"18281",180,2,201.14,"Other"
"12702",19,1,201.00,"Other"
"13556",428,2,200.82,"Other"
"12995",77,1,200.72,"Other"
"14330",623,1,200.63,"Other"
"13133",273,3,200.45,"Other"
"13944",652,1,200.43,"Other"
"14782",319,1,200.10,"Other"
"15593",70,1,199.80,"Other"
"13322",16,1,199.48,"Other"
"18126",60,1,198.58,"Other"
"15020",378,1,198.47,"Other"
"17184",568,2,198.41,"Other"
"17778",661,1,197.70,"Other"
"14185",330,1,197.65,"Other"
"14789",28,1,197.64,"Other"
"17112",502,1,197.57,"Other"
"13349",10,1,197.32,"Other"
"12927",394,1,197.31,"Other"
"15001",393,2,197.11,"Other"
"15234",276,1,197.00,"Other"
"13436",1,1,196.89,"Other"
"13978",14,2,196.79,"Other"
"16937",498,1,196.25,"Other"
"13284",322,1,196.15,"Other"
"16112",142,4,195.74,"Other"
"13757",674,1,195.55,"Other"
"15212",238,2,195.43,"Other"
"15612",35,2,195.15,"Other"
"14405",386,1,195.00,"Other"
"17468",9,3,194.80,"Other"
"17065",637,2,194.70,"Other"
"17475",78,1,194.37,"Other"
"13651",39,2,193.95,"Other"
"14476",256,1,193.00,"Other"
"16965",226,1,192.07,"Other"
"18028",582,1,192.05,"Other"
"14100",137,1,191.95,"Other"
"15909",173,1,191.94,"Other"
"16695",561,2,191.90,"Other"
"14279",520,2,191.86,"Other"
"15692",27,1,191.04,"Other"
"14728",412,1,190.58,"Other"
"15688",418,1,190.57,"Other"
"15412",170,1,190.53,"Other"
"14617",402,2,190.47,"Other"
"13766",494,1,190.35,"Other"
"14501",63,2,190.31,"Other"
"13972",70,2,190.25,"Other"
"17257",435,2,189.78,"Other"
"18046",649,1,189.63,"Other"
"17166",38,2,189.49,"Other"
"14801",60,1,189.34,"Other"
"16277",733,1,188.69,"Other"
"14697",217,2,188.61,"Other"
"17283",378,1,188.46,"Other"
"16051",681,1,188.44,"Other"
"13063",480,1,188.40,"Other"
"14830",52,1,188.03,"Other"
"17781",158,2,188.02,"Other"
"17279",57,1,187.83,"Other"
"15954",588,1,187.80,"Other"
"15072",478,1,187.52,"Other"
"18013",154,2,187.29,"Other"
"13568",172,1,187.05,"Other"
"17693",135,1,187.02,"Other"
"16267",590,1,186.66,"Other"
"18063",390,2,186.60,"Other"
"17215",463,1,186.15,"Other"
"16388",653,1,186.05,"Other"
"15567",18,1,186.01,"Other"
"17574",242,1,185.65,"Other"
"17010",16,1,185.46,"Other"
"14879",684,1,185.06,"Other"
"16097",239,1,185.05,"Other"
"14677",592,1,184.91,"Other"
"17803",391,1,184.66,"Other"
"16914",35,1,183.76,"Other"
"14059",266,1,183.60,"Other"
"13460",28,2,183.44,"Other"
"14983",688,1,183.20,"Other"
"15746",133,1,182.96,"Other"
"16819",464,2,182.59,"Other"
"12574",315,1,182.45,"Other"
"14941",578,1,182.10,"Other"
"13387",416,1,181.84,"Other"
"12934",736,1,181.65,"Other"
"15490",429,1,181.35,"Other"
"16594",74,1,181.09,"Other"
"14858",505,1,180.75,"Other"
"18119",367,1,180.70,"Other"
"16090",623,1,180.56,"Other"
"14666",23,1,179.95,"Other"
"12581",39,1,179.71,"Other"
"18234",551,1,179.60,"Other"
"13826",157,1,179.55,"Other"
"14945",413,1,179.40,"Other"
"16640",397,1,179.40,"Other"
"18147",45,2,179.34,"Other"
"15895",149,1,179.17,"Other"
"16490",429,1,179.16,"Other"
"14705",198,1,179.00,"Other"
"15209",729,1,178.98,"Other"
"15139",239,2,178.96,"Other"
"14812",598,1,178.85,"Other"
"16691",417,2,178.83,"Other"
"16299",472,1,178.65,"Other"
"17879",173,1,178.52,"Other"
"15292",200,1,178.39,"Other"
"18045",44,1,178.34,"Other"
"17253",17,1,178.26,"Other"
"13618",173,1,177.34,"Other"
"13072",266,1,177.15,"Other"
"16285",645,1,176.90,"Other"
"17036",382,1,176.90,"Other"
"13746",413,1,176.69,"Other"
"17947",36,1,176.68,"Other"
"18282",7,2,176.60,"Other"
"12893",30,1,176.55,"Other"
"18054",392,1,176.50,"Other"
"18175",675,1,176.10,"Other"
"18084",15,3,176.03,"Other"
"17840",443,1,175.90,"Other"
"17026",184,3,175.83,"Other"
"18166",623,1,175.50,"Other"
"14486",511,2,175.50,"Other"
"13007",579,1,175.25,"Other"
"17331",123,1,175.20,"Other"
"16144",246,1,175.20,"Other"
"16559",396,1,175.00,"Other"
"17108",663,1,174.95,"Other"
"18010",256,1,174.80,"Other"
"14518",63,1,174.37,"Other"
"17587",627,1,173.76,"Other"
"14674",508,1,173.66,"Other"
"15565",49,2,173.16,"Other"
"16741",624,1,173.06,"Other"
"16599",385,1,172.80,"Other"
"13671",394,1,172.60,"Other"
"13271",36,1,172.37,"Other"
"13690",58,1,172.25,"Other"
"17798",581,1,172.17,"Other"
"15515",386,1,171.81,"Other"
"17983",394,1,171.71,"Other"
"17575",666,1,171.70,"Other"
"13560",6,1,171.42,"Other"
"16312",431,1,171.15,"Other"
"16673",678,1,171.13,"Other"
"14536",259,1,170.95,"Other"
"15403",491,2,170.88,"Other"
"14811",386,1,170.50,"Other"
"13852",606,1,170.45,"Other"
"17922",542,1,170.40,"Other"
"15256",148,2,170.40,"Other"
"16731",647,1,170.30,"Other"
"15335",53,1,170.22,"Other"
"13747",373,2,169.80,"Other"
"14218",42,1,169.48,"Other"
"12346",325,3,169.36,"Other"
"16002",624,1,169.21,"Other"
"15647",414,1,169.00,"Other"
"14578",2,1,168.63,"Other"
"14860",8,1,168.62,"Other"
"17904",20,1,168.32,"Other"
"18099",126,1,168.31,"Other"
"17737",8,2,168.24,"Other"
"14131",648,1,168.22,"Other"
"12551",357,1,168.00,"Other"
"14521",476,1,167.65,"Other"
"17559",512,1,167.62,"Other"
"17367",237,1,167.55,"Other"
"18037",153,15,167.42,"Other"
"17586",618,1,167.40,"Other"
"13609",592,1,167.35,"Other"
"16405",301,2,167.25,"Other"
"15166",467,1,167.16,"Other"
"17875",687,1,167.10,"Other"
"13967",145,2,166.30,"Other"
"14495",50,3,166.30,"Other"
"17650",20,1,166.08,"Other"
"18088",60,1,166.03,"Other"
"18107",441,1,165.88,"Other"
"13903",399,1,165.45,"Other"
"15316",326,1,165.00,"Other"
"16663",728,1,165.00,"Other"
"13470",98,2,165.00,"Other"
"17408",162,3,164.89,"Other"
"15904",7,1,164.68,"Other"
"13547",407,1,164.53,"Other"
"17535",279,1,164.40,"Other"
"13603",25,1,164.34,"Other"
"17417",548,1,164.18,"Other"
"14955",732,1,163.77,"Other"
"14354",5,2,163.62,"Other"
"14119",353,2,163.47,"Other"
"14485",38,1,162.80,"Other"
"16517",276,1,162.70,"Other"
"15359",554,8,162.60,"Other"
"18174",6,2,162.50,"Other"
"12954",638,1,162.45,"Other"
"15733",282,1,162.30,"Other"
"15534",725,1,162.25,"Other"
"16443",520,1,162.24,"Other"
"12622",231,1,162.10,"Other"
"12661",435,1,162.00,"Other"
"17971",547,1,161.94,"Other"
"17600",17,1,161.67,"Other"
"16113",182,1,161.38,"Other"
"13714",464,1,161.35,"Other"
"13779",515,1,161.13,"Other"
"16403",301,1,161.05,"Other"
"13229",225,1,160.95,"Other"
"17605",589,1,160.75,"Other"
"17202",420,1,160.65,"Other"
"17487",727,1,160.55,"Other"
"15229",585,1,160.50,"Other"
"16645",735,1,160.39,"Other"
"18146",140,2,160.35,"Other"
"12966",9,1,160.18,"Other"
"14571",424,1,160.00,"Other"
"13701",436,1,159.55,"Other"
"13191",657,1,159.21,"Other"
"13302",154,2,159.20,"Other"
"16213",78,1,159.00,"Other"
"18224",263,1,158.95,"Other"
"14089",56,1,158.75,"Other"
"15499",723,1,158.65,"Other"
"12509",283,1,158.50,"Other"
"15548",595,1,158.09,"Other"
"15348",71,1,158.04,"Other"
"14318",459,1,158.02,"Other"
"18004",361,1,157.92,"Other"
"17751",420,1,157.86,"Other"
"14207",687,1,157.80,"Other"
"14822",484,1,157.70,"Other"
"16687",390,1,157.63,"Other"
"12894",574,1,157.35,"Other"
"17318",724,1,157.33,"Other"
"16371",448,1,157.20,"Other"
"17128",334,1,157.09,"Other"
"17118",317,1,157.02,"Other"
"15007",158,1,156.91,"Other"
"15742",618,1,156.87,"Other"
"14406",118,1,156.75,"Other"
"12522",38,2,156.72,"Other"
"18018",107,4,156.69,"Other"
"16578",625,1,156.60,"Other"
"15438",130,1,156.58,"Other"
"17820",190,1,156.56,"Other"
"15263",106,1,156.51,"Other"
"17885",11,1,156.34,"Other"
"14287",7,3,156.23,"Other"
"13051",578,2,155.80,"Other"
"12441",366,1,155.55,"Other"
"17832",49,1,155.37,"Other"
"14368",319,1,155.00,"Other"
"17698",260,1,154.95,"Other"
"15740",48,1,154.88,"Other"
"15729",197,3,154.70,"Other"
"17899",158,1,154.55,"Other"
"15226",310,1,154.41,"Other"
"18014",27,1,154.27,"Other"
"13490",653,1,154.25,"Other"
"17517",308,1,153.94,"Other"
"16908",721,1,153.59,"Other"
"15560",397,2,153.52,"Other"
"15431",502,1,153.24,"Other"
"13676",538,2,153.15,"Other"
"12602",58,1,153.12,"Other"
"14814",580,1,152.96,"Other"
"16248",61,1,152.94,"Other"
"18138",294,1,152.65,"Other"
"14066",266,1,152.55,"Other"
"15509",379,1,152.41,"Other"
"17327",409,2,152.35,"Other"
"13653",487,1,152.20,"Other"
"16617",235,1,151.85,"Other"
"14046",283,1,151.59,"Other"
"14362",21,1,151.50,"Other"
"18076",379,1,151.49,"Other"
"13697",38,1,151.30,"Other"
"14516",515,1,151.17,"Other"
"16662",393,1,151.05,"Other"
"16337",36,1,151.05,"Other"
"12959",483,1,150.95,"Other"
"12367",3,1,150.90,"Other"
"14980",736,1,150.68,"Other"
"15991",533,1,150.55,"Other"
"14084",511,1,150.50,"Other"
"15775",244,2,150.50,"Other"
"18200",105,1,150.35,"Other"
"15474",595,1,150.35,"Other"
"14845",599,1,150.00,"Other"
"12663",624,2,150.00,"Other"
"17234",182,1,149.89,"Other"
"17946",232,2,149.58,"Other"
"17390",420,1,149.30,"Other"
"15435",21,1,149.29,"Other"
"13003",105,3,149.05,"Other"
"17549",23,2,148.86,"Other"
"17953",539,1,148.67,"Other"
"13125",523,1,148.62,"Other"
"15526",32,2,148.44,"Other"
"15684",546,3,147.80,"Other"
"13578",408,1,147.66,"Other"
"15479",732,1,147.40,"Other"
"16724",404,1,147.35,"Other"
"14098",36,1,147.35,"Other"
"17794",686,2,147.30,"Other"
"12858",382,1,147.27,"Other"
"17030",63,1,146.87,"Other"
"14683",587,1,146.56,"Other"
"15496",630,1,146.14,"Other"
"18137",550,2,145.99,"Other"
"12641",114,1,145.90,"Other"
"13866",73,1,145.67,"Other"
"15937",63,1,145.35,"Other"
"14972",127,2,145.07,"Other"
"15902",379,1,145.01,"Other"
"16852",9,2,144.91,"Other"
"16822",663,1,144.84,"Other"
"17938",419,1,144.29,"Other"
"12442",2,1,144.06,"Other"
"12736",332,1,144.00,"Other"
"17186",46,2,144.00,"Other"
"12387",414,1,143.94,"Other"
"14574",732,1,143.70,"Other"
"13457",688,2,143.27,"Other"
"17149",450,1,143.10,"Other"
"15705",200,1,143.10,"Other"
"15761",442,1,143.05,"Other"
"16507",571,1,142.71,"Other"
"14386",296,1,142.40,"Other"
"17859",304,1,141.92,"Other"
"18038",555,1,141.48,"Other"
"14041",265,1,141.41,"Other"
"17273",423,1,141.12,"Other"
"17959",591,1,140.75,"Other"
"16598",276,1,140.70,"Other"
"15388",269,1,140.54,"Other"
"13420",134,2,140.35,"Other"
"13483",65,1,140.34,"Other"
"15324",700,1,140.22,"Other"
"13839",485,1,139.95,"Other"
"16840",602,2,139.85,"Other"
"14073",20,1,139.54,"Other"
"14768",16,2,139.50,"Other"
"16483",191,1,139.35,"Other"
"14772",111,1,139.26,"Other"
"14707",435,2,139.20,"Other"
"18209",28,1,139.10,"Other"
"13273",112,1,138.98,"Other"
"18269",357,1,138.90,"Other"
"12902",264,1,138.68,"Other"
"13716",268,1,138.28,"Other"
"15873",492,4,138.24,"Other"
"17982",680,1,138.18,"Other"
"15663",105,1,138.14,"Other"
"15848",621,1,137.99,"Other"
"12738",371,1,137.35,"Other"
"12618",21,1,137.31,"Other"
"13907",691,1,136.80,"Other"
"13195",413,1,136.73,"Other"
"16237",436,1,136.65,"Other"
"14604",632,1,136.36,"Other"
"16651",586,1,136.20,"Other"
"16876",403,1,136.01,"Other"
"14366",524,1,136.00,"Other"
"12968",111,1,135.95,"Other"
"17583",559,1,135.95,"Other"
"13830",573,1,135.95,"Other"
"14889",335,1,135.90,"Other"
"15419",24,1,135.86,"Other"
"16114",170,1,135.75,"Other"
"14391",576,1,135.60,"Other"
"15283",389,3,135.43,"Other"
"16665",361,1,135.40,"Other"
"13076",457,1,135.40,"Other"
"14588",577,1,135.39,"Other"
"13144",332,2,135.35,"Other"
"17972",241,1,135.19,"Other"
"13702",445,1,135.18,"Other"
"17960",170,3,135.08,"Other"
"17199",581,1,135.04,"Other"
"13119",668,1,134.90,"Other"
"16055",220,1,134.80,"Other"
"14340",218,1,134.70,"Other"
"14174",32,1,134.46,"Other"
"15926",541,1,134.44,"Other"
"16486",537,1,134.36,"Other"
"14586",226,1,134.16,"Other"
"14280",196,1,134.04,"Other"
"14349",9,1,133.50,"Other"
"17881",303,1,133.35,"Other"
"17826",373,1,133.34,"Other"
"12964",436,1,132.24,"Other"
"12512",65,2,132.18,"Other"
"14438",305,1,131.90,"Other"
"15558",638,1,131.88,"Other"
"17565",586,1,131.83,"Other"
"17455",203,1,131.70,"Other"
"14795",165,1,131.45,"Other"
"14378",621,1,131.25,"Other"
"12565",281,1,131.17,"Other"
"17225",581,1,131.15,"Other"
"16865",401,1,130.95,"Other"
"15844",45,1,130.74,"Other"
"17240",595,1,130.60,"Other"
"16410",733,1,130.32,"Other"
"16288",469,1,129.85,"Other"
"17762",455,1,129.75,"Other"
"14999",592,1,129.48,"Other"
"18020",543,1,129.28,"Other"
"13071",611,1,129.22,"Other"
"17056",737,1,128.60,"Other"
"17089",385,1,128.45,"Other"
"16251",511,1,128.31,"Other"
"15892",668,1,128.20,"Other"
"17297",16,1,128.18,"Other"
"13053",621,1,127.65,"Other"
"13586",540,1,127.28,"Other"
"15578",161,1,127.10,"Other"
"15923",372,1,127.08,"Other"
"13666",59,5,127.05,"Other"
"16973",385,1,127.00,"Other"
"14751",683,2,126.45,"Other"
"13279",63,1,126.30,"Other"
"15463",28,1,126.14,"Other"
"16294",476,1,126.05,"Other"
"13794",546,1,126.03,"Other"
"17657",429,1,126.00,"Other"
"13522",29,1,125.80,"Other"
"17847",515,2,125.74,"Other"
"14773",588,1,125.70,"Other"
"16925",539,1,125.65,"Other"
"15017",33,1,125.58,"Other"
"15731",553,1,125.30,"Other"
"13912",423,1,124.95,"Other"
"17148",51,1,124.88,"Other"
"17818",737,1,124.78,"Other"
"13312",450,1,124.75,"Other"
"16849",186,1,124.57,"Other"
"17316",419,1,124.45,"Other"
"18000",563,1,124.25,"Other"
"15779",462,2,124.08,"Other"
"13968",422,1,123.66,"Other"
"14187",473,1,123.50,"Other"
"16397",627,1,123.13,"Other"
"13876",63,1,122.70,"Other"
"13638",15,1,122.64,"Other"
"12969",602,1,122.45,"Other"
"13244",92,1,121.74,"Other"
"13182",44,1,121.18,"Other"
"15049",273,1,121.17,"Other"
"17260",410,1,120.95,"Other"
"17446",176,2,120.90,"Other"
"14884",668,1,120.60,"Other"
"14165",275,1,120.44,"Other"
"14444",455,1,120.44,"Other"
"17543",549,1,120.05,"Other"
"18015",3,1,120.03,"Other"
"14259",141,1,120.00,"Other"
"14453",189,1,119.93,"Other"
"15161",387,1,119.92,"Other"
"17541",509,1,119.86,"Other"
"17177",504,1,119.50,"Other"
"17170",373,2,118.98,"Other"
"15843",303,1,118.95,"Other"
"17280",437,1,118.86,"Other"
"17079",77,1,118.80,"Other"
"14155",265,1,118.75,"Other"
"14076",128,1,118.67,"Other"
"13257",427,1,117.95,"Other"
"17654",276,1,117.55,"Other"
"15836",44,1,117.47,"Other"
"16959",86,1,117.35,"Other"
"15409",701,1,117.20,"Other"
"14726",654,1,116.50,"Other"
"13084",487,1,116.45,"Other"
"17117",287,1,116.20,"Other"
"14874",534,1,116.18,"Other"
"14143",133,1,115.80,"Other"
"16068",593,1,115.73,"Other"
"18027",98,1,115.31,"Other"
"18012",722,1,115.30,"Other"
"17401",540,1,114.85,"Other"
"15905",542,1,114.69,"Other"
"13188",10,1,114.60,"Other"
"16247",169,1,114.56,"Other"
"14632",262,1,114.56,"Other"
"14652",76,1,114.18,"Other"
"12938",25,1,114.14,"Other"
"14582",40,1,114.11,"Other"
"17275",382,1,114.10,"Other"
"15056",519,1,113.65,"Other"
"14457",310,1,113.64,"Other"
"16828",111,1,113.50,"Other"
"18105",37,1,113.48,"Other"
"16821",381,1,113.35,"Other"
"17784",549,1,112.86,"Other"
"18148",646,1,112.85,"Other"
"14689",208,1,112.80,"Other"
"16697",240,1,112.75,"Other"
"15702",475,1,112.57,"Other"
"18129",242,1,112.55,"Other"
"13241",411,1,112.53,"Other"
"15610",51,1,112.46,"Other"
"13620",527,1,112.34,"Other"
"12756",86,1,112.08,"Other"
"13193",60,1,112.08,"Other"
"15317",676,1,112.05,"Other"
"14750",735,1,112.03,"Other"
"14668",444,1,111.63,"Other"
"17304",533,1,111.50,"Other"
"17887",128,1,111.35,"Other"
"18120",213,1,111.15,"Other"
"15352",548,1,111.15,"Other"
"17208",395,1,111.15,"Other"
"14464",567,2,111.00,"Other"
"14509",533,1,110.95,"Other"
"12692",636,1,110.95,"Other"
"15537",162,1,110.92,"Other"
"15853",51,1,110.80,"Other"
"17957",65,1,110.72,"Other"
"14787",470,1,110.65,"Other"
"16963",186,1,110.55,"Other"
"14641",21,1,110.46,"Other"
"16544",519,4,110.30,"Other"
"17909",736,1,110.05,"Other"
"17836",46,1,109.83,"Other"
"15851",526,1,109.73,"Other"
"14033",554,1,109.44,"Other"
"16363",52,1,109.36,"Other"
"16064",724,1,109.31,"Other"
"16664",568,1,109.20,"Other"
"14721",378,1,109.07,"Other"
"14345",38,1,108.98,"Other"
"13170",26,1,108.81,"Other"
"15875",645,1,108.52,"Other"
"16106",65,1,108.38,"Other"
"14374",540,1,108.00,"Other"
"14661",26,1,107.95,"Other"
"13580",405,1,107.75,"Other"
"14943",662,1,107.62,"Other"
"15395",325,1,107.45,"Other"
"16301",736,1,107.33,"Other"
"15328",407,1,107.24,"Other"
"17893",224,1,107.21,"Other"
"15846",384,1,107.01,"Other"
"16082",669,1,106.75,"Other"
"14637",676,1,106.68,"Other"
"15168",25,1,106.56,"Other"
"15927",646,1,106.54,"Other"
"17791",29,1,106.10,"Other"
"17933",631,1,105.99,"Other"
"18103",548,1,105.80,"Other"
"15642",729,1,105.78,"Other"
"14579",431,1,105.56,"Other"
"15340",561,1,105.50,"Other"
"12929",121,1,105.10,"Other"
"14027",60,1,104.82,"Other"
"17328",672,1,104.70,"Other"
"16630",406,1,104.30,"Other"
"16547",545,1,104.26,"Other"
"16375",469,2,104.00,"Other"
"12587",7,1,104.00,"Other"
"16896",554,1,103.95,"Other"
"14542",185,1,103.25,"Other"
"15924",730,1,102.82,"Other"
"16396",472,1,102.70,"Other"
"18124",471,1,102.65,"Other"
"17467",394,1,102.60,"Other"
"14836",9,3,102.45,"Other"
"15486",526,1,102.00,"Other"
"16462",63,3,102.00,"Other"
"16516",29,1,101.70,"Other"
"18068",288,1,101.70,"Other"
"16944",609,1,101.36,"Other"
"18086",273,1,101.34,"Other"
"18195",386,1,101.16,"Other"
"17741",406,2,101.10,"Other"
"17493",384,1,100.91,"Other"
"14946",13,1,100.90,"Other"
"17224",500,1,100.86,"Other"
"17427",71,1,100.80,"Other"
"14371",294,1,100.50,"Other"
"15635",395,1,100.35,"Other"
"13703",317,2,99.50,"Other"
"17939",159,1,99.14,"Other"
"16289",461,1,98.81,"Other"
"17538",25,1,98.42,"Other"
"16694",722,1,98.30,"Other"
"17395",507,1,97.50,"Other"
"12984",18,1,97.50,"Other"
"14642",58,1,96.12,"Other"
"17816",36,6,96.11,"Other"
"13793",646,1,96.00,"Other"
"15583",375,1,95.96,"Other"
"17024",44,3,95.85,"Other"
"17895",43,1,95.45,"Other"
"18249",16,1,95.34,"Other"
"15285",407,1,94.92,"Other"
"14833",498,1,94.80,"Other"
"15868",582,1,94.53,"Other"
"16073",291,1,94.35,"Other"
"16339",283,1,94.05,"Other"
"15397",289,1,94.00,"Other"
"18033",64,1,93.82,"Other"
"14394",564,1,93.80,"Other"
"18227",217,2,93.75,"Other"
"15305",554,1,93.60,"Other"
"12992",724,1,93.35,"Other"
"15082",668,1,93.35,"Other"
"16196",488,1,93.30,"Other"
"15816",541,2,93.30,"Other"
"14865",6,4,92.52,"Other"
"14054",64,1,92.46,"Other"
"16831",564,1,91.80,"Other"
"13160",21,1,91.80,"Other"
"13392",676,1,91.14,"Other"
"14786",549,1,90.96,"Other"
"13947",64,1,90.60,"Other"
"14435",501,1,90.42,"Other"
"16506",19,2,90.30,"Other"
"16597",3,1,90.04,"Other"
"15686",419,1,90.00,"Other"
"14117",143,1,90.00,"Other"
"14974",36,1,89.94,"Other"
"13535",402,1,89.50,"Other"
"13222",576,1,88.50,"Other"
"15083",256,1,88.20,"Other"
"16564",568,1,87.80,"Other"
"17606",736,1,87.30,"Other"
"16498",160,2,86.12,"Other"
"13180",606,1,86.10,"Other"
"12814",101,1,85.92,"Other"
"15541",113,1,85.13,"Other"
"13841",252,1,85.00,"Other"
"12774",535,1,83.70,"Other"
"15094",462,2,83.00,"Other"
"14347",736,1,82.60,"Other"
"13469",652,1,82.40,"Other"
"16028",595,1,82.20,"Other"
"13215",401,1,81.60,"Other"
"13006",55,1,81.57,"Other"
"17620",59,1,81.44,"Other"
"17008",428,1,81.36,"Other"
"15170",406,1,81.15,"Other"
"17336",471,1,81.12,"Other"
"16789",7,1,80.80,"Other"
"17752",358,1,80.64,"Other"
"15833",737,1,80.40,"Other"
"15131",394,1,80.28,"Other"
"14109",22,1,80.20,"Other"
"14190",665,1,79.90,"Other"
"16165",504,1,79.90,"Other"
"14007",512,1,79.48,"Other"
"15753",304,1,79.20,"Other"
"17942",7,1,77.50,"Other"
"14785",9,2,77.40,"Other"
"13132",261,1,77.30,"Other"
"16867",689,1,76.74,"Other"
"14373",357,1,76.55,"Other"
"18113",368,1,76.32,"Other"
"14613",679,1,76.32,"Other"
"15668",217,1,76.32,"Other"
"14090",324,1,76.32,"Other"
"13219",617,1,76.23,"Other"
"17628",80,1,75.75,"Other"
"16610",218,1,75.66,"Other"
"14559",389,1,75.60,"Other"
"17192",535,1,75.28,"Other"
"16420",395,1,75.00,"Other"
"17944",422,1,74.99,"Other"
"15603",78,2,74.73,"Other"
"13095",70,1,74.40,"Other"
"12659",29,1,73.68,"Other"
"18032",333,1,73.50,"Other"
"12506",232,1,73.50,"Other"
"16171",58,1,73.20,"Other"
"17906",246,1,72.90,"Other"
"14717",732,1,72.80,"Other"
"13105",435,1,72.00,"Other"
"16459",729,1,71.79,"Other"
"13938",34,1,71.66,"Other"
"13185",267,1,71.40,"Other"
"16970",625,1,71.40,"Other"
"12686",371,1,71.14,"Other"
"15564",462,2,70.74,"Other"
"16581",154,1,70.44,"Other"
"13172",399,1,69.60,"Other"
"12401",302,1,69.30,"Other"
"12861",619,1,68.25,"Other"
"17249",428,1,68.03,"Other"
"14393",217,1,67.95,"Other"
"12548",165,1,67.20,"Other"
"17532",385,1,65.34,"Other"
"17747",99,1,64.65,"Other"
"13130",93,1,64.00,"Other"
"16238",422,1,63.66,"Other"
"17216",553,1,63.60,"Other"
"17263",207,1,63.44,"Other"
"15470",575,1,63.42,"Other"
"16058",405,1,62.70,"Other"
"13218",126,1,62.64,"Other"
"14650",588,1,62.50,"Other"
"15516",44,3,62.43,"Other"
"13380",432,1,62.40,"Other"
"13303",399,1,61.72,"Other"
"13818",429,1,61.28,"Other"
"15375",689,1,60.96,"Other"
"18256",354,1,60.60,"Other"
"16605",723,1,60.48,"Other"
"15250",640,1,60.00,"Other"
"17174",217,1,59.90,"Other"
"13391",203,1,59.80,"Other"
"13682",186,1,59.50,"Other"
"15371",661,1,59.40,"Other"
"15233",400,1,59.40,"Other"
"14384",500,1,58.50,"Other"
"17775",254,1,56.40,"Other"
"15899",368,1,56.25,"Other"
"13366",49,1,56.16,"Other"
"15685",449,1,55.98,"Other"
"17494",501,1,54.70,"Other"
"12860",692,1,54.22,"Other"
"14760",293,1,53.80,"Other"
"13306",429,1,53.65,"Other"
"16349",290,1,53.50,"Other"
"12568",644,1,52.00,"Other"
"15313",109,1,52.00,"Other"
"16786",393,1,51.84,"Other"
"17844",106,1,51.56,"Other"
"13254",375,1,51.41,"Other"
"17763",262,4,51.15,"Other"
"14351",164,1,51.00,"Other"
"13011",371,1,50.55,"Other"
"14743",592,1,50.48,"Other"
"13022",429,1,50.30,"Other"
"18184",14,1,49.80,"Other"
"16530",667,1,48.35,"Other"
"13438",546,1,46.50,"Other"
"15698",623,1,46.20,"Other"
"12496",619,2,45.34,"Other"
"15672",724,1,45.30,"Other"
"16061",268,1,44.95,"Other"
"17599",464,1,44.55,"Other"
"17916",628,2,43.87,"Other"
"14300",18,1,43.20,"Other"
"13913",506,1,42.22,"Other"
"13906",408,1,42.00,"Other"
"16219",500,1,40.80,"Other"
"14266",427,1,40.56,"Other"
"15178",259,1,40.50,"Other"
"14086",462,1,39.95,"Other"
"14589",371,1,39.75,"Other"
"16659",188,1,39.12,"Other"
"17246",546,2,38.92,"Other"
"18019",51,1,38.45,"Other"
"15455",597,1,38.25,"Other"
"15693",658,1,37.50,"Other"
"16162",251,1,37.40,"Other"
"17352",695,1,36.25,"Other"
"14993",563,1,36.13,"Other"
"16417",492,1,35.70,"Other"
"14576",371,1,35.40,"Other"
"17831",32,1,35.40,"Other"
"17533",434,1,34.80,"Other"
"15744",77,1,34.80,"Other"
"15871",436,1,33.10,"Other"
"16941",611,1,33.00,"Other"
"14977",725,1,31.93,"Other"
"17129",519,1,31.85,"Other"
"13915",393,1,31.20,"Other"
"13120",238,1,30.60,"Other"
"14144",485,1,30.60,"Other"
"16548",598,1,30.15,"Other"
"15575",619,1,30.10,"Other"
"15657",22,1,30.00,"Other"
"17319",668,1,29.10,"Other"
"12776",667,1,27.50,"Other"
"17102",261,1,25.50,"Other"
"15284",499,1,24.75,"Other"
"14610",395,2,24.35,"Other"
"16257",176,1,21.95,"Other"
"17986",55,1,20.80,"Other"
"16953",29,1,20.80,"Other"
"15999",735,1,20.40,"Other"
"16093",106,1,17.00,"Other"
"17900",164,2,15.00,"Other"
"14580",517,1,14.85,"Other"
"14900",521,1,13.92,"Other"
"17956",248,1,12.75,"Other"
"18072",154,1,12.24,"Other"
"16537",640,1,10.55,"Other"
"18115",697,1,9.70,"Other"
"15040",541,1,7.49,"Other"
"16454",63,2,7.45,"Other"
"15913",533,1,6.30,"Other"
"15940",310,1,4.00,"Other"
"16738",297,1,3.75,"Other"
"13788",504,1,3.75,"Other"
"14095",722,1,2.95,"Other"
"16446",205,1,2.90,"Other"
"17592",738,1,0.00,"Other"
"12467",385,1,0.00,"Other"
"12773",563,1,0.00,"Other"
"12768",431,1,0.00,"Other"
"13163",609,1,0.00,"Other"
"14213",371,1,0.00,"Other"
"16878",24,1,0.00,"Other"
"12558",1,1,0.00,"Other"
"13364",66,1,0.00,"Other"
"16886",444,1,0.00,"Other"
"14792",63,1,0.00,"Other"
"14557",63,1,0.00,"Other"
"18274",17,1,0.00,"Other"
"17378",373,1,0.00,"Other"
"16252",365,1,0.00,"Other"
"13829",358,1,0.00,"Other"
"12607",57,1,0.00,"Other"
"13112",540,1,-5.44,"Other"
"15935",238,1,-200.78,"Other"
"13091",20,2,-1343.24,"Other"
"13902",631,5,30375.26,"Lapsed Whale"
"12482",575,27,21941.72,"Lapsed Whale"
"17448",528,41,14375.01,"Lapsed Whale"
"13687",437,1,11880.84,"Lapsed Whale"
"14134",382,15,11123.35,"Lapsed Whale"
"18052",564,1,10877.18,"Lapsed Whale"
"14091",653,2,9530.08,"Lapsed Whale"
"14063",686,7,9471.50,"Lapsed Whale"
"14160",609,7,8421.47,"Lapsed Whale"
"13206",399,13,8308.19,"Lapsed Whale"
"15413",691,5,6798.72,"Lapsed Whale"
"14028",549,3,6786.00,"Lapsed Whale"
"13935",596,3,6116.92,"Lapsed Whale"
"12835",417,41,5972.19,"Lapsed Whale"
"14249",410,12,5400.46,"Lapsed Whale"
"17308",392,2,4511.76,"Lapsed Whale"
"14648",403,15,4374.74,"Lapsed Whale"
"16118",392,1,4255.43,"Lapsed Whale"
"14685",575,8,4241.16,"Lapsed Whale"
"16749",590,2,4157.88,"Lapsed Whale"
"15633",508,13,4156.91,"Lapsed Whale"
"14025",464,8,3969.10,"Lapsed Whale"
"16636",437,4,3802.04,"Lapsed Whale"
"13446",419,11,3613.27,"Lapsed Whale"
"16336",420,4,3517.69,"Lapsed Whale"
"13734",508,4,3445.34,"Lapsed Whale"
"17876",399,3,3424.02,"Lapsed Whale"
"13031",406,5,3292.84,"Lapsed Whale"
"13214",417,7,3264.23,"Lapsed Whale"
"12469",522,2,3070.54,"Lapsed Whale"
"12511",414,1,3065.77,"Lapsed Whale"
"15538",537,6,3036.10,"Lapsed Whale"
"17145",464,4,3014.64,"Lapsed Whale"
"15614",427,4,3008.86,"Lapsed Whale"
"16736",505,5,2904.51,"Lapsed Whale"
"16067",562,3,2900.01,"Lapsed Whale"
"14590",424,20,2871.04,"Lapsed Whale"
"16467",508,7,2862.40,"Lapsed Whale"
"17032",602,5,2816.69,"Lapsed Whale"
"13205",442,1,2803.20,"Lapsed Whale"
"15817",420,3,2766.40,"Lapsed Whale"
"16772",416,3,2760.10,"Lapsed Whale"
"17241",384,12,2736.64,"Lapsed Whale"
"16335",551,7,2726.52,"Lapsed Whale"
"12671",605,1,2622.48,"Lapsed Whale"
"12806",571,2,2558.96,"Lapsed Whale"
"17465",425,7,2533.64,"Lapsed Whale"
"14564",426,2,2519.32,"Lapsed Whale"
"12978",384,5,2496.07,"Lapsed Whale"
"15077",455,2,2423.88,"Lapsed Whale"
"15946",502,3,2304.18,"Lapsed Whale"
"14938",501,2,2289.43,"Lapsed Whale"
"18051",633,7,2275.98,"Lapsed Whale"
"13371",498,2,2271.46,"Lapsed Whale"
"15015",500,13,2255.27,"Lapsed Whale"
"15629",449,4,2240.90,"Lapsed Whale"
"15934",417,2,2190.66,"Lapsed Whale"
"15476",379,4,2180.28,"Lapsed Whale"
