"customer_id","total_line_items","cancelled_line_items","line_item_return_rate"
"14920.0",97,0,0.0000
"13192.0",165,3,0.0182
"16165.0",1,0,0.0000
"17799.0",933,7,0.0075
"16696.0",10,0,0.0000
"17423.0",45,2,0.0444
"17881.0",8,0,0.0000
"12882.0",13,0,0.0000
"13945.0",51,0,0.0000
"17617.0",21,2,0.0952
"13445.0",7,0,0.0000
"15110.0",58,5,0.0862
"12815.0",47,0,0.0000
"15708.0",408,13,0.0319
"15456.0",230,0,0.0000
"16567.0",35,0,0.0000
"16796.0",18,0,0.0000
"16700.0",535,6,0.0112
"18060.0",75,0,0.0000
"13734.0",30,2,0.0667
"14391.0",14,0,0.0000
"14545.0",23,0,0.0000
"14443.0",161,8,0.0497
"15829.0",51,0,0.0000
"13075.0",22,0,0.0000
"18277.0",68,4,0.0588
"13900.0",96,1,0.0104
"12803.0",55,0,0.0000
"13847.0",19,0,0.0000
"13910.0",1,1,1.0000
"13833.0",45,0,0.0000
"12358.0",77,0,0.0000
"14380.0",2,1,0.5000
"13380.0",3,0,0.0000
"13829.0",2,1,0.5000
"12357.0",296,0,0.0000
"13296.0",53,0,0.0000
"13007.0",11,0,0.0000
"13979.0",412,6,0.0146
"16300.0",249,0,0.0000
"15418.0",69,0,0.0000
"13045.0",45,0,0.0000
"17047.0",142,0,0.0000
"14114.0",74,0,0.0000
"14408.0",129,0,0.0000
"14084.0",7,0,0.0000
"16807.0",144,2,0.0139
"14698.0",210,0,0.0000
"14013.0",72,4,0.0556
"12969.0",5,0,0.0000
"12893.0",34,0,0.0000
"16843.0",599,3,0.0050
"16471.0",64,2,0.0313
"12413.0",53,2,0.0377
"14068.0",112,1,0.0089
"17130.0",1,1,1.0000
"16573.0",46,4,0.0870
"14810.0",325,0,0.0000
"16377.0",10,0,0.0000
"13539.0",88,2,0.0227
"18125.0",197,1,0.0051
"12367.0",11,0,0.0000
"12370.0",202,0,0.0000
"16673.0",20,0,0.0000
"16576.0",36,3,0.0833
"13047.0",442,44,0.0995
"13312.0",5,0,0.0000
"15485.0",165,4,0.0242
"16753.0",34,0,0.0000
"18019.0",5,0,0.0000
"13663.0",101,2,0.0198
"14644.0",72,10,0.1389
"16113.0",30,0,0.0000
"17308.0",7,0,0.0000
"13796.0",22,0,0.0000
"17733.0",35,0,0.0000
"14214.0",70,3,0.0429
"12927.0",11,0,0.0000
"14592.0",164,0,0.0000
"16347.0",357,3,0.0084
"13550.0",44,0,0.0000
"16150.0",273,35,0.1282
"15113.0",101,1,0.0099
"17921.0",370,2,0.0054
"14108.0",55,1,0.0182
"16455.0",228,3,0.0132
"16766.0",34,0,0.0000
"18213.0",15,0,0.0000
"15727.0",694,0,0.0000
"13151.0",182,6,0.0330
"17027.0",188,2,0.0106
"18110.0",87,3,0.0345
"15248.0",111,5,0.0450
"13578.0",9,0,0.0000
"17826.0",34,0,0.0000
"16738.0",1,0,0.0000
"15106.0",102,2,0.0196
"17624.0",97,0,0.0000
"14405.0",2,0,0.0000
"18167.0",43,6,0.1395
"15699.0",18,0,0.0000
"16246.0",89,0,0.0000
"16207.0",19,0,0.0000
"15748.0",37,0,0.0000
"17400.0",481,0,0.0000
"14419.0",229,0,0.0000
"14151.0",45,1,0.0222
"12460.0",18,0,0.0000
"16070.0",33,0,0.0000
"13264.0",38,0,0.0000
"14776.0",211,21,0.0995
"16400.0",281,0,0.0000
"17842.0",18,0,0.0000
"13622.0",34,2,0.0588
"17569.0",29,0,0.0000
"16540.0",37,0,0.0000
"15137.0",40,6,0.1500
"15662.0",12,0,0.0000
"17065.0",13,1,0.0769
"14924.0",31,0,0.0000
"13693.0",112,6,0.0536
"13415.0",116,12,0.1034
"15640.0",784,19,0.0242
"12353.0",24,0,0.0000
"12399.0",110,0,0.0000
"15813.0",40,0,0.0000
"13240.0",232,1,0.0043
"16357.0",47,0,0.0000
"12517.0",286,2,0.0070
"17599.0",5,2,0.4000
"13650.0",184,12,0.0652
"12895.0",24,2,0.0833
"14028.0",13,4,0.3077
"14543.0",275,58,0.2109
"13243.0",220,0,0.0000
"15977.0",65,0,0.0000
"14024.0",34,0,0.0000
"14052.0",125,0,0.0000
"15025.0",146,0,0.0000
"17464.0",45,3,0.0667
"15843.0",8,0,0.0000
"13735.0",683,27,0.0395
"17295.0",69,0,0.0000
"12849.0",148,0,0.0000
"16974.0",8,0,0.0000
"17801.0",86,1,0.0116
"16592.0",446,18,0.0404
"16510.0",131,0,0.0000
"16919.0",645,5,0.0078
"13472.0",28,0,0.0000
"16292.0",67,5,0.0746
"15519.0",37,0,0.0000
"12767.0",43,0,0.0000
"12780.0",20,0,0.0000
"16343.0",86,0,0.0000
"16608.0",122,0,0.0000
"12985.0",78,2,0.0256
"17814.0",146,0,0.0000
"13258.0",46,0,0.0000
"17857.0",62,2,0.0323
"15019.0",70,0,0.0000
"14601.0",7,0,0.0000
"17405.0",94,12,0.1277
"17804.0",93,1,0.0108
"13707.0",155,0,0.0000
"15100.0",26,8,0.3077
"14384.0",3,0,0.0000
"17665.0",19,0,0.0000
"17050.0",358,1,0.0028
"15852.0",33,0,0.0000
"15908.0",41,0,0.0000
"14606.0",6709,143,0.0213
"14065.0",50,1,0.0200
"16014.0",294,3,0.0102
"17114.0",135,8,0.0593
"18114.0",28,0,0.0000
"14741.0",85,0,0.0000
"15582.0",44,0,0.0000
"16397.0",11,0,0.0000
"12570.0",1,0,0.0000
"17884.0",489,7,0.0143
"16680.0",29,0,0.0000
"17628.0",5,0,0.0000
"16653.0",76,7,0.0921
"14616.0",5,0,0.0000
"15400.0",28,1,0.0357
"16666.0",50,0,0.0000
"17788.0",5,0,0.0000
"17487.0",8,0,0.0000
"13275.0",50,0,0.0000
"13988.0",300,5,0.0167
"15231.0",17,3,0.1765
"15048.0",121,1,0.0083
"16191.0",256,23,0.0898
"12365.0",23,1,0.0435
"13630.0",80,9,0.1125
"15280.0",61,0,0.0000
"17888.0",206,43,0.2087
"12679.0",56,8,0.1429
"12603.0",3,0,0.0000
"12770.0",37,9,0.2432
"16257.0",2,0,0.0000
"17001.0",275,0,0.0000
"18157.0",26,0,0.0000
"16981.0",1,1,1.0000
"14470.0",60,0,0.0000
"13827.0",93,0,0.0000
"12364.0",85,0,0.0000
"17176.0",42,0,0.0000
"15401.0",14,0,0.0000
"16062.0",185,0,0.0000
"16032.0",212,0,0.0000
"15446.0",116,2,0.0172
"13282.0",54,3,0.0556
"12961.0",40,0,0.0000
"15982.0",45,0,0.0000
"14243.0",382,11,0.0288
"15768.0",1241,3,0.0024
"14664.0",99,0,0.0000
"13257.0",9,2,0.2222
"12930.0",27,2,0.0741
"13208.0",255,1,0.0039
"12421.0",67,2,0.0299
"12346.0",48,14,0.2917
"14301.0",60,7,0.1167
"15200.0",30,0,0.0000
"17082.0",170,0,0.0000
"13273.0",16,0,0.0000
"16839.0",390,35,0.0897
"16978.0",67,0,0.0000
"16470.0",484,1,0.0021
"18194.0",30,2,0.0667
"15777.0",41,2,0.0488
"14843.0",9,0,0.0000
"13327.0",346,4,0.0116
"16277.0",23,0,0.0000
"14152.0",135,2,0.0148
"16552.0",22,0,0.0000
"13429.0",67,0,0.0000
"12878.0",49,2,0.0408
"12697.0",43,2,0.0465
"12488.0",55,0,0.0000
"15528.0",26,0,0.0000
"13260.0",8,0,0.0000
"15439.0",57,0,0.0000
"17830.0",23,0,0.0000
"13645.0",5,0,0.0000
"16335.0",367,1,0.0027
"15714.0",49,0,0.0000
"14960.0",27,0,0.0000
"14183.0",35,0,0.0000
"14966.0",160,0,0.0000
"13126.0",260,9,0.0346
"16116.0",35,1,0.0286
"12446.0",58,0,0.0000
"15885.0",122,7,0.0574
"17455.0",8,0,0.0000
"18188.0",135,2,0.0148
"16388.0",13,0,0.0000
"13862.0",163,3,0.0184
"15766.0",28,2,0.0714
"13949.0",160,0,0.0000
"13361.0",34,0,0.0000
"13194.0",10,0,0.0000
"18262.0",42,0,0.0000
"13720.0",43,0,0.0000
"13881.0",467,10,0.0214
"15677.0",72,0,0.0000
"15754.0",135,4,0.0296
"16670.0",506,21,0.0415
"12547.0",21,0,0.0000
"13081.0",2430,72,0.0296
"16040.0",128,3,0.0234
"15529.0",812,2,0.0025
"14832.0",3,2,0.6667
"18022.0",496,0,0.0000
"16143.0",244,5,0.0205
"14062.0",348,5,0.0144
"12992.0",6,0,0.0000
"17882.0",56,0,0.0000
"14563.0",115,0,0.0000
"13487.0",49,0,0.0000
"13475.0",86,0,0.0000
"16694.0",3,0,0.0000
"17722.0",224,5,0.0223
"15835.0",50,0,0.0000
"13726.0",42,0,0.0000
"13373.0",358,0,0.0000
"14922.0",50,0,0.0000
"16660.0",25,1,0.0400
"16053.0",197,3,0.0152
"13069.0",1163,47,0.0404
"15165.0",54,0,0.0000
"15277.0",26,0,0.0000
"15427.0",306,0,0.0000
"15606.0",159,14,0.0881
"12784.0",131,0,0.0000
"14162.0",25,0,0.0000
"13065.0",77,1,0.0130
"17166.0",14,2,0.1429
"17868.0",19,0,0.0000
"16209.0",67,0,0.0000
"13570.0",27,0,0.0000
"13497.0",69,2,0.0290
"14141.0",46,6,0.1304
"13534.0",461,69,0.1497
"17901.0",22,0,0.0000
"17184.0",14,0,0.0000
"16118.0",47,6,0.1277
"16987.0",267,1,0.0037
"13041.0",35,0,0.0000
"17544.0",92,0,0.0000
"15195.0",1,0,0.0000
"13739.0",6,0,0.0000
"15583.0",46,0,0.0000
"13048.0",273,5,0.0183
"17494.0",3,0,0.0000
"12402.0",71,1,0.0141
"14181.0",54,0,0.0000
"14578.0",24,0,0.0000
"16737.0",2,0,0.0000
"13873.0",61,1,0.0164
"17680.0",21,1,0.0476
"13049.0",28,2,0.0714
"16532.0",6,0,0.0000
"12565.0",10,1,0.1000
"14928.0",24,3,0.1250
"14618.0",54,3,0.0556
"15240.0",245,21,0.0857
"16637.0",72,3,0.0417
"17878.0",85,0,0.0000
"13325.0",12,0,0.0000
"15828.0",74,0,0.0000
"15707.0",214,0,0.0000
"14437.0",50,2,0.0400
"12949.0",725,10,0.0138
"12538.0",34,0,0.0000
"17036.0",12,0,0.0000
"14115.0",22,0,0.0000
"15219.0",26,0,0.0000
"12870.0",97,4,0.0412
"16089.0",50,0,0.0000
"16411.0",207,0,0.0000
"17513.0",18,0,0.0000
"15161.0",33,0,0.0000
"14989.0",18,0,0.0000
"16154.0",1,1,1.0000
"15259.0",57,0,0.0000
"12864.0",7,0,0.0000
"13577.0",174,6,0.0345
"17154.0",23,0,0.0000
"14870.0",69,4,0.0580
"16930.0",54,0,0.0000
"12376.0",13,0,0.0000
"17874.0",47,1,0.0213
"16474.0",368,8,0.0217
"14899.0",137,0,0.0000
"14277.0",468,86,0.1838
"14144.0",1,0,0.0000
"17141.0",174,0,0.0000
"15076.0",82,2,0.0244
"17778.0",10,0,0.0000
"16012.0",241,0,0.0000
"15503.0",123,0,0.0000
"14070.0",42,0,0.0000
"14017.0",14,0,0.0000
"15545.0",112,0,0.0000
"14582.0",6,0,0.0000
"15805.0",558,27,0.0484
"16935.0",73,0,0.0000
"17378.0",2,1,0.5000
"16427.0",9,0,0.0000
"17259.0",330,0,0.0000
"16256.0",30,1,0.0333
"15970.0",24,0,0.0000
"12623.0",176,2,0.0114
"14034.0",92,3,0.0326
"17213.0",298,17,0.0570
"17085.0",1005,8,0.0080
"16896.0",18,0,0.0000
"14248.0",47,0,0.0000
"15862.0",581,0,0.0000
"12550.0",57,0,0.0000
"16446.0",5,2,0.4000
"16140.0",73,2,0.0274
"14012.0",11,0,0.0000
"17414.0",21,0,0.0000
"14054.0",6,0,0.0000
"15335.0",36,0,0.0000
"13470.0",10,0,0.0000
"16312.0",10,0,0.0000
"16172.0",113,0,0.0000
"12825.0",24,0,0.0000
"12931.0",282,64,0.2270
"15167.0",313,0,0.0000
"17373.0",91,0,0.0000
"12939.0",86,0,0.0000
"18204.0",202,2,0.0099
"15005.0",2548,94,0.0369
"12860.0",17,0,0.0000
"17362.0",146,2,0.0137
"16763.0",45,1,0.0222
"17109.0",144,4,0.0278
"15804.0",274,11,0.0401
"13238.0",48,1,0.0208
"16251.0",20,0,0.0000
"16045.0",159,11,0.0692
"14695.0",95,9,0.0947
"14334.0",260,2,0.0077
"14692.0",164,1,0.0061
"15491.0",155,1,0.0065
"16669.0",162,2,0.0123
"15313.0",1,0,0.0000
"15743.0",88,0,0.0000
"13812.0",36,0,0.0000
"16969.0",42,0,0.0000
"13781.0",58,1,0.0172
"13915.0",4,2,0.5000
"14939.0",1,1,1.0000
"14938.0",76,5,0.0658
"17848.0",169,1,0.0059
"15782.0",63,2,0.0317
"16308.0",7,0,0.0000
"14180.0",312,11,0.0353
"16329.0",115,0,0.0000
"14274.0",15,0,0.0000
"12409.0",272,8,0.0294
"14255.0",4,3,0.7500
"12433.0",707,1,0.0014
"17255.0",190,0,0.0000
"15962.0",58,0,0.0000
"13571.0",676,0,0.0000
"13688.0",5,0,0.0000
"15058.0",358,1,0.0028
"14970.0",127,14,0.1102
"15869.0",35,0,0.0000
"16295.0",79,0,0.0000
"15081.0",111,2,0.0180
"17095.0",142,5,0.0352
"13825.0",40,0,0.0000
"15926.0",7,0,0.0000
"13097.0",1042,25,0.0240
"15922.0",24,2,0.0833
"14182.0",52,2,0.0385
"17960.0",37,0,0.0000
"14774.0",13,0,0.0000
"15643.0",36,3,0.0833
"14934.0",248,63,0.2540
"17056.0",8,0,0.0000
"16315.0",23,0,0.0000
"13777.0",434,43,0.0991
"13548.0",187,0,0.0000
"18001.0",140,0,0.0000
"12506.0",23,0,0.0000
"13134.0",128,7,0.0547
"18010.0",14,0,0.0000
"14645.0",54,6,0.1111
"15614.0",85,4,0.0471
"14426.0",651,47,0.0722
"13383.0",1,0,0.0000
"14547.0",367,1,0.0027
"15087.0",15,0,0.0000
"12443.0",21,0,0.0000
"12793.0",51,0,0.0000
"15193.0",19,0,0.0000
"14103.0",1,0,0.0000
"15941.0",10,4,0.4000
"17101.0",73,0,0.0000
"14201.0",57,2,0.0351
"17337.0",548,5,0.0091
"16550.0",839,26,0.0310
"15901.0",173,2,0.0116
"13461.0",66,4,0.0606
"14684.0",519,0,0.0000
"12641.0",10,0,0.0000
"14614.0",19,0,0.0000
"15399.0",50,0,0.0000
"16803.0",24,0,0.0000
"17120.0",18,0,0.0000
"14378.0",9,0,0.0000
"17277.0",69,0,0.0000
"13285.0",231,0,0.0000
"18144.0",87,0,0.0000
"17397.0",138,0,0.0000
"14230.0",33,0,0.0000
"13267.0",453,27,0.0596
"17482.0",54,0,0.0000
"14814.0",32,0,0.0000
"14000.0",52,3,0.0577
"16370.0",228,0,0.0000
"15332.0",189,0,0.0000
"15310.0",45,0,0.0000
"16031.0",100,0,0.0000
"17528.0",260,7,0.0269
"17040.0",16,0,0.0000
"17390.0",12,0,0.0000
"13160.0",4,0,0.0000
"15809.0",67,9,0.1343
"17754.0",232,4,0.0172
"12954.0",10,0,0.0000
"15551.0",153,2,0.0131
"15483.0",290,0,0.0000
"17034.0",65,6,0.0923
"16206.0",245,1,0.0041
"13565.0",60,0,0.0000
"14585.0",111,0,0.0000
"15479.0",9,0,0.0000
"17656.0",82,0,0.0000
"16734.0",53,0,0.0000
"14060.0",272,2,0.0074
"18102.0",1068,10,0.0094
"16022.0",76,0,0.0000
"14023.0",31,0,0.0000
"16976.0",2,0,0.0000
"15052.0",30,0,0.0000
"12351.0",21,0,0.0000
"13042.0",200,1,0.0050
"16005.0",515,1,0.0019
"15307.0",12,0,0.0000
"16217.0",19,4,0.2105
"17388.0",57,0,0.0000
"12480.0",245,3,0.0122
"13617.0",108,1,0.0093
"13347.0",8,0,0.0000
"13848.0",11,0,0.0000
"18007.0",51,0,0.0000
"17072.0",22,0,0.0000
"17385.0",47,0,0.0000
"13875.0",270,0,0.0000
"13986.0",13,0,0.0000
"14594.0",84,0,0.0000
"18132.0",66,0,0.0000
"14687.0",40,0,0.0000
"17499.0",73,2,0.0274
"15201.0",131,31,0.2366
"16151.0",1,1,1.0000
"13237.0",24,0,0.0000
"16069.0",25,0,0.0000
"17995.0",29,0,0.0000
"18182.0",10,0,0.0000
"16639.0",83,2,0.0241
"18077.0",377,0,0.0000
"15088.0",60,3,0.0500
"16486.0",7,0,0.0000
"17092.0",400,3,0.0075
"17732.0",143,3,0.0210
"15763.0",63,2,0.0317
"16314.0",62,0,0.0000
"15057.0",71,1,0.0141
"13377.0",81,3,0.0370
"18274.0",22,11,0.5000
"14442.0",190,7,0.0368
"13480.0",41,0,0.0000
"12766.0",459,4,0.0087
"16641.0",36,0,0.0000
"16764.0",718,12,0.0167
"15793.0",31,1,0.0323
"13364.0",20,10,0.5000
"13524.0",27,0,0.0000
"15367.0",281,2,0.0071
"17776.0",85,1,0.0118
"13421.0",275,3,0.0109
"14631.0",92,1,0.0109
"16013.0",251,31,0.1235
"14150.0",26,0,0.0000
"17746.0",40,4,0.1000
"17165.0",103,3,0.0291
"18252.0",139,1,0.0072
"13411.0",18,0,0.0000
"16208.0",253,0,0.0000
"13053.0",17,0,0.0000
"15362.0",40,0,0.0000
"16695.0",36,0,0.0000
"12650.0",20,0,0.0000
"14884.0",8,0,0.0000
"13176.0",72,0,0.0000
"15015.0",308,12,0.0390
"17355.0",37,0,0.0000
"17416.0",600,3,0.0050
"17163.0",30,0,0.0000
"15974.0",177,1,0.0056
"16893.0",135,0,0.0000
"16593.0",80,2,0.0250
"12543.0",43,0,0.0000
"17984.0",251,0,0.0000
"14941.0",7,0,0.0000
"17481.0",83,1,0.0120
"13888.0",184,0,0.0000
"14032.0",255,11,0.0431
"13337.0",90,3,0.0333
"15086.0",11,0,0.0000
"17802.0",559,19,0.0340
"17922.0",8,0,0.0000
"14304.0",99,11,0.1111
"17361.0",58,0,0.0000
"14215.0",193,1,0.0052
"15742.0",41,0,0.0000
"15586.0",39,1,0.0256
"18164.0",25,1,0.0400
"14836.0",6,0,0.0000
"16139.0",57,0,0.0000
"17548.0",53,19,0.3585
"18053.0",35,3,0.0857
"12498.0",23,0,0.0000
"17953.0",21,0,0.0000
"17625.0",703,0,0.0000
"17363.0",36,0,0.0000
"16876.0",32,0,0.0000
"13722.0",190,1,0.0053
"16036.0",140,0,0.0000
"16039.0",33,1,0.0303
"16286.0",19,2,0.1053
"18236.0",98,0,0.0000
"15105.0",151,0,0.0000
"14471.0",41,0,0.0000
"13921.0",45,1,0.0222
"14406.0",8,0,0.0000
"13305.0",206,0,0.0000
"15357.0",1,1,1.0000
"14783.0",18,1,0.0556
"17865.0",1062,44,0.0414
"17985.0",23,0,0.0000
"16851.0",20,0,0.0000
"14125.0",167,0,0.0000
"14221.0",349,2,0.0057
"12769.0",32,0,0.0000
"16990.0",2,0,0.0000
"16383.0",423,5,0.0118
"12582.0",103,0,0.0000
"13395.0",81,0,0.0000
"13592.0",16,0,0.0000
"16478.0",17,0,0.0000
"15909.0",7,0,0.0000
"16276.0",26,0,0.0000
"16726.0",270,0,0.0000
"14389.0",118,31,0.2627
"16723.0",130,0,0.0000
"18113.0",2,0,0.0000
"15009.0",182,0,0.0000
"17858.0",397,2,0.0050
"12593.0",21,0,0.0000
"14326.0",58,1,0.0172
"15663.0",9,0,0.0000
"14801.0",59,0,0.0000
"18141.0",44,2,0.0455
"18081.0",17,0,0.0000
"12937.0",217,0,0.0000
"14715.0",138,0,0.0000
"16782.0",1900,17,0.0089
"12988.0",92,0,0.0000
"15457.0",58,0,0.0000
"17168.0",21,0,0.0000
"13817.0",24,0,0.0000
"17395.0",3,0,0.0000
"17958.0",36,0,0.0000
"15914.0",13,0,0.0000
"17932.0",90,0,0.0000
"12673.0",74,0,0.0000
"17872.0",15,0,0.0000
"15972.0",145,0,0.0000
"12863.0",49,1,0.0204
"14820.0",64,0,0.0000
"13810.0",36,1,0.0278
"14371.0",4,0,0.0000
"15864.0",27,4,0.1481
"13823.0",166,3,0.0181
"15946.0",26,0,0.0000
"12716.0",69,0,0.0000
"13606.0",43,0,0.0000
"13864.0",1,0,0.0000
"14672.0",106,0,0.0000
"12361.0",29,0,0.0000
"14069.0",42,0,0.0000
"13079.0",17,0,0.0000
"14896.0",295,8,0.0271
"15033.0",513,3,0.0058
"17649.0",101,3,0.0297
"15685.0",17,0,0.0000
"14978.0",295,2,0.0068
"13212.0",143,1,0.0070
"12428.0",300,6,0.0200
"14228.0",38,0,0.0000
"14120.0",1,1,1.0000
"17324.0",153,1,0.0065
"12948.0",127,2,0.0157
"18145.0",406,1,0.0025
"13553.0",94,0,0.0000
"13807.0",34,2,0.0588
"17630.0",26,0,0.0000
"14817.0",234,4,0.0171
"17760.0",77,1,0.0130
"13893.0",21,0,0.0000
"17592.0",26,13,0.5000
"16130.0",55,0,0.0000
"16445.0",192,0,0.0000
"12986.0",142,40,0.2817
"13882.0",66,1,0.0152
"18020.0",14,2,0.1429
"13557.0",183,3,0.0164
"15979.0",22,0,0.0000
"12637.0",639,4,0.0063
"17795.0",46,0,0.0000
"15588.0",4,0,0.0000
"13164.0",12,2,0.1667
"17971.0",21,0,0.0000
"12456.0",129,4,0.0310
"12588.0",48,2,0.0417
"15163.0",29,0,0.0000
"12410.0",42,2,0.0476
"14792.0",4,2,0.5000
"16396.0",12,4,0.3333
"14717.0",12,1,0.0833
"18093.0",63,2,0.0317
"12700.0",270,2,0.0074
"15237.0",99,0,0.0000
"13768.0",43,10,0.2326
"13322.0",25,0,0.0000
"15273.0",1,0,0.0000
"14785.0",3,0,0.0000
"14758.0",136,0,0.0000
"12391.0",287,6,0.0209
"14030.0",870,4,0.0046
"18099.0",19,0,0.0000
"14681.0",20,0,0.0000
"15943.0",12,0,0.0000
"15731.0",8,0,0.0000
"18008.0",102,0,0.0000
"16774.0",136,1,0.0074
"14704.0",483,0,0.0000
"17051.0",157,0,0.0000
"12711.0",60,0,0.0000
"15391.0",13,1,0.0769
"15103.0",35,0,0.0000
"14447.0",106,0,0.0000
"17779.0",84,2,0.0238
"12844.0",103,0,0.0000
"15791.0",180,13,0.0722
"16071.0",73,0,0.0000
"15171.0",7,2,0.2857
"15078.0",812,19,0.0234
"16955.0",60,3,0.0500
"17584.0",125,1,0.0080
"15527.0",355,24,0.0676
"17815.0",13,0,0.0000
"14739.0",259,3,0.0116
"14666.0",14,0,0.0000
"14420.0",97,4,0.0412
"16491.0",88,1,0.0114
"14696.0",176,4,0.0227
"15223.0",46,12,0.2609
"12974.0",32,0,0.0000
"12718.0",19,0,0.0000
"14019.0",68,2,0.0294
"13087.0",15,0,0.0000
"15364.0",29,0,0.0000
"17497.0",7,0,0.0000
"18258.0",53,3,0.0566
"15626.0",82,2,0.0244
"13780.0",100,0,0.0000
"13458.0",497,12,0.0241
"15271.0",628,4,0.0064
"15712.0",167,1,0.0060
"13895.0",188,2,0.0106
"15134.0",85,0,0.0000
"15591.0",7,0,0.0000
"14787.0",15,0,0.0000
"16916.0",264,0,0.0000
"15600.0",74,3,0.0405
"13758.0",315,6,0.0190
"13073.0",27,0,0.0000
"14964.0",13,0,0.0000
"13463.0",1,1,1.0000
"17014.0",75,1,0.0133
"14935.0",26,0,0.0000
"13918.0",30,0,0.0000
"15925.0",12,0,0.0000
"13727.0",85,1,0.0118
"12993.0",82,6,0.0732
"15744.0",3,0,0.0000
"12861.0",4,0,0.0000
"16099.0",70,1,0.0143
"15455.0",2,0,0.0000
"15856.0",1172,11,0.0094
"16882.0",39,0,0.0000
"14576.0",2,0,0.0000
"13861.0",23,2,0.0870
"13835.0",73,2,0.0274
"12685.0",157,0,0.0000
"12596.0",27,0,0.0000
"14753.0",48,0,0.0000
"18073.0",76,3,0.0395
"16064.0",18,0,0.0000
"14093.0",105,0,0.0000
"12388.0",146,0,0.0000
"18193.0",73,3,0.0411
"13508.0",28,0,0.0000
"12501.0",160,11,0.0688
"18024.0",22,1,0.0455
"13544.0",259,1,0.0039
"12900.0",13,0,0.0000
"15562.0",34,0,0.0000
"15488.0",11,0,0.0000
"15324.0",8,0,0.0000
"13308.0",74,3,0.0405
"15152.0",308,8,0.0260
"13186.0",84,5,0.0595
"14002.0",47,0,0.0000
"14980.0",24,0,0.0000
"17433.0",93,0,0.0000
"15664.0",74,4,0.0541
"15424.0",33,0,0.0000
"14680.0",1458,166,0.1139
"17834.0",59,0,0.0000
"17321.0",295,0,0.0000
"16731.0",43,0,0.0000
"13703.0",73,36,0.4932
"14971.0",160,0,0.0000
"14045.0",43,4,0.0930
"17244.0",120,0,0.0000
"15552.0",30,0,0.0000
"15781.0",21,1,0.0476
"17935.0",66,2,0.0303
"13634.0",478,28,0.0586
"13180.0",4,0,0.0000
"17222.0",113,0,0.0000
"14238.0",13,0,0.0000
"13133.0",12,0,0.0000
"17068.0",1027,3,0.0029
"16862.0",35,0,0.0000
"17181.0",30,0,0.0000
"16928.0",342,7,0.0205
"12942.0",91,0,0.0000
"14412.0",86,2,0.0233
"15594.0",104,1,0.0096
"12975.0",118,6,0.0508
"14047.0",171,7,0.0409
"16677.0",49,2,0.0408
"17712.0",29,0,0.0000
"16556.0",500,18,0.0360
"12397.0",126,0,0.0000
"17028.0",95,0,0.0000
"17484.0",14,0,0.0000
"13649.0",126,0,0.0000
"16681.0",49,0,0.0000
"16741.0",11,0,0.0000
"17697.0",19,0,0.0000
"13874.0",73,4,0.0548
"18079.0",140,0,0.0000
"13994.0",155,0,0.0000
"13214.0",229,0,0.0000
"15020.0",28,0,0.0000
"15659.0",21,0,0.0000
"16853.0",2,2,1.0000
"17089.0",4,0,0.0000
"15599.0",83,0,0.0000
"14428.0",148,4,0.0270
"18197.0",11,2,0.1818
"15508.0",92,0,0.0000
"15104.0",71,2,0.0282
"18039.0",168,0,0.0000
"16413.0",69,0,0.0000
"14090.0",1,0,0.0000
"15944.0",38,0,0.0000
"16441.0",87,1,0.0115
"14633.0",20,0,0.0000
"16408.0",45,0,0.0000
"12771.0",16,1,0.0625
"17439.0",8,0,0.0000
"16072.0",556,0,0.0000
"15469.0",47,4,0.0851
"16954.0",207,1,0.0048
"16837.0",166,1,0.0060
"13173.0",252,2,0.0079
"17012.0",42,0,0.0000
"15428.0",44,0,0.0000
"16385.0",137,0,0.0000
"13231.0",1,1,1.0000
"17811.0",1204,22,0.0183
"13685.0",39,0,0.0000
"16814.0",805,1,0.0012
"17098.0",18,0,0.0000
"14509.0",25,0,0.0000
"15264.0",57,2,0.0351
"16203.0",78,1,0.0128
"14041.0",21,0,0.0000
"12363.0",23,0,0.0000
"13783.0",10,0,0.0000
"12645.0",163,3,0.0184
"16757.0",15,0,0.0000
"15822.0",72,7,0.0972
"16873.0",524,12,0.0229
"16961.0",55,3,0.0545
"12799.0",15,0,0.0000
"15820.0",17,0,0.0000
"16184.0",46,1,0.0217
"14700.0",170,0,0.0000
"14136.0",108,2,0.0185
"15262.0",26,0,0.0000
"14529.0",229,0,0.0000
"13779.0",27,0,0.0000
"17045.0",53,0,0.0000
"14211.0",253,13,0.0514
"14473.0",7,0,0.0000
"13016.0",47,0,0.0000
"12995.0",5,2,0.4000
"13306.0",4,0,0.0000
"14289.0",47,0,0.0000
"14921.0",78,0,0.0000
"17309.0",37,0,0.0000
"15008.0",12,0,0.0000
"15803.0",51,0,0.0000
"16115.0",428,0,0.0000
"17887.0",10,0,0.0000
"13089.0",3438,75,0.0218
"13621.0",19,0,0.0000
"14193.0",64,0,0.0000
"13996.0",33,0,0.0000
"18151.0",107,1,0.0093
"12522.0",12,0,0.0000
"12633.0",313,7,0.0224
"15725.0",32,0,0.0000
"18266.0",14,0,0.0000
"17601.0",76,0,0.0000
"16863.0",58,2,0.0345
"16889.0",218,0,0.0000
"17598.0",10,0,0.0000
"16390.0",21,0,0.0000
"17268.0",30,0,0.0000
"16409.0",791,0,0.0000
"17121.0",12,0,0.0000
"12438.0",98,0,0.0000
"16304.0",25,0,0.0000
"16316.0",304,7,0.0230
"14879.0",27,0,0.0000
"14712.0",32,0,0.0000
"13851.0",141,1,0.0071
"15242.0",4,0,0.0000
"12686.0",14,0,0.0000
"13609.0",7,0,0.0000
"14145.0",26,1,0.0385
"17575.0",5,0,0.0000
"18165.0",10,0,0.0000
"17143.0",121,0,0.0000
"17144.0",48,0,0.0000
"18061.0",129,1,0.0078
"18049.0",95,0,0.0000
"14040.0",808,14,0.0173
"17769.0",603,12,0.0199
"13058.0",8,0,0.0000
"12945.0",51,0,0.0000
"16024.0",86,0,0.0000
"13675.0",25,0,0.0000
"17702.0",168,15,0.0893
"17847.0",9,0,0.0000
"13628.0",16,0,0.0000
"13201.0",88,0,0.0000
"12656.0",253,6,0.0237
"13197.0",19,0,0.0000
"17657.0",7,0,0.0000
"12432.0",108,0,0.0000
"16081.0",399,0,0.0000
"17334.0",32,1,0.0313
"17683.0",46,0,0.0000
"16715.0",28,0,0.0000
"15395.0",7,0,0.0000
"16840.0",10,1,0.1000
"12557.0",58,0,0.0000
"12912.0",24,0,0.0000
"14005.0",84,0,0.0000
"13787.0",94,8,0.0851
"15882.0",78,3,0.0385
"17142.0",90,0,0.0000
"14312.0",180,0,0.0000
"12561.0",16,0,0.0000
"15607.0",115,6,0.0522
"17356.0",86,0,0.0000
"17784.0",23,0,0.0000
"13841.0",1,0,0.0000
"13080.0",20,1,0.0500
"12568.0",5,0,0.0000
"13167.0",81,0,0.0000
"16132.0",17,0,0.0000
"15879.0",183,0,0.0000
"18054.0",11,0,0.0000
"13027.0",90,4,0.0444
"13736.0",568,11,0.0194
"14210.0",336,7,0.0208
"12613.0",347,20,0.0576
"18286.0",70,3,0.0429
"16777.0",148,2,0.0135
"16546.0",107,13,0.1215
"12828.0",56,0,0.0000
"14777.0",21,5,0.2381
"17650.0",8,0,0.0000
"13567.0",204,1,0.0049
"16650.0",98,0,0.0000
"14067.0",52,0,0.0000
"13476.0",109,3,0.0275
"15713.0",63,2,0.0317
"16617.0",5,0,0.0000
"16822.0",13,2,0.1538
"14336.0",90,0,0.0000
"13451.0",1044,2,0.0019
"18096.0",438,0,0.0000
"17272.0",116,2,0.0172
"17364.0",925,5,0.0054
"15683.0",26,0,0.0000
"15959.0",78,0,0.0000
"16956.0",18,2,0.1111
"18048.0",61,0,0.0000
"17618.0",380,5,0.0132
"13897.0",59,0,0.0000
"15973.0",17,2,0.1176
"13496.0",36,1,0.0278
"14171.0",64,0,0.0000
"12474.0",764,54,0.0707
"18131.0",4,0,0.0000
"17704.0",31,0,0.0000
"15620.0",136,7,0.0515
"12368.0",18,0,0.0000
"17727.0",67,1,0.0149
"17661.0",1,1,1.0000
"12690.0",16,0,0.0000
"17961.0",662,2,0.0030
"13920.0",88,2,0.0227
"15505.0",99,2,0.0202
"15755.0",382,11,0.0288
"16633.0",153,1,0.0065
"17905.0",172,1,0.0058
"17503.0",38,0,0.0000
"15129.0",207,0,0.0000
"16367.0",229,0,0.0000
"13933.0",23,0,0.0000
"15260.0",404,6,0.0149
"13418.0",575,12,0.0209
"15715.0",38,0,0.0000
"17910.0",26,0,0.0000
"16688.0",62,0,0.0000
"13256.0",1,0,0.0000
"18278.0",24,0,0.0000
"13680.0",673,21,0.0312
"15285.0",6,0,0.0000
"13670.0",25,0,0.0000
"15398.0",74,1,0.0135
"15149.0",69,0,0.0000
"13431.0",130,1,0.0077
"16892.0",141,2,0.0142
"14037.0",115,1,0.0087
"16588.0",71,0,0.0000
"16271.0",306,1,0.0033
"12744.0",346,7,0.0202
"13547.0",47,0,0.0000
"14998.0",127,0,0.0000
"15267.0",11,0,0.0000
"13907.0",4,0,0.0000
"12609.0",176,1,0.0057
"13112.0",5,3,0.6000
"17989.0",34,0,0.0000
"12559.0",22,1,0.0455
"16972.0",88,0,0.0000
"15080.0",31,0,0.0000
"16023.0",101,0,0.0000
"16054.0",127,5,0.0394
"12528.0",95,3,0.0316
"13335.0",1,1,1.0000
"15857.0",24,0,0.0000
"15680.0",268,2,0.0075
"17128.0",14,0,0.0000
"17469.0",277,10,0.0361
"14259.0",5,0,0.0000
"15924.0",15,0,0.0000
"15511.0",160,0,0.0000
"16868.0",54,0,0.0000
"13705.0",84,0,0.0000
"15074.0",73,0,0.0000
"13393.0",73,4,0.0548
"17438.0",73,2,0.0274
"16083.0",71,0,0.0000
"13457.0",11,2,0.1818
"15577.0",60,0,0.0000
"17479.0",18,0,0.0000
"14479.0",149,0,0.0000
"15116.0",45,0,0.0000
"16094.0",211,15,0.0711
"14723.0",481,0,0.0000
"14566.0",16,0,0.0000
"17233.0",58,0,0.0000
"18284.0",29,1,0.0345
"17790.0",304,0,0.0000
"18000.0",6,0,0.0000
"13657.0",16,0,0.0000
"16706.0",123,0,0.0000
"15975.0",24,0,0.0000
"12857.0",122,1,0.0082
"12617.0",42,0,0.0000
"16606.0",22,0,0.0000
"15225.0",23,0,0.0000
"17432.0",277,0,0.0000
"14713.0",711,9,0.0127
"17540.0",65,1,0.0154
"13111.0",12,0,0.0000
"16572.0",58,1,0.0172
"14280.0",8,0,0.0000
"14335.0",63,0,0.0000
"13127.0",15,0,0.0000
"17379.0",83,0,0.0000
"14716.0",100,0,0.0000
"16480.0",53,0,0.0000
"12569.0",191,3,0.0157
"12575.0",38,0,0.0000
"14372.0",39,1,0.0256
"12521.0",38,0,0.0000
"13009.0",4,0,0.0000
"14898.0",314,10,0.0318
"15648.0",28,3,0.1071
"16063.0",23,0,0.0000
"13554.0",211,11,0.0521
"14670.0",188,0,0.0000
"15661.0",44,0,0.0000
"17456.0",77,0,0.0000
"15773.0",47,0,0.0000
"16859.0",130,20,0.1538
"18279.0",13,0,0.0000
"18083.0",42,0,0.0000
"16074.0",26,0,0.0000
"16146.0",41,0,0.0000
"18047.0",88,0,0.0000
"12822.0",47,1,0.0213
"15509.0",29,0,0.0000
"14444.0",13,0,0.0000
"17926.0",44,0,0.0000
"13083.0",22,0,0.0000
"16007.0",666,0,0.0000
"14429.0",22,0,0.0000
"17182.0",6,0,0.0000
"13341.0",42,0,0.0000
"14749.0",18,0,0.0000
"15559.0",62,0,0.0000
"16947.0",60,7,0.1167
"17977.0",110,2,0.0182
"12660.0",13,0,0.0000
"15807.0",89,1,0.0112
"14226.0",105,7,0.0667
"14074.0",6,0,0.0000
"13401.0",1,1,1.0000
"13300.0",58,3,0.0517
"15031.0",444,39,0.0878
"18068.0",1,0,0.0000
"14648.0",465,10,0.0215
"17789.0",29,0,0.0000
"18199.0",21,1,0.0476
"15854.0",258,0,0.0000
"17688.0",20,1,0.0500
"15053.0",71,0,0.0000
"14588.0",16,0,0.0000
"17581.0",881,31,0.0352
"12610.0",111,5,0.0450
"18013.0",31,0,0.0000
"17669.0",144,0,0.0000
"14702.0",724,3,0.0041
"16375.0",13,0,0.0000
"13678.0",16,0,0.0000
"15672.0",3,0,0.0000
"15684.0",14,3,0.2143
"13846.0",84,3,0.0357
"16564.0",5,0,0.0000
"16927.0",6,0,0.0000
"17192.0",21,0,0.0000
"17342.0",40,5,0.1250
"15154.0",195,7,0.0359
"14076.0",46,0,0.0000
"16996.0",87,12,0.1379
"14421.0",97,1,0.0103
"14862.0",48,0,0.0000
"15873.0",9,3,0.3333
"14557.0",32,16,0.5000
"18267.0",20,3,0.1500
"15762.0",37,0,0.0000
"15964.0",21,0,0.0000
"17271.0",52,0,0.0000
"14080.0",84,1,0.0119
"13530.0",18,0,0.0000
"15816.0",12,1,0.0833
"12666.0",33,2,0.0606
"17927.0",10,0,0.0000
"16264.0",66,0,0.0000
"17534.0",92,0,0.0000
"14892.0",13,0,0.0000
"13595.0",152,0,0.0000
"14288.0",17,1,0.0588
"13150.0",9,1,0.1111
"15561.0",96,4,0.0417
"17252.0",87,0,0.0000
"13287.0",74,21,0.2838
"17729.0",23,0,0.0000
"17612.0",368,28,0.0761
"15465.0",271,8,0.0295
"17957.0",31,0,0.0000
"13035.0",45,3,0.0667
"15283.0",10,1,0.1000
"13612.0",52,2,0.0385
"16339.0",20,0,0.0000
"13398.0",39,0,0.0000
"14308.0",5,3,0.6000
"16472.0",39,0,0.0000
"14342.0",37,4,0.1081
"14779.0",41,0,0.0000
"12652.0",54,3,0.0556
"16860.0",44,1,0.0227
"15073.0",181,22,0.1215
"14486.0",6,0,0.0000
"14472.0",333,0,0.0000
"13278.0",109,1,0.0092
"17636.0",24,4,0.1667
"14439.0",129,0,0.0000
"15589.0",30,1,0.0333
"17644.0",344,17,0.0494
"12820.0",163,3,0.0184
"13911.0",242,4,0.0165
"15333.0",16,0,0.0000
"16736.0",147,4,0.0272
"18265.0",46,0,0.0000
"13008.0",39,4,0.1026
"18021.0",33,0,0.0000
"16425.0",21,0,0.0000
"17930.0",90,3,0.0333
"16249.0",69,0,0.0000
"16600.0",151,8,0.0530
"12826.0",171,5,0.0292
"12600.0",140,8,0.0571
"15308.0",21,2,0.0952
"17876.0",4,0,0.0000
"17797.0",275,0,0.0000
"13129.0",11,0,0.0000
"15179.0",322,8,0.0248
"14745.0",147,6,0.0408
"15406.0",127,5,0.0394
"16579.0",16,2,0.1250
"16720.0",161,3,0.0186
"16211.0",37,1,0.0270
"15125.0",261,21,0.0805
"16870.0",28,0,0.0000
"17302.0",81,2,0.0247
"15891.0",62,0,0.0000
"17348.0",461,0,0.0000
"12914.0",9,0,0.0000
"12380.0",283,6,0.0212
"16086.0",138,1,0.0072
"13747.0",6,0,0.0000
"16177.0",128,10,0.0781
"18059.0",21,2,0.0952
"18027.0",21,0,0.0000
"17257.0",15,0,0.0000
"15687.0",168,2,0.0119
"14988.0",244,0,0.0000
"13748.0",59,0,0.0000
"17196.0",104,0,0.0000
"17254.0",148,0,0.0000
"18244.0",19,0,0.0000
"18208.0",17,0,0.0000
"12530.0",162,4,0.0247
"13213.0",209,5,0.0239
"15099.0",23,0,0.0000
"14977.0",4,0,0.0000
"16405.0",5,0,0.0000
"16727.0",213,0,0.0000
"14360.0",118,0,0.0000
"14440.0",143,2,0.0140
"13590.0",415,5,0.0120
"14379.0",129,0,0.0000
"12574.0",11,0,0.0000
"16183.0",41,0,0.0000
"13241.0",42,0,0.0000
"18036.0",332,0,0.0000
"14202.0",29,0,0.0000
"15652.0",105,1,0.0095
"16017.0",131,0,0.0000
"18226.0",544,16,0.0294
"13119.0",11,0,0.0000
"16866.0",11,0,0.0000
"16845.0",20,0,0.0000
"13555.0",413,6,0.0145
"16029.0",420,37,0.0881
"14436.0",11,0,0.0000
"17709.0",40,0,0.0000
"12872.0",438,2,0.0046
"16346.0",15,0,0.0000
"16196.0",4,0,0.0000
"14640.0",223,19,0.0852
"16644.0",62,0,0.0000
"17090.0",94,2,0.0213
"16174.0",65,0,0.0000
"15222.0",157,19,0.1210
"12664.0",46,1,0.0217
"13096.0",1,0,0.0000
"17996.0",67,0,0.0000
"18263.0",62,1,0.0161
"12997.0",121,14,0.1157
"16936.0",141,0,0.0000
"16683.0",19,1,0.0526
"17410.0",64,0,0.0000
"14750.0",32,0,0.0000
"16952.0",88,0,0.0000
"16793.0",16,0,0.0000
"18219.0",206,3,0.0146
"12389.0",49,0,0.0000
"17547.0",38,7,0.1842
"13563.0",49,0,0.0000
"16121.0",360,1,0.0028
"15422.0",121,1,0.0083
"15878.0",51,0,0.0000
"17187.0",23,0,0.0000
"16101.0",200,8,0.0400
"16523.0",384,13,0.0339
"16223.0",126,0,0.0000
"17588.0",75,4,0.0533
"14842.0",158,13,0.0823
"16351.0",198,11,0.0556
"16311.0",37,0,0.0000
"14466.0",216,0,0.0000
"15284.0",1,0,0.0000
"15239.0",52,3,0.0577
"16806.0",103,0,0.0000
"12444.0",177,0,0.0000
"14249.0",291,0,0.0000
"12527.0",32,0,0.0000
"15840.0",28,1,0.0357
"12465.0",51,4,0.0784
"14554.0",216,0,0.0000
"13246.0",385,6,0.0156
"15711.0",25,0,0.0000
"14561.0",69,0,0.0000
"16463.0",85,3,0.0353
"17751.0",32,0,0.0000
"13697.0",12,0,0.0000
"13532.0",66,0,0.0000
"15656.0",47,0,0.0000
"17152.0",18,2,0.1111
"12382.0",1,1,1.0000
"16268.0",45,0,0.0000
"12941.0",27,0,0.0000
"17422.0",233,28,0.1202
"12759.0",302,0,0.0000
"15831.0",69,1,0.0145
"13146.0",17,0,0.0000
"14397.0",95,8,0.0842
"15709.0",27,0,0.0000
"13419.0",16,0,0.0000
"16488.0",31,2,0.0645
"12354.0",58,0,0.0000
"13465.0",34,0,0.0000
"16038.0",28,2,0.0714
"15114.0",231,0,0.0000
"17249.0",27,0,0.0000
"15811.0",316,6,0.0190
"12762.0",69,0,0.0000
"17250.0",57,0,0.0000
"17409.0",104,0,0.0000
"14083.0",255,0,0.0000
"15082.0",6,0,0.0000
"12856.0",317,3,0.0095
"18107.0",39,0,0.0000
"15148.0",20,0,0.0000
"15883.0",49,0,0.0000
"13794.0",9,0,0.0000
"17374.0",43,1,0.0233
"16771.0",412,0,0.0000
"17406.0",269,10,0.0372
"16960.0",471,1,0.0021
"15934.0",29,0,0.0000
"15029.0",11,1,0.0909
"14107.0",239,3,0.0126
"13647.0",141,1,0.0071
"17965.0",864,9,0.0104
"16559.0",18,0,0.0000
"15815.0",49,0,0.0000
"12450.0",40,3,0.0750
"13852.0",13,2,0.1538
"18154.0",47,0,0.0000
"16992.0",288,3,0.0104
"14388.0",428,14,0.0327
"13413.0",45,2,0.0444
"18287.0",156,1,0.0064
"12407.0",77,0,0.0000
"16476.0",26,2,0.0769
"17648.0",126,1,0.0079
"13101.0",51,0,0.0000
"14361.0",14,0,0.0000
"15948.0",95,0,0.0000
"14626.0",237,5,0.0211
"15833.0",5,0,0.0000
"12898.0",32,0,0.0000
"15705.0",6,0,0.0000
"16452.0",18,0,0.0000
"17664.0",80,0,0.0000
"17035.0",37,4,0.1081
"15619.0",3,0,0.0000
"16224.0",116,0,0.0000
"13615.0",376,9,0.0239
"15580.0",258,29,0.1124
"16195.0",16,0,0.0000
"15443.0",651,5,0.0077
"16428.0",137,1,0.0073
"15540.0",31,0,0.0000
"13560.0",33,0,0.0000
"12659.0",5,0,0.0000
"16479.0",35,0,0.0000
"14305.0",110,5,0.0455
"18005.0",60,0,0.0000
"16710.0",987,1,0.0010
"15442.0",2,0,0.0000
"16159.0",53,1,0.0189
"16267.0",7,0,0.0000
"15303.0",71,2,0.0282
"14940.0",32,0,0.0000
"14124.0",5,0,0.0000
"12827.0",25,0,0.0000
"17000.0",30,0,0.0000
"18206.0",19,0,0.0000
"14425.0",41,2,0.0488
"15636.0",57,0,0.0000
"13044.0",421,2,0.0048
"15056.0",7,0,0.0000
"18159.0",23,0,0.0000
"14968.0",85,0,0.0000
"16051.0",12,0,0.0000
"17067.0",13,0,0.0000
"17383.0",53,0,0.0000
"14707.0",2,0,0.0000
"14096.0",5128,17,0.0033
"14385.0",14,0,0.0000
"17633.0",103,2,0.0194
"12661.0",11,0,0.0000
"12753.0",230,33,0.1435
"13760.0",120,1,0.0083
"13371.0",95,3,0.0316
"14976.0",73,1,0.0137
"14490.0",80,0,0.0000
"17149.0",6,0,0.0000
"14617.0",9,0,0.0000
"17478.0",40,0,0.0000
"14329.0",572,19,0.0332
"13154.0",97,4,0.0412
"15694.0",163,8,0.0491
"13350.0",43,3,0.0698
"16158.0",36,1,0.0278
"14432.0",382,0,0.0000
"13055.0",158,4,0.0253
"18034.0",225,0,0.0000
"12976.0",154,0,0.0000
"18201.0",27,0,0.0000
"14678.0",25,1,0.0400
"15319.0",16,0,0.0000
"14735.0",381,15,0.0394
"13423.0",12,0,0.0000
"15036.0",127,0,0.0000
"13853.0",24,1,0.0417
"14685.0",204,9,0.0441
"14731.0",45,0,0.0000
"13916.0",75,1,0.0133
"17663.0",249,11,0.0442
"13262.0",50,0,0.0000
"17104.0",19,0,0.0000
"16283.0",604,11,0.0182
"13124.0",298,0,0.0000
"14224.0",238,0,0.0000
"16856.0",19,0,0.0000
"18087.0",95,7,0.0737
"16236.0",20,0,0.0000
"13905.0",15,3,0.2000
"14105.0",293,14,0.0478
"16594.0",53,0,0.0000
"15304.0",32,3,0.0938
"17939.0",12,0,0.0000
"16664.0",8,0,0.0000
"17719.0",278,4,0.0144
"14857.0",218,5,0.0229
"15722.0",197,16,0.0812
"16699.0",63,1,0.0159
"14996.0",41,0,0.0000
"12662.0",411,5,0.0122
"16751.0",25,0,0.0000
"18009.0",188,7,0.0372
"17627.0",11,1,0.0909
"17425.0",43,0,0.0000
"14476.0",19,0,0.0000
"15783.0",14,0,0.0000
"16170.0",452,12,0.0265
"12699.0",41,0,0.0000
"15433.0",53,12,0.2264
"18014.0",32,0,0.0000
"15649.0",12,0,0.0000
"15817.0",152,0,0.0000
"15502.0",418,57,0.1364
"17747.0",2,1,0.5000
"16273.0",16,0,0.0000
"14021.0",90,0,0.0000
"15431.0",2,0,0.0000
"17539.0",152,3,0.0197
"15169.0",59,0,0.0000
"13456.0",65,2,0.0308
"12372.0",52,0,0.0000
"17968.0",220,0,0.0000
"16290.0",131,0,0.0000
"17753.0",73,1,0.0137
"14133.0",38,2,0.0526
"18276.0",99,5,0.0505
"17026.0",8,0,0.0000
"16430.0",28,0,0.0000
"16194.0",8,0,0.0000
"13631.0",12,1,0.0833
"15632.0",177,10,0.0565
"12940.0",103,4,0.0388
"17420.0",59,2,0.0339
"17010.0",12,1,0.0833
"15920.0",108,0,0.0000
"12404.0",1,0,0.0000
"15538.0",33,19,0.5758
"16324.0",118,0,0.0000
"12658.0",36,0,0.0000
"13542.0",340,3,0.0088
"15738.0",501,5,0.0100
"13934.0",31,0,0.0000
"15041.0",107,0,0.0000
"13467.0",99,0,0.0000
"12796.0",7,0,0.0000
"17685.0",215,2,0.0093
"17241.0",171,0,0.0000
"13358.0",29,0,0.0000
"13886.0",16,0,0.0000
"15810.0",193,27,0.1399
"14410.0",487,93,0.1910
"13743.0",42,1,0.0238
"17159.0",131,1,0.0076
"13792.0",23,0,0.0000
"12804.0",67,0,0.0000
"15906.0",207,4,0.0193
"17743.0",5,2,0.4000
"18176.0",33,3,0.0909
"14570.0",68,0,0.0000
"18179.0",109,0,0.0000
"13809.0",25,0,0.0000
"16055.0",8,0,0.0000
"16169.0",85,0,0.0000
"17853.0",106,0,0.0000
"13974.0",45,2,0.0444
"12475.0",61,0,0.0000
"18215.0",91,1,0.0110
"13202.0",70,1,0.0143
"17115.0",129,9,0.0698
"14773.0",11,1,0.0909
"15877.0",131,2,0.0153
"16178.0",25,0,0.0000
"15044.0",933,18,0.0193
"16692.0",5,0,0.0000
"15487.0",14,0,0.0000
"12481.0",395,4,0.0101
"13558.0",175,0,0.0000
"13211.0",209,3,0.0144
"15940.0",3,2,0.6667
"16242.0",691,9,0.0130
"17061.0",101,2,0.0198
"17615.0",60,1,0.0167
"16107.0",31,0,0.0000
"16429.0",2,0,0.0000
"15667.0",13,0,0.0000
"16968.0",31,0,0.0000
"17372.0",672,12,0.0179
"13244.0",27,0,0.0000
"13711.0",103,11,0.1068
"18026.0",17,0,0.0000
"16437.0",21,0,0.0000
"13336.0",51,0,0.0000
"12525.0",77,17,0.2208
"16006.0",82,0,0.0000
"13253.0",75,0,0.0000
"14602.0",31,0,0.0000
"12916.0",186,2,0.0108
"17994.0",318,4,0.0126
"18232.0",40,3,0.0750
"14121.0",161,2,0.0124
"15565.0",8,0,0.0000
"13191.0",59,0,0.0000
"16729.0",668,8,0.0120
"16513.0",35,0,0.0000
"16423.0",18,0,0.0000
"14646.0",3890,36,0.0093
"14036.0",38,0,0.0000
"18056.0",31,1,0.0323
"17986.0",1,0,0.0000
"15980.0",119,2,0.0168
"16501.0",207,0,0.0000
"16651.0",6,0,0.0000
"16756.0",82,3,0.0366
"13713.0",82,0,0.0000
"16995.0",2,2,1.0000
"17075.0",203,3,0.0148
"16371.0",11,0,0.0000
"13481.0",228,4,0.0175
"14668.0",12,0,0.0000
"17030.0",11,0,0.0000
"13236.0",39,3,0.0769
"16999.0",23,0,0.0000
"12889.0",27,2,0.0741
"15297.0",41,2,0.0488
"13776.0",8,6,0.7500
"17153.0",14,0,0.0000
"12723.0",69,0,0.0000
"13447.0",62,3,0.0484
"16392.0",149,0,0.0000
"14693.0",76,1,0.0132
"18117.0",74,0,0.0000
"18023.0",1,1,1.0000
"16142.0",37,0,0.0000
"12774.0",6,0,0.0000
"16689.0",16,3,0.1875
"12482.0",207,3,0.0145
"13740.0",95,0,0.0000
"12611.0",65,0,0.0000
"14993.0",10,0,0.0000
"16483.0",19,0,0.0000
"13879.0",25,0,0.0000
"12979.0",57,1,0.0175
"14302.0",28,0,0.0000
"15786.0",482,16,0.0332
"17916.0",19,0,0.0000
"17938.0",29,0,0.0000
"16204.0",111,1,0.0090
"15510.0",1,0,0.0000
"14653.0",386,0,0.0000
"14441.0",165,11,0.0667
"18106.0",196,0,0.0000
"14027.0",6,0,0.0000
"13406.0",10,1,0.1000
"15518.0",464,9,0.0194
"12350.0",17,0,0.0000
"17634.0",297,0,0.0000
"14946.0",3,0,0.0000
"15480.0",217,2,0.0092
"18225.0",604,25,0.0414
"17020.0",69,0,0.0000
"16303.0",293,7,0.0239
"16258.0",345,1,0.0029
"14004.0",241,0,0.0000
"13095.0",6,0,0.0000
"12925.0",50,0,0.0000
"14562.0",634,23,0.0363
"18100.0",30,0,0.0000
"16225.0",307,5,0.0163
"12836.0",418,4,0.0096
"18216.0",26,0,0.0000
"17813.0",378,7,0.0185
"12392.0",7,0,0.0000
"13605.0",53,0,0.0000
"17717.0",26,0,0.0000
"17458.0",86,0,0.0000
"16368.0",98,0,0.0000
"16465.0",49,1,0.0204
"16010.0",300,1,0.0033
"14423.0",16,1,0.0625
"15213.0",25,1,0.0400
"17440.0",9,3,0.3333
"16929.0",77,0,0.0000
"17587.0",43,0,0.0000
"12865.0",196,1,0.0051
"18196.0",281,0,0.0000
"12493.0",23,1,0.0435
"17474.0",6,0,0.0000
"14933.0",5,1,0.2000
"15871.0",5,0,0.0000
"18243.0",26,0,0.0000
"12758.0",317,4,0.0126
"18088.0",39,0,0.0000
"16897.0",44,7,0.1591
"16908.0",21,1,0.0476
"13955.0",87,0,0.0000
"15370.0",145,1,0.0069
"17111.0",49,0,0.0000
"17349.0",94,0,0.0000
"16693.0",174,0,0.0000
"13225.0",127,2,0.0157
"17767.0",39,0,0.0000
"17611.0",1133,9,0.0079
"17354.0",104,0,0.0000
"16341.0",169,11,0.0651
"16190.0",119,0,0.0000
"12851.0",80,0,0.0000
"15478.0",71,0,0.0000
"12706.0",1,1,1.0000
"14159.0",1885,11,0.0058
"16379.0",109,1,0.0092
"17398.0",38,0,0.0000
"16406.0",162,2,0.0123
"17228.0",358,0,0.0000
"15682.0",26,1,0.0385
"16285.0",31,0,0.0000
"12536.0",273,12,0.0440
"14748.0",220,29,0.1318
"15202.0",8,5,0.6250
"18115.0",3,0,0.0000
"14474.0",133,1,0.0075
"14639.0",295,3,0.0102
"15745.0",65,3,0.0462
"17088.0",115,0,0.0000
"17686.0",429,0,0.0000
"14317.0",24,0,0.0000
"16967.0",21,0,0.0000
"17070.0",105,0,0.0000
"14514.0",341,1,0.0029
"13307.0",15,0,0.0000
"14708.0",54,1,0.0185
"14457.0",4,0,0.0000
"14216.0",79,2,0.0253
"14539.0",32,0,0.0000
"13014.0",242,17,0.0702
"15343.0",21,0,0.0000
"13248.0",26,0,0.0000
"14247.0",118,1,0.0085
"17582.0",125,1,0.0080
"12494.0",122,11,0.0902
"17375.0",88,2,0.0227
"13108.0",45,0,0.0000
"14607.0",240,31,0.1292
"13218.0",5,0,0.0000
"18224.0",10,0,0.0000
"14686.0",236,1,0.0042
"16517.0",17,0,0.0000
"13196.0",190,2,0.0105
"14689.0",13,0,0.0000
"14386.0",7,0,0.0000
"15038.0",287,3,0.0105
"16662.0",29,0,0.0000
"17017.0",449,25,0.0557
"17908.0",280,3,0.0107
"16233.0",81,6,0.0741
"14790.0",145,0,0.0000
"17576.0",935,7,0.0075
"16879.0",2,2,1.0000
"16046.0",22,0,0.0000
"15228.0",235,1,0.0043
"13709.0",418,10,0.0239
"17352.0",5,0,0.0000
"13443.0",205,1,0.0049
"15288.0",181,0,0.0000
"13001.0",1031,5,0.0048
"16281.0",40,1,0.0250
"15330.0",13,0,0.0000
"14064.0",252,8,0.0317
"12899.0",17,0,0.0000
"16047.0",1,0,0.0000
"14910.0",35,5,0.1429
"15560.0",10,0,0.0000
"15278.0",29,0,0.0000
"13018.0",606,3,0.0050
"12848.0",16,0,0.0000
"15314.0",51,1,0.0196
"13141.0",431,6,0.0139
"13928.0",27,0,0.0000
"15251.0",246,16,0.0650
"14944.0",310,7,0.0226
"17759.0",138,0,0.0000
"12533.0",90,18,0.2000
"15654.0",21,0,0.0000
"16262.0",50,4,0.0800
"15690.0",19,0,0.0000
"12724.0",129,0,0.0000
"13328.0",17,0,0.0000
"18098.0",88,0,0.0000
"15590.0",88,1,0.0114
"13147.0",4,0,0.0000
"13396.0",47,4,0.0851
"15340.0",7,0,0.0000
"17360.0",241,1,0.0041
"18173.0",45,0,0.0000
"17110.0",51,0,0.0000
"16826.0",22,0,0.0000
"13426.0",345,2,0.0058
"17169.0",85,10,0.1176
"12378.0",301,0,0.0000
"15390.0",77,0,0.0000
"17419.0",320,2,0.0063
"13667.0",87,0,0.0000
"15942.0",14,0,0.0000
"13984.0",94,1,0.0106
"16595.0",474,0,0.0000
"18235.0",104,0,0.0000
"16963.0",7,0,0.0000
"13884.0",194,4,0.0206
"17215.0",11,0,0.0000
"17919.0",40,0,0.0000
"14315.0",137,4,0.0292
"16180.0",347,20,0.0576
"13627.0",132,3,0.0227
"16168.0",322,13,0.0404
"17157.0",143,2,0.0140
"12492.0",42,0,0.0000
"16237.0",7,0,0.0000
"15135.0",21,1,0.0476
"15394.0",229,2,0.0087
"18181.0",184,2,0.0109
"16794.0",520,2,0.0038
"17844.0",5,0,0.0000
"13930.0",17,0,0.0000
"14061.0",19,0,0.0000
"13536.0",179,0,0.0000
"13858.0",11,0,0.0000
"14766.0",349,9,0.0258
"13488.0",731,7,0.0096
"14051.0",344,10,0.0291
"14513.0",25,6,0.2400
"16334.0",58,0,0.0000
"12601.0",35,1,0.0286
"16284.0",139,0,0.0000
"17835.0",61,0,0.0000
"15372.0",60,3,0.0500
"12817.0",25,0,0.0000
"16201.0",128,4,0.0313
"17740.0",9,0,0.0000
"15112.0",7,0,0.0000
"15127.0",28,0,0.0000
"12775.0",82,1,0.0122
"17988.0",124,1,0.0081
"15039.0",2810,18,0.0064
"17693.0",18,2,0.1111
"17476.0",34,3,0.0882
"17703.0",78,0,0.0000
"12858.0",50,1,0.0200
"17314.0",286,30,0.1049
"13728.0",164,0,0.0000
"12485.0",34,0,0.0000
"12626.0",307,13,0.0423
"12670.0",117,2,0.0171
"15245.0",148,0,0.0000
"14823.0",70,0,0.0000
"14025.0",102,2,0.0196
"17086.0",96,0,0.0000
"17519.0",224,2,0.0089
"17137.0",176,0,0.0000
"13939.0",113,3,0.0265
"16850.0",19,0,0.0000
"15226.0",8,0,0.0000
"17897.0",348,2,0.0057
"17906.0",12,0,0.0000
"12678.0",381,5,0.0131
"16712.0",530,0,0.0000
"13000.0",65,3,0.0462
"16239.0",37,2,0.0541
"16323.0",4,0,0.0000
"17151.0",4,0,0.0000
"16027.0",38,3,0.0789
"15598.0",38,2,0.0526
"14175.0",369,38,0.1030
"14453.0",22,0,0.0000
"15227.0",120,0,0.0000
"17038.0",63,0,0.0000
"18094.0",131,5,0.0382
"16813.0",449,0,0.0000
"13063.0",12,0,0.0000
"12959.0",9,1,0.1111
"14131.0",52,0,0.0000
"13247.0",25,0,0.0000
"17025.0",42,0,0.0000
"12384.0",30,3,0.1000
"16643.0",58,3,0.0517
"17672.0",211,5,0.0237
"17758.0",536,0,0.0000
"17219.0",50,0,0.0000
"12416.0",11,0,0.0000
"16393.0",814,28,0.0344
"14930.0",285,6,0.0211
"17504.0",359,13,0.0362
"14497.0",42,2,0.0476
"17113.0",172,13,0.0756
"12896.0",1,1,1.0000
"17531.0",65,7,0.1077
"15723.0",129,0,0.0000
"15060.0",121,0,0.0000
"12703.0",84,10,0.1190
"14992.0",27,0,0.0000
"16519.0",42,0,0.0000
"15644.0",238,0,0.0000
"13944.0",35,0,0.0000
"12512.0",34,0,0.0000
"14344.0",243,0,0.0000
"13357.0",399,0,0.0000
"14166.0",53,0,0.0000
"17269.0",146,0,0.0000
"16820.0",26,0,0.0000
"13131.0",151,2,0.0132
"13138.0",100,1,0.0100
"13093.0",1111,61,0.0549
"16235.0",122,7,0.0574
"14143.0",7,0,0.0000
"17956.0",1,0,0.0000
"13190.0",18,1,0.0556
"17060.0",5,0,0.0000
"12984.0",4,0,0.0000
"13382.0",86,0,0.0000
"14375.0",216,0,0.0000
"14856.0",66,0,0.0000
"16922.0",122,0,0.0000
"17714.0",85,4,0.0471
"12457.0",93,8,0.0860
"13437.0",167,0,0.0000
"17131.0",134,0,0.0000
"14925.0",1,1,1.0000
"18101.0",112,0,0.0000
"16296.0",83,9,0.1084
"16263.0",24,0,0.0000
"16542.0",14,0,0.0000
"15042.0",9,0,0.0000
"17934.0",41,0,0.0000
"17119.0",38,3,0.0789
"12933.0",300,4,0.0133
"17173.0",87,1,0.0115
"14765.0",39,0,0.0000
"13683.0",10,0,0.0000
"15474.0",20,0,0.0000
"18058.0",16,0,0.0000
"14967.0",30,1,0.0333
"17889.0",122,0,0.0000
"15823.0",175,19,0.1086
"14480.0",66,1,0.0152
"17787.0",165,0,0.0000
"16487.0",35,0,0.0000
"16743.0",377,2,0.0053
"17043.0",205,0,0.0000
"16439.0",9,0,0.0000
"18264.0",36,0,0.0000
"17179.0",158,0,0.0000
"14697.0",22,0,0.0000
"17731.0",115,16,0.1391
"17424.0",1,1,1.0000
"15118.0",1,0,0.0000
"16953.0",1,0,0.0000
"17976.0",130,0,0.0000
"17668.0",15,0,0.0000
"14263.0",16,0,0.0000
"17829.0",172,1,0.0058
"15848.0",35,0,0.0000
"14781.0",1,1,1.0000
"13672.0",28,10,0.3571
"15666.0",67,0,0.0000
"16722.0",423,4,0.0095
"14880.0",47,0,0.0000
"14507.0",277,10,0.0361
"14511.0",71,3,0.0423
"12463.0",88,5,0.0568
"16714.0",120,4,0.0333
"13765.0",17,0,0.0000
"14299.0",371,31,0.0836
"15183.0",39,1,0.0256
"17837.0",172,3,0.0174
"14212.0",21,0,0.0000
"15992.0",54,0,0.0000
"16932.0",144,0,0.0000
"14506.0",472,0,0.0000
"12926.0",274,0,0.0000
"16730.0",84,2,0.0238
"15119.0",14,0,0.0000
"16704.0",58,0,0.0000
"14531.0",29,0,0.0000
"17459.0",111,0,0.0000
"13613.0",59,0,0.0000
"15001.0",54,0,0.0000
"15123.0",183,0,0.0000
"12579.0",31,2,0.0645
"17923.0",3,0,0.0000
"14587.0",384,1,0.0026
"13940.0",49,0,0.0000
"17774.0",414,4,0.0097
"13587.0",33,3,0.0909
"14591.0",197,0,0.0000
"16539.0",152,0,0.0000
"17158.0",115,2,0.0174
"16686.0",1109,3,0.0027
"14285.0",62,1,0.0161
"12790.0",40,3,0.0750
"14465.0",200,0,0.0000
"17023.0",49,0,0.0000
"13143.0",24,1,0.0417
"13831.0",191,4,0.0209
"14893.0",110,4,0.0364
"13872.0",61,4,0.0656
"14667.0",1375,13,0.0095
"18086.0",7,0,0.0000
"15101.0",64,6,0.0938
"15454.0",41,0,0.0000
"13171.0",48,2,0.0417
"15305.0",5,0,0.0000
"14200.0",21,0,0.0000
"13076.0",9,0,0.0000
"18189.0",88,2,0.0227
"17418.0",42,0,0.0000
"12665.0",21,4,0.1905
"17831.0",2,0,0.0000
"13725.0",118,14,0.1186
"16060.0",24,0,0.0000
"14135.0",257,1,0.0039
"17135.0",161,1,0.0062
"13859.0",36,0,0.0000
"14044.0",852,1,0.0012
"16975.0",47,2,0.0426
"13633.0",1,1,1.0000
"14260.0",51,0,0.0000
"17954.0",785,14,0.0178
"13691.0",54,0,0.0000
"17091.0",480,6,0.0125
"13228.0",2,0,0.0000
"14641.0",7,0,0.0000
"12918.0",3,2,0.6667
"15346.0",38,1,0.0263
"17384.0",20,0,0.0000
"18080.0",2,0,0.0000
"15290.0",301,9,0.0299
"14331.0",28,0,0.0000
"16945.0",476,2,0.0042
"17498.0",17,0,0.0000
"14746.0",9,0,0.0000
"14042.0",21,0,0.0000
"14677.0",14,0,0.0000
"15902.0",18,0,0.0000
"13195.0",52,0,0.0000
"14824.0",162,4,0.0247
"12675.0",115,2,0.0174
"16449.0",43,3,0.0698
"15958.0",74,0,0.0000
"15570.0",794,8,0.0101
"15470.0",4,0,0.0000
"17328.0",6,0,0.0000
"14728.0",14,0,0.0000
"15409.0",12,3,0.2500
"15847.0",48,0,0.0000
"15945.0",30,0,0.0000
"12572.0",62,2,0.0323
"13342.0",2,2,1.0000
"17280.0",6,0,0.0000
"17571.0",353,0,0.0000
"12831.0",22,0,0.0000
"14231.0",73,4,0.0548
"16108.0",143,8,0.0559
"13692.0",99,3,0.0303
"16580.0",2,2,1.0000
"14234.0",159,0,0.0000
"14683.0",21,0,0.0000
"12846.0",1,0,0.0000
"12813.0",45,0,0.0000
"13869.0",860,0,0.0000
"13277.0",23,0,0.0000
"13329.0",132,7,0.0530
"17796.0",225,0,0.0000
"13545.0",59,2,0.0339
"12419.0",25,0,0.0000
"14752.0",5,0,0.0000
"13793.0",7,0,0.0000
"13020.0",42,3,0.0714
"13531.0",90,0,0.0000
"14512.0",80,0,0.0000
"18234.0",30,0,0.0000
"14142.0",70,4,0.0571
"12431.0",413,7,0.0169
"13157.0",253,2,0.0079
"14963.0",495,2,0.0040
"13163.0",4,2,0.5000
"17191.0",576,1,0.0017
"13689.0",9,0,0.0000
"15724.0",20,3,0.1500
"14994.0",320,10,0.0313
"17245.0",25,0,0.0000
"16998.0",8,2,0.2500
"12761.0",27,0,0.0000
"13293.0",73,1,0.0137
"13516.0",61,0,0.0000
"17800.0",104,0,0.0000
"17679.0",105,24,0.2286
"15704.0",209,2,0.0096
"14086.0",1,0,0.0000
"12854.0",275,10,0.0364
"17009.0",11,0,0.0000
"13299.0",66,4,0.0606
"14496.0",114,3,0.0263
"17744.0",152,1,0.0066
"12436.0",16,0,0.0000
"16558.0",804,24,0.0299
"16861.0",53,4,0.0755
"15691.0",15,1,0.0667
"13877.0",25,2,0.0800
"17745.0",28,0,0.0000
"13932.0",16,0,0.0000
"18183.0",44,7,0.1591
"12907.0",29,4,0.1379
"12393.0",112,5,0.0446
"18091.0",25,0,0.0000
"14699.0",50,0,0.0000
"14112.0",358,32,0.0894
"13972.0",15,0,0.0000
"17741.0",6,0,0.0000
"14191.0",271,6,0.0221
"17623.0",196,0,0.0000
"18128.0",45,0,0.0000
"18078.0",77,0,0.0000
"12990.0",27,0,0.0000
"14252.0",10,0,0.0000
"17873.0",188,9,0.0479
"14290.0",172,21,0.1221
"12998.0",61,3,0.0492
"15569.0",142,0,0.0000
"16830.0",78,3,0.0385
"13694.0",1558,33,0.0212
"17596.0",559,2,0.0036
"15572.0",356,0,0.0000
"14163.0",58,0,0.0000
"15121.0",28,0,0.0000
"16838.0",61,2,0.0328
"14244.0",20,4,0.2000
"16186.0",532,7,0.0132
"18257.0",288,12,0.0417
"15546.0",18,6,0.3333
"15043.0",52,0,0.0000
"15415.0",48,0,0.0000
"14286.0",510,11,0.0216
"12944.0",30,0,0.0000
"16507.0",43,0,0.0000
"14627.0",39,10,0.2564
"15602.0",141,12,0.0851
"15788.0",15,1,0.0667
"13477.0",160,2,0.0125
"13375.0",72,1,0.0139
"17691.0",53,1,0.0189
"15291.0",267,21,0.0787
"14491.0",21,0,0.0000
"16049.0",501,0,0.0000
"17933.0",14,0,0.0000
"13715.0",540,6,0.0111
"13616.0",37,0,0.0000
"14287.0",11,2,0.1818
"14367.0",533,9,0.0169
"15499.0",42,0,0.0000
"17660.0",89,0,0.0000
"12607.0",202,101,0.5000
"13123.0",45,0,0.0000
"12504.0",26,6,0.2308
"15133.0",49,0,0.0000
"14710.0",442,0,0.0000
"15294.0",17,2,0.1176
"17645.0",1,1,1.0000
"14624.0",51,0,0.0000
"13802.0",457,9,0.0197
"12398.0",85,0,0.0000
"15821.0",62,0,0.0000
"12843.0",230,9,0.0391
"16526.0",35,0,0.0000
"17177.0",29,0,0.0000
"14550.0",98,0,0.0000
"14266.0",1,0,0.0000
"14546.0",834,39,0.0468
"18202.0",68,0,0.0000
"13636.0",64,1,0.0156
"14883.0",54,1,0.0185
"17942.0",2,0,0.0000
"15850.0",334,0,0.0000
"16631.0",81,1,0.0123
"14235.0",149,1,0.0067
"14018.0",13,0,0.0000
"17457.0",72,8,0.1111
"13029.0",17,0,0.0000
"17508.0",232,1,0.0043
"13899.0",19,0,0.0000
"14651.0",288,0,0.0000
"16742.0",112,3,0.0268
"15108.0",61,1,0.0164
"16530.0",3,0,0.0000
"15018.0",37,1,0.0270
"12401.0",5,0,0.0000
"13653.0",9,0,0.0000
"18185.0",17,0,0.0000
"12963.0",197,7,0.0355
"17429.0",99,4,0.0404
"13024.0",34,3,0.0882
"16456.0",416,1,0.0024
"15150.0",576,1,0.0017
"14158.0",41,0,0.0000
"16309.0",44,2,0.0455
"16019.0",420,15,0.0357
"14839.0",74,0,0.0000
"16403.0",15,5,0.3333
"17211.0",380,3,0.0079
"15522.0",57,0,0.0000
"12906.0",63,0,0.0000
"18042.0",16,0,0.0000
"15839.0",65,3,0.0462
"14596.0",57,0,0.0000
"16328.0",16,0,0.0000
"14328.0",3,2,0.6667
"15459.0",7,0,0.0000
"13052.0",253,0,0.0000
"15917.0",155,0,0.0000
"16815.0",74,0,0.0000
"17822.0",176,0,0.0000
"15206.0",9,0,0.0000
"15321.0",329,20,0.0608
"16808.0",23,0,0.0000
"17692.0",164,2,0.0122
"16219.0",1,0,0.0000
"13013.0",557,3,0.0054
"12971.0",429,4,0.0093
"16948.0",43,0,0.0000
"12644.0",123,12,0.0976
"12469.0",76,0,0.0000
"14917.0",29,0,0.0000
"14450.0",76,0,0.0000
"16299.0",13,1,0.0769
"15916.0",342,15,0.0439
"16469.0",205,0,0.0000
"15085.0",9,0,0.0000
"18030.0",10,1,0.1000
"13109.0",74,4,0.0541
"15172.0",110,0,0.0000
"14267.0",68,13,0.1912
"13638.0",8,0,0.0000
"16500.0",35,1,0.0286
"15887.0",37,0,0.0000
"16964.0",6,0,0.0000
"16505.0",4,0,0.0000
"16791.0",705,7,0.0099
"17726.0",65,1,0.0154
"13379.0",97,0,0.0000
"16994.0",1,1,1.0000
"17600.0",13,0,0.0000
"17885.0",64,0,0.0000
"17896.0",2,0,0.0000
"17662.0",15,0,0.0000
"12583.0",471,5,0.0106
"16218.0",186,22,0.1183
"14519.0",39,0,0.0000
"18119.0",60,0,0.0000
"15338.0",60,0,0.0000
"17231.0",1252,15,0.0120
"15911.0",261,2,0.0077
"14189.0",328,12,0.0366
"12924.0",76,2,0.0263
"17982.0",13,0,0.0000
"15760.0",5,3,0.6000
"16100.0",37,0,0.0000
"16598.0",11,1,0.0909
"17225.0",5,0,0.0000
"15341.0",25,1,0.0400
"14981.0",24,2,0.0833
"17643.0",39,0,0.0000
"16164.0",35,1,0.0286
"12904.0",72,0,0.0000
"17793.0",58,0,0.0000
"14973.0",32,0,0.0000
"14844.0",279,2,0.0072
"16293.0",246,5,0.0203
"16136.0",48,2,0.0417
"14542.0",5,0,0.0000
"16613.0",30,0,0.0000
"16048.0",46,2,0.0435
"17763.0",20,6,0.3000
"13763.0",53,3,0.0566
"17278.0",17,0,0.0000
"14014.0",76,0,0.0000
"16412.0",136,0,0.0000
"14551.0",82,2,0.0244
"17146.0",309,6,0.0194
"12434.0",74,4,0.0541
"16880.0",187,0,0.0000
"14383.0",59,0,0.0000
"13280.0",211,1,0.0047
"14808.0",256,21,0.0820
"14972.0",20,0,0.0000
"13948.0",25,1,0.0400
"16147.0",140,4,0.0286
"14761.0",24,0,0.0000
"14548.0",113,0,0.0000
"13637.0",101,0,0.0000
"14016.0",450,2,0.0044
"14791.0",19,0,0.0000
"15477.0",2,0,0.0000
"14057.0",461,7,0.0152
"13313.0",191,4,0.0209
"12935.0",260,6,0.0231
"14167.0",121,0,0.0000
"12375.0",18,1,0.0556
"15720.0",155,0,0.0000
"13116.0",31,1,0.0323
"17382.0",18,0,0.0000
"14755.0",484,9,0.0186
"12422.0",176,4,0.0227
"17979.0",147,1,0.0068
"13270.0",2,0,0.0000
"15292.0",25,0,0.0000
"14613.0",1,0,0.0000
"16536.0",56,1,0.0179
"18116.0",574,0,0.0000
"14782.0",6,0,0.0000
"17512.0",199,2,0.0101
"14662.0",253,0,0.0000
"15444.0",219,0,0.0000
"16274.0",134,0,0.0000
"16453.0",15,0,0.0000
"13460.0",17,0,0.0000
"17164.0",145,1,0.0069
"15855.0",95,0,0.0000
"14313.0",1,1,1.0000
"13975.0",755,3,0.0040
"12400.0",11,0,0.0000
"15818.0",11,0,0.0000
"16061.0",5,2,0.4000
"12958.0",57,0,0.0000
"17959.0",2,0,0.0000
"16250.0",49,0,0.0000
"13104.0",30,0,0.0000
"14804.0",12,0,0.0000
"13360.0",73,7,0.0959
"15440.0",62,0,0.0000
"15441.0",57,0,0.0000
"15521.0",423,18,0.0426
"15492.0",35,0,0.0000
"12991.0",45,0,0.0000
"13845.0",9,0,0.0000
"13839.0",7,0,0.0000
"16512.0",1,1,1.0000
"14834.0",90,3,0.0333
"14902.0",65,6,0.0923
"13181.0",19,0,0.0000
"15122.0",236,8,0.0339
"13561.0",233,0,0.0000
"17577.0",21,0,0.0000
"18043.0",187,0,0.0000
"17172.0",43,4,0.0930
"17210.0",54,0,0.0000
"17421.0",58,0,0.0000
"16824.0",39,0,0.0000
"16141.0",50,0,0.0000
"15516.0",15,0,0.0000
"15701.0",237,0,0.0000
"16355.0",50,2,0.0400
"18272.0",232,6,0.0259
"13452.0",3,0,0.0000
"14078.0",163,0,0.0000
"12875.0",8,0,0.0000
"16261.0",168,0,0.0000
"15991.0",6,0,0.0000
"15246.0",51,0,0.0000
"13105.0",1,0,0.0000
"17886.0",176,1,0.0057
"16887.0",102,0,0.0000
"13766.0",17,0,0.0000
"13410.0",53,3,0.0566
"14458.0",49,0,0.0000
"17866.0",27,1,0.0370
"14392.0",14,0,0.0000
"15276.0",194,4,0.0206
"16079.0",21,0,0.0000
"13399.0",15,0,0.0000
"17715.0",2,0,0.0000
"14499.0",322,3,0.0093
"15790.0",35,0,0.0000
"16740.0",33,0,0.0000
"18171.0",94,2,0.0213
"16667.0",53,0,0.0000
"14268.0",19,0,0.0000
"14869.0",259,9,0.0347
"16270.0",54,0,0.0000
"12624.0",38,0,0.0000
"18121.0",32,0,0.0000
"14340.0",6,0,0.0000
"15841.0",96,4,0.0417
"12379.0",82,1,0.0122
"14694.0",15,0,0.0000
"15826.0",121,2,0.0165
"12877.0",277,0,0.0000
"13540.0",32,0,0.0000
"13121.0",53,3,0.0566
"15265.0",193,0,0.0000
"13291.0",328,0,0.0000
"13868.0",33,0,0.0000
"12415.0",990,62,0.0626
"18003.0",25,0,0.0000
"13209.0",374,8,0.0214
"14568.0",48,1,0.0208
"16854.0",75,0,0.0000
"14828.0",102,1,0.0098
"17335.0",39,0,0.0000
"14295.0",76,4,0.0526
"15568.0",53,0,0.0000
"13850.0",94,1,0.0106
"12629.0",45,0,0.0000
"16160.0",22,2,0.0909
"15000.0",77,0,0.0000
"17140.0",20,0,0.0000
"15157.0",160,8,0.0500
"13509.0",49,0,0.0000
"15083.0",5,0,0.0000
"18075.0",350,27,0.0771
"13718.0",12,0,0.0000
"14721.0",27,0,0.0000
"16655.0",611,1,0.0016
"17502.0",28,0,0.0000
"14675.0",240,0,0.0000
"14236.0",52,2,0.0385
"15597.0",38,1,0.0263
"12411.0",22,0,0.0000
"13856.0",62,8,0.1290
"14732.0",284,7,0.0246
"13702.0",5,0,0.0000
"17059.0",842,1,0.0012
"13749.0",2,2,1.0000
"13088.0",20,0,0.0000
"16554.0",214,47,0.2196
"15798.0",83,0,0.0000
"17313.0",28,4,0.1429
"15300.0",28,0,0.0000
"13221.0",66,0,0.0000
"12520.0",155,3,0.0194
"13492.0",50,0,0.0000
"17162.0",105,1,0.0095
"15494.0",380,1,0.0026
"17509.0",369,3,0.0081
"14931.0",42,1,0.0238
"17048.0",107,6,0.0561
"13700.0",247,4,0.0162
"13913.0",3,0,0.0000
"18184.0",1,0,0.0000
"14322.0",17,4,0.2353
"17728.0",251,7,0.0279
"13249.0",35,0,0.0000
"14720.0",37,0,0.0000
"13778.0",45,1,0.0222
"14890.0",57,0,0.0000
"15426.0",543,9,0.0166
"14155.0",6,0,0.0000
"16402.0",117,0,0.0000
"17171.0",25,0,0.0000
"12908.0",7,2,0.2857
"17214.0",104,1,0.0096
"18070.0",10,1,0.1000
"13998.0",31,0,0.0000
"15653.0",6,0,0.0000
"17613.0",319,7,0.0219
"13092.0",115,10,0.0870
"14117.0",3,0,0.0000
"14630.0",21,0,0.0000
"16982.0",22,0,0.0000
"18160.0",65,0,0.0000
"17287.0",497,2,0.0040
"14319.0",27,1,0.0370
"15949.0",19,0,0.0000
"14950.0",20,1,0.0500
"15915.0",146,0,0.0000
"16511.0",320,0,0.0000
"13017.0",1,0,0.0000
"18089.0",10,0,0.0000
"15952.0",91,0,0.0000
"17851.0",237,0,0.0000
"14095.0",1,0,0.0000
"13222.0",1,0,0.0000
"15554.0",14,0,0.0000
"12682.0",1042,3,0.0029
"17918.0",40,0,0.0000
"15960.0",27,1,0.0370
"13099.0",1,0,0.0000
"14455.0",82,3,0.0366
"17723.0",12,0,0.0000
"13926.0",11,0,0.0000
"17707.0",25,1,0.0400
"17538.0",9,0,0.0000
"13744.0",72,0,0.0000
"12953.0",48,0,0.0000
"12625.0",188,5,0.0266
"17434.0",138,4,0.0290
"15888.0",41,2,0.0488
"12477.0",572,8,0.0140
"18150.0",37,0,0.0000
"16951.0",87,1,0.0115
"18281.0",17,0,0.0000
"15203.0",343,0,0.0000
"12917.0",53,3,0.0566
"12709.0",588,88,0.1497
"14451.0",529,7,0.0132
"16232.0",108,3,0.0278
"16767.0",325,1,0.0031
"15185.0",21,0,0.0000
"17467.0",4,0,0.0000
"15312.0",165,2,0.0121
"14951.0",20,0,0.0000
"12840.0",181,5,0.0276
"14415.0",1301,40,0.0307
"17116.0",47,0,0.0000
"14355.0",71,0,0.0000
"13815.0",361,5,0.0139
"17338.0",1368,6,0.0044
"16420.0",2,0,0.0000
"17099.0",40,0,0.0000
"16535.0",76,0,0.0000
"17097.0",312,2,0.0064
"12839.0",586,10,0.0171
"16760.0",17,0,0.0000
"16028.0",5,0,0.0000
"17621.0",68,2,0.0294
"14178.0",327,0,0.0000
"14262.0",143,0,0.0000
"15144.0",353,4,0.0113
"13891.0",100,0,0.0000
"13315.0",22,0,0.0000
"14098.0",21,0,0.0000
"17401.0",12,0,0.0000
"13183.0",161,5,0.0311
"17011.0",29,1,0.0345
"17699.0",19,0,0.0000
"17846.0",1,0,0.0000
"16354.0",142,0,0.0000
"13971.0",265,10,0.0377
"16909.0",19,1,0.0526
"14431.0",86,5,0.0581
"14802.0",6,4,0.6667
"17818.0",46,0,0.0000
"12791.0",32,2,0.0625
"15534.0",8,0,0.0000
"17820.0",47,5,0.1064
"17521.0",79,1,0.0127
"16342.0",15,0,0.0000
"17330.0",8,0,0.0000
"17899.0",32,0,0.0000
"17042.0",98,0,0.0000
"15504.0",70,1,0.0143
"18207.0",34,3,0.0882
"15326.0",146,17,0.1164
"15196.0",43,0,0.0000
"14477.0",17,3,0.1765
"15293.0",19,0,0.0000
"14071.0",333,9,0.0270
"16817.0",166,15,0.0904
"14402.0",8,0,0.0000
"15721.0",91,0,0.0000
"17275.0",24,0,0.0000
"16366.0",78,0,0.0000
"14357.0",41,0,0.0000
"14327.0",106,0,0.0000
"17178.0",32,0,0.0000
"13520.0",212,7,0.0330
"17107.0",686,12,0.0175
"18118.0",1572,6,0.0038
"14029.0",15,0,0.0000
"17200.0",25,0,0.0000
"17670.0",11,0,0.0000
"14797.0",16,0,0.0000
"18180.0",119,0,0.0000
"14789.0",6,0,0.0000
"13311.0",26,0,0.0000
"16762.0",89,0,0.0000
"15434.0",139,5,0.0360
"17124.0",32,0,0.0000
"14128.0",66,1,0.0152
"16348.0",266,0,0.0000
"15017.0",20,0,0.0000
"15931.0",14,0,0.0000
"17024.0",3,0,0.0000
"17553.0",6,0,0.0000
"16356.0",60,1,0.0167
"16980.0",112,0,0.0000
"17845.0",48,0,0.0000
"13866.0",7,0,0.0000
"15212.0",12,2,0.1667
"17616.0",5,0,0.0000
"12440.0",35,3,0.0857
"14011.0",33,1,0.0303
"13376.0",53,0,0.0000
"16721.0",37,0,0.0000
"13964.0",25,1,0.0400
"17069.0",310,15,0.0484
"14522.0",46,0,0.0000
"12571.0",34,0,0.0000
"12435.0",112,0,0.0000
"13604.0",23,2,0.0870
"12732.0",12,0,0.0000
"12738.0",22,0,0.0000
"17964.0",139,0,0.0000
"15517.0",27,0,0.0000
"12726.0",179,0,0.0000
"17293.0",245,0,0.0000
"15257.0",13,1,0.0769
"16120.0",97,2,0.0206
"16547.0",27,0,0.0000
"17730.0",317,3,0.0095
"13043.0",14,1,0.0714
"13348.0",14,0,0.0000
"16135.0",39,0,0.0000
"17862.0",102,0,0.0000
"16035.0",21,0,0.0000
"14204.0",232,0,0.0000
"13961.0",21,2,0.0952
"17827.0",289,1,0.0035
"14575.0",74,0,0.0000
"12830.0",39,1,0.0256
"15674.0",374,23,0.0615
"12786.0",18,0,0.0000
"12805.0",58,0,0.0000
"16551.0",88,0,0.0000
"13367.0",20,0,0.0000
"13624.0",24,2,0.0833
"13826.0",12,2,0.1667
"13464.0",152,1,0.0066
"13245.0",45,0,0.0000
"16018.0",56,0,0.0000
"18153.0",17,0,0.0000
"12427.0",45,4,0.0889
"14527.0",2837,136,0.0479
"13318.0",20,0,0.0000
"15475.0",29,0,0.0000
"14303.0",22,0,0.0000
"17713.0",76,0,0.0000
"14270.0",29,0,0.0000
"13922.0",33,3,0.0909
"15282.0",27,0,0.0000
"12459.0",23,0,0.0000
"15306.0",163,1,0.0061
"15919.0",192,0,0.0000
"16065.0",435,2,0.0046
"17852.0",110,0,0.0000
"16514.0",1,1,1.0000
"16785.0",35,0,0.0000
"13608.0",36,0,0.0000
"14706.0",28,0,0.0000
"15034.0",770,6,0.0078
"16698.0",5,0,0.0000
"12838.0",427,4,0.0094
"15197.0",66,7,0.1061
"15132.0",52,0,0.0000
"13269.0",503,4,0.0080
"13149.0",86,0,0.0000
"17261.0",46,0,0.0000
"18269.0",15,1,0.0667
"16985.0",247,4,0.0162
"12546.0",70,1,0.0143
"17619.0",77,0,0.0000
"17436.0",21,4,0.1905
"12484.0",484,9,0.0186
"16635.0",25,0,0.0000
"13599.0",442,32,0.0724
"13764.0",376,0,0.0000
"17303.0",53,0,0.0000
"17288.0",295,0,0.0000
"14399.0",196,3,0.0153
"18268.0",71,4,0.0563
"17216.0",14,0,0.0000
"14904.0",144,0,0.0000
"15420.0",56,0,0.0000
"13198.0",322,8,0.0248
"18032.0",5,0,0.0000
"17491.0",183,1,0.0055
"15387.0",20,0,0.0000
"16117.0",90,1,0.0111
"14094.0",48,1,0.0208
"12453.0",43,0,0.0000
"14991.0",21,0,0.0000
"15139.0",13,0,0.0000
"15339.0",232,8,0.0345
"16374.0",358,0,0.0000
"14730.0",501,0,0.0000
"16834.0",48,0,0.0000
"13655.0",123,4,0.0325
"14809.0",18,0,0.0000
"16553.0",298,5,0.0168
"12374.0",83,0,0.0000
"13333.0",55,0,0.0000
"17898.0",50,0,0.0000
"16590.0",33,4,0.1212
"14339.0",27,4,0.1481
"17821.0",6,0,0.0000
"16215.0",14,0,0.0000
"15604.0",17,0,0.0000
"15174.0",34,0,0.0000
"15217.0",28,0,0.0000
"13716.0",21,0,0.0000
"14253.0",12,0,0.0000
"14949.0",30,3,0.1000
"17021.0",48,0,0.0000
"16431.0",83,0,0.0000
"14199.0",20,2,0.1000
"13591.0",102,1,0.0098
"16458.0",383,0,0.0000
"12952.0",80,1,0.0125
"12929.0",9,1,0.1111
"16008.0",254,0,0.0000
"15747.0",221,1,0.0045
"14306.0",48,2,0.0417
"17839.0",56,0,0.0000
"15140.0",113,1,0.0088
"16849.0",8,0,0.0000
"17087.0",12,0,0.0000
"18092.0",152,2,0.0132
"18120.0",17,0,0.0000
"15650.0",37,1,0.0270
"16575.0",1,1,1.0000
"13704.0",135,1,0.0074
"15758.0",9,0,0.0000
"14008.0",33,1,0.0303
"13394.0",423,14,0.0331
"15374.0",10,0,0.0000
"17566.0",152,0,0.0000
"17967.0",115,0,0.0000
"17139.0",819,10,0.0122
"15728.0",16,4,0.2500
"18163.0",38,5,0.1316
"15966.0",32,5,0.1563
"12947.0",120,6,0.0500
"14149.0",40,12,0.3000
"16562.0",34,0,0.0000
"13082.0",134,5,0.0373
"12390.0",32,0,0.0000
"15995.0",111,0,0.0000
"13543.0",47,0,0.0000
"17229.0",47,0,0.0000
"15003.0",350,1,0.0029
"14660.0",30,0,0.0000
"15930.0",21,0,0.0000
"12519.0",42,2,0.0476
"12646.0",45,0,0.0000
"16384.0",81,0,0.0000
"18017.0",4,0,0.0000
"15013.0",355,0,0.0000
"13177.0",30,0,0.0000
"14876.0",13,0,0.0000
"12674.0",91,8,0.0879
"14859.0",67,1,0.0149
"12605.0",82,6,0.0732
"16090.0",20,0,0.0000
"16091.0",18,0,0.0000
"17206.0",7,0,0.0000
"12903.0",41,0,0.0000
"17904.0",39,1,0.0256
"13320.0",155,5,0.0323
"16784.0",160,0,0.0000
"16656.0",157,16,0.1019
"17915.0",35,0,0.0000
"15361.0",10,0,0.0000
"15927.0",17,0,0.0000
"17147.0",147,11,0.0748
"17058.0",62,0,0.0000
"17377.0",1796,20,0.0111
"12734.0",19,0,0.0000
"14573.0",404,6,0.0149
"14164.0",29,0,0.0000
"12542.0",45,6,0.1333
"12464.0",29,0,0.0000
"16435.0",126,0,0.0000
"16075.0",42,1,0.0238
"13365.0",134,6,0.0448
"13816.0",33,5,0.1515
"16944.0",7,0,0.0000
"13354.0",51,0,0.0000
"14330.0",13,0,0.0000
"14838.0",71,0,0.0000
"16399.0",113,0,0.0000
"14528.0",18,0,0.0000
"12642.0",47,0,0.0000
"16708.0",27,0,0.0000
"15547.0",1360,2,0.0015
"17202.0",8,0,0.0000
"14595.0",136,0,0.0000
"14407.0",76,3,0.0395
"16102.0",57,0,0.0000
"12643.0",56,4,0.0714
"14220.0",38,0,0.0000
"13938.0",7,0,0.0000
"16066.0",102,0,0.0000
"14099.0",530,5,0.0094
"13343.0",22,3,0.1364
"17567.0",235,12,0.0511
"15007.0",12,0,0.0000
"17825.0",28,0,0.0000
"13272.0",15,0,0.0000
"17016.0",41,0,0.0000
"16931.0",1001,0,0.0000
"13671.0",76,0,0.0000
"16906.0",225,0,0.0000
"15718.0",18,0,0.0000
"12876.0",171,1,0.0058
"16248.0",7,0,0.0000
"18108.0",49,2,0.0408
"16508.0",45,0,0.0000
"13574.0",103,0,0.0000
"13061.0",10,0,0.0000
"",243007,750,0.0031
"15322.0",90,7,0.0778
"17678.0",29,1,0.0345
"13635.0",167,5,0.0299
"14524.0",328,0,0.0000
"13626.0",46,2,0.0435
"15795.0",131,0,0.0000
"15258.0",34,0,0.0000
"15681.0",103,15,0.1456
"17710.0",20,0,0.0000
"17366.0",136,1,0.0074
"13288.0",12,2,0.1667
"13860.0",77,1,0.0130
"17635.0",75,1,0.0133
"15609.0",18,2,0.1111
"17167.0",79,0,0.0000
"17079.0",2,0,0.0000
"12592.0",84,3,0.0357
"15617.0",42,0,0.0000
"13206.0",584,3,0.0051
"13750.0",77,2,0.0260
"16278.0",60,5,0.0833
"17108.0",9,0,0.0000
"17039.0",44,0,0.0000
"15987.0",196,0,0.0000
"13252.0",22,3,0.1364
"17198.0",173,0,0.0000
"16265.0",340,3,0.0088
"15070.0",34,0,0.0000
"17943.0",1,1,1.0000
"14043.0",43,1,0.0233
"17488.0",18,0,0.0000
"14885.0",32,1,0.0313
"14138.0",47,0,0.0000
"13356.0",42,0,0.0000
"17411.0",85,10,0.1176
"14053.0",9,0,0.0000
"16902.0",44,0,0.0000
"16433.0",34,0,0.0000
"15837.0",52,0,0.0000
"13937.0",55,1,0.0182
"16636.0",73,0,0.0000
"15354.0",7,4,0.5714
"14197.0",20,0,0.0000
"15533.0",86,3,0.0349
"12558.0",22,11,0.5000
"12689.0",72,0,0.0000
"17505.0",102,0,0.0000
"16888.0",54,0,0.0000
"17155.0",73,0,0.0000
"13010.0",12,0,0.0000
"13681.0",57,0,0.0000
"15621.0",18,2,0.1111
"14257.0",241,1,0.0041
"12695.0",59,0,0.0000
"17563.0",35,6,0.1714
"15059.0",603,8,0.0133
"12715.0",21,0,0.0000
"13566.0",374,0,0.0000
"12458.0",84,0,0.0000
"13059.0",205,3,0.0146
"16149.0",30,0,0.0000
"16829.0",27,0,0.0000
"18275.0",19,0,0.0000
"16152.0",29,0,0.0000
"13499.0",45,3,0.0667
"12972.0",85,8,0.0941
"13224.0",109,1,0.0092
"12977.0",59,0,0.0000
"16376.0",128,3,0.0234
"13051.0",4,0,0.0000
"17189.0",123,0,0.0000
"12545.0",50,0,0.0000
"12829.0",20,1,0.0500
"15553.0",56,0,0.0000
"16450.0",44,1,0.0227
"15393.0",44,0,0.0000
"14947.0",54,0,0.0000
"14784.0",27,0,0.0000
"15525.0",261,2,0.0077
"16001.0",39,10,0.2564
"13254.0",4,0,0.0000
"14365.0",51,0,0.0000
"13483.0",10,0,0.0000
"18177.0",101,1,0.0099
"14146.0",491,35,0.0713
"17234.0",14,0,0.0000
"14926.0",4,1,0.2500
"17565.0",30,0,0.0000
"14140.0",67,1,0.0149
"13772.0",577,2,0.0035
"18041.0",963,3,0.0031
"16792.0",102,0,0.0000
"17306.0",75,3,0.0400
"15392.0",145,1,0.0069
"12669.0",102,1,0.0098
"18161.0",94,1,0.0106
"15218.0",410,9,0.0220
"14134.0",180,0,0.0000
"13806.0",10,0,0.0000
"14830.0",40,0,0.0000
"17525.0",26,0,0.0000
"14294.0",23,0,0.0000
"13855.0",77,4,0.0519
"17452.0",1,1,1.0000
"14913.0",247,0,0.0000
"17236.0",158,0,0.0000
"13811.0",14,1,0.0714
"12355.0",35,0,0.0000
"17674.0",38,0,0.0000
"15867.0",1068,9,0.0084
"15832.0",54,0,0.0000
"13493.0",8,0,0.0000
"15146.0",95,4,0.0421
"13078.0",855,54,0.0632
"15629.0",77,0,0.0000
"12868.0",146,0,0.0000
"13113.0",498,105,0.2108
"18210.0",144,0,0.0000
"13950.0",36,1,0.0278
"14556.0",203,0,0.0000
"16713.0",1352,16,0.0118
"15913.0",1,0,0.0000
"14127.0",117,0,0.0000
"12386.0",18,0,0.0000
"13795.0",29,0,0.0000
"16189.0",11,0,0.0000
"16615.0",20,1,0.0500
"16345.0",111,0,0.0000
"13642.0",115,1,0.0087
"14213.0",15,10,0.6667
"13870.0",245,4,0.0163
"16920.0",23,0,0.0000
"17203.0",270,0,0.0000
"14351.0",1,0,0.0000
"17667.0",235,3,0.0128
"18066.0",53,0,0.0000
"17594.0",104,0,0.0000
"15337.0",24,3,0.1250
"13084.0",4,2,0.5000
"15450.0",30,0,0.0000
"16134.0",120,4,0.0333
"15159.0",820,10,0.0122
"17353.0",17,3,0.1765
"17212.0",29,0,0.0000
"15756.0",192,0,0.0000
"13316.0",177,2,0.0113
"14628.0",86,0,0.0000
"15772.0",16,0,0.0000
"12881.0",7,0,0.0000
"14139.0",69,0,0.0000
"16676.0",136,3,0.0221
"15733.0",10,0,0.0000
"15156.0",55,0,0.0000
"12880.0",36,0,0.0000
"17949.0",183,26,0.1421
"14227.0",388,11,0.0284
"16098.0",163,0,0.0000
"15845.0",185,11,0.0595
"17849.0",50,0,0.0000
"17485.0",6,6,1.0000
"14203.0",16,0,0.0000
"18050.0",23,0,0.0000
"13506.0",103,5,0.0485
"15178.0",3,0,0.0000
"14401.0",270,4,0.0148
"12495.0",19,2,0.1053
"13072.0",7,0,0.0000
"15548.0",23,0,0.0000
"15187.0",93,2,0.0215
"14877.0",66,0,0.0000
"13203.0",170,1,0.0059
"13166.0",70,1,0.0143
"14637.0",7,0,0.0000
"15352.0",37,0,0.0000
"12622.0",11,0,0.0000
"16442.0",250,0,0.0000
"12702.0",12,0,0.0000
"16414.0",64,0,0.0000
"13223.0",13,0,0.0000
"15198.0",32,1,0.0313
"16003.0",203,0,0.0000
"12470.0",23,0,0.0000
"17304.0",5,0,0.0000
"13648.0",113,7,0.0619
"17838.0",326,18,0.0552
"17376.0",55,0,0.0000
"17299.0",120,0,0.0000
"12819.0",19,0,0.0000
"16288.0",7,0,0.0000
"14022.0",47,0,0.0000
"14504.0",107,0,0.0000
"14831.0",90,8,0.0889
"12632.0",38,3,0.0789
"13297.0",124,1,0.0081
"15263.0",12,0,0.0000
"17973.0",15,0,0.0000
"13070.0",35,2,0.0571
"18035.0",61,0,0.0000
"15757.0",193,0,0.0000
"13021.0",266,9,0.0338
"16705.0",722,31,0.0429
"13142.0",23,0,0.0000
"14282.0",255,1,0.0039
"16509.0",13,0,0.0000
"17492.0",39,0,0.0000
"18112.0",63,0,0.0000
"18152.0",10,0,0.0000
"18241.0",161,2,0.0124
"13929.0",60,3,0.0500
"14501.0",12,2,0.1667
"18251.0",108,0,0.0000
"15077.0",34,2,0.0588
"13276.0",251,2,0.0080
"12683.0",561,20,0.0357
"12648.0",66,1,0.0152
"17952.0",104,0,0.0000
"14435.0",3,0,0.0000
"14709.0",359,2,0.0056
"16781.0",60,4,0.0667
"14711.0",359,2,0.0056
"12757.0",377,6,0.0159
"17700.0",368,8,0.0217
"15061.0",998,11,0.0110
"15145.0",67,0,0.0000
"12429.0",174,1,0.0057
"14786.0",7,0,0.0000
"16941.0",2,0,0.0000
"17562.0",64,1,0.0156
"12377.0",152,0,0.0000
"16247.0",16,0,0.0000
"14852.0",313,3,0.0096
"17931.0",363,6,0.0165
"16391.0",331,0,0.0000
"13271.0",101,5,0.0495
"12888.0",7,2,0.2857
"14701.0",631,15,0.0238
"13818.0",5,0,0.0000
"15386.0",31,0,0.0000
"16092.0",94,4,0.0426
"15796.0",302,7,0.0232
"18084.0",11,3,0.2727
"16192.0",11,0,0.0000
"17765.0",83,0,0.0000
"18174.0",2,0,0.0000
"14177.0",211,1,0.0047
"14352.0",47,0,0.0000
"15376.0",117,0,0.0000
"13232.0",207,0,0.0000
"16447.0",73,0,0.0000
"13614.0",271,0,0.0000
"13289.0",16,0,0.0000
"18002.0",54,0,0.0000
"17517.0",11,0,0.0000
"15317.0",6,1,0.1667
"16811.0",28,0,0.0000
"13189.0",29,0,0.0000
"17640.0",68,2,0.0294
"17270.0",49,0,0.0000
"16440.0",307,0,0.0000
"15287.0",37,1,0.0270
"14759.0",102,0,0.0000
"16648.0",39,2,0.0513
"14194.0",986,34,0.0345
"12677.0",23,2,0.0870
"18270.0",19,2,0.1053
"12468.0",163,13,0.0798
"13564.0",1318,47,0.0357
"14088.0",686,4,0.0058
"16202.0",126,2,0.0159
"13925.0",45,4,0.0889
"16568.0",5,0,0.0000
"16484.0",26,1,0.0385
"17937.0",43,0,0.0000
"17701.0",24,0,0.0000
"17183.0",76,3,0.0395
"13753.0",80,0,0.0000
"15741.0",12,0,0.0000
"13510.0",302,13,0.0430
"12719.0",42,3,0.0714
"15270.0",197,29,0.1472
"17441.0",21,0,0.0000
"16755.0",336,7,0.0208
"16498.0",16,1,0.0625
"15162.0",16,4,0.2500
"14100.0",26,0,0.0000
"16597.0",7,0,0.0000
"14957.0",29,0,0.0000
"17344.0",70,1,0.0143
"16786.0",1,0,0.0000
"17570.0",2,1,0.5000
"16287.0",42,0,0.0000
"14050.0",54,0,0.0000
"15327.0",10,0,0.0000
"15096.0",11,0,0.0000
"14742.0",34,0,0.0000
"17659.0",208,4,0.0192
"14887.0",6,0,0.0000
"14867.0",141,4,0.0284
"15794.0",15,0,0.0000
"13144.0",6,0,0.0000
"13517.0",143,2,0.0140
"14643.0",65,3,0.0462
"14157.0",90,1,0.0111
"13417.0",82,5,0.0610
"17175.0",64,1,0.0156
"14959.0",61,2,0.0328
"13216.0",5,0,0.0000
"12483.0",148,9,0.0608
"12657.0",56,9,0.1607
"13757.0",8,0,0.0000
"15328.0",8,0,0.0000
"12745.0",23,0,0.0000
"13790.0",45,0,0.0000
"15389.0",6,0,0.0000
"12619.0",105,5,0.0476
"12794.0",45,0,0.0000
"15093.0",346,14,0.0405
"15030.0",35,2,0.0571
"17077.0",1,0,0.0000
"13385.0",35,0,0.0000
"13387.0",73,0,0.0000
"15746.0",29,1,0.0345
"16432.0",8,0,0.0000
"15413.0",27,2,0.0741
"18074.0",56,0,0.0000
"17305.0",9,0,0.0000
"17057.0",50,0,0.0000
"17775.0",3,0,0.0000
"15414.0",39,0,0.0000
"15117.0",132,1,0.0076
"14196.0",6,0,0.0000
"14129.0",109,0,0.0000
"13568.0",44,0,0.0000
"16905.0",345,3,0.0087
"16418.0",169,0,0.0000
"17518.0",77,0,0.0000
"17380.0",11,1,0.0909
"17945.0",72,0,0.0000
"17463.0",329,5,0.0152
"15564.0",4,0,0.0000
"15255.0",193,4,0.0207
"15717.0",24,0,0.0000
"16724.0",17,0,0.0000
"14250.0",111,0,0.0000
"16279.0",351,2,0.0057
"16819.0",17,0,0.0000
"15214.0",110,0,0.0000
"17583.0",7,0,0.0000
"17286.0",93,0,0.0000
"15779.0",8,0,0.0000
"17223.0",101,0,0.0000
"17358.0",147,0,0.0000
"17890.0",94,0,0.0000
"13023.0",76,0,0.0000
"16448.0",52,0,0.0000
"17591.0",269,1,0.0037
"15610.0",6,0,0.0000
"18103.0",10,0,0.0000
"16473.0",29,1,0.0345
"12655.0",16,0,0.0000
"17326.0",89,0,0.0000
"17062.0",165,1,0.0061
"14079.0",13,0,0.0000
"13453.0",42,2,0.0476
"15624.0",34,0,0.0000
"17501.0",18,0,0.0000
"18283.0",986,0,0.0000
"15638.0",29,4,0.1379
"14805.0",132,0,0.0000
"15939.0",162,1,0.0062
"17631.0",69,0,0.0000
"15642.0",6,0,0.0000
"13281.0",26,4,0.1538
"15660.0",165,4,0.0242
"16111.0",75,0,0.0000
"13490.0",8,0,0.0000
"14137.0",14,3,0.2143
"17900.0",11,5,0.4545
"13068.0",2,0,0.0000
"17343.0",80,0,0.0000
"18218.0",42,3,0.0714
"17606.0",6,0,0.0000
"14796.0",1582,29,0.0183
"14031.0",805,24,0.0298
"17642.0",108,0,0.0000
"17445.0",1,1,1.0000
"18246.0",5,0,0.0000
"13880.0",229,0,0.0000
"16372.0",334,1,0.0030
"16338.0",11,0,0.0000
"13797.0",80,2,0.0250
"14952.0",329,22,0.0669
"15368.0",8,0,0.0000
"14284.0",69,2,0.0290
"12639.0",64,0,0.0000
"14597.0",103,0,0.0000
"13525.0",6,0,0.0000
"17118.0",10,0,0.0000
"15120.0",22,1,0.0455
"17500.0",5,0,0.0000
"12966.0",10,0,0.0000
"17681.0",15,1,0.0667
"17536.0",16,0,0.0000
"17716.0",614,13,0.0212
"18229.0",211,0,0.0000
"12578.0",181,9,0.0497
"15710.0",110,0,0.0000
"16109.0",32,1,0.0313
"17535.0",13,0,0.0000
"14026.0",50,0,0.0000
"17053.0",14,1,0.0714
"16533.0",181,4,0.0221
"13226.0",28,0,0.0000
"15670.0",20,1,0.0500
"17879.0",6,0,0.0000
"15365.0",255,37,0.1451
"16044.0",19,0,0.0000
"17545.0",278,0,0.0000
"12773.0",12,6,0.5000
"17217.0",29,0,0.0000
"18006.0",65,0,0.0000
"15544.0",563,6,0.0107
"15657.0",1,0,0.0000
"13556.0",9,0,0.0000
"13485.0",162,4,0.0247
"17312.0",14,0,0.0000
"12714.0",696,0,0.0000
"17734.0",86,0,0.0000
"17647.0",12,0,0.0000
"18037.0",33,0,0.0000
"15476.0",80,1,0.0125
"15381.0",25,1,0.0400
"14615.0",51,3,0.0588
"16934.0",146,3,0.0205
"17757.0",1315,5,0.0038
"12684.0",105,0,0.0000
"17100.0",65,0,0.0000
"16144.0",1,0,0.0000
"15378.0",12,0,0.0000
"15692.0",12,0,0.0000
"16735.0",328,25,0.0762
"16481.0",20,4,0.2000
"15671.0",81,3,0.0370
"17427.0",2,0,0.0000
"16570.0",261,20,0.0766
"14169.0",67,0,0.0000
"15084.0",31,0,0.0000
"12742.0",68,1,0.0147
"15466.0",265,0,0.0000
"17317.0",11,2,0.1818
"14413.0",99,0,0.0000
"17347.0",1,0,0.0000
"12503.0",3,1,0.3333
"13946.0",57,1,0.0175
"17929.0",16,1,0.0625
"15356.0",755,0,0.0000
"16352.0",28,0,0.0000
"12938.0",9,0,0.0000
"16187.0",297,2,0.0067
"15968.0",85,0,0.0000
"13174.0",1132,0,0.0000
"12425.0",95,4,0.0421
"13110.0",254,2,0.0079
"15026.0",140,0,0.0000
"15611.0",100,6,0.0600
"14778.0",35,0,0.0000
"15024.0",371,0,0.0000
"13094.0",38,6,0.1579
"14186.0",104,0,0.0000
"17340.0",813,36,0.0443
"16175.0",98,0,0.0000
"13381.0",361,5,0.0139
"16618.0",97,1,0.0103
"13917.0",18,0,0.0000
"14544.0",192,0,0.0000
"16503.0",216,3,0.0139
"13501.0",116,2,0.0172
"16778.0",16,0,0.0000
"17742.0",85,0,0.0000
"13449.0",19,0,0.0000
"12608.0",16,0,0.0000
"15999.0",1,0,0.0000
"16627.0",20,0,0.0000
"13903.0",10,0,0.0000
"17267.0",38,0,0.0000
"14518.0",16,0,0.0000
"13529.0",15,0,0.0000
"15345.0",23,3,0.1304
"14846.0",13,1,0.0769
"17291.0",1,0,0.0000
"17243.0",1155,21,0.0182
"17238.0",1231,0,0.0000
"16844.0",32,0,0.0000
"13828.0",15,0,0.0000
"12781.0",30,5,0.1667
"12394.0",27,0,0.0000
"14110.0",403,3,0.0074
"14853.0",33,2,0.0606
"18259.0",92,0,0.0000
"15436.0",329,0,0.0000
"16827.0",12,0,0.0000
"14493.0",370,6,0.0162
"13989.0",86,0,0.0000
"15861.0",804,6,0.0075
"13674.0",16,2,0.1250
"16361.0",106,0,0.0000
"16087.0",10,0,0.0000
"18095.0",48,0,0.0000
"14611.0",39,1,0.0256
"16291.0",1,0,0.0000
"13136.0",345,30,0.0870
"15275.0",42,1,0.0238
"15176.0",53,1,0.0189
"12471.0",1298,160,0.1233
"16702.0",92,1,0.0109
"14205.0",154,31,0.2013
"17193.0",48,4,0.0833
"14362.0",41,0,0.0000
"17883.0",177,1,0.0056
"16127.0",75,0,0.0000
"17209.0",40,0,0.0000
"16901.0",23,0,0.0000
"17771.0",69,0,0.0000
"17018.0",37,0,0.0000
"15780.0",29,0,0.0000
"17843.0",64,0,0.0000
"12885.0",72,1,0.0139
"17541.0",33,0,0.0000
"18104.0",38,0,0.0000
"16436.0",43,2,0.0465
"14871.0",201,0,0.0000
"12585.0",97,10,0.1031
"13433.0",25,1,0.0400
"13435.0",154,2,0.0130
"13953.0",25,0,0.0000
"18090.0",60,0,0.0000
"13684.0",113,4,0.0354
"15380.0",56,3,0.0536
"14092.0",377,4,0.0106
"12768.0",20,10,0.5000
"14309.0",195,6,0.0308
"16226.0",31,0,0.0000
"17671.0",100,8,0.0800
"15432.0",18,2,0.1111
"14574.0",11,0,0.0000
"17880.0",45,0,0.0000
"14982.0",39,0,0.0000
"17785.0",51,0,0.0000
"15063.0",5,0,0.0000
"17396.0",57,7,0.1228
"12721.0",254,15,0.0591
"16068.0",39,0,0.0000
"17855.0",34,0,0.0000
"12491.0",26,0,0.0000
"12748.0",7307,77,0.0105
"13662.0",148,11,0.0743
"16302.0",12,1,0.0833
"17689.0",22,0,0.0000
"15771.0",28,0,0.0000
"16222.0",160,0,0.0000
"17197.0",29,0,0.0000
"14969.0",13,0,0.0000
"15481.0",38,0,0.0000
"13549.0",60,1,0.0167
"14865.0",9,0,0.0000
"16216.0",37,0,0.0000
"18146.0",10,0,0.0000
"16565.0",13,2,0.1538
"12901.0",125,9,0.0720
"13957.0",27,0,0.0000
"18052.0",16,0,0.0000
"18129.0",14,0,0.0000
"12490.0",463,1,0.0022
"15593.0",5,0,0.0000
"15047.0",22,0,0.0000
"12859.0",21,0,0.0000
"17386.0",38,0,0.0000
"13314.0",75,13,0.1733
"17112.0",50,0,0.0000
"14035.0",154,3,0.0195
"12691.0",39,0,0.0000
"15622.0",462,36,0.0779
"15188.0",23,0,0.0000
"16260.0",18,0,0.0000
"12921.0",1612,78,0.0484
"15253.0",121,5,0.0413
"13954.0",30,5,0.1667
"18192.0",45,0,0.0000
"14907.0",306,10,0.0327
"12957.0",500,10,0.0200
"14763.0",1,1,1.0000
"12667.0",33,0,0.0000
"15716.0",326,0,0.0000
"15493.0",652,2,0.0031
"12704.0",90,2,0.0222
"13699.0",40,3,0.0750
"14915.0",92,2,0.0217
"13400.0",24,1,0.0417
"14508.0",189,1,0.0053
"16369.0",170,0,0.0000
"15447.0",30,1,0.0333
"12534.0",63,0,0.0000
"16434.0",188,1,0.0053
"15243.0",61,0,0.0000
"16585.0",18,0,0.0000
"17133.0",63,7,0.1111
"17974.0",403,0,0.0000
"13363.0",102,0,0.0000
"15631.0",39,0,0.0000
"15608.0",105,0,0.0000
"13898.0",46,0,0.0000
"16157.0",19,1,0.0526
"18247.0",47,10,0.2128
"14116.0",72,0,0.0000
"15587.0",14,0,0.0000
"12778.0",115,1,0.0087
"15990.0",180,0,0.0000
"13439.0",167,0,0.0000
"18198.0",166,7,0.0422
"14942.0",20,1,0.0500
"17387.0",78,0,0.0000
"15957.0",151,0,0.0000
"14600.0",54,0,0.0000
"15164.0",363,2,0.0055
"12594.0",202,3,0.0149
"16744.0",242,0,0.0000
"17546.0",1,1,1.0000
"13983.0",359,18,0.0501
"13128.0",1,0,0.0000
"14583.0",506,0,0.0000
"12616.0",59,5,0.0847
"17125.0",40,0,0.0000
"16009.0",90,0,0.0000
"13056.0",19,0,0.0000
"18028.0",4,0,0.0000
"13904.0",26,0,0.0000
"13268.0",447,7,0.0157
"16977.0",28,0,0.0000
"13596.0",166,0,0.0000
"16983.0",250,1,0.0040
"15067.0",179,1,0.0056
"13005.0",60,4,0.0667
"16719.0",450,6,0.0133
"12651.0",32,2,0.0625
"16360.0",671,9,0.0134
"13535.0",1,0,0.0000
"17289.0",281,2,0.0071
"14751.0",7,0,0.0000
"17698.0",8,0,0.0000
"17812.0",233,0,0.0000
"15616.0",13,0,0.0000
"14521.0",20,3,0.1500
"15880.0",212,2,0.0094
"15232.0",31,0,0.0000
"17756.0",85,0,0.0000
"16746.0",997,8,0.0080
"14188.0",71,6,0.0845
"15736.0",106,3,0.0283
"16407.0",232,0,0.0000
"13392.0",8,0,0.0000
"18203.0",60,0,0.0000
"16913.0",18,0,0.0000
"14813.0",177,0,0.0000
"17608.0",169,0,0.0000
"15578.0",13,0,0.0000
"12663.0",11,1,0.0909
"17339.0",15,1,0.0667
"15603.0",5,1,0.2000
"15814.0",100,2,0.0200
"16059.0",422,0,0.0000
"16043.0",73,0,0.0000
"12584.0",126,30,0.2381
"13641.0",50,6,0.1200
"14075.0",81,0,0.0000
"15893.0",1,0,0.0000
"13523.0",236,5,0.0212
"12847.0",126,0,0.0000
"14387.0",140,0,0.0000
"17819.0",102,1,0.0098
"13908.0",126,4,0.0317
"13303.0",4,0,0.0000
"13623.0",303,11,0.0363
"17307.0",53,5,0.0943
"12621.0",786,16,0.0204
"14165.0",25,0,0.0000
"17803.0",27,0,0.0000
"15207.0",27,3,0.1111
"15141.0",83,3,0.0361
"13959.0",163,0,0.0000
"12814.0",2,0,0.0000
"15460.0",58,0,0.0000
"18149.0",96,0,0.0000
"15075.0",27,0,0.0000
"16809.0",260,1,0.0038
"16015.0",184,2,0.0109
"18169.0",9,0,0.0000
"16531.0",140,2,0.0143
"18044.0",201,1,0.0050
"14251.0",78,0,0.0000
"14886.0",18,0,0.0000
"17435.0",15,0,0.0000
"12513.0",36,1,0.0278
"13266.0",327,20,0.0612
"15012.0",255,0,0.0000
"14564.0",113,6,0.0531
"16416.0",189,2,0.0106
"14525.0",550,7,0.0127
"16583.0",32,0,0.0000
"14332.0",63,0,0.0000
"13755.0",343,1,0.0029
"14874.0",6,0,0.0000
"15842.0",28,3,0.1071
"16494.0",50,0,0.0000
"17673.0",522,2,0.0038
"16926.0",115,1,0.0087
"15295.0",53,0,0.0000
"15936.0",19,0,0.0000
"15467.0",53,1,0.0189
"12473.0",179,11,0.0615
"14793.0",40,1,0.0250
"13586.0",21,0,0.0000
"17392.0",76,0,0.0000
"12383.0",100,1,0.0100
"13486.0",69,0,0.0000
"13919.0",82,5,0.0610
"16691.0",11,0,0.0000
"17381.0",175,1,0.0057
"12548.0",5,0,0.0000
"16057.0",265,47,0.1774
"13724.0",42,0,0.0000
"14999.0",9,0,0.0000
"14605.0",111,0,0.0000
"15984.0",753,6,0.0080
"14740.0",238,7,0.0294
"15383.0",1,1,1.0000
"15002.0",370,0,0.0000
"17739.0",152,3,0.0197
"16776.0",137,0,0.0000
"17220.0",681,0,0.0000
"12638.0",48,0,0.0000
"17875.0",26,0,0.0000
"15331.0",46,2,0.0435
"12562.0",207,0,0.0000
"15897.0",24,0,0.0000
"16619.0",118,2,0.0169
"12919.0",52,2,0.0385
"13538.0",144,0,0.0000
"15732.0",107,3,0.0280
"15289.0",99,2,0.0202
"14505.0",1626,18,0.0111
"13990.0",16,0,0.0000
"14376.0",18,0,0.0000
"15130.0",22,0,0.0000
"13708.0",51,0,0.0000
"14673.0",163,0,0.0000
"16545.0",8,0,0.0000
"13646.0",59,1,0.0169
"16266.0",109,0,0.0000
"15523.0",222,8,0.0360
"16790.0",95,2,0.0211
"14652.0",29,0,0.0000
"17150.0",93,0,0.0000
"15834.0",383,5,0.0131
"17782.0",29,0,0.0000
"16654.0",85,2,0.0235
"13767.0",841,46,0.0547
"18067.0",37,0,0.0000
"16601.0",72,0,0.0000
"16754.0",167,25,0.1497
"14770.0",198,1,0.0051
"16026.0",32,0,0.0000
"14569.0",35,0,0.0000
"17019.0",715,2,0.0028
"15696.0",240,16,0.0667
"17496.0",74,2,0.0270
"14923.0",44,0,0.0000
"14256.0",139,5,0.0360
"17074.0",4,0,0.0000
"15824.0",26,0,0.0000
"14106.0",1,0,0.0000
"16497.0",337,0,0.0000
"15550.0",243,3,0.0123
"12891.0",12,1,0.0833
"13546.0",153,0,0.0000
"15126.0",25,0,0.0000
"15173.0",88,2,0.0227
"15635.0",2,0,0.0000
"16241.0",994,0,0.0000
"17283.0",15,0,0.0000
"17840.0",55,0,0.0000
"17262.0",21,0,0.0000
"17156.0",41,2,0.0488
"14132.0",201,1,0.0050
"17160.0",655,4,0.0061
"13669.0",14,0,0.0000
"15416.0",230,2,0.0087
"12890.0",139,0,0.0000
"13471.0",260,0,0.0000
"14229.0",78,6,0.0769
"14354.0",9,0,0.0000
"14827.0",1,0,0.0000
"17696.0",400,35,0.0875
"14676.0",140,7,0.0500
"17123.0",43,0,0.0000
"13701.0",10,1,0.1000
"12798.0",33,0,0.0000
"17266.0",127,0,0.0000
"17239.0",34,2,0.0588
"13639.0",59,0,0.0000
"13745.0",59,3,0.0508
"16464.0",236,0,0.0000
"17892.0",28,0,0.0000
"17911.0",39,0,0.0000
"13775.0",63,0,0.0000
"18253.0",7,0,0.0000
"14719.0",238,1,0.0042
"17560.0",56,0,0.0000
"12523.0",265,15,0.0566
"13462.0",72,1,0.0139
"15090.0",23,0,0.0000
"14438.0",9,0,0.0000
"16718.0",223,0,0.0000
"14819.0",57,0,0.0000
"16665.0",9,0,0.0000
"17860.0",232,0,0.0000
"13261.0",9,0,0.0000
"17781.0",12,0,0.0000
"14446.0",339,0,0.0000
"15079.0",154,9,0.0584
"15318.0",33,0,0.0000
"18130.0",71,1,0.0141
"15021.0",730,12,0.0164
"15192.0",106,0,0.0000
"13067.0",32,0,0.0000
"17725.0",198,6,0.0303
"13050.0",1047,38,0.0363
"15388.0",10,0,0.0000
"13774.0",22,0,0.0000
"15954.0",20,0,0.0000
"17641.0",1,1,1.0000
"14558.0",17,2,0.1176
"18248.0",49,2,0.0408
"15596.0",187,11,0.0588
"17724.0",45,5,0.1111
"16110.0",449,0,0.0000
"14398.0",53,0,0.0000
"14821.0",72,0,0.0000
"16122.0",64,0,0.0000
"13966.0",22,0,0.0000
"17263.0",23,0,0.0000
"15938.0",39,0,0.0000
"17573.0",26,1,0.0385
"14894.0",49,3,0.0612
"15417.0",28,0,0.0000
"17507.0",88,0,0.0000
"12980.0",59,7,0.1186
"14858.0",11,0,0.0000
"15706.0",59,4,0.0678
"14722.0",94,0,0.0000
"16125.0",301,0,0.0000
"16238.0",6,0,0.0000
"13518.0",38,0,0.0000
"13132.0",3,0,0.0000
"13661.0",17,0,0.0000
"16056.0",68,0,0.0000
"15244.0",50,2,0.0400
"15806.0",31,0,0.0000
"16173.0",87,3,0.0345
"17201.0",187,1,0.0053
"16378.0",23,0,0.0000
"12824.0",25,0,0.0000
"16337.0",10,0,0.0000
"17063.0",217,12,0.0553
"13188.0",2,0,0.0000
"17367.0",34,0,0.0000
"14760.0",7,2,0.2857
"15898.0",703,6,0.0085
"17468.0",8,0,0.0000
"12461.0",35,0,0.0000
"17524.0",45,2,0.0444
"14584.0",222,1,0.0045
"14072.0",19,0,0.0000
"15633.0",185,8,0.0432
"14185.0",3,0,0.0000
"12994.0",73,12,0.1644
"12526.0",71,0,0.0000
"13993.0",267,6,0.0225
"16895.0",171,0,0.0000
"17629.0",157,1,0.0064
"16459.0",5,0,0.0000
"13754.0",21,0,0.0000
"13751.0",9,0,0.0000
"15889.0",401,2,0.0050
"13924.0",137,20,0.1460
"16466.0",351,1,0.0028
"17444.0",135,0,0.0000
"13664.0",1,1,1.0000
"14510.0",79,1,0.0127
"14955.0",31,0,0.0000
"13512.0",39,0,0.0000
"16589.0",44,0,0.0000
"14353.0",25,0,0.0000
"14559.0",2,0,0.0000
"13597.0",19,2,0.1053
"17194.0",61,0,0.0000
"17947.0",9,0,0.0000
"14579.0",25,0,0.0000
"13652.0",159,0,0.0000
"16332.0",201,2,0.0100
"17084.0",295,1,0.0034
"12866.0",63,0,0.0000
"16858.0",155,18,0.1161
"16800.0",164,0,0.0000
"13601.0",195,0,0.0000
"12729.0",26,0,0.0000
"14984.0",56,0,0.0000
"12754.0",65,2,0.0308
"15204.0",9,0,0.0000
"13958.0",250,23,0.0920
"13629.0",87,0,0.0000
"12556.0",121,0,0.0000
"16401.0",387,24,0.0620
"14674.0",14,0,0.0000
"14370.0",49,5,0.1020
"16327.0",954,7,0.0073
"13422.0",128,1,0.0078
"13175.0",51,5,0.0980
"15397.0",6,0,0.0000
"14046.0",14,0,0.0000
"13046.0",56,0,0.0000
"15453.0",286,0,0.0000
"14769.0",1436,10,0.0070
"17044.0",159,10,0.0629
"12887.0",13,0,0.0000
"14209.0",237,6,0.0253
"16993.0",29,1,0.0345
"14006.0",77,0,0.0000
"16176.0",81,9,0.1111
"16475.0",28,0,0.0000
"17816.0",55,0,0.0000
"16634.0",115,24,0.2087
"16560.0",201,2,0.0100
"17526.0",101,4,0.0396
"14346.0",146,0,0.0000
"12668.0",546,7,0.0128
"16317.0",118,1,0.0085
"13838.0",472,0,0.0000
"13034.0",55,0,0.0000
"12615.0",278,8,0.0288
"16050.0",21,0,0.0000
"14929.0",34,0,0.0000
"14868.0",214,3,0.0140
"14733.0",362,14,0.0387
"14500.0",7,0,0.0000
"17331.0",1,0,0.0000
"14279.0",3,0,0.0000
"15719.0",1794,14,0.0078
"16259.0",93,0,0.0000
"12385.0",66,1,0.0152
"17005.0",21,1,0.0476
"15904.0",30,0,0.0000
"17580.0",95,0,0.0000
"13207.0",13,0,0.0000
"16426.0",372,0,0.0000
"17694.0",81,0,0.0000
"15935.0",34,22,0.6471
"15489.0",123,9,0.0732
"16034.0",58,1,0.0172
"16891.0",516,0,0.0000
"12472.0",1049,138,0.1316
"15563.0",264,5,0.0189
"14795.0",6,0,0.0000
"17807.0",89,0,0.0000
"17431.0",43,0,0.0000
"16521.0",239,0,0.0000
"14058.0",24,0,0.0000
"17145.0",186,6,0.0323
"16679.0",21,0,0.0000
"16765.0",52,0,0.0000
"13086.0",47,0,0.0000
"17148.0",9,0,0.0000
"18250.0",22,1,0.0455
"12747.0",265,8,0.0302
"12934.0",2,0,0.0000
"13519.0",20,1,0.0500
"14577.0",185,0,0.0000
"16933.0",307,17,0.0554
"16900.0",82,3,0.0366
"17736.0",26,1,0.0385
"12589.0",212,32,0.1509
"18223.0",652,76,0.1166
"14727.0",73,26,0.3562
"18228.0",32,2,0.0625
"12540.0",775,4,0.0052
"13340.0",215,0,0.0000
"16581.0",11,2,0.1818
"14324.0",41,0,0.0000
"17399.0",1,1,1.0000
"14173.0",34,1,0.0294
"17008.0",1,0,0.0000
"15233.0",1,0,0.0000
"18239.0",125,0,0.0000
"16716.0",9,1,0.1111
"13054.0",1,1,1.0000
"15500.0",68,0,0.0000
"15279.0",99,5,0.0505
"17564.0",49,0,0.0000
"13274.0",19,0,0.0000
"15726.0",23,0,0.0000
"13338.0",146,18,0.1233
"13098.0",605,33,0.0545
"18211.0",42,0,0.0000
"17749.0",57,0,0.0000
"13172.0",1,0,0.0000
"16489.0",6,0,0.0000
"15697.0",14,0,0.0000
"15336.0",15,0,0.0000
"15641.0",311,0,0.0000
"13970.0",13,0,0.0000
"15646.0",86,1,0.0116
"18205.0",32,0,0.0000
"13656.0",90,3,0.0333
"17446.0",9,0,0.0000
"14237.0",36,1,0.0278
"12581.0",15,0,0.0000
"14241.0",12,0,0.0000
"13660.0",42,1,0.0238
"13182.0",11,0,0.0000
"13037.0",241,9,0.0373
"12897.0",14,0,0.0000
"15315.0",38,1,0.0263
"12818.0",16,2,0.1250
"12712.0",294,18,0.0612
"12591.0",69,0,0.0000
"14424.0",1,0,0.0000
"16387.0",96,0,0.0000
"14298.0",2868,4,0.0014
"13533.0",76,0,0.0000
"15194.0",519,27,0.0520
"13389.0",51,0,0.0000
"12730.0",47,0,0.0000
"14261.0",52,0,0.0000
"15628.0",324,6,0.0185
"16033.0",1419,17,0.0120
"13378.0",1,1,1.0000
"15866.0",45,0,0.0000
"14537.0",24,1,0.0417
"15514.0",380,40,0.1053
"16678.0",170,7,0.0412
"12537.0",43,0,0.0000
"16179.0",11,0,0.0000
"14822.0",9,0,0.0000
"12874.0",49,1,0.0204
"13165.0",49,0,0.0000
"15819.0",264,4,0.0152
"16359.0",130,5,0.0385
"15543.0",58,0,0.0000
"13770.0",48,0,0.0000
"16415.0",162,0,0.0000
"18111.0",30,3,0.1000
"13355.0",32,0,0.0000
"14038.0",168,7,0.0417
"16156.0",280,17,0.0607
"12628.0",43,2,0.0465
"14063.0",44,4,0.0909
"16970.0",2,0,0.0000
"13890.0",183,10,0.0546
"13732.0",33,0,0.0000
"16016.0",387,5,0.0129
"17556.0",14,0,0.0000
"16520.0",417,2,0.0048
"13935.0",80,0,0.0000
"13588.0",180,6,0.0333
"13805.0",13,0,0.0000
"18242.0",140,0,0.0000
"16939.0",44,0,0.0000
"12834.0",18,0,0.0000
"16451.0",66,1,0.0152
"14538.0",52,0,0.0000
"16364.0",53,0,0.0000
"17533.0",1,0,0.0000
"12631.0",186,3,0.0161
"17276.0",57,3,0.0526
"14111.0",11,1,0.0909
"15512.0",32,0,0.0000
"14661.0",4,0,0.0000
"13785.0",30,0,0.0000
"18055.0",587,3,0.0051
"14738.0",83,3,0.0361
"14798.0",51,2,0.0392
"15382.0",642,10,0.0156
"14780.0",27,0,0.0000
"12960.0",70,0,0.0000
"12466.0",1,0,0.0000
"16578.0",9,0,0.0000
"14359.0",58,3,0.0517
"15160.0",23,0,0.0000
"17227.0",125,0,0.0000
"14314.0",11,1,0.0909
"15323.0",37,8,0.2162
"13120.0",1,0,0.0000
"12999.0",28,0,0.0000
"12913.0",96,0,0.0000
"15910.0",628,0,0.0000
"13317.0",381,37,0.0971
"15235.0",187,0,0.0000
"13761.0",122,0,0.0000
"17572.0",36,0,0.0000
"14368.0",8,0,0.0000
"13892.0",36,0,0.0000
"13947.0",5,0,0.0000
"17980.0",66,0,0.0000
"15098.0",5,2,0.4000
"13583.0",96,0,0.0000
"14873.0",49,0,0.0000
"15774.0",114,1,0.0088
"14565.0",162,2,0.0123
"18261.0",21,0,0.0000
"12787.0",45,1,0.0222
"13801.0",23,0,0.0000
"17991.0",40,0,0.0000
"17920.0",1806,3,0.0017
"17806.0",43,0,0.0000
"12403.0",10,1,0.1000
"12516.0",74,0,0.0000
"14729.0",208,0,0.0000
"15531.0",228,0,0.0000
"13077.0",354,7,0.0198
"13733.0",30,1,0.0333
"14307.0",311,1,0.0032
"14503.0",164,0,0.0000
"16525.0",385,21,0.0545
"15066.0",53,11,0.2075
"13448.0",564,6,0.0106
"13498.0",17,0,0.0000
"13204.0",57,0,0.0000
"15421.0",316,0,0.0000
"17080.0",34,1,0.0294
"16103.0",207,7,0.0338
"15349.0",72,0,0.0000
"14771.0",50,3,0.0600
"13784.0",45,2,0.0444
"16810.0",38,4,0.1053
"12746.0",20,3,0.1500
"16748.0",166,1,0.0060
"17473.0",35,1,0.0286
"13676.0",15,2,0.1333
"14800.0",666,10,0.0150
"18140.0",54,0,0.0000
"17940.0",42,6,0.1429
"13161.0",34,0,0.0000
"13187.0",65,1,0.0154
"17205.0",35,0,0.0000
"16848.0",85,0,0.0000
"16812.0",116,1,0.0086
"13403.0",9,0,0.0000
"17105.0",90,0,0.0000
"16768.0",175,11,0.0629
"12418.0",103,1,0.0097
"13242.0",35,0,0.0000
"15138.0",33,2,0.0606
"16907.0",255,0,0.0000
"12580.0",58,0,0.0000
"15956.0",18,0,0.0000
"17762.0",17,0,0.0000
"13729.0",44,5,0.1136
"15784.0",43,0,0.0000
"16460.0",135,0,0.0000
"14658.0",29,0,0.0000
"14986.0",100,0,0.0000
"17975.0",481,2,0.0042
"15435.0",29,0,0.0000
"13227.0",9,0,0.0000
"14427.0",44,0,0.0000
"15752.0",611,1,0.0016
"17987.0",181,3,0.0166
"15875.0",25,0,0.0000
"16298.0",49,2,0.0408
"17345.0",226,13,0.0575
"18072.0",36,18,0.5000
"17550.0",351,17,0.0484
"15423.0",17,3,0.1765
"14077.0",56,0,0.0000
"14278.0",13,0,0.0000
"14449.0",546,0,0.0000
"17902.0",24,0,0.0000
"14555.0",121,2,0.0165
"14207.0",2,0,0.0000
"13428.0",144,0,0.0000
"14734.0",64,1,0.0156
"14232.0",118,3,0.0254
"18040.0",19,0,0.0000
"13409.0",1,1,1.0000
"17174.0",4,0,0.0000
"16604.0",15,3,0.2000
"15115.0",36,1,0.0278
"16153.0",229,3,0.0131
"14498.0",371,0,0.0000
"14350.0",62,3,0.0484
"12552.0",20,0,0.0000
"14119.0",12,1,0.0833
"17557.0",35,0,0.0000
"16496.0",140,2,0.0143
"15359.0",17,1,0.0588
"13302.0",3,0,0.0000
"16310.0",28,0,0.0000
"15102.0",27,0,0.0000
"14245.0",112,4,0.0357
"16322.0",37,0,0.0000
"15247.0",18,1,0.0556
"15965.0",370,2,0.0054
"16991.0",74,0,0.0000
"15592.0",24,0,0.0000
"14961.0",680,10,0.0147
"15236.0",15,0,0.0000
"17951.0",34,1,0.0294
"13909.0",39,0,0.0000
"16682.0",30,0,0.0000
"15767.0",9,9,1.0000
"12532.0",16,0,0.0000
"17188.0",182,10,0.0549
"14851.0",42,0,0.0000
"16340.0",377,0,0.0000
"17195.0",31,0,0.0000
"13559.0",2,0,0.0000
"15065.0",169,3,0.0178
"14089.0",14,0,0.0000
"12978.0",164,1,0.0061
"13666.0",19,0,0.0000
"15637.0",41,0,0.0000
"15463.0",7,0,0.0000
"18175.0",7,0,0.0000
"14381.0",114,0,0.0000
"17520.0",30,0,0.0000
"12356.0",143,0,0.0000
"14101.0",91,1,0.0110
"14087.0",223,2,0.0090
"17190.0",196,1,0.0051
"12970.0",383,0,0.0000
"15111.0",151,0,0.0000
"12741.0",16,0,0.0000
"18217.0",44,4,0.0909
"15584.0",226,2,0.0088
"14416.0",14,0,0.0000
"14744.0",124,3,0.0242
"12735.0",43,0,0.0000
"12823.0",18,0,0.0000
"15874.0",370,28,0.0757
"14448.0",20,0,0.0000
"18142.0",18,3,0.1667
"16084.0",38,0,0.0000
"14663.0",68,0,0.0000
"14603.0",2,0,0.0000
"14815.0",53,0,0.0000
"14979.0",53,0,0.0000
"12476.0",564,48,0.0851
"16212.0",80,2,0.0250
"13643.0",107,5,0.0467
"16899.0",179,0,0.0000
"16761.0",13,0,0.0000
"12567.0",658,19,0.0289
"18282.0",13,1,0.0769
"12587.0",4,0,0.0000
"18254.0",16,0,0.0000
"14835.0",3,1,0.3333
"14690.0",109,4,0.0367
"13310.0",100,5,0.0500
"16842.0",64,1,0.0156
"16462.0",4,1,0.2500
"16443.0",1,0,0.0000
"13432.0",111,0,0.0000
"12902.0",10,0,0.0000
"12862.0",133,0,0.0000
"12451.0",514,3,0.0058
"13062.0",11,0,0.0000
"15419.0",8,0,0.0000
"17549.0",6,0,0.0000
"13085.0",92,8,0.0870
"18190.0",43,1,0.0233
"16857.0",11,0,0.0000
"12837.0",92,0,0.0000
"15403.0",8,0,0.0000
"16898.0",295,2,0.0068
"16668.0",53,0,0.0000
"17903.0",45,0,0.0000
"17856.0",17,2,0.1176
"16326.0",497,2,0.0040
"15035.0",27,0,0.0000
"17554.0",88,0,0.0000
"12713.0",38,0,0.0000
"12751.0",62,0,0.0000
"13951.0",39,0,0.0000
"15425.0",144,0,0.0000
"17706.0",802,37,0.0461
"18191.0",15,0,0.0000
"14170.0",165,0,0.0000
"15458.0",13,0,0.0000
"15761.0",5,0,0.0000
"14390.0",499,8,0.0160
"14469.0",147,0,0.0000
"15520.0",18,0,0.0000
"18085.0",71,0,0.0000
"13011.0",6,0,0.0000
"16421.0",38,0,0.0000
"13479.0",58,5,0.0862
"16373.0",29,0,0.0000
"16544.0",14,3,0.2143
"12423.0",166,1,0.0060
"17574.0",8,0,0.0000
"13298.0",2,0,0.0000
"14122.0",16,3,0.1875
"13981.0",23,1,0.0435
"13786.0",126,2,0.0159
"17510.0",35,0,0.0000
"12835.0",630,10,0.0159
"16344.0",46,0,0.0000
"13022.0",5,0,0.0000
"12936.0",63,1,0.0159
"16611.0",111,1,0.0090
"13712.0",33,0,0.0000
"18082.0",73,0,0.0000
"14456.0",977,7,0.0072
"14847.0",65,3,0.0462
"18231.0",389,4,0.0103
"13140.0",122,0,0.0000
"14914.0",1,1,1.0000
"14377.0",11,0,0.0000
"14604.0",23,0,0.0000
"12696.0",50,1,0.0200
"13696.0",25,1,0.0400
"14593.0",629,8,0.0127
"12430.0",11,0,0.0000
"17639.0",79,0,0.0000
"14918.0",141,0,0.0000
"15612.0",6,0,0.0000
"12717.0",72,1,0.0139
"17232.0",36,0,0.0000
"18138.0",8,0,0.0000
"17126.0",477,2,0.0042
"15953.0",192,6,0.0313
"16319.0",3,0,0.0000
"13782.0",245,1,0.0041
"18038.0",32,0,0.0000
"14283.0",41,0,0.0000
"13941.0",108,3,0.0278
"14483.0",14,1,0.0714
"13572.0",33,0,0.0000
"15976.0",398,0,0.0000
"18172.0",492,16,0.0325
"16942.0",283,2,0.0071
"17750.0",193,0,0.0000
"12946.0",20,0,0.0000
"17537.0",75,0,0.0000
"17329.0",105,0,0.0000
"17248.0",117,0,0.0000
"13673.0",65,0,0.0000
"18033.0",34,0,0.0000
"14567.0",34,1,0.0294
"17453.0",19,0,0.0000
"12806.0",67,0,0.0000
"13521.0",436,0,0.0000
"12636.0",1,0,0.0000
"17297.0",51,0,0.0000
"16923.0",1158,26,0.0225
"16131.0",225,6,0.0267
"13263.0",1920,0,0.0000
"16783.0",25,0,0.0000
"16228.0",56,1,0.0179
"15963.0",28,0,0.0000
"17516.0",196,0,0.0000
"13963.0",176,4,0.0227
"13430.0",54,5,0.0926
"16349.0",9,0,0.0000
"16646.0",30,1,0.0333
"12563.0",13,0,0.0000
"16596.0",30,0,0.0000
"17585.0",397,0,0.0000
"17359.0",38,0,0.0000
"16417.0",1,0,0.0000
"13584.0",88,5,0.0568
"16831.0",6,0,0.0000
"16199.0",10,0,0.0000
"17690.0",385,2,0.0052
"15993.0",560,8,0.0143
"15986.0",25,0,0.0000
"15651.0",60,0,0.0000
"17117.0",9,0,0.0000
"12366.0",3,0,0.0000
"13502.0",34,1,0.0294
"13551.0",5,0,0.0000
"16231.0",101,0,0.0000
"15735.0",19,0,0.0000
"17242.0",84,0,0.0000
"13283.0",20,0,0.0000
"12756.0",4,0,0.0000
"14300.0",3,0,0.0000
"12497.0",58,1,0.0172
"16502.0",43,0,0.0000
"14945.0",11,0,0.0000
"14264.0",84,5,0.0595
"13695.0",96,0,0.0000
"18209.0",8,0,0.0000
"17256.0",31,0,0.0000
"16289.0",22,1,0.0455
"13353.0",3,3,1.0000
"16305.0",22,0,0.0000
"12437.0",583,19,0.0326
"16365.0",131,1,0.0076
"14656.0",215,0,0.0000
"16272.0",25,0,0.0000
"17823.0",110,0,0.0000
"12381.0",91,4,0.0440
"16690.0",20,1,0.0500
"18168.0",430,26,0.0605
"14638.0",16,0,0.0000
"17475.0",14,0,0.0000
"17652.0",270,11,0.0407
"17285.0",49,0,0.0000
"16586.0",28,0,0.0000
"18166.0",10,0,0.0000
"13511.0",6,1,0.1667
"13844.0",20,0,0.0000
"18148.0",11,0,0.0000
"16161.0",1202,44,0.0366
"15072.0",13,0,0.0000
"15166.0",12,0,0.0000
"16867.0",6,0,0.0000
"15905.0",22,0,0.0000
"15373.0",206,5,0.0243
"14409.0",108,2,0.0185
"13515.0",76,0,0.0000
"14015.0",20,0,0.0000
"14803.0",44,0,0.0000
"17912.0",54,2,0.0370
"15006.0",207,0,0.0000
"17466.0",41,0,0.0000
"13334.0",481,1,0.0021
"14333.0",19,4,0.2105
"12500.0",156,10,0.0641
"14837.0",213,4,0.0188
"15054.0",114,0,0.0000
"14156.0",4130,82,0.0199
"12810.0",32,0,0.0000
"18105.0",18,0,0.0000
"15430.0",41,5,0.1220
"15537.0",24,0,0.0000
"12647.0",574,18,0.0314
"15955.0",368,6,0.0163
"15825.0",20,0,0.0000
"14767.0",18,0,0.0000
"14526.0",42,0,0.0000
"17978.0",80,0,0.0000
"14373.0",4,0,0.0000
"13478.0",131,6,0.0458
"15429.0",83,1,0.0120
"12789.0",8,0,0.0000
"16200.0",628,1,0.0016
"16205.0",200,0,0.0000
"12765.0",68,0,0.0000
"13923.0",20,0,0.0000
"17332.0",95,0,0.0000
"12489.0",15,0,0.0000
"17597.0",134,6,0.0448
"15890.0",10,0,0.0000
"14974.0",21,0,0.0000
"17341.0",407,0,0.0000
"12630.0",64,0,0.0000
"16527.0",77,0,0.0000
"15266.0",46,1,0.0217
"17955.0",22,0,0.0000
"16253.0",304,2,0.0066
"17832.0",61,0,0.0000
"17322.0",180,3,0.0167
"18029.0",18,0,0.0000
"12449.0",201,0,0.0000
"15452.0",202,0,0.0000
"15844.0",11,0,0.0000
"13039.0",55,0,0.0000
"12720.0",533,24,0.0450
"13507.0",162,0,0.0000
"17461.0",111,0,0.0000
"15177.0",26,0,0.0000
"13813.0",153,10,0.0654
"15802.0",3,2,0.6667
"17102.0",1,0,0.0000
"16630.0",5,1,0.2000
"14240.0",61,0,0.0000
"14126.0",44,1,0.0227
"13746.0",9,0,0.0000
"15068.0",221,0,0.0000
"13618.0",13,0,0.0000
"13912.0",7,0,0.0000
"16353.0",177,3,0.0169
"17230.0",230,7,0.0304
"17054.0",84,1,0.0119
"13505.0",227,12,0.0529
"12743.0",134,0,0.0000
"16325.0",145,7,0.0483
"13468.0",750,22,0.0293
"16642.0",57,3,0.0526
"15615.0",914,13,0.0142
"13999.0",475,9,0.0189
"16078.0",39,0,0.0000
"16697.0",21,0,0.0000
"13798.0",914,192,0.2101
"15311.0",4717,283,0.0600
"14291.0",497,3,0.0060
"18280.0",32,2,0.0625
"14747.0",19,1,0.0526
"16780.0",99,0,0.0000
"15998.0",1446,10,0.0069
"16171.0",3,0,0.0000
"15971.0",45,3,0.0667
"13234.0",63,0,0.0000
"14001.0",113,1,0.0088
"16307.0",75,0,0.0000
"13370.0",88,10,0.1136
"17981.0",17,0,0.0000
"17738.0",233,3,0.0129
"18212.0",55,0,0.0000
"17925.0",2,0,0.0000
"14903.0",364,9,0.0247
"13025.0",13,0,0.0000
"16555.0",115,49,0.4261
"14936.0",530,3,0.0057
"16795.0",418,10,0.0239
"15462.0",41,0,0.0000
"15827.0",267,36,0.1348
"13821.0",210,1,0.0048
"15574.0",374,1,0.0027
"12577.0",303,1,0.0033
"16198.0",33,0,0.0000
"17737.0",10,0,0.0000
"13344.0",119,0,0.0000
"13057.0",43,2,0.0465
"12373.0",51,0,0.0000
"15789.0",140,2,0.0143
"12348.0",51,0,0.0000
"17310.0",2,0,0.0000
"15739.0",8,0,0.0000
"15886.0",62,0,0.0000
"16524.0",54,0,0.0000
"16350.0",130,8,0.0615
"12811.0",56,0,0.0000
"17558.0",28,0,0.0000
"17861.0",573,5,0.0087
"14635.0",15,0,0.0000
"16912.0",177,4,0.0226
"16321.0",36,13,0.3611
"16543.0",20,2,0.1000
"12764.0",45,0,0.0000
"17389.0",449,18,0.0401
"16833.0",92,0,0.0000
"14176.0",47,1,0.0213
"13184.0",183,2,0.0109
"18147.0",7,0,0.0000
"17371.0",146,0,0.0000
"14403.0",33,8,0.2424
"15776.0",18,0,0.0000
"16077.0",9,1,0.1111
"17292.0",15,0,0.0000
"12911.0",248,0,0.0000
"17684.0",15,0,0.0000
"17320.0",174,0,0.0000
"18071.0",86,0,0.0000
"14055.0",33,0,0.0000
"16301.0",6,0,0.0000
"13060.0",15,0,0.0000
"14020.0",76,4,0.0526
"15792.0",57,0,0.0000
"18200.0",32,0,0.0000
"13155.0",164,0,0.0000
"15729.0",13,2,0.1538
"12797.0",49,6,0.1224
"15363.0",52,1,0.0192
"15094.0",5,0,0.0000
"16467.0",25,1,0.0400
"14113.0",145,23,0.1586
"14975.0",26,0,0.0000
"15557.0",20,0,0.0000
"13412.0",34,0,0.0000
"17218.0",525,0,0.0000
"15097.0",68,2,0.0294
"13012.0",175,21,0.1200
"16422.0",761,49,0.0644
"16852.0",9,0,0.0000
"14223.0",61,1,0.0164
"12487.0",3,1,0.3333
"13407.0",92,7,0.0761
"17907.0",13,0,0.0000
"17841.0",13097,207,0.0158
"16240.0",142,7,0.0493
"15062.0",159,0,0.0000
"15581.0",761,43,0.0565
"13788.0",1,0,0.0000
"17298.0",71,1,0.0141
"16221.0",264,2,0.0076
"15892.0",38,0,0.0000
"14515.0",180,4,0.0222
"12816.0",29,0,0.0000
"14872.0",44,1,0.0227
"16245.0",93,3,0.0323
"17224.0",8,0,0.0000
"12635.0",179,0,0.0000
"13513.0",42,2,0.0476
"13719.0",251,0,0.0000
"17327.0",4,0,0.0000
"16106.0",6,0,0.0000
"15734.0",43,0,0.0000
"17561.0",203,0,0.0000
"17864.0",145,0,0.0000
"12576.0",147,5,0.0340
"16041.0",6,0,0.0000
"18133.0",2,1,0.5000
"17186.0",2,0,0.0000
"13822.0",96,0,0.0000
"14679.0",68,5,0.0735
"14345.0",6,0,0.0000
"16482.0",18,0,0.0000
"14281.0",7,0,0.0000
"16965.0",26,0,0.0000
"14195.0",22,6,0.2727
"13368.0",53,1,0.0189
"16869.0",129,1,0.0078
"14860.0",12,1,0.0833
"13006.0",4,0,0.0000
"12544.0",20,1,0.0500
"14258.0",312,11,0.0353
"13799.0",116,10,0.0862
"13952.0",413,4,0.0097
"16306.0",72,3,0.0417
"12518.0",124,0,0.0000
"12725.0",130,0,0.0000
"15464.0",157,0,0.0000
"14179.0",165,0,0.0000
"13894.0",30,3,0.1000
"12654.0",38,0,0.0000
"16659.0",2,0,0.0000
"13250.0",21,1,0.0476
"12531.0",133,6,0.0451
"14891.0",63,0,0.0000
"13710.0",15,0,0.0000
"14434.0",12,0,0.0000
"17637.0",35,0,0.0000
"12739.0",89,0,0.0000
"17798.0",49,0,0.0000
"16499.0",151,7,0.0464
"16577.0",23,0,0.0000
"13100.0",1,1,1.0000
"16825.0",64,0,0.0000
"14396.0",291,0,0.0000
"13071.0",12,0,0.0000
"13573.0",89,0,0.0000
"17449.0",600,2,0.0033
"16275.0",111,0,0.0000
"16940.0",635,6,0.0094
"15155.0",24,0,0.0000
"13632.0",224,3,0.0134
"12681.0",1494,29,0.0194
"13295.0",76,9,0.1184
"18018.0",48,4,0.0833
"12566.0",20,1,0.0500
"13677.0",107,0,0.0000
"17894.0",430,8,0.0186
"16227.0",41,7,0.1707
"17590.0",201,0,0.0000
"14411.0",14,0,0.0000
"14161.0",310,0,0.0000
"16728.0",269,0,0.0000
"13503.0",210,12,0.0571
"15753.0",1,0,0.0000
"18012.0",13,0,0.0000
"12688.0",171,0,0.0000
"16841.0",221,2,0.0090
"14807.0",40,0,0.0000
"14495.0",8,1,0.1250
"14629.0",153,1,0.0065
"13500.0",87,2,0.0230
"17391.0",3,0,0.0000
"15256.0",10,0,0.0000
"12478.0",36,0,0.0000
"13527.0",459,2,0.0044
"16395.0",653,6,0.0092
"12698.0",16,0,0.0000
"13135.0",18,0,0.0000
"13309.0",130,0,0.0000
"16739.0",42,4,0.0952
"12551.0",10,0,0.0000
"16129.0",96,0,0.0000
"13319.0",998,43,0.0431
"13491.0",268,0,0.0000
"12426.0",82,5,0.0610
"16336.0",68,0,0.0000
"13118.0",152,4,0.0263
"17029.0",29,0,0.0000
"17251.0",82,2,0.0244
"17076.0",50,0,0.0000
"16571.0",284,29,0.1021
"16877.0",159,0,0.0000
"17096.0",225,8,0.0356
"16331.0",34,0,0.0000
"17290.0",203,0,0.0000
"14775.0",80,0,0.0000
"12541.0",52,0,0.0000
"15613.0",27,0,0.0000
"12634.0",20,0,0.0000
"16883.0",289,1,0.0035
"17948.0",1,0,0.0000
"13304.0",87,9,0.1034
"12396.0",65,0,0.0000
"13619.0",49,0,0.0000
"14833.0",7,0,0.0000
"15451.0",63,0,0.0000
"14369.0",26,0,0.0000
"13742.0",323,2,0.0062
"17129.0",2,0,0.0000
"14726.0",19,0,0.0000
"13090.0",291,8,0.0275
"12705.0",626,27,0.0431
"14109.0",14,5,0.3571
"15997.0",1,1,1.0000
"17705.0",125,5,0.0400
"14788.0",58,0,0.0000
"13351.0",16,0,0.0000
"16674.0",98,0,0.0000
"16363.0",5,0,0.0000
"14393.0",5,0,0.0000
"13569.0",214,0,0.0000
"13434.0",35,0,0.0000
"12722.0",57,4,0.0702
"17870.0",283,1,0.0035
"13876.0",7,0,0.0000
"16959.0",7,0,0.0000
"16457.0",9,0,0.0000
"15396.0",16,0,0.0000
"14794.0",107,3,0.0280
"14541.0",181,0,0.0000
"15286.0",3,0,0.0000
"14878.0",381,4,0.0105
"15679.0",110,0,0.0000
"15900.0",131,1,0.0076
"16104.0",242,9,0.0372
"14623.0",295,3,0.0102
"16004.0",90,0,0.0000
"12447.0",26,0,0.0000
"12782.0",241,14,0.0581
"14572.0",530,4,0.0075
"16629.0",64,0,0.0000
"14762.0",30,0,0.0000
"16093.0",1,0,0.0000
"13598.0",100,1,0.0100
"13991.0",86,2,0.0233
"17755.0",10,10,1.0000
"17711.0",23,0,0.0000
"16515.0",240,0,0.0000
"18170.0",126,0,0.0000
"17854.0",120,0,0.0000
"15366.0",138,0,0.0000
"14864.0",2,2,1.0000
"18031.0",65,0,0.0000
"12653.0",86,0,0.0000
"16640.0",13,0,0.0000
"16750.0",95,0,0.0000
"15358.0",1152,22,0.0191
"17655.0",122,2,0.0164
"15928.0",11,0,0.0000
"13030.0",159,0,0.0000
"12989.0",105,8,0.0762
"15929.0",1,0,0.0000
"14612.0",14,0,0.0000
"15846.0",29,0,0.0000
"13927.0",44,3,0.0682
"15524.0",9,0,0.0000
"16915.0",74,0,0.0000
"12467.0",18,9,0.5000
"17946.0",20,0,0.0000
"16468.0",45,0,0.0000
"17393.0",48,0,0.0000
"16950.0",153,3,0.0196
"13193.0",29,0,0.0000
"16711.0",35,2,0.0571
"16280.0",16,0,0.0000
"17403.0",46,0,0.0000
"16772.0",81,12,0.1481
"17204.0",190,13,0.0684
"13973.0",11,0,0.0000
"17891.0",34,0,0.0000
"14772.0",9,0,0.0000
"16082.0",16,0,0.0000
"15325.0",226,1,0.0044
"16220.0",1,1,1.0000
"14321.0",181,2,0.0110
"16119.0",54,0,0.0000
"17836.0",24,0,0.0000
"14540.0",274,1,0.0036
"12694.0",84,1,0.0119
"14654.0",27,0,0.0000
"14725.0",107,2,0.0187
"12455.0",227,0,0.0000
"17871.0",85,0,0.0000
"13402.0",96,0,0.0000
"14655.0",110,7,0.0636
"14414.0",119,1,0.0084
"12496.0",13,0,0.0000
"15049.0",3,0,0.0000
"12535.0",34,0,0.0000
"14965.0",83,0,0.0000
"12910.0",138,1,0.0072
"14956.0",4,0,0.0000
"17527.0",49,2,0.0408
"12922.0",28,0,0.0000
"18186.0",11,0,0.0000
"17792.0",53,0,0.0000
"13438.0",1,0,0.0000
"14461.0",649,1,0.0015
"18227.0",7,1,0.1429
"18134.0",28,0,0.0000
"17962.0",202,2,0.0099
"14048.0",144,3,0.0208
"16759.0",43,1,0.0233
"16410.0",5,0,0.0000
"13985.0",485,3,0.0062
"15411.0",100,1,0.0100
"18127.0",69,0,0.0000
"18178.0",354,4,0.0113
"16030.0",29,0,0.0000
"17132.0",78,0,0.0000
"15947.0",29,0,0.0000
"15665.0",288,0,0.0000
"13359.0",61,5,0.0820
"14520.0",4,0,0.0000
"17675.0",1164,36,0.0309
"17454.0",127,1,0.0079
"12510.0",154,9,0.0584
"15865.0",127,0,0.0000
"14192.0",14,0,0.0000
"13405.0",46,3,0.0652
"17721.0",11,0,0.0000
"15482.0",179,30,0.1676
"12708.0",336,26,0.0774
"13346.0",6,0,0.0000
"17032.0",246,7,0.0285
"12597.0",214,8,0.0374
"13962.0",23,0,0.0000
"15853.0",30,0,0.0000
"17941.0",7,0,0.0000
"16037.0",73,2,0.0274
"12923.0",62,0,0.0000
"13152.0",138,3,0.0217
"17031.0",50,0,0.0000
"17368.0",258,18,0.0698
"13220.0",53,0,0.0000
"14454.0",111,1,0.0090
"14855.0",207,0,0.0000
"12883.0",42,0,0.0000
"15170.0",4,0,0.0000
"16138.0",39,2,0.0513
"17972.0",31,0,0.0000
"12783.0",86,2,0.0233
"12612.0",21,2,0.0952
"12788.0",26,0,0.0000
"12412.0",131,4,0.0305
"16703.0",1,1,1.0000
"14341.0",268,2,0.0075
"13857.0",129,1,0.0078
"15496.0",22,0,0.0000
"13294.0",102,0,0.0000
"16318.0",19,0,0.0000
"17443.0",1,0,0.0000
"15870.0",147,0,0.0000
"14310.0",22,0,0.0000
"14337.0",36,36,1.0000
"16541.0",39,1,0.0256
"18097.0",161,3,0.0186
"16181.0",11,0,0.0000
"13789.0",18,0,0.0000
"16797.0",414,7,0.0169
"17094.0",19,1,0.0526
"15384.0",122,4,0.0328
"15484.0",242,1,0.0041
"12740.0",27,0,0.0000
"15497.0",123,2,0.0163
"13698.0",40,0,0.0000
"15639.0",72,3,0.0417
"14492.0",104,12,0.1154
"17013.0",2,2,1.0000
"15189.0",261,20,0.0766
"14269.0",20,4,0.2000
"16529.0",129,0,0.0000
"16835.0",92,5,0.0543
"17046.0",85,0,0.0000
"17677.0",761,49,0.0644
"15379.0",265,2,0.0075
"13251.0",25,0,0.0000
"15055.0",85,0,0.0000
"17924.0",44,9,0.2045
"17515.0",180,0,0.0000
"15851.0",8,0,0.0000
"12842.0",48,0,0.0000
"17333.0",28,0,0.0000
"12505.0",47,5,0.1064
"13352.0",27,3,0.1111
"16569.0",35,0,0.0000
"13832.0",58,1,0.0172
"13107.0",189,11,0.0582
"15576.0",45,0,0.0000
"16725.0",394,2,0.0051
"12553.0",244,6,0.0246
"12950.0",23,0,0.0000
"17407.0",23,0,0.0000
"14665.0",159,27,0.1698
"13967.0",6,0,0.0000
"15923.0",42,0,0.0000
"14533.0",94,5,0.0532
"17990.0",58,1,0.0172
"16671.0",6,0,0.0000
"12982.0",214,36,0.1682
"14718.0",11,0,0.0000
"14272.0",64,0,0.0000
"13330.0",118,0,0.0000
"14494.0",17,0,0.0000
"17687.0",26,0,0.0000
"13441.0",38,0,0.0000
"16112.0",16,0,0.0000
"13836.0",33,2,0.0606
"18065.0",314,4,0.0127
"16652.0",289,14,0.0484
"13771.0",217,1,0.0046
"12515.0",16,0,0.0000
"14233.0",77,4,0.0519
"12649.0",124,6,0.0484
"14581.0",65,0,0.0000
"15071.0",54,0,0.0000
"17404.0",297,5,0.0168
"17240.0",7,0,0.0000
"15981.0",295,7,0.0237
"16145.0",418,22,0.0526
"15530.0",143,0,0.0000
"17828.0",82,15,0.1829
"13640.0",4,0,0.0000
"14848.0",11,0,0.0000
"14463.0",8,0,0.0000
"17676.0",169,5,0.0296
"12549.0",49,0,0.0000
"16789.0",5,0,0.0000
"15249.0",514,12,0.0233
"14318.0",9,0,0.0000
"17279.0",9,0,0.0000
"14953.0",260,1,0.0038
"12620.0",92,0,0.0000
"15558.0",26,1,0.0385
"16020.0",46,0,0.0000
"14433.0",77,0,0.0000
"15023.0",1020,5,0.0049
"15595.0",4,0,0.0000
"14187.0",8,0,0.0000
"15124.0",31,0,0.0000
"16584.0",92,9,0.0978
"14609.0",14,1,0.0714
"16166.0",26,4,0.1538
"17417.0",16,0,0.0000
"17448.0",1134,17,0.0150
"15799.0",155,0,0.0000
"16088.0",6,0,0.0000
"13769.0",297,12,0.0404
"13607.0",123,1,0.0081
"16282.0",33,0,0.0000
"13731.0",38,0,0.0000
"12750.0",15,0,0.0000
"17316.0",35,0,0.0000
"12733.0",162,5,0.0309
"14895.0",919,19,0.0207
"14265.0",79,0,0.0000
"15700.0",89,3,0.0337
"15089.0",145,0,0.0000
"18249.0",8,0,0.0000
"17605.0",13,0,0.0000
"15765.0",25,0,0.0000
"13837.0",19,0,0.0000
"14552.0",157,0,0.0000
"15932.0",119,4,0.0336
"13003.0",6,0,0.0000
"12414.0",37,9,0.2432
"18156.0",195,0,0.0000
"17735.0",901,5,0.0055
"16506.0",3,0,0.0000
"14003.0",16,0,0.0000
"15933.0",74,0,0.0000
"14049.0",1107,26,0.0235
"13286.0",49,0,0.0000
"17273.0",12,0,0.0000
"15566.0",12,0,0.0000
"13887.0",19,0,0.0000
"12996.0",22,0,0.0000
"16381.0",65,0,0.0000
"12812.0",15,0,0.0000
"15250.0",3,0,0.0000
"15445.0",14,0,0.0000
"16890.0",19,0,0.0000
"14010.0",28,4,0.1429
"16836.0",42,0,0.0000
"15996.0",213,1,0.0047
"12406.0",170,4,0.0235
"18069.0",1000,2,0.0020
"13803.0",79,1,0.0127
"18187.0",54,6,0.1111
"16330.0",120,2,0.0167
"13033.0",13,0,0.0000
"15168.0",5,0,0.0000
"13290.0",3,2,0.6667
"18139.0",162,3,0.0185
"13301.0",81,0,0.0000
"13824.0",104,4,0.0385
"17720.0",136,3,0.0221
"16709.0",306,0,0.0000
"13233.0",76,0,0.0000
"16885.0",142,0,0.0000
"14990.0",43,0,0.0000
"12833.0",24,0,0.0000
"13125.0",21,0,0.0000
"15535.0",139,5,0.0360
"15028.0",119,0,0.0000
"16185.0",40,0,0.0000
"13032.0",219,7,0.0320
"16973.0",6,0,0.0000
"13960.0",12,0,0.0000
"14911.0",11613,366,0.0315
"18124.0",24,0,0.0000
"15412.0",10,0,0.0000
"15556.0",31,0,0.0000
"16979.0",133,4,0.0301
"13205.0",1,0,0.0000
"12832.0",27,0,0.0000
"14222.0",41,0,0.0000
"12965.0",109,0,0.0000
"12424.0",97,5,0.0515
"15050.0",158,2,0.0127
"14590.0",218,14,0.0642
"15836.0",12,2,0.1667
"14363.0",8,0,0.0000
"14056.0",1128,22,0.0195
"13537.0",42,0,0.0000
"16574.0",86,0,0.0000
"14889.0",10,0,0.0000
"17428.0",748,19,0.0254
"14358.0",26,1,0.0385
"13102.0",502,10,0.0199
"14811.0",28,0,0.0000
"16549.0",3255,5,0.0015
"14806.0",20,0,0.0000
"16537.0",4,0,0.0000
"15371.0",1,0,0.0000
"15507.0",46,0,0.0000
"15004.0",158,0,0.0000
"15526.0",4,0,0.0000
"14650.0",4,0,0.0000
"12454.0",72,32,0.4444
"17913.0",476,0,0.0000
"17208.0",24,0,0.0000
"17477.0",47,3,0.0638
"15014.0",35,0,0.0000
"13738.0",92,0,0.0000
"14620.0",30,4,0.1333
"16599.0",12,0,0.0000
"15022.0",154,0,0.0000
"13987.0",46,0,0.0000
"16073.0",2,1,0.5000
"15151.0",57,0,0.0000
"13992.0",11,0,0.0000
"13914.0",34,1,0.0294
"17552.0",162,6,0.0370
"16989.0",12,0,0.0000
"17442.0",294,11,0.0374
"17495.0",53,5,0.0943
"16917.0",52,1,0.0192
"15010.0",20,0,0.0000
"15490.0",29,1,0.0345
"12987.0",68,2,0.0294
"12777.0",26,0,0.0000
"12855.0",70,0,0.0000
"15153.0",22,0,0.0000
"15309.0",61,7,0.1148
"16865.0",16,0,0.0000
"14242.0",16,0,0.0000
"16605.0",1,0,0.0000
"16804.0",60,0,0.0000
"13339.0",54,0,0.0000
"15272.0",307,0,0.0000
"18046.0",26,0,0.0000
"13737.0",30,0,0.0000
"12728.0",61,0,0.0000
"13230.0",1340,1,0.0007
"13871.0",409,7,0.0171
"13115.0",331,17,0.0514
"16818.0",191,2,0.0105
"16847.0",37,0,0.0000
"17465.0",144,2,0.0139
"13484.0",40,1,0.0250
"13714.0",30,0,0.0000
"14948.0",64,1,0.0156
"12614.0",20,0,0.0000
"16002.0",42,0,0.0000
"17480.0",56,2,0.0357
"15751.0",134,4,0.0299
"15334.0",99,0,0.0000
"16937.0",51,0,0.0000
"16717.0",408,42,0.1029
"13473.0",72,2,0.0278
"12395.0",257,3,0.0117
"13896.0",21,0,0.0000
"15027.0",94,3,0.0319
"14487.0",192,2,0.0104
"17462.0",28,1,0.0357
"16424.0",14,1,0.0714
"12772.0",55,0,0.0000
"13863.0",74,4,0.0541
"14580.0",1,0,0.0000
"13091.0",122,77,0.6311
"12981.0",20,0,0.0000
"15894.0",79,0,0.0000
"14703.0",22,0,0.0000
"16137.0",28,0,0.0000
"17817.0",140,2,0.0143
"15051.0",291,1,0.0034
"17824.0",13,0,0.0000
"18109.0",686,14,0.0204
"17626.0",18,0,0.0000
"12821.0",13,0,0.0000
"16846.0",47,0,0.0000
"16894.0",197,6,0.0305
"14422.0",555,3,0.0054
"16548.0",6,0,0.0000
"16770.0",357,3,0.0084
"16148.0",12,3,0.2500
"15989.0",88,0,0.0000
"17658.0",23,4,0.1739
"14484.0",53,0,0.0000
"13425.0",181,3,0.0166
"15515.0",7,0,0.0000
"14148.0",17,0,0.0000
"15302.0",16,1,0.0625
"16582.0",6,0,0.0000
"16438.0",132,0,0.0000
"17226.0",61,0,0.0000
"16563.0",91,1,0.0110
"12962.0",16,0,0.0000
"14621.0",180,21,0.1167
"12710.0",79,2,0.0253
"16234.0",16,1,0.0625
"17766.0",22,0,0.0000
"13324.0",139,7,0.0504
"12973.0",6,0,0.0000
"12894.0",21,0,0.0000
"13723.0",59,0,0.0000
"14082.0",65,0,0.0000
"12760.0",21,0,0.0000
"18136.0",94,6,0.0638
"16798.0",175,2,0.0114
"16957.0",16,0,0.0000
"14198.0",97,6,0.0619
"13956.0",152,0,0.0000
"14598.0",130,40,0.3077
"17264.0",84,0,0.0000
"13028.0",47,2,0.0426
"12809.0",89,8,0.0899
"12499.0",27,0,0.0000
"12763.0",34,0,0.0000
"13814.0",81,2,0.0247
"14123.0",24,0,0.0000
"17877.0",12,0,0.0000
"16632.0",27,0,0.0000
"15316.0",1,0,0.0000
"17936.0",77,0,0.0000
"14799.0",23,0,0.0000
"15461.0",5,3,0.6000
"17235.0",99,0,0.0000
"16096.0",66,0,0.0000
"12968.0",5,0,0.0000
"15268.0",27,5,0.1852
"17451.0",107,7,0.0654
"13454.0",23,0,0.0000
"13865.0",30,0,0.0000
"14464.0",4,0,0.0000
"17081.0",214,0,0.0000
"15091.0",60,3,0.0500
"17810.0",57,1,0.0175
"16485.0",155,10,0.0645
"14625.0",277,11,0.0397
"15351.0",386,14,0.0363
"12524.0",242,2,0.0083
"14467.0",308,0,0.0000
"17578.0",70,5,0.0714
"14705.0",1,0,0.0000
"18233.0",1,0,0.0000
"16658.0",82,10,0.1220
"13015.0",359,10,0.0279
"12529.0",23,2,0.0870
"15191.0",35,0,0.0000
"12752.0",53,0,0.0000
"15872.0",215,0,0.0000
"12785.0",58,2,0.0345
"15407.0",153,0,0.0000
"17350.0",147,1,0.0068
"14208.0",35,0,0.0000
"15402.0",133,2,0.0150
"14901.0",171,4,0.0234
"17006.0",130,0,0.0000
"16504.0",86,0,0.0000
"18064.0",69,4,0.0580
"14826.0",10,0,0.0000
"14743.0",3,0,0.0000
"12680.0",53,0,0.0000
"15238.0",52,2,0.0385
"16167.0",71,8,0.1127
"14608.0",44,1,0.0227
"15092.0",46,1,0.0217
"15759.0",20,3,0.1500
"13444.0",58,0,0.0000
"15205.0",38,1,0.0263
"15645.0",69,1,0.0145
"14254.0",23,0,0.0000
"17595.0",83,0,0.0000
"15678.0",97,0,0.0000
"14756.0",122,3,0.0246
"13849.0",221,1,0.0045
"18271.0",21,0,0.0000
"14168.0",17,2,0.1176
"13440.0",70,11,0.1571
"12442.0",12,0,0.0000
"17486.0",24,0,0.0000
"13145.0",11,1,0.0909
"13687.0",45,0,0.0000
"14118.0",15,0,0.0000
"17064.0",62,0,0.0000
"15261.0",92,0,0.0000
"13752.0",95,0,0.0000
"14829.0",113,3,0.0265
"13031.0",435,0,0.0000
"14881.0",17,0,0.0000
"12884.0",7,0,0.0000
"14736.0",100,0,0.0000
"15224.0",40,5,0.1250
"14296.0",28,1,0.0357
"13804.0",169,0,0.0000
"12737.0",2,0,0.0000
"17015.0",217,0,0.0000
"12951.0",201,7,0.0348
"15230.0",23,0,0.0000
"15675.0",35,0,0.0000
"16000.0",9,0,0.0000
"17791.0",10,0,0.0000
"14647.0",51,0,0.0000
"15301.0",384,4,0.0104
"17718.0",24,1,0.0417
"15647.0",11,0,0.0000
"12802.0",140,2,0.0143
"16684.0",749,31,0.0414
"15983.0",316,0,0.0000
"17170.0",11,1,0.0909
"13603.0",27,0,0.0000
"13936.0",60,1,0.0167
"15107.0",53,5,0.0943
"17007.0",68,1,0.0147
"13279.0",11,2,0.1818
"16962.0",15,0,0.0000
"14325.0",18,0,0.0000
"16602.0",47,7,0.1489
"13323.0",21,0,0.0000
"14983.0",30,0,0.0000
"14007.0",5,0,0.0000
"14085.0",1069,1,0.0009
"13386.0",31,0,0.0000
"13942.0",1,0,0.0000
"17490.0",126,10,0.0794
"16903.0",193,3,0.0155
"14081.0",951,9,0.0095
"15542.0",254,2,0.0079
"16733.0",12,0,0.0000
"13721.0",42,0,0.0000
"13019.0",57,2,0.0351
"17489.0",29,0,0.0000
"16625.0",100,1,0.0100
"17083.0",117,2,0.0171
"14097.0",40,0,0.0000
"12554.0",26,0,0.0000
"13522.0",5,0,0.0000
"15350.0",35,0,0.0000
"16566.0",19,1,0.0526
"15377.0",22,1,0.0455
"16971.0",42,1,0.0238
"14488.0",49,3,0.0612
"15040.0",1,0,0.0000
"16752.0",18,0,0.0000
"17632.0",2,2,1.0000
"17199.0",9,0,0.0000
"15131.0",7,0,0.0000
"12479.0",35,4,0.1143
"14682.0",86,0,0.0000
"13965.0",28,4,0.1429
"14174.0",26,0,0.0000
"17850.0",2827,31,0.0110
"17122.0",30,0,0.0000
"15299.0",20,7,0.3500
"16610.0",6,0,0.0000
"12676.0",108,1,0.0093
"14875.0",93,4,0.0430
"14908.0",14,0,0.0000
"16313.0",16,0,0.0000
"16155.0",50,2,0.0400
"14642.0",2,0,0.0000
"13494.0",18,0,0.0000
"17052.0",92,0,0.0000
"13842.0",358,3,0.0084
"16133.0",584,39,0.0668
"14534.0",776,45,0.0580
"16477.0",260,0,0.0000
"13345.0",22,2,0.0909
"14649.0",575,3,0.0052
"15571.0",635,0,0.0000
"13980.0",69,4,0.0580
"14688.0",545,32,0.0587
"14768.0",6,1,0.1667
"16799.0",107,1,0.0093
"17106.0",53,0,0.0000
"14516.0",37,0,0.0000
"18238.0",14,0,0.0000
"13130.0",2,0,0.0000
"12956.0",42,0,0.0000
"17966.0",114,0,0.0000
"13791.0",17,6,0.3529
"13002.0",23,0,0.0000
"12349.0",180,5,0.0278
"16011.0",457,2,0.0044
"14160.0",107,0,0.0000
"15281.0",544,22,0.0404
"13349.0",16,0,0.0000
"16911.0",37,2,0.0541
"13103.0",33,0,0.0000
"14102.0",84,5,0.0595
"15750.0",666,16,0.0240
"14589.0",6,0,0.0000
"14452.0",132,0,0.0000
"12405.0",54,0,0.0000
"17970.0",31,0,0.0000
"14919.0",13,0,0.0000
"15437.0",57,0,0.0000
"15208.0",49,1,0.0204
"12604.0",16,0,0.0000
"16021.0",145,0,0.0000
"15221.0",50,16,0.3200
"13800.0",73,0,0.0000
"13579.0",92,2,0.0217
"16490.0",16,3,0.1875
"12606.0",1,0,0.0000
"15673.0",288,1,0.0035
"16358.0",155,1,0.0065
"14517.0",18,0,0.0000
"13878.0",107,0,0.0000
"15064.0",81,0,0.0000
"15298.0",453,11,0.0243
"17103.0",32,0,0.0000
"15698.0",2,0,0.0000
"17369.0",1,0,0.0000
"14316.0",32,1,0.0313
"14669.0",395,0,0.0000
"13668.0",812,42,0.0517
"16042.0",141,11,0.0780
"17604.0",210,0,0.0000
"16591.0",10,0,0.0000
"17559.0",12,0,0.0000
"14395.0",822,5,0.0061
"18222.0",19,0,0.0000
"17472.0",230,0,0.0000
"14276.0",144,23,0.1597
"16398.0",86,4,0.0465
"12955.0",183,3,0.0164
"13168.0",182,2,0.0110
"16561.0",31,0,0.0000
"13117.0",189,1,0.0053
"15296.0",547,12,0.0219
"12555.0",1,0,0.0000
"15190.0",40,0,0.0000
"13255.0",33,1,0.0303
"16958.0",74,0,0.0000
"12707.0",33,0,0.0000
"14691.0",71,0,0.0000
"17893.0",16,0,0.0000
"16333.0",45,0,0.0000
"16162.0",2,0,0.0000
"17514.0",87,0,0.0000
"14619.0",62,2,0.0323
"17809.0",117,5,0.0427
"15676.0",216,14,0.0648
"12749.0",398,60,0.1508
"16638.0",141,1,0.0071
"18076.0",8,0,0.0000
"15787.0",206,0,0.0000
"17365.0",801,2,0.0025
"15764.0",259,10,0.0386
"12852.0",20,3,0.1500
"13759.0",25,0,0.0000
"14366.0",1,0,0.0000
"16444.0",380,4,0.0105
"15448.0",49,0,0.0000
"16875.0",252,22,0.0873
"17033.0",40,0,0.0000
"17998.0",59,1,0.0169
"15234.0",14,0,0.0000
"16821.0",7,0,0.0000
"13585.0",40,1,0.0250
"14840.0",24,2,0.0833
"13593.0",412,2,0.0049
"13397.0",93,4,0.0430
"13834.0",21,5,0.2381
"16986.0",174,0,0.0000
"15136.0",69,1,0.0145
"16193.0",38,0,0.0000
"17522.0",73,0,0.0000
"13562.0",196,0,0.0000
"15985.0",105,1,0.0095
"17471.0",19,0,0.0000
"13644.0",148,2,0.0135
"16647.0",33,0,0.0000
"15142.0",143,1,0.0070
"13326.0",13,0,0.0000
"16904.0",982,0,0.0000
"16918.0",463,6,0.0130
"13594.0",35,2,0.0571
"15907.0",249,0,0.0000
"15360.0",13,0,0.0000
"16984.0",1160,27,0.0233
"13366.0",1,0,0.0000
"17511.0",2134,223,0.1045
"15506.0",278,0,0.0000
"14009.0",76,2,0.0263
"16197.0",93,0,0.0000
"13388.0",70,1,0.0143
"12672.0",25,3,0.1200
"13474.0",130,0,0.0000
"16518.0",71,3,0.0423
"14900.0",1,0,0.0000
"16095.0",30,0,0.0000
"18255.0",19,0,0.0000
"13819.0",104,3,0.0288
"14400.0",77,4,0.0519
"13997.0",46,0,0.0000
"15180.0",58,0,0.0000
"13414.0",57,2,0.0351
"13482.0",20,0,0.0000
"14246.0",75,0,0.0000
"13976.0",56,0,0.0000
"13416.0",26,0,0.0000
"16732.0",230,9,0.0391
"12564.0",21,0,0.0000
"15978.0",131,2,0.0153
"16603.0",34,0,0.0000
"12736.0",4,0,0.0000
"16607.0",302,4,0.0132
"18126.0",56,0,0.0000
"13162.0",243,5,0.0206
"17646.0",214,9,0.0421
"13374.0",17,0,0.0000
"17523.0",33,0,0.0000
"16802.0",53,0,0.0000
"15896.0",1,1,1.0000
"16128.0",187,5,0.0267
"15329.0",178,23,0.1292
"14932.0",49,0,0.0000
"15046.0",410,4,0.0098
"16557.0",11,0,0.0000
"17695.0",62,1,0.0161
"17917.0",94,0,0.0000
"17282.0",217,0,0.0000
"17078.0",28,0,0.0000
"15241.0",185,1,0.0054
"14523.0",12,0,0.0000
"12573.0",119,0,0.0000
"13369.0",33,5,0.1515
"16621.0",29,0,0.0000
"15216.0",24,0,0.0000
"18245.0",463,5,0.0108
"13004.0",857,42,0.0490
"12687.0",126,0,0.0000
"12362.0",275,8,0.0291
"17073.0",174,0,0.0000
"13943.0",15,0,0.0000
"17237.0",80,0,0.0000
"15702.0",30,0,0.0000
"14622.0",21,0,0.0000
"16394.0",100,17,0.1700
"18057.0",140,0,0.0000
"15513.0",575,13,0.0226
"13390.0",13,0,0.0000
"15627.0",24,0,0.0000
"12892.0",18,0,0.0000
"15858.0",485,2,0.0041
"13321.0",11,0,0.0000
"16622.0",14,2,0.1429
"14897.0",128,1,0.0078
"13229.0",10,0,0.0000
"18015.0",46,0,0.0000
"16925.0",18,0,0.0000
"17950.0",208,2,0.0096
"14882.0",70,2,0.0286
"15579.0",175,4,0.0229
"15037.0",48,0,0.0000
"13178.0",696,9,0.0129
"13651.0",15,1,0.0667
"17609.0",392,3,0.0077
"17808.0",33,0,0.0000
"17470.0",166,0,0.0000
"13902.0",67,4,0.0597
"14130.0",224,0,0.0000
"14417.0",137,0,0.0000
"14343.0",238,0,0.0000
"14816.0",4,0,0.0000
"13332.0",21,0,0.0000
"13137.0",1442,1,0.0007
"15375.0",6,0,0.0000
"14764.0",7,1,0.1429
"12879.0",12,2,0.1667
"13589.0",52,0,0.0000
"12507.0",51,1,0.0196
"17093.0",13,0,0.0000
"17653.0",50,6,0.1200
"15404.0",16,0,0.0000
"13139.0",269,4,0.0149
"16269.0",54,1,0.0185
"12486.0",49,0,0.0000
"17315.0",774,15,0.0194
"14985.0",87,0,0.0000
"13106.0",17,1,0.0588
"15988.0",129,0,0.0000
"15884.0",16,1,0.0625
"12792.0",48,1,0.0208
"13169.0",18,0,0.0000
"16076.0",131,2,0.0153
"13239.0",95,1,0.0105
"15937.0",7,0,0.0000
"16769.0",100,0,0.0000
"14888.0",20,0,0.0000
"14754.0",138,1,0.0072
"13036.0",6,0,0.0000
"15863.0",79,0,0.0000
"15147.0",29,1,0.0345
"13665.0",106,0,0.0000
"17055.0",30,0,0.0000
"13580.0",5,0,0.0000
"12508.0",69,0,0.0000
"17620.0",4,0,0.0000
"14347.0",6,0,0.0000
"16105.0",110,0,0.0000
"17253.0",18,0,0.0000
"15408.0",34,0,0.0000
"15921.0",83,0,0.0000
"12755.0",117,53,0.4530
"16775.0",279,1,0.0036
"13362.0",304,6,0.0197
"18045.0",47,0,0.0000
"16914.0",38,0,0.0000
"13148.0",841,48,0.0571
"17274.0",79,0,0.0000
"12511.0",194,4,0.0206
"15501.0",70,0,0.0000
"16828.0",8,0,0.0000
"16080.0",33,3,0.0909
"15737.0",81,9,0.1111
"15618.0",49,4,0.0816
"13730.0",43,0,0.0000
"13404.0",11,0,0.0000
"17752.0",1,0,0.0000
"16612.0",168,1,0.0060
"12795.0",14,0,0.0000
"17607.0",22,0,0.0000
"13284.0",14,1,0.0714
"13741.0",35,1,0.0286
"17768.0",191,1,0.0052
"13292.0",60,1,0.0167
"17859.0",25,0,0.0000
"12915.0",81,8,0.0988
"14482.0",255,2,0.0078
"15895.0",11,0,0.0000
"12599.0",133,0,0.0000
"17529.0",82,0,0.0000
"14033.0",1,0,0.0000
"14404.0",213,2,0.0094
"13408.0",874,34,0.0389
"18256.0",14,4,0.2857
"14462.0",295,6,0.0203
"15630.0",81,1,0.0123
"15688.0",27,0,0.0000
"16230.0",35,0,0.0000
"16749.0",77,0,0.0000
"12871.0",18,0,0.0000
"13843.0",18,0,0.0000
"16492.0",23,0,0.0000
"12873.0",35,0,0.0000
"12928.0",179,0,0.0000
"13968.0",8,0,0.0000
"13040.0",43,0,0.0000
"17993.0",64,0,0.0000
"13690.0",9,0,0.0000
"13066.0",49,1,0.0204
"16788.0",495,0,0.0000
"17638.0",3,0,0.0000
"14273.0",29,0,0.0000
"17928.0",27,0,0.0000
"12590.0",72,4,0.0556
"15918.0",61,0,0.0000
"15269.0",35,0,0.0000
"14560.0",202,2,0.0099
"14657.0",216,1,0.0046
"14430.0",40,5,0.1250
"13420.0",10,2,0.2000
"17161.0",52,0,0.0000
"13867.0",61,0,0.0000
"16872.0",18,0,0.0000
"14364.0",69,0,0.0000
"15128.0",132,9,0.0682
"13526.0",54,10,0.1852
"13658.0",245,8,0.0327
"16874.0",34,0,0.0000
"14356.0",38,5,0.1316
"17999.0",176,0,0.0000
"15539.0",41,0,0.0000
"18025.0",112,0,0.0000
"12692.0",13,0,0.0000
"16126.0",384,0,0.0000
"14481.0",153,1,0.0065
"17319.0",3,0,0.0000
"13840.0",40,0,0.0000
"14489.0",100,0,0.0000
"18051.0",58,3,0.0517
"12776.0",4,0,0.0000
"17247.0",55,0,0.0000
"18011.0",93,0,0.0000
"15740.0",9,0,0.0000
"13514.0",21,0,0.0000
"13170.0",32,0,0.0000
"12618.0",11,0,0.0000
"16657.0",208,0,0.0000
"12586.0",96,2,0.0208
"16025.0",28,0,0.0000
"17049.0",580,21,0.0362
"16663.0",1,0,0.0000
"18155.0",28,3,0.1071
"15903.0",119,3,0.0252
"18158.0",35,1,0.0286
"15449.0",62,2,0.0323
"17568.0",65,0,0.0000
"17351.0",69,0,0.0000
"14348.0",18,0,0.0000
"15812.0",126,1,0.0079
"12850.0",2,0,0.0000
"16210.0",284,3,0.0106
"17895.0",16,0,0.0000
"15032.0",128,3,0.0234
"15800.0",244,0,0.0000
"17983.0",24,0,0.0000
"12869.0",37,0,0.0000
"13450.0",148,1,0.0068
"14549.0",144,0,0.0000
"16946.0",76,1,0.0132
"12627.0",230,0,0.0000
"13995.0",238,8,0.0336
"17579.0",96,2,0.0208
"16672.0",117,3,0.0256
"16255.0",541,6,0.0111
"15585.0",31,0,0.0000
"13706.0",38,0,0.0000
"16701.0",289,14,0.0484
"13455.0",164,20,0.1220
"15770.0",18,0,0.0000
"12731.0",396,3,0.0076
"12502.0",147,0,0.0000
"14091.0",13,0,0.0000
"13682.0",3,0,0.0000
"12439.0",75,3,0.0400
"12509.0",7,0,0.0000
"13259.0",324,0,0.0000
"16938.0",837,1,0.0012
"17294.0",17,0,0.0000
"14066.0",7,0,0.0000
"14610.0",10,0,0.0000
"13552.0",227,19,0.0837
"14206.0",73,2,0.0274
"15495.0",20,0,0.0000
"13495.0",159,12,0.0755
"15184.0",85,0,0.0000
"12420.0",29,0,0.0000
"12800.0",34,0,0.0000
"15601.0",880,8,0.0091
"17603.0",116,9,0.0776
"14724.0",43,0,0.0000
"17602.0",937,10,0.0107
"16924.0",89,6,0.0674
"13931.0",272,1,0.0037
"16805.0",251,0,0.0000
"13808.0",76,0,0.0000
"16910.0",547,0,0.0000
"14184.0",24,0,0.0000
"15785.0",244,19,0.0779
"16864.0",17,0,0.0000
"13026.0",86,4,0.0465
"16362.0",104,10,0.0962
"13883.0",336,20,0.0595
"15567.0",7,0,0.0000
"13159.0",122,1,0.0082
"12417.0",381,10,0.0262
"16213.0",6,0,0.0000
"15229.0",9,0,0.0000
"15838.0",214,5,0.0234
"17185.0",44,0,0.0000
"16058.0",2,0,0.0000
"15405.0",30,0,0.0000
"14825.0",314,4,0.0127
"16244.0",154,0,0.0000
"18063.0",3,0,0.0000
"17530.0",559,1,0.0018
"17071.0",223,11,0.0493
"16538.0",43,0,0.0000
"15220.0",119,2,0.0168
"14906.0",3,2,0.6667
"14841.0",300,0,0.0000
"17963.0",112,0,0.0000
"17450.0",448,23,0.0513
"13466.0",59,4,0.0678
"15181.0",24,4,0.1667
"12779.0",295,18,0.0610
"15555.0",1732,51,0.0294
"14172.0",55,1,0.0182
"14219.0",43,0,0.0000
"12352.0",113,10,0.0885
"12452.0",23,1,0.0435
"18016.0",170,0,0.0000
"15623.0",108,0,0.0000
"14293.0",135,1,0.0074
"14845.0",1,0,0.0000
"13885.0",28,0,0.0000
"16461.0",269,0,0.0000
"15016.0",110,2,0.0182
"18260.0",430,19,0.0442
"12867.0",1076,13,0.0121
"13686.0",34,0,0.0000
"17300.0",44,0,0.0000
"12539.0",505,1,0.0020
"13659.0",289,14,0.0484
"16921.0",95,0,0.0000
"12595.0",19,0,0.0000
"17543.0",13,0,0.0000
"16687.0",8,0,0.0000
"18162.0",47,0,0.0000
"16522.0",18,0,0.0000
"15182.0",128,3,0.0234
"13576.0",290,11,0.0379
"15749.0",15,5,0.3333
"14039.0",10,0,0.0000
"18137.0",29,0,0.0000
"16163.0",85,12,0.1412
"15274.0",47,0,0.0000
"14861.0",95,9,0.0947
"17863.0",276,0,0.0000
"12359.0",375,10,0.0267
"13625.0",21,0,0.0000
"17127.0",37,0,0.0000
"14320.0",93,12,0.1290
"15438.0",25,0,0.0000
"13830.0",13,2,0.1538
"16124.0",88,6,0.0682
"15868.0",4,0,0.0000
"14863.0",11,0,0.0000
"16516.0",6,0,0.0000
"17914.0",80,0,0.0000
"12807.0",18,2,0.1111
"15143.0",31,0,0.0000
"16645.0",14,0,0.0000
"16389.0",35,1,0.0286
"16419.0",93,1,0.0108
"12387.0",9,0,0.0000
"14634.0",118,9,0.0763
"14995.0",61,0,0.0000
"15830.0",41,2,0.0488
"15881.0",32,3,0.0938
"15573.0",220,0,0.0000
"13436.0",12,0,0.0000
"17346.0",1012,3,0.0030
"15347.0",43,2,0.0465
"12932.0",95,0,0.0000
"13906.0",1,0,0.0000
"17246.0",6,0,0.0000
"15860.0",368,0,0.0000
"13391.0",1,0,0.0000
"15808.0",874,16,0.0183
"12347.0",253,0,0.0000
"13424.0",41,1,0.0244
"17394.0",4,0,0.0000
"15912.0",95,0,0.0000
"18143.0",61,0,0.0000
"17258.0",55,0,0.0000
"16624.0",48,0,0.0000
"15254.0",68,1,0.0147
"15797.0",12,0,0.0000
"16243.0",51,0,0.0000
"14532.0",319,1,0.0031
"16616.0",33,0,0.0000
"13372.0",23,0,0.0000
"14418.0",124,0,0.0000
"17909.0",9,0,0.0000
"12598.0",211,5,0.0237
"17437.0",53,0,0.0000
"17780.0",81,0,0.0000
"17493.0",8,0,0.0000
"16649.0",20,0,0.0000
"13581.0",33,0,0.0000
"17761.0",19,0,0.0000
"15385.0",21,0,0.0000
"15961.0",42,0,0.0000
"16534.0",36,0,0.0000
"16623.0",52,1,0.0192
"17402.0",207,4,0.0193
"17281.0",6,0,0.0000
"18123.0",59,0,0.0000
"13459.0",73,0,0.0000
"12983.0",30,0,0.0000
"16675.0",23,0,0.0000
"15541.0",29,0,0.0000
"14297.0",64,2,0.0313
"15575.0",3,0,0.0000
"12967.0",94,14,0.1489
"17037.0",77,2,0.0260
"16114.0",8,0,0.0000
"16707.0",66,0,0.0000
"16587.0",13,0,0.0000
"16123.0",16,0,0.0000
"14737.0",45,0,0.0000
"13602.0",58,0,0.0000
"17207.0",67,0,0.0000
"15967.0",502,4,0.0080
"13179.0",34,0,0.0000
"15769.0",243,19,0.0782
"13504.0",22,0,0.0000
"12408.0",170,11,0.0647
"15876.0",11,0,0.0000
"17260.0",6,0,0.0000
"18004.0",40,0,0.0000
"15011.0",20,0,0.0000
"14292.0",207,14,0.0676
"16386.0",147,0,0.0000
"12693.0",83,4,0.0482
"14599.0",82,0,0.0000
"17426.0",440,13,0.0295
"15158.0",13,2,0.1538
"14323.0",41,5,0.1220
"15658.0",133,16,0.1203
"14217.0",192,11,0.0573
"14218.0",12,0,0.0000
"12808.0",54,0,0.0000
"12943.0",27,2,0.0741
"17555.0",272,0,0.0000
"12701.0",147,0,0.0000
"15778.0",17,0,0.0000
"13901.0",318,8,0.0252
"17833.0",32,0,0.0000
"17610.0",172,15,0.0872
"14912.0",68,5,0.0735
"12448.0",22,0,0.0000
"13427.0",52,0,0.0000
"14850.0",205,4,0.0195
"15951.0",61,2,0.0328
"15210.0",67,0,0.0000
"12964.0",26,0,0.0000
"12560.0",111,6,0.0541
"15252.0",121,3,0.0248
"16943.0",37,2,0.0541
"18062.0",57,3,0.0526
"12371.0",167,0,0.0000
"14962.0",14,0,0.0000
"17136.0",14,0,0.0000
"16758.0",22,0,0.0000
"15605.0",112,1,0.0089
"17773.0",56,0,0.0000
"16495.0",97,0,0.0000
"18135.0",40,3,0.0750
"16745.0",358,1,0.0028
"13265.0",91,0,0.0000
"13610.0",419,3,0.0072
"15775.0",9,0,0.0000
"17003.0",112,0,0.0000
"14275.0",23,0,0.0000
"13969.0",1115,9,0.0081
"17869.0",98,0,0.0000
"17041.0",130,1,0.0077
"16988.0",20,0,0.0000
"15693.0",1,0,0.0000
"16997.0",12,0,0.0000
"17772.0",105,0,0.0000
"14394.0",6,0,0.0000
"17221.0",126,0,0.0000
"17867.0",163,22,0.1350
"12602.0",12,0,0.0000
"15498.0",988,17,0.0172
"13215.0",1,0,0.0000
"13331.0",12,0,0.0000
"13611.0",236,7,0.0297
"18237.0",61,0,0.0000
"16454.0",8,4,0.5000
"13235.0",59,1,0.0169
"15634.0",34,0,0.0000
"14059.0",8,0,0.0000
"15669.0",35,2,0.0571
"14536.0",19,0,0.0000
"16320.0",243,2,0.0082
"16816.0",28,0,0.0000
"16966.0",31,3,0.0968
"13977.0",13,0,0.0000
"13219.0",11,0,0.0000
"15994.0",116,2,0.0172
"12841.0",722,20,0.0277
"13064.0",94,0,0.0000
"17969.0",222,15,0.0676
"15342.0",26,2,0.0769
"17532.0",4,0,0.0000
"15209.0",13,0,0.0000
"14460.0",48,6,0.1250
"14987.0",18,1,0.0556
"16871.0",139,2,0.0144
"14459.0",114,1,0.0088
"14849.0",768,13,0.0169
"15211.0",75,0,0.0000
"17589.0",1353,10,0.0074
"14445.0",32,0,0.0000
"16949.0",61,1,0.0164
"16855.0",19,0,0.0000
"17483.0",28,0,0.0000
"17777.0",194,0,0.0000
"13200.0",46,0,0.0000
"16182.0",51,0,0.0000
"15549.0",163,1,0.0061
"16886.0",16,8,0.5000
"15471.0",162,0,0.0000
"14916.0",140,6,0.0429
"16052.0",34,0,0.0000
"17506.0",16,2,0.1250
"13156.0",104,0,0.0000
"14943.0",5,0,0.0000
"16097.0",10,0,0.0000
"17666.0",44,0,0.0000
"17311.0",129,2,0.0155
"15689.0",24,0,0.0000
"13582.0",11,0,0.0000
"14478.0",68,0,0.0000
"16787.0",114,0,0.0000
"17357.0",45,0,0.0000
"17593.0",419,10,0.0239
"16884.0",75,0,0.0000
"14239.0",215,5,0.0233
"14659.0",259,6,0.0232
"14147.0",33,3,0.0909
"17786.0",72,0,0.0000
"13600.0",41,0,0.0000
"15695.0",59,0,0.0000
"17944.0",26,0,0.0000
"14535.0",852,7,0.0082
"17770.0",38,0,0.0000
"15410.0",162,0,0.0000
"15175.0",23,0,0.0000
"14818.0",107,0,0.0000
"17301.0",121,0,0.0000
"12462.0",72,10,0.1389
"15369.0",104,45,0.4327
"14632.0",8,0,0.0000
"13528.0",1,1,1.0000
"15045.0",13,1,0.0769
"17447.0",36,0,0.0000
"14636.0",28,0,0.0000
"15348.0",9,0,0.0000
"16188.0",75,1,0.0133
"18240.0",6,0,0.0000
"13717.0",127,3,0.0236
"12909.0",168,10,0.0595
"13982.0",265,12,0.0453
"15969.0",36,1,0.0278
"13756.0",350,2,0.0057
"17296.0",33,0,0.0000
"17622.0",39,1,0.0256
"17651.0",341,9,0.0264
"16747.0",45,3,0.0667
"12905.0",55,1,0.0182
"15849.0",1,1,1.0000
"18214.0",62,4,0.0645
"13889.0",90,7,0.0778
"15486.0",1,0,0.0000
"12360.0",218,1,0.0046
"13773.0",19,0,0.0000
"16628.0",127,2,0.0157
"15344.0",32,6,0.1875
"16823.0",176,1,0.0057
"17430.0",42,0,0.0000
"17542.0",65,0,0.0000
"13384.0",271,7,0.0258
"16779.0",1089,35,0.0321
"14349.0",31,0,0.0000
"13820.0",93,3,0.0323
"14153.0",17,0,0.0000
"13489.0",14,0,0.0000
"12369.0",93,0,0.0000
"12886.0",86,4,0.0465
"16404.0",24,1,0.0417
"15355.0",14,0,0.0000
"14927.0",20,0,0.0000
"14553.0",301,1,0.0033
"14468.0",12,0,0.0000
"13620.0",5,0,0.0000
"16626.0",184,5,0.0272
"15353.0",388,1,0.0026
"17138.0",256,0,0.0000
"15473.0",17,3,0.1765
"12801.0",51,1,0.0196
"14190.0",1,0,0.0000
"17783.0",92,0,0.0000
"17413.0",10,0,0.0000
"14382.0",303,1,0.0033
"16294.0",8,0,0.0000
"18122.0",364,0,0.0000
"17370.0",33,0,0.0000
"13762.0",42,7,0.1667
"14374.0",7,0,0.0000
"17997.0",180,14,0.0778
"14866.0",141,4,0.0284
"17408.0",9,1,0.1111
"16609.0",280,4,0.0143
"14475.0",53,5,0.0943
"14812.0",37,0,0.0000
"13199.0",209,2,0.0096
"17764.0",159,0,0.0000
"13114.0",16,0,0.0000
"17654.0",22,0,0.0000
"14954.0",126,0,0.0000
"15468.0",88,8,0.0909
"13654.0",329,0,0.0000
"12920.0",60,0,0.0000
"17323.0",340,4,0.0118
"16685.0",62,0,0.0000
"16832.0",21,0,0.0000
"13854.0",187,6,0.0321
"15109.0",51,3,0.0588
"15215.0",159,46,0.2893
"17551.0",43,0,0.0000
"15730.0",115,4,0.0348
"17460.0",156,17,0.1090
"14854.0",222,7,0.0315
"16382.0",44,0,0.0000
"15899.0",8,0,0.0000
"14225.0",91,4,0.0440
"12514.0",84,0,0.0000
"16528.0",17,0,0.0000
"14154.0",294,2,0.0068
"15536.0",16,0,0.0000
"17284.0",378,4,0.0106
"13679.0",50,0,0.0000
"17318.0",18,0,0.0000
"13122.0",55,0,0.0000
"16773.0",65,0,0.0000
"15655.0",37,3,0.0811
"18220.0",32,7,0.2188
"16214.0",98,0,0.0000
"17004.0",70,0,0.0000
"15668.0",1,0,0.0000
"14909.0",82,2,0.0244
"17682.0",239,1,0.0042
"14937.0",35,1,0.0286
"16254.0",75,0,0.0000
"17336.0",1,0,0.0000
"17265.0",127,0,0.0000
"15801.0",69,5,0.0725
"15859.0",22,0,0.0000
"12727.0",205,2,0.0098
"17022.0",16,0,0.0000
"14311.0",38,7,0.1842
"15532.0",634,7,0.0110
"13442.0",38,0,0.0000
"15199.0",51,0,0.0000
"13217.0",8,3,0.3750
"13446.0",214,22,0.1028
"15625.0",177,6,0.0339
"16878.0",6,3,0.5000
"13210.0",22,0,0.0000
"17066.0",18,0,0.0000
"16801.0",121,45,0.3719
"17325.0",39,0,0.0000
"17708.0",74,0,0.0000
"14958.0",72,0,0.0000
"12845.0",27,0,0.0000
"15703.0",5,0,0.0000
"12671.0",45,0,0.0000
"14586.0",27,8,0.2963
"17412.0",242,6,0.0248
"18230.0",144,4,0.0278
"15069.0",70,0,0.0000
"17134.0",37,0,0.0000
"14530.0",489,4,0.0082
"15320.0",36,0,0.0000
"12640.0",53,0,0.0000
"13074.0",30,1,0.0333
"18285.0",12,0,0.0000
"13158.0",100,0,0.0000
"14571.0",31,0,0.0000
"14271.0",39,0,0.0000
"13469.0",6,0,0.0000
"17794.0",7,0,0.0000
"13185.0",1,0,0.0000
"13153.0",15,0,0.0000
"12853.0",157,9,0.0573
"13541.0",12,2,0.1667
"18221.0",88,4,0.0455
"17748.0",17,0,0.0000
"15472.0",76,0,0.0000
"14485.0",47,0,0.0000
"17180.0",414,6,0.0145
"17614.0",100,0,0.0000
"14757.0",19,0,0.0000
"14338.0",53,3,0.0566
"13038.0",28,0,0.0000
"17002.0",85,1,0.0118
"18273.0",4,0,0.0000
"13575.0",46,0,0.0000
"18195.0",5,0,0.0000
"12441.0",22,0,0.0000
"16620.0",94,0,0.0000
"17992.0",53,0,0.0000
"17805.0",11,0,0.0000
"16067.0",82,9,0.1098
"15095.0",126,2,0.0159
"13978.0",15,0,0.0000
"14714.0",98,5,0.0510
"15950.0",402,7,0.0174
"14997.0",39,1,0.0256
"16493.0",117,6,0.0513
"16085.0",378,2,0.0053
"16229.0",180,4,0.0222
"16297.0",23,3,0.1304
"15186.0",52,0,0.0000
"14502.0",631,7,0.0111
"14104.0",143,0,0.0000
"16661.0",79,14,0.1772
"16614.0",49,0,0.0000
"14905.0",81,3,0.0370
"16252.0",63,42,0.6667
"15686.0",1,0,0.0000
"14671.0",55,0,0.0000
"16380.0",32,0,0.0000
"12445.0",25,1,0.0400
"16881.0",1,0,0.0000
"17415.0",14,0,0.0000
"14073.0",14,1,0.0714
"17586.0",8,0,0.0000
