"customer_id","recency_days","frequency_completed","first_transaction_date","last_transaction_date","active_span_days","conversion_status"
"16995",371,NULL,"2010-12-02 17:09:00","2010-12-02 17:09:00",0,"Never Converted"
"13353",388,NULL,"2010-11-16 11:14:00","2010-11-16 11:14:00",0,"Never Converted"
"17755",423,NULL,"2010-10-11 15:45:00","2010-10-11 15:45:00",0,"Never Converted"
"14120",429,NULL,"2010-10-05 19:12:00","2010-10-05 19:12:00",0,"Never Converted"
"13342",581,NULL,"2010-05-06 16:44:00","2010-05-06 16:44:00",0,"Never Converted"
"14914",605,NULL,"2010-04-13 10:14:00","2010-04-13 10:14:00",0,"Never Converted"
"15997",616,NULL,"2010-04-01 13:04:00","2010-04-01 13:04:00",0,"Never Converted"
"17661",640,NULL,"2010-03-08 16:28:00","2010-03-08 16:28:00",0,"Never Converted"
"15767",640,NULL,"2009-12-04 14:56:00","2010-03-08 15:48:00",94,"Never Converted"
"13749",700,NULL,"2010-01-07 16:52:00","2010-01-07 16:52:00",0,"Never Converted"
"17632",716,NULL,"2009-12-22 10:40:00","2009-12-22 14:25:00",0,"Never Converted"
"16512",727,NULL,"2009-12-11 14:31:00","2009-12-11 14:31:00",0,"Never Converted"
"16220",727,NULL,"2009-12-11 13:36:00","2009-12-11 13:36:00",0,"Never Converted"
"17645",727,NULL,"2009-12-11 13:31:00","2009-12-11 13:31:00",0,"Never Converted"
"16580",728,NULL,"2009-12-11 12:40:00","2009-12-11 12:40:00",0,"Never Converted"
"12896",730,NULL,"2009-12-09 09:28:00","2009-12-09 09:28:00",0,"Never Converted"
"14864",730,NULL,"2009-12-08 17:07:00","2009-12-08 17:07:00",0,"Never Converted"
"14337",730,NULL,"2009-12-08 14:04:00","2009-12-08 14:04:00",0,"Never Converted"
"16853",730,NULL,"2009-12-08 17:32:00","2009-12-08 17:32:00",0,"Never Converted"
"14925",730,NULL,"2009-12-08 13:44:00","2009-12-08 13:44:00",0,"Never Converted"
"14763",731,NULL,"2009-12-07 17:59:00","2009-12-07 17:59:00",0,"Never Converted"
"17485",737,NULL,"2009-12-01 14:52:00","2009-12-01 14:52:00",0,"Never Converted"
"17641",738,NULL,"2009-12-01 12:35:00","2009-12-01 12:35:00",0,"Never Converted"
"16322",0,2,"2011-11-03 14:33:00","2011-12-08 15:41:00",35,"Converted"
"17528",0,8,"2011-09-29 13:04:00","2011-12-08 13:27:00",70,"Converted"
"17530",0,12,"2009-12-06 16:17:00","2011-12-08 18:42:00",732,"Converted"
"15951",0,3,"2010-11-23 18:20:00","2011-12-08 18:57:00",380,"Converted"
"17451",0,7,"2011-08-26 11:54:00","2011-12-08 15:02:00",104,"Converted"
"13510",0,11,"2009-12-14 13:51:00","2011-12-08 13:46:00",724,"Converted"
"17405",0,3,"2011-07-12 14:17:00","2011-12-08 17:12:00",149,"Converted"
"16705",0,42,"2009-12-09 13:34:00","2011-12-09 12:08:00",730,"Converted"
"14422",0,19,"2009-12-17 12:12:00","2011-12-09 11:26:00",722,"Converted"
"13318",0,3,"2011-11-02 13:26:00","2011-12-08 18:51:00",36,"Converted"
"17554",0,5,"2011-07-14 20:01:00","2011-12-08 14:15:00",147,"Converted"
"16794",0,15,"2010-03-25 15:17:00","2011-12-08 17:54:00",623,"Converted"
"17389",0,61,"2009-12-04 12:06:00","2011-12-09 09:38:00",735,"Converted"
"15910",0,15,"2010-01-21 11:51:00","2011-12-09 10:51:00",687,"Converted"
"17315",0,41,"2010-09-27 12:45:00","2011-12-09 11:58:00",438,"Converted"
"16688",0,4,"2011-10-10 12:23:00","2011-12-08 15:24:00",59,"Converted"
"16833",0,6,"2010-03-26 15:31:00","2011-12-08 14:39:00",622,"Converted"
"13471",0,4,"2011-10-23 13:10:00","2011-12-08 15:44:00",46,"Converted"
"17581",0,43,"2009-12-03 12:34:00","2011-12-09 12:21:00",736,"Converted"
"14056",0,23,"2011-02-28 15:19:00","2011-12-08 13:36:00",283,"Converted"
"15399",0,3,"2011-09-21 15:57:00","2011-12-08 13:04:00",78,"Converted"
"14051",0,37,"2009-12-03 11:53:00","2011-12-09 10:20:00",736,"Converted"
"13599",0,33,"2009-12-01 12:30:00","2011-12-08 19:26:00",737,"Converted"
"14415",0,23,"2009-12-16 14:08:00","2011-12-08 14:38:00",722,"Converted"
"17428",0,45,"2009-12-01 17:28:00","2011-12-09 09:45:00",738,"Converted"
"14446",0,5,"2010-11-18 12:08:00","2011-12-09 11:34:00",386,"Converted"
"13081",0,28,"2009-12-08 13:58:00","2011-12-08 13:13:00",730,"Converted"
"17644",0,20,"2010-02-16 08:44:00","2011-12-08 13:43:00",660,"Converted"
"13078",0,57,"2009-12-01 09:06:00","2011-12-08 18:48:00",737,"Converted"
"13069",0,38,"2010-06-14 14:27:00","2011-12-09 08:39:00",543,"Converted"
"17364",0,27,"2009-12-07 15:28:00","2011-12-09 09:00:00",732,"Converted"
"13077",0,11,"2009-12-11 11:17:00","2011-12-08 19:24:00",727,"Converted"
"17243",0,69,"2009-12-01 15:36:00","2011-12-08 13:26:00",737,"Converted"
"17668",0,2,"2011-11-01 14:45:00","2011-12-08 13:25:00",37,"Converted"
"17673",0,13,"2010-03-19 12:17:00","2011-12-08 13:06:00",629,"Converted"
"17675",0,70,"2009-12-10 16:10:00","2011-12-08 18:03:00",728,"Converted"
"14569",0,4,"2010-04-15 11:49:00","2011-12-08 14:58:00",602,"Converted"
"15344",0,3,"2011-09-26 14:48:00","2011-12-09 10:45:00",74,"Converted"
"12423",0,10,"2010-08-31 09:31:00","2011-12-09 10:10:00",465,"Converted"
"16626",0,17,"2011-03-18 12:27:00","2011-12-09 11:56:00",266,"Converted"
"15311",0,207,"2009-12-01 11:21:00","2011-12-09 12:00:00",738,"Converted"
"14441",0,11,"2010-01-18 10:40:00","2011-12-09 09:07:00",690,"Converted"
"17754",0,13,"2009-12-11 15:52:00","2011-12-09 11:20:00",728,"Converted"
"13890",0,14,"2009-12-06 15:15:00","2011-12-08 15:36:00",732,"Converted"
"17757",0,56,"2010-01-13 15:56:00","2011-12-08 15:31:00",694,"Converted"
"12433",0,10,"2010-08-20 09:23:00","2011-12-09 10:02:00",476,"Converted"
"15898",0,25,"2009-12-11 16:11:00","2011-12-08 15:23:00",727,"Converted"
"12748",0,322,"2009-12-04 17:31:00","2011-12-09 12:20:00",735,"Converted"
"13013",0,29,"2009-12-14 10:34:00","2011-12-08 15:01:00",724,"Converted"
"14606",0,184,"2009-12-03 12:40:00","2011-12-08 19:28:00",735,"Converted"
"13860",0,5,"2011-09-14 09:27:00","2011-12-08 12:57:00",85,"Converted"
"15796",0,17,"2009-12-01 12:18:00","2011-12-08 19:55:00",737,"Converted"
"13777",0,61,"2009-12-02 09:47:00","2011-12-09 12:25:00",737,"Converted"
"16933",0,9,"2009-12-09 15:03:00","2011-12-08 12:54:00",729,"Converted"
"14911",0,373,"2009-12-01 11:41:00","2011-12-08 15:54:00",737,"Converted"
"13883",0,14,"2009-12-23 10:00:00","2011-12-08 19:20:00",715,"Converted"
"12713",0,1,"2011-12-09 12:16:00","2011-12-09 12:16:00",0,"Converted"
"16558",0,38,"2009-12-03 18:11:00","2011-12-09 10:20:00",736,"Converted"
"12985",0,2,"2011-11-11 12:44:00","2011-12-09 10:46:00",28,"Converted"
"16401",0,23,"2010-06-02 13:13:00","2011-12-08 18:15:00",554,"Converted"
"13798",0,110,"2009-12-08 16:21:00","2011-12-08 15:51:00",730,"Converted"
"14796",0,27,"2009-12-14 15:06:00","2011-12-08 15:31:00",724,"Converted"
"14621",0,9,"2009-12-01 13:47:00","2011-12-08 16:22:00",737,"Converted"
"12680",0,4,"2011-08-18 15:44:00","2011-12-09 12:50:00",113,"Converted"
"13298",0,1,"2011-12-08 13:11:00","2011-12-08 13:11:00",0,"Converted"
"13113",0,37,"2010-03-28 16:13:00","2011-12-09 12:49:00",621,"Converted"
"15208",0,6,"2010-10-12 12:17:00","2011-12-08 17:24:00",422,"Converted"
"12662",0,20,"2010-04-01 09:50:00","2011-12-09 11:59:00",617,"Converted"
"14653",0,11,"2009-12-02 11:51:00","2011-12-08 13:45:00",736,"Converted"
"13426",0,22,"2009-12-09 15:16:00","2011-12-09 08:59:00",730,"Converted"
"13680",0,12,"2009-12-04 14:14:00","2011-12-08 13:47:00",734,"Converted"
"15189",0,46,"2010-07-18 13:37:00","2011-12-08 13:22:00",508,"Converted"
"17490",0,9,"2010-05-19 12:40:00","2011-12-09 09:08:00",569,"Converted"
"13404",0,2,"2011-05-11 11:57:00","2011-12-08 15:37:00",211,"Converted"
"17924",0,8,"2010-10-21 12:17:00","2011-12-08 19:28:00",413,"Converted"
"17144",0,2,"2011-09-16 12:50:00","2011-12-08 17:57:00",83,"Converted"
"13521",0,3,"2011-11-29 15:09:00","2011-12-08 13:50:00",9,"Converted"
"16892",0,7,"2009-12-08 14:20:00","2011-12-08 13:18:00",730,"Converted"
"16358",0,5,"2010-11-10 11:36:00","2011-12-08 15:09:00",393,"Converted"
"15156",0,3,"2011-11-06 12:41:00","2011-12-08 18:22:00",32,"Converted"
"16954",0,20,"2010-01-18 14:49:00","2011-12-09 09:46:00",690,"Converted"
"12476",0,18,"2010-07-26 09:04:00","2011-12-08 14:08:00",500,"Converted"
"17949",0,116,"2009-12-02 11:07:00","2011-12-08 18:46:00",736,"Converted"
"14702",0,29,"2009-12-10 20:22:00","2011-12-08 19:29:00",728,"Converted"
"14730",0,8,"2011-03-08 12:49:00","2011-12-08 14:39:00",275,"Converted"
"17001",0,19,"2010-03-25 12:41:00","2011-12-09 09:38:00",624,"Converted"
"13102",0,37,"2010-05-06 13:12:00","2011-12-08 12:52:00",581,"Converted"
"13263",0,38,"2010-10-22 17:07:00","2011-12-08 13:59:00",412,"Converted"
"12526",0,3,"2011-09-06 14:19:00","2011-12-09 12:09:00",94,"Converted"
"17491",0,17,"2010-04-28 11:57:00","2011-12-08 16:18:00",589,"Converted"
"15804",0,13,"2011-05-25 10:12:00","2011-12-09 12:31:00",198,"Converted"
"12518",0,5,"2011-08-21 13:18:00","2011-12-09 10:13:00",110,"Converted"
"13269",0,28,"2009-12-02 11:47:00","2011-12-08 14:53:00",736,"Converted"
"15694",0,23,"2009-12-07 15:43:00","2011-12-09 09:44:00",732,"Converted"
"18102",0,145,"2009-12-01 09:24:00","2011-12-09 11:50:00",738,"Converted"
"13098",0,28,"2011-01-26 13:46:00","2011-12-08 14:14:00",316,"Converted"
"12955",0,11,"2011-03-17 09:03:00","2011-12-08 16:29:00",266,"Converted"
"15484",0,6,"2009-12-05 15:18:00","2011-12-08 15:03:00",733,"Converted"
"13026",0,9,"2009-12-13 11:34:00","2011-12-08 16:58:00",725,"Converted"
"15755",0,17,"2009-12-04 08:24:00","2011-12-08 18:59:00",734,"Converted"
"14397",0,19,"2011-05-10 12:25:00","2011-12-09 09:57:00",213,"Converted"
"13536",0,7,"2011-09-25 13:30:00","2011-12-08 16:38:00",74,"Converted"
"17526",0,12,"2009-12-17 16:18:00","2011-12-08 18:56:00",721,"Converted"
"17436",1,5,"2009-12-07 12:31:00","2011-12-08 12:30:00",731,"Converted"
"17434",1,7,"2011-09-15 13:54:00","2011-12-07 13:16:00",83,"Converted"
"13534",1,35,"2010-07-07 15:00:00","2011-12-07 14:52:00",518,"Converted"
"15520",1,1,"2011-12-08 10:58:00","2011-12-08 10:58:00",0,"Converted"
"15950",1,10,"2010-01-26 10:54:00","2011-12-08 10:34:00",681,"Converted"
"15525",1,4,"2010-11-22 12:10:00","2011-12-07 15:39:00",380,"Converted"
"16779",1,53,"2009-12-03 13:03:00","2011-12-07 14:54:00",734,"Converted"
"14904",1,4,"2010-10-08 12:48:00","2011-12-07 12:55:00",425,"Converted"
"16393",1,23,"2009-12-01 12:13:00","2011-12-07 12:51:00",736,"Converted"
"13394",1,19,"2009-12-01 11:58:00","2011-12-08 11:36:00",737,"Converted"
"12437",1,38,"2009-12-02 16:24:00","2011-12-08 11:35:00",736,"Converted"
"14251",1,5,"2011-10-13 12:46:00","2011-12-08 08:32:00",56,"Converted"
"13769",1,20,"2009-12-16 11:59:00","2011-12-07 15:08:00",721,"Converted"
"13767",1,73,"2009-12-01 10:52:00","2011-12-07 15:00:00",736,"Converted"
"12462",1,2,"2011-02-09 14:44:00","2011-12-07 14:02:00",301,"Converted"
"16210",1,33,"2009-12-02 12:54:00","2011-12-08 12:36:00",736,"Converted"
"12471",1,71,"2009-12-02 14:43:00","2011-12-07 15:43:00",735,"Converted"
"13756",1,23,"2009-12-15 15:18:00","2011-12-07 16:44:00",722,"Converted"
"13408",1,106,"2009-12-04 09:31:00","2011-12-08 09:05:00",734,"Converted"
"12358",1,5,"2009-12-08 07:59:00","2011-12-08 10:26:00",730,"Converted"
"15701",1,4,"2011-08-21 12:36:00","2011-12-07 14:39:00",108,"Converted"
"13924",1,6,"2011-09-28 15:07:00","2011-12-08 09:39:00",71,"Converted"
"18109",1,38,"2010-07-01 12:13:00","2011-12-08 11:36:00",525,"Converted"
"16426",1,10,"2011-03-08 15:45:00","2011-12-07 14:01:00",274,"Converted"
"18092",1,18,"2009-12-04 12:37:00","2011-12-07 13:14:00",733,"Converted"
"16442",1,5,"2009-12-13 11:05:00","2011-12-08 11:43:00",725,"Converted"
"12523",1,23,"2009-12-02 10:28:00","2011-12-08 11:46:00",736,"Converted"
"16161",1,43,"2010-02-08 11:06:00","2011-12-08 12:10:00",668,"Converted"
"14189",1,16,"2010-11-16 09:28:00","2011-12-07 15:55:00",386,"Converted"
"14739",1,25,"2009-12-02 13:23:00","2011-12-07 14:32:00",735,"Converted"
"13954",1,2,"2011-09-30 10:52:00","2011-12-08 12:50:00",69,"Converted"
"14204",1,4,"2009-12-02 13:26:00","2011-12-07 13:38:00",735,"Converted"
"17097",1,9,"2010-10-05 14:09:00","2011-12-07 17:05:00",428,"Converted"
"12558",1,1,"2011-12-02 10:41:00","2011-12-08 10:14:00",6,"Converted"
"12569",1,32,"2011-04-01 13:47:00","2011-12-07 16:24:00",250,"Converted"
"14719",1,5,"2011-04-04 14:17:00","2011-12-08 12:43:00",248,"Converted"
"14191",1,15,"2009-12-11 10:47:00","2011-12-08 09:23:00",727,"Converted"
"13870",1,15,"2010-02-08 12:08:00","2011-12-07 13:23:00",667,"Converted"
"14698",1,5,"2011-10-19 12:54:00","2011-12-08 12:26:00",50,"Converted"
"14291",1,23,"2009-12-09 10:46:00","2011-12-08 10:26:00",729,"Converted"
"15159",1,34,"2010-10-04 09:31:00","2011-12-08 12:05:00",430,"Converted"
"12615",1,8,"2009-12-01 12:09:00","2011-12-07 15:02:00",736,"Converted"
"12621",1,35,"2010-02-09 12:01:00","2011-12-08 11:25:00",667,"Converted"
"16523",1,28,"2009-12-08 14:29:00","2011-12-08 09:06:00",730,"Converted"
"16891",1,11,"2009-12-04 12:37:00","2011-12-08 11:15:00",734,"Converted"
"15187",1,15,"2011-05-11 13:49:00","2011-12-08 11:56:00",211,"Converted"
"16525",1,48,"2009-12-02 13:53:00","2011-12-07 15:07:00",735,"Converted"
"17870",1,13,"2010-11-23 11:39:00","2011-12-07 15:07:00",379,"Converted"
"13436",1,1,"2011-12-08 10:33:00","2011-12-08 10:33:00",0,"Converted"
"14646",1,146,"2009-12-02 16:52:00","2011-12-08 12:12:00",736,"Converted"
"18273",1,4,"2010-04-28 12:24:00","2011-12-07 13:16:00",588,"Converted"
"15214",1,8,"2011-04-11 09:46:00","2011-12-08 12:07:00",241,"Converted"
"15237",1,4,"2011-04-26 15:04:00","2011-12-08 09:46:00",226,"Converted"
"17856",1,4,"2011-03-03 11:40:00","2011-12-08 09:40:00",280,"Converted"
"17841",1,211,"2009-12-02 15:41:00","2011-12-08 12:07:00",736,"Converted"
"17830",1,3,"2011-02-24 10:15:00","2011-12-08 12:28:00",287,"Converted"
"16368",1,3,"2010-09-30 11:30:00","2011-12-07 13:12:00",433,"Converted"
"12747",1,26,"2009-12-07 13:23:00","2011-12-07 14:34:00",730,"Converted"
"15877",1,2,"2011-11-22 11:18:00","2011-12-08 11:57:00",16,"Converted"
"15883",1,2,"2011-11-06 14:50:00","2011-12-07 17:05:00",31,"Converted"
"15298",1,23,"2009-12-08 17:04:00","2011-12-07 17:17:00",729,"Converted"
"12347",1,8,"2010-10-31 14:20:00","2011-12-07 15:52:00",402,"Converted"
"17735",1,26,"2010-07-30 13:25:00","2011-12-07 16:47:00",495,"Converted"
"12783",1,4,"2011-09-25 15:35:00","2011-12-07 15:56:00",73,"Converted"
"14032",1,16,"2009-12-14 12:02:00","2011-12-07 15:23:00",723,"Converted"
"14138",1,2,"2011-10-07 09:38:00","2011-12-08 12:44:00",62,"Converted"
"14135",1,24,"2009-12-02 08:58:00","2011-12-08 11:38:00",736,"Converted"
"17677",1,54,"2009-12-11 13:19:00","2011-12-08 09:56:00",727,"Converted"
"18223",1,26,"2009-12-04 12:20:00","2011-12-08 11:51:00",734,"Converted"
"16019",1,27,"2009-12-14 14:12:00","2011-12-08 10:06:00",724,"Converted"
"14217",1,23,"2010-06-30 12:54:00","2011-12-08 11:53:00",526,"Converted"
"17631",1,7,"2009-12-09 14:15:00","2011-12-08 09:47:00",729,"Converted"
"14520",1,2,"2011-02-22 09:15:00","2011-12-08 09:46:00",289,"Converted"
"16672",1,20,"2011-03-18 10:15:00","2011-12-07 16:29:00",264,"Converted"
"13468",1,72,"2009-12-03 13:32:00","2011-12-08 10:39:00",735,"Converted"
"17602",1,14,"2010-03-30 17:25:00","2011-12-07 13:53:00",617,"Converted"
"14132",1,11,"2011-06-09 12:04:00","2011-12-07 13:35:00",181,"Converted"
"17590",1,3,"2011-10-30 14:05:00","2011-12-07 12:55:00",38,"Converted"
"17266",1,5,"2010-03-09 10:42:00","2011-12-07 14:12:00",638,"Converted"
"14395",1,20,"2010-04-18 13:12:00","2011-12-07 14:34:00",598,"Converted"
"15443",1,14,"2010-03-07 12:10:00","2011-12-08 10:40:00",641,"Converted"
"15453",1,7,"2011-06-05 12:37:00","2011-12-08 10:59:00",186,"Converted"
"18210",1,7,"2010-11-22 09:39:00","2011-12-08 11:02:00",381,"Converted"
"12935",1,15,"2010-04-11 15:59:00","2011-12-07 17:25:00",605,"Converted"
"15471",1,3,"2010-06-07 12:17:00","2011-12-07 14:12:00",548,"Converted"
"17522",1,5,"2011-05-05 16:31:00","2011-12-08 12:31:00",217,"Converted"
"12950",1,3,"2011-11-15 13:48:00","2011-12-07 13:17:00",22,"Converted"
"13314",1,3,"2011-09-27 10:20:00","2011-12-08 12:29:00",72,"Converted"
"14129",1,9,"2010-05-09 14:54:00","2011-12-08 11:02:00",578,"Converted"
"14085",1,32,"2009-12-08 13:41:00","2011-12-07 13:46:00",729,"Converted"
"17449",1,13,"2009-12-09 14:16:00","2011-12-07 16:56:00",728,"Converted"
"14442",1,7,"2010-01-18 12:59:00","2011-12-08 11:53:00",689,"Converted"
"12375",2,2,"2011-09-02 14:23:00","2011-12-07 11:27:00",96,"Converted"
"18237",2,5,"2011-07-28 13:05:00","2011-12-07 12:49:00",132,"Converted"
"12417",2,20,"2009-12-06 10:30:00","2011-12-06 14:52:00",730,"Converted"
"14794",2,10,"2010-08-09 15:44:00","2011-12-07 10:11:00",485,"Converted"
"18154",2,5,"2010-08-06 09:18:00","2011-12-06 16:41:00",487,"Converted"
"17238",2,32,"2009-12-01 10:59:00","2011-12-07 11:35:00",736,"Converted"
"15498",2,44,"2009-12-16 17:27:00","2011-12-07 12:48:00",721,"Converted"
"12912",2,5,"2011-10-30 11:35:00","2011-12-07 08:55:00",38,"Converted"
"17835",2,3,"2011-11-16 16:30:00","2011-12-07 11:48:00",21,"Converted"
"12362",2,10,"2011-02-17 10:30:00","2011-12-06 15:40:00",292,"Converted"
"12709",2,32,"2009-12-09 13:49:00","2011-12-06 16:42:00",727,"Converted"
"17232",2,2,"2011-11-25 12:24:00","2011-12-07 12:21:00",12,"Converted"
"13109",2,3,"2010-06-06 12:59:00","2011-12-07 12:38:00",549,"Converted"
"16569",2,5,"2009-12-16 15:05:00","2011-12-06 15:32:00",720,"Converted"
"13949",2,6,"2011-09-06 11:55:00","2011-12-07 09:35:00",92,"Converted"
"17412",2,16,"2009-12-02 13:51:00","2011-12-07 11:36:00",735,"Converted"
"16817",2,13,"2010-10-04 09:06:00","2011-12-07 11:03:00",429,"Converted"
"14708",2,5,"2010-09-10 10:26:00","2011-12-07 08:21:00",453,"Converted"
"15194",2,28,"2009-12-03 10:37:00","2011-12-06 15:10:00",733,"Converted"
"12650",2,1,"2011-12-06 16:34:00","2011-12-06 16:34:00",0,"Converted"
"16191",2,24,"2009-12-11 12:24:00","2011-12-07 11:26:00",726,"Converted"
"12720",2,29,"2010-07-21 09:46:00","2011-12-07 08:03:00",504,"Converted"
"13323",2,5,"2011-09-16 13:23:00","2011-12-06 17:12:00",81,"Converted"
"12989",2,33,"2009-12-10 13:27:00","2011-12-06 15:28:00",726,"Converted"
"16539",2,10,"2010-06-25 15:24:00","2011-12-07 08:41:00",530,"Converted"
"12839",2,26,"2009-12-07 09:18:00","2011-12-07 12:33:00",730,"Converted"
"15195",2,1,"2011-12-07 12:20:00","2011-12-07 12:20:00",0,"Converted"
"12826",2,12,"2009-12-18 10:43:00","2011-12-07 10:25:00",719,"Converted"
"13089",2,203,"2009-12-02 15:44:00","2011-12-07 09:02:00",735,"Converted"
"18272",2,9,"2010-03-04 12:53:00","2011-12-07 12:43:00",643,"Converted"
"16554",2,8,"2009-12-15 09:42:00","2011-12-06 14:52:00",721,"Converted"
"17049",2,19,"2010-03-04 10:23:00","2011-12-07 10:48:00",643,"Converted"
"12442",2,1,"2011-12-06 14:22:00","2011-12-06 14:22:00",0,"Converted"
"17091",2,19,"2009-12-01 13:40:00","2011-12-07 10:43:00",736,"Converted"
"13507",2,4,"2011-07-17 11:50:00","2011-12-06 13:13:00",142,"Converted"
"13267",2,36,"2009-12-07 16:56:00","2011-12-07 11:12:00",730,"Converted"
"15136",2,4,"2011-09-04 16:05:00","2011-12-07 12:26:00",94,"Converted"
"16571",2,10,"2010-03-18 09:12:00","2011-12-06 14:07:00",628,"Converted"
"12583",2,27,"2009-12-06 11:57:00","2011-12-07 08:07:00",731,"Converted"
"13225",2,16,"2009-12-17 09:09:00","2011-12-06 13:29:00",719,"Converted"
"15822",2,6,"2009-12-06 14:34:00","2011-12-06 14:50:00",730,"Converted"
"12967",2,3,"2010-11-21 11:03:00","2011-12-06 14:19:00",380,"Converted"
"12828",2,6,"2011-08-01 16:16:00","2011-12-07 08:45:00",128,"Converted"
"14298",2,82,"2009-12-11 13:49:00","2011-12-06 15:04:00",725,"Converted"
"15622",2,17,"2010-01-07 13:24:00","2011-12-06 14:57:00",698,"Converted"
"16201",2,5,"2010-10-20 12:00:00","2011-12-06 16:02:00",412,"Converted"
"16711",2,9,"2009-12-02 13:22:00","2011-12-06 16:32:00",734,"Converted"
"16000",2,3,"2011-12-07 12:14:00","2011-12-07 12:17:00",0,"Converted"
"17883",2,7,"2010-02-25 20:07:00","2011-12-06 17:49:00",649,"Converted"
"17017",2,29,"2009-12-03 13:22:00","2011-12-07 09:32:00",734,"Converted"
"16143",2,12,"2009-12-10 09:44:00","2011-12-06 14:13:00",726,"Converted"
"15984",2,30,"2009-12-01 13:38:00","2011-12-07 12:16:00",736,"Converted"
"13743",2,7,"2011-03-25 14:46:00","2011-12-07 10:09:00",257,"Converted"
"14673",2,7,"2010-10-26 10:14:00","2011-12-06 14:31:00",406,"Converted"
"14868",2,12,"2010-10-15 14:52:00","2011-12-06 14:49:00",417,"Converted"
"15814",2,6,"2010-04-15 14:31:00","2011-12-06 15:01:00",600,"Converted"
"17705",2,11,"2010-05-12 09:47:00","2011-12-06 13:45:00",573,"Converted"
"13014",2,11,"2010-10-03 11:35:00","2011-12-07 09:24:00",430,"Converted"
"14907",2,16,"2009-12-08 18:35:00","2011-12-06 14:14:00",728,"Converted"
"17042",2,5,"2011-04-06 14:53:00","2011-12-07 12:26:00",245,"Converted"
"13362",2,7,"2010-10-10 15:27:00","2011-12-06 13:57:00",422,"Converted"
"17511",2,60,"2009-12-02 10:52:00","2011-12-07 10:12:00",735,"Converted"
"14503",2,6,"2011-06-14 10:00:00","2011-12-06 13:30:00",175,"Converted"
"16016",2,11,"2010-11-02 13:27:00","2011-12-06 14:35:00",399,"Converted"
"17119",2,2,"2011-10-11 11:03:00","2011-12-06 14:40:00",56,"Converted"
"15023",2,20,"2010-02-03 15:45:00","2011-12-06 17:23:00",671,"Converted"
"13685",2,7,"2011-10-10 12:59:00","2011-12-07 11:41:00",58,"Converted"
"16987",2,11,"2009-12-02 14:34:00","2011-12-06 17:26:00",734,"Converted"
"14769",2,17,"2009-12-16 09:17:00","2011-12-07 10:24:00",721,"Converted"
"14534",2,26,"2010-03-15 14:16:00","2011-12-07 12:19:00",632,"Converted"
"14527",2,121,"2009-12-02 12:06:00","2011-12-07 12:19:00",735,"Converted"
"16678",2,12,"2011-03-02 09:24:00","2011-12-07 12:17:00",280,"Converted"
"15969",2,5,"2010-07-05 13:10:00","2011-12-07 11:06:00",520,"Converted"
"16076",2,10,"2011-05-15 12:31:00","2011-12-06 14:59:00",205,"Converted"
"18225",2,26,"2009-12-04 16:51:00","2011-12-06 13:27:00",732,"Converted"
"15750",2,18,"2009-12-01 16:26:00","2011-12-07 12:34:00",736,"Converted"
"16458",2,30,"2010-05-26 14:38:00","2011-12-07 09:34:00",560,"Converted"
"14293",2,9,"2009-12-10 10:57:00","2011-12-06 15:17:00",726,"Converted"
"16313",2,2,"2011-10-21 09:04:00","2011-12-06 13:02:00",46,"Converted"
"14216",2,5,"2010-10-21 15:07:00","2011-12-06 14:56:00",411,"Converted"
"17861",2,18,"2009-12-10 10:33:00","2011-12-06 16:21:00",726,"Converted"
"18219",2,17,"2009-12-07 13:17:00","2011-12-07 11:43:00",730,"Converted"
"14282",2,25,"2010-02-15 11:22:00","2011-12-06 17:04:00",659,"Converted"
"17857",2,23,"2010-03-08 12:09:00","2011-12-06 13:41:00",638,"Converted"
"14141",2,4,"2011-08-26 14:40:00","2011-12-07 09:53:00",103,"Converted"
"12785",2,3,"2009-12-08 13:56:00","2011-12-07 12:46:00",729,"Converted"
"13882",2,5,"2011-10-06 15:28:00","2011-12-07 11:16:00",62,"Converted"
"12820",2,11,"2009-12-05 13:37:00","2011-12-06 15:12:00",731,"Converted"
"17730",2,20,"2010-04-29 11:48:00","2011-12-06 15:43:00",586,"Converted"
"13104",2,9,"2010-02-24 15:06:00","2011-12-06 13:10:00",650,"Converted"
"16495",2,3,"2011-03-08 16:38:00","2011-12-06 13:20:00",273,"Converted"
"15568",2,3,"2011-09-27 14:37:00","2011-12-07 11:27:00",71,"Converted"
"17503",2,2,"2011-11-01 11:12:00","2011-12-07 09:18:00",36,"Converted"
"14871",2,9,"2009-12-01 11:57:00","2011-12-06 13:42:00",735,"Converted"
"14578",2,1,"2011-12-06 17:18:00","2011-12-06 17:18:00",0,"Converted"
"14910",2,4,"2011-10-16 11:06:00","2011-12-07 10:06:00",52,"Converted"
"14087",2,3,"2009-12-04 15:27:00","2011-12-07 12:41:00",733,"Converted"
"13668",2,35,"2009-12-11 14:28:00","2011-12-07 12:14:00",726,"Converted"
"14572",2,11,"2010-03-28 13:47:00","2011-12-06 14:40:00",618,"Converted"
"12753",3,6,"2010-12-12 11:44:00","2011-12-06 11:40:00",359,"Converted"
"16851",3,3,"2011-10-19 09:48:00","2011-12-05 13:32:00",47,"Converted"
"16684",3,55,"2009-12-07 12:56:00","2011-12-05 14:06:00",728,"Converted"
"17426",3,13,"2010-02-17 13:39:00","2011-12-05 16:12:00",656,"Converted"
"12971",3,116,"2009-12-15 19:04:00","2011-12-06 12:20:00",721,"Converted"
"17218",3,18,"2010-01-25 16:12:00","2011-12-05 13:52:00",679,"Converted"
"16597",3,1,"2011-12-05 15:44:00","2011-12-05 15:44:00",0,"Converted"
"12766",3,9,"2010-10-28 09:29:00","2011-12-06 08:46:00",404,"Converted"
"15856",3,52,"2009-12-03 14:02:00","2011-12-05 17:09:00",732,"Converted"
"15145",3,4,"2011-04-05 15:20:00","2011-12-05 17:21:00",244,"Converted"
"17744",3,7,"2010-11-24 09:34:00","2011-12-06 12:11:00",377,"Converted"
"16600",3,13,"2009-12-18 12:59:00","2011-12-05 16:00:00",717,"Converted"
"17346",3,26,"2010-04-18 12:18:00","2011-12-06 12:18:00",597,"Converted"
"12877",3,20,"2010-01-18 10:23:00","2011-12-06 10:30:00",687,"Converted"
"13021",3,17,"2009-12-05 12:02:00","2011-12-05 16:37:00",730,"Converted"
"16057",3,10,"2009-12-10 12:38:00","2011-12-05 16:36:00",725,"Converted"
"12478",3,1,"2011-12-06 09:56:00","2011-12-06 09:56:00",0,"Converted"
"13311",3,2,"2011-07-12 14:26:00","2011-12-05 12:55:00",146,"Converted"
"17250",3,2,"2011-03-23 16:45:00","2011-12-06 12:15:00",258,"Converted"
"14735",3,55,"2009-12-04 11:32:00","2011-12-06 12:09:00",732,"Converted"
"14110",3,33,"2009-12-01 09:50:00","2011-12-06 12:26:00",735,"Converted"
"13173",3,11,"2009-12-10 12:52:00","2011-12-05 15:51:00",725,"Converted"
"17728",3,5,"2010-09-12 14:58:00","2011-12-06 08:52:00",450,"Converted"
"17611",3,28,"2009-12-01 13:29:00","2011-12-06 09:46:00",735,"Converted"
"16620",3,6,"2009-12-01 14:35:00","2011-12-06 12:19:00",735,"Converted"
"15318",3,1,"2011-12-06 11:30:00","2011-12-06 11:30:00",0,"Converted"
"14401",3,22,"2009-12-14 13:22:00","2011-12-05 13:30:00",721,"Converted"
"16013",3,84,"2009-12-08 10:24:00","2011-12-06 10:36:00",728,"Converted"
"17383",3,2,"2010-09-12 14:54:00","2011-12-05 17:36:00",449,"Converted"
"17706",3,31,"2010-01-19 12:13:00","2011-12-05 13:34:00",685,"Converted"
"14825",3,24,"2010-04-06 14:14:00","2011-12-06 11:38:00",609,"Converted"
"14562",3,26,"2010-02-07 14:10:00","2011-12-06 11:05:00",667,"Converted"
"14083",3,11,"2009-12-18 11:34:00","2011-12-05 13:14:00",717,"Converted"
"13083",3,3,"2010-10-10 13:38:00","2011-12-05 15:01:00",421,"Converted"
"14140",3,2,"2011-11-08 11:20:00","2011-12-06 09:05:00",28,"Converted"
"13079",3,6,"2010-10-18 14:15:00","2011-12-05 16:53:00",413,"Converted"
"14096",3,17,"2011-08-30 10:49:00","2011-12-05 17:17:00",97,"Converted"
"17481",3,4,"2011-09-07 09:57:00","2011-12-06 12:28:00",90,"Converted"
"17676",3,10,"2010-03-30 10:49:00","2011-12-05 15:16:00",615,"Converted"
"16790",3,6,"2011-11-02 11:23:00","2011-12-06 11:53:00",34,"Converted"
"13790",3,1,"2011-12-05 15:48:00","2011-12-05 15:48:00",0,"Converted"
"16015",3,3,"2011-10-21 12:56:00","2011-12-06 10:58:00",46,"Converted"
"14543",3,39,"2009-12-01 13:47:00","2011-12-06 10:32:00",735,"Converted"
"17666",3,5,"2010-06-30 12:03:00","2011-12-06 09:06:00",524,"Converted"
"17659",3,14,"2010-11-18 14:20:00","2011-12-06 09:29:00",383,"Converted"
"14547",3,8,"2011-10-16 14:35:00","2011-12-06 11:06:00",51,"Converted"
"14546",3,11,"2009-12-06 13:10:00","2011-12-05 16:33:00",729,"Converted"
"14121",3,4,"2011-10-11 10:39:00","2011-12-06 12:19:00",56,"Converted"
"14737",3,4,"2010-11-04 11:29:00","2011-12-06 10:16:00",397,"Converted"
"16910",3,8,"2011-09-09 14:14:00","2011-12-05 12:51:00",87,"Converted"
"13694",3,143,"2009-12-04 15:26:00","2011-12-06 09:32:00",732,"Converted"
"16968",3,2,"2011-08-24 10:51:00","2011-12-05 15:02:00",103,"Converted"
"15157",3,5,"2009-12-10 14:44:00","2011-12-06 11:28:00",726,"Converted"
"18198",3,17,"2011-01-07 13:39:00","2011-12-05 14:49:00",332,"Converted"
"15854",3,21,"2009-12-10 12:08:00","2011-12-05 13:39:00",725,"Converted"
"16200",3,12,"2009-12-02 15:04:00","2011-12-05 14:40:00",733,"Converted"
"18044",3,18,"2010-05-28 15:31:00","2011-12-05 14:26:00",556,"Converted"
"13985",3,22,"2010-02-09 13:56:00","2011-12-05 17:06:00",664,"Converted"
"18005",3,2,"2011-10-23 14:40:00","2011-12-06 11:51:00",44,"Converted"
"13709",3,18,"2010-01-11 10:40:00","2011-12-06 10:28:00",694,"Converted"
"12628",3,3,"2011-10-06 09:28:00","2011-12-05 13:15:00",60,"Converted"
"16979",3,9,"2010-09-15 14:30:00","2011-12-06 12:21:00",447,"Converted"
"13914",3,2,"2011-11-03 16:28:00","2011-12-06 10:54:00",33,"Converted"
"14113",3,16,"2009-12-07 10:44:00","2011-12-06 12:18:00",729,"Converted"
"14219",3,3,"2010-08-03 14:42:00","2011-12-05 16:23:00",489,"Converted"
"17920",3,54,"2009-12-06 10:37:00","2011-12-05 14:29:00",729,"Converted"
"12957",3,13,"2009-12-11 12:01:00","2011-12-05 16:32:00",724,"Converted"
"15061",3,127,"2009-12-01 12:18:00","2011-12-06 12:06:00",735,"Converted"
"17914",3,1,"2011-12-06 11:58:00","2011-12-06 11:58:00",0,"Converted"
"18015",3,1,"2011-12-05 14:49:00","2011-12-05 14:49:00",0,"Converted"
"16949",3,6,"2011-01-27 12:11:00","2011-12-06 11:07:00",313,"Converted"
"16528",3,1,"2011-12-06 12:45:00","2011-12-06 12:45:00",0,"Converted"
"17290",3,8,"2009-12-13 13:28:00","2011-12-06 12:38:00",723,"Converted"
"14655",3,7,"2010-04-22 14:29:00","2011-12-06 10:52:00",593,"Converted"
"13230",3,30,"2010-03-18 20:02:00","2011-12-05 16:03:00",627,"Converted"
"15097",3,3,"2010-05-05 14:22:00","2011-12-05 14:03:00",579,"Converted"
"15690",3,2,"2011-08-31 11:40:00","2011-12-05 15:59:00",96,"Converted"
"15992",3,3,"2010-09-12 11:52:00","2011-12-06 11:00:00",450,"Converted"
"16904",3,20,"2010-10-24 16:03:00","2011-12-05 13:10:00",407,"Converted"
"17884",3,20,"2009-12-04 16:22:00","2011-12-06 11:33:00",732,"Converted"
"12584",3,9,"2011-03-04 15:15:00","2011-12-06 09:35:00",277,"Converted"
"16353",3,38,"2009-12-07 13:55:00","2011-12-06 12:23:00",729,"Converted"
"14198",3,9,"2010-01-05 10:07:00","2011-12-05 16:34:00",699,"Converted"
"12994",3,3,"2011-03-16 08:31:00","2011-12-05 15:43:00",264,"Converted"
"16764",3,13,"2011-07-19 17:17:00","2011-12-06 11:41:00",140,"Converted"
"17090",3,13,"2010-07-19 16:02:00","2011-12-05 13:44:00",504,"Converted"
"13001",3,33,"2009-12-03 14:43:00","2011-12-05 14:51:00",732,"Converted"
"13255",3,3,"2010-07-15 13:20:00","2011-12-06 10:56:00",509,"Converted"
"13755",3,9,"2011-10-07 15:45:00","2011-12-06 12:26:00",60,"Converted"
"14793",3,2,"2010-06-22 16:54:00","2011-12-05 16:25:00",531,"Converted"
"12682",3,51,"2009-12-01 09:28:00","2011-12-06 10:00:00",735,"Converted"
"12683",3,20,"2009-12-13 15:01:00","2011-12-05 16:28:00",722,"Converted"
"15550",3,12,"2009-12-03 15:15:00","2011-12-05 15:38:00",732,"Converted"
"17404",3,21,"2010-01-07 11:31:00","2011-12-05 16:26:00",697,"Converted"
"16929",3,7,"2011-07-07 12:39:00","2011-12-06 08:37:00",152,"Converted"
"14629",3,2,"2011-10-23 16:13:00","2011-12-05 16:55:00",43,"Converted"
"12479",3,1,"2011-11-28 13:26:00","2011-12-06 09:25:00",8,"Converted"
"12921",3,74,"2009-12-01 13:43:00","2011-12-06 09:56:00",735,"Converted"
"16379",3,4,"2011-09-22 09:33:00","2011-12-05 15:38:00",74,"Converted"
"18283",3,22,"2010-02-19 17:16:00","2011-12-06 12:02:00",655,"Converted"
"13994",3,6,"2011-07-14 18:28:00","2011-12-06 11:05:00",145,"Converted"
"18030",3,2,"2011-10-28 13:55:00","2011-12-05 16:37:00",38,"Converted"
"14071",3,8,"2011-03-20 11:33:00","2011-12-06 12:27:00",261,"Converted"
"14418",3,3,"2011-08-23 17:18:00","2011-12-06 11:39:00",105,"Converted"
"13881",3,43,"2010-03-04 14:41:00","2011-12-06 12:50:00",642,"Converted"
"12716",3,2,"2011-07-29 13:28:00","2011-12-06 08:55:00",130,"Converted"
"15907",3,3,"2011-05-13 13:01:00","2011-12-06 12:21:00",207,"Converted"
"14777",3,1,"2010-11-01 12:50:00","2011-12-05 13:20:00",399,"Converted"
"12723",3,5,"2011-10-05 15:52:00","2011-12-06 10:19:00",62,"Converted"
"14696",3,8,"2010-10-14 11:43:00","2011-12-05 13:43:00",417,"Converted"
"17817",3,6,"2010-10-13 15:07:00","2011-12-05 14:39:00",418,"Converted"
"15274",3,2,"2011-11-21 14:17:00","2011-12-05 16:57:00",14,"Converted"
"14608",3,10,"2009-12-06 12:34:00","2011-12-05 16:52:00",729,"Converted"
"15640",3,29,"2009-12-14 16:36:00","2011-12-05 14:35:00",721,"Converted"
"17811",3,47,"2010-09-20 11:24:00","2011-12-05 13:46:00",441,"Converted"
"13199",3,66,"2009-12-05 10:11:00","2011-12-06 12:30:00",731,"Converted"
"12367",3,1,"2011-12-05 16:48:00","2011-12-05 16:48:00",0,"Converted"
"15031",3,14,"2009-12-08 13:38:00","2011-12-05 14:19:00",727,"Converted"
"15932",3,8,"2011-02-23 14:50:00","2011-12-05 17:13:00",285,"Converted"
"13305",3,16,"2010-03-10 14:49:00","2011-12-05 15:15:00",635,"Converted"
"16133",3,56,"2010-03-31 12:21:00","2011-12-06 11:24:00",615,"Converted"
"16592",3,28,"2009-12-18 15:57:00","2011-12-05 13:49:00",717,"Converted"
"15621",3,4,"2011-11-18 11:49:00","2011-12-05 14:01:00",17,"Converted"
"18167",3,3,"2011-08-26 11:40:00","2011-12-06 09:49:00",102,"Converted"
"12749",3,9,"2010-07-06 15:05:00","2011-12-06 09:56:00",518,"Converted"
"14869",3,6,"2009-12-16 11:43:00","2011-12-06 10:55:00",720,"Converted"
"17593",3,11,"2009-12-04 14:35:00","2011-12-06 10:30:00",732,"Converted"
"15572",4,10,"2010-04-14 14:38:00","2011-12-05 10:09:00",600,"Converted"
"13417",4,6,"2010-02-08 12:39:00","2011-12-05 08:49:00",665,"Converted"
"16500",4,9,"2010-06-14 14:54:00","2011-12-05 12:04:00",539,"Converted"
"13704",4,9,"2011-09-12 14:40:00","2011-12-04 15:13:00",83,"Converted"
"16513",4,4,"2011-10-27 14:56:00","2011-12-05 10:18:00",39,"Converted"
"17954",4,19,"2009-12-09 13:22:00","2011-12-04 14:15:00",725,"Converted"
"17131",4,5,"2011-09-25 12:42:00","2011-12-04 12:52:00",70,"Converted"
"15053",4,3,"2011-03-03 12:06:00","2011-12-05 12:08:00",277,"Converted"
"17936",4,1,"2011-12-04 13:32:00","2011-12-04 13:32:00",0,"Converted"
"14075",4,5,"2010-08-26 13:42:00","2011-12-05 08:38:00",466,"Converted"
"14194",4,36,"2009-12-10 19:18:00","2011-12-05 10:38:00",725,"Converted"
"14658",4,2,"2011-08-14 15:42:00","2011-12-04 15:35:00",112,"Converted"
"12646",4,2,"2011-10-21 12:52:00","2011-12-05 10:14:00",45,"Converted"
"16535",4,2,"2010-11-19 13:01:00","2011-12-04 15:18:00",380,"Converted"
"12381",4,3,"2011-08-12 09:57:00","2011-12-05 12:44:00",115,"Converted"
"14649",4,9,"2010-01-20 13:10:00","2011-12-05 12:30:00",684,"Converted"
"13435",4,9,"2010-07-27 16:56:00","2011-12-04 14:59:00",495,"Converted"
"14456",4,9,"2011-07-20 13:06:00","2011-12-04 13:59:00",137,"Converted"
"12673",4,3,"2010-11-03 10:46:00","2011-12-04 13:55:00",396,"Converted"
"17173",4,8,"2011-07-31 15:26:00","2011-12-04 14:40:00",126,"Converted"
"16873",4,12,"2010-02-09 14:17:00","2011-12-05 12:05:00",664,"Converted"
"15867",4,31,"2009-12-14 15:16:00","2011-12-04 13:37:00",720,"Converted"
"17006",4,8,"2010-03-05 13:33:00","2011-12-05 12:09:00",640,"Converted"
"15033",4,10,"2011-01-14 13:28:00","2011-12-05 12:40:00",325,"Converted"
"17827",4,6,"2010-03-28 12:20:00","2011-12-04 15:00:00",616,"Converted"
"12719",4,2,"2011-10-05 14:50:00","2011-12-04 13:45:00",60,"Converted"
"12724",4,7,"2010-06-22 14:00:00","2011-12-04 16:02:00",530,"Converted"
"15628",4,17,"2009-12-13 13:39:00","2011-12-05 10:24:00",722,"Converted"
"15290",4,26,"2010-02-24 10:15:00","2011-12-05 11:39:00",649,"Converted"
"16931",4,23,"2010-11-07 13:24:00","2011-12-04 13:15:00",392,"Converted"
"16988",4,2,"2010-11-25 09:22:00","2011-12-04 16:02:00",374,"Converted"
"17750",4,9,"2011-06-28 15:44:00","2011-12-04 14:09:00",159,"Converted"
"13630",4,7,"2011-02-27 12:49:00","2011-12-04 15:16:00",280,"Converted"
"12782",4,11,"2010-07-08 13:31:00","2011-12-05 09:16:00",515,"Converted"
"15358",4,42,"2009-12-07 12:19:00","2011-12-05 09:04:00",728,"Converted"
"16642",4,3,"2010-10-20 14:22:00","2011-12-05 11:31:00",411,"Converted"
"14102",4,5,"2011-10-26 12:46:00","2011-12-04 15:38:00",39,"Converted"
"12841",4,40,"2010-07-08 15:38:00","2011-12-05 11:13:00",515,"Converted"
"15392",4,7,"2010-10-04 12:50:00","2011-12-05 11:01:00",427,"Converted"
"14060",4,30,"2010-03-11 09:47:00","2011-12-05 12:29:00",634,"Converted"
"16682",4,5,"2011-06-05 11:02:00","2011-12-05 12:13:00",183,"Converted"
"17254",4,3,"2010-11-03 14:00:00","2011-12-05 12:46:00",397,"Converted"
"16360",4,6,"2011-09-12 13:50:00","2011-12-05 12:16:00",84,"Converted"
"17579",4,4,"2010-05-10 14:28:00","2011-12-05 12:28:00",574,"Converted"
"18180",4,6,"2011-07-20 08:59:00","2011-12-05 08:39:00",138,"Converted"
"12913",4,13,"2009-12-01 12:18:00","2011-12-05 12:11:00",734,"Converted"
"17402",4,22,"2009-12-16 17:40:00","2011-12-05 10:15:00",719,"Converted"
"13126",4,13,"2010-03-02 12:24:00","2011-12-05 10:00:00",643,"Converted"
"12925",4,3,"2010-04-26 10:32:00","2011-12-05 11:11:00",588,"Converted"
"13319",4,58,"2009-12-06 14:46:00","2011-12-04 13:34:00",728,"Converted"
"16811",4,2,"2011-11-22 17:19:00","2011-12-05 11:39:00",13,"Converted"
"14931",4,4,"2011-04-13 09:32:00","2011-12-05 10:19:00",236,"Converted"
"16905",4,17,"2009-12-10 20:04:00","2011-12-04 14:01:00",724,"Converted"
"14759",4,3,"2011-04-21 10:55:00","2011-12-05 12:03:00",228,"Converted"
"12490",4,20,"2009-12-01 12:52:00","2011-12-04 16:07:00",733,"Converted"
"13736",4,7,"2009-12-06 12:07:00","2011-12-04 15:19:00",728,"Converted"
"16149",4,3,"2010-10-06 15:54:00","2011-12-05 11:29:00",425,"Converted"
"16746",4,42,"2009-12-04 13:00:00","2011-12-05 12:33:00",731,"Converted"
"12560",4,2,"2011-07-19 15:55:00","2011-12-04 13:54:00",138,"Converted"
"13956",4,5,"2011-03-13 12:51:00","2011-12-04 13:20:00",266,"Converted"
"13596",5,2,"2011-11-27 11:57:00","2011-12-04 12:01:00",7,"Converted"
"16438",5,5,"2011-09-18 13:31:00","2011-12-04 10:51:00",77,"Converted"
"16283",5,8,"2010-02-28 13:50:00","2011-12-04 12:08:00",644,"Converted"
"13822",5,2,"2011-10-30 15:55:00","2011-12-04 12:13:00",35,"Converted"
"17114",5,8,"2011-01-09 11:39:00","2011-12-04 12:17:00",329,"Converted"
"13558",5,4,"2011-10-02 13:01:00","2011-12-04 11:24:00",63,"Converted"
"17858",5,30,"2009-12-06 15:41:00","2011-12-04 11:56:00",728,"Converted"
"17629",5,10,"2010-10-14 13:35:00","2011-12-04 10:56:00",416,"Converted"
"17618",5,11,"2010-01-24 11:03:00","2011-12-04 11:50:00",679,"Converted"
"15773",5,2,"2010-10-26 15:27:00","2011-12-04 12:48:00",404,"Converted"
"16561",5,2,"2011-10-11 09:53:00","2011-12-04 11:50:00",54,"Converted"
"13838",5,10,"2010-05-09 11:40:00","2011-12-04 11:00:00",574,"Converted"
"16033",5,27,"2010-08-11 16:44:00","2011-12-04 12:44:00",480,"Converted"
"12827",5,3,"2011-10-26 15:44:00","2011-12-04 12:17:00",39,"Converted"
"16326",5,24,"2010-01-28 13:23:00","2011-12-04 10:11:00",675,"Converted"
"14583",5,8,"2010-03-28 15:16:00","2011-12-04 12:32:00",616,"Converted"
"14354",5,2,"2011-11-09 15:36:00","2011-12-04 11:32:00",25,"Converted"
"14720",5,3,"2011-08-05 12:06:00","2011-12-04 12:02:00",121,"Converted"
"13153",5,1,"2011-12-04 12:14:00","2011-12-04 12:14:00",0,"Converted"
"13808",5,5,"2011-09-04 12:07:00","2011-12-04 12:18:00",91,"Converted"
"12952",5,4,"2011-09-22 16:37:00","2011-12-04 10:35:00",73,"Converted"
"18065",5,28,"2009-12-09 16:00:00","2011-12-04 10:30:00",725,"Converted"
"14031",6,44,"2009-12-03 15:35:00","2011-12-02 17:13:00",729,"Converted"
"13780",6,3,"2010-10-28 19:51:00","2011-12-02 13:49:00",400,"Converted"
"18174",6,2,"2010-04-15 12:17:00","2011-12-02 16:56:00",596,"Converted"
"17221",6,5,"2010-04-11 15:34:00","2011-12-02 13:35:00",600,"Converted"
"13884",6,10,"2010-08-26 19:57:00","2011-12-02 16:30:00",463,"Converted"
"14023",6,2,"2011-04-03 15:50:00","2011-12-02 13:58:00",243,"Converted"
"13309",6,6,"2010-11-12 12:10:00","2011-12-02 16:34:00",385,"Converted"
"16359",6,16,"2010-02-16 10:39:00","2011-12-02 17:04:00",654,"Converted"
"13953",6,12,"2009-12-11 12:58:00","2011-12-02 16:04:00",721,"Converted"
"12970",6,10,"2009-12-04 14:19:00","2011-12-02 14:30:00",728,"Converted"
"14594",6,2,"2010-12-01 13:54:00","2011-12-02 13:28:00",366,"Converted"
"14493",6,10,"2010-03-08 08:33:00","2011-12-02 16:14:00",634,"Converted"
"17584",6,6,"2010-01-25 08:17:00","2011-12-02 17:12:00",676,"Converted"
"16474",6,7,"2011-07-17 14:51:00","2011-12-02 13:02:00",138,"Converted"
"16989",6,6,"2011-07-12 09:11:00","2011-12-02 16:39:00",143,"Converted"
"14250",6,3,"2011-09-11 13:44:00","2011-12-02 14:30:00",82,"Converted"
"17567",6,9,"2010-09-24 10:48:00","2011-12-02 15:48:00",434,"Converted"
"15271",6,24,"2010-08-05 14:57:00","2011-12-02 14:11:00",484,"Converted"
"15769",6,46,"2009-12-11 09:58:00","2011-12-02 13:52:00",721,"Converted"
"12704",6,8,"2011-06-23 10:20:00","2011-12-02 13:15:00",162,"Converted"
"18245",6,20,"2010-03-08 15:26:00","2011-12-02 14:48:00",634,"Converted"
"12695",6,7,"2010-02-12 13:22:00","2011-12-02 13:22:00",658,"Converted"
"15123",6,5,"2010-03-16 09:49:00","2011-12-02 13:12:00",626,"Converted"
"17086",6,6,"2011-10-07 11:22:00","2011-12-02 13:54:00",56,"Converted"
"12962",6,2,"2011-08-18 13:38:00","2011-12-02 15:55:00",106,"Converted"
"14428",6,5,"2011-01-18 16:39:00","2011-12-02 13:17:00",318,"Converted"
"15078",6,52,"2009-12-04 12:03:00","2011-12-02 15:41:00",728,"Converted"
"12668",6,9,"2010-01-31 15:45:00","2011-12-02 15:10:00",670,"Converted"
"16103",6,22,"2010-01-08 12:08:00","2011-12-02 14:16:00",693,"Converted"
"14788",6,3,"2010-04-22 18:16:00","2011-12-02 17:06:00",589,"Converted"
"15547",6,26,"2009-12-06 13:40:00","2011-12-02 12:52:00",726,"Converted"
"13868",6,2,"2011-11-01 12:45:00","2011-12-02 16:32:00",31,"Converted"
"18055",6,14,"2010-10-22 13:27:00","2011-12-02 14:25:00",406,"Converted"
"13969",6,35,"2010-03-25 13:15:00","2011-12-02 15:11:00",617,"Converted"
"13560",6,1,"2011-12-02 13:11:00","2011-12-02 13:11:00",0,"Converted"
"14865",6,4,"2009-12-01 16:05:00","2011-12-02 16:25:00",731,"Converted"
"15539",6,1,"2011-12-02 13:36:00","2011-12-02 13:36:00",0,"Converted"
"13017",6,1,"2011-12-02 15:53:00","2011-12-02 15:53:00",0,"Converted"
"14560",6,44,"2009-12-02 10:15:00","2011-12-02 15:22:00",730,"Converted"
"15570",6,25,"2010-03-28 14:04:00","2011-12-02 14:47:00",614,"Converted"
"17686",6,9,"2010-06-24 09:49:00","2011-12-02 15:39:00",526,"Converted"
"13458",6,16,"2010-11-16 14:01:00","2011-12-02 15:29:00",381,"Converted"
"16813",7,10,"2011-05-19 13:28:00","2011-12-01 14:03:00",196,"Converted"
"12587",7,1,"2011-12-02 12:47:00","2011-12-02 12:47:00",0,"Converted"
"12963",7,12,"2010-07-08 14:45:00","2011-12-01 12:55:00",511,"Converted"
"14732",7,19,"2009-12-09 10:48:00","2011-12-01 14:34:00",722,"Converted"
"14309",7,11,"2010-06-07 10:24:00","2011-12-01 13:33:00",542,"Converted"
"12684",7,6,"2011-05-10 12:55:00","2011-12-02 09:53:00",206,"Converted"
"16333",7,22,"2011-02-03 10:50:00","2011-12-02 12:19:00",302,"Converted"
"14092",7,24,"2009-12-16 16:24:00","2011-12-02 12:13:00",716,"Converted"
"16899",7,8,"2010-11-07 15:00:00","2011-12-02 12:03:00",390,"Converted"
"17768",7,7,"2009-12-02 12:26:00","2011-12-01 13:22:00",729,"Converted"
"14287",7,3,"2011-05-25 11:41:00","2011-12-01 13:25:00",190,"Converted"
"14766",7,11,"2010-06-06 11:11:00","2011-12-01 16:05:00",543,"Converted"
"15028",7,6,"2010-11-10 14:32:00","2011-12-01 14:06:00",386,"Converted"
"14897",7,8,"2009-12-15 17:05:00","2011-12-02 10:32:00",717,"Converted"
"14688",7,28,"2010-09-09 12:35:00","2011-12-02 12:26:00",449,"Converted"
"16011",7,29,"2009-12-01 11:04:00","2011-12-01 16:31:00",730,"Converted"
"18097",7,11,"2009-12-17 11:06:00","2011-12-02 11:16:00",715,"Converted"
"17450",7,51,"2010-09-27 16:59:00","2011-12-01 13:29:00",430,"Converted"
"13297",7,7,"2010-06-15 12:35:00","2011-12-02 09:32:00",535,"Converted"
"12562",7,9,"2010-09-30 13:13:00","2011-12-01 17:20:00",427,"Converted"
"13171",7,3,"2011-02-13 14:16:00","2011-12-01 15:06:00",291,"Converted"
"14299",7,27,"2009-12-02 10:58:00","2011-12-01 16:05:00",729,"Converted"
"15904",7,1,"2011-12-01 14:50:00","2011-12-01 14:50:00",0,"Converted"
"12664",7,11,"2009-12-13 10:28:00","2011-12-01 17:07:00",718,"Converted"
"13183",7,15,"2010-03-14 12:32:00","2011-12-02 10:30:00",628,"Converted"
"16440",7,6,"2010-08-03 11:32:00","2011-12-02 12:02:00",486,"Converted"
"18077",7,18,"2009-12-07 11:40:00","2011-12-01 13:32:00",724,"Converted"
"18144",7,19,"2009-12-16 15:57:00","2011-12-02 12:46:00",716,"Converted"
"16966",7,7,"2011-04-13 14:17:00","2011-12-01 13:40:00",232,"Converted"
"12359",7,10,"2009-12-05 13:32:00","2011-12-02 11:21:00",727,"Converted"
"16169",7,4,"2011-09-25 11:33:00","2011-12-01 15:28:00",67,"Converted"
"16759",7,3,"2011-11-09 09:06:00","2011-12-02 12:42:00",23,"Converted"
"17157",7,19,"2009-12-04 13:00:00","2011-12-02 09:10:00",728,"Converted"
"13495",7,10,"2009-12-07 12:12:00","2011-12-02 11:21:00",725,"Converted"
"14262",7,8,"2011-04-13 12:23:00","2011-12-01 14:17:00",232,"Converted"
"18122",7,6,"2011-07-12 11:37:00","2011-12-01 13:08:00",142,"Converted"
"12762",7,2,"2011-11-14 14:23:00","2011-12-02 10:23:00",18,"Converted"
"12465",7,2,"2011-06-23 13:37:00","2011-12-02 11:34:00",162,"Converted"
"12856",7,6,"2011-10-07 12:38:00","2011-12-02 10:52:00",56,"Converted"
"14292",7,16,"2009-12-01 12:19:00","2011-12-02 11:50:00",731,"Converted"
"17014",7,3,"2011-10-04 11:36:00","2011-12-01 14:09:00",58,"Converted"
"17293",7,17,"2009-12-03 15:09:00","2011-12-01 14:37:00",728,"Converted"
"15144",7,29,"2009-12-13 11:35:00","2011-12-01 15:12:00",718,"Converted"
"16240",7,2,"2011-09-23 13:44:00","2011-12-01 14:02:00",69,"Converted"
"15862",7,13,"2009-12-17 11:33:00","2011-12-01 13:28:00",714,"Converted"
"13352",7,1,"2011-10-10 13:55:00","2011-12-02 11:58:00",53,"Converted"
"15060",7,4,"2011-11-30 14:03:00","2011-12-01 13:47:00",1,"Converted"
"12536",7,1,"2011-10-11 14:52:00","2011-12-02 12:43:00",52,"Converted"
"16119",7,8,"2009-12-16 11:56:00","2011-12-01 15:11:00",715,"Converted"
"17321",7,6,"2010-05-11 12:10:00","2011-12-01 13:41:00",569,"Converted"
"18282",7,2,"2011-08-05 13:35:00","2011-12-02 11:43:00",119,"Converted"
"17386",7,7,"2010-11-19 13:40:00","2011-12-02 11:28:00",378,"Converted"
"15602",7,16,"2009-12-02 09:35:00","2011-12-01 14:14:00",729,"Converted"
"17576",7,41,"2009-12-03 16:11:00","2011-12-01 18:12:00",728,"Converted"
"15434",7,11,"2010-01-24 15:35:00","2011-12-01 13:33:00",676,"Converted"
"17942",7,1,"2011-12-02 10:45:00","2011-12-02 10:45:00",0,"Converted"
"16242",7,14,"2010-03-15 16:02:00","2011-12-01 15:12:00",626,"Converted"
"17350",7,7,"2010-02-01 15:38:00","2011-12-01 15:47:00",668,"Converted"
"17115",7,7,"2009-12-05 12:13:00","2011-12-01 14:30:00",726,"Converted"
"17566",7,2,"2011-11-14 13:42:00","2011-12-01 19:54:00",17,"Converted"
"14895",7,38,"2009-12-03 10:58:00","2011-12-02 09:23:00",729,"Converted"
"17183",7,6,"2011-08-26 15:25:00","2011-12-02 10:07:00",98,"Converted"
"14440",7,13,"2009-12-02 12:13:00","2011-12-01 15:42:00",729,"Converted"
"15373",7,17,"2010-05-02 11:57:00","2011-12-01 15:05:00",578,"Converted"
"12364",7,4,"2011-08-19 15:24:00","2011-12-02 10:22:00",105,"Converted"
"15531",7,2,"2011-11-09 17:47:00","2011-12-01 18:43:00",22,"Converted"
"14960",7,2,"2011-06-21 13:38:00","2011-12-01 12:54:00",163,"Converted"
"13705",7,7,"2010-03-25 17:19:00","2011-12-02 12:32:00",617,"Converted"
"17495",7,3,"2010-11-14 11:50:00","2011-12-02 12:08:00",383,"Converted"
"15948",7,3,"2010-10-11 12:16:00","2011-12-01 15:32:00",416,"Converted"
"12700",7,4,"2011-05-08 16:10:00","2011-12-02 10:47:00",208,"Converted"
"15500",7,4,"2011-09-19 13:47:00","2011-12-01 13:47:00",73,"Converted"
"12919",7,6,"2011-06-23 09:22:00","2011-12-01 13:47:00",161,"Converted"
"14367",7,16,"2011-03-08 14:12:00","2011-12-01 13:19:00",268,"Converted"
"16038",7,3,"2011-05-22 11:29:00","2011-12-02 12:40:00",194,"Converted"
"12553",7,12,"2010-10-12 13:35:00","2011-12-01 16:38:00",415,"Converted"
"14126",7,4,"2010-09-21 14:51:00","2011-12-02 11:45:00",437,"Converted"
"16789",7,1,"2011-12-01 15:12:00","2011-12-01 15:12:00",0,"Converted"
"17502",8,4,"2011-11-10 16:39:00","2011-11-30 13:13:00",20,"Converted"
"15793",8,8,"2009-12-01 12:54:00","2011-11-30 15:08:00",729,"Converted"
"14188",8,6,"2011-02-02 13:46:00","2011-12-01 09:46:00",302,"Converted"
"16938",8,9,"2010-02-17 14:47:00","2011-12-01 10:20:00",652,"Converted"
"13365",8,2,"2010-11-11 17:24:00","2011-12-01 08:39:00",385,"Converted"
"16956",8,1,"2011-11-22 08:56:00","2011-11-30 14:28:00",8,"Converted"
"14860",8,1,"2011-11-20 14:17:00","2011-12-01 09:44:00",11,"Converted"
"18230",8,9,"2010-07-02 10:01:00","2011-11-30 13:22:00",516,"Converted"
"14853",8,5,"2010-04-13 09:26:00","2011-12-01 09:44:00",597,"Converted"
"16376",8,2,"2011-11-22 16:47:00","2011-12-01 11:38:00",9,"Converted"
"18179",8,8,"2010-02-14 15:51:00","2011-11-30 16:23:00",654,"Converted"
"16265",8,12,"2010-10-28 15:18:00","2011-11-30 16:41:00",398,"Converted"
"12429",8,8,"2010-06-11 13:28:00","2011-11-30 17:22:00",537,"Converted"
"15021",8,12,"2010-07-29 16:35:00","2011-12-01 11:53:00",490,"Converted"
"18158",8,2,"2011-09-12 09:03:00","2011-11-30 16:19:00",79,"Converted"
"14804",8,1,"2011-12-01 11:20:00","2011-12-01 11:20:00",0,"Converted"
"18130",8,3,"2011-10-13 15:58:00","2011-12-01 08:41:00",49,"Converted"
"15046",8,25,"2010-01-14 14:29:00","2011-11-30 15:50:00",685,"Converted"
"12524",8,17,"2010-02-08 14:41:00","2011-11-30 15:31:00",660,"Converted"
"12528",8,6,"2011-01-31 09:05:00","2011-11-30 14:40:00",303,"Converted"
"18059",8,3,"2011-10-03 09:30:00","2011-11-30 17:02:00",58,"Converted"
"15101",8,6,"2010-04-28 15:00:00","2011-12-01 10:18:00",582,"Converted"
"16156",8,20,"2009-12-02 17:06:00","2011-12-01 12:42:00",729,"Converted"
"14733",8,15,"2010-11-02 15:42:00","2011-11-30 14:54:00",393,"Converted"
"16145",8,19,"2010-05-04 13:31:00","2011-12-01 10:33:00",576,"Converted"
"12572",8,2,"2011-10-19 08:20:00","2011-12-01 09:20:00",43,"Converted"
"14713",8,21,"2009-12-03 19:22:00","2011-11-30 16:26:00",727,"Converted"
"16496",8,6,"2010-07-18 13:42:00","2011-12-01 10:31:00",501,"Converted"
"16293",8,15,"2009-12-11 09:58:00","2011-12-01 09:13:00",720,"Converted"
"13854",8,39,"2010-01-08 11:28:00","2011-12-01 09:06:00",692,"Converted"
"13971",8,14,"2010-01-26 09:51:00","2011-12-01 08:27:00",674,"Converted"
"17937",8,7,"2010-12-12 14:43:00","2011-12-01 11:45:00",354,"Converted"
"15172",8,5,"2011-04-17 11:56:00","2011-12-01 11:51:00",228,"Converted"
"14659",8,9,"2011-01-28 12:43:00","2011-12-01 12:17:00",307,"Converted"
"17911",8,1,"2011-11-30 14:52:00","2011-11-30 14:52:00",0,"Converted"
"15197",8,6,"2009-12-11 12:56:00","2011-12-01 08:14:00",720,"Converted"
"14644",8,7,"2009-12-03 16:24:00","2011-11-30 14:58:00",727,"Converted"
"14626",8,11,"2009-12-10 14:57:00","2011-12-01 08:55:00",721,"Converted"
"15251",8,21,"2010-01-29 12:42:00","2011-11-30 15:02:00",670,"Converted"
"13853",8,1,"2011-10-13 14:18:00","2011-12-01 08:12:00",49,"Converted"
"14618",8,7,"2010-06-11 10:11:00","2011-11-30 13:45:00",537,"Converted"
"12714",8,12,"2009-12-04 10:00:00","2011-11-30 15:43:00",726,"Converted"
"17828",8,4,"2011-06-08 08:31:00","2011-12-01 09:34:00",176,"Converted"
"16570",8,20,"2009-12-03 17:38:00","2011-12-01 08:56:00",728,"Converted"
"16101",8,4,"2010-05-27 12:50:00","2011-11-30 16:54:00",552,"Converted"
"13644",8,4,"2011-08-26 11:53:00","2011-12-01 08:18:00",97,"Converted"
"17737",8,2,"2011-10-12 14:42:00","2011-11-30 15:16:00",49,"Converted"
"17736",8,3,"2011-08-18 14:33:00","2011-11-30 15:36:00",104,"Converted"
"17727",8,1,"2011-11-24 17:06:00","2011-11-30 15:21:00",6,"Converted"
"14950",8,1,"2011-11-20 13:48:00","2011-12-01 09:42:00",11,"Converted"
"15380",8,11,"2009-12-01 13:50:00","2011-12-01 12:13:00",730,"Converted"
"14047",8,14,"2010-02-01 10:05:00","2011-12-01 11:43:00",668,"Converted"
"17636",8,1,"2011-11-20 14:40:00","2011-12-01 08:29:00",11,"Converted"
"14525",8,17,"2009-12-13 14:01:00","2011-12-01 08:53:00",718,"Converted"
"12882",8,2,"2011-11-06 11:22:00","2011-11-30 16:18:00",24,"Converted"
"12901",8,28,"2011-03-14 10:41:00","2011-12-01 10:07:00",262,"Converted"
"16700",8,25,"2009-12-02 10:51:00","2011-12-01 11:00:00",729,"Converted"
"16701",8,26,"2009-12-01 19:19:00","2011-12-01 11:10:00",730,"Converted"
"14936",8,12,"2010-05-05 12:26:00","2011-11-30 15:07:00",574,"Converted"
"17540",8,6,"2010-04-19 09:47:00","2011-12-01 09:00:00",591,"Converted"
"15444",8,2,"2011-10-30 16:12:00","2011-11-30 17:37:00",31,"Converted"
"15993",8,7,"2011-10-26 16:21:00","2011-12-01 10:45:00",36,"Converted"
"15467",8,3,"2011-07-10 14:42:00","2011-11-30 14:17:00",143,"Converted"
"16712",8,13,"2010-11-03 15:45:00","2011-11-30 13:48:00",392,"Converted"
"12951",8,15,"2010-01-10 12:43:00","2011-12-01 12:14:00",690,"Converted"
"16717",8,14,"2009-12-07 15:55:00","2011-11-30 17:42:00",723,"Converted"
"14448",8,2,"2010-12-10 17:26:00","2011-11-30 13:50:00",355,"Converted"
"13012",8,11,"2010-04-26 14:14:00","2011-11-30 13:05:00",583,"Converted"
"13040",8,2,"2011-11-06 13:53:00","2011-12-01 10:38:00",25,"Converted"
"13509",8,7,"2010-07-20 12:10:00","2011-12-01 10:10:00",499,"Converted"
"13050",8,34,"2009-12-15 15:06:00","2011-11-30 17:28:00",715,"Converted"
"17381",8,38,"2010-06-09 12:55:00","2011-12-01 11:59:00",540,"Converted"
"17340",8,18,"2009-12-08 17:34:00","2011-11-30 17:12:00",722,"Converted"
"13090",8,23,"2010-08-02 13:58:00","2011-12-01 12:39:00",486,"Converted"
"15544",8,20,"2010-01-28 14:39:00","2011-12-01 09:16:00",672,"Converted"
"13115",8,10,"2010-02-17 13:06:00","2011-12-01 09:39:00",652,"Converted"
"17288",8,11,"2010-11-10 14:44:00","2011-11-30 16:09:00",385,"Converted"
"14389",8,5,"2009-12-10 19:13:00","2011-12-01 09:19:00",721,"Converted"
"14388",8,16,"2010-01-20 11:54:00","2011-12-01 11:13:00",680,"Converted"
"14385",8,3,"2011-11-16 11:55:00","2011-11-30 15:36:00",14,"Converted"
"15563",8,6,"2010-01-28 11:36:00","2011-12-01 09:36:00",672,"Converted"
"13159",8,4,"2011-08-16 11:44:00","2011-12-01 11:20:00",107,"Converted"
"16839",8,44,"2010-02-11 15:02:00","2011-12-01 09:03:00",658,"Converted"
"14875",8,3,"2010-09-24 10:28:00","2011-11-30 14:41:00",432,"Converted"
"14146",8,12,"2010-01-13 16:04:00","2011-12-01 10:18:00",687,"Converted"
"14329",8,15,"2009-12-16 15:31:00","2011-12-01 08:27:00",715,"Converted"
"15654",8,2,"2011-11-13 15:15:00","2011-11-30 13:08:00",17,"Converted"
"13212",8,3,"2011-10-09 14:48:00","2011-11-30 15:12:00",52,"Converted"
"15676",8,3,"2011-03-01 10:19:00","2011-11-30 17:39:00",274,"Converted"
"15680",8,10,"2009-12-02 12:15:00","2011-11-30 13:46:00",728,"Converted"
"14289",8,6,"2011-02-23 12:33:00","2011-12-01 11:44:00",281,"Converted"
"17096",8,11,"2010-06-02 14:48:00","2011-11-30 15:05:00",546,"Converted"
"15687",8,9,"2011-01-13 15:13:00","2011-12-01 08:33:00",322,"Converted"
"13410",8,9,"2009-12-08 13:43:00","2011-12-01 08:58:00",723,"Converted"
"15712",8,12,"2009-12-01 11:17:00","2011-11-30 14:09:00",729,"Converted"
"16915",8,11,"2010-05-19 13:32:00","2011-11-30 16:39:00",560,"Converted"
"17071",8,13,"2010-01-24 13:05:00","2011-12-01 09:06:00",676,"Converted"
"14258",8,25,"2009-12-04 08:36:00","2011-11-30 15:27:00",726,"Converted"
"17063",8,13,"2009-12-01 12:36:00","2011-12-01 08:46:00",730,"Converted"
"15745",8,4,"2011-04-17 13:04:00","2011-12-01 11:18:00",228,"Converted"
"17044",8,12,"2009-12-07 12:25:00","2011-12-01 08:54:00",724,"Converted"
"13310",8,5,"2010-11-02 17:03:00","2011-12-01 08:23:00",394,"Converted"
"14178",8,7,"2011-06-10 12:51:00","2011-12-01 12:01:00",174,"Converted"
"14243",8,17,"2010-08-20 13:41:00","2011-12-01 11:12:00",468,"Converted"
"17466",9,2,"2011-09-22 09:16:00","2011-11-29 13:15:00",68,"Converted"
"14824",9,10,"2010-03-12 13:07:00","2011-11-29 14:20:00",627,"Converted"
"17468",9,3,"2010-11-29 17:25:00","2011-11-29 15:33:00",365,"Converted"
"12966",9,1,"2011-11-30 12:38:00","2011-11-30 12:38:00",0,"Converted"
"16361",9,4,"2011-09-29 13:13:00","2011-11-30 12:32:00",62,"Converted"
"12953",9,2,"2010-07-05 13:37:00","2011-11-30 09:24:00",513,"Converted"
"14390",9,13,"2010-10-10 14:30:00","2011-11-29 13:49:00",415,"Converted"
"13576",9,28,"2009-12-08 15:12:00","2011-11-29 15:34:00",721,"Converted"
"14062",9,24,"2009-12-10 14:28:00","2011-11-30 10:04:00",720,"Converted"
"13147",9,4,"2011-09-01 12:28:00","2011-11-29 13:59:00",89,"Converted"
"15414",9,3,"2011-04-11 13:45:00","2011-11-30 09:50:00",233,"Converted"
"15394",9,11,"2009-12-15 19:05:00","2011-11-30 11:49:00",715,"Converted"
"16657",9,4,"2011-03-30 12:02:00","2011-11-30 11:48:00",245,"Converted"
"14540",9,11,"2009-12-07 13:00:00","2011-11-30 10:15:00",723,"Converted"
"14836",9,3,"2011-11-09 13:26:00","2011-11-29 16:45:00",20,"Converted"
"13784",9,14,"2010-09-15 12:27:00","2011-11-30 09:33:00",441,"Converted"
"14554",9,4,"2011-10-18 13:04:00","2011-11-29 16:44:00",42,"Converted"
"15903",9,12,"2009-12-08 17:04:00","2011-11-30 08:08:00",722,"Converted"
"17682",9,11,"2010-03-08 09:49:00","2011-11-29 15:59:00",631,"Converted"
"12798",9,4,"2010-10-14 12:27:00","2011-11-29 15:52:00",411,"Converted"
"12787",9,4,"2010-10-22 14:57:00","2011-11-30 08:44:00",404,"Converted"
"16062",9,8,"2010-06-21 13:32:00","2011-11-30 12:15:00",527,"Converted"
"14349",9,1,"2011-11-29 15:39:00","2011-11-29 15:39:00",0,"Converted"
"15611",9,24,"2010-01-25 14:50:00","2011-11-30 12:36:00",674,"Converted"
"13647",9,8,"2010-04-15 12:55:00","2011-11-30 12:00:00",594,"Converted"
"15615",9,47,"2009-12-02 15:28:00","2011-11-29 14:42:00",727,"Converted"
"15297",9,3,"2011-10-07 09:42:00","2011-11-29 16:32:00",53,"Converted"
"14005",9,5,"2011-05-08 10:33:00","2011-11-30 12:41:00",206,"Converted"
"16295",9,4,"2011-10-06 10:45:00","2011-11-30 08:17:00",55,"Converted"
"16241",9,16,"2010-10-25 13:40:00","2011-11-30 11:08:00",401,"Converted"
"16852",9,2,"2011-06-16 15:49:00","2011-11-29 13:22:00",166,"Converted"
"13999",9,29,"2009-12-05 12:42:00","2011-11-29 13:40:00",724,"Converted"
"14963",9,12,"2010-07-02 12:43:00","2011-11-30 12:16:00",516,"Converted"
"13198",9,8,"2010-10-01 13:27:00","2011-11-29 15:17:00",424,"Converted"
"13658",9,9,"2010-02-05 13:17:00","2011-11-30 10:13:00",663,"Converted"
"13203",9,10,"2009-12-17 14:15:00","2011-11-30 10:45:00",713,"Converted"
"15239",9,2,"2011-09-22 09:53:00","2011-11-29 14:14:00",68,"Converted"
"13211",9,10,"2009-12-06 14:37:00","2011-11-29 14:43:00",723,"Converted"
"14235",9,9,"2010-03-30 13:36:00","2011-11-29 13:26:00",609,"Converted"
"12670",9,7,"2010-02-11 10:13:00","2011-11-29 15:23:00",656,"Converted"
"15206",9,4,"2011-03-09 08:59:00","2011-11-29 13:41:00",265,"Converted"
"14156",9,144,"2009-12-01 12:30:00","2011-11-30 10:54:00",729,"Converted"
"13428",9,3,"2010-07-13 13:20:00","2011-11-29 14:20:00",504,"Converted"
"16549",9,34,"2009-12-03 17:59:00","2011-11-29 15:06:00",726,"Converted"
"12630",9,2,"2011-10-27 10:41:00","2011-11-30 10:48:00",34,"Converted"
"16115",9,12,"2010-05-14 11:59:00","2011-11-30 11:32:00",565,"Converted"
"15152",9,14,"2010-01-07 15:15:00","2011-11-30 12:32:00",692,"Converted"
"12598",9,10,"2010-03-01 09:58:00","2011-11-30 12:18:00",639,"Converted"
"14711",9,11,"2011-03-22 13:32:00","2011-11-29 14:58:00",252,"Converted"
"17101",9,7,"2010-06-07 15:12:00","2011-11-29 13:57:00",540,"Converted"
"14723",9,11,"2009-12-04 11:22:00","2011-11-29 15:23:00",725,"Converted"
"16479",9,2,"2011-11-29 13:04:00","2011-11-29 13:40:00",0,"Converted"
"15113",9,3,"2011-10-16 15:27:00","2011-11-30 08:23:00",45,"Converted"
"15782",9,4,"2009-12-17 17:50:00","2011-11-30 10:49:00",713,"Converted"
"18058",9,3,"2010-02-10 09:38:00","2011-11-30 08:38:00",658,"Converted"
"15089",9,6,"2011-08-03 14:14:00","2011-11-29 16:31:00",118,"Converted"
"14755",9,25,"2009-12-03 16:51:00","2011-11-30 11:24:00",727,"Converted"
"15073",9,8,"2010-01-27 08:48:00","2011-11-30 10:44:00",672,"Converted"
"18241",9,21,"2010-04-01 11:55:00","2011-11-30 12:10:00",608,"Converted"
"12494",9,9,"2010-05-12 13:52:00","2011-11-30 09:21:00",567,"Converted"
"12488",9,3,"2011-09-25 10:34:00","2011-11-30 08:50:00",66,"Converted"
"14785",9,2,"2011-11-24 13:40:00","2011-11-29 13:21:00",5,"Converted"
"12464",9,8,"2011-02-03 13:30:00","2011-11-29 13:33:00",299,"Converted"
"14893",9,3,"2010-04-01 09:03:00","2011-11-30 12:31:00",608,"Converted"
"15790",9,1,"2011-11-29 14:53:00","2011-11-29 14:53:00",0,"Converted"
"15039",9,93,"2009-12-10 11:39:00","2011-11-30 11:31:00",720,"Converted"
"18161",9,6,"2010-11-25 15:55:00","2011-11-29 15:38:00",369,"Converted"
"15024",9,16,"2010-10-11 16:14:00","2011-11-30 12:06:00",415,"Converted"
"13068",9,2,"2011-01-24 08:20:00","2011-11-29 15:00:00",309,"Converted"
"16782",9,38,"2009-12-09 11:58:00","2011-11-29 13:20:00",720,"Converted"
"16775",9,16,"2010-09-23 17:34:00","2011-11-29 15:22:00",432,"Converted"
"14432",9,6,"2011-09-11 14:09:00","2011-11-30 08:04:00",80,"Converted"
"14088",9,16,"2010-10-14 19:46:00","2011-11-29 16:16:00",411,"Converted"
"14901",10,12,"2010-07-29 11:11:00","2011-11-28 17:09:00",487,"Converted"
"14408",10,11,"2009-12-07 12:18:00","2011-11-29 11:41:00",722,"Converted"
"14209",10,15,"2009-12-07 17:52:00","2011-11-29 10:18:00",722,"Converted"
"17019",10,11,"2009-12-02 10:34:00","2011-11-28 13:06:00",726,"Converted"
"15601",10,30,"2009-12-01 14:53:00","2011-11-28 15:15:00",727,"Converted"
"15838",10,34,"2009-12-15 09:51:00","2011-11-28 14:00:00",713,"Converted"
"13844",10,1,"2011-11-28 13:21:00","2011-11-28 13:21:00",0,"Converted"
"17188",10,13,"2009-12-08 19:16:00","2011-11-28 13:53:00",720,"Converted"
"13950",10,4,"2011-04-07 11:29:00","2011-11-28 14:44:00",235,"Converted"
"14550",10,4,"2010-08-13 12:05:00","2011-11-29 12:12:00",473,"Converted"
"16992",10,13,"2010-02-11 12:36:00","2011-11-29 11:50:00",656,"Converted"
"16168",10,66,"2009-12-03 12:38:00","2011-11-29 12:45:00",726,"Converted"
"13266",10,19,"2009-12-17 10:52:00","2011-11-28 14:39:00",711,"Converted"
"13349",10,1,"2011-11-29 08:07:00","2011-11-29 08:07:00",0,"Converted"
"14419",10,7,"2010-11-22 11:09:00","2011-11-29 11:22:00",372,"Converted"
"17306",10,21,"2010-11-01 11:38:00","2011-11-29 12:14:00",393,"Converted"
"12727",10,10,"2010-02-23 09:54:00","2011-11-29 11:46:00",644,"Converted"
"16800",10,1,"2011-11-28 14:06:00","2011-11-28 14:06:00",0,"Converted"
"17419",10,18,"2010-01-25 13:19:00","2011-11-28 13:47:00",672,"Converted"
"14321",10,7,"2010-08-23 12:56:00","2011-11-29 09:47:00",463,"Converted"
"13188",10,1,"2011-11-28 15:28:00","2011-11-28 15:28:00",0,"Converted"
"16818",10,11,"2011-05-18 11:42:00","2011-11-29 10:41:00",195,"Converted"
"14961",10,22,"2009-12-04 11:32:00","2011-11-29 09:42:00",725,"Converted"
"14452",10,4,"2010-07-06 13:13:00","2011-11-29 12:06:00",511,"Converted"
"18101",10,5,"2010-02-03 13:52:00","2011-11-28 13:37:00",663,"Converted"
"16347",10,11,"2010-03-12 12:41:00","2011-11-28 13:14:00",626,"Converted"
"13928",10,4,"2011-07-29 15:59:00","2011-11-29 10:33:00",123,"Converted"
"17523",10,4,"2011-11-20 13:40:00","2011-11-28 13:20:00",8,"Converted"
"14480",10,4,"2009-12-21 16:32:00","2011-11-28 16:35:00",707,"Converted"
"17658",10,2,"2011-05-12 15:23:00","2011-11-29 11:47:00",201,"Converted"
"14125",10,3,"2011-09-22 15:40:00","2011-11-29 12:47:00",68,"Converted"
"15218",10,22,"2010-01-26 10:47:00","2011-11-29 11:48:00",672,"Converted"
"14173",10,6,"2009-12-09 12:46:00","2011-11-29 11:54:00",720,"Converted"
"17772",10,3,"2010-11-12 11:31:00","2011-11-29 11:05:00",382,"Converted"
"17655",10,9,"2010-10-19 10:20:00","2011-11-29 11:34:00",406,"Converted"
"17237",10,4,"2010-11-23 11:45:00","2011-11-28 15:02:00",370,"Converted"
"15619",10,1,"2011-11-29 08:14:00","2011-11-29 08:14:00",0,"Converted"
"14597",10,6,"2010-09-28 13:17:00","2011-11-28 13:13:00",426,"Converted"
"13030",10,2,"2010-12-06 14:31:00","2011-11-28 14:30:00",357,"Converted"
"14601",10,1,"2011-11-29 09:48:00","2011-11-29 09:48:00",0,"Converted"
"14180",10,33,"2010-06-09 14:56:00","2011-11-29 10:56:00",538,"Converted"
"17359",10,2,"2010-03-01 14:48:00","2011-11-28 14:37:00",637,"Converted"
"13429",10,4,"2011-09-25 15:59:00","2011-11-29 09:10:00",65,"Converted"
"12660",10,1,"2011-11-28 13:26:00","2011-11-28 13:26:00",0,"Converted"
"13389",10,3,"2011-04-21 12:12:00","2011-11-28 14:01:00",221,"Converted"
"12657",10,4,"2011-09-22 11:40:00","2011-11-28 15:47:00",67,"Converted"
"13496",10,2,"2010-12-15 10:17:00","2011-11-29 10:58:00",349,"Converted"
"16744",10,7,"2011-06-19 15:13:00","2011-11-28 13:06:00",162,"Converted"
"12654",10,5,"2011-02-17 13:16:00","2011-11-29 10:10:00",285,"Converted"
"15783",10,1,"2011-11-29 09:50:00","2011-11-29 09:50:00",0,"Converted"
"14667",10,54,"2009-12-02 12:38:00","2011-11-29 11:30:00",727,"Converted"
"17929",10,12,"2009-12-09 11:40:00","2011-11-28 16:01:00",719,"Converted"
"18118",10,29,"2010-11-23 13:36:00","2011-11-29 11:32:00",371,"Converted"
"13467",10,2,"2011-11-03 16:56:00","2011-11-29 10:01:00",26,"Converted"
"12627",10,6,"2011-07-22 13:59:00","2011-11-29 12:07:00",130,"Converted"
"13238",10,6,"2010-04-28 15:02:00","2011-11-28 15:30:00",579,"Converted"
"14866",10,17,"2010-09-21 15:14:00","2011-11-29 11:45:00",434,"Converted"
"13196",10,7,"2010-04-01 12:54:00","2011-11-28 13:54:00",606,"Converted"
"14511",10,5,"2011-07-29 12:13:00","2011-11-28 17:05:00",122,"Converted"
"15148",10,1,"2011-11-29 08:21:00","2011-11-29 08:21:00",0,"Converted"
"13657",10,2,"2011-05-22 12:35:00","2011-11-29 12:32:00",191,"Converted"
"14701",10,15,"2010-01-24 12:15:00","2011-11-29 12:38:00",674,"Converted"
"14290",10,8,"2009-12-08 11:44:00","2011-11-28 14:02:00",720,"Converted"
"13590",10,18,"2009-12-01 13:37:00","2011-11-28 12:54:00",727,"Converted"
"12451",10,8,"2010-06-28 12:58:00","2011-11-29 08:40:00",519,"Converted"
"17379",10,1,"2011-11-28 13:56:00","2011-11-28 13:56:00",0,"Converted"
"13137",10,16,"2010-07-25 15:40:00","2011-11-29 12:09:00",492,"Converted"
"17806",10,1,"2011-11-28 14:12:00","2011-11-28 14:12:00",0,"Converted"
"17711",10,2,"2011-02-23 11:32:00","2011-11-29 11:40:00",279,"Converted"
"15540",10,2,"2010-11-29 11:10:00","2011-11-28 13:51:00",364,"Converted"
"17068",11,47,"2010-03-28 14:26:00","2011-11-27 13:14:00",609,"Converted"
"17031",11,6,"2010-05-07 14:52:00","2011-11-28 10:23:00",570,"Converted"
"16923",11,32,"2010-01-31 11:14:00","2011-11-27 13:00:00",665,"Converted"
"16094",11,11,"2009-12-11 13:33:00","2011-11-28 12:45:00",717,"Converted"
"14954",11,2,"2010-01-05 16:38:00","2011-11-27 14:30:00",691,"Converted"
"15511",11,5,"2011-09-15 15:05:00","2011-11-28 09:43:00",74,"Converted"
"17852",11,5,"2009-12-08 12:51:00","2011-11-28 12:36:00",720,"Converted"
"18229",11,28,"2009-12-03 14:42:00","2011-11-28 09:48:00",725,"Converted"
"16877",11,6,"2011-05-15 16:13:00","2011-11-27 13:47:00",196,"Converted"
"13991",11,6,"2011-07-19 12:58:00","2011-11-27 16:18:00",131,"Converted"
"13004",11,36,"2009-12-15 09:44:00","2011-11-28 11:27:00",713,"Converted"
"12674",11,4,"2011-05-16 09:10:00","2011-11-28 12:22:00",196,"Converted"
"15022",11,5,"2010-01-31 16:02:00","2011-11-28 12:35:00",666,"Converted"
"17885",11,1,"2011-11-27 14:40:00","2011-11-27 14:40:00",0,"Converted"
"15861",11,12,"2010-01-28 19:41:00","2011-11-27 15:59:00",668,"Converted"
"14093",11,1,"2011-11-27 16:27:00","2011-11-27 16:27:00",0,"Converted"
"13418",11,31,"2009-12-11 12:51:00","2011-11-28 10:23:00",717,"Converted"
"17988",11,13,"2009-12-07 13:35:00","2011-11-28 11:00:00",721,"Converted"
"18001",11,6,"2009-12-02 15:38:00","2011-11-27 16:02:00",725,"Converted"
"12427",11,3,"2010-12-03 10:44:00","2011-11-28 10:48:00",360,"Converted"
"13258",11,5,"2010-11-04 12:45:00","2011-11-28 09:31:00",389,"Converted"
"16900",11,3,"2011-10-07 13:17:00","2011-11-28 10:50:00",52,"Converted"
"18041",11,38,"2010-01-14 10:04:00","2011-11-28 11:39:00",683,"Converted"
"14741",11,7,"2010-10-18 09:33:00","2011-11-28 08:48:00",406,"Converted"
"13546",11,5,"2010-10-11 17:23:00","2011-11-27 14:50:00",412,"Converted"
"18096",11,6,"2010-07-14 14:30:00","2011-11-28 12:44:00",502,"Converted"
"15009",11,3,"2011-11-14 17:40:00","2011-11-27 13:35:00",13,"Converted"
"17299",11,6,"2010-08-15 16:00:00","2011-11-28 12:01:00",470,"Converted"
"15987",11,8,"2010-11-25 12:56:00","2011-11-27 15:38:00",367,"Converted"
"14470",11,3,"2010-10-05 12:39:00","2011-11-28 10:31:00",419,"Converted"
"15555",11,36,"2009-12-06 11:58:00","2011-11-27 16:19:00",721,"Converted"
"15436",11,3,"2011-04-19 16:52:00","2011-11-27 16:05:00",222,"Converted"
"15561",11,8,"2010-02-14 12:22:00","2011-11-28 11:07:00",652,"Converted"
"12906",11,5,"2011-09-22 15:03:00","2011-11-28 09:55:00",67,"Converted"
"18112",11,4,"2010-06-06 12:40:00","2011-11-27 14:43:00",539,"Converted"
"17595",11,2,"2011-11-02 16:19:00","2011-11-27 16:08:00",25,"Converted"
"16005",11,10,"2010-09-15 13:21:00","2011-11-27 13:47:00",438,"Converted"
"17411",11,5,"2009-12-03 12:02:00","2011-11-27 14:25:00",724,"Converted"
"14215",11,9,"2009-12-08 09:35:00","2011-11-28 12:19:00",720,"Converted"
"17651",11,16,"2010-07-01 12:17:00","2011-11-28 10:29:00",515,"Converted"
"15714",11,5,"2010-06-02 12:08:00","2011-11-28 11:26:00",544,"Converted"
"15571",11,14,"2009-12-06 12:10:00","2011-11-28 10:02:00",722,"Converted"
"15721",11,1,"2011-11-28 12:14:00","2011-11-28 12:14:00",0,"Converted"
"13610",11,14,"2010-01-05 14:12:00","2011-11-27 15:38:00",691,"Converted"
"17231",11,25,"2009-12-07 16:38:00","2011-11-27 15:18:00",720,"Converted"
"16364",11,2,"2011-07-25 14:35:00","2011-11-28 11:27:00",126,"Converted"
"15054",11,2,"2011-10-30 14:33:00","2011-11-27 15:02:00",28,"Converted"
"13758",11,14,"2009-12-01 10:06:00","2011-11-28 11:11:00",727,"Converted"
"16024",11,3,"2010-10-24 11:40:00","2011-11-27 13:26:00",399,"Converted"
"15351",11,10,"2010-10-03 12:18:00","2011-11-27 12:52:00",420,"Converted"
"15514",11,18,"2009-12-04 16:37:00","2011-11-27 14:40:00",723,"Converted"
"17739",11,18,"2009-12-07 10:48:00","2011-11-28 09:12:00",721,"Converted"
"17236",12,12,"2010-03-07 13:00:00","2011-11-27 12:00:00",630,"Converted"
"17864",12,5,"2010-10-08 11:49:00","2011-11-27 11:15:00",415,"Converted"
"15747",12,9,"2010-01-18 11:21:00","2011-11-27 12:26:00",678,"Converted"
"13782",12,13,"2009-12-06 12:52:00","2011-11-27 11:54:00",721,"Converted"
"14577",12,7,"2009-12-11 12:09:00","2011-11-27 12:47:00",716,"Converted"
"14859",12,5,"2010-06-03 10:26:00","2011-11-27 11:18:00",542,"Converted"
"17812",12,7,"2010-06-27 13:34:00","2011-11-27 11:47:00",518,"Converted"
"13571",12,26,"2009-12-08 13:02:00","2011-11-27 10:47:00",719,"Converted"
"16983",12,11,"2010-09-19 12:38:00","2011-11-27 12:10:00",434,"Converted"
"18156",12,2,"2010-12-05 12:29:00","2011-11-27 12:24:00",357,"Converted"
"17769",12,17,"2010-01-19 11:33:00","2011-11-27 11:18:00",677,"Converted"
"14878",12,25,"2010-02-21 11:14:00","2011-11-27 11:15:00",644,"Converted"
"13064",12,6,"2010-04-27 10:08:00","2011-11-27 12:31:00",579,"Converted"
"16407",12,14,"2010-10-03 13:56:00","2011-11-27 11:05:00",420,"Converted"
"17365",12,15,"2010-02-01 10:22:00","2011-11-27 12:13:00",664,"Converted"
"13232",12,7,"2011-04-10 13:48:00","2011-11-27 10:39:00",231,"Converted"
"16942",12,9,"2011-04-26 11:59:00","2011-11-27 12:40:00",215,"Converted"
"18145",12,11,"2009-12-08 12:30:00","2011-11-27 11:22:00",719,"Converted"
"15186",13,5,"2010-01-12 10:14:00","2011-11-25 14:58:00",682,"Converted"
"13149",13,4,"2011-02-23 13:57:00","2011-11-25 13:09:00",275,"Converted"
"13437",13,7,"2011-06-02 14:30:00","2011-11-25 14:00:00",176,"Converted"
"12438",13,2,"2011-07-22 13:29:00","2011-11-25 13:28:00",126,"Converted"
"14946",13,1,"2011-11-25 13:33:00","2011-11-25 13:33:00",0,"Converted"
"17557",13,4,"2009-12-07 10:15:00","2011-11-25 12:57:00",718,"Converted"
"15473",13,8,"2010-09-21 09:14:00","2011-11-25 15:15:00",430,"Converted"
"17813",13,5,"2011-09-29 15:57:00","2011-11-25 16:13:00",57,"Converted"
"17329",13,5,"2009-12-03 16:09:00","2011-11-25 14:24:00",722,"Converted"
"17562",13,7,"2011-06-19 13:06:00","2011-11-25 14:21:00",159,"Converted"
"13048",13,9,"2010-01-27 12:55:00","2011-11-25 13:23:00",667,"Converted"
"16814",13,36,"2010-04-11 12:45:00","2011-11-25 13:27:00",593,"Converted"
"16327",13,16,"2009-12-14 13:06:00","2011-11-25 13:23:00",711,"Converted"
"13332",13,1,"2011-11-25 13:30:00","2011-11-25 13:30:00",0,"Converted"
"14111",13,4,"2011-04-12 11:36:00","2011-11-25 13:44:00",227,"Converted"
"14710",13,13,"2009-12-03 17:12:00","2011-11-25 14:53:00",722,"Converted"
"16609",14,7,"2011-04-01 10:11:00","2011-11-24 13:32:00",237,"Converted"
"14966",14,6,"2009-12-15 13:48:00","2011-11-25 12:20:00",710,"Converted"
"18188",14,6,"2010-03-26 11:37:00","2011-11-24 16:46:00",608,"Converted"
"18184",14,1,"2011-11-24 15:28:00","2011-11-24 15:28:00",0,"Converted"
"18172",14,52,"2009-12-11 09:58:00","2011-11-25 11:12:00",714,"Converted"
"14805",14,7,"2010-03-28 12:34:00","2011-11-24 16:20:00",606,"Converted"
"14756",14,3,"2010-10-11 11:50:00","2011-11-24 18:13:00",409,"Converted"
"12531",14,2,"2010-01-22 14:17:00","2011-11-25 11:12:00",672,"Converted"
"15117",14,8,"2010-03-15 13:39:00","2011-11-25 08:12:00",620,"Converted"
"14709",14,25,"2009-12-05 15:26:00","2011-11-24 15:41:00",719,"Converted"
"17975",14,24,"2010-08-06 11:24:00","2011-11-24 13:27:00",475,"Converted"
"14703",14,1,"2011-11-25 09:23:00","2011-11-25 09:23:00",0,"Converted"
"15134",14,10,"2010-10-13 12:44:00","2011-11-25 08:55:00",408,"Converted"
"12620",14,3,"2011-05-19 12:10:00","2011-11-25 10:20:00",190,"Converted"
"12681",14,44,"2009-12-13 13:31:00","2011-11-25 11:33:00",712,"Converted"
"12705",14,13,"2009-12-03 10:26:00","2011-11-24 13:17:00",721,"Converted"
"17767",14,2,"2010-10-25 16:22:00","2011-11-24 14:42:00",395,"Converted"
"14591",14,4,"2011-05-10 14:09:00","2011-11-24 13:57:00",198,"Converted"
"12784",14,2,"2010-06-28 13:06:00","2011-11-24 12:53:00",514,"Converted"
"15382",14,12,"2009-12-04 14:13:00","2011-11-25 10:58:00",721,"Converted"
"17624",14,4,"2009-12-20 12:35:00","2011-11-25 10:52:00",705,"Converted"
"15428",14,4,"2009-12-17 17:46:00","2011-11-24 16:54:00",707,"Converted"
"12937",14,9,"2009-12-03 15:43:00","2011-11-24 15:05:00",721,"Converted"
"17516",14,6,"2010-11-26 12:50:00","2011-11-24 16:51:00",363,"Converted"
"17458",14,2,"2010-11-23 11:43:00","2011-11-24 13:01:00",366,"Converted"
"17385",14,1,"2011-11-25 11:02:00","2011-11-25 11:02:00",0,"Converted"
"17348",14,9,"2010-03-10 12:13:00","2011-11-25 11:25:00",625,"Converted"
"17345",14,10,"2009-12-01 15:34:00","2011-11-24 15:03:00",723,"Converted"
"17323",14,12,"2010-01-10 11:58:00","2011-11-24 17:29:00",683,"Converted"
"17302",14,5,"2011-02-07 10:14:00","2011-11-25 09:36:00",291,"Converted"
"17247",14,1,"2011-11-24 15:21:00","2011-11-24 15:21:00",0,"Converted"
"13184",14,10,"2011-02-22 17:25:00","2011-11-25 12:02:00",276,"Converted"
"13207",14,4,"2010-04-06 16:37:00","2011-11-24 14:52:00",597,"Converted"
"14277",14,8,"2009-12-03 17:52:00","2011-11-24 15:01:00",721,"Converted"
"15725",14,1,"2011-11-24 14:51:00","2011-11-24 14:51:00",0,"Converted"
"15737",14,8,"2011-04-11 10:01:00","2011-11-25 11:21:00",228,"Converted"
"16885",14,4,"2010-11-19 12:51:00","2011-11-24 13:40:00",370,"Converted"
"15872",14,4,"2010-06-07 14:53:00","2011-11-25 11:55:00",536,"Converted"
"16856",14,3,"2010-09-23 13:11:00","2011-11-25 08:59:00",428,"Converted"
"15953",14,18,"2009-12-03 14:00:00","2011-11-24 15:32:00",721,"Converted"
"13525",14,2,"2011-04-05 15:36:00","2011-11-25 12:01:00",234,"Converted"
"16719",14,14,"2009-12-13 10:59:00","2011-11-25 09:27:00",712,"Converted"
"13579",14,5,"2010-02-18 13:53:00","2011-11-25 08:41:00",645,"Converted"
"13589",14,6,"2009-12-06 10:26:00","2011-11-25 12:10:00",719,"Converted"
"16668",14,13,"2010-03-18 18:25:00","2011-11-24 17:43:00",616,"Converted"
"16616",14,2,"2011-07-05 13:38:00","2011-11-24 16:31:00",142,"Converted"
"16566",14,5,"2011-02-20 10:29:00","2011-11-24 16:34:00",277,"Converted"
"13995",14,14,"2009-12-18 12:43:00","2011-11-24 14:22:00",706,"Converted"
"13978",14,2,"2011-10-25 15:04:00","2011-11-25 11:36:00",31,"Converted"
"13719",14,11,"2010-05-17 14:36:00","2011-11-24 15:26:00",556,"Converted"
"13350",15,2,"2011-09-21 13:33:00","2011-11-23 16:33:00",63,"Converted"
"13174",15,11,"2009-12-04 15:40:00","2011-11-23 14:35:00",719,"Converted"
"17139",15,25,"2010-01-11 11:31:00","2011-11-24 10:12:00",682,"Converted"
"16271",15,8,"2010-03-07 12:03:00","2011-11-24 12:12:00",627,"Converted"
"17135",15,10,"2010-05-09 16:03:00","2011-11-23 16:48:00",563,"Converted"
"16343",15,3,"2010-10-28 14:15:00","2011-11-23 17:45:00",391,"Converted"
"17725",15,11,"2011-03-17 19:47:00","2011-11-23 16:34:00",251,"Converted"
"17228",15,13,"2010-03-12 11:54:00","2011-11-24 10:24:00",622,"Converted"
"15594",15,5,"2011-04-19 10:08:00","2011-11-24 08:53:00",219,"Converted"
"15270",15,21,"2009-12-17 15:02:00","2011-11-24 09:24:00",707,"Converted"
"15502",15,12,"2010-06-03 11:12:00","2011-11-24 12:48:00",539,"Converted"
"15034",15,14,"2010-05-11 13:30:00","2011-11-24 12:11:00",562,"Converted"
"12388",15,8,"2010-05-06 12:54:00","2011-11-24 12:30:00",567,"Converted"
"16189",15,2,"2011-09-15 15:21:00","2011-11-24 11:47:00",70,"Converted"
"13139",15,8,"2010-09-28 09:12:00","2011-11-23 13:54:00",421,"Converted"
"14099",15,20,"2009-12-10 11:55:00","2011-11-23 13:53:00",713,"Converted"
"12757",15,9,"2011-05-12 19:01:00","2011-11-24 12:30:00",196,"Converted"
"17034",15,5,"2010-07-14 12:55:00","2011-11-23 15:14:00",497,"Converted"
"17422",15,11,"2010-06-23 10:19:00","2011-11-23 13:27:00",518,"Converted"
"15916",15,13,"2009-12-10 15:01:00","2011-11-23 13:46:00",713,"Converted"
"13018",15,35,"2010-03-01 12:34:00","2011-11-23 13:28:00",632,"Converted"
"16824",15,3,"2010-11-11 12:21:00","2011-11-24 12:38:00",378,"Converted"
"16596",15,4,"2009-12-10 13:09:00","2011-11-24 10:02:00",714,"Converted"
"15482",15,18,"2009-12-02 16:59:00","2011-11-24 10:46:00",722,"Converted"
"14640",15,10,"2010-01-22 15:44:00","2011-11-24 11:00:00",671,"Converted"
"17133",15,12,"2010-03-21 12:31:00","2011-11-24 12:27:00",613,"Converted"
"15253",15,8,"2010-05-02 11:17:00","2011-11-23 16:22:00",570,"Converted"
"12948",15,9,"2009-12-02 12:28:00","2011-11-23 17:10:00",721,"Converted"
"16482",15,1,"2011-11-24 12:33:00","2011-11-24 12:33:00",0,"Converted"
"12557",15,8,"2009-12-17 10:39:00","2011-11-23 16:59:00",706,"Converted"
"17671",15,5,"2010-11-29 11:53:00","2011-11-24 12:21:00",360,"Converted"
"16157",15,3,"2011-09-28 11:48:00","2011-11-24 11:41:00",57,"Converted"
"12619",15,9,"2010-05-28 12:52:00","2011-11-23 14:52:00",544,"Converted"
"16653",15,2,"2011-09-29 13:38:00","2011-11-23 14:51:00",55,"Converted"
"14987",15,8,"2009-12-02 14:56:00","2011-11-24 09:59:00",722,"Converted"
"15858",15,13,"2009-12-10 11:42:00","2011-11-24 12:48:00",714,"Converted"
"15743",15,4,"2011-06-08 10:14:00","2011-11-23 17:19:00",168,"Converted"
"14410",15,11,"2010-09-28 15:46:00","2011-11-24 11:16:00",422,"Converted"
"18084",15,3,"2010-11-16 08:09:00","2011-11-23 13:57:00",372,"Converted"
"14539",15,2,"2011-10-26 12:03:00","2011-11-24 09:50:00",29,"Converted"
"16660",15,7,"2010-01-14 11:09:00","2011-11-23 14:53:00",678,"Converted"
"16173",15,6,"2011-09-02 15:23:00","2011-11-24 10:53:00",83,"Converted"
"14744",15,14,"2010-05-18 14:06:00","2011-11-23 12:51:00",554,"Converted"
"14675",15,2,"2010-11-16 12:22:00","2011-11-23 12:58:00",372,"Converted"
"12395",15,15,"2010-04-16 10:16:00","2011-11-24 12:20:00",587,"Converted"
"15632",15,8,"2011-03-10 08:29:00","2011-11-24 09:51:00",259,"Converted"
"15393",15,5,"2009-12-15 17:56:00","2011-11-23 16:48:00",708,"Converted"
"13638",15,1,"2011-11-24 10:38:00","2011-11-24 10:38:00",0,"Converted"
"13831",15,18,"2009-12-10 14:50:00","2011-11-23 15:41:00",713,"Converted"
"15398",15,2,"2011-09-22 14:56:00","2011-11-23 16:47:00",62,"Converted"
"17809",15,20,"2009-12-02 14:52:00","2011-11-23 13:00:00",721,"Converted"
"15005",15,56,"2009-12-01 13:20:00","2011-11-24 12:25:00",723,"Converted"
"13277",15,7,"2010-06-18 08:45:00","2011-11-24 09:21:00",524,"Converted"
"17410",15,5,"2011-05-08 15:21:00","2011-11-23 15:46:00",199,"Converted"
"14607",15,20,"2009-12-15 11:25:00","2011-11-24 10:35:00",709,"Converted"
"13899",15,2,"2011-03-10 09:30:00","2011-11-23 13:40:00",258,"Converted"
"17463",15,7,"2010-04-29 17:57:00","2011-11-23 13:40:00",573,"Converted"
"13588",15,9,"2011-03-29 15:53:00","2011-11-24 10:42:00",240,"Converted"
"14335",15,2,"2011-09-04 13:07:00","2011-11-23 13:41:00",80,"Converted"
"12421",15,6,"2010-07-22 13:57:00","2011-11-24 09:07:00",490,"Converted"
"17469",15,17,"2009-12-16 15:06:00","2011-11-23 13:15:00",707,"Converted"
"14506",16,7,"2010-04-19 08:27:00","2011-11-22 13:02:00",582,"Converted"
"13569",16,4,"2010-10-07 13:05:00","2011-11-22 13:07:00",411,"Converted"
"14912",16,5,"2010-04-28 09:41:00","2011-11-23 09:20:00",574,"Converted"
"12920",16,4,"2009-12-14 15:58:00","2011-11-22 15:05:00",708,"Converted"
"15965",16,13,"2009-12-03 11:45:00","2011-11-22 16:44:00",719,"Converted"
"12936",16,4,"2011-09-22 13:51:00","2011-11-22 17:32:00",61,"Converted"
"13650",16,10,"2010-01-26 08:44:00","2011-11-23 12:22:00",666,"Converted"
"14790",16,10,"2009-12-11 14:37:00","2011-11-23 09:28:00",712,"Converted"
"16164",16,3,"2011-10-28 09:12:00","2011-11-22 15:04:00",25,"Converted"
"15977",16,2,"2011-10-31 16:24:00","2011-11-22 13:29:00",22,"Converted"
"17519",16,15,"2009-12-01 09:57:00","2011-11-22 16:43:00",721,"Converted"
"16722",16,22,"2009-12-03 19:23:00","2011-11-22 13:28:00",719,"Converted"
"17500",16,3,"2011-11-10 09:08:00","2011-11-22 14:25:00",12,"Converted"
"16255",16,15,"2010-01-24 12:21:00","2011-11-23 12:40:00",668,"Converted"
"12586",16,4,"2009-12-16 13:15:00","2011-11-22 16:24:00",706,"Converted"
"14205",16,9,"2010-03-07 12:20:00","2011-11-23 10:55:00",626,"Converted"
"13940",16,4,"2011-07-18 16:05:00","2011-11-22 15:15:00",127,"Converted"
"17759",16,5,"2010-05-05 11:40:00","2011-11-22 16:02:00",566,"Converted"
"15634",16,2,"2010-11-21 15:30:00","2011-11-22 16:28:00",366,"Converted"
"16079",16,3,"2011-10-30 13:06:00","2011-11-23 12:48:00",24,"Converted"
"17010",16,1,"2011-11-21 14:49:00","2011-11-23 11:04:00",2,"Converted"
"13742",16,12,"2011-01-23 14:59:00","2011-11-23 11:07:00",304,"Converted"
"16185",16,3,"2010-05-24 11:04:00","2011-11-23 09:41:00",548,"Converted"
"16422",16,107,"2009-12-01 13:52:00","2011-11-22 14:00:00",721,"Converted"
"13448",16,12,"2009-12-06 12:14:00","2011-11-23 12:33:00",717,"Converted"
"16066",16,5,"2011-08-07 14:33:00","2011-11-23 11:54:00",108,"Converted"
"15811",16,7,"2010-11-16 16:46:00","2011-11-22 15:29:00",371,"Converted"
"14334",16,12,"2010-05-20 10:04:00","2011-11-23 10:01:00",552,"Converted"
"12775",16,7,"2010-10-26 14:24:00","2011-11-22 16:33:00",392,"Converted"
"14336",16,4,"2011-03-08 16:48:00","2011-11-23 11:40:00",260,"Converted"
"14020",16,4,"2010-06-28 15:29:00","2011-11-23 09:22:00",513,"Converted"
"15901",16,6,"2010-06-14 12:39:00","2011-11-23 12:43:00",527,"Converted"
"14581",16,2,"2010-06-13 15:48:00","2011-11-23 12:39:00",528,"Converted"
"17700",16,14,"2009-12-01 11:37:00","2011-11-23 11:51:00",722,"Converted"
"12474",16,29,"2010-02-11 09:41:00","2011-11-22 14:39:00",649,"Converted"
"15727",16,15,"2010-01-24 12:12:00","2011-11-23 12:36:00",668,"Converted"
"16633",16,6,"2011-04-19 14:36:00","2011-11-22 13:41:00",217,"Converted"
"17297",16,1,"2011-11-22 14:43:00","2011-11-22 14:43:00",0,"Converted"
"17685",16,12,"2010-02-11 13:44:00","2011-11-23 11:36:00",650,"Converted"
"13322",16,1,"2011-11-22 14:21:00","2011-11-22 14:21:00",0,"Converted"
"12452",16,1,"2011-11-23 08:05:00","2011-11-23 08:05:00",0,"Converted"
"12483",16,19,"2010-01-31 13:28:00","2011-11-22 17:02:00",660,"Converted"
"14768",16,2,"2011-08-04 13:25:00","2011-11-22 12:54:00",110,"Converted"
"16020",16,3,"2011-10-05 13:54:00","2011-11-23 11:18:00",49,"Converted"
"13488",16,23,"2010-01-25 10:13:00","2011-11-22 14:41:00",666,"Converted"
"17338",16,17,"2010-03-10 16:09:00","2011-11-22 14:23:00",622,"Converted"
"17360",16,6,"2010-10-01 12:07:00","2011-11-22 13:11:00",417,"Converted"
"14049",16,13,"2010-04-01 14:52:00","2011-11-23 12:20:00",601,"Converted"
"13986",16,1,"2011-11-22 15:00:00","2011-11-22 15:00:00",0,"Converted"
"18249",16,1,"2011-11-22 15:07:00","2011-11-22 15:07:00",0,"Converted"
"17371",16,6,"2009-12-08 12:25:00","2011-11-22 13:30:00",714,"Converted"
"13502",16,5,"2010-06-09 10:52:00","2011-11-23 10:39:00",532,"Converted"
"12656",16,8,"2010-05-26 09:00:00","2011-11-22 13:42:00",545,"Converted"
"16985",16,23,"2009-12-10 13:34:00","2011-11-22 13:33:00",712,"Converted"
"16670",16,20,"2009-12-10 15:28:00","2011-11-23 09:34:00",713,"Converted"
"15949",16,2,"2011-09-29 17:34:00","2011-11-23 09:09:00",55,"Converted"
"15150",16,13,"2010-06-14 12:01:00","2011-11-22 12:52:00",526,"Converted"
"16261",16,6,"2010-09-23 16:40:00","2011-11-22 17:23:00",425,"Converted"
"14505",16,19,"2009-12-09 14:48:00","2011-11-22 15:45:00",713,"Converted"
"17253",17,1,"2011-11-21 12:59:00","2011-11-21 12:59:00",0,"Converted"
"15132",17,5,"2011-03-22 12:02:00","2011-11-21 17:10:00",244,"Converted"
"17075",17,10,"2009-12-14 11:24:00","2011-11-22 11:58:00",708,"Converted"
"15116",17,4,"2011-05-19 08:50:00","2011-11-22 12:25:00",187,"Converted"
"15115",17,2,"2009-12-07 11:20:00","2011-11-21 14:59:00",714,"Converted"
"13363",17,3,"2010-10-26 11:07:00","2011-11-22 12:40:00",392,"Converted"
"16352",17,2,"2011-11-02 08:44:00","2011-11-22 10:32:00",20,"Converted"
"15106",17,5,"2011-03-15 12:52:00","2011-11-22 09:16:00",252,"Converted"
"15105",17,9,"2010-03-23 12:18:00","2011-11-21 16:54:00",608,"Converted"
"15093",17,23,"2009-12-08 12:46:00","2011-11-21 13:09:00",713,"Converted"
"13739",17,2,"2010-06-30 10:25:00","2011-11-21 13:35:00",509,"Converted"
"12504",17,4,"2010-04-22 10:24:00","2011-11-21 16:02:00",578,"Converted"
"13456",17,6,"2011-05-16 15:34:00","2011-11-22 09:18:00",190,"Converted"
"13403",17,3,"2009-12-16 13:23:00","2011-11-22 08:28:00",706,"Converted"
"16128",17,11,"2009-12-01 11:50:00","2011-11-22 11:14:00",721,"Converted"
"17313",17,1,"2011-11-08 15:45:00","2011-11-22 09:23:00",14,"Converted"
"17324",17,12,"2009-12-18 15:29:00","2011-11-22 10:34:00",704,"Converted"
"13832",17,2,"2010-10-13 14:41:00","2011-11-22 12:31:00",405,"Converted"
"16330",17,7,"2010-02-15 12:36:00","2011-11-22 12:24:00",645,"Converted"
"16311",17,2,"2011-10-21 13:13:00","2011-11-22 08:54:00",32,"Converted"
"13499",17,5,"2011-03-15 08:52:00","2011-11-22 11:21:00",252,"Converted"
"13282",17,4,"2010-10-29 14:11:00","2011-11-21 15:33:00",388,"Converted"
"16365",17,15,"2009-12-11 12:41:00","2011-11-22 11:24:00",711,"Converted"
"18274",17,1,"2011-11-09 17:03:00","2011-11-22 10:18:00",13,"Converted"
"14424",17,1,"2011-11-22 11:48:00","2011-11-22 11:48:00",0,"Converted"
"15699",17,1,"2011-11-22 08:26:00","2011-11-22 08:26:00",0,"Converted"
"13268",17,10,"2011-03-17 13:20:00","2011-11-22 11:34:00",250,"Converted"
"16369",17,7,"2010-04-07 16:52:00","2011-11-21 16:25:00",593,"Converted"
"16748",17,14,"2009-12-10 12:28:00","2011-11-22 10:17:00",712,"Converted"
"17432",17,9,"2009-12-03 19:13:00","2011-11-21 17:33:00",718,"Converted"
"17453",17,2,"2011-10-06 17:02:00","2011-11-22 09:42:00",47,"Converted"
"14834",17,7,"2010-10-28 17:37:00","2011-11-22 10:30:00",390,"Converted"
"15971",17,18,"2009-12-08 09:46:00","2011-11-22 12:50:00",714,"Converted"
"15497",17,9,"2009-12-18 15:08:00","2011-11-22 11:51:00",704,"Converted"
"14467",17,12,"2009-12-02 12:44:00","2011-11-22 12:48:00",720,"Converted"
"17100",17,2,"2011-11-21 16:36:00","2011-11-21 16:36:00",0,"Converted"
"14482",17,12,"2010-08-26 14:13:00","2011-11-21 13:14:00",452,"Converted"
"12904",17,2,"2011-06-20 13:18:00","2011-11-21 14:34:00",154,"Converted"
"17600",17,1,"2011-11-22 09:43:00","2011-11-22 09:43:00",0,"Converted"
"15681",17,14,"2010-05-24 14:18:00","2011-11-21 13:25:00",546,"Converted"
"12878",17,2,"2011-03-18 14:02:00","2011-11-21 14:30:00",248,"Converted"
"13247",17,4,"2011-09-18 11:31:00","2011-11-22 10:59:00",65,"Converted"
"14515",17,12,"2010-06-07 12:37:00","2011-11-22 11:37:00",533,"Converted"
"15406",17,4,"2010-09-12 13:06:00","2011-11-21 16:14:00",435,"Converted"
"17625",17,8,"2009-12-15 11:49:00","2011-11-21 13:36:00",706,"Converted"
"13246",17,11,"2010-07-02 13:36:00","2011-11-21 16:50:00",507,"Converted"
"16655",17,13,"2010-01-31 15:40:00","2011-11-22 11:25:00",660,"Converted"
"14551",17,7,"2010-01-27 12:06:00","2011-11-21 13:36:00",663,"Converted"
"14030",17,20,"2009-12-01 13:38:00","2011-11-21 16:48:00",720,"Converted"
"16607",17,25,"2010-04-29 14:01:00","2011-11-22 10:24:00",572,"Converted"
"15845",17,11,"2010-01-26 14:44:00","2011-11-22 09:42:00",665,"Converted"
"17155",17,7,"2009-12-03 11:34:00","2011-11-22 12:38:00",719,"Converted"
"14297",17,4,"2011-03-10 08:31:00","2011-11-22 09:06:00",257,"Converted"
"18139",17,6,"2011-11-21 14:06:00","2011-11-22 10:44:00",1,"Converted"
"16532",17,5,"2010-03-29 10:26:00","2011-11-22 11:08:00",603,"Converted"
"13681",17,4,"2011-07-07 15:21:00","2011-11-22 11:13:00",138,"Converted"
"14657",17,6,"2010-09-30 19:57:00","2011-11-22 12:47:00",418,"Converted"
"15179",17,13,"2009-12-03 12:27:00","2011-11-21 12:53:00",718,"Converted"
"16107",17,7,"2011-06-09 18:42:00","2011-11-22 09:40:00",166,"Converted"
"13862",17,9,"2010-11-15 13:43:00","2011-11-21 16:24:00",371,"Converted"
"17073",17,4,"2011-08-22 14:37:00","2011-11-22 11:47:00",92,"Converted"
"15163",17,2,"2011-05-31 15:22:00","2011-11-21 13:10:00",174,"Converted"
"12597",18,4,"2011-03-16 14:00:00","2011-11-20 13:33:00",249,"Converted"
"16212",18,4,"2010-02-07 15:26:00","2011-11-20 13:00:00",651,"Converted"
"17227",18,12,"2010-01-15 15:05:00","2011-11-21 10:51:00",675,"Converted"
"13167",18,5,"2010-11-14 12:58:00","2011-11-21 12:24:00",372,"Converted"
"16406",18,3,"2010-02-24 11:51:00","2011-11-21 11:57:00",635,"Converted"
"15426",18,9,"2010-05-02 15:10:00","2011-11-20 15:36:00",567,"Converted"
"14359",18,3,"2011-09-13 09:03:00","2011-11-20 13:17:00",68,"Converted"
"13189",18,2,"2011-08-16 13:12:00","2011-11-21 10:39:00",97,"Converted"
"13200",18,4,"2011-08-05 14:50:00","2011-11-20 15:35:00",107,"Converted"
"16533",18,3,"2011-10-02 15:07:00","2011-11-20 13:08:00",49,"Converted"
"17384",18,3,"2010-08-29 16:01:00","2011-11-20 15:48:00",448,"Converted"
"17738",18,13,"2010-03-19 10:07:00","2011-11-20 15:05:00",611,"Converted"
"14587",18,9,"2011-01-12 13:16:00","2011-11-21 11:34:00",313,"Converted"
"18080",18,2,"2011-04-11 10:10:00","2011-11-21 08:02:00",224,"Converted"
"17758",18,12,"2010-05-20 13:18:00","2011-11-20 14:45:00",549,"Converted"
"18110",18,2,"2010-10-24 14:21:00","2011-11-20 12:59:00",392,"Converted"
"14300",18,1,"2011-11-21 08:57:00","2011-11-21 08:57:00",0,"Converted"
"15671",18,7,"2011-03-14 09:37:00","2011-11-21 12:43:00",252,"Converted"
"12349",18,3,"2009-12-04 12:49:00","2011-11-21 09:51:00",717,"Converted"
"15527",18,23,"2009-12-15 17:31:00","2011-11-21 12:17:00",706,"Converted"
"15645",18,3,"2010-10-10 12:51:00","2011-11-21 11:55:00",407,"Converted"
"13823",18,7,"2009-12-15 14:34:00","2011-11-21 10:22:00",706,"Converted"
"13427",18,6,"2009-12-17 13:44:00","2011-11-20 13:02:00",703,"Converted"
"15044",18,32,"2009-12-16 15:13:00","2011-11-20 13:20:00",704,"Converted"
"18040",18,2,"2011-04-08 08:27:00","2011-11-20 14:20:00",226,"Converted"
"16139",18,5,"2009-12-03 13:51:00","2011-11-21 08:37:00",718,"Converted"
"13430",18,2,"2011-09-14 14:26:00","2011-11-21 08:19:00",68,"Converted"
"16666",18,2,"2010-03-28 15:13:00","2011-11-20 14:01:00",602,"Converted"
"14449",18,8,"2010-09-29 13:15:00","2011-11-21 12:06:00",418,"Converted"
"15988",18,3,"2010-02-21 11:36:00","2011-11-20 13:23:00",637,"Converted"
"16366",18,4,"2009-12-16 10:39:00","2011-11-21 08:19:00",705,"Converted"
"14447",18,6,"2010-11-04 13:32:00","2011-11-21 08:28:00",382,"Converted"
"16713",18,32,"2009-12-15 12:49:00","2011-11-21 12:36:00",706,"Converted"
"12984",18,1,"2011-11-21 12:37:00","2011-11-21 12:37:00",0,"Converted"
"17664",18,4,"2010-03-29 17:17:00","2011-11-21 11:29:00",602,"Converted"
"17425",18,2,"2011-10-10 11:37:00","2011-11-20 15:30:00",41,"Converted"
"16710",18,22,"2009-12-04 13:41:00","2011-11-20 14:50:00",716,"Converted"
"14984",18,6,"2010-01-11 13:22:00","2011-11-20 14:28:00",678,"Converted"
"17888",18,25,"2009-12-21 16:34:00","2011-11-21 10:18:00",700,"Converted"
"13565",18,3,"2010-10-24 15:51:00","2011-11-20 14:33:00",392,"Converted"
"18127",18,4,"2010-11-01 13:56:00","2011-11-20 14:05:00",384,"Converted"
"12658",18,1,"2011-11-21 10:22:00","2011-11-21 10:22:00",0,"Converted"
"17561",18,4,"2009-12-06 13:29:00","2011-11-20 12:53:00",714,"Converted"
"15738",18,41,"2009-12-10 15:52:00","2011-11-21 08:26:00",711,"Converted"
"14883",18,6,"2011-05-12 09:49:00","2011-11-21 10:23:00",193,"Converted"
"15857",18,2,"2010-10-05 16:43:00","2011-11-21 12:18:00",412,"Converted"
"14426",18,17,"2010-03-04 14:36:00","2011-11-21 11:47:00",627,"Converted"
"14553",18,9,"2010-07-18 12:07:00","2011-11-20 13:20:00",490,"Converted"
"15533",18,3,"2011-09-11 15:41:00","2011-11-20 15:35:00",70,"Converted"
"16411",18,4,"2010-10-07 15:09:00","2011-11-20 13:23:00",409,"Converted"
"16399",18,3,"2010-11-15 15:03:00","2011-11-20 16:12:00",370,"Converted"
"13142",18,1,"2011-11-20 16:07:00","2011-11-20 16:07:00",0,"Converted"
"13673",18,2,"2011-11-07 15:40:00","2011-11-21 12:11:00",14,"Converted"
"12795",18,1,"2011-11-21 10:27:00","2011-11-21 10:27:00",0,"Converted"
"15567",18,1,"2011-11-21 10:48:00","2011-11-21 10:48:00",0,"Converted"
"15850",18,6,"2009-12-13 13:27:00","2011-11-20 14:14:00",707,"Converted"
"16784",19,5,"2010-03-28 12:55:00","2011-11-20 12:20:00",602,"Converted"
"17555",19,5,"2010-05-02 16:02:00","2011-11-20 12:22:00",567,"Converted"
"14502",19,11,"2011-01-30 15:52:00","2011-11-20 11:50:00",294,"Converted"
"12702",19,1,"2011-11-20 10:36:00","2011-11-20 10:36:00",0,"Converted"
"16762",19,3,"2011-07-18 12:52:00","2011-11-20 11:43:00",125,"Converted"
"14157",19,5,"2010-03-03 16:49:00","2011-11-20 11:32:00",627,"Converted"
"15906",19,10,"2010-09-15 12:17:00","2011-11-20 12:24:00",431,"Converted"
"14664",19,2,"2011-11-06 14:56:00","2011-11-20 10:59:00",14,"Converted"
"12540",19,32,"2009-12-07 16:56:00","2011-11-20 11:31:00",713,"Converted"
"13988",19,8,"2010-03-24 11:05:00","2011-11-20 10:15:00",606,"Converted"
"15919",19,2,"2010-12-06 11:26:00","2011-11-20 11:28:00",349,"Converted"
"14052",19,2,"2010-11-14 11:37:00","2011-11-20 12:30:00",371,"Converted"
"12778",19,9,"2010-04-16 09:57:00","2011-11-20 11:30:00",583,"Converted"
"17387",19,2,"2011-11-06 11:25:00","2011-11-20 11:00:00",14,"Converted"
"14704",19,9,"2010-03-25 17:21:00","2011-11-20 12:20:00",605,"Converted"
"15465",19,32,"2009-12-10 09:42:00","2011-11-20 10:11:00",710,"Converted"
"14881",19,1,"2011-11-20 11:06:00","2011-11-20 11:06:00",0,"Converted"
"14116",19,5,"2011-08-10 12:44:00","2011-11-20 10:29:00",102,"Converted"
"14595",19,8,"2010-01-20 13:59:00","2011-11-20 12:12:00",669,"Converted"
"16506",19,2,"2011-10-30 15:50:00","2011-11-20 12:17:00",21,"Converted"
"14159",19,20,"2009-12-03 12:31:00","2011-11-20 12:36:00",717,"Converted"
"14477",19,7,"2009-12-23 10:17:00","2011-11-20 11:11:00",697,"Converted"
"15963",19,2,"2011-10-25 13:05:00","2011-11-20 11:33:00",26,"Converted"
"13118",19,9,"2010-09-26 15:46:00","2011-11-20 12:46:00",420,"Converted"
"16464",19,3,"2011-07-20 13:53:00","2011-11-20 12:11:00",123,"Converted"
"13895",20,6,"2009-12-03 13:09:00","2011-11-18 17:15:00",715,"Converted"
"13516",20,4,"2010-10-18 08:52:00","2011-11-18 13:15:00",396,"Converted"
"17904",20,1,"2011-11-18 12:57:00","2011-11-18 13:57:00",0,"Converted"
"17621",20,6,"2010-10-04 09:37:00","2011-11-18 17:11:00",410,"Converted"
"17650",20,1,"2011-11-18 14:52:00","2011-11-18 14:52:00",0,"Converted"
"14903",20,5,"2011-03-06 11:50:00","2011-11-18 16:07:00",257,"Converted"
"14902",20,3,"2010-06-04 12:35:00","2011-11-18 17:09:00",532,"Converted"
"15933",20,3,"2011-09-14 12:05:00","2011-11-18 13:14:00",65,"Converted"
"13091",20,2,"2009-12-08 12:25:00","2011-11-18 16:48:00",710,"Converted"
"13094",20,13,"2010-11-15 14:15:00","2011-11-18 14:07:00",368,"Converted"
"15368",20,2,"2010-11-10 15:52:00","2011-11-18 14:42:00",373,"Converted"
"17301",20,2,"2010-03-25 13:16:00","2011-11-18 13:43:00",603,"Converted"
"13880",20,17,"2010-05-26 14:29:00","2011-11-18 13:44:00",541,"Converted"
"17961",20,100,"2009-12-01 14:48:00","2011-11-18 16:55:00",717,"Converted"
"12779",20,14,"2009-12-03 07:25:00","2011-11-18 17:10:00",715,"Converted"
"14342",20,6,"2010-08-24 13:03:00","2011-11-18 13:21:00",451,"Converted"
"16350",20,9,"2010-10-07 16:33:00","2011-11-18 15:53:00",407,"Converted"
"13381",20,12,"2009-12-01 15:18:00","2011-11-18 16:59:00",717,"Converted"
"12498",20,3,"2011-10-13 09:30:00","2011-11-18 12:53:00",36,"Converted"
"15088",20,2,"2011-10-03 14:05:00","2011-11-18 13:14:00",46,"Converted"
"16463",20,4,"2011-05-19 14:45:00","2011-11-18 14:01:00",183,"Converted"
"17779",20,3,"2011-07-19 12:19:00","2011-11-18 14:15:00",122,"Converted"
"12578",20,4,"2010-09-22 11:19:00","2011-11-18 13:30:00",422,"Converted"
"16560",20,8,"2009-12-08 12:05:00","2011-11-18 17:05:00",710,"Converted"
"13960",20,2,"2011-09-29 12:39:00","2011-11-18 15:27:00",50,"Converted"
"12697",20,3,"2011-06-23 15:44:00","2011-11-18 16:17:00",148,"Converted"
"15494",20,5,"2009-12-10 20:16:00","2011-11-18 14:51:00",708,"Converted"
"14285",20,8,"2009-12-08 14:13:00","2011-11-18 14:50:00",710,"Converted"
"16924",20,3,"2011-09-16 12:54:00","2011-11-18 12:53:00",63,"Converted"
"14073",20,1,"2011-11-07 15:49:00","2011-11-18 16:14:00",11,"Converted"
"18276",20,6,"2009-12-10 17:14:00","2011-11-18 17:01:00",708,"Converted"
"14820",20,9,"2010-01-31 12:49:00","2011-11-18 15:41:00",656,"Converted"
"12444",20,5,"2011-06-21 14:00:00","2011-11-18 13:23:00",150,"Converted"
"14315",20,8,"2010-03-15 12:49:00","2011-11-18 15:35:00",613,"Converted"
"16279",20,9,"2010-04-22 14:09:00","2011-11-18 15:00:00",575,"Converted"
"13313",21,12,"2009-12-02 13:53:00","2011-11-17 16:48:00",715,"Converted"
"13396",21,2,"2011-01-24 13:37:00","2011-11-18 09:42:00",298,"Converted"
"17080",21,7,"2010-07-01 16:03:00","2011-11-17 12:59:00",504,"Converted"
"17095",21,7,"2009-12-15 12:32:00","2011-11-17 16:40:00",702,"Converted"
"15864",21,7,"2010-11-23 15:02:00","2011-11-17 13:32:00",359,"Converted"
"17159",21,5,"2010-03-04 14:53:00","2011-11-18 10:52:00",624,"Converted"
"17163",21,4,"2010-02-02 10:39:00","2011-11-18 08:57:00",654,"Converted"
"16871",21,6,"2011-03-14 10:31:00","2011-11-17 19:27:00",248,"Converted"
"14362",21,1,"2011-11-17 15:08:00","2011-11-17 15:08:00",0,"Converted"
"13160",21,1,"2011-11-17 13:07:00","2011-11-17 13:07:00",0,"Converted"
"13138",21,7,"2010-11-08 11:45:00","2011-11-17 16:51:00",374,"Converted"
"17286",21,3,"2010-11-04 13:43:00","2011-11-18 12:47:00",379,"Converted"
"13117",21,18,"2010-03-26 13:50:00","2011-11-18 12:02:00",602,"Converted"
"15530",21,5,"2010-07-15 11:10:00","2011-11-18 12:25:00",491,"Converted"
"14416",21,2,"2011-10-28 15:10:00","2011-11-17 15:22:00",20,"Converted"
"17397",21,3,"2010-10-19 13:20:00","2011-11-17 14:08:00",394,"Converted"
"14434",21,6,"2011-09-28 15:31:00","2011-11-18 08:56:00",51,"Converted"
"13828",21,1,"2011-11-17 16:02:00","2011-11-17 16:02:00",0,"Converted"
"12997",21,8,"2009-12-17 16:14:00","2011-11-17 15:47:00",700,"Converted"
"15983",21,8,"2009-12-06 12:52:00","2011-11-17 17:34:00",711,"Converted"
"12931",21,57,"2009-12-01 11:46:00","2011-11-18 12:39:00",717,"Converted"
"15435",21,1,"2011-11-17 16:39:00","2011-11-17 16:39:00",0,"Converted"
"16009",21,4,"2011-07-03 11:26:00","2011-11-17 16:51:00",137,"Converted"
"14508",21,5,"2010-06-17 13:02:00","2011-11-17 19:48:00",518,"Converted"
"12847",21,2,"2010-11-17 12:44:00","2011-11-17 13:16:00",365,"Converted"
"16656",21,30,"2009-12-04 12:59:00","2011-11-17 14:43:00",713,"Converted"
"14034",21,3,"2011-07-05 13:06:00","2011-11-17 14:02:00",135,"Converted"
"12781",21,2,"2011-02-28 08:43:00","2011-11-18 09:50:00",263,"Converted"
"16042",21,8,"2010-09-12 12:00:00","2011-11-17 17:50:00",431,"Converted"
"16070",21,2,"2011-11-07 16:36:00","2011-11-17 15:50:00",10,"Converted"
"17760",21,6,"2010-02-28 12:15:00","2011-11-18 10:56:00",628,"Converted"
"14593",21,12,"2009-12-09 12:57:00","2011-11-18 12:48:00",709,"Converted"
"15287",21,5,"2009-12-02 12:13:00","2011-11-17 15:34:00",715,"Converted"
"17797",21,8,"2009-12-15 14:30:00","2011-11-17 13:21:00",702,"Converted"
"17799",21,20,"2009-12-13 16:03:00","2011-11-17 15:16:00",704,"Converted"
"13815",21,8,"2010-02-12 10:26:00","2011-11-17 14:19:00",643,"Converted"
"15267",21,5,"2011-06-10 10:24:00","2011-11-17 15:59:00",160,"Converted"
"14641",21,1,"2011-11-18 10:42:00","2011-11-18 10:42:00",0,"Converted"
"12647",21,35,"2010-01-13 15:06:00","2011-11-17 12:56:00",673,"Converted"
"16531",21,11,"2010-09-24 09:49:00","2011-11-17 16:29:00",419,"Converted"
"12618",21,1,"2011-11-18 11:10:00","2011-11-18 11:10:00",0,"Converted"
"12603",21,1,"2011-11-18 10:42:00","2011-11-18 10:42:00",0,"Converted"
"16511",21,6,"2010-03-01 12:21:00","2011-11-18 10:41:00",627,"Converted"
"16134",21,5,"2010-06-17 09:48:00","2011-11-18 10:05:00",519,"Converted"
"13962",21,3,"2010-09-30 10:35:00","2011-11-18 08:47:00",414,"Converted"
"17985",21,1,"2011-11-17 14:24:00","2011-11-17 14:24:00",0,"Converted"
"18034",21,3,"2010-11-29 12:36:00","2011-11-18 12:22:00",354,"Converted"
"12539",21,7,"2009-12-23 13:00:00","2011-11-17 13:30:00",694,"Converted"
"18061",21,28,"2009-12-04 11:36:00","2011-11-18 11:20:00",714,"Converted"
"13941",21,15,"2009-12-16 16:10:00","2011-11-18 09:43:00",702,"Converted"
"15081",21,12,"2010-06-22 10:25:00","2011-11-17 17:08:00",513,"Converted"
"16414",21,5,"2010-01-14 10:21:00","2011-11-18 09:42:00",673,"Converted"
"12449",21,5,"2010-09-27 09:37:00","2011-11-17 13:46:00",416,"Converted"
"12445",21,2,"2010-10-15 12:28:00","2011-11-17 18:43:00",398,"Converted"
"13894",21,3,"2011-02-02 12:54:00","2011-11-17 13:35:00",288,"Converted"
"12406",21,5,"2010-01-11 14:04:00","2011-11-17 19:22:00",675,"Converted"
"14849",21,43,"2010-01-10 11:40:00","2011-11-18 10:58:00",677,"Converted"
"18221",21,6,"2010-11-14 15:46:00","2011-11-17 14:40:00",368,"Converted"
"12391",21,6,"2010-02-15 10:12:00","2011-11-18 12:07:00",641,"Converted"
"12380",21,8,"2010-02-15 12:05:00","2011-11-18 11:27:00",641,"Converted"
"16945",21,33,"2009-12-09 11:33:00","2011-11-18 11:39:00",709,"Converted"
"14234",21,4,"2011-10-13 13:58:00","2011-11-17 17:53:00",35,"Converted"
"15124",22,4,"2010-02-26 10:49:00","2011-11-17 10:09:00",629,"Converted"
"15051",22,9,"2009-12-01 13:29:00","2011-11-16 15:38:00",715,"Converted"
"12610",22,4,"2011-08-05 13:52:00","2011-11-17 09:34:00",104,"Converted"
"16204",22,3,"2009-12-08 17:44:00","2011-11-16 13:40:00",708,"Converted"
"12626",22,9,"2011-01-17 11:01:00","2011-11-16 16:06:00",303,"Converted"
"17896",22,1,"2011-11-16 13:59:00","2011-11-16 13:59:00",0,"Converted"
"16278",22,3,"2010-07-28 15:40:00","2011-11-16 16:09:00",476,"Converted"
"12712",22,21,"2009-12-09 10:46:00","2011-11-17 09:15:00",708,"Converted"
"16085",22,12,"2010-01-20 14:03:00","2011-11-16 13:24:00",665,"Converted"
"13629",22,19,"2010-02-11 17:34:00","2011-11-16 13:21:00",643,"Converted"
"17716",22,24,"2009-12-02 17:18:00","2011-11-17 12:00:00",715,"Converted"
"16638",22,15,"2010-08-18 13:33:00","2011-11-17 11:09:00",456,"Converted"
"13871",22,17,"2009-12-20 13:09:00","2011-11-17 10:49:00",697,"Converted"
"16869",22,4,"2011-06-17 13:01:00","2011-11-17 12:02:00",153,"Converted"
"17613",22,14,"2011-02-07 11:20:00","2011-11-17 10:51:00",283,"Converted"
"17596",22,13,"2009-12-15 13:21:00","2011-11-16 14:11:00",701,"Converted"
"15432",22,2,"2010-06-16 14:34:00","2011-11-16 16:30:00",518,"Converted"
"13575",22,5,"2011-06-16 14:24:00","2011-11-16 13:14:00",153,"Converted"
"12910",22,13,"2010-03-28 13:10:00","2011-11-16 14:28:00",598,"Converted"
"15657",22,1,"2011-11-17 12:19:00","2011-11-17 12:19:00",0,"Converted"
"15489",22,8,"2010-01-15 16:58:00","2011-11-17 08:53:00",671,"Converted"
"14948",22,6,"2011-05-04 14:52:00","2011-11-16 17:16:00",196,"Converted"
"17461",22,3,"2011-11-10 12:01:00","2011-11-17 10:21:00",7,"Converted"
"12991",22,3,"2010-11-15 13:43:00","2011-11-16 15:34:00",366,"Converted"
"12993",22,8,"2010-02-18 10:35:00","2011-11-16 15:49:00",636,"Converted"
"18263",22,3,"2011-04-01 11:48:00","2011-11-16 16:19:00",229,"Converted"
"15967",22,12,"2009-12-01 13:28:00","2011-11-16 15:41:00",715,"Converted"
"16999",22,2,"2011-09-26 15:43:00","2011-11-16 13:53:00",51,"Converted"
"17147",22,9,"2010-01-11 09:38:00","2011-11-17 12:32:00",675,"Converted"
"15506",22,6,"2010-08-19 12:38:00","2011-11-17 12:11:00",455,"Converted"
"14851",22,3,"2010-03-19 11:52:00","2011-11-16 14:20:00",607,"Converted"
"14109",22,1,"2011-09-28 10:18:00","2011-11-16 13:51:00",49,"Converted"
"13308",22,4,"2010-04-22 09:22:00","2011-11-17 09:31:00",574,"Converted"
"14112",22,13,"2009-12-17 17:56:00","2011-11-17 12:30:00",700,"Converted"
"13028",22,2,"2011-10-25 14:09:00","2011-11-17 11:10:00",23,"Converted"
"12356",22,6,"2010-10-11 09:42:00","2011-11-17 08:40:00",402,"Converted"
"13285",22,6,"2010-03-25 14:26:00","2011-11-16 13:19:00",601,"Converted"
"13500",22,4,"2010-11-03 13:16:00","2011-11-16 15:35:00",378,"Converted"
"17368",22,14,"2009-12-15 17:45:00","2011-11-16 15:26:00",701,"Converted"
"15529",22,12,"2010-11-10 14:26:00","2011-11-17 11:29:00",372,"Converted"
"17330",22,4,"2010-03-02 09:20:00","2011-11-17 08:56:00",625,"Converted"
"16298",22,7,"2010-09-23 15:23:00","2011-11-17 11:59:00",420,"Converted"
"16804",22,3,"2011-03-14 15:48:00","2011-11-16 16:43:00",247,"Converted"
"16809",22,9,"2010-04-13 15:34:00","2011-11-16 15:45:00",582,"Converted"
"13131",22,7,"2010-02-09 09:47:00","2011-11-16 13:21:00",645,"Converted"
"16912",22,15,"2009-12-09 12:32:00","2011-11-16 15:51:00",707,"Converted"
"14332",22,5,"2010-10-19 13:01:00","2011-11-17 11:54:00",394,"Converted"
"13447",22,3,"2011-11-04 10:10:00","2011-11-16 13:38:00",12,"Converted"
"16186",22,26,"2009-12-09 15:36:00","2011-11-17 12:43:00",708,"Converted"
"12500",22,18,"2010-02-04 15:05:00","2011-11-16 16:20:00",650,"Converted"
"13939",22,7,"2010-04-06 12:43:00","2011-11-16 13:33:00",589,"Converted"
"13926",22,1,"2011-11-16 13:16:00","2011-11-16 13:16:00",0,"Converted"
"18075",22,20,"2010-07-29 11:47:00","2011-11-16 15:21:00",475,"Converted"
"14898",22,14,"2009-12-03 16:40:00","2011-11-16 14:54:00",713,"Converted"
"15805",22,30,"2009-12-10 12:57:00","2011-11-16 16:32:00",706,"Converted"
"18006",22,4,"2009-12-17 12:27:00","2011-11-16 16:52:00",699,"Converted"
"12567",22,15,"2010-02-11 10:30:00","2011-11-17 11:02:00",644,"Converted"
"12481",22,14,"2010-04-11 13:10:00","2011-11-17 08:29:00",585,"Converted"
"12477",22,9,"2010-03-26 14:01:00","2011-11-17 09:51:00",601,"Converted"
"13614",23,6,"2010-06-06 13:42:00","2011-11-15 14:47:00",527,"Converted"
"18246",23,3,"2010-04-09 10:19:00","2011-11-16 11:49:00",586,"Converted"
"12415",23,24,"2010-06-30 08:30:00","2011-11-15 14:22:00",503,"Converted"
"18181",23,5,"2009-12-04 15:30:00","2011-11-15 15:08:00",711,"Converted"
"18123",23,3,"2010-07-14 12:47:00","2011-11-15 14:23:00",489,"Converted"
"12640",23,3,"2011-09-19 12:01:00","2011-11-16 11:52:00",58,"Converted"
"12731",23,17,"2010-03-02 09:23:00","2011-11-16 11:59:00",624,"Converted"
"17680",23,3,"2010-07-16 16:07:00","2011-11-16 12:42:00",488,"Converted"
"12890",23,2,"2010-11-17 14:05:00","2011-11-15 17:26:00",363,"Converted"
"17564",23,3,"2011-09-20 14:00:00","2011-11-15 13:27:00",56,"Converted"
"17549",23,2,"2011-10-19 10:05:00","2011-11-16 09:59:00",28,"Converted"
"12933",23,8,"2009-12-10 16:39:00","2011-11-15 16:38:00",705,"Converted"
"17521",23,5,"2010-10-01 11:49:00","2011-11-15 14:00:00",410,"Converted"
"17377",23,78,"2009-12-02 12:39:00","2011-11-16 11:17:00",714,"Converted"
"13066",23,2,"2011-11-07 17:06:00","2011-11-15 13:39:00",8,"Converted"
"17357",23,2,"2011-11-15 16:29:00","2011-11-15 16:30:00",0,"Converted"
"17220",23,21,"2010-01-20 11:57:00","2011-11-15 13:47:00",664,"Converted"
"17198",23,3,"2010-12-03 14:54:00","2011-11-16 10:39:00",348,"Converted"
"17153",23,1,"2011-11-15 13:42:00","2011-11-15 13:42:00",0,"Converted"
"16916",23,4,"2010-10-20 12:56:00","2011-11-16 12:08:00",392,"Converted"
"16855",23,2,"2011-10-27 16:31:00","2011-11-16 12:03:00",20,"Converted"
"13449",23,1,"2011-11-16 08:28:00","2011-11-16 08:28:00",0,"Converted"
"16669",23,2,"2011-09-22 14:13:00","2011-11-16 12:26:00",55,"Converted"
"16557",23,2,"2011-07-25 13:28:00","2011-11-15 14:04:00",113,"Converted"
"16469",23,5,"2010-07-13 13:17:00","2011-11-16 12:25:00",491,"Converted"
"13816",23,2,"2011-10-06 14:37:00","2011-11-16 08:38:00",41,"Converted"
"16245",23,3,"2011-03-28 09:30:00","2011-11-16 10:14:00",233,"Converted"
"14057",23,22,"2009-12-03 13:17:00","2011-11-16 10:32:00",713,"Converted"
"16008",23,15,"2010-03-19 11:07:00","2011-11-16 10:32:00",607,"Converted"
"15955",23,22,"2010-02-23 16:36:00","2011-11-15 14:15:00",630,"Converted"
"15900",23,4,"2010-05-26 11:27:00","2011-11-16 12:19:00",539,"Converted"
"15720",23,2,"2010-06-07 15:40:00","2011-11-15 14:48:00",526,"Converted"
"14286",23,7,"2009-12-04 08:40:00","2011-11-16 10:34:00",712,"Converted"
"15679",23,4,"2011-06-10 08:24:00","2011-11-15 16:19:00",158,"Converted"
"15584",23,6,"2010-02-07 12:16:00","2011-11-16 10:55:00",647,"Converted"
"15556",23,1,"2011-11-15 16:08:00","2011-11-15 16:08:00",0,"Converted"
"14507",23,11,"2009-12-10 17:04:00","2011-11-16 12:21:00",706,"Converted"
"14522",23,8,"2010-01-24 13:55:00","2011-11-15 13:24:00",660,"Converted"
"14544",23,3,"2010-08-26 16:00:00","2011-11-15 15:06:00",446,"Converted"
"15269",23,3,"2010-11-14 12:58:00","2011-11-16 09:32:00",367,"Converted"
"14666",23,1,"2011-11-15 12:57:00","2011-11-15 12:57:00",0,"Converted"
"14714",23,4,"2010-01-21 11:06:00","2011-11-15 13:07:00",663,"Converted"
"15110",23,6,"2010-08-11 15:49:00","2011-11-16 11:16:00",462,"Converted"
"16478",24,3,"2011-10-05 12:02:00","2011-11-14 15:51:00",40,"Converted"
"16878",24,1,"2011-09-16 17:39:00","2011-11-15 08:52:00",60,"Converted"
"14725",24,4,"2010-06-23 11:34:00","2011-11-15 12:42:00",510,"Converted"
"16341",24,7,"2010-04-09 10:30:00","2011-11-15 09:12:00",585,"Converted"
"14715",24,8,"2010-01-19 12:18:00","2011-11-15 12:10:00",665,"Converted"
"14953",24,4,"2010-09-30 12:16:00","2011-11-14 14:59:00",410,"Converted"
"13455",24,6,"2009-12-09 08:58:00","2011-11-15 11:21:00",706,"Converted"
"12642",24,3,"2011-08-24 09:23:00","2011-11-14 15:03:00",82,"Converted"
"15125",24,24,"2010-03-31 13:29:00","2011-11-14 13:57:00",593,"Converted"
"13735",24,13,"2009-12-13 13:31:00","2011-11-15 11:14:00",702,"Converted"
"17974",24,6,"2010-10-28 20:03:00","2011-11-15 11:37:00",383,"Converted"
"14680",24,58,"2009-12-04 12:36:00","2011-11-14 16:59:00",710,"Converted"
"16423",24,1,"2011-11-15 09:21:00","2011-11-15 09:21:00",0,"Converted"
"15781",24,3,"2011-02-07 09:15:00","2011-11-14 14:57:00",280,"Converted"
"15758",24,1,"2011-11-15 10:48:00","2011-11-15 10:48:00",0,"Converted"
"15524",24,2,"2010-04-12 09:19:00","2011-11-15 12:09:00",582,"Converted"
"15458",24,2,"2010-11-02 19:50:00","2011-11-14 13:08:00",377,"Converted"
"16639",24,4,"2010-10-26 18:23:00","2011-11-14 13:47:00",384,"Converted"
"17510",24,2,"2010-10-15 10:20:00","2011-11-15 10:00:00",396,"Converted"
"12374",24,3,"2010-04-30 14:01:00","2011-11-14 15:37:00",563,"Converted"
"13058",24,3,"2011-07-11 12:01:00","2011-11-15 12:43:00",127,"Converted"
"13236",24,2,"2011-08-25 08:58:00","2011-11-15 12:50:00",82,"Converted"
"13577",24,11,"2009-12-14 16:10:00","2011-11-14 15:19:00",700,"Converted"
"15582",24,3,"2011-05-03 13:36:00","2011-11-15 09:55:00",196,"Converted"
"15532",24,10,"2010-06-08 14:52:00","2011-11-14 14:51:00",524,"Converted"
"17235",24,8,"2010-06-04 17:01:00","2011-11-14 15:51:00",528,"Converted"
"12883",24,4,"2011-09-11 15:18:00","2011-11-15 09:32:00",65,"Converted"
"15419",24,1,"2011-11-15 09:23:00","2011-11-15 09:23:00",0,"Converted"
"14533",24,11,"2010-04-08 12:13:00","2011-11-15 12:05:00",586,"Converted"
"15050",24,5,"2010-08-16 12:00:00","2011-11-14 16:17:00",455,"Converted"
"17652",24,12,"2011-03-03 14:05:00","2011-11-14 12:55:00",256,"Converted"
"16519",24,4,"2010-03-01 13:51:00","2011-11-14 15:41:00",623,"Converted"
"15058",24,16,"2010-02-24 14:07:00","2011-11-14 14:57:00",628,"Converted"
"17777",24,3,"2011-08-31 14:35:00","2011-11-15 12:02:00",76,"Converted"
"13835",24,7,"2010-03-04 08:26:00","2011-11-14 15:37:00",620,"Converted"
"13692",24,5,"2010-10-15 13:28:00","2011-11-15 11:17:00",396,"Converted"
"17314",24,17,"2009-12-03 11:25:00","2011-11-15 09:41:00",712,"Converted"
"18259",24,7,"2009-12-08 08:38:00","2011-11-15 12:34:00",707,"Converted"
"16747",24,2,"2011-10-03 10:18:00","2011-11-14 13:37:00",42,"Converted"
"13846",24,4,"2010-11-05 09:47:00","2011-11-15 12:07:00",375,"Converted"
"15660",24,15,"2010-02-05 16:01:00","2011-11-14 16:58:00",647,"Converted"
"17793",24,1,"2011-11-14 14:24:00","2011-11-14 14:24:00",0,"Converted"
"17081",24,6,"2010-02-22 13:19:00","2011-11-14 12:56:00",630,"Converted"
"16504",24,1,"2011-11-14 15:18:00","2011-11-14 15:18:00",0,"Converted"
"12676",24,10,"2010-08-13 13:29:00","2011-11-15 12:25:00",459,"Converted"
"16207",24,1,"2011-11-14 13:51:00","2011-11-14 13:51:00",0,"Converted"
"15981",24,21,"2010-03-29 10:07:00","2011-11-15 08:00:00",596,"Converted"
"13632",24,8,"2010-04-07 10:59:00","2011-11-15 10:51:00",587,"Converted"
"18043",24,3,"2010-12-08 12:35:00","2011-11-15 12:48:00",342,"Converted"
"15839",24,3,"2011-07-14 16:35:00","2011-11-14 13:25:00",123,"Converted"
"13178",25,21,"2009-12-16 14:00:00","2011-11-13 16:14:00",697,"Converted"
"13603",25,1,"2011-11-13 15:57:00","2011-11-13 15:57:00",0,"Converted"
"16303",25,7,"2010-03-18 14:12:00","2011-11-14 10:49:00",606,"Converted"
"17287",25,21,"2009-12-03 12:45:00","2011-11-13 13:27:00",710,"Converted"
"14382",25,2,"2010-11-14 16:27:00","2011-11-13 16:18:00",364,"Converted"
"13146",25,1,"2011-11-13 15:29:00","2011-11-13 15:29:00",0,"Converted"
"14784",25,3,"2010-11-15 09:49:00","2011-11-13 13:30:00",363,"Converted"
"15787",25,3,"2011-10-09 13:11:00","2011-11-13 14:55:00",35,"Converted"
"18117",25,1,"2011-11-14 12:47:00","2011-11-14 12:47:00",0,"Converted"
"12508",25,2,"2011-11-10 16:27:00","2011-11-13 15:37:00",3,"Converted"
"18082",25,1,"2011-11-14 12:45:00","2011-11-14 12:45:00",0,"Converted"
"18069",25,11,"2010-02-28 16:14:00","2011-11-13 16:05:00",623,"Converted"
"16898",25,5,"2010-05-12 12:18:00","2011-11-13 15:44:00",550,"Converted"
"15863",25,5,"2009-12-17 10:20:00","2011-11-14 12:49:00",697,"Converted"
"14227",25,15,"2010-02-08 09:38:00","2011-11-13 15:48:00",643,"Converted"
"14684",25,6,"2010-11-14 14:07:00","2011-11-14 11:33:00",365,"Converted"
"15168",25,1,"2011-11-14 11:26:00","2011-11-14 11:26:00",0,"Converted"
"15203",25,15,"2009-12-08 18:06:00","2011-11-14 08:16:00",706,"Converted"
"12689",25,2,"2011-08-04 10:04:00","2011-11-14 08:31:00",102,"Converted"
"13700",25,13,"2010-02-07 10:53:00","2011-11-13 13:00:00",644,"Converted"
"13451",25,11,"2010-03-21 16:01:00","2011-11-13 15:58:00",602,"Converted"
"14862",25,2,"2011-07-14 11:20:00","2011-11-14 10:01:00",123,"Converted"
"18211",25,5,"2011-03-06 12:09:00","2011-11-14 08:10:00",253,"Converted"
"15291",25,39,"2009-12-03 11:09:00","2011-11-14 11:02:00",711,"Converted"
"17720",25,10,"2010-05-10 09:58:00","2011-11-13 15:04:00",552,"Converted"
"15365",25,13,"2010-02-04 16:43:00","2011-11-14 08:29:00",648,"Converted"
"17663",25,17,"2009-12-03 18:29:00","2011-11-14 08:56:00",711,"Converted"
"12428",25,8,"2011-03-01 09:33:00","2011-11-14 08:22:00",258,"Converted"
"14530",25,16,"2010-01-21 11:25:00","2011-11-14 10:38:00",662,"Converted"
"12865",25,4,"2010-08-20 12:20:00","2011-11-13 14:31:00",450,"Converted"
"12867",25,13,"2009-12-16 16:25:00","2011-11-13 15:30:00",697,"Converted"
"15411",25,4,"2011-06-10 12:30:00","2011-11-13 15:19:00",156,"Converted"
"14499",25,7,"2010-08-27 11:57:00","2011-11-13 13:01:00",443,"Converted"
"14494",25,3,"2009-12-08 13:25:00","2011-11-14 09:21:00",706,"Converted"
"17538",25,1,"2011-11-14 12:12:00","2011-11-14 12:12:00",0,"Converted"
"15449",25,3,"2011-03-23 10:43:00","2011-11-13 15:02:00",235,"Converted"
"16936",25,2,"2010-11-19 11:54:00","2011-11-14 11:04:00",360,"Converted"
"12938",25,1,"2011-11-14 11:21:00","2011-11-14 11:21:00",0,"Converted"
"13549",25,8,"2010-11-17 12:17:00","2011-11-14 09:20:00",362,"Converted"
"13379",25,3,"2011-07-26 12:26:00","2011-11-13 13:45:00",110,"Converted"
"16726",25,7,"2010-10-24 16:09:00","2011-11-13 14:53:00",385,"Converted"
"16930",25,3,"2011-10-02 14:25:00","2011-11-13 16:13:00",42,"Converted"
"16720",25,3,"2009-12-17 17:54:00","2011-11-13 16:22:00",696,"Converted"
"17790",26,20,"2010-06-13 13:30:00","2011-11-13 11:30:00",518,"Converted"
"15429",26,2,"2011-09-25 13:42:00","2011-11-13 12:28:00",49,"Converted"
"14487",26,7,"2010-11-25 13:36:00","2011-11-13 12:17:00",353,"Converted"
"13892",26,6,"2010-05-13 10:32:00","2011-11-13 11:50:00",549,"Converted"
"13984",26,12,"2009-12-07 11:51:00","2011-11-13 12:38:00",706,"Converted"
"15599",26,3,"2010-09-20 10:15:00","2011-11-13 11:44:00",419,"Converted"
"14661",26,1,"2011-11-13 11:51:00","2011-11-13 11:51:00",0,"Converted"
"17041",26,6,"2010-04-18 14:25:00","2011-11-13 11:21:00",574,"Converted"
"13170",26,1,"2011-11-13 12:19:00","2011-11-13 12:19:00",0,"Converted"
"17838",26,13,"2010-03-19 09:53:00","2011-11-13 11:38:00",604,"Converted"
"14044",26,10,"2010-01-24 15:14:00","2011-11-13 12:05:00",658,"Converted"
"13450",26,13,"2010-04-15 19:15:00","2011-11-13 11:54:00",577,"Converted"
"17211",26,13,"2009-12-13 13:17:00","2011-11-13 12:03:00",700,"Converted"
"16416",26,9,"2010-02-23 12:00:00","2011-11-13 12:50:00",628,"Converted"
"14882",26,14,"2010-03-30 15:02:00","2011-11-13 12:47:00",593,"Converted"
"15692",27,1,"2011-11-11 14:12:00","2011-11-11 14:12:00",0,"Converted"
"12480",27,7,"2010-07-20 13:21:00","2011-11-11 14:52:00",479,"Converted"
"12517",27,4,"2011-06-02 15:13:00","2011-11-11 13:57:00",162,"Converted"
"17069",27,14,"2009-12-03 12:27:00","2011-11-11 17:13:00",708,"Converted"
"18014",27,1,"2011-11-11 15:28:00","2011-11-11 15:28:00",0,"Converted"
"12685",27,6,"2011-09-07 10:28:00","2011-11-11 13:46:00",65,"Converted"
"12691",27,6,"2010-10-15 12:00:00","2011-11-11 16:49:00",392,"Converted"
"13557",27,13,"2009-12-08 17:41:00","2011-11-11 15:24:00",703,"Converted"
"15492",27,2,"2011-09-26 14:02:00","2011-11-11 14:53:00",46,"Converted"
"17191",27,15,"2009-12-01 16:34:00","2011-11-11 16:58:00",710,"Converted"
"17088",27,4,"2011-03-31 09:48:00","2011-11-11 14:23:00",225,"Converted"
"17052",27,1,"2011-11-11 14:50:00","2011-11-11 14:50:00",0,"Converted"
"17054",27,5,"2011-04-08 13:14:00","2011-11-11 12:56:00",217,"Converted"
"16433",27,2,"2010-10-27 12:26:00","2011-11-11 14:09:00",380,"Converted"
"15608",27,5,"2010-10-20 10:10:00","2011-11-11 13:20:00",387,"Converted"
"16332",27,11,"2010-04-29 13:41:00","2011-11-11 14:22:00",561,"Converted"
"12726",27,11,"2010-03-25 16:25:00","2011-11-11 13:35:00",596,"Converted"
"16671",27,3,"2011-06-28 11:20:00","2011-11-11 13:40:00",136,"Converted"
"13732",27,1,"2011-11-11 15:49:00","2011-11-11 15:49:00",0,"Converted"
"16460",27,3,"2011-09-19 10:15:00","2011-11-11 13:46:00",53,"Converted"
"17573",28,3,"2011-09-07 10:36:00","2011-11-10 13:01:00",64,"Converted"
"13606",28,3,"2011-02-01 11:42:00","2011-11-10 17:46:00",282,"Converted"
"13817",28,2,"2010-12-23 11:46:00","2011-11-10 17:49:00",322,"Converted"
"12600",28,20,"2009-12-07 13:37:00","2011-11-11 10:29:00",704,"Converted"
"12599",28,13,"2010-05-11 10:42:00","2011-11-10 13:34:00",548,"Converted"
"12617",28,1,"2011-11-10 14:39:00","2011-11-10 14:39:00",0,"Converted"
"14064",28,15,"2010-01-21 13:22:00","2011-11-10 13:14:00",658,"Converted"
"17932",28,3,"2011-05-12 13:58:00","2011-11-10 19:49:00",182,"Converted"
"16434",28,12,"2010-01-17 14:51:00","2011-11-10 14:28:00",662,"Converted"
"12589",28,6,"2010-01-19 12:26:00","2011-11-11 10:19:00",661,"Converted"
"15184",28,4,"2009-12-16 12:06:00","2011-11-10 13:41:00",694,"Converted"
"16863",28,3,"2010-10-26 10:03:00","2011-11-10 15:23:00",380,"Converted"
"14662",28,7,"2009-12-03 16:47:00","2011-11-11 12:13:00",708,"Converted"
"13727",28,8,"2009-12-09 13:25:00","2011-11-11 09:46:00",702,"Converted"
"17977",28,2,"2010-11-04 14:26:00","2011-11-10 13:28:00",371,"Converted"
"17901",28,3,"2010-07-06 10:54:00","2011-11-10 17:29:00",492,"Converted"
"14712",28,4,"2010-10-17 14:49:00","2011-11-10 12:59:00",389,"Converted"
"15557",28,1,"2011-11-11 12:46:00","2011-11-11 12:46:00",0,"Converted"
"15111",28,5,"2010-04-26 13:12:00","2011-11-10 16:58:00",563,"Converted"
"17109",28,8,"2010-07-30 12:42:00","2011-11-10 16:59:00",468,"Converted"
"12384",28,2,"2011-08-10 11:23:00","2011-11-11 08:39:00",93,"Converted"
"15238",28,3,"2011-06-08 16:00:00","2011-11-10 14:28:00",155,"Converted"
"14226",28,6,"2010-09-24 14:32:00","2011-11-11 11:34:00",413,"Converted"
"13460",28,2,"2011-10-21 09:50:00","2011-11-10 17:17:00",20,"Converted"
"15463",28,1,"2011-11-10 12:57:00","2011-11-10 12:57:00",0,"Converted"
"17295",28,3,"2011-10-06 12:22:00","2011-11-11 10:49:00",36,"Converted"
"16126",28,15,"2009-12-02 13:34:00","2011-11-10 16:03:00",708,"Converted"
"14789",28,1,"2011-11-11 08:59:00","2011-11-11 08:59:00",0,"Converted"
"14748",28,10,"2009-12-01 11:56:00","2011-11-10 18:33:00",709,"Converted"
"15289",28,5,"2010-03-28 11:45:00","2011-11-10 13:49:00",592,"Converted"
"16907",28,9,"2010-07-01 17:30:00","2011-11-10 18:04:00",497,"Converted"
"14765",28,3,"2011-06-16 19:49:00","2011-11-10 19:53:00",147,"Converted"
"18135",28,10,"2010-03-15 13:13:00","2011-11-10 19:32:00",605,"Converted"
"14466",28,13,"2009-12-13 15:44:00","2011-11-10 14:07:00",697,"Converted"
"16903",28,3,"2010-10-20 14:42:00","2011-11-10 15:32:00",386,"Converted"
"18209",28,1,"2011-11-11 12:07:00","2011-11-11 12:07:00",0,"Converted"
"15355",28,2,"2011-10-17 15:22:00","2011-11-10 13:44:00",24,"Converted"
"14829",28,7,"2010-09-29 13:14:00","2011-11-10 16:16:00",407,"Converted"
"15830",28,1,"2011-11-02 10:40:00","2011-11-10 13:35:00",8,"Converted"
"17442",28,15,"2010-02-15 15:54:00","2011-11-10 14:54:00",633,"Converted"
"17653",28,4,"2011-08-11 15:24:00","2011-11-10 14:26:00",91,"Converted"
"13810",28,2,"2011-10-14 12:57:00","2011-11-11 08:33:00",28,"Converted"
"12844",28,4,"2010-04-25 11:51:00","2011-11-10 13:31:00",564,"Converted"
"16743",28,14,"2010-04-22 13:21:00","2011-11-10 13:13:00",567,"Converted"
"14863",28,1,"2011-11-10 15:04:00","2011-11-10 15:04:00",0,"Converted"
"12538",28,2,"2010-11-26 13:02:00","2011-11-10 17:16:00",349,"Converted"
"16791",28,15,"2009-12-03 18:08:00","2011-11-10 19:12:00",707,"Converted"
"17015",28,3,"2011-06-07 13:19:00","2011-11-11 10:45:00",157,"Converted"
"16386",28,3,"2010-11-17 11:19:00","2011-11-11 12:28:00",359,"Converted"
"13148",28,26,"2009-12-07 15:26:00","2011-11-10 15:23:00",703,"Converted"
"17512",28,18,"2009-12-10 19:35:00","2011-11-11 12:11:00",701,"Converted"
"14035",28,9,"2010-04-06 12:39:00","2011-11-11 10:03:00",584,"Converted"
"17162",28,10,"2011-02-07 12:27:00","2011-11-11 11:34:00",277,"Converted"
"18217",28,4,"2010-07-01 15:39:00","2011-11-10 13:18:00",497,"Converted"
"16628",29,7,"2010-03-08 12:24:00","2011-11-10 12:45:00",612,"Converted"
"14968",29,2,"2010-09-07 13:28:00","2011-11-09 13:58:00",428,"Converted"
"18125",29,4,"2011-01-27 15:02:00","2011-11-10 12:29:00",287,"Converted"
"16218",29,13,"2010-05-27 16:09:00","2011-11-10 09:59:00",532,"Converted"
"12532",29,1,"2011-11-09 13:47:00","2011-11-09 13:47:00",0,"Converted"
"12541",29,3,"2011-03-04 09:32:00","2011-11-10 10:40:00",251,"Converted"
"12544",29,1,"2011-11-03 16:15:00","2011-11-10 11:12:00",7,"Converted"
"15114",29,12,"2010-10-14 16:44:00","2011-11-09 15:05:00",391,"Converted"
"14944",29,19,"2010-02-17 08:47:00","2011-11-10 09:10:00",631,"Converted"
"12659",29,1,"2011-11-10 11:53:00","2011-11-10 11:53:00",0,"Converted"
"17867",29,14,"2009-12-02 13:02:00","2011-11-09 14:15:00",707,"Converted"
"12708",29,18,"2009-12-18 10:25:00","2011-11-10 09:52:00",692,"Converted"
"17791",29,1,"2011-11-10 12:09:00","2011-11-10 12:09:00",0,"Converted"
"16516",29,1,"2011-11-09 14:59:00","2011-11-09 14:59:00",0,"Converted"
"17702",29,6,"2010-11-04 12:09:00","2011-11-09 16:03:00",370,"Converted"
"13983",29,21,"2009-12-09 13:53:00","2011-11-10 11:06:00",701,"Converted"
"17690",29,20,"2010-02-03 14:26:00","2011-11-09 15:17:00",644,"Converted"
"13992",29,3,"2010-09-02 17:04:00","2011-11-09 15:23:00",433,"Converted"
"15450",29,1,"2011-11-09 17:11:00","2011-11-09 17:11:00",0,"Converted"
"15452",29,6,"2010-07-16 14:23:00","2011-11-10 12:13:00",482,"Converted"
"17537",29,2,"2011-02-09 13:37:00","2011-11-10 10:56:00",274,"Converted"
"15485",29,7,"2009-12-01 17:31:00","2011-11-09 14:31:00",708,"Converted"
"16025",29,1,"2011-11-10 11:45:00","2011-11-10 11:45:00",0,"Converted"
"12981",29,2,"2011-07-29 14:14:00","2011-11-10 12:00:00",104,"Converted"
"17416",29,22,"2009-12-14 16:29:00","2011-11-10 12:47:00",696,"Converted"
"18236",29,12,"2010-04-15 13:39:00","2011-11-10 08:06:00",574,"Converted"
"16003",29,10,"2009-12-03 18:51:00","2011-11-10 09:57:00",707,"Converted"
"14921",29,2,"2011-05-22 12:51:00","2011-11-09 13:17:00",171,"Converted"
"15597",29,2,"2010-05-13 13:10:00","2011-11-10 11:46:00",546,"Converted"
"17197",29,1,"2011-11-10 10:32:00","2011-11-10 10:32:00",0,"Converted"
"15986",29,2,"2010-11-23 10:02:00","2011-11-09 15:17:00",351,"Converted"
"13209",29,13,"2010-01-24 14:30:00","2011-11-09 13:54:00",654,"Converted"
"17059",29,9,"2010-01-26 14:43:00","2011-11-10 12:27:00",653,"Converted"
"13522",29,1,"2011-11-09 15:11:00","2011-11-09 15:11:00",0,"Converted"
"17038",29,2,"2010-10-20 16:04:00","2011-11-09 13:50:00",385,"Converted"
"14240",29,3,"2010-10-12 12:48:00","2011-11-09 13:45:00",393,"Converted"
"15785",29,16,"2009-12-15 16:28:00","2011-11-10 12:08:00",695,"Converted"
"17011",29,3,"2010-02-26 09:47:00","2011-11-09 13:30:00",621,"Converted"
"16996",29,9,"2010-10-18 12:24:00","2011-11-09 16:43:00",387,"Converted"
"16986",29,11,"2010-02-04 14:46:00","2011-11-10 11:55:00",644,"Converted"
"16953",29,1,"2011-11-09 15:54:00","2011-11-09 15:54:00",0,"Converted"
"16041",30,3,"2011-07-21 16:27:00","2011-11-09 12:25:00",111,"Converted"
"12893",30,1,"2011-11-09 12:34:00","2011-11-09 12:34:00",0,"Converted"
"16602",30,2,"2010-11-16 09:13:00","2011-11-08 16:18:00",357,"Converted"
"17160",30,17,"2009-12-04 10:57:00","2011-11-08 14:05:00",704,"Converted"
"13643",30,10,"2009-12-08 12:48:00","2011-11-08 15:37:00",700,"Converted"
"17633",30,7,"2010-11-15 14:55:00","2011-11-08 13:25:00",358,"Converted"
"17637",30,2,"2011-08-16 13:25:00","2011-11-08 12:51:00",84,"Converted"
"14284",30,3,"2010-02-24 12:06:00","2011-11-09 08:11:00",623,"Converted"
"12849",30,6,"2010-04-27 13:44:00","2011-11-08 13:41:00",560,"Converted"
"15356",30,13,"2010-10-13 13:12:00","2011-11-08 13:11:00",391,"Converted"
"13975",30,12,"2010-02-02 11:10:00","2011-11-08 13:19:00",644,"Converted"
"13272",30,2,"2011-09-11 12:06:00","2011-11-08 14:00:00",58,"Converted"
"15275",30,1,"2011-11-02 11:20:00","2011-11-08 17:54:00",6,"Converted"
"13695",30,16,"2010-05-11 11:07:00","2011-11-08 14:26:00",546,"Converted"
"16751",30,1,"2011-11-09 10:48:00","2011-11-09 10:48:00",0,"Converted"
"13867",30,3,"2011-05-05 17:28:00","2011-11-08 15:48:00",187,"Converted"
"17865",30,46,"2009-12-01 10:49:00","2011-11-09 12:08:00",708,"Converted"
"18216",30,1,"2011-11-08 16:55:00","2011-11-08 16:55:00",0,"Converted"
"18177",30,9,"2009-12-15 18:57:00","2011-11-08 14:44:00",693,"Converted"
"14676",30,12,"2010-03-10 09:30:00","2011-11-08 13:29:00",608,"Converted"
"12613",30,9,"2009-12-14 13:10:00","2011-11-08 13:30:00",694,"Converted"
"14108",30,4,"2009-12-01 18:07:00","2011-11-09 10:41:00",708,"Converted"
"15153",30,1,"2011-11-08 17:09:00","2011-11-08 17:09:00",0,"Converted"
"16880",30,8,"2010-08-03 13:54:00","2011-11-09 11:33:00",463,"Converted"
"16837",30,11,"2011-04-08 08:48:00","2011-11-08 14:27:00",214,"Converted"
"16284",30,3,"2010-11-11 13:27:00","2011-11-08 16:12:00",362,"Converted"
"15027",30,10,"2010-03-25 14:39:00","2011-11-09 10:16:00",594,"Converted"
"17022",30,2,"2010-10-03 10:27:00","2011-11-08 17:09:00",401,"Converted"
"16767",30,15,"2010-04-28 16:49:00","2011-11-09 09:42:00",560,"Converted"
"14691",30,5,"2011-05-11 09:55:00","2011-11-09 12:30:00",182,"Converted"
"16205",30,7,"2010-06-15 11:58:00","2011-11-09 09:32:00",512,"Converted"
"15103",30,2,"2011-09-14 13:54:00","2011-11-08 14:53:00",55,"Converted"
"13384",30,11,"2010-07-27 12:22:00","2011-11-09 11:04:00",470,"Converted"
"12472",30,19,"2009-12-09 10:47:00","2011-11-09 11:33:00",700,"Converted"
"15043",30,6,"2010-06-24 15:50:00","2011-11-08 14:26:00",502,"Converted"
"13110",30,12,"2009-12-01 14:14:00","2011-11-08 14:30:00",707,"Converted"
"13046",30,3,"2010-09-09 13:09:00","2011-11-09 08:36:00",426,"Converted"
"13029",30,5,"2010-07-04 13:46:00","2011-11-09 09:13:00",493,"Converted"
"15513",30,35,"2010-01-13 14:59:00","2011-11-08 16:21:00",664,"Converted"
"12990",30,7,"2010-03-30 11:36:00","2011-11-08 13:01:00",588,"Converted"
"13623",30,10,"2009-12-02 11:36:00","2011-11-09 12:00:00",707,"Converted"
"18164",30,1,"2011-11-02 12:56:00","2011-11-08 17:49:00",6,"Converted"
"13804",30,9,"2010-09-29 10:26:00","2011-11-09 12:32:00",406,"Converted"
"17515",30,9,"2010-06-07 13:29:00","2011-11-08 14:04:00",519,"Converted"
"12949",30,22,"2009-12-03 15:56:00","2011-11-09 11:25:00",706,"Converted"
"14214",30,5,"2011-03-07 12:26:00","2011-11-09 10:31:00",247,"Converted"
"16618",30,5,"2011-01-21 11:55:00","2011-11-08 13:52:00",291,"Converted"
"16348",31,8,"2010-10-05 13:57:00","2011-11-07 15:44:00",398,"Converted"
"16362",31,6,"2010-09-28 09:24:00","2011-11-07 13:01:00",405,"Converted"
"16187",31,15,"2011-02-28 13:34:00","2011-11-08 09:50:00",253,"Converted"
"13717",31,8,"2010-08-11 09:40:00","2011-11-07 14:13:00",453,"Converted"
"13710",31,3,"2010-04-06 12:54:00","2011-11-08 08:16:00",581,"Converted"
"16505",31,1,"2011-11-08 12:14:00","2011-11-08 12:14:00",0,"Converted"
"13993",31,19,"2009-12-03 11:57:00","2011-11-07 13:00:00",704,"Converted"
"16637",31,4,"2011-04-28 10:20:00","2011-11-07 13:17:00",193,"Converted"
"14050",31,2,"2011-08-25 13:46:00","2011-11-08 10:00:00",75,"Converted"
"13587",31,4,"2010-02-14 13:17:00","2011-11-08 11:17:00",632,"Converted"
"16732",31,4,"2009-12-08 13:04:00","2011-11-08 09:54:00",700,"Converted"
"15957",31,3,"2010-10-15 12:11:00","2011-11-08 12:14:00",389,"Converted"
"13329",31,8,"2009-12-04 15:41:00","2011-11-08 10:29:00",704,"Converted"
"14232",31,5,"2011-03-20 12:44:00","2011-11-08 12:17:00",233,"Converted"
"13324",31,18,"2010-05-25 10:23:00","2011-11-07 15:51:00",531,"Converted"
"15763",31,2,"2011-09-23 12:10:00","2011-11-08 09:44:00",46,"Converted"
"17043",31,8,"2009-12-09 15:20:00","2011-11-07 15:33:00",698,"Converted"
"17158",31,5,"2010-03-07 15:50:00","2011-11-07 15:15:00",610,"Converted"
"17219",31,2,"2010-10-19 11:29:00","2011-11-08 11:25:00",385,"Converted"
"14360",31,4,"2011-09-06 11:58:00","2011-11-08 09:12:00",63,"Converted"
"15573",31,5,"2009-12-10 14:19:00","2011-11-08 11:38:00",698,"Converted"
"17289",31,9,"2010-03-08 12:52:00","2011-11-08 12:01:00",610,"Converted"
"14929",31,2,"2010-10-14 12:22:00","2011-11-07 17:21:00",389,"Converted"
"14524",31,13,"2010-10-19 11:44:00","2011-11-08 12:29:00",385,"Converted"
"12832",31,2,"2011-09-02 13:48:00","2011-11-07 13:30:00",66,"Converted"
"15330",31,2,"2011-10-10 12:30:00","2011-11-07 17:50:00",28,"Converted"
"12721",31,8,"2010-08-25 11:07:00","2011-11-08 12:13:00",440,"Converted"
"14623",31,10,"2010-04-16 17:12:00","2011-11-07 13:56:00",570,"Converted"
"15249",31,18,"2010-03-26 14:51:00","2011-11-08 11:45:00",592,"Converted"
"17886",31,6,"2009-12-14 10:51:00","2011-11-08 10:09:00",694,"Converted"
"17964",31,2,"2010-12-02 13:32:00","2011-11-08 10:44:00",341,"Converted"
"14700",31,5,"2010-08-11 12:19:00","2011-11-07 14:40:00",453,"Converted"
"18016",31,7,"2010-01-27 16:00:00","2011-11-07 13:25:00",649,"Converted"
"18036",31,11,"2009-12-18 12:04:00","2011-11-07 14:40:00",689,"Converted"
"15066",31,1,"2011-10-17 13:25:00","2011-11-08 09:56:00",22,"Converted"
"18150",31,3,"2011-05-22 10:47:00","2011-11-07 16:49:00",169,"Converted"
"15427",32,3,"2011-10-23 14:47:00","2011-11-06 14:29:00",14,"Converted"
"16488",32,3,"2011-07-14 11:46:00","2011-11-06 13:42:00",115,"Converted"
"14039",32,2,"2010-05-13 10:15:00","2011-11-06 13:48:00",542,"Converted"
"15493",32,9,"2010-02-23 11:14:00","2011-11-07 12:04:00",622,"Converted"
"15719",32,31,"2009-12-01 12:47:00","2011-11-07 12:29:00",706,"Converted"
"17082",32,6,"2009-12-15 11:25:00","2011-11-06 15:17:00",691,"Converted"
"13824",32,12,"2010-03-12 15:17:00","2011-11-07 12:41:00",605,"Converted"
"16357",32,4,"2010-11-23 18:52:00","2011-11-06 16:04:00",348,"Converted"
"12357",32,2,"2010-11-16 10:05:00","2011-11-06 16:07:00",355,"Converted"
"17831",32,1,"2011-11-06 15:09:00","2011-11-06 15:09:00",0,"Converted"
"17430",32,4,"2010-08-17 11:52:00","2011-11-07 09:24:00",447,"Converted"
"17164",32,7,"2011-03-11 14:26:00","2011-11-07 09:14:00",241,"Converted"
"15522",32,2,"2011-09-13 12:26:00","2011-11-07 11:26:00",55,"Converted"
"14174",32,1,"2011-11-06 13:17:00","2011-11-06 13:17:00",0,"Converted"
"15870",32,4,"2010-09-19 16:22:00","2011-11-07 10:58:00",414,"Converted"
"15618",32,4,"2011-07-26 10:13:00","2011-11-07 08:34:00",104,"Converted"
"13155",32,6,"2010-08-05 09:30:00","2011-11-06 15:41:00",458,"Converted"
"14517",32,2,"2011-07-21 11:42:00","2011-11-06 14:20:00",108,"Converted"
"15025",32,2,"2010-05-20 13:28:00","2011-11-06 15:20:00",535,"Converted"
"17608",32,4,"2010-04-11 13:37:00","2011-11-06 13:06:00",574,"Converted"
"18170",32,9,"2010-01-08 14:10:00","2011-11-06 14:35:00",667,"Converted"
"17761",32,1,"2011-11-07 10:23:00","2011-11-07 10:23:00",0,"Converted"
"16612",32,9,"2009-12-03 15:54:00","2011-11-07 07:38:00",704,"Converted"
"16771",32,10,"2009-12-09 11:52:00","2011-11-06 13:28:00",697,"Converted"
"12638",32,2,"2010-03-10 10:30:00","2011-11-06 13:11:00",606,"Converted"
"14387",32,3,"2011-08-22 14:13:00","2011-11-07 12:29:00",77,"Converted"
"17107",32,10,"2010-01-31 15:47:00","2011-11-07 08:41:00",645,"Converted"
"13759",32,2,"2011-09-29 15:40:00","2011-11-06 14:47:00",38,"Converted"
"15526",32,2,"2011-11-06 15:01:00","2011-11-06 15:04:00",0,"Converted"
"16232",32,7,"2010-06-07 14:04:00","2011-11-07 11:12:00",518,"Converted"
"17623",32,7,"2009-12-14 14:36:00","2011-11-07 11:32:00",693,"Converted"
"13634",32,15,"2010-01-10 14:26:00","2011-11-06 13:40:00",665,"Converted"
"14080",32,5,"2009-12-02 15:01:00","2011-11-07 11:09:00",705,"Converted"
"13097",32,27,"2009-12-01 13:31:00","2011-11-07 10:43:00",706,"Converted"
"16053",32,6,"2010-04-08 11:11:00","2011-11-07 11:21:00",578,"Converted"
"12408",32,8,"2010-07-29 13:27:00","2011-11-07 12:27:00",466,"Converted"
"13523",32,6,"2010-11-02 14:55:00","2011-11-06 15:11:00",369,"Converted"
"15696",32,13,"2010-01-24 14:36:00","2011-11-06 14:02:00",651,"Converted"
"16372",32,5,"2010-04-11 15:20:00","2011-11-06 13:08:00",574,"Converted"
"16466",33,15,"2010-03-07 14:31:00","2011-11-06 11:35:00",609,"Converted"
"16676",33,6,"2010-10-17 13:07:00","2011-11-06 12:01:00",385,"Converted"
"15017",33,1,"2011-11-06 10:33:00","2011-11-06 10:33:00",0,"Converted"
"15407",33,4,"2011-02-07 13:18:00","2011-11-06 11:55:00",272,"Converted"
"14404",33,13,"2009-12-20 14:40:00","2011-11-06 12:30:00",686,"Converted"
"13527",33,12,"2010-01-21 12:37:00","2011-11-06 12:04:00",654,"Converted"
"16243",33,2,"2011-10-16 12:09:00","2011-11-06 12:32:00",21,"Converted"
"13772",33,8,"2010-02-23 13:55:00","2011-11-06 11:43:00",621,"Converted"
"12645",33,8,"2010-02-09 10:49:00","2011-11-06 12:38:00",635,"Converted"
"15952",33,4,"2011-04-28 12:55:00","2011-11-06 11:18:00",192,"Converted"
"16445",33,4,"2010-10-24 12:39:00","2011-11-06 12:32:00",378,"Converted"
"13532",33,1,"2011-11-06 12:25:00","2011-11-06 12:25:00",0,"Converted"
"12838",33,10,"2010-04-26 09:59:00","2011-11-06 12:20:00",559,"Converted"
"17084",34,3,"2010-11-08 12:00:00","2011-11-04 14:54:00",361,"Converted"
"17703",34,4,"2010-10-17 16:16:00","2011-11-04 15:51:00",383,"Converted"
"17233",34,3,"2009-12-15 12:03:00","2011-11-04 14:06:00",689,"Converted"
"14412",34,3,"2010-10-11 12:33:00","2011-11-04 13:14:00",389,"Converted"
"15707",34,4,"2011-09-14 14:19:00","2011-11-04 14:35:00",51,"Converted"
"12928",34,12,"2010-06-08 10:16:00","2011-11-04 14:24:00",514,"Converted"
"15345",34,1,"2011-10-25 11:28:00","2011-11-04 13:24:00",10,"Converted"
"15329",34,11,"2009-12-14 12:18:00","2011-11-04 12:56:00",690,"Converted"
"16887",34,3,"2009-12-01 13:41:00","2011-11-04 14:07:00",703,"Converted"
"14567",34,2,"2011-08-01 13:48:00","2011-11-04 13:57:00",95,"Converted"
"16012",34,5,"2010-06-28 11:39:00","2011-11-04 13:25:00",494,"Converted"
"17274",34,2,"2010-11-09 12:06:00","2011-11-04 13:16:00",360,"Converted"
"14971",34,3,"2011-10-27 13:33:00","2011-11-04 17:07:00",8,"Converted"
"15598",34,2,"2010-10-08 09:20:00","2011-11-04 13:14:00",392,"Converted"
"13938",34,1,"2011-11-04 14:37:00","2011-11-04 14:37:00",0,"Converted"
"12484",34,9,"2009-12-03 10:57:00","2011-11-04 15:18:00",701,"Converted"
"14592",34,3,"2011-10-06 18:08:00","2011-11-04 16:35:00",29,"Converted"
"15468",34,3,"2010-11-12 09:39:00","2011-11-04 13:11:00",357,"Converted"
"16318",34,1,"2011-11-04 13:05:00","2011-11-04 13:05:00",0,"Converted"
"16555",34,6,"2010-07-22 13:39:00","2011-11-04 14:31:00",470,"Converted"
"12577",34,8,"2009-12-03 19:31:00","2011-11-04 13:28:00",701,"Converted"
"14842",34,4,"2011-02-04 15:32:00","2011-11-04 13:09:00",273,"Converted"
"15605",35,9,"2010-01-14 14:03:00","2011-11-03 14:17:00",658,"Converted"
"17193",35,9,"2009-12-02 10:02:00","2011-11-04 12:47:00",702,"Converted"
"17203",35,10,"2010-11-16 12:52:00","2011-11-04 12:27:00",353,"Converted"
"13168",35,5,"2010-06-15 15:00:00","2011-11-03 12:56:00",506,"Converted"
"15612",35,2,"2011-10-09 12:49:00","2011-11-03 14:52:00",25,"Converted"
"15252",35,5,"2010-04-07 10:24:00","2011-11-03 13:30:00",575,"Converted"
"18022",35,5,"2010-06-11 13:59:00","2011-11-04 12:45:00",511,"Converted"
"14856",35,3,"2011-10-14 09:35:00","2011-11-03 14:53:00",20,"Converted"
"16409",35,12,"2009-12-13 15:38:00","2011-11-03 16:45:00",690,"Converted"
"15521",35,16,"2010-01-05 10:19:00","2011-11-03 13:52:00",667,"Converted"
"15809",35,7,"2010-06-22 14:23:00","2011-11-04 12:05:00",500,"Converted"
"17403",35,2,"2010-09-15 12:29:00","2011-11-03 15:18:00",414,"Converted"
"14636",35,2,"2011-03-16 09:52:00","2011-11-03 16:12:00",232,"Converted"
"14150",35,2,"2010-12-15 10:04:00","2011-11-04 10:05:00",324,"Converted"
"16914",35,1,"2011-11-03 15:27:00","2011-11-03 15:27:00",0,"Converted"
"16014",35,5,"2010-01-31 12:43:00","2011-11-04 11:23:00",642,"Converted"
"17351",35,12,"2009-12-10 18:43:00","2011-11-03 18:45:00",693,"Converted"
"12397",35,2,"2011-07-27 14:21:00","2011-11-04 09:52:00",100,"Converted"
"17930",35,13,"2010-03-04 10:41:00","2011-11-04 10:23:00",610,"Converted"
"12352",35,9,"2010-11-12 10:20:00","2011-11-03 14:37:00",356,"Converted"
"13592",35,4,"2011-03-20 14:01:00","2011-11-04 09:49:00",229,"Converted"
"18205",35,2,"2011-09-26 12:02:00","2011-11-03 13:22:00",38,"Converted"
"18081",35,3,"2011-07-29 11:56:00","2011-11-03 16:30:00",97,"Converted"
"12944",35,2,"2010-12-20 10:41:00","2011-11-04 11:04:00",319,"Converted"
"17076",35,6,"2009-12-04 12:12:00","2011-11-03 17:53:00",699,"Converted"
"17078",35,2,"2011-11-03 18:49:00","2011-11-03 19:17:00",0,"Converted"
"15010",35,1,"2011-11-04 12:42:00","2011-11-04 12:42:00",0,"Converted"
"15722",35,11,"2010-03-09 13:58:00","2011-11-04 11:43:00",605,"Converted"
"12431",35,25,"2010-01-15 09:04:00","2011-11-04 11:55:00",658,"Converted"
"18035",35,5,"2010-11-19 13:42:00","2011-11-04 12:39:00",350,"Converted"
"12576",35,8,"2010-07-01 13:46:00","2011-11-04 10:11:00",491,"Converted"
"14913",35,8,"2010-08-11 08:40:00","2011-11-04 08:29:00",450,"Converted"
"17634",35,9,"2011-01-06 12:45:00","2011-11-03 13:09:00",301,"Converted"
"17979",35,4,"2011-03-25 11:34:00","2011-11-04 12:05:00",224,"Converted"
"13925",35,4,"2011-07-28 12:09:00","2011-11-03 13:00:00",98,"Converted"
"16729",35,21,"2011-04-12 14:22:00","2011-11-03 19:11:00",205,"Converted"
"13721",35,2,"2010-11-09 17:59:00","2011-11-03 14:05:00",359,"Converted"
"15227",36,9,"2010-03-16 08:23:00","2011-11-03 11:59:00",597,"Converted"
"17999",36,3,"2010-11-26 13:16:00","2011-11-02 15:56:00",341,"Converted"
"15651",36,5,"2010-04-22 13:26:00","2011-11-03 08:41:00",560,"Converted"
"16221",36,9,"2010-08-10 13:32:00","2011-11-03 11:43:00",450,"Converted"
"13728",36,16,"2009-12-09 17:13:00","2011-11-03 10:49:00",694,"Converted"
"16367",36,3,"2010-11-21 13:23:00","2011-11-02 13:13:00",346,"Converted"
"13904",36,2,"2011-02-18 11:18:00","2011-11-02 13:41:00",257,"Converted"
"15998",36,16,"2009-12-01 11:45:00","2011-11-03 12:45:00",702,"Converted"
"16706",36,3,"2011-08-17 15:53:00","2011-11-02 13:50:00",77,"Converted"
"17816",36,6,"2009-12-15 15:27:00","2011-11-03 11:34:00",688,"Converted"
"17800",36,9,"2011-01-09 13:50:00","2011-11-02 12:57:00",297,"Converted"
"16841",36,12,"2010-01-12 11:32:00","2011-11-03 11:51:00",660,"Converted"
"15551",36,7,"2010-06-07 15:05:00","2011-11-03 12:37:00",514,"Converted"
"18104",36,1,"2011-11-02 14:07:00","2011-11-02 14:07:00",0,"Converted"
"14098",36,1,"2011-11-03 10:13:00","2011-11-03 10:13:00",0,"Converted"
"13636",36,5,"2011-02-27 14:29:00","2011-11-03 10:30:00",249,"Converted"
"13271",36,1,"2011-11-02 14:31:00","2011-11-02 14:43:00",0,"Converted"
"16337",36,1,"2011-11-03 10:03:00","2011-11-03 10:03:00",0,"Converted"
"13316",36,10,"2010-03-10 10:01:00","2011-11-02 13:40:00",602,"Converted"
"17947",36,1,"2011-11-02 13:05:00","2011-11-02 13:05:00",0,"Converted"
"14815",36,2,"2011-10-03 11:36:00","2011-11-03 11:36:00",31,"Converted"
"14528",36,1,"2011-11-02 17:09:00","2011-11-02 17:09:00",0,"Converted"
"12808",36,5,"2010-09-03 10:24:00","2011-11-03 10:05:00",426,"Converted"
"14974",36,1,"2011-11-02 13:01:00","2011-11-02 13:01:00",0,"Converted"
"18105",37,1,"2011-11-02 12:04:00","2011-11-02 12:04:00",0,"Converted"
"12594",37,14,"2010-03-03 13:51:00","2011-11-02 12:20:00",609,"Converted"
"16308",37,7,"2009-12-15 15:48:00","2011-11-02 11:24:00",687,"Converted"
"17719",37,15,"2011-03-29 11:29:00","2011-11-02 10:36:00",218,"Converted"
"12830",37,6,"2011-06-21 10:53:00","2011-11-02 11:54:00",134,"Converted"
"17966",37,10,"2010-01-18 13:24:00","2011-11-02 10:26:00",653,"Converted"
"15576",37,1,"2011-11-02 12:03:00","2011-11-02 12:03:00",0,"Converted"
"16043",37,8,"2010-08-15 11:26:00","2011-11-02 12:50:00",444,"Converted"
"14383",37,3,"2011-06-29 10:18:00","2011-11-01 15:53:00",125,"Converted"
"15847",37,5,"2010-03-08 08:47:00","2011-11-01 14:41:00",603,"Converted"
"18270",37,3,"2010-10-03 10:49:00","2011-11-01 13:57:00",394,"Converted"
"15065",37,5,"2010-10-25 09:13:00","2011-11-02 09:45:00",373,"Converted"
"17696",37,27,"2009-12-10 17:09:00","2011-11-01 13:43:00",691,"Converted"
"17965",37,29,"2009-12-14 13:19:00","2011-11-02 09:31:00",688,"Converted"
"16884",37,4,"2010-05-18 12:00:00","2011-11-02 11:52:00",533,"Converted"
"15423",37,3,"2010-03-28 13:42:00","2011-11-01 14:01:00",583,"Converted"
"13477",37,11,"2010-01-25 11:52:00","2011-11-02 12:04:00",646,"Converted"
"16971",37,1,"2011-11-01 15:06:00","2011-11-01 15:06:00",0,"Converted"
"18257",38,12,"2010-02-18 16:20:00","2011-10-31 14:48:00",620,"Converted"
"14738",38,9,"2009-12-07 10:21:00","2011-10-31 12:57:00",693,"Converted"
"16648",38,3,"2010-04-28 14:58:00","2011-11-01 09:52:00",552,"Converted"
"16029",38,106,"2009-12-08 11:23:00","2011-11-01 10:27:00",693,"Converted"
"16150",38,10,"2009-12-01 14:02:00","2011-11-01 09:29:00",700,"Converted"
"13697",38,1,"2011-11-01 09:14:00","2011-11-01 09:14:00",0,"Converted"
"17733",38,2,"2011-03-23 09:54:00","2011-11-01 08:16:00",223,"Converted"
"16825",38,5,"2010-06-23 13:14:00","2011-11-01 11:51:00",496,"Converted"
"16960",38,8,"2010-03-02 13:36:00","2011-11-01 11:35:00",609,"Converted"
"16969",38,3,"2011-06-01 12:10:00","2011-10-31 13:12:00",152,"Converted"
"13726",38,2,"2011-08-31 11:06:00","2011-11-01 10:49:00",62,"Converted"
"13982",38,9,"2010-01-20 14:04:00","2011-10-31 16:24:00",649,"Converted"
"13327",38,19,"2009-12-18 15:35:00","2011-11-01 10:21:00",683,"Converted"
"14995",38,2,"2011-03-04 13:14:00","2011-11-01 11:39:00",242,"Converted"
"18226",38,26,"2010-03-05 10:05:00","2011-11-01 09:57:00",606,"Converted"
"13292",38,5,"2010-07-01 14:36:00","2011-11-01 10:04:00",488,"Converted"
"15018",38,3,"2010-12-07 10:47:00","2011-11-01 12:47:00",329,"Converted"
"15974",38,7,"2011-02-24 10:10:00","2011-10-31 13:13:00",249,"Converted"
"17166",38,2,"2011-05-20 08:18:00","2011-11-01 09:46:00",165,"Converted"
"14167",38,8,"2010-01-27 16:07:00","2011-10-31 14:29:00",642,"Converted"
"16830",38,4,"2009-12-13 12:11:00","2011-11-01 11:35:00",688,"Converted"
"14345",38,1,"2011-11-01 09:51:00","2011-11-01 09:51:00",0,"Converted"
"12588",38,3,"2010-04-21 12:22:00","2011-10-31 15:01:00",558,"Converted"
"12491",38,1,"2011-11-01 12:18:00","2011-11-01 12:18:00",0,"Converted"
"16127",38,2,"2009-12-13 12:19:00","2011-10-31 13:58:00",687,"Converted"
"13461",38,6,"2010-04-21 16:01:00","2011-11-01 09:01:00",559,"Converted"
"14485",38,1,"2011-11-01 12:25:00","2011-11-01 12:25:00",0,"Converted"
"17396",38,13,"2010-09-24 13:04:00","2011-10-31 14:12:00",402,"Converted"
"13032",38,9,"2010-09-05 14:01:00","2011-11-01 09:56:00",422,"Converted"
"16018",38,4,"2009-12-07 13:57:00","2011-10-31 14:13:00",693,"Converted"
"12522",38,2,"2011-10-19 14:41:00","2011-10-31 15:30:00",12,"Converted"
"12552",39,1,"2011-10-31 12:11:00","2011-10-31 12:11:00",0,"Converted"
"17373",39,7,"2010-02-28 14:17:00","2011-10-30 15:28:00",609,"Converted"
"13421",39,8,"2010-02-14 12:59:00","2011-10-30 14:21:00",623,"Converted"
"13145",39,7,"2010-04-19 11:11:00","2011-10-31 12:45:00",560,"Converted"
"18067",39,1,"2011-10-30 15:58:00","2011-10-30 15:58:00",0,"Converted"
"13617",39,8,"2010-08-01 15:23:00","2011-10-30 13:50:00",455,"Converted"
"15385",39,3,"2010-01-31 13:02:00","2011-10-30 15:11:00",637,"Converted"
"17951",39,4,"2010-10-31 15:15:00","2011-10-31 12:30:00",365,"Converted"
"13607",39,2,"2010-11-02 11:48:00","2011-10-30 16:17:00",362,"Converted"
"13186",39,3,"2011-08-03 09:09:00","2011-10-31 11:40:00",89,"Converted"
"16049",39,6,"2010-07-11 13:53:00","2011-10-30 13:19:00",476,"Converted"
"16836",39,4,"2010-05-14 12:52:00","2011-10-31 10:05:00",535,"Converted"
"15478",39,3,"2010-05-13 18:49:00","2011-10-30 14:19:00",535,"Converted"
"14158",39,1,"2011-10-30 15:08:00","2011-10-30 15:08:00",0,"Converted"
"15376",39,3,"2011-05-01 13:45:00","2011-10-30 15:04:00",182,"Converted"
"15748",39,3,"2010-09-16 16:52:00","2011-10-30 12:51:00",409,"Converted"
"13103",39,3,"2010-05-11 14:41:00","2011-10-31 09:38:00",538,"Converted"
"15752",39,9,"2010-09-08 11:56:00","2011-10-31 11:37:00",418,"Converted"
"17447",39,2,"2011-09-29 10:10:00","2011-10-30 14:18:00",31,"Converted"
"12571",39,2,"2011-08-10 12:35:00","2011-10-31 10:19:00",82,"Converted"
"12909",39,8,"2010-02-24 12:14:00","2011-10-31 12:43:00",614,"Converted"
"15360",39,1,"2011-10-31 09:35:00","2011-10-31 09:35:00",0,"Converted"
"17213",39,13,"2009-12-08 12:51:00","2011-10-30 14:53:00",691,"Converted"
"13813",39,8,"2009-12-06 10:16:00","2011-10-31 10:38:00",694,"Converted"
"12581",39,1,"2011-10-31 08:56:00","2011-10-31 08:56:00",0,"Converted"
"16190",39,8,"2009-12-14 11:59:00","2011-10-30 15:59:00",685,"Converted"
"17796",39,7,"2010-10-14 13:37:00","2011-10-30 15:38:00",381,"Converted"
"14808",39,8,"2011-06-20 12:53:00","2011-10-31 12:21:00",133,"Converted"
"15667",39,1,"2011-10-31 10:56:00","2011-10-31 10:56:00",0,"Converted"
"15669",39,4,"2011-03-21 09:13:00","2011-10-30 16:03:00",223,"Converted"
"13651",39,2,"2010-11-23 09:44:00","2011-10-31 12:11:00",342,"Converted"
"13544",39,6,"2010-03-05 11:31:00","2011-10-31 11:57:00",605,"Converted"
"14295",39,4,"2009-12-09 13:06:00","2011-10-30 15:50:00",690,"Converted"
"17372",40,27,"2009-12-03 18:41:00","2011-10-30 11:37:00",696,"Converted"
"13278",40,4,"2010-04-08 11:59:00","2011-10-30 11:49:00",570,"Converted"
"17609",40,11,"2010-04-09 16:54:00","2011-10-30 12:28:00",569,"Converted"
"15865",40,5,"2010-01-05 13:58:00","2011-10-30 12:43:00",663,"Converted"
"13566",40,5,"2010-03-10 12:22:00","2011-10-30 11:59:00",599,"Converted"
"16235",40,8,"2010-08-26 12:10:00","2011-10-30 10:56:00",430,"Converted"
"14040",40,35,"2009-12-01 12:14:00","2011-10-30 12:42:00",698,"Converted"
"17255",40,4,"2010-09-19 15:53:00","2011-10-30 12:18:00",406,"Converted"
"14179",40,2,"2011-10-18 14:00:00","2011-10-30 12:07:00",12,"Converted"
"17018",40,6,"2009-12-05 10:27:00","2011-10-30 11:42:00",694,"Converted"
"14582",40,1,"2011-10-30 11:56:00","2011-10-30 11:56:00",0,"Converted"
"15370",40,8,"2010-10-25 12:08:00","2011-10-30 10:58:00",370,"Converted"
"13524",40,5,"2011-05-04 12:26:00","2011-10-30 12:34:00",179,"Converted"
"14810",40,13,"2010-10-06 13:12:00","2011-10-30 11:19:00",389,"Converted"
"14077",40,6,"2010-11-09 16:01:00","2011-10-30 12:35:00",355,"Converted"
"15059",40,19,"2009-12-06 10:57:00","2011-10-30 11:35:00",693,"Converted"
"15708",40,9,"2010-10-10 11:33:00","2011-10-30 10:54:00",385,"Converted"
"16601",40,3,"2010-03-26 13:39:00","2011-10-30 11:09:00",583,"Converted"
"15860",40,17,"2009-12-06 12:31:00","2011-10-30 11:25:00",693,"Converted"
"13812",41,3,"2011-08-26 12:54:00","2011-10-28 14:27:00",63,"Converted"
"17272",41,4,"2011-03-22 12:05:00","2011-10-28 16:37:00",220,"Converted"
"16102",41,3,"2011-08-03 12:50:00","2011-10-28 13:19:00",86,"Converted"
"12895",41,2,"2011-09-14 08:35:00","2011-10-28 13:51:00",44,"Converted"
"14221",41,17,"2009-12-04 10:28:00","2011-10-28 13:42:00",693,"Converted"
"17837",41,8,"2011-06-29 16:44:00","2011-10-28 16:15:00",121,"Converted"
"12678",41,15,"2010-01-07 16:46:00","2011-10-28 13:04:00",659,"Converted"
"17418",41,3,"2010-11-17 13:42:00","2011-10-28 13:00:00",345,"Converted"
"17839",41,1,"2011-10-28 17:27:00","2011-10-28 17:27:00",0,"Converted"
"14004",42,11,"2010-09-30 09:39:00","2011-10-27 14:40:00",392,"Converted"
"14218",42,1,"2011-10-28 10:00:00","2011-10-28 10:00:00",0,"Converted"
"17669",42,10,"2010-04-01 18:48:00","2011-10-28 08:53:00",575,"Converted"
"16847",42,2,"2010-03-31 13:32:00","2011-10-27 13:29:00",575,"Converted"
"14716",42,3,"2010-09-21 12:07:00","2011-10-27 17:29:00",401,"Converted"
"18287",42,7,"2009-12-01 14:19:00","2011-10-28 09:29:00",696,"Converted"
"15038",42,9,"2010-10-10 14:35:00","2011-10-27 14:42:00",382,"Converted"
"15014",42,2,"2011-06-16 19:40:00","2011-10-27 20:07:00",133,"Converted"
"13538",42,12,"2010-02-02 12:47:00","2011-10-27 16:34:00",632,"Converted"
"12430",42,1,"2011-10-27 15:09:00","2011-10-27 15:09:00",0,"Converted"
"17545",42,6,"2010-05-11 10:04:00","2011-10-27 14:04:00",534,"Converted"
"18261",42,2,"2011-09-05 09:34:00","2011-10-27 15:36:00",52,"Converted"
"15469",42,3,"2010-09-27 10:09:00","2011-10-27 19:16:00",395,"Converted"
"14498",42,10,"2010-06-07 16:05:00","2011-10-28 12:09:00",508,"Converted"
"15096",42,1,"2011-10-28 10:27:00","2011-10-28 10:27:00",0,"Converted"
"16680",42,3,"2010-06-23 09:30:00","2011-10-27 17:35:00",491,"Converted"
"16026",42,1,"2011-10-27 13:53:00","2011-10-27 13:53:00",0,"Converted"
"12432",42,4,"2011-06-20 13:27:00","2011-10-28 11:43:00",130,"Converted"
"13654",42,11,"2009-12-02 11:43:00","2011-10-27 16:24:00",694,"Converted"
"14357",42,1,"2011-10-27 16:23:00","2011-10-27 16:23:00",0,"Converted"
"13791",42,2,"2011-06-24 16:38:00","2011-10-27 14:38:00",125,"Converted"
"15288",42,10,"2010-02-12 15:27:00","2011-10-27 16:58:00",622,"Converted"
"17459",42,2,"2011-10-10 17:00:00","2011-10-27 13:25:00",17,"Converted"
"14474",42,2,"2010-05-09 12:12:00","2011-10-27 12:57:00",536,"Converted"
"14239",42,21,"2009-12-05 12:36:00","2011-10-27 14:40:00",691,"Converted"
"16843",42,35,"2009-12-10 11:40:00","2011-10-28 09:06:00",687,"Converted"
"14598",43,2,"2010-05-19 13:07:00","2011-10-26 13:19:00",525,"Converted"
"15821",43,2,"2011-10-09 13:28:00","2011-10-26 15:48:00",17,"Converted"
"15791",43,5,"2010-03-08 09:41:00","2011-10-27 10:14:00",598,"Converted"
"15786",43,5,"2010-06-21 10:13:00","2011-10-27 10:53:00",493,"Converted"
"14233",43,7,"2010-03-05 16:35:00","2011-10-27 09:25:00",601,"Converted"
"17175",43,4,"2011-02-16 14:56:00","2011-10-26 15:31:00",252,"Converted"
"13416",43,3,"2009-12-03 13:02:00","2011-10-27 08:56:00",693,"Converted"
"15659",43,3,"2010-02-24 13:32:00","2011-10-27 09:23:00",610,"Converted"
"12448",43,1,"2011-10-26 13:46:00","2011-10-26 13:46:00",0,"Converted"
"12456",43,3,"2011-03-30 09:12:00","2011-10-26 14:41:00",210,"Converted"
"15990",43,7,"2010-02-28 12:30:00","2011-10-26 15:58:00",605,"Converted"
"16690",43,4,"2010-09-14 15:00:00","2011-10-27 10:58:00",408,"Converted"
"14379",43,4,"2010-08-16 15:31:00","2011-10-26 16:43:00",436,"Converted"
"14764",43,1,"2011-10-24 11:54:00","2011-10-27 10:46:00",3,"Converted"
"13107",43,9,"2009-12-08 18:43:00","2011-10-26 14:52:00",687,"Converted"
"14752",43,1,"2011-10-27 11:55:00","2011-10-27 11:55:00",0,"Converted"
"17414",43,6,"2009-12-03 16:49:00","2011-10-27 12:13:00",693,"Converted"
"16345",43,2,"2010-08-13 17:13:00","2011-10-26 16:03:00",439,"Converted"
"15835",43,4,"2011-01-13 10:35:00","2011-10-26 15:47:00",286,"Converted"
"16415",43,3,"2010-02-01 12:30:00","2011-10-26 13:35:00",632,"Converted"
"14690",43,4,"2010-10-25 12:20:00","2011-10-26 15:39:00",366,"Converted"
"17672",43,6,"2010-03-08 13:17:00","2011-10-27 10:56:00",598,"Converted"
"17684",43,1,"2011-10-27 11:10:00","2011-10-27 11:10:00",0,"Converted"
"16325",43,12,"2009-12-04 13:21:00","2011-10-26 16:29:00",691,"Converted"
"15320",43,1,"2011-10-26 13:27:00","2011-10-26 13:27:00",0,"Converted"
"17895",43,1,"2011-10-26 17:00:00","2011-10-26 17:00:00",0,"Converted"
"17878",43,3,"2010-11-09 13:50:00","2011-10-27 11:24:00",352,"Converted"
"15296",43,12,"2010-01-21 13:48:00","2011-10-26 16:33:00",643,"Converted"
"16225",44,15,"2010-02-07 12:41:00","2011-10-26 08:30:00",626,"Converted"
"12879",44,3,"2011-09-09 12:11:00","2011-10-26 12:24:00",47,"Converted"
"15630",44,3,"2010-03-05 14:30:00","2011-10-25 15:36:00",599,"Converted"
"13182",44,1,"2011-10-25 13:46:00","2011-10-25 13:46:00",0,"Converted"
"14341",44,18,"2009-12-01 12:20:00","2011-10-25 15:48:00",693,"Converted"
"15215",44,7,"2010-04-06 11:21:00","2011-10-26 12:28:00",568,"Converted"
"15516",44,3,"2011-10-24 11:33:00","2011-10-26 10:51:00",2,"Converted"
"16110",44,4,"2010-07-05 13:04:00","2011-10-25 14:35:00",477,"Converted"
"13601",44,4,"2010-06-11 15:03:00","2011-10-25 17:31:00",501,"Converted"
"18045",44,1,"2011-10-25 13:07:00","2011-10-25 13:07:00",0,"Converted"
"17712",44,1,"2011-10-26 12:28:00","2011-10-26 12:28:00",0,"Converted"
"13340",44,12,"2010-02-22 14:54:00","2011-10-25 13:15:00",610,"Converted"
"17917",44,3,"2010-12-12 12:08:00","2011-10-25 13:20:00",317,"Converted"
"16056",44,1,"2011-10-25 15:19:00","2011-10-25 15:19:00",0,"Converted"
"15240",44,12,"2009-12-05 14:57:00","2011-10-26 09:50:00",690,"Converted"
"16258",44,15,"2010-03-10 14:19:00","2011-10-25 13:30:00",594,"Converted"
"17470",44,11,"2010-07-19 16:16:00","2011-10-26 12:42:00",464,"Converted"
"17423",44,3,"2010-11-11 12:26:00","2011-10-25 16:49:00",348,"Converted"
"18079",44,5,"2010-08-05 12:19:00","2011-10-25 15:27:00",446,"Converted"
"14754",44,6,"2010-01-18 11:04:00","2011-10-26 12:01:00",646,"Converted"
"16071",44,4,"2010-02-22 14:48:00","2011-10-26 11:14:00",611,"Converted"
"16208",44,10,"2010-02-24 14:24:00","2011-10-26 11:36:00",609,"Converted"
"17024",44,3,"2011-07-05 09:31:00","2011-10-25 13:47:00",112,"Converted"
"17928",44,3,"2010-05-17 15:30:00","2011-10-25 13:52:00",526,"Converted"
"12812",44,1,"2011-10-26 09:54:00","2011-10-26 09:54:00",0,"Converted"
"15836",44,1,"2011-10-20 17:13:00","2011-10-25 15:37:00",5,"Converted"
"16750",44,5,"2011-04-21 16:53:00","2011-10-26 12:48:00",188,"Converted"
"15158",44,2,"2010-11-03 13:46:00","2011-10-25 13:53:00",356,"Converted"
"16188",44,5,"2010-10-27 11:50:00","2011-10-26 12:19:00",364,"Converted"
"16418",44,5,"2010-10-13 12:31:00","2011-10-26 12:39:00",378,"Converted"
"15656",44,4,"2011-02-28 15:32:00","2011-10-25 14:56:00",239,"Converted"
"14997",45,4,"2010-02-22 12:11:00","2011-10-24 13:28:00",609,"Converted"
"13047",45,23,"2009-12-16 11:43:00","2011-10-24 14:02:00",677,"Converted"
"17344",45,2,"2009-12-11 11:20:00","2011-10-24 12:56:00",682,"Converted"
"17317",45,3,"2011-09-11 12:45:00","2011-10-24 17:26:00",43,"Converted"
"15068",45,4,"2010-03-28 13:18:00","2011-10-24 14:47:00",575,"Converted"
"13165",45,3,"2010-10-22 17:04:00","2011-10-24 15:05:00",367,"Converted"
"13176",45,1,"2011-10-24 15:43:00","2011-10-24 15:43:00",0,"Converted"
"16708",45,1,"2011-10-25 12:20:00","2011-10-25 12:20:00",0,"Converted"
"12463",45,4,"2011-04-12 12:47:00","2011-10-24 13:43:00",195,"Converted"
"16728",45,4,"2011-03-20 13:28:00","2011-10-24 14:36:00",218,"Converted"
"18147",45,2,"2011-08-23 12:22:00","2011-10-25 11:46:00",63,"Converted"
"14001",45,9,"2010-08-03 12:49:00","2011-10-25 10:31:00",448,"Converted"
"15142",45,6,"2010-07-27 09:05:00","2011-10-24 12:51:00",454,"Converted"
"13652",45,5,"2010-02-25 17:37:00","2011-10-25 08:51:00",607,"Converted"
"14139",45,4,"2010-06-15 09:17:00","2011-10-24 13:34:00",496,"Converted"
"15844",45,1,"2011-10-24 15:19:00","2011-10-24 15:19:00",0,"Converted"
"18240",45,1,"2011-10-24 13:06:00","2011-10-24 13:06:00",0,"Converted"
"16444",45,17,"2010-03-24 14:06:00","2011-10-24 13:50:00",579,"Converted"
"12398",45,1,"2011-10-25 10:27:00","2011-10-25 10:27:00",0,"Converted"
"17004",45,4,"2010-10-11 15:43:00","2011-10-24 14:25:00",378,"Converted"
"13481",45,11,"2009-12-04 12:37:00","2011-10-25 09:07:00",690,"Converted"
"15801",45,3,"2011-08-22 09:53:00","2011-10-24 13:52:00",63,"Converted"
"15806",45,3,"2011-03-08 09:24:00","2011-10-24 14:35:00",230,"Converted"
"16023",45,3,"2011-03-18 13:32:00","2011-10-24 16:34:00",220,"Converted"
"12940",45,2,"2011-09-13 10:16:00","2011-10-24 14:04:00",41,"Converted"
"14952",45,32,"2009-12-03 15:34:00","2011-10-24 13:50:00",690,"Converted"
"14019",46,3,"2011-07-24 15:39:00","2011-10-24 10:13:00",92,"Converted"
"16742",46,13,"2009-12-16 17:22:00","2011-10-24 11:58:00",677,"Converted"
"12546",46,2,"2011-09-23 09:44:00","2011-10-24 12:09:00",31,"Converted"
"16686",46,16,"2009-12-06 15:48:00","2011-10-23 13:49:00",686,"Converted"
"15592",46,1,"2011-10-24 08:59:00","2011-10-24 08:59:00",0,"Converted"
"14731",46,3,"2011-05-11 13:06:00","2011-10-23 15:54:00",165,"Converted"
"16491",46,2,"2010-10-22 15:42:00","2011-10-24 10:18:00",367,"Converted"
"15277",46,2,"2010-10-10 16:02:00","2011-10-24 10:08:00",379,"Converted"
"17111",46,2,"2010-10-10 15:21:00","2011-10-23 15:59:00",378,"Converted"
"16017",46,5,"2010-01-05 12:06:00","2011-10-23 12:56:00",656,"Converted"
"14145",46,7,"2010-04-08 09:47:00","2011-10-24 12:10:00",564,"Converted"
"17186",46,2,"2011-10-10 12:52:00","2011-10-24 10:20:00",14,"Converted"
"17836",46,1,"2011-10-23 16:13:00","2011-10-23 16:13:00",0,"Converted"
"13598",46,5,"2010-02-26 11:22:00","2011-10-23 14:35:00",604,"Converted"
"14504",46,4,"2011-03-06 14:38:00","2011-10-23 16:00:00",231,"Converted"
"14312",46,11,"2010-07-23 15:05:00","2011-10-24 09:46:00",458,"Converted"
"15000",47,1,"2011-10-23 11:42:00","2011-10-23 11:42:00",0,"Converted"
"16768",47,9,"2009-12-07 11:47:00","2011-10-23 10:38:00",685,"Converted"
"14800",47,17,"2010-09-30 14:38:00","2011-10-23 12:46:00",388,"Converted"
"16007",47,7,"2010-06-14 13:18:00","2011-10-23 11:05:00",496,"Converted"
"15321",48,12,"2009-12-17 18:46:00","2011-10-21 13:58:00",673,"Converted"
"15740",48,1,"2011-10-21 14:29:00","2011-10-21 14:29:00",0,"Converted"
"14147",48,9,"2010-03-09 13:43:00","2011-10-21 13:36:00",591,"Converted"
"13974",48,2,"2010-05-06 17:55:00","2011-10-21 14:41:00",533,"Converted"
"13157",48,9,"2010-03-08 11:59:00","2011-10-21 13:50:00",592,"Converted"
"17940",48,14,"2009-12-03 12:31:00","2011-10-21 13:27:00",687,"Converted"
"15677",48,3,"2010-09-02 12:08:00","2011-10-21 15:36:00",414,"Converted"
"17361",48,5,"2010-02-01 14:30:00","2011-10-21 15:43:00",627,"Converted"
"15728",48,2,"2010-09-21 14:46:00","2011-10-21 14:03:00",395,"Converted"
"15819",48,10,"2010-03-18 11:08:00","2011-10-21 14:50:00",582,"Converted"
"16394",49,5,"2011-02-23 10:58:00","2011-10-20 19:16:00",239,"Converted"
"15129",49,23,"2010-04-08 17:15:00","2011-10-20 14:40:00",560,"Converted"
"13725",49,8,"2011-02-04 12:18:00","2011-10-21 10:03:00",259,"Converted"
"15587",49,7,"2010-08-05 08:44:00","2011-10-20 13:37:00",441,"Converted"
"13573",49,6,"2010-03-12 16:06:00","2011-10-20 14:33:00",587,"Converted"
"15620",49,4,"2010-10-26 11:32:00","2011-10-20 19:17:00",359,"Converted"
"15807",49,5,"2010-02-11 15:32:00","2011-10-20 14:10:00",616,"Converted"
"14585",49,5,"2010-10-19 12:17:00","2011-10-20 14:33:00",366,"Converted"
"17169",49,3,"2010-05-10 13:00:00","2011-10-20 19:15:00",528,"Converted"
"17832",49,1,"2011-10-21 11:43:00","2011-10-21 11:43:00",0,"Converted"
"16099",49,7,"2010-03-03 11:13:00","2011-10-20 13:13:00",596,"Converted"
"17603",49,4,"2009-12-10 09:44:00","2011-10-20 19:19:00",679,"Converted"
"18228",49,2,"2011-09-21 10:48:00","2011-10-20 19:21:00",29,"Converted"
"17125",49,1,"2011-10-20 14:41:00","2011-10-20 14:41:00",0,"Converted"
"13897",49,3,"2010-01-31 13:48:00","2011-10-20 14:30:00",627,"Converted"
"17092",49,11,"2010-02-02 16:42:00","2011-10-20 19:51:00",625,"Converted"
"13918",49,2,"2011-03-31 18:05:00","2011-10-21 12:25:00",204,"Converted"
"16918",49,16,"2009-12-03 12:27:00","2011-10-21 12:50:00",687,"Converted"
"16177",49,8,"2010-03-02 14:03:00","2011-10-20 12:57:00",597,"Converted"
"15565",49,2,"2011-09-30 10:44:00","2011-10-20 14:33:00",20,"Converted"
"13519",49,2,"2010-09-23 11:45:00","2011-10-20 15:56:00",392,"Converted"
"15286",49,1,"2011-10-21 11:08:00","2011-10-21 11:08:00",0,"Converted"
"12407",49,5,"2011-03-20 13:21:00","2011-10-21 10:11:00",215,"Converted"
"13136",49,13,"2009-12-08 17:27:00","2011-10-20 19:13:00",681,"Converted"
"12403",49,2,"2010-07-06 11:39:00","2011-10-21 10:51:00",472,"Converted"
"13917",49,2,"2011-06-01 12:46:00","2011-10-21 09:56:00",142,"Converted"
"16497",49,23,"2009-12-03 14:11:00","2011-10-21 10:55:00",687,"Converted"
"17420",49,6,"2010-11-03 13:09:00","2011-10-20 14:52:00",351,"Converted"
"17571",49,5,"2010-06-15 12:50:00","2011-10-20 15:57:00",492,"Converted"
"14967",49,6,"2009-12-03 14:07:00","2011-10-21 11:06:00",687,"Converted"
"13761",49,6,"2010-02-21 11:08:00","2011-10-20 14:01:00",606,"Converted"
"15121",49,2,"2011-02-24 12:41:00","2011-10-20 14:51:00",238,"Converted"
"14484",49,4,"2009-12-17 10:57:00","2011-10-20 14:11:00",672,"Converted"
"14427",49,4,"2010-03-18 09:49:00","2011-10-20 14:23:00",581,"Converted"
"13366",49,1,"2011-10-20 13:37:00","2011-10-20 13:37:00",0,"Converted"
"16153",49,11,"2010-05-26 12:41:00","2011-10-21 10:50:00",513,"Converted"
"12556",49,2,"2011-07-11 13:35:00","2011-10-20 13:06:00",101,"Converted"
"16846",49,3,"2010-03-10 12:03:00","2011-10-20 13:55:00",589,"Converted"
"14257",50,9,"2010-03-01 15:36:00","2011-10-19 13:38:00",597,"Converted"
"14175",50,8,"2010-03-22 10:43:00","2011-10-19 13:42:00",576,"Converted"
"16826",50,1,"2011-10-19 14:05:00","2011-10-19 14:05:00",0,"Converted"
"15826",50,4,"2010-05-20 17:00:00","2011-10-19 13:24:00",517,"Converted"
"15803",50,4,"2010-02-01 16:29:00","2011-10-19 14:56:00",625,"Converted"
"17007",50,7,"2010-09-28 13:51:00","2011-10-20 10:47:00",387,"Converted"
"15754",50,9,"2010-02-22 13:31:00","2011-10-20 11:44:00",605,"Converted"
"14261",50,2,"2011-09-22 10:47:00","2011-10-20 10:04:00",28,"Converted"
"14273",50,4,"2011-04-11 13:24:00","2011-10-19 13:20:00",191,"Converted"
"13245",50,2,"2010-10-03 14:03:00","2011-10-20 11:40:00",382,"Converted"
"14306",50,6,"2010-01-31 13:42:00","2011-10-19 13:23:00",626,"Converted"
"15664",50,4,"2010-02-28 12:50:00","2011-10-20 10:57:00",599,"Converted"
"14923",50,1,"2011-10-20 11:51:00","2011-10-20 11:51:00",0,"Converted"
"17354",50,4,"2010-10-07 13:22:00","2011-10-20 10:34:00",378,"Converted"
"17462",50,2,"2011-02-28 17:01:00","2011-10-19 13:36:00",233,"Converted"
"14488",50,1,"2011-10-03 09:30:00","2011-10-19 14:39:00",16,"Converted"
"14495",50,3,"2010-02-18 08:49:00","2011-10-20 12:28:00",609,"Converted"
"12370",50,7,"2010-02-09 09:41:00","2011-10-19 14:51:00",617,"Converted"
"16593",50,8,"2009-12-05 10:44:00","2011-10-20 12:41:00",684,"Converted"
"13669",50,3,"2010-10-28 15:05:00","2011-10-20 09:32:00",357,"Converted"
"15301",50,17,"2010-09-15 15:41:00","2011-10-20 09:57:00",400,"Converted"
"17764",50,5,"2009-12-03 14:28:00","2011-10-20 11:03:00",686,"Converted"
"17824",50,1,"2011-10-19 14:14:00","2011-10-19 14:14:00",0,"Converted"
"16260",50,1,"2011-10-20 09:40:00","2011-10-20 09:40:00",0,"Converted"
"14631",50,6,"2010-08-09 14:45:00","2011-10-20 11:17:00",437,"Converted"
"14638",50,1,"2011-10-20 10:10:00","2011-10-20 10:10:00",0,"Converted"
"16170",50,20,"2010-02-18 13:50:00","2011-10-20 08:21:00",609,"Converted"
"12596",50,2,"2011-04-11 13:22:00","2011-10-19 13:02:00",191,"Converted"
"14776",50,15,"2010-09-19 14:12:00","2011-10-19 15:34:00",395,"Converted"
"18252",50,7,"2009-12-08 17:16:00","2011-10-20 12:43:00",681,"Converted"
"18149",50,7,"2010-03-14 12:41:00","2011-10-20 12:04:00",585,"Converted"
"14799",50,2,"2009-12-02 11:18:00","2011-10-19 16:16:00",686,"Converted"
"15006",50,2,"2010-09-12 13:03:00","2011-10-19 15:08:00",402,"Converted"
"13422",50,1,"2011-10-06 13:42:00","2011-10-19 13:45:00",13,"Converted"
"12863",51,6,"2010-04-29 13:54:00","2011-10-18 14:15:00",537,"Converted"
"15140",51,8,"2010-09-23 13:07:00","2011-10-18 14:07:00",390,"Converted"
"16621",51,4,"2011-03-07 11:32:00","2011-10-19 11:38:00",226,"Converted"
"12611",51,1,"2011-10-18 13:12:00","2011-10-18 13:12:00",0,"Converted"
"16515",51,10,"2010-06-17 12:17:00","2011-10-18 13:10:00",488,"Converted"
"16123",51,1,"2011-10-19 09:18:00","2011-10-19 09:18:00",0,"Converted"
"15220",51,6,"2011-03-04 10:24:00","2011-10-19 12:39:00",229,"Converted"
"14861",51,10,"2009-12-08 12:12:00","2011-10-18 12:54:00",679,"Converted"
"17934",51,3,"2010-10-29 12:23:00","2011-10-19 11:16:00",355,"Converted"
"16470",51,11,"2009-12-11 12:21:00","2011-10-19 12:11:00",677,"Converted"
"12759",51,8,"2009-12-04 10:47:00","2011-10-18 14:49:00",683,"Converted"
"16734",51,3,"2011-08-17 15:00:00","2011-10-18 13:44:00",62,"Converted"
"17148",51,1,"2011-10-19 09:59:00","2011-10-19 09:59:00",0,"Converted"
"18019",51,1,"2011-10-19 12:10:00","2011-10-19 12:10:00",0,"Converted"
"16730",51,3,"2011-01-24 14:01:00","2011-10-18 14:11:00",267,"Converted"
"16940",51,8,"2009-12-08 13:08:00","2011-10-18 13:15:00",679,"Converted"
"13491",51,27,"2009-12-07 08:24:00","2011-10-19 08:32:00",681,"Converted"
"12679",51,4,"2011-03-01 12:26:00","2011-10-18 13:43:00",231,"Converted"
"13637",51,3,"2011-04-27 13:06:00","2011-10-18 13:32:00",174,"Converted"
"14229",51,7,"2010-08-25 11:47:00","2011-10-19 10:04:00",420,"Converted"
"15610",51,1,"2011-10-19 10:36:00","2011-10-19 10:36:00",0,"Converted"
"14639",51,9,"2010-02-16 12:35:00","2011-10-18 15:06:00",609,"Converted"
"17262",51,11,"2009-12-15 11:26:00","2011-10-18 12:56:00",672,"Converted"
"17973",51,1,"2011-10-19 10:34:00","2011-10-19 10:34:00",0,"Converted"
"16131",51,12,"2009-12-02 10:09:00","2011-10-19 11:53:00",686,"Converted"
"12360",51,6,"2010-02-22 09:32:00","2011-10-18 15:22:00",603,"Converted"
"14381",51,2,"2010-09-14 16:15:00","2011-10-18 17:10:00",399,"Converted"
"13805",51,2,"2011-08-02 15:29:00","2011-10-18 14:50:00",77,"Converted"
"13849",51,5,"2010-03-25 12:03:00","2011-10-19 10:59:00",573,"Converted"
"14107",51,11,"2009-12-09 14:20:00","2011-10-19 12:12:00",679,"Converted"
"15604",51,1,"2011-10-18 14:47:00","2011-10-18 14:47:00",0,"Converted"
"15853",51,1,"2011-10-19 10:38:00","2011-10-19 10:38:00",0,"Converted"
"15505",52,5,"2011-07-07 13:33:00","2011-10-18 07:56:00",103,"Converted"
"13015",52,11,"2010-04-15 16:35:00","2011-10-17 13:19:00",550,"Converted"
"17785",52,3,"2010-05-23 13:01:00","2011-10-17 13:43:00",512,"Converted"
"14211",52,18,"2009-12-09 12:48:00","2011-10-17 13:23:00",677,"Converted"
"16848",52,4,"2010-10-03 11:01:00","2011-10-18 08:42:00",380,"Converted"
"16249",52,5,"2011-04-14 13:50:00","2011-10-18 10:07:00",187,"Converted"
"14841",52,14,"2009-12-02 16:49:00","2011-10-17 15:03:00",684,"Converted"
"12794",52,2,"2011-09-02 12:01:00","2011-10-17 14:54:00",45,"Converted"
"15327",52,1,"2011-10-18 11:55:00","2011-10-18 11:55:00",0,"Converted"
"14830",52,1,"2011-10-17 14:29:00","2011-10-17 14:29:00",0,"Converted"
"16140",52,3,"2010-09-24 12:03:00","2011-10-18 10:58:00",389,"Converted"
"17679",52,7,"2009-12-03 17:32:00","2011-10-18 07:43:00",684,"Converted"
"16363",52,1,"2011-10-17 14:14:00","2011-10-17 14:14:00",0,"Converted"
"13265",52,5,"2011-03-11 09:54:00","2011-10-17 15:02:00",220,"Converted"
"16737",52,2,"2010-05-11 09:53:00","2011-10-17 13:03:00",524,"Converted"
"15678",52,3,"2010-07-05 12:49:00","2011-10-18 09:25:00",470,"Converted"
"16932",52,3,"2010-05-17 14:15:00","2011-10-17 14:12:00",518,"Converted"
"14798",52,8,"2010-03-01 08:38:00","2011-10-18 10:58:00",596,"Converted"
"12454",52,4,"2010-10-14 17:33:00","2011-10-17 15:07:00",368,"Converted"
"15637",52,5,"2009-12-15 17:54:00","2011-10-18 08:28:00",672,"Converted"
"17206",52,1,"2011-10-17 13:25:00","2011-10-17 13:25:00",0,"Converted"
"16389",52,4,"2011-03-01 15:47:00","2011-10-17 14:41:00",230,"Converted"
"17612",52,18,"2009-12-08 18:30:00","2011-10-17 14:59:00",678,"Converted"
"17244",52,5,"2009-12-06 11:27:00","2011-10-17 15:19:00",680,"Converted"
"13919",52,4,"2010-06-17 09:30:00","2011-10-17 15:24:00",487,"Converted"
"13594",52,2,"2010-01-07 13:25:00","2011-10-18 10:19:00",649,"Converted"
"14015",52,1,"2011-10-18 10:02:00","2011-10-18 10:02:00",0,"Converted"
"17201",53,4,"2010-02-10 12:26:00","2011-10-17 11:55:00",614,"Converted"
"17734",53,6,"2010-03-07 13:55:00","2011-10-17 12:33:00",589,"Converted"
"13760",53,5,"2010-04-25 13:10:00","2011-10-16 16:13:00",539,"Converted"
"15091",53,3,"2009-12-01 12:18:00","2011-10-17 10:47:00",685,"Converted"
"14443",53,5,"2010-11-25 14:18:00","2011-10-17 10:10:00",326,"Converted"
"18042",53,2,"2010-06-16 10:53:00","2011-10-17 11:49:00",488,"Converted"
"15545",53,2,"2010-12-03 17:28:00","2011-10-16 13:24:00",317,"Converted"
"16412",53,5,"2010-02-04 13:46:00","2011-10-17 12:35:00",620,"Converted"
"15012",53,3,"2010-05-12 11:49:00","2011-10-17 12:22:00",523,"Converted"
"17520",53,1,"2011-10-17 12:04:00","2011-10-17 12:04:00",0,"Converted"
"13750",53,11,"2010-04-01 14:49:00","2011-10-17 12:16:00",564,"Converted"
"17527",53,4,"2011-05-05 13:43:00","2011-10-17 12:32:00",165,"Converted"
"16563",53,6,"2009-12-01 18:35:00","2011-10-17 11:51:00",685,"Converted"
"16052",53,1,"2011-10-16 15:13:00","2011-10-16 15:13:00",0,"Converted"
"16652",53,16,"2010-03-17 10:22:00","2011-10-17 11:43:00",579,"Converted"
"17205",53,3,"2010-05-24 15:36:00","2011-10-17 12:46:00",511,"Converted"
"16542",53,2,"2010-11-03 14:44:00","2011-10-17 10:47:00",348,"Converted"
"15335",53,1,"2011-10-17 12:50:00","2011-10-17 12:50:00",0,"Converted"
"12473",53,3,"2011-06-01 10:15:00","2011-10-17 11:27:00",138,"Converted"
"12475",53,2,"2010-10-26 08:49:00","2011-10-17 10:10:00",356,"Converted"
"17534",53,5,"2010-02-25 16:55:00","2011-10-17 12:47:00",599,"Converted"
"13875",53,14,"2009-12-17 10:30:00","2011-10-17 09:36:00",669,"Converted"
"13923",53,1,"2011-10-17 12:33:00","2011-10-17 12:33:00",0,"Converted"
"16934",54,6,"2010-03-28 12:43:00","2011-10-16 12:40:00",567,"Converted"
"14780",54,2,"2011-09-21 15:15:00","2011-10-16 12:46:00",25,"Converted"
"13878",54,4,"2010-04-14 13:50:00","2011-10-16 12:19:00",550,"Converted"
"15994",54,3,"2010-03-14 11:55:00","2011-10-16 12:28:00",581,"Converted"
"15440",54,3,"2011-05-15 11:30:00","2011-10-16 12:16:00",154,"Converted"
"13034",54,3,"2010-11-03 15:22:00","2011-10-16 12:21:00",347,"Converted"
"16674",54,2,"2011-09-02 13:59:00","2011-10-16 11:31:00",44,"Converted"
"16206",54,13,"2009-12-14 13:50:00","2011-10-16 10:41:00",671,"Converted"
"12744",55,8,"2010-04-27 16:19:00","2011-10-14 14:54:00",535,"Converted"
"17180",55,11,"2010-01-21 17:43:00","2011-10-14 15:46:00",631,"Converted"
"13006",55,1,"2011-10-14 13:49:00","2011-10-14 13:49:00",0,"Converted"
"16081",55,8,"2010-02-03 12:46:00","2011-10-14 13:06:00",618,"Converted"
"17986",55,1,"2011-10-14 14:22:00","2011-10-14 14:22:00",0,"Converted"
"17892",55,3,"2011-07-07 12:56:00","2011-10-14 16:49:00",99,"Converted"
"13814",55,3,"2010-06-30 14:12:00","2011-10-14 16:57:00",471,"Converted"
"14421",56,6,"2010-01-17 11:30:00","2011-10-13 13:24:00",634,"Converted"
"17771",56,4,"2010-04-29 13:21:00","2011-10-14 11:43:00",533,"Converted"
"15367",56,11,"2009-12-10 14:20:00","2011-10-13 14:13:00",672,"Converted"
"12631",56,6,"2010-01-15 14:50:00","2011-10-13 13:53:00",636,"Converted"
"14555",56,6,"2009-12-18 11:39:00","2011-10-13 16:24:00",664,"Converted"
"16430",56,6,"2010-01-27 12:45:00","2011-10-13 14:47:00",624,"Converted"
"17614",56,1,"2011-10-13 16:01:00","2011-10-13 16:01:00",0,"Converted"
"16413",56,2,"2010-11-29 12:49:00","2011-10-14 12:08:00",319,"Converted"
"13858",56,1,"2011-10-13 16:17:00","2011-10-13 16:17:00",0,"Converted"
"13911",56,20,"2010-03-01 16:31:00","2011-10-13 15:43:00",591,"Converted"
"16121",56,5,"2010-05-23 10:52:00","2011-10-13 12:59:00",508,"Converted"
"16224",56,5,"2010-11-17 13:14:00","2011-10-13 17:51:00",330,"Converted"
"15606",56,17,"2010-03-02 14:48:00","2011-10-13 13:32:00",590,"Converted"
"16239",56,6,"2010-09-02 19:17:00","2011-10-14 08:29:00",407,"Converted"
"17181",56,3,"2010-04-23 11:21:00","2011-10-13 14:48:00",538,"Converted"
"13213",56,11,"2010-05-20 14:50:00","2011-10-14 11:42:00",512,"Converted"
"18160",56,3,"2010-11-18 16:33:00","2011-10-13 15:50:00",329,"Converted"
"14089",56,1,"2011-10-14 10:38:00","2011-10-14 10:38:00",0,"Converted"
"14976",56,6,"2011-01-17 11:09:00","2011-10-13 16:33:00",269,"Converted"
"14975",56,2,"2010-10-14 14:11:00","2011-10-13 14:08:00",364,"Converted"
"16773",56,3,"2009-12-06 15:01:00","2011-10-13 14:37:00",676,"Converted"
"16793",56,1,"2011-10-13 15:08:00","2011-10-13 15:08:00",0,"Converted"
"16950",56,10,"2010-01-24 11:26:00","2011-10-14 09:06:00",628,"Converted"
"14937",56,3,"2011-08-01 14:16:00","2011-10-14 12:29:00",74,"Converted"
"14624",56,6,"2010-04-14 10:44:00","2011-10-13 13:44:00",547,"Converted"
"15272",56,6,"2010-02-14 13:39:00","2011-10-13 12:59:00",606,"Converted"
"13464",57,6,"2010-03-19 13:40:00","2011-10-12 15:01:00",572,"Converted"
"12612",57,1,"2011-09-26 15:35:00","2011-10-13 12:12:00",17,"Converted"
"16770",57,9,"2010-08-22 16:08:00","2011-10-13 12:21:00",417,"Converted"
"17724",57,3,"2011-07-24 13:26:00","2011-10-13 10:53:00",81,"Converted"
"12446",57,1,"2011-10-13 12:50:00","2011-10-13 12:50:00",0,"Converted"
"13930",57,2,"2011-07-26 11:00:00","2011-10-13 09:45:00",79,"Converted"
"18277",57,5,"2010-08-02 10:26:00","2011-10-12 15:22:00",436,"Converted"
"12607",57,1,"2011-10-10 16:06:00","2011-10-12 16:17:00",2,"Converted"
"14537",57,2,"2010-03-26 13:44:00","2011-10-13 10:54:00",566,"Converted"
"12457",57,7,"2010-09-30 17:59:00","2011-10-12 13:46:00",377,"Converted"
"12876",57,4,"2010-04-28 13:26:00","2011-10-13 12:26:00",533,"Converted"
"14775",57,3,"2010-12-02 16:38:00","2011-10-12 15:27:00",314,"Converted"
"17279",57,1,"2011-10-13 11:58:00","2011-10-13 11:58:00",0,"Converted"
"15831",57,3,"2011-01-19 14:44:00","2011-10-12 13:14:00",266,"Converted"
"12667",57,1,"2011-10-12 17:00:00","2011-10-12 17:00:00",0,"Converted"
"13035",57,3,"2010-10-04 15:41:00","2011-10-13 12:23:00",374,"Converted"
"13487",57,5,"2009-12-05 10:25:00","2011-10-13 12:07:00",677,"Converted"
"14852",57,18,"2010-03-05 14:51:00","2011-10-12 13:20:00",586,"Converted"
"13827",57,3,"2011-07-19 15:38:00","2011-10-13 12:38:00",86,"Converted"
"16753",57,1,"2011-10-12 13:14:00","2011-10-12 13:14:00",0,"Converted"
"13865",57,4,"2011-02-23 12:04:00","2011-10-12 13:31:00",231,"Converted"
"17509",57,8,"2011-10-07 13:14:00","2011-10-13 12:16:00",6,"Converted"
"12602",58,1,"2011-10-12 11:22:00","2011-10-12 11:22:00",0,"Converted"
"17863",58,12,"2010-02-25 12:01:00","2011-10-11 13:45:00",593,"Converted"
"14642",58,1,"2011-10-12 11:08:00","2011-10-12 11:08:00",0,"Converted"
"15199",58,10,"2010-05-13 10:14:00","2011-10-11 15:12:00",516,"Converted"
"13690",58,1,"2011-10-11 15:03:00","2011-10-11 15:03:00",0,"Converted"
"15281",58,16,"2010-10-08 12:14:00","2011-10-12 09:10:00",369,"Converted"
"16203",58,6,"2010-07-23 13:09:00","2011-10-12 12:31:00",446,"Converted"
"17489",58,2,"2011-05-11 11:34:00","2011-10-12 08:56:00",154,"Converted"
"13359",58,2,"2010-11-01 15:05:00","2011-10-11 16:48:00",344,"Converted"
"16086",58,10,"2009-12-02 13:20:00","2011-10-11 13:09:00",678,"Converted"
"14959",58,4,"2011-02-16 13:00:00","2011-10-11 16:28:00",237,"Converted"
"17190",58,7,"2010-03-05 13:21:00","2011-10-12 11:33:00",586,"Converted"
"14535",58,9,"2010-02-24 15:03:00","2011-10-11 16:24:00",594,"Converted"
"15840",58,2,"2011-06-20 11:42:00","2011-10-12 09:08:00",114,"Converted"
"13208",58,8,"2009-12-03 13:25:00","2011-10-11 16:25:00",677,"Converted"
"15421",58,10,"2009-12-07 15:10:00","2011-10-12 09:20:00",674,"Converted"
"13842",58,18,"2010-02-16 15:54:00","2011-10-12 10:51:00",603,"Converted"
"16120",58,6,"2010-10-13 15:07:00","2011-10-11 14:22:00",363,"Converted"
"14541",58,14,"2010-01-07 11:59:00","2011-10-12 10:08:00",643,"Converted"
"12836",58,15,"2009-12-01 14:19:00","2011-10-11 15:10:00",679,"Converted"
"16171",58,1,"2011-10-11 14:51:00","2011-10-11 14:51:00",0,"Converted"
"14761",58,3,"2010-09-21 14:22:00","2011-10-12 12:10:00",386,"Converted"
"12633",58,7,"2010-07-02 11:44:00","2011-10-12 11:40:00",467,"Converted"
"18171",58,9,"2010-01-05 10:46:00","2011-10-12 09:13:00",645,"Converted"
"13627",58,7,"2010-03-09 14:03:00","2011-10-11 14:20:00",581,"Converted"
"17064",58,3,"2011-01-16 16:10:00","2011-10-12 10:18:00",269,"Converted"
"13520",58,11,"2009-12-17 11:11:00","2011-10-12 10:20:00",664,"Converted"
"17913",58,14,"2009-12-03 13:02:00","2011-10-12 10:45:00",678,"Converted"
"15886",59,4,"2010-04-20 15:03:00","2011-10-10 14:25:00",538,"Converted"
"15128",59,5,"2010-10-05 16:46:00","2011-10-10 13:54:00",370,"Converted"
"15553",59,1,"2011-10-10 14:02:00","2011-10-10 14:02:00",0,"Converted"
"13224",59,2,"2011-07-11 14:10:00","2011-10-10 15:00:00",91,"Converted"
"17620",59,1,"2011-10-11 12:08:00","2011-10-11 12:08:00",0,"Converted"
"17552",59,12,"2010-03-22 09:19:00","2011-10-10 17:00:00",567,"Converted"
"13980",59,5,"2010-02-21 14:18:00","2011-10-10 13:34:00",596,"Converted"
"15211",59,2,"2010-12-09 16:08:00","2011-10-10 13:31:00",305,"Converted"
"16776",59,2,"2010-10-20 12:13:00","2011-10-10 13:04:00",355,"Converted"
"12530",59,9,"2010-03-07 14:37:00","2011-10-11 12:34:00",583,"Converted"
"15706",59,4,"2011-08-15 14:32:00","2011-10-11 10:14:00",57,"Converted"
"12824",59,1,"2011-10-11 12:49:00","2011-10-11 12:49:00",0,"Converted"
"17284",59,7,"2010-11-15 17:14:00","2011-10-10 14:38:00",329,"Converted"
"14857",59,7,"2010-03-15 11:00:00","2011-10-11 09:23:00",575,"Converted"
"14529",59,3,"2011-08-21 14:10:00","2011-10-10 15:27:00",50,"Converted"
"12772",59,1,"2011-10-11 09:19:00","2011-10-11 09:19:00",0,"Converted"
"17214",59,6,"2010-12-15 15:14:00","2011-10-10 13:17:00",299,"Converted"
"13517",59,3,"2011-06-13 08:44:00","2011-10-11 11:43:00",120,"Converted"
"17589",59,18,"2010-03-07 13:48:00","2011-10-10 16:58:00",582,"Converted"
"13666",59,5,"2009-12-04 10:48:00","2011-10-10 15:39:00",675,"Converted"
"16385",59,5,"2010-03-18 12:45:00","2011-10-10 13:12:00",571,"Converted"
"13283",59,4,"2010-03-09 14:36:00","2011-10-11 09:50:00",581,"Converted"
"12371",59,4,"2010-03-04 18:23:00","2011-10-11 10:43:00",586,"Converted"
"16136",59,4,"2010-02-14 12:49:00","2011-10-11 09:10:00",604,"Converted"
"14201",59,10,"2010-04-30 13:00:00","2011-10-10 13:27:00",528,"Converted"
"16861",59,5,"2010-07-19 11:44:00","2011-10-11 09:05:00",449,"Converted"
"14451",59,12,"2010-01-17 10:35:00","2011-10-10 13:38:00",631,"Converted"
"14356",59,2,"2011-09-19 14:43:00","2011-10-10 17:16:00",21,"Converted"
"13373",60,6,"2009-12-06 12:34:00","2011-10-10 10:51:00",673,"Converted"
"18088",60,1,"2011-10-09 13:41:00","2011-10-09 13:41:00",0,"Converted"
"16595",60,5,"2010-01-17 12:12:00","2011-10-09 13:15:00",630,"Converted"
"16685",60,2,"2011-10-09 13:44:00","2011-10-09 13:58:00",0,"Converted"
"16982",60,1,"2011-10-10 12:28:00","2011-10-10 12:28:00",0,"Converted"
"14514",60,9,"2009-12-13 13:21:00","2011-10-09 16:05:00",665,"Converted"
"18126",60,1,"2011-10-10 12:19:00","2011-10-10 12:19:00",0,"Converted"
"13473",60,8,"2009-12-15 19:02:00","2011-10-10 11:20:00",664,"Converted"
"16380",60,1,"2011-10-09 15:40:00","2011-10-09 15:40:00",0,"Converted"
"17648",60,5,"2010-11-19 16:41:00","2011-10-10 09:41:00",325,"Converted"
"13193",60,1,"2011-10-09 14:30:00","2011-10-09 14:30:00",0,"Converted"
"16395",60,14,"2009-12-06 12:23:00","2011-10-10 12:50:00",673,"Converted"
"14801",60,1,"2011-10-09 15:24:00","2011-10-09 15:24:00",0,"Converted"
"18169",60,1,"2011-10-10 12:18:00","2011-10-10 12:18:00",0,"Converted"
"16179",60,1,"2011-10-10 09:41:00","2011-10-10 09:41:00",0,"Converted"
"14128",60,3,"2010-06-06 14:05:00","2011-10-10 12:00:00",491,"Converted"
"13260",60,1,"2011-10-09 13:21:00","2011-10-09 13:21:00",0,"Converted"
"14665",60,7,"2010-04-26 11:17:00","2011-10-10 11:54:00",532,"Converted"
"16921",60,3,"2010-04-18 15:34:00","2011-10-09 16:22:00",539,"Converted"
"16518",60,4,"2010-06-01 13:31:00","2011-10-09 15:04:00",495,"Converted"
"15193",60,1,"2011-10-10 08:23:00","2011-10-10 08:23:00",0,"Converted"
"15756",60,4,"2011-04-04 14:00:00","2011-10-09 13:30:00",188,"Converted"
"17025",60,5,"2010-03-08 13:37:00","2011-10-10 09:06:00",581,"Converted"
"15304",60,9,"2010-10-14 10:24:00","2011-10-10 10:23:00",361,"Converted"
"14027",60,1,"2011-10-10 09:01:00","2011-10-10 09:01:00",0,"Converted"
"16104",61,9,"2009-12-06 10:41:00","2011-10-09 10:23:00",672,"Converted"
"13259",61,9,"2010-01-10 10:26:00","2011-10-09 10:48:00",637,"Converted"
"16248",61,1,"2011-10-09 11:32:00","2011-10-09 11:32:00",0,"Converted"
"13689",62,2,"2010-09-21 10:27:00","2011-10-07 13:21:00",381,"Converted"
"16354",62,5,"2010-04-27 13:33:00","2011-10-07 14:28:00",528,"Converted"
"18136",62,5,"2010-09-14 15:50:00","2011-10-07 15:40:00",388,"Converted"
"12885",62,3,"2011-08-08 11:45:00","2011-10-07 13:40:00",60,"Converted"
"14029",62,2,"2011-07-18 16:57:00","2011-10-07 14:46:00",81,"Converted"
"13763",62,3,"2010-09-30 17:39:00","2011-10-07 15:13:00",372,"Converted"
"12492",62,3,"2010-11-01 14:58:00","2011-10-07 15:15:00",340,"Converted"
"15874",62,21,"2010-01-07 13:56:00","2011-10-07 12:58:00",638,"Converted"
"15322",63,2,"2010-08-20 13:10:00","2011-10-06 20:38:00",412,"Converted"
"12394",63,2,"2011-05-06 14:01:00","2011-10-07 08:08:00",154,"Converted"
"12420",63,1,"2011-10-07 08:55:00","2011-10-07 08:55:00",0,"Converted"
"12519",63,2,"2010-08-20 08:21:00","2011-10-07 09:26:00",413,"Converted"
"12703",63,4,"2010-01-24 12:05:00","2011-10-06 19:23:00",620,"Converted"
"12740",63,1,"2011-10-07 10:44:00","2011-10-07 10:44:00",0,"Converted"
"12923",63,3,"2010-05-13 14:55:00","2011-10-06 16:20:00",511,"Converted"
"12939",63,20,"2010-01-12 11:27:00","2011-10-06 14:33:00",632,"Converted"
"13023",63,3,"2010-06-29 09:51:00","2011-10-06 16:27:00",464,"Converted"
"13049",63,4,"2010-11-03 15:39:00","2011-10-06 15:31:00",337,"Converted"
"13055",63,4,"2010-10-06 08:17:00","2011-10-06 18:57:00",365,"Converted"
"13169",63,3,"2010-05-26 15:58:00","2011-10-07 12:11:00",499,"Converted"
"13276",63,5,"2010-03-07 14:05:00","2011-10-07 12:44:00",579,"Converted"
"13279",63,1,"2011-09-22 17:24:00","2011-10-06 18:51:00",14,"Converted"
"13317",63,19,"2009-12-13 11:11:00","2011-10-06 19:21:00",662,"Converted"
"13348",63,1,"2011-10-06 17:28:00","2011-10-06 17:28:00",0,"Converted"
"13419",63,1,"2011-10-07 12:49:00","2011-10-07 12:49:00",0,"Converted"
"13504",63,1,"2011-10-06 13:20:00","2011-10-06 13:20:00",0,"Converted"
"13771",63,9,"2010-02-25 12:37:00","2011-10-06 14:18:00",588,"Converted"
"13806",63,1,"2011-10-07 11:43:00","2011-10-07 11:43:00",0,"Converted"
"13876",63,1,"2011-10-07 10:22:00","2011-10-07 10:22:00",0,"Converted"
"14067",63,2,"2011-09-04 12:00:00","2011-10-07 10:21:00",33,"Converted"
"14333",63,1,"2011-10-03 10:38:00","2011-10-06 19:25:00",3,"Converted"
"14462",63,12,"2010-10-03 14:13:00","2011-10-07 09:22:00",369,"Converted"
"14501",63,2,"2011-01-24 10:43:00","2011-10-06 20:15:00",255,"Converted"
"14518",63,1,"2011-10-06 14:43:00","2011-10-06 14:43:00",0,"Converted"
"14557",63,1,"2011-09-15 15:48:00","2011-10-06 20:36:00",21,"Converted"
"14792",63,1,"2011-10-06 18:34:00","2011-10-07 09:19:00",1,"Converted"
"14819",63,4,"2009-12-21 15:54:00","2011-10-06 13:41:00",654,"Converted"
"14844",63,10,"2010-04-12 12:50:00","2011-10-07 10:41:00",543,"Converted"
"15264",63,2,"2010-06-27 13:29:00","2011-10-06 13:49:00",466,"Converted"
"15300",63,1,"2011-10-06 17:08:00","2011-10-06 17:08:00",0,"Converted"
"15306",63,9,"2010-02-18 17:12:00","2011-10-06 12:56:00",595,"Converted"
"15315",63,2,"2011-08-15 15:17:00","2011-10-06 12:51:00",52,"Converted"
"15518",63,15,"2009-12-20 12:21:00","2011-10-06 13:05:00",655,"Converted"
"15766",63,3,"2010-01-26 15:55:00","2011-10-06 17:03:00",618,"Converted"
"15815",63,5,"2011-03-25 08:43:00","2011-10-07 12:42:00",196,"Converted"
"15841",63,9,"2009-12-10 08:29:00","2011-10-06 18:31:00",665,"Converted"
"15937",63,1,"2011-10-06 15:48:00","2011-10-06 15:48:00",0,"Converted"
"16160",63,2,"2011-09-15 10:53:00","2011-10-06 18:30:00",21,"Converted"
"16184",63,6,"2011-05-12 13:33:00","2011-10-06 17:43:00",147,"Converted"
"16316",63,13,"2010-08-03 14:38:00","2011-10-06 13:48:00",429,"Converted"
"16432",63,1,"2011-10-06 13:59:00","2011-10-06 13:59:00",0,"Converted"
"16454",63,2,"2010-04-07 15:54:00","2011-10-06 16:57:00",547,"Converted"
"16455",63,11,"2010-03-30 10:31:00","2011-10-07 12:17:00",556,"Converted"
"16462",63,3,"2011-03-01 08:58:00","2011-10-06 18:16:00",219,"Converted"
"16477",63,11,"2010-08-12 09:43:00","2011-10-07 09:44:00",421,"Converted"
"16842",63,3,"2011-02-10 14:51:00","2011-10-06 17:38:00",238,"Converted"
"16875",63,11,"2010-01-05 09:16:00","2011-10-06 19:20:00",639,"Converted"
"16909",63,1,"2011-09-28 16:45:00","2011-10-06 18:06:00",8,"Converted"
"17030",63,1,"2011-10-07 08:49:00","2011-10-07 08:49:00",0,"Converted"
"17921",63,10,"2010-07-15 20:05:00","2011-10-06 18:56:00",448,"Converted"
"18194",63,6,"2010-01-28 15:30:00","2011-10-06 19:54:00",616,"Converted"
"17382",64,8,"2010-05-19 11:33:00","2011-10-05 13:05:00",504,"Converted"
"17222",64,6,"2010-01-10 15:24:00","2011-10-05 13:58:00",633,"Converted"
"14317",64,1,"2011-10-06 10:44:00","2011-10-06 10:44:00",0,"Converted"
"15762",64,2,"2011-09-23 15:17:00","2011-10-05 16:15:00",12,"Converted"
"13591",64,7,"2009-12-14 15:44:00","2011-10-06 12:26:00",661,"Converted"
"18033",64,1,"2011-10-05 17:28:00","2011-10-05 17:28:00",0,"Converted"
"15048",64,4,"2010-12-06 12:15:00","2011-10-05 14:55:00",303,"Converted"
"16758",64,1,"2011-10-05 14:47:00","2011-10-05 14:47:00",0,"Converted"
"15837",64,2,"2010-08-11 10:16:00","2011-10-06 09:01:00",421,"Converted"
"15244",64,3,"2010-02-11 14:48:00","2011-10-05 13:19:00",601,"Converted"
"14538",64,5,"2010-01-25 15:42:00","2011-10-06 10:31:00",619,"Converted"
"13602",64,4,"2010-05-28 11:49:00","2011-10-06 11:47:00",496,"Converted"
"16895",64,5,"2010-02-12 11:07:00","2011-10-06 12:15:00",601,"Converted"
"15416",64,7,"2010-02-01 11:55:00","2011-10-06 09:38:00",612,"Converted"
"17483",64,4,"2010-10-21 12:43:00","2011-10-05 13:10:00",349,"Converted"
"16803",64,1,"2011-10-05 14:28:00","2011-10-05 14:28:00",0,"Converted"
"14396",64,7,"2009-12-02 14:21:00","2011-10-05 16:09:00",672,"Converted"
"13947",64,1,"2011-10-05 14:42:00","2011-10-05 14:42:00",0,"Converted"
"17647",64,3,"2010-02-08 14:39:00","2011-10-05 15:38:00",604,"Converted"
"12789",64,3,"2010-01-15 12:06:00","2011-10-05 13:34:00",628,"Converted"
"13845",64,1,"2011-10-06 08:25:00","2011-10-06 08:25:00",0,"Converted"
"16040",64,7,"2010-04-09 10:12:00","2011-10-05 13:47:00",544,"Converted"
"13177",64,2,"2010-10-05 10:35:00","2011-10-06 09:56:00",366,"Converted"
"14054",64,1,"2011-10-05 15:49:00","2011-10-05 15:49:00",0,"Converted"
"17957",65,1,"2011-10-04 14:58:00","2011-10-04 14:58:00",0,"Converted"
"15339",65,7,"2010-02-08 13:38:00","2011-10-04 12:51:00",603,"Converted"
"12512",65,2,"2011-10-04 14:53:00","2011-10-04 14:55:00",0,"Converted"
"16059",65,12,"2010-05-19 13:04:00","2011-10-05 09:56:00",504,"Converted"
"15127",65,2,"2010-07-08 10:07:00","2011-10-05 10:30:00",454,"Converted"
"15730",65,5,"2010-10-04 14:15:00","2011-10-05 12:31:00",366,"Converted"
"13483",65,1,"2011-10-05 11:53:00","2011-10-05 11:53:00",0,"Converted"
"13351",65,1,"2011-10-04 12:55:00","2011-10-04 12:55:00",0,"Converted"
"15739",65,1,"2011-10-04 13:42:00","2011-10-04 13:42:00",0,"Converted"
"15181",65,5,"2009-12-08 19:02:00","2011-10-04 13:58:00",665,"Converted"
"18053",65,3,"2010-06-30 12:36:00","2011-10-04 17:31:00",461,"Converted"
"13989",65,5,"2010-05-25 12:13:00","2011-10-05 09:47:00",498,"Converted"
"16106",65,1,"2011-10-05 10:37:00","2011-10-05 10:37:00",0,"Converted"
"15757",65,6,"2010-06-10 13:47:00","2011-10-05 12:14:00",482,"Converted"
"12843",65,28,"2009-12-13 11:41:00","2011-10-05 12:09:00",661,"Converted"
"15228",65,6,"2010-07-28 10:21:00","2011-10-04 13:56:00",433,"Converted"
"17667",65,9,"2010-02-23 09:57:00","2011-10-04 14:32:00",588,"Converted"
"16374",65,5,"2010-04-30 13:10:00","2011-10-04 15:21:00",522,"Converted"
"13552",65,22,"2010-02-19 13:28:00","2011-10-04 15:19:00",592,"Converted"
"13792",65,3,"2010-10-13 11:05:00","2011-10-04 14:31:00",356,"Converted"
"15276",65,4,"2010-10-01 12:24:00","2011-10-04 16:39:00",368,"Converted"
"15299",66,9,"2010-01-12 11:34:00","2011-10-03 14:19:00",629,"Converted"
"13364",66,1,"2011-09-29 18:13:00","2011-10-04 09:48:00",5,"Converted"
"14184",66,1,"2011-10-04 12:43:00","2011-10-04 12:43:00",0,"Converted"
"12637",66,12,"2010-06-14 13:36:00","2011-10-03 13:46:00",476,"Converted"
"16183",66,4,"2010-10-28 14:43:00","2011-10-03 14:59:00",340,"Converted"
"15930",66,1,"2011-10-03 14:52:00","2011-10-03 14:52:00",0,"Converted"
"13801",66,1,"2011-10-04 10:15:00","2011-10-04 10:15:00",0,"Converted"
"15255",66,9,"2009-12-03 09:10:00","2011-10-04 12:43:00",670,"Converted"
"16253",66,7,"2009-12-08 17:24:00","2011-10-04 09:09:00",665,"Converted"
"16556",66,17,"2009-12-07 10:51:00","2011-10-04 11:36:00",666,"Converted"
"12413",66,4,"2010-11-02 13:26:00","2011-10-04 09:00:00",336,"Converted"
"13431",66,8,"2010-02-18 11:53:00","2011-10-03 13:49:00",592,"Converted"
"16882",66,3,"2011-01-26 17:43:00","2011-10-04 10:42:00",251,"Converted"
"15241",66,11,"2010-02-23 13:59:00","2011-10-04 09:05:00",588,"Converted"
"16881",66,1,"2011-10-04 10:33:00","2011-10-04 10:33:00",0,"Converted"
"14651",66,9,"2010-03-18 11:39:00","2011-10-03 15:52:00",564,"Converted"
"16441",66,5,"2010-03-22 18:00:00","2011-10-03 17:48:00",560,"Converted"
"14193",67,3,"2010-11-08 12:31:00","2011-10-03 09:34:00",329,"Converted"
"18116",67,13,"2010-10-24 15:29:00","2011-10-03 11:00:00",344,"Converted"
"16667",67,2,"2011-02-28 12:57:00","2011-10-02 15:26:00",216,"Converted"
"13344",67,3,"2011-03-07 10:28:00","2011-10-03 09:45:00",210,"Converted"
"16774",67,8,"2010-02-16 16:53:00","2011-10-03 12:41:00",594,"Converted"
"12886",67,2,"2011-05-04 11:21:00","2011-10-03 10:09:00",152,"Converted"
"13635",67,4,"2009-12-01 09:46:00","2011-10-03 10:55:00",671,"Converted"
"14970",67,12,"2010-02-14 13:37:00","2011-10-02 13:44:00",595,"Converted"
"13505",67,4,"2011-04-21 12:07:00","2011-10-03 12:14:00",165,"Converted"
"16591",68,1,"2011-10-02 10:43:00","2011-10-02 10:43:00",0,"Converted"
"15164",68,9,"2010-01-18 13:34:00","2011-10-02 12:05:00",622,"Converted"
"15579",68,5,"2010-10-03 14:37:00","2011-10-02 12:45:00",364,"Converted"
"15774",68,6,"2010-02-21 12:57:00","2011-10-02 12:04:00",588,"Converted"
"16693",68,5,"2010-02-21 12:42:00","2011-10-02 11:10:00",588,"Converted"
"16613",69,1,"2011-09-30 15:52:00","2011-09-30 15:52:00",0,"Converted"
"18008",69,23,"2010-01-06 12:35:00","2011-09-30 15:17:00",632,"Converted"
"17506",69,1,"2011-09-25 11:39:00","2011-09-30 12:54:00",5,"Converted"
"15834",69,7,"2010-10-11 14:05:00","2011-09-30 14:41:00",354,"Converted"
"12694",69,3,"2010-10-14 19:39:00","2011-09-30 13:06:00",351,"Converted"
"15185",69,1,"2011-09-30 14:06:00","2011-09-30 14:06:00",0,"Converted"
"13347",69,1,"2011-09-30 13:28:00","2011-09-30 13:28:00",0,"Converted"
"16404",69,1,"2009-12-07 12:32:00","2011-09-30 14:55:00",662,"Converted"
"13320",69,6,"2010-08-18 10:29:00","2011-09-30 12:52:00",408,"Converted"
"12842",69,4,"2009-12-02 08:15:00","2011-09-30 15:33:00",667,"Converted"
"17572",70,10,"2009-12-15 10:00:00","2011-09-29 17:53:00",653,"Converted"
"14916",70,8,"2010-04-01 10:57:00","2011-09-30 09:20:00",547,"Converted"
"12458",70,4,"2010-08-09 10:33:00","2011-09-29 15:25:00",416,"Converted"
"13354",70,1,"2011-09-29 13:17:00","2011-09-29 13:17:00",0,"Converted"
"14681",70,6,"2010-02-24 08:54:00","2011-09-29 15:52:00",582,"Converted"
"13886",70,1,"2011-09-29 13:17:00","2011-09-29 13:17:00",0,"Converted"
"17905",70,13,"2010-01-28 17:54:00","2011-09-29 17:33:00",609,"Converted"
"15593",70,1,"2011-09-30 11:46:00","2011-09-30 11:46:00",0,"Converted"
"16574",70,3,"2010-02-19 11:46:00","2011-09-29 13:39:00",587,"Converted"
"14305",70,3,"2011-07-27 14:14:00","2011-09-29 15:29:00",64,"Converted"
"13503",70,5,"2010-02-16 13:49:00","2011-09-29 13:23:00",590,"Converted"
"12718",70,1,"2011-09-29 16:38:00","2011-09-29 16:38:00",0,"Converted"
"13764",70,6,"2010-03-07 12:56:00","2011-09-30 12:03:00",572,"Converted"
"15062",70,8,"2010-04-08 15:41:00","2011-09-29 16:51:00",539,"Converted"
"16233",70,9,"2009-12-02 13:23:00","2011-09-29 17:27:00",666,"Converted"
"14164",70,2,"2011-09-20 12:18:00","2011-09-30 12:24:00",10,"Converted"
"13972",70,2,"2011-05-22 11:34:00","2011-09-30 11:54:00",131,"Converted"
"13092",70,12,"2010-02-10 08:44:00","2011-09-30 11:18:00",597,"Converted"
"12822",70,2,"2011-09-13 13:46:00","2011-09-30 10:04:00",17,"Converted"
"12728",70,5,"2010-11-21 11:34:00","2011-09-29 15:31:00",312,"Converted"
"16589",70,4,"2010-09-15 14:56:00","2011-09-29 14:50:00",379,"Converted"
"16268",70,2,"2011-09-29 18:30:00","2011-09-29 18:30:00",0,"Converted"
"13095",70,1,"2011-09-30 12:03:00","2011-09-30 12:03:00",0,"Converted"
"18204",70,3,"2011-05-31 15:26:00","2011-09-29 16:44:00",121,"Converted"
"17376",70,4,"2010-07-05 11:11:00","2011-09-30 12:36:00",452,"Converted"
"14409",70,9,"2010-05-21 16:45:00","2011-09-29 18:18:00",496,"Converted"
"17513",71,3,"2010-08-17 15:08:00","2011-09-28 16:42:00",407,"Converted"
"17783",71,3,"2010-07-15 12:50:00","2011-09-28 16:07:00",440,"Converted"
"16321",71,7,"2009-12-01 10:33:00","2011-09-28 14:55:00",666,"Converted"
"17950",71,7,"2010-01-04 17:39:00","2011-09-28 15:18:00",632,"Converted"
"13061",71,1,"2011-09-28 16:04:00","2011-09-28 16:04:00",0,"Converted"
"16182",71,9,"2010-03-09 09:34:00","2011-09-28 13:23:00",568,"Converted"
"14609",71,10,"2010-02-09 09:48:00","2011-09-28 12:54:00",596,"Converted"
"18265",71,2,"2011-07-04 15:26:00","2011-09-28 14:10:00",86,"Converted"
"17819",71,12,"2009-12-13 15:24:00","2011-09-29 10:52:00",655,"Converted"
"18192",71,1,"2011-09-29 09:53:00","2011-09-29 09:53:00",0,"Converted"
"15030",71,8,"2010-03-04 17:10:00","2011-09-29 10:50:00",574,"Converted"
"15348",71,1,"2011-09-28 13:17:00","2011-09-28 13:17:00",0,"Converted"
"15036",71,3,"2011-06-13 12:19:00","2011-09-28 15:42:00",107,"Converted"
"17894",71,18,"2010-08-27 14:13:00","2011-09-29 09:23:00",398,"Converted"
"13901",71,15,"2010-01-05 09:29:00","2011-09-28 14:48:00",631,"Converted"
"12372",71,3,"2011-02-16 12:46:00","2011-09-29 12:12:00",225,"Converted"
"16281",71,3,"2010-01-26 13:41:00","2011-09-28 14:57:00",610,"Converted"
"13321",71,2,"2011-09-14 15:18:00","2011-09-28 15:24:00",14,"Converted"
"14947",71,6,"2010-03-25 11:29:00","2011-09-28 15:48:00",552,"Converted"
"16650",71,7,"2010-07-08 14:18:00","2011-09-29 09:51:00",448,"Converted"
"12393",71,6,"2010-10-07 13:49:00","2011-09-28 15:41:00",356,"Converted"
"15175",71,1,"2011-09-29 11:31:00","2011-09-29 11:31:00",0,"Converted"
"17427",71,1,"2011-09-29 11:29:00","2011-09-29 11:29:00",0,"Converted"
"13741",71,3,"2011-05-06 13:43:00","2011-09-29 09:19:00",146,"Converted"
"18242",71,8,"2010-01-11 08:49:00","2011-09-28 13:43:00",625,"Converted"
"14978",71,10,"2010-04-28 10:50:00","2011-09-28 13:07:00",518,"Converted"
"18235",71,3,"2011-05-06 13:35:00","2011-09-29 08:27:00",146,"Converted"
"14475",71,4,"2010-10-27 09:20:00","2011-09-29 10:46:00",337,"Converted"
"17370",72,4,"2011-06-23 11:50:00","2011-09-28 10:14:00",97,"Converted"
"15674",72,12,"2009-12-08 17:08:00","2011-09-27 15:17:00",658,"Converted"
"15827",72,28,"2010-01-08 11:25:00","2011-09-27 15:35:00",627,"Converted"
"16493",72,7,"2010-03-26 13:05:00","2011-09-28 11:13:00",551,"Converted"
"13016",72,3,"2011-08-08 15:00:00","2011-09-27 14:08:00",50,"Converted"
"13397",72,10,"2010-01-20 09:50:00","2011-09-28 10:56:00",616,"Converted"
"16681",72,7,"2010-03-08 14:10:00","2011-09-28 11:11:00",569,"Converted"
"17002",72,7,"2010-03-08 15:46:00","2011-09-27 16:48:00",568,"Converted"
"12579",72,1,"2011-09-22 17:15:00","2011-09-27 13:57:00",5,"Converted"
"13515",72,6,"2010-03-05 11:58:00","2011-09-28 11:26:00",572,"Converted"
"12455",72,9,"2009-12-18 12:33:00","2011-09-27 15:31:00",648,"Converted"
"13134",72,6,"2010-10-19 13:21:00","2011-09-28 09:22:00",344,"Converted"
"16181",72,1,"2011-09-27 13:38:00","2011-09-27 13:38:00",0,"Converted"
"17591",72,8,"2010-01-17 16:09:00","2011-09-27 13:42:00",618,"Converted"
"12566",72,1,"2011-09-14 14:30:00","2011-09-28 09:57:00",14,"Converted"
"13979",72,7,"2009-12-03 10:02:00","2011-09-27 13:32:00",663,"Converted"
"14934",72,5,"2010-09-24 12:08:00","2011-09-28 09:45:00",369,"Converted"
"17656",72,5,"2011-08-03 10:45:00","2011-09-27 13:04:00",55,"Converted"
"16122",72,6,"2010-10-10 15:26:00","2011-09-27 15:34:00",352,"Converted"
"17788",73,2,"2011-08-02 10:38:00","2011-09-27 10:09:00",56,"Converted"
"14818",73,6,"2010-03-02 12:48:00","2011-09-27 11:01:00",574,"Converted"
"12987",73,5,"2010-01-20 09:57:00","2011-09-27 12:03:00",615,"Converted"
"17061",73,11,"2011-04-21 13:29:00","2011-09-27 11:24:00",159,"Converted"
"13514",73,4,"2010-01-26 15:11:00","2011-09-27 09:39:00",609,"Converted"
"13555",73,13,"2010-01-19 13:20:00","2011-09-27 12:36:00",616,"Converted"
"17480",73,2,"2010-09-21 12:31:00","2011-09-27 10:21:00",371,"Converted"
"16629",73,2,"2011-09-04 16:12:00","2011-09-27 10:34:00",23,"Converted"
"14272",73,4,"2010-05-06 14:01:00","2011-09-27 10:08:00",509,"Converted"
"15243",73,2,"2010-09-30 17:28:00","2011-09-26 14:12:00",361,"Converted"
"17674",73,2,"2010-12-06 10:20:00","2011-09-26 13:35:00",294,"Converted"
"16778",73,2,"2011-03-10 15:21:00","2011-09-26 13:48:00",200,"Converted"
"15958",73,4,"2010-06-07 10:59:00","2011-09-26 13:41:00",476,"Converted"
"14101",73,13,"2010-03-28 13:36:00","2011-09-27 12:28:00",548,"Converted"
"14908",73,2,"2010-09-02 16:39:00","2011-09-26 12:56:00",389,"Converted"
"16468",73,3,"2010-08-15 13:10:00","2011-09-26 14:13:00",407,"Converted"
"13233",73,4,"2010-01-14 14:10:00","2011-09-26 13:25:00",620,"Converted"
"16573",73,2,"2011-02-22 15:14:00","2011-09-27 11:17:00",217,"Converted"
"13434",73,5,"2010-02-22 09:54:00","2011-09-26 14:30:00",581,"Converted"
"17997",73,8,"2011-06-28 17:28:00","2011-09-26 16:13:00",90,"Converted"
"18278",73,2,"2010-10-31 12:13:00","2011-09-27 11:58:00",331,"Converted"
"15154",73,3,"2010-08-18 17:41:00","2011-09-26 16:43:00",404,"Converted"
"13639",73,2,"2010-09-29 10:05:00","2011-09-26 13:36:00",362,"Converted"
"17805",73,2,"2010-04-08 14:36:00","2011-09-27 11:49:00",537,"Converted"
"13866",73,1,"2011-09-26 14:54:00","2011-09-26 14:54:00",0,"Converted"
"14473",73,2,"2011-03-02 13:56:00","2011-09-26 15:10:00",208,"Converted"
"16266",73,14,"2010-02-04 16:21:00","2011-09-27 12:08:00",600,"Converted"
"16342",74,4,"2011-06-13 10:10:00","2011-09-25 14:36:00",104,"Converted"
"16603",74,2,"2011-09-09 13:02:00","2011-09-26 10:06:00",17,"Converted"
"16594",74,1,"2011-09-25 14:08:00","2011-09-25 14:08:00",0,"Converted"
"12412",74,6,"2010-06-18 13:22:00","2011-09-26 10:16:00",465,"Converted"
"12348",74,5,"2010-09-27 14:59:00","2011-09-25 13:13:00",363,"Converted"
"13670",74,1,"2011-09-25 15:25:00","2011-09-25 15:25:00",0,"Converted"
"14806",74,2,"2010-09-26 15:50:00","2011-09-25 15:32:00",364,"Converted"
"14757",74,1,"2011-09-25 14:36:00","2011-09-25 14:36:00",0,"Converted"
"18155",74,3,"2011-02-21 10:36:00","2011-09-25 13:32:00",216,"Converted"
"14152",74,7,"2010-02-18 13:57:00","2011-09-25 12:54:00",584,"Converted"
"18066",74,3,"2010-10-20 11:42:00","2011-09-25 15:30:00",340,"Converted"
"15626",74,3,"2010-10-14 17:16:00","2011-09-26 10:03:00",347,"Converted"
"12545",74,2,"2011-03-25 12:04:00","2011-09-25 13:39:00",184,"Converted"
"17154",74,1,"2011-09-25 13:42:00","2011-09-25 13:42:00",0,"Converted"
"16383",74,7,"2010-02-04 13:18:00","2011-09-26 12:45:00",599,"Converted"
"12823",74,18,"2010-01-29 12:52:00","2011-09-26 07:35:00",605,"Converted"
"13927",74,2,"2010-09-28 16:12:00","2011-09-26 12:00:00",363,"Converted"
"13390",74,1,"2011-09-26 08:38:00","2011-09-26 08:38:00",0,"Converted"
"16198",74,2,"2010-09-28 13:59:00","2011-09-25 14:58:00",362,"Converted"
"15312",74,12,"2009-12-16 09:23:00","2011-09-25 13:10:00",648,"Converted"
"15366",74,7,"2010-02-26 10:10:00","2011-09-25 15:01:00",576,"Converted"
"14561",75,3,"2011-06-08 13:26:00","2011-09-25 12:39:00",109,"Converted"
"13787",75,6,"2010-01-14 10:13:00","2011-09-25 12:06:00",619,"Converted"
"16480",75,1,"2011-09-25 11:40:00","2011-09-25 11:40:00",0,"Converted"
"15799",75,4,"2010-10-17 14:26:00","2011-09-25 12:46:00",343,"Converted"
"17498",75,1,"2011-09-25 12:25:00","2011-09-25 12:25:00",0,"Converted"
"16689",75,2,"2011-09-18 13:29:00","2011-09-25 11:39:00",7,"Converted"
"15549",76,8,"2010-01-11 13:16:00","2011-09-23 16:22:00",620,"Converted"
"14014",76,3,"2010-05-12 09:04:00","2011-09-23 13:18:00",499,"Converted"
"15475",76,1,"2011-09-23 15:20:00","2011-09-23 15:20:00",0,"Converted"
"16485",76,5,"2009-12-06 12:28:00","2011-09-23 15:50:00",656,"Converted"
"16872",76,6,"2010-09-02 17:36:00","2011-09-23 16:05:00",386,"Converted"
"14880",76,3,"2011-02-24 12:27:00","2011-09-23 13:42:00",211,"Converted"
"14652",76,1,"2011-09-23 14:21:00","2011-09-23 14:21:00",0,"Converted"
"15978",76,3,"2010-03-05 14:39:00","2011-09-23 15:21:00",567,"Converted"
"13336",76,1,"2011-09-23 14:05:00","2011-09-23 14:05:00",0,"Converted"
"16984",77,9,"2010-03-07 15:34:00","2011-09-22 18:21:00",564,"Converted"
"17079",77,1,"2011-09-22 15:34:00","2011-09-22 15:34:00",0,"Converted"
"15067",77,5,"2010-04-11 15:54:00","2011-09-22 13:20:00",529,"Converted"
"12609",77,9,"2009-12-20 13:30:00","2011-09-22 16:34:00",641,"Converted"
"14038",77,5,"2010-02-04 08:56:00","2011-09-22 13:37:00",595,"Converted"
"17311",77,6,"2010-02-03 12:38:00","2011-09-22 14:11:00",596,"Converted"
"15075",77,1,"2011-09-23 12:27:00","2011-09-23 12:27:00",0,"Converted"
"18189",77,3,"2010-03-24 09:57:00","2011-09-23 12:40:00",548,"Converted"
"16236",77,1,"2011-09-22 14:10:00","2011-09-22 14:10:00",0,"Converted"
"16978",77,3,"2010-02-11 16:27:00","2011-09-23 12:50:00",589,"Converted"
"12516",77,4,"2010-04-19 14:14:00","2011-09-23 09:13:00",522,"Converted"
"16715",77,2,"2010-05-26 12:35:00","2011-09-22 18:15:00",484,"Converted"
"14854",77,11,"2010-01-22 09:48:00","2011-09-22 17:00:00",608,"Converted"
"12930",77,2,"2011-06-21 13:25:00","2011-09-22 15:18:00",93,"Converted"
"13220",77,5,"2010-05-13 10:35:00","2011-09-22 13:38:00",497,"Converted"
"17388",77,11,"2009-12-10 11:45:00","2011-09-23 10:31:00",652,"Converted"
"17037",77,1,"2011-09-13 12:49:00","2011-09-22 17:20:00",9,"Converted"
"15744",77,1,"2011-09-23 09:52:00","2011-09-23 09:52:00",0,"Converted"
"12995",77,1,"2011-09-15 15:44:00","2011-09-23 09:20:00",8,"Converted"
"12425",77,2,"2010-09-17 14:10:00","2011-09-22 17:31:00",370,"Converted"
"13486",77,3,"2011-07-07 17:19:00","2011-09-22 13:13:00",77,"Converted"
"13127",77,1,"2011-09-23 10:26:00","2011-09-23 10:26:00",0,"Converted"
"17172",78,3,"2009-12-13 11:46:00","2011-09-22 09:36:00",648,"Converted"
"12550",78,1,"2011-09-21 14:35:00","2011-09-21 14:35:00",0,"Converted"
"15603",78,2,"2010-03-01 16:02:00","2011-09-22 10:04:00",570,"Converted"
"15201",78,7,"2010-04-07 14:50:00","2011-09-22 09:53:00",533,"Converted"
"17731",78,6,"2010-02-09 12:37:00","2011-09-21 15:02:00",589,"Converted"
"13946",78,6,"2009-12-04 11:07:00","2011-09-21 13:33:00",656,"Converted"
"12604",78,2,"2011-03-23 12:06:00","2011-09-21 14:08:00",182,"Converted"
"17460",78,16,"2010-01-22 13:25:00","2011-09-22 10:58:00",608,"Converted"
"17475",78,1,"2011-09-21 14:55:00","2011-09-21 14:55:00",0,"Converted"
"13959",78,6,"2010-07-16 15:11:00","2011-09-21 15:06:00",432,"Converted"
"14951",78,1,"2011-09-21 15:15:00","2011-09-21 15:15:00",0,"Converted"
"15810",78,8,"2009-12-22 10:24:00","2011-09-22 09:38:00",639,"Converted"
"17027",78,9,"2009-12-10 12:10:00","2011-09-22 12:24:00",651,"Converted"
"12520",78,5,"2011-03-11 11:35:00","2011-09-21 15:23:00",194,"Converted"
"15433",78,2,"2011-03-17 14:12:00","2011-09-21 16:24:00",188,"Converted"
"12409",78,7,"2010-05-23 15:21:00","2011-09-22 10:38:00",487,"Converted"
"16213",78,1,"2011-09-22 10:03:00","2011-09-22 10:03:00",0,"Converted"
"14887",78,1,"2011-09-21 15:32:00","2011-09-21 15:32:00",0,"Converted"
"16735",78,14,"2009-12-08 09:24:00","2011-09-22 11:49:00",653,"Converted"
"12854",78,7,"2009-12-11 12:55:00","2011-09-22 12:15:00",650,"Converted"
"16627",78,1,"2011-09-21 14:38:00","2011-09-21 14:38:00",0,"Converted"
"13529",78,2,"2011-05-19 11:50:00","2011-09-22 09:15:00",126,"Converted"
"15026",79,5,"2010-09-17 13:52:00","2011-09-20 13:52:00",368,"Converted"
"12701",79,6,"2010-03-16 13:23:00","2011-09-21 10:47:00",554,"Converted"
"13356",79,1,"2011-09-20 14:33:00","2011-09-20 14:33:00",0,"Converted"
"16777",79,5,"2010-03-17 12:42:00","2011-09-20 13:41:00",552,"Converted"
"15888",79,3,"2010-07-01 11:51:00","2011-09-21 09:44:00",447,"Converted"
"17873",79,18,"2009-12-16 15:11:00","2011-09-20 16:41:00",643,"Converted"
"13908",79,4,"2011-03-08 12:04:00","2011-09-21 11:49:00",197,"Converted"
"12390",79,1,"2011-09-21 09:33:00","2011-09-21 09:33:00",0,"Converted"
"16584",79,5,"2010-02-16 10:41:00","2011-09-20 13:45:00",581,"Converted"
"13038",79,3,"2011-02-22 11:43:00","2011-09-20 14:37:00",210,"Converted"
"12435",79,6,"2009-12-02 13:58:00","2011-09-21 09:06:00",658,"Converted"
"17415",79,1,"2011-09-21 12:50:00","2011-09-21 12:50:00",0,"Converted"
"16928",79,26,"2010-02-03 12:30:00","2011-09-20 15:10:00",594,"Converted"
"16624",80,2,"2011-05-26 14:20:00","2011-09-20 12:39:00",117,"Converted"
"14236",80,5,"2010-07-22 14:27:00","2011-09-20 09:13:00",425,"Converted"
"15764",80,8,"2010-08-18 13:58:00","2011-09-19 16:16:00",397,"Converted"
"16428",80,3,"2010-07-30 12:10:00","2011-09-19 16:31:00",416,"Converted"
"17628",80,1,"2011-09-19 15:21:00","2011-09-19 15:21:00",0,"Converted"
"13375",80,2,"2010-09-21 08:12:00","2011-09-19 16:01:00",363,"Converted"
"13228",80,1,"2011-09-19 14:28:00","2011-09-19 14:28:00",0,"Converted"
"18017",80,4,"2010-10-04 15:11:00","2011-09-19 16:15:00",350,"Converted"
"15504",80,4,"2010-02-12 12:34:00","2011-09-19 13:45:00",584,"Converted"
"15341",80,2,"2010-05-28 07:45:00","2011-09-20 09:40:00",480,"Converted"
"16527",80,2,"2010-10-11 13:25:00","2011-09-19 16:21:00",343,"Converted"
"15675",80,4,"2010-10-31 14:14:00","2011-09-19 13:48:00",323,"Converted"
"16211",80,3,"2010-09-27 15:24:00","2011-09-19 16:23:00",357,"Converted"
"16215",80,1,"2011-09-20 10:18:00","2011-09-20 10:18:00",0,"Converted"
"17848",80,30,"2009-12-06 13:19:00","2011-09-19 16:49:00",652,"Converted"
"12752",80,1,"2011-09-19 13:32:00","2011-09-19 13:32:00",0,"Converted"
"18232",81,4,"2011-05-26 16:30:00","2011-09-19 11:49:00",116,"Converted"
"18094",81,13,"2009-12-11 13:57:00","2011-09-19 09:28:00",647,"Converted"
"17802",81,10,"2009-12-13 13:39:00","2011-09-18 14:56:00",644,"Converted"
"16906",81,7,"2010-05-13 13:23:00","2011-09-19 11:49:00",494,"Converted"
"13774",81,1,"2011-09-19 12:06:00","2011-09-19 12:06:00",0,"Converted"
"12497",81,3,"2010-03-05 09:39:00","2011-09-19 12:29:00",563,"Converted"
"16080",81,4,"2010-09-15 14:19:00","2011-09-19 10:42:00",369,"Converted"
"12527",81,5,"2010-06-28 15:37:00","2011-09-19 11:55:00",448,"Converted"
"16370",81,4,"2011-04-28 16:40:00","2011-09-18 15:55:00",143,"Converted"
"17058",81,3,"2011-04-14 09:18:00","2011-09-19 10:13:00",158,"Converted"
"13334",81,5,"2010-02-25 10:49:00","2011-09-18 15:21:00",570,"Converted"
"13325",81,1,"2011-09-19 10:36:00","2011-09-19 10:36:00",0,"Converted"
"13562",81,8,"2010-01-14 16:33:00","2011-09-19 10:51:00",613,"Converted"
"12379",81,4,"2010-06-23 12:49:00","2011-09-19 10:09:00",453,"Converted"
"13067",81,3,"2010-09-19 13:43:00","2011-09-18 13:38:00",364,"Converted"
"15947",82,1,"2011-09-18 10:46:00","2011-09-18 10:46:00",0,"Converted"
"12871",83,3,"2010-09-26 10:34:00","2011-09-16 15:07:00",355,"Converted"
"15975",83,1,"2011-09-16 13:33:00","2011-09-16 13:33:00",0,"Converted"
"14124",83,1,"2011-09-16 13:32:00","2011-09-16 13:32:00",0,"Converted"
"15523",83,16,"2009-12-02 15:16:00","2011-09-16 16:29:00",653,"Converted"
"15410",83,10,"2010-04-19 08:57:00","2011-09-16 14:47:00",515,"Converted"
"15099",83,1,"2011-09-16 13:13:00","2011-09-16 13:13:00",0,"Converted"
"13563",83,2,"2011-07-22 17:21:00","2011-09-16 14:45:00",56,"Converted"
"14177",84,13,"2010-02-26 11:59:00","2011-09-16 09:52:00",567,"Converted"
"14105",84,5,"2009-12-18 16:57:00","2011-09-15 16:13:00",636,"Converted"
"15417",84,1,"2011-09-15 15:26:00","2011-09-15 15:26:00",0,"Converted"
"12616",84,3,"2010-11-16 11:38:00","2011-09-15 17:02:00",303,"Converted"
"16108",84,4,"2010-03-18 14:14:00","2011-09-16 11:51:00",547,"Converted"
"17594",84,4,"2010-04-14 08:53:00","2011-09-15 16:34:00",519,"Converted"
"12513",84,1,"2011-08-19 10:51:00","2011-09-16 12:45:00",28,"Converted"
"13141",84,17,"2009-12-09 13:34:00","2011-09-16 09:54:00",646,"Converted"
"15205",84,2,"2011-08-04 16:07:00","2011-09-15 19:36:00",42,"Converted"
"14894",84,3,"2009-12-02 10:42:00","2011-09-15 13:51:00",652,"Converted"
"15122",84,11,"2010-03-30 14:05:00","2011-09-15 16:27:00",534,"Converted"
"17898",84,4,"2010-05-21 17:22:00","2011-09-15 14:56:00",482,"Converted"
"12722",84,4,"2011-07-12 11:55:00","2011-09-15 14:50:00",65,"Converted"
"15466",84,4,"2009-12-03 12:28:00","2011-09-15 14:08:00",651,"Converted"
"16709",84,14,"2009-12-09 13:16:00","2011-09-16 10:56:00",646,"Converted"
"12434",84,3,"2010-11-23 13:38:00","2011-09-16 12:38:00",297,"Converted"
"17047",84,6,"2009-12-08 08:48:00","2011-09-15 13:27:00",646,"Converted"
"17786",84,2,"2011-01-26 14:35:00","2011-09-15 12:51:00",232,"Converted"
"14420",84,4,"2010-01-17 12:41:00","2011-09-15 16:57:00",606,"Converted"
"17333",85,1,"2011-09-15 10:11:00","2011-09-15 10:11:00",0,"Converted"
"17347",85,1,"2011-09-14 13:12:00","2011-09-14 13:12:00",0,"Converted"
"13877",85,3,"2010-01-19 10:53:00","2011-09-14 15:49:00",603,"Converted"
"14915",85,11,"2009-12-03 10:17:00","2011-09-15 10:27:00",651,"Converted"
"13931",85,11,"2009-12-03 10:26:00","2011-09-15 10:03:00",651,"Converted"
"13662",85,11,"2010-02-19 13:21:00","2011-09-15 12:04:00",573,"Converted"
"13539",85,7,"2010-04-28 12:04:00","2011-09-15 10:18:00",505,"Converted"
"16048",85,4,"2010-06-08 12:36:00","2011-09-15 10:12:00",464,"Converted"
"17033",85,4,"2010-11-07 12:55:00","2011-09-14 14:34:00",311,"Converted"
"13518",85,1,"2011-09-15 10:29:00","2011-09-15 10:29:00",0,"Converted"
"12756",86,1,"2011-09-14 09:31:00","2011-09-14 09:31:00",0,"Converted"
"17640",86,6,"2010-03-23 09:15:00","2011-09-14 09:13:00",540,"Converted"
"14660",86,2,"2011-08-31 10:40:00","2011-09-14 11:34:00",14,"Converted"
"14753",86,2,"2010-09-05 11:04:00","2011-09-13 14:50:00",373,"Converted"
"14163",86,5,"2010-09-03 17:15:00","2011-09-13 15:18:00",375,"Converted"
"16745",86,17,"2011-02-01 11:31:00","2011-09-14 11:58:00",225,"Converted"
"18173",86,5,"2010-04-06 10:43:00","2011-09-14 11:26:00",526,"Converted"
"18251",86,9,"2009-12-22 12:01:00","2011-09-13 15:03:00",630,"Converted"
"15343",86,1,"2011-09-13 13:55:00","2011-09-13 13:55:00",0,"Converted"
"16959",86,1,"2011-09-13 15:03:00","2011-09-13 15:03:00",0,"Converted"
"16229",86,6,"2010-01-22 12:27:00","2011-09-13 17:16:00",599,"Converted"
"16036",86,4,"2010-03-29 14:47:00","2011-09-13 14:53:00",533,"Converted"
"15996",87,7,"2010-11-07 15:49:00","2011-09-12 15:14:00",309,"Converted"
"17433",87,2,"2010-11-19 13:37:00","2011-09-12 14:24:00",297,"Converted"
"17919",87,2,"2010-09-27 10:40:00","2011-09-12 13:41:00",350,"Converted"
"14500",87,3,"2011-06-03 10:08:00","2011-09-12 16:45:00",101,"Converted"
"13850",87,1,"2011-08-02 14:04:00","2011-09-12 18:00:00",41,"Converted"
"16475",87,4,"2011-03-11 09:39:00","2011-09-12 14:37:00",185,"Converted"
"12924",87,12,"2009-12-09 12:40:00","2011-09-12 13:55:00",642,"Converted"
"16141",87,2,"2010-10-18 14:12:00","2011-09-12 13:11:00",329,"Converted"
"15673",87,9,"2010-02-22 14:28:00","2011-09-12 16:12:00",567,"Converted"
"16098",87,14,"2009-12-15 09:40:00","2011-09-13 09:59:00",637,"Converted"
"16451",87,3,"2009-12-04 15:11:00","2011-09-13 09:17:00",648,"Converted"
"14276",87,7,"2010-02-17 13:10:00","2011-09-12 17:49:00",572,"Converted"
"12884",87,1,"2011-09-12 13:10:00","2011-09-12 13:10:00",0,"Converted"
"15216",87,2,"2010-03-31 09:52:00","2011-09-13 11:41:00",531,"Converted"
"12965",88,1,"2011-09-11 15:31:00","2011-09-11 15:31:00",0,"Converted"
"16796",88,1,"2011-09-11 14:01:00","2011-09-11 14:01:00",0,"Converted"
"15980",88,7,"2010-06-01 14:40:00","2011-09-12 09:41:00",468,"Converted"
"14307",88,10,"2009-12-07 13:06:00","2011-09-12 09:38:00",644,"Converted"
"16209",88,9,"2010-06-11 11:58:00","2011-09-12 11:58:00",458,"Converted"
"18255",88,2,"2010-09-09 16:31:00","2011-09-11 13:16:00",367,"Converted"
"18215",88,5,"2010-03-26 13:03:00","2011-09-11 16:05:00",534,"Converted"
"13611",88,10,"2009-12-03 07:57:00","2011-09-11 14:51:00",647,"Converted"
"16384",89,4,"2010-04-28 14:01:00","2011-09-11 11:19:00",501,"Converted"
"14212",89,2,"2010-09-20 11:48:00","2011-09-11 12:45:00",356,"Converted"
"13124",89,4,"2010-11-19 15:50:00","2011-09-11 12:45:00",296,"Converted"
"13372",89,1,"2011-09-11 12:46:00","2011-09-11 12:46:00",0,"Converted"
"15035",89,1,"2011-09-11 11:08:00","2011-09-11 11:08:00",0,"Converted"
"15939",89,15,"2010-11-30 12:07:00","2011-09-11 11:30:00",285,"Converted"
"15636",89,4,"2010-05-19 11:37:00","2011-09-11 11:17:00",480,"Converted"
"14837",89,9,"2010-01-24 10:20:00","2011-09-11 10:58:00",595,"Converted"
"12635",89,4,"2010-09-09 10:50:00","2011-09-11 11:04:00",367,"Converted"
"14210",90,16,"2010-01-06 10:17:00","2011-09-09 12:55:00",611,"Converted"
"16723",90,4,"2009-12-04 13:23:00","2011-09-09 13:01:00",644,"Converted"
"15652",90,5,"2010-08-11 16:58:00","2011-09-09 14:22:00",394,"Converted"
"14628",90,5,"2010-01-25 14:40:00","2011-09-09 14:58:00",592,"Converted"
"12535",91,2,"2011-06-06 12:47:00","2011-09-09 08:48:00",95,"Converted"
"14414",91,8,"2010-11-30 10:12:00","2011-09-09 12:09:00",283,"Converted"
"13249",91,9,"2010-01-24 12:11:00","2011-09-08 13:26:00",592,"Converted"
"15400",91,8,"2010-05-28 08:33:00","2011-09-08 13:57:00",468,"Converted"
"14223",91,3,"2011-03-20 16:02:00","2011-09-08 13:38:00",172,"Converted"
"12592",91,4,"2010-07-08 14:06:00","2011-09-08 15:04:00",427,"Converted"
"16027",91,15,"2010-01-08 13:21:00","2011-09-09 10:47:00",609,"Converted"
"16031",91,2,"2011-04-06 14:23:00","2011-09-08 13:07:00",155,"Converted"
"16309",91,2,"2011-04-13 11:46:00","2011-09-09 12:26:00",149,"Converted"
"13848",91,8,"2009-12-09 16:17:00","2011-09-08 12:58:00",638,"Converted"
"13441",91,2,"2010-10-04 10:38:00","2011-09-09 09:38:00",340,"Converted"
"15198",91,5,"2010-01-19 10:01:00","2011-09-08 14:42:00",597,"Converted"
"15488",92,5,"2010-05-05 13:03:00","2011-09-08 10:11:00",491,"Converted"
"13244",92,1,"2011-09-08 11:46:00","2011-09-08 11:46:00",0,"Converted"
"18093",92,8,"2010-03-31 10:27:00","2011-09-07 15:43:00",525,"Converted"
"15885",92,13,"2010-01-21 12:47:00","2011-09-07 14:56:00",594,"Converted"
"18222",92,1,"2011-09-08 10:45:00","2011-09-08 10:45:00",0,"Converted"
"15653",92,2,"2011-08-16 09:50:00","2011-09-08 10:49:00",23,"Converted"
"13330",92,6,"2010-02-23 10:12:00","2011-09-08 12:27:00",562,"Converted"
"13889",92,6,"2010-01-22 14:32:00","2011-09-08 09:13:00",594,"Converted"
"15071",93,4,"2010-05-18 12:45:00","2011-09-07 11:43:00",477,"Converted"
"16175",93,7,"2010-05-25 12:01:00","2011-09-06 14:32:00",469,"Converted"
"15462",93,4,"2010-09-20 10:23:00","2011-09-06 13:11:00",351,"Converted"
"17339",93,3,"2010-07-18 13:08:00","2011-09-06 13:29:00",415,"Converted"
"13130",93,1,"2011-09-06 15:30:00","2011-09-06 15:30:00",0,"Converted"
"13210",93,1,"2011-09-07 08:18:00","2011-09-07 08:18:00",0,"Converted"
"13122",93,2,"2011-04-13 14:12:00","2011-09-06 15:53:00",146,"Converted"
"14208",94,2,"2010-06-06 13:11:00","2011-09-06 12:48:00",457,"Converted"
"18196",94,4,"2010-03-17 14:55:00","2011-09-05 16:22:00",537,"Converted"
"15491",94,6,"2011-04-18 10:04:00","2011-09-05 15:56:00",140,"Converted"
"17309",94,3,"2010-02-04 15:49:00","2011-09-05 15:20:00",578,"Converted"
"16400",94,9,"2009-12-08 12:38:00","2011-09-06 12:27:00",637,"Converted"
"13744",94,2,"2011-02-20 14:08:00","2011-09-05 15:19:00",197,"Converted"
"13192",94,6,"2010-01-22 08:37:00","2011-09-05 14:13:00",591,"Converted"
"17560",94,9,"2010-02-17 12:11:00","2011-09-06 09:18:00",566,"Converted"
"13158",94,5,"2010-11-16 17:12:00","2011-09-06 11:58:00",294,"Converted"
"16172",94,8,"2010-07-14 15:34:00","2011-09-05 13:22:00",418,"Converted"
"14965",95,2,"2011-09-04 13:15:00","2011-09-04 13:20:00",0,"Converted"
"15364",95,2,"2011-03-30 13:39:00","2011-09-05 09:46:00",159,"Converted"
"13851",95,8,"2010-01-29 11:54:00","2011-09-05 12:36:00",584,"Converted"
"17229",95,2,"2011-07-20 12:38:00","2011-09-04 13:56:00",46,"Converted"
"12816",95,2,"2011-06-16 13:24:00","2011-09-05 12:41:00",81,"Converted"
"13240",95,8,"2010-02-25 13:17:00","2011-09-04 14:08:00",556,"Converted"
"13548",95,3,"2010-08-25 13:44:00","2011-09-04 14:50:00",375,"Converted"
"17050",95,10,"2010-01-26 14:54:00","2011-09-04 13:48:00",586,"Converted"
"12422",95,12,"2009-12-18 12:44:00","2011-09-05 09:48:00",626,"Converted"
"12502",95,5,"2011-02-03 10:41:00","2011-09-05 11:52:00",214,"Converted"
"15307",95,1,"2011-09-05 11:38:00","2011-09-05 11:38:00",0,"Converted"
"17722",95,5,"2010-11-29 09:44:00","2011-09-04 15:22:00",279,"Converted"
"14565",95,5,"2010-08-23 09:48:00","2011-09-05 12:37:00",378,"Converted"
"13748",95,9,"2009-12-01 16:44:00","2011-09-05 09:45:00",643,"Converted"
"16820",95,1,"2011-09-05 12:06:00","2011-09-05 12:06:00",0,"Converted"
"16551",95,7,"2009-12-13 16:12:00","2011-09-05 09:38:00",631,"Converted"
"16761",96,1,"2011-09-04 11:15:00","2011-09-04 11:15:00",0,"Converted"
"17774",96,9,"2010-02-08 16:06:00","2011-09-04 12:49:00",573,"Converted"
"12851",96,2,"2010-08-19 15:13:00","2011-09-04 12:41:00",381,"Converted"
"12710",96,3,"2011-05-22 14:05:00","2011-09-04 12:00:00",105,"Converted"
"14171",97,2,"2009-12-09 13:50:00","2011-09-02 16:43:00",632,"Converted"
"14463",97,4,"2010-07-28 11:35:00","2011-09-02 15:20:00",401,"Converted"
"15829",98,2,"2011-07-22 10:23:00","2011-09-01 16:45:00",41,"Converted"
"13470",98,2,"2011-08-16 17:06:00","2011-09-01 14:57:00",16,"Converted"
"12739",98,2,"2010-11-10 14:27:00","2011-09-01 17:45:00",295,"Converted"
"13099",98,1,"2011-09-01 17:40:00","2011-09-01 17:40:00",0,"Converted"
"16092",98,6,"2010-05-09 16:10:00","2011-09-02 11:46:00",481,"Converted"
"13376",98,3,"2011-04-19 13:03:00","2011-09-01 16:16:00",135,"Converted"
"16456",98,13,"2010-03-29 11:16:00","2011-09-01 13:50:00",521,"Converted"
"13045",98,3,"2010-08-10 13:02:00","2011-09-01 15:04:00",387,"Converted"
"16808",98,2,"2011-03-10 19:05:00","2011-09-01 19:34:00",175,"Converted"
"14436",98,2,"2010-06-04 11:32:00","2011-09-02 10:13:00",455,"Converted"
"18027",98,1,"2011-09-02 10:38:00","2011-09-02 10:38:00",0,"Converted"
"17747",99,1,"2011-08-19 08:13:00","2011-08-31 13:29:00",12,"Converted"
"13631",99,11,"2011-03-17 17:13:00","2011-09-01 09:57:00",168,"Converted"
"12436",99,1,"2011-09-01 12:09:00","2011-09-01 12:09:00",0,"Converted"
"16780",99,3,"2010-10-28 19:41:00","2011-08-31 16:09:00",307,"Converted"
"13466",99,5,"2010-03-21 13:50:00","2011-08-31 15:29:00",528,"Converted"
"15260",99,25,"2009-12-06 11:45:00","2011-08-31 13:55:00",633,"Converted"
"16180",99,13,"2010-06-23 13:19:00","2011-08-31 16:28:00",434,"Converted"
"15625",99,9,"2010-06-15 15:23:00","2011-08-31 16:13:00",442,"Converted"
"17588",99,7,"2010-03-12 12:34:00","2011-08-31 13:37:00",537,"Converted"
"17320",99,6,"2010-01-21 16:29:00","2011-08-31 13:31:00",587,"Converted"
"15866",100,1,"2011-08-30 14:09:00","2011-08-30 14:09:00",0,"Converted"
"15596",100,9,"2010-07-28 11:46:00","2011-08-31 10:55:00",399,"Converted"
"14513",100,6,"2010-05-20 17:57:00","2011-08-31 11:25:00",468,"Converted"
"16083",100,4,"2010-11-16 11:53:00","2011-08-31 10:47:00",288,"Converted"
"17298",100,5,"2010-03-08 08:56:00","2011-08-30 16:43:00",540,"Converted"
"14078",101,9,"2010-03-28 15:05:00","2011-08-30 12:16:00",520,"Converted"
"12814",101,1,"2011-08-30 12:11:00","2011-08-30 12:11:00",0,"Converted"
"13778",102,4,"2010-05-23 13:34:00","2011-08-28 15:25:00",462,"Converted"
"16816",102,4,"2010-12-16 17:01:00","2011-08-28 14:16:00",255,"Converted"
"16806",102,4,"2011-04-14 19:59:00","2011-08-28 15:27:00",136,"Converted"
"15095",103,10,"2010-01-21 09:37:00","2011-08-28 12:01:00",584,"Converted"
"13301",103,4,"2011-02-20 13:13:00","2011-08-28 11:25:00",189,"Converted"
"15325",103,8,"2010-02-16 13:30:00","2011-08-28 11:55:00",558,"Converted"
"15569",103,10,"2010-02-28 10:55:00","2011-08-28 10:15:00",546,"Converted"
"14472",103,9,"2010-01-19 13:09:00","2011-08-28 11:01:00",586,"Converted"
"15641",104,12,"2009-12-06 15:31:00","2011-08-26 14:04:00",628,"Converted"
"15074",104,3,"2010-08-29 11:47:00","2011-08-26 14:45:00",362,"Converted"
"13489",104,4,"2011-02-18 10:42:00","2011-08-26 13:16:00",189,"Converted"
"18200",105,1,"2011-08-25 18:45:00","2011-08-25 18:45:00",0,"Converted"
"17189",105,5,"2009-12-02 11:45:00","2011-08-25 19:39:00",631,"Converted"
"13003",105,3,"2011-05-09 08:23:00","2011-08-26 10:50:00",109,"Converted"
"14055",105,3,"2009-12-16 15:11:00","2011-08-25 15:04:00",617,"Converted"
"15663",105,1,"2011-08-25 15:50:00","2011-08-25 15:50:00",0,"Converted"
"12715",105,1,"2011-08-25 15:22:00","2011-08-25 15:22:00",0,"Converted"
"16859",105,7,"2010-03-04 12:37:00","2011-08-25 14:12:00",539,"Converted"
"12624",105,2,"2011-06-15 12:34:00","2011-08-25 15:04:00",71,"Converted"
"17146",105,13,"2010-02-02 09:39:00","2011-08-26 12:44:00",570,"Converted"
"16429",105,1,"2011-08-25 13:54:00","2011-08-25 13:54:00",0,"Converted"
"16641",105,2,"2010-01-07 12:22:00","2011-08-26 12:49:00",596,"Converted"
"16340",106,3,"2010-06-06 13:26:00","2011-08-24 14:53:00",444,"Converted"
"17869",106,7,"2010-06-10 13:47:00","2011-08-24 16:16:00",440,"Converted"
"17134",106,3,"2010-09-23 18:32:00","2011-08-25 09:53:00",336,"Converted"
"17844",106,1,"2011-08-25 11:27:00","2011-08-25 11:27:00",0,"Converted"
"14973",106,3,"2011-04-28 12:22:00","2011-08-24 15:51:00",118,"Converted"
"14314",106,2,"2010-10-05 08:00:00","2011-08-25 10:39:00",324,"Converted"
"13000",106,4,"2009-12-14 17:03:00","2011-08-25 10:43:00",619,"Converted"
"14687",106,3,"2010-06-06 10:36:00","2011-08-25 11:59:00",445,"Converted"
"15263",106,1,"2011-08-25 10:26:00","2011-08-25 10:26:00",0,"Converted"
"14196",106,1,"2011-08-25 10:25:00","2011-08-25 10:25:00",0,"Converted"
"12649",106,8,"2010-01-12 17:24:00","2011-08-24 14:41:00",589,"Converted"
"15812",106,12,"2009-12-15 13:40:00","2011-08-24 14:19:00",617,"Converted"
"13411",106,1,"2011-08-24 13:57:00","2011-08-24 13:57:00",0,"Converted"
"14407",106,5,"2011-03-08 11:59:00","2011-08-24 14:02:00",169,"Converted"
"17256",106,5,"2010-04-18 13:40:00","2011-08-24 13:30:00",493,"Converted"
"16503",106,11,"2010-06-21 14:07:00","2011-08-25 11:46:00",430,"Converted"
"15800",106,7,"2010-03-31 13:17:00","2011-08-24 14:23:00",511,"Converted"
"16093",106,1,"2011-08-25 11:09:00","2011-08-25 11:09:00",0,"Converted"
"16536",106,1,"2011-08-21 15:54:00","2011-08-24 13:20:00",3,"Converted"
"13425",107,5,"2010-05-09 14:35:00","2011-08-23 17:13:00",471,"Converted"
"14301",107,4,"2010-02-11 13:07:00","2011-08-24 09:04:00",559,"Converted"
"12853",107,11,"2010-02-05 11:57:00","2011-08-24 11:00:00",565,"Converted"
"13593",107,14,"2010-03-02 16:36:00","2011-08-23 13:35:00",539,"Converted"
"16302",107,1,"2011-08-05 09:44:00","2011-08-24 09:25:00",19,"Converted"
"13140",107,5,"2010-08-05 19:05:00","2011-08-23 15:33:00",383,"Converted"
"17242",107,5,"2010-01-24 10:27:00","2011-08-23 14:55:00",576,"Converted"
"18018",107,4,"2010-10-15 11:05:00","2011-08-23 17:37:00",312,"Converted"
"14523",107,1,"2011-08-23 13:13:00","2011-08-23 13:13:00",0,"Converted"
"17268",107,11,"2009-12-08 11:46:00","2011-08-24 10:06:00",624,"Converted"
"16550",108,18,"2009-12-02 11:24:00","2011-08-23 11:12:00",629,"Converted"
"17083",108,9,"2009-12-11 13:41:00","2011-08-22 15:43:00",619,"Converted"
"14265",108,4,"2010-04-06 14:39:00","2011-08-22 13:32:00",503,"Converted"
"12593",108,3,"2011-05-05 09:29:00","2011-08-23 12:43:00",110,"Converted"
"14930",108,6,"2010-04-12 11:22:00","2011-08-23 10:31:00",498,"Converted"
"14364",108,8,"2011-05-12 12:56:00","2011-08-23 11:01:00",103,"Converted"
"17585",108,7,"2010-08-18 16:39:00","2011-08-22 13:30:00",369,"Converted"
"13933",108,2,"2011-07-14 13:35:00","2011-08-22 14:03:00",39,"Converted"
"14045",108,16,"2010-01-08 10:08:00","2011-08-22 15:27:00",591,"Converted"
"16952",108,5,"2009-12-11 13:52:00","2011-08-22 13:03:00",619,"Converted"
"14224",109,9,"2010-06-13 13:46:00","2011-08-21 13:24:00",434,"Converted"
"14013",109,5,"2009-12-07 18:09:00","2011-08-21 15:01:00",622,"Converted"
"12363",109,2,"2011-04-11 13:29:00","2011-08-22 10:18:00",133,"Converted"
"14460",109,9,"2009-12-15 19:06:00","2011-08-21 14:19:00",614,"Converted"
"15313",109,1,"2011-08-21 16:02:00","2011-08-21 16:02:00",0,"Converted"
"14246",110,3,"2011-04-08 08:25:00","2011-08-21 11:50:00",135,"Converted"
"14566",110,4,"2010-06-24 10:34:00","2011-08-21 11:05:00",423,"Converted"
"17029",110,7,"2010-02-14 10:19:00","2011-08-21 11:06:00",553,"Converted"
"16828",111,1,"2011-08-19 13:24:00","2011-08-19 13:24:00",0,"Converted"
"15938",111,9,"2010-06-01 09:42:00","2011-08-19 12:56:00",444,"Converted"
"12968",111,1,"2011-08-19 15:44:00","2011-08-19 15:44:00",0,"Converted"
"14772",111,1,"2011-08-19 15:04:00","2011-08-19 15:04:00",0,"Converted"
"13242",111,7,"2010-02-09 13:12:00","2011-08-19 12:53:00",556,"Converted"
"15232",112,2,"2011-07-22 12:21:00","2011-08-18 16:27:00",27,"Converted"
"15472",112,1,"2011-08-18 15:17:00","2011-08-18 15:17:00",0,"Converted"
"14745",112,12,"2010-03-12 10:33:00","2011-08-19 10:05:00",525,"Converted"
"15797",112,5,"2010-01-27 13:12:00","2011-08-18 17:04:00",568,"Converted"
"17045",112,5,"2010-10-06 14:52:00","2011-08-18 17:09:00",316,"Converted"
"15396",112,2,"2010-05-05 09:04:00","2011-08-19 10:56:00",471,"Converted"
"17742",112,11,"2009-12-01 13:16:00","2011-08-18 15:28:00",625,"Converted"
"16582",112,1,"2011-08-18 17:02:00","2011-08-18 17:02:00",0,"Converted"
"13273",112,1,"2011-08-18 14:02:00","2011-08-18 14:02:00",0,"Converted"
"12418",112,4,"2010-03-19 14:47:00","2011-08-19 11:08:00",518,"Converted"
"16419",112,8,"2010-02-09 13:26:00","2011-08-19 12:33:00",556,"Converted"
"13027",113,19,"2010-01-20 10:41:00","2011-08-18 09:39:00",575,"Converted"
"13655",113,6,"2010-04-27 09:59:00","2011-08-17 14:25:00",477,"Converted"
"17070",113,2,"2010-10-25 15:57:00","2011-08-17 17:01:00",296,"Converted"
"18178",113,11,"2010-02-18 14:25:00","2011-08-18 06:34:00",546,"Converted"
"18073",113,12,"2011-05-26 19:38:00","2011-08-17 14:02:00",83,"Converted"
"15541",113,1,"2011-08-17 14:58:00","2011-08-17 14:58:00",0,"Converted"
"12688",113,1,"2011-08-18 08:49:00","2011-08-18 08:49:00",0,"Converted"
"18248",113,2,"2011-06-06 13:18:00","2011-08-18 06:14:00",73,"Converted"
"12729",113,1,"2011-08-18 11:40:00","2011-08-18 11:40:00",0,"Converted"
"16755",113,7,"2009-12-09 14:25:00","2011-08-17 13:21:00",616,"Converted"
"15734",114,4,"2010-06-10 14:25:00","2011-08-17 10:50:00",433,"Converted"
"14323",114,2,"2011-04-15 11:44:00","2011-08-17 11:37:00",124,"Converted"
"12641",114,1,"2011-08-16 13:26:00","2011-08-16 13:26:00",0,"Converted"
"17398",114,3,"2011-03-29 13:04:00","2011-08-17 09:48:00",141,"Converted"
"17048",114,7,"2010-01-18 13:55:00","2011-08-16 14:51:00",575,"Converted"
"16927",115,3,"2010-12-13 11:57:00","2011-08-16 11:10:00",246,"Converted"
"15480",115,3,"2010-02-01 14:52:00","2011-08-15 14:32:00",560,"Converted"
"14006",115,7,"2010-02-25 09:45:00","2011-08-16 09:39:00",537,"Converted"
"15768",115,34,"2009-12-03 12:10:00","2011-08-16 10:48:00",621,"Converted"
"16961",115,3,"2009-12-04 09:37:00","2011-08-15 13:46:00",619,"Converted"
"15342",115,1,"2011-08-02 10:19:00","2011-08-15 16:20:00",13,"Converted"
"15002",115,9,"2010-01-12 11:40:00","2011-08-16 10:44:00",581,"Converted"
"14918",115,9,"2010-04-08 11:18:00","2011-08-16 11:50:00",495,"Converted"
"16902",115,1,"2011-08-15 14:17:00","2011-08-15 14:17:00",0,"Converted"
"16272",116,1,"2011-08-15 10:53:00","2011-08-15 10:54:00",0,"Converted"
"13116",116,1,"2011-07-24 14:33:00","2011-08-14 14:36:00",21,"Converted"
"12758",116,7,"2009-12-01 14:40:00","2011-08-15 10:22:00",622,"Converted"
"17958",116,2,"2009-12-11 15:37:00","2011-08-15 12:19:00",612,"Converted"
"18143",116,2,"2011-07-21 10:44:00","2011-08-15 12:07:00",25,"Converted"
"15624",116,4,"2011-03-28 13:32:00","2011-08-15 11:38:00",140,"Converted"
"13621",116,1,"2011-08-15 08:26:00","2011-08-15 08:26:00",0,"Converted"
"13720",116,4,"2011-03-30 09:17:00","2011-08-15 12:46:00",138,"Converted"
"13799",116,9,"2010-03-05 16:39:00","2011-08-15 12:07:00",528,"Converted"
"15683",116,2,"2010-08-23 12:01:00","2011-08-14 12:56:00",356,"Converted"
"17252",116,2,"2011-06-06 16:41:00","2011-08-15 09:45:00",70,"Converted"
"16292",116,5,"2010-04-14 13:29:00","2011-08-14 14:30:00",487,"Converted"
"12399",118,7,"2010-03-05 08:45:00","2011-08-12 13:15:00",525,"Converted"
"14855",118,7,"2010-04-08 10:30:00","2011-08-12 14:02:00",491,"Converted"
"17122",118,4,"2010-07-28 09:34:00","2011-08-12 14:33:00",380,"Converted"
"14406",118,1,"2011-08-12 16:54:00","2011-08-12 16:54:00",0,"Converted"
"16045",119,8,"2010-07-29 12:50:00","2011-08-12 12:41:00",379,"Converted"
"15192",119,5,"2010-01-29 10:13:00","2011-08-12 11:41:00",560,"Converted"
"13888",119,7,"2010-05-13 11:57:00","2011-08-12 10:13:00",456,"Converted"
"16317",119,5,"2010-05-04 10:17:00","2011-08-12 12:46:00",465,"Converted"
"13873",119,8,"2010-03-03 12:31:00","2011-08-12 10:08:00",527,"Converted"
"13307",119,3,"2010-04-26 13:28:00","2011-08-11 17:14:00",472,"Converted"
"17248",119,2,"2010-08-15 11:55:00","2011-08-11 13:34:00",361,"Converted"
"13645",119,1,"2011-08-11 16:11:00","2011-08-11 16:11:00",0,"Converted"
"17642",119,5,"2009-12-05 16:01:00","2011-08-12 09:11:00",615,"Converted"
"15689",119,3,"2010-04-01 09:53:00","2011-08-12 09:37:00",498,"Converted"
"13722",119,10,"2010-03-03 14:13:00","2011-08-11 15:26:00",526,"Converted"
"17429",120,5,"2010-10-06 12:30:00","2011-08-11 10:13:00",309,"Converted"
"13388",120,3,"2010-04-15 10:18:00","2011-08-10 13:35:00",482,"Converted"
"14346",120,5,"2010-07-30 10:44:00","2011-08-11 09:47:00",377,"Converted"
"12693",120,7,"2010-07-05 13:56:00","2011-08-11 09:16:00",402,"Converted"
"14024",121,3,"2010-11-14 10:51:00","2011-08-10 11:30:00",269,"Converted"
"12929",121,1,"2011-02-01 12:08:00","2011-08-09 14:30:00",189,"Converted"
"13280",121,7,"2010-03-05 09:07:00","2011-08-09 13:14:00",522,"Converted"
"13162",121,16,"2009-12-04 13:59:00","2011-08-09 15:59:00",613,"Converted"
"17994",121,11,"2010-03-29 10:37:00","2011-08-10 11:43:00",499,"Converted"
"15247",121,3,"2010-06-20 14:08:00","2011-08-09 12:52:00",415,"Converted"
"13355",121,1,"2011-08-09 14:48:00","2011-08-09 14:48:00",0,"Converted"
"13217",121,4,"2010-02-22 12:49:00","2011-08-09 15:32:00",533,"Converted"
"15985",122,7,"2010-05-27 15:51:00","2011-08-08 16:31:00",438,"Converted"
"16951",122,3,"2011-02-08 14:58:00","2011-08-08 13:25:00",181,"Converted"
"13869",122,10,"2010-01-17 14:53:00","2011-08-08 13:53:00",568,"Converted"
"14127",122,6,"2010-10-10 11:53:00","2011-08-09 10:49:00",303,"Converted"
"16788",122,5,"2010-02-07 12:40:00","2011-08-08 14:53:00",547,"Converted"
"17085",122,28,"2009-12-06 12:16:00","2011-08-08 14:15:00",610,"Converted"
"13752",123,7,"2010-06-30 10:23:00","2011-08-07 14:16:00",403,"Converted"
"14331",123,2,"2011-07-27 15:14:00","2011-08-07 13:17:00",11,"Converted"
"14053",123,4,"2010-08-10 11:02:00","2011-08-07 14:27:00",362,"Converted"
"17331",123,1,"2011-08-08 11:55:00","2011-08-08 11:55:00",0,"Converted"
"14079",124,1,"2011-08-07 12:10:00","2011-08-07 12:10:00",0,"Converted"
"13248",124,2,"2011-06-03 13:05:00","2011-08-07 12:40:00",65,"Converted"
"16174",125,7,"2010-04-15 15:12:00","2011-08-05 13:26:00",477,"Converted"
"17400",125,8,"2009-12-17 15:41:00","2011-08-05 15:38:00",596,"Converted"
"13082",125,21,"2009-12-22 15:37:00","2011-08-05 16:16:00",591,"Converted"
"14344",126,20,"2010-03-23 15:47:00","2011-08-04 13:51:00",499,"Converted"
"17457",126,14,"2009-12-07 14:52:00","2011-08-05 12:48:00",606,"Converted"
"13218",126,1,"2011-08-04 16:59:00","2011-08-04 16:59:00",0,"Converted"
"17692",126,12,"2010-06-17 11:14:00","2011-08-04 14:01:00",413,"Converted"
"13402",126,4,"2010-05-24 10:56:00","2011-08-04 15:51:00",437,"Converted"
"16572",126,3,"2011-03-09 12:04:00","2011-08-04 16:34:00",148,"Converted"
"17723",126,7,"2010-11-29 10:35:00","2011-08-04 18:37:00",248,"Converted"
"18099",126,1,"2011-08-04 15:52:00","2011-08-04 15:52:00",0,"Converted"
"17267",126,2,"2011-08-04 17:19:00","2011-08-04 17:22:00",0,"Converted"
"14778",126,2,"2011-02-04 11:43:00","2011-08-04 15:23:00",181,"Converted"
"15254",126,3,"2009-12-01 14:20:00","2011-08-04 15:04:00",611,"Converted"
"13513",126,3,"2010-02-22 16:36:00","2011-08-05 11:50:00",529,"Converted"
"17514",127,2,"2010-02-08 14:00:00","2011-08-03 15:45:00",541,"Converted"
"16835",127,6,"2010-05-19 08:41:00","2011-08-03 13:50:00",441,"Converted"
"15133",127,5,"2010-07-07 12:31:00","2011-08-04 10:44:00",393,"Converted"
"12643",127,11,"2010-04-07 14:16:00","2011-08-03 12:56:00",483,"Converted"
"12917",127,6,"2009-12-09 14:22:00","2011-08-03 16:42:00",602,"Converted"
"14972",127,2,"2010-11-23 16:17:00","2011-08-03 14:54:00",253,"Converted"
"16324",127,3,"2011-06-15 14:26:00","2011-08-03 12:58:00",49,"Converted"
"17887",128,1,"2011-08-02 17:29:00","2011-08-02 17:29:00",0,"Converted"
"17053",128,1,"2011-08-01 10:23:00","2011-08-03 10:55:00",2,"Converted"
"14076",128,1,"2011-08-02 15:19:00","2011-08-02 15:19:00",0,"Converted"
"15374",128,2,"2010-03-25 12:03:00","2011-08-03 09:59:00",496,"Converted"
"12750",128,1,"2011-08-03 09:13:00","2011-08-03 09:13:00",0,"Converted"
"13106",128,2,"2010-10-22 13:10:00","2011-08-03 11:50:00",285,"Converted"
"17353",128,4,"2010-01-26 11:38:00","2011-08-02 17:19:00",553,"Converted"
"15120",129,1,"2011-07-29 09:48:00","2011-08-02 10:05:00",4,"Converted"
"12644",129,4,"2010-01-14 13:02:00","2011-08-02 10:33:00",565,"Converted"
"14403",129,6,"2010-03-10 14:00:00","2011-08-01 12:57:00",509,"Converted"
"17615",129,6,"2010-08-11 12:54:00","2011-08-01 14:06:00",355,"Converted"
"17553",129,4,"2010-04-08 09:44:00","2011-08-02 10:00:00",481,"Converted"
"17282",129,5,"2010-06-09 12:07:00","2011-08-01 14:29:00",418,"Converted"
"13075",129,1,"2011-08-02 10:19:00","2011-08-02 10:19:00",0,"Converted"
"14133",129,4,"2009-12-06 12:10:00","2011-08-02 11:34:00",604,"Converted"
"12378",129,2,"2010-05-26 14:07:00","2011-08-02 10:34:00",433,"Converted"
"12534",130,1,"2011-08-01 10:26:00","2011-08-01 10:26:00",0,"Converted"
"12942",130,3,"2010-12-09 09:34:00","2011-07-31 14:39:00",234,"Converted"
"15438",130,1,"2011-07-31 14:19:00","2011-07-31 14:19:00",0,"Converted"
"17941",130,4,"2010-01-06 15:37:00","2011-08-01 08:30:00",572,"Converted"
"17695",131,5,"2010-01-28 09:27:00","2011-07-31 10:40:00",549,"Converted"
"14885",131,3,"2010-08-31 10:11:00","2011-07-31 12:05:00",334,"Converted"
"17926",132,5,"2010-05-09 14:07:00","2011-07-29 14:39:00",446,"Converted"
"15776",132,1,"2011-07-29 13:46:00","2011-07-29 13:46:00",0,"Converted"
"18064",132,11,"2010-02-01 15:01:00","2011-07-29 16:39:00",543,"Converted"
"17931",133,14,"2010-02-16 15:47:00","2011-07-28 18:33:00",527,"Converted"
"14143",133,1,"2011-07-29 09:48:00","2011-07-29 09:48:00",0,"Converted"
"15149",133,4,"2010-02-28 11:13:00","2011-07-29 10:58:00",516,"Converted"
"15245",133,8,"2010-04-23 14:23:00","2011-07-28 18:56:00",461,"Converted"
"16147",133,5,"2010-02-05 12:26:00","2011-07-29 09:57:00",539,"Converted"
"15118",133,1,"2011-07-28 14:54:00","2011-07-28 14:54:00",0,"Converted"
"18268",133,6,"2009-12-11 10:27:00","2011-07-28 19:13:00",594,"Converted"
"15942",133,1,"2011-07-29 09:01:00","2011-07-29 09:01:00",0,"Converted"
"12743",133,2,"2011-07-28 16:06:00","2011-07-28 16:21:00",0,"Converted"
"13414",133,6,"2009-12-08 17:10:00","2011-07-29 11:45:00",598,"Converted"
"12507",133,4,"2010-05-04 09:23:00","2011-07-28 17:09:00",450,"Converted"
"14002",133,2,"2011-07-06 14:59:00","2011-07-28 15:55:00",22,"Converted"
"12453",133,1,"2011-07-28 14:08:00","2011-07-28 14:08:00",0,"Converted"
"15639",133,3,"2010-04-13 13:11:00","2011-07-28 14:30:00",471,"Converted"
"15746",133,1,"2011-07-28 15:21:00","2011-07-28 15:27:00",0,"Converted"
"17649",134,3,"2010-08-24 13:01:00","2011-07-28 10:50:00",338,"Converted"
"18151",134,6,"2010-03-04 10:47:00","2011-07-28 11:35:00",511,"Converted"
"13420",134,2,"2011-06-22 11:35:00","2011-07-28 12:10:00",36,"Converted"
"16696",134,4,"2011-04-05 15:20:00","2011-07-27 14:23:00",113,"Converted"
"15261",134,4,"2010-10-01 11:59:00","2011-07-27 15:20:00",299,"Converted"
"13730",135,2,"2011-07-01 12:47:00","2011-07-27 08:35:00",26,"Converted"
"16447",135,3,"2010-02-17 14:09:00","2011-07-27 12:45:00",525,"Converted"
"13194",135,2,"2010-10-14 11:54:00","2011-07-27 09:01:00",286,"Converted"
"17693",135,1,"2011-07-25 15:48:00","2011-07-26 17:12:00",1,"Converted"
"13492",135,3,"2011-05-09 10:06:00","2011-07-26 14:25:00",78,"Converted"
"13296",136,6,"2010-05-11 14:29:00","2011-07-25 13:46:00",440,"Converted"
"14692",136,12,"2010-04-01 14:04:00","2011-07-25 15:08:00",480,"Converted"
"15855",136,6,"2010-08-20 17:15:00","2011-07-26 10:20:00",340,"Converted"
"15372",136,8,"2010-02-14 11:24:00","2011-07-25 16:39:00",526,"Converted"
"12763",137,2,"2010-12-05 15:46:00","2011-07-24 14:12:00",231,"Converted"
"14100",137,1,"2011-07-25 11:01:00","2011-07-25 11:01:00",0,"Converted"
"13037",137,12,"2009-12-03 17:04:00","2011-07-24 15:46:00",598,"Converted"
"17040",137,2,"2010-06-07 15:08:00","2011-07-25 10:19:00",413,"Converted"
"12864",137,2,"2010-07-19 17:22:00","2011-07-24 13:03:00",370,"Converted"
"13802",137,19,"2010-02-16 10:11:00","2011-07-24 13:26:00",523,"Converted"
"16178",137,2,"2010-11-03 14:46:00","2011-07-24 16:05:00",263,"Converted"
"17935",137,7,"2009-12-04 14:33:00","2011-07-24 13:18:00",597,"Converted"
"16305",138,1,"2011-07-24 12:18:00","2011-07-24 12:18:00",0,"Converted"
"16948",138,7,"2010-02-21 13:48:00","2011-07-24 12:46:00",518,"Converted"
"17265",138,2,"2011-06-12 12:00:00","2011-07-24 10:49:00",42,"Converted"
"17312",138,3,"2011-07-03 13:12:00","2011-07-24 11:52:00",21,"Converted"
"12916",138,7,"2010-01-24 11:26:00","2011-07-24 10:35:00",546,"Converted"
"15704",139,6,"2010-05-05 14:51:00","2011-07-22 13:35:00",443,"Converted"
"18262",139,3,"2010-04-16 09:05:00","2011-07-22 16:04:00",462,"Converted"
"17660",140,2,"2009-12-02 16:02:00","2011-07-21 13:37:00",596,"Converted"
"18146",140,2,"2011-05-03 16:35:00","2011-07-22 12:08:00",80,"Converted"
"15623",140,8,"2009-12-10 14:46:00","2011-07-21 17:26:00",588,"Converted"
"16866",140,3,"2011-07-01 12:34:00","2011-07-22 10:06:00",21,"Converted"
"14400",140,3,"2010-03-18 12:11:00","2011-07-21 18:05:00",490,"Converted"
"16654",140,8,"2010-04-06 13:29:00","2011-07-21 15:23:00",471,"Converted"
"15108",141,3,"2011-04-26 10:54:00","2011-07-21 10:24:00",86,"Converted"
"14259",141,1,"2011-07-21 10:44:00","2011-07-21 10:44:00",0,"Converted"
"17962",141,4,"2010-01-13 15:24:00","2011-07-20 14:16:00",553,"Converted"
"17694",141,3,"2010-05-26 08:27:00","2011-07-21 12:00:00",421,"Converted"
"17866",142,3,"2009-12-14 16:01:00","2011-07-20 11:09:00",583,"Converted"
"12521",142,1,"2011-07-20 10:51:00","2011-07-20 10:51:00",0,"Converted"
"12468",142,5,"2010-01-19 12:13:00","2011-07-19 13:42:00",546,"Converted"
"12510",142,7,"2009-12-04 13:47:00","2011-07-20 10:15:00",593,"Converted"
"16807",142,6,"2010-02-26 15:52:00","2011-07-20 12:00:00",509,"Converted"
"12875",142,5,"2010-01-11 12:37:00","2011-07-19 15:30:00",554,"Converted"
"16112",142,4,"2011-01-05 11:47:00","2011-07-19 14:28:00",195,"Converted"
"15713",142,4,"2009-12-16 09:41:00","2011-07-19 13:34:00",580,"Converted"
"14117",143,1,"2011-07-19 09:49:00","2011-07-19 09:49:00",0,"Converted"
"12947",143,6,"2010-12-01 16:21:00","2011-07-19 10:06:00",230,"Converted"
"18087",143,16,"2009-12-01 09:43:00","2011-07-18 13:49:00",594,"Converted"
"12840",143,7,"2010-02-03 14:51:00","2011-07-19 09:29:00",531,"Converted"
"16054",144,4,"2010-04-01 18:37:00","2011-07-17 13:08:00",472,"Converted"
"12833",144,1,"2011-07-17 13:46:00","2011-07-17 13:46:00",0,"Converted"
"14758",144,7,"2010-04-08 08:27:00","2011-07-18 08:21:00",466,"Converted"
"16398",144,2,"2011-03-31 09:38:00","2011-07-18 10:14:00",109,"Converted"
"17984",144,5,"2009-12-01 11:51:00","2011-07-17 15:59:00",593,"Converted"
"13821",144,6,"2010-01-04 13:36:00","2011-07-18 09:49:00",560,"Converted"
"15716",145,11,"2009-12-07 12:42:00","2011-07-17 11:59:00",587,"Converted"
"13967",145,2,"2010-11-08 13:24:00","2011-07-17 12:02:00",251,"Converted"
"15004",146,1,"2011-07-15 14:05:00","2011-07-15 14:05:00",0,"Converted"
"14958",146,6,"2009-12-03 16:02:00","2011-07-15 14:20:00",589,"Converted"
"14722",146,3,"2010-08-10 13:28:00","2011-07-15 14:58:00",339,"Converted"
"17948",146,1,"2011-07-15 12:58:00","2011-07-15 12:58:00",0,"Converted"
"14461",147,13,"2010-01-18 12:48:00","2011-07-14 17:11:00",542,"Converted"
"17259",147,6,"2010-02-22 13:38:00","2011-07-14 15:01:00",507,"Converted"
"12815",147,2,"2011-05-25 13:34:00","2011-07-15 10:21:00",51,"Converted"
"14891",147,4,"2010-09-29 12:41:00","2011-07-14 18:08:00",288,"Converted"
"17440",147,4,"2010-06-08 14:40:00","2011-07-15 10:36:00",402,"Converted"
"13667",148,1,"2011-07-13 15:42:00","2011-07-13 15:42:00",0,"Converted"
"15256",148,2,"2010-05-27 11:41:00","2011-07-14 11:47:00",413,"Converted"
"14847",148,3,"2010-05-24 12:29:00","2011-07-14 10:52:00",416,"Converted"
"15402",148,6,"2010-04-27 12:12:00","2011-07-14 12:17:00",443,"Converted"
"12405",148,1,"2011-07-14 08:52:00","2011-07-14 08:52:00",0,"Converted"
"12915",148,4,"2010-04-29 19:36:00","2011-07-14 11:34:00",441,"Converted"
"18121",148,2,"2011-07-08 12:14:00","2011-07-13 12:53:00",5,"Converted"
"12653",148,3,"2010-07-01 09:56:00","2011-07-14 10:41:00",378,"Converted"
"16450",149,3,"2009-12-10 19:05:00","2011-07-13 11:47:00",580,"Converted"
"14483",149,2,"2009-12-03 10:16:00","2011-07-13 09:45:00",587,"Converted"
"16998",149,5,"2010-09-21 14:39:00","2011-07-13 09:44:00",295,"Converted"
"15795",149,8,"2010-01-18 11:31:00","2011-07-13 10:43:00",541,"Converted"
"15895",149,1,"2011-07-13 10:27:00","2011-07-13 10:27:00",0,"Converted"
"14548",150,9,"2009-12-06 14:00:00","2011-07-12 12:19:00",583,"Converted"
"15265",150,4,"2009-12-01 17:08:00","2011-07-11 14:46:00",587,"Converted"
"18142",150,2,"2011-05-08 12:31:00","2011-07-11 13:34:00",64,"Converted"
"18193",150,3,"2010-09-23 13:33:00","2011-07-12 10:56:00",292,"Converted"
"12669",150,2,"2011-03-28 10:15:00","2011-07-12 09:54:00",106,"Converted"
"12717",150,3,"2010-04-28 14:34:00","2011-07-11 14:47:00",439,"Converted"
"13745",150,2,"2010-06-11 17:19:00","2011-07-11 14:21:00",395,"Converted"
"17337",150,4,"2011-02-02 17:06:00","2011-07-11 14:56:00",159,"Converted"
"13675",150,2,"2011-02-28 12:14:00","2011-07-11 12:57:00",133,"Converted"
"14267",150,3,"2009-12-08 19:09:00","2011-07-12 11:11:00",581,"Converted"
"15577",150,5,"2009-12-13 16:17:00","2011-07-11 17:03:00",575,"Converted"
"15045",151,2,"2011-03-27 11:44:00","2011-07-11 11:33:00",106,"Converted"
"17126",151,9,"2010-08-31 13:41:00","2011-07-10 13:52:00",313,"Converted"
"13678",151,1,"2011-07-11 10:14:00","2011-07-11 10:14:00",0,"Converted"
"13754",151,3,"2010-09-28 15:29:00","2011-07-11 11:51:00",286,"Converted"
"17444",151,2,"2011-06-20 09:04:00","2011-07-11 10:33:00",21,"Converted"
"14552",151,3,"2010-04-26 13:44:00","2011-07-11 12:49:00",441,"Converted"
"17787",152,4,"2010-12-03 13:43:00","2011-07-10 11:24:00",219,"Converted"
"18024",152,2,"2011-07-10 12:28:00","2011-07-10 12:40:00",0,"Converted"
"13338",153,4,"2010-01-05 12:25:00","2011-07-08 14:53:00",549,"Converted"
"14016",153,11,"2010-01-08 14:12:00","2011-07-08 14:27:00",546,"Converted"
"15920",153,8,"2009-12-14 13:09:00","2011-07-08 15:25:00",571,"Converted"
"18037",153,15,"2009-12-01 13:48:00","2011-07-08 13:39:00",584,"Converted"
"14905",153,8,"2009-12-03 14:36:00","2011-07-08 13:36:00",582,"Converted"
"15182",153,11,"2010-01-29 14:48:00","2011-07-08 13:37:00",525,"Converted"
"13955",153,3,"2010-11-29 17:35:00","2011-07-08 17:19:00",221,"Converted"
"14021",154,7,"2010-04-26 11:22:00","2011-07-07 15:46:00",437,"Converted"
"13302",154,2,"2010-07-01 12:32:00","2011-07-07 17:56:00",371,"Converted"
"14264",154,6,"2010-04-07 13:21:00","2011-07-08 10:20:00",457,"Converted"
"12648",154,4,"2010-01-07 18:38:00","2011-07-08 11:55:00",547,"Converted"
"18013",154,2,"2011-07-07 14:08:00","2011-07-07 14:11:00",0,"Converted"
"13699",154,2,"2010-06-07 13:03:00","2011-07-07 16:51:00",395,"Converted"
"18072",154,1,"2011-06-07 10:44:00","2011-07-07 17:22:00",30,"Converted"
"16581",154,1,"2011-06-10 10:05:00","2011-07-07 15:50:00",27,"Converted"
"14104",154,5,"2010-05-28 16:11:00","2011-07-08 12:50:00",406,"Converted"
"14459",154,2,"2010-02-26 13:26:00","2011-07-07 13:35:00",496,"Converted"
"16091",154,2,"2011-05-25 09:18:00","2011-07-08 08:45:00",44,"Converted"
"12461",154,1,"2011-07-08 10:23:00","2011-07-08 10:23:00",0,"Converted"
"15512",155,4,"2010-02-01 13:23:00","2011-07-07 10:20:00",521,"Converted"
"12980",155,21,"2009-12-02 11:26:00","2011-07-07 11:42:00",582,"Converted"
"13291",155,11,"2010-02-11 18:36:00","2011-07-07 10:36:00",511,"Converted"
"15581",155,34,"2009-12-02 12:19:00","2011-07-06 14:04:00",581,"Converted"
"12450",155,5,"2010-08-22 13:11:00","2011-07-06 14:41:00",318,"Converted"
"16919",155,24,"2010-08-19 15:28:00","2011-07-06 13:35:00",321,"Converted"
"12977",155,4,"2010-07-16 16:25:00","2011-07-06 16:40:00",355,"Converted"
"13583",155,2,"2010-01-29 13:53:00","2011-07-07 10:40:00",524,"Converted"
"14645",156,3,"2010-03-15 11:33:00","2011-07-06 09:15:00",478,"Converted"
"16829",156,2,"2010-11-16 18:11:00","2011-07-06 10:48:00",232,"Converted"
"16146",156,4,"2010-09-17 10:46:00","2011-07-05 14:20:00",291,"Converted"
"13253",156,4,"2010-01-05 12:13:00","2011-07-06 10:09:00",547,"Converted"
"16338",156,1,"2011-07-05 13:56:00","2011-07-05 13:56:00",0,"Converted"
"18203",156,4,"2009-12-08 13:19:00","2011-07-05 13:07:00",574,"Converted"
"17341",156,5,"2010-06-17 18:17:00","2011-07-06 12:33:00",384,"Converted"
"17046",156,5,"2010-03-29 13:46:00","2011-07-05 14:24:00",463,"Converted"
"15334",156,3,"2011-06-19 13:51:00","2011-07-06 11:22:00",17,"Converted"
"15889",156,8,"2009-12-10 12:21:00","2011-07-06 11:10:00",573,"Converted"
"14352",156,4,"2011-03-11 14:58:00","2011-07-05 15:41:00",116,"Converted"
"13826",157,1,"2011-06-16 13:48:00","2011-07-04 16:27:00",18,"Converted"
"14338",157,3,"2010-06-21 10:32:00","2011-07-04 16:00:00",378,"Converted"
"15646",157,5,"2010-10-25 13:06:00","2011-07-05 09:53:00",253,"Converted"
"15349",157,2,"2011-06-05 15:46:00","2011-07-04 16:06:00",29,"Converted"
"13085",157,8,"2009-12-01 07:45:00","2011-07-05 12:11:00",581,"Converted"
"17464",157,3,"2010-03-30 13:15:00","2011-07-04 13:19:00",461,"Converted"
"16344",157,4,"2010-02-09 12:16:00","2011-07-04 15:50:00",510,"Converted"
"13833",158,2,"2010-10-31 14:11:00","2011-07-03 13:27:00",245,"Converted"
"17765",158,4,"2010-09-17 12:45:00","2011-07-04 12:41:00",290,"Converted"
"17105",158,2,"2011-02-06 14:46:00","2011-07-03 15:53:00",147,"Converted"
"17781",158,2,"2011-03-31 19:54:00","2011-07-03 16:00:00",94,"Converted"
"15007",158,1,"2011-07-03 16:00:00","2011-07-03 16:00:00",0,"Converted"
"17899",158,1,"2011-07-03 14:58:00","2011-07-03 14:58:00",0,"Converted"
"17939",159,1,"2011-07-03 12:27:00","2011-07-03 12:27:00",0,"Converted"
"15483",160,10,"2010-01-24 15:42:00","2011-07-01 13:07:00",523,"Converted"
"16498",160,2,"2011-06-30 19:52:00","2011-07-01 15:07:00",1,"Converted"
"12922",160,1,"2011-07-01 15:35:00","2011-07-01 15:35:00",0,"Converted"
"17123",161,3,"2010-05-16 11:52:00","2011-07-01 10:47:00",411,"Converted"
"14803",161,3,"2011-02-20 13:21:00","2011-06-30 13:58:00",130,"Converted"
"17891",161,1,"2011-06-30 20:08:00","2011-06-30 20:08:00",0,"Converted"
"15578",161,1,"2011-06-30 13:03:00","2011-06-30 13:03:00",0,"Converted"
"17505",161,5,"2010-04-13 16:33:00","2011-07-01 12:50:00",444,"Converted"
"16553",162,33,"2010-02-11 18:46:00","2011-06-29 15:42:00",503,"Converted"
"16801",162,4,"2011-03-11 13:56:00","2011-06-29 15:33:00",110,"Converted"
"14327",162,6,"2010-01-08 14:04:00","2011-06-29 13:58:00",537,"Converted"
"12424",162,4,"2009-12-07 14:43:00","2011-06-30 12:06:00",570,"Converted"
"15537",162,1,"2011-06-29 13:10:00","2011-06-29 13:10:00",0,"Converted"
"17408",162,3,"2010-07-13 14:02:00","2011-06-29 12:53:00",351,"Converted"
"17391",163,2,"2011-06-28 12:21:00","2011-06-29 09:58:00",1,"Converted"
"15976",164,6,"2010-06-06 14:01:00","2011-06-27 13:00:00",386,"Converted"
"16545",164,2,"2010-11-29 10:39:00","2011-06-28 10:37:00",211,"Converted"
"14351",164,1,"2011-06-28 11:56:00","2011-06-28 11:56:00",0,"Converted"
"13300",164,3,"2010-05-14 15:56:00","2011-06-28 11:59:00",410,"Converted"
"16473",164,4,"2010-11-30 16:29:00","2011-06-28 09:10:00",210,"Converted"
"17900",164,2,"2011-06-02 14:28:00","2011-06-28 12:09:00",26,"Converted"
"13656",164,4,"2010-04-23 12:50:00","2011-06-28 10:31:00",431,"Converted"
"14481",164,5,"2010-01-31 12:43:00","2011-06-28 10:38:00",513,"Converted"
"17110",164,3,"2010-04-08 13:32:00","2011-06-27 12:58:00",445,"Converted"
"15146",164,2,"2011-02-21 13:07:00","2011-06-28 12:09:00",127,"Converted"
"12493",165,2,"2011-05-26 14:53:00","2011-06-27 10:17:00",32,"Converted"
"17980",165,4,"2010-11-11 14:42:00","2011-06-27 12:01:00",228,"Converted"
"15644",165,4,"2011-03-23 15:37:00","2011-06-26 14:54:00",95,"Converted"
"13453",165,3,"2010-11-02 13:23:00","2011-06-27 09:34:00",237,"Converted"
"17969",165,20,"2009-12-06 13:41:00","2011-06-26 13:00:00",567,"Converted"
"14795",165,1,"2011-06-26 13:04:00","2011-06-26 13:04:00",0,"Converted"
"12548",165,1,"2011-06-26 15:35:00","2011-06-26 15:35:00",0,"Converted"
"15104",166,2,"2011-03-02 14:16:00","2011-06-26 11:35:00",116,"Converted"
"15665",167,5,"2010-03-14 15:07:00","2011-06-24 14:57:00",467,"Converted"
"12809",167,3,"2010-03-02 14:19:00","2011-06-24 15:15:00",479,"Converted"
"13856",168,11,"2010-03-30 15:40:00","2011-06-24 10:03:00",451,"Converted"
"13937",168,2,"2010-11-02 12:37:00","2011-06-23 16:35:00",233,"Converted"
"14656",168,5,"2010-04-15 12:10:00","2011-06-23 13:51:00",434,"Converted"
"17704",168,2,"2011-04-14 09:28:00","2011-06-24 09:40:00",71,"Converted"
"13929",168,11,"2010-01-14 07:25:00","2011-06-23 15:26:00",525,"Converted"
"17204",168,9,"2010-06-10 11:37:00","2011-06-23 13:54:00",378,"Converted"
"15258",168,2,"2011-05-06 14:16:00","2011-06-24 12:30:00",49,"Converted"
"15379",168,8,"2010-11-04 11:59:00","2011-06-23 13:13:00",231,"Converted"
"14584",168,8,"2010-02-17 14:01:00","2011-06-23 18:33:00",491,"Converted"
"15384",169,4,"2010-04-26 12:38:00","2011-06-23 10:57:00",423,"Converted"
"16247",169,1,"2011-06-22 14:23:00","2011-06-22 14:23:00",0,"Converted"
"14998",169,4,"2010-04-13 16:07:00","2011-06-22 17:30:00",435,"Converted"
"17709",169,5,"2010-04-15 14:48:00","2011-06-23 11:55:00",434,"Converted"
"17877",169,1,"2011-06-22 13:00:00","2011-06-22 13:00:00",0,"Converted"
"16647",169,4,"2010-06-13 15:52:00","2011-06-23 11:47:00",375,"Converted"
"15041",169,2,"2010-09-21 13:16:00","2011-06-22 16:16:00",274,"Converted"
"14643",169,5,"2009-12-11 11:52:00","2011-06-22 14:41:00",558,"Converted"
"16287",169,5,"2010-01-19 09:46:00","2011-06-23 09:08:00",520,"Converted"
"15130",169,1,"2011-06-23 10:15:00","2011-06-23 10:15:00",0,"Converted"
"17630",169,2,"2011-04-21 14:03:00","2011-06-23 11:58:00",63,"Converted"
"15412",170,1,"2011-06-21 15:24:00","2011-06-21 15:24:00",0,"Converted"
"13936",170,3,"2010-10-21 14:21:00","2011-06-21 17:44:00",243,"Converted"
"16214",170,4,"2010-09-30 13:57:00","2011-06-22 11:30:00",265,"Converted"
"16114",170,1,"2011-06-22 10:13:00","2011-06-22 10:13:00",0,"Converted"
"17960",170,3,"2010-03-08 12:22:00","2011-06-21 14:15:00",470,"Converted"
"15825",171,1,"2011-06-20 13:27:00","2011-06-20 13:27:00",0,"Converted"
"15700",171,2,"2011-06-19 15:36:00","2011-06-20 16:53:00",1,"Converted"
"16526",171,2,"2010-05-04 16:34:00","2011-06-21 12:02:00",413,"Converted"
"15280",171,3,"2010-05-17 14:17:00","2011-06-20 17:14:00",399,"Converted"
"15389",171,5,"2010-01-27 12:44:00","2011-06-20 16:18:00",509,"Converted"
"15507",171,1,"2011-06-21 11:19:00","2011-06-21 11:19:00",0,"Converted"
"16739",171,2,"2010-06-21 09:38:00","2011-06-20 17:15:00",364,"Converted"
"16320",171,6,"2010-01-27 13:29:00","2011-06-20 15:25:00",509,"Converted"
"17897",172,9,"2010-05-12 16:03:00","2011-06-20 11:23:00",404,"Converted"
"18260",172,23,"2009-12-15 13:50:00","2011-06-20 12:37:00",552,"Converted"
"15016",172,5,"2010-06-14 13:06:00","2011-06-20 12:06:00",371,"Converted"
"15076",172,3,"2010-07-05 14:11:00","2011-06-20 08:23:00",350,"Converted"
"18062",172,6,"2010-04-21 08:55:00","2011-06-19 14:47:00",424,"Converted"
"15535",172,6,"2010-09-16 20:04:00","2011-06-19 16:02:00",276,"Converted"
"12837",172,2,"2010-05-19 15:10:00","2011-06-19 16:07:00",396,"Converted"
"15921",172,4,"2010-03-09 11:03:00","2011-06-20 11:03:00",468,"Converted"
"13343",172,1,"2011-06-15 12:24:00","2011-06-20 11:37:00",5,"Converted"
"13568",172,1,"2011-06-19 14:42:00","2011-06-19 14:42:00",0,"Converted"
"16050",173,3,"2010-11-03 15:55:00","2011-06-19 11:44:00",228,"Converted"
"13618",173,1,"2011-06-19 11:09:00","2011-06-19 11:09:00",0,"Converted"
"17616",173,4,"2010-09-14 10:43:00","2011-06-19 10:11:00",278,"Converted"
"16805",173,4,"2009-12-14 15:17:00","2011-06-19 11:23:00",552,"Converted"
"17879",173,1,"2011-06-19 12:36:00","2011-06-19 12:36:00",0,"Converted"
"16484",173,2,"2011-06-02 10:39:00","2011-06-19 12:06:00",17,"Converted"
"14162",173,2,"2011-02-20 12:32:00","2011-06-19 11:36:00",119,"Converted"
"13005",173,4,"2010-09-08 12:52:00","2011-06-19 10:53:00",284,"Converted"
"15909",173,1,"2011-06-19 10:38:00","2011-06-19 10:38:00",0,"Converted"
"14491",174,2,"2010-12-02 12:10:00","2011-06-17 15:22:00",197,"Converted"
"18168",175,16,"2009-12-03 17:29:00","2011-06-16 19:21:00",560,"Converted"
"12908",175,5,"2010-03-19 15:59:00","2011-06-16 15:39:00",454,"Converted"
"13951",175,3,"2011-02-18 15:21:00","2011-06-16 16:43:00",118,"Converted"
"15219",175,2,"2010-03-01 11:33:00","2011-06-16 16:57:00",472,"Converted"
"14245",175,2,"2011-03-21 10:41:00","2011-06-16 14:33:00",87,"Converted"
"14037",175,6,"2009-12-07 11:39:00","2011-06-16 13:57:00",556,"Converted"
"16257",176,1,"2011-06-16 10:11:00","2011-06-16 10:11:00",0,"Converted"
"17446",176,2,"2011-02-02 14:40:00","2011-06-16 10:42:00",134,"Converted"
"17536",176,3,"2010-01-26 12:00:00","2011-06-15 13:23:00",505,"Converted"
"18165",176,1,"2011-06-15 13:23:00","2011-06-15 13:23:00",0,"Converted"
"15585",176,1,"2011-06-16 08:38:00","2011-06-16 08:38:00",0,"Converted"
"14222",176,1,"2011-06-15 16:42:00","2011-06-15 16:42:00",0,"Converted"
"16276",176,3,"2010-04-11 12:02:00","2011-06-16 09:34:00",431,"Converted"
"15912",177,9,"2009-12-10 12:58:00","2011-06-14 14:29:00",551,"Converted"
"17179",177,6,"2010-05-26 11:22:00","2011-06-14 16:48:00",384,"Converted"
"17749",177,3,"2010-06-11 14:56:00","2011-06-14 15:45:00",368,"Converted"
"15574",177,6,"2010-09-01 14:37:00","2011-06-15 12:01:00",287,"Converted"
"12818",177,1,"2011-03-23 12:06:00","2011-06-14 13:54:00",83,"Converted"
"16644",177,2,"2011-05-11 12:53:00","2011-06-15 12:39:00",35,"Converted"
"16461",177,3,"2010-03-03 13:57:00","2011-06-15 12:07:00",469,"Converted"
"15643",178,3,"2011-03-02 14:34:00","2011-06-13 17:19:00",103,"Converted"
"13080",178,4,"2010-04-09 13:07:00","2011-06-13 14:59:00",430,"Converted"
"15069",178,1,"2011-06-13 14:16:00","2011-06-13 14:16:00",0,"Converted"
"13476",178,5,"2010-03-05 09:39:00","2011-06-14 12:00:00",466,"Converted"
"14231",178,4,"2010-09-15 09:52:00","2011-06-13 15:35:00",271,"Converted"
"13663",178,5,"2010-03-03 10:11:00","2011-06-13 15:44:00",467,"Converted"
"17349",178,5,"2010-03-18 14:26:00","2011-06-13 14:29:00",452,"Converted"
"14573",179,13,"2010-01-08 16:34:00","2011-06-13 11:15:00",521,"Converted"
"12732",179,1,"2011-06-13 11:33:00","2011-06-13 11:33:00",0,"Converted"
"14823",179,3,"2011-05-29 12:48:00","2011-06-12 13:12:00",14,"Converted"
"17795",179,2,"2011-03-20 12:02:00","2011-06-13 12:36:00",85,"Converted"
"14450",180,7,"2010-04-08 12:09:00","2011-06-12 10:46:00",430,"Converted"
"18281",180,2,"2010-05-11 10:49:00","2011-06-12 10:53:00",397,"Converted"
"15098",181,3,"2011-06-10 15:22:00","2011-06-10 15:39:00",0,"Converted"
"17234",182,1,"2011-06-10 11:20:00","2011-06-10 11:20:00",0,"Converted"
"13462",182,5,"2009-12-14 09:48:00","2011-06-09 19:53:00",542,"Converted"
"15609",182,1,"2011-06-08 13:00:00","2011-06-10 09:55:00",2,"Converted"
"16113",182,1,"2011-06-09 16:16:00","2011-06-09 16:16:00",0,"Converted"
"13533",182,3,"2011-03-17 12:47:00","2011-06-10 11:54:00",85,"Converted"
"13900",182,6,"2010-03-25 13:46:00","2011-06-09 19:26:00",441,"Converted"
"16614",182,3,"2010-05-10 15:18:00","2011-06-10 11:36:00",396,"Converted"
"13686",182,3,"2010-11-03 13:44:00","2011-06-10 09:10:00",219,"Converted"
"12802",183,5,"2010-05-25 09:34:00","2011-06-09 09:44:00",380,"Converted"
"15780",183,3,"2010-12-17 11:43:00","2011-06-09 12:01:00",174,"Converted"
"16832",183,5,"2010-09-07 12:35:00","2011-06-08 15:36:00",274,"Converted"
"13811",183,2,"2011-04-14 18:40:00","2011-06-09 09:54:00",56,"Converted"
"14241",183,2,"2010-01-12 15:11:00","2011-06-09 11:46:00",513,"Converted"
"17124",184,1,"2011-06-07 14:02:00","2011-06-07 14:02:00",0,"Converted"
"17854",184,6,"2009-12-08 11:13:00","2011-06-07 16:21:00",546,"Converted"
"17987",184,5,"2010-06-07 11:23:00","2011-06-07 14:22:00",365,"Converted"
"13395",184,3,"2010-10-14 13:00:00","2011-06-07 15:04:00",236,"Converted"
"17409",184,10,"2009-12-11 12:17:00","2011-06-08 10:36:00",544,"Converted"
"16763",184,2,"2009-12-01 15:26:00","2011-06-07 14:24:00",553,"Converted"
"14625",184,11,"2009-12-11 14:10:00","2011-06-07 15:40:00",543,"Converted"
"17874",184,6,"2011-03-29 11:25:00","2011-06-07 12:54:00",70,"Converted"
"14622",184,1,"2011-06-08 12:42:00","2011-06-08 12:42:00",0,"Converted"
"17026",184,3,"2010-10-18 15:22:00","2011-06-07 14:28:00",232,"Converted"
"14375",184,3,"2010-06-16 14:34:00","2011-06-07 13:44:00",356,"Converted"
"17707",184,8,"2009-12-07 12:19:00","2011-06-07 15:03:00",547,"Converted"
"16955",184,6,"2009-12-01 12:44:00","2011-06-08 10:36:00",554,"Converted"
"12383",184,5,"2010-12-22 14:28:00","2011-06-08 08:02:00",168,"Converted"
"14867",185,16,"2009-12-05 15:47:00","2011-06-07 11:39:00",549,"Converted"
"12891",185,11,"2010-02-18 14:32:00","2011-06-07 12:31:00",474,"Converted"
"15386",185,1,"2011-06-06 13:47:00","2011-06-06 13:47:00",0,"Converted"
"14542",185,1,"2011-06-07 08:19:00","2011-06-07 08:19:00",0,"Converted"
"16520",185,6,"2010-03-02 16:40:00","2011-06-06 13:24:00",461,"Converted"
"16611",185,6,"2010-03-10 16:07:00","2011-06-06 15:46:00",453,"Converted"
"12868",185,8,"2010-11-12 10:05:00","2011-06-07 10:42:00",207,"Converted"
"15852",186,3,"2010-07-01 10:16:00","2011-06-06 11:22:00",340,"Converted"
"16963",186,1,"2011-06-05 13:48:00","2011-06-05 13:48:00",0,"Converted"
"16883",186,19,"2009-12-04 12:07:00","2011-06-05 12:51:00",548,"Converted"
"16849",186,1,"2011-06-06 09:16:00","2011-06-06 09:16:00",0,"Converted"
"13682",186,1,"2011-06-05 14:06:00","2011-06-05 14:06:00",0,"Converted"
"17708",187,4,"2010-10-12 12:13:00","2011-06-05 10:12:00",236,"Converted"
"14512",187,7,"2009-12-07 13:49:00","2011-06-05 12:39:00",545,"Converted"
"14682",187,6,"2010-02-05 14:47:00","2011-06-05 12:12:00",485,"Converted"
"15405",188,2,"2010-05-12 15:56:00","2011-06-03 14:44:00",387,"Converted"
"16967",188,1,"2011-06-03 14:24:00","2011-06-03 14:24:00",0,"Converted"
"16659",188,1,"2011-06-03 15:03:00","2011-06-03 15:03:00",0,"Converted"
"15508",188,6,"2011-04-18 15:31:00","2011-06-03 15:43:00",46,"Converted"
"13885",188,2,"2011-05-23 08:52:00","2011-06-03 15:07:00",11,"Converted"
"13294",189,3,"2010-03-03 12:54:00","2011-06-03 08:54:00",457,"Converted"
"14453",189,1,"2011-06-02 14:15:00","2011-06-02 14:15:00",0,"Converted"
"15658",189,8,"2009-12-03 11:19:00","2011-06-02 15:22:00",546,"Converted"
"12601",189,6,"2010-10-31 10:57:00","2011-06-03 10:17:00",215,"Converted"
"12590",189,1,"2010-04-12 07:20:00","2011-06-02 14:25:00",416,"Converted"
"16117",189,3,"2010-04-27 11:50:00","2011-06-03 11:42:00",402,"Converted"
"16230",189,2,"2011-05-03 15:12:00","2011-06-03 10:06:00",31,"Converted"
"17531",189,3,"2009-12-08 17:30:00","2011-06-02 19:17:00",541,"Converted"
"17375",189,4,"2010-10-04 09:14:00","2011-06-02 17:30:00",241,"Converted"
"16529",189,4,"2010-06-27 13:29:00","2011-06-02 17:23:00",340,"Converted"
"17820",190,1,"2010-11-30 17:43:00","2011-06-01 15:14:00",183,"Converted"
"17472",190,4,"2010-03-21 13:27:00","2011-06-01 14:57:00",437,"Converted"
"16449",190,2,"2011-03-04 12:15:00","2011-06-02 11:07:00",90,"Converted"
"15918",190,3,"2010-03-18 11:40:00","2011-06-02 11:42:00",441,"Converted"
"17578",190,7,"2010-06-28 11:55:00","2011-06-02 11:42:00",339,"Converted"
"16424",190,2,"2010-11-22 11:24:00","2011-06-01 13:40:00",191,"Converted"
"14377",190,2,"2011-03-22 13:38:00","2011-06-01 13:32:00",71,"Converted"
"13475",190,4,"2011-02-14 12:36:00","2011-06-01 13:52:00",107,"Converted"
"13062",190,1,"2011-06-01 15:12:00","2011-06-01 15:12:00",0,"Converted"
"14740",190,11,"2010-02-25 11:40:00","2011-06-01 15:17:00",461,"Converted"
"13398",191,2,"2010-09-17 09:34:00","2011-05-31 13:17:00",256,"Converted"
"18231",191,28,"2010-01-10 12:13:00","2011-05-31 14:18:00",506,"Converted"
"13070",191,4,"2009-12-02 12:23:00","2011-05-31 13:45:00",545,"Converted"
"18190",191,5,"2009-12-22 12:05:00","2011-05-31 14:48:00",525,"Converted"
"17454",191,10,"2010-01-15 15:40:00","2011-05-31 13:58:00",501,"Converted"
"16483",191,1,"2011-05-31 13:08:00","2011-05-31 13:08:00",0,"Converted"
"16810",191,2,"2010-10-15 15:32:00","2011-05-31 15:32:00",228,"Converted"
"12790",191,2,"2010-10-25 13:04:00","2011-05-31 14:14:00",218,"Converted"
"16567",193,2,"2011-01-07 09:31:00","2011-05-29 13:57:00",142,"Converted"
"15925",193,1,"2011-05-29 15:35:00","2011-05-29 15:35:00",0,"Converted"
"17051",193,4,"2010-03-21 14:55:00","2011-05-29 14:13:00",434,"Converted"
"15897",193,2,"2011-05-29 13:32:00","2011-05-29 13:50:00",0,"Converted"
"17152",194,4,"2010-10-10 12:40:00","2011-05-29 12:19:00",231,"Converted"
"12426",194,2,"2010-02-15 08:41:00","2011-05-29 12:26:00",468,"Converted"
"16889",194,6,"2010-05-23 10:46:00","2011-05-29 11:05:00",371,"Converted"
"16323",195,2,"2010-05-11 09:48:00","2011-05-27 14:48:00",381,"Converted"
"16034",195,6,"2010-10-26 13:00:00","2011-05-27 16:17:00",213,"Converted"
"12999",195,3,"2011-04-08 10:26:00","2011-05-27 13:24:00",49,"Converted"
"16275",196,3,"2010-03-08 14:41:00","2011-05-27 12:41:00",445,"Converted"
"17550",196,9,"2010-02-07 15:07:00","2011-05-26 14:09:00",473,"Converted"
"13135",196,2,"2010-08-05 17:28:00","2011-05-27 10:52:00",295,"Converted"
"14828",196,13,"2009-12-07 11:19:00","2011-05-27 10:16:00",536,"Converted"
"13659",196,12,"2010-02-17 09:05:00","2011-05-26 19:56:00",463,"Converted"
"14816",196,1,"2011-05-26 13:16:00","2011-05-26 13:16:00",0,"Converted"
"16838",196,4,"2010-02-14 15:27:00","2011-05-26 13:13:00",466,"Converted"
"14280",196,1,"2011-05-27 10:37:00","2011-05-27 10:37:00",0,"Converted"
"15729",197,3,"2010-11-01 13:44:00","2011-05-25 16:43:00",205,"Converted"
"13479",197,4,"2010-08-19 16:18:00","2011-05-25 16:49:00",279,"Converted"
"16448",197,2,"2010-08-25 16:58:00","2011-05-25 16:28:00",273,"Converted"
"16356",197,6,"2010-06-06 11:26:00","2011-05-26 11:51:00",354,"Converted"
"14009",197,3,"2010-09-03 12:08:00","2011-05-25 15:47:00",264,"Converted"
"12974",197,2,"2010-05-23 11:45:00","2011-05-26 09:33:00",368,"Converted"
"12547",197,3,"2010-07-27 13:55:00","2011-05-26 12:38:00",303,"Converted"
"14985",197,2,"2010-12-16 19:51:00","2011-05-25 14:29:00",160,"Converted"
"17770",198,5,"2011-03-02 13:35:00","2011-05-25 12:34:00",84,"Converted"
"15042",198,2,"2010-04-23 14:01:00","2011-05-24 16:25:00",396,"Converted"
"14705",198,1,"2011-05-25 12:39:00","2011-05-25 12:39:00",0,"Converted"
"15314",198,3,"2010-10-07 15:41:00","2011-05-24 14:39:00",229,"Converted"
"15882",198,8,"2009-12-10 15:33:00","2011-05-25 11:35:00",531,"Converted"
"17955",198,6,"2010-02-12 16:27:00","2011-05-25 12:00:00",467,"Converted"
"13737",199,1,"2011-05-23 16:32:00","2011-05-23 16:32:00",0,"Converted"
"14817",199,7,"2009-12-08 18:52:00","2011-05-23 13:35:00",531,"Converted"
"18202",199,3,"2011-02-01 13:36:00","2011-05-24 12:12:00",112,"Converted"
"13223",199,6,"2010-02-12 13:27:00","2011-05-23 13:03:00",465,"Converted"
"13339",200,1,"2011-05-23 08:31:00","2011-05-23 08:31:00",0,"Converted"
"14647",200,2,"2010-07-04 13:27:00","2011-05-22 13:40:00",322,"Converted"
"15724",200,3,"2010-11-04 10:22:00","2011-05-22 14:40:00",199,"Converted"
"17715",200,2,"2010-04-26 12:17:00","2011-05-23 12:32:00",392,"Converted"
"15705",200,1,"2011-05-22 15:37:00","2011-05-22 15:37:00",0,"Converted"
"15292",200,1,"2011-05-22 15:00:00","2011-05-22 15:00:00",0,"Converted"
"13227",201,1,"2011-05-22 11:47:00","2011-05-22 11:47:00",0,"Converted"
"14195",201,6,"2010-03-15 17:12:00","2011-05-22 10:29:00",433,"Converted"
"17176",201,3,"2010-01-31 15:49:00","2011-05-22 12:41:00",476,"Converted"
"16226",202,5,"2010-10-22 11:19:00","2011-05-20 14:41:00",210,"Converted"
"13151",202,3,"2010-03-22 09:40:00","2011-05-20 12:55:00",424,"Converted"
"13243",202,5,"2010-03-18 13:10:00","2011-05-20 13:14:00",428,"Converted"
"18048",202,3,"2010-08-03 13:03:00","2011-05-20 14:58:00",290,"Converted"
"12353",203,2,"2010-10-27 12:44:00","2011-05-19 17:47:00",204,"Converted"
"13762",203,5,"2010-01-10 12:13:00","2011-05-19 15:23:00",494,"Converted"
"17455",203,1,"2011-05-20 12:31:00","2011-05-20 12:31:00",0,"Converted"
"13887",203,1,"2011-05-19 17:22:00","2011-05-19 17:22:00",0,"Converted"
"13391",203,1,"2011-05-20 10:50:00","2011-05-20 10:50:00",0,"Converted"
"15648",203,2,"2011-03-17 18:59:00","2011-05-19 15:53:00",63,"Converted"
"14620",203,2,"2011-03-01 08:30:00","2011-05-19 14:14:00",79,"Converted"
"13405",203,5,"2009-12-15 14:13:00","2011-05-19 16:31:00",520,"Converted"
"12897",204,4,"2010-06-14 11:58:00","2011-05-19 12:13:00",339,"Converted"
"17871",204,5,"2010-01-15 14:48:00","2011-05-19 11:32:00",489,"Converted"
"17245",204,2,"2010-01-19 15:39:00","2011-05-19 10:43:00",485,"Converted"
"13531",204,6,"2009-12-03 15:20:00","2011-05-18 16:56:00",531,"Converted"
"14896",204,8,"2009-12-06 12:42:00","2011-05-19 10:20:00",529,"Converted"
"18218",205,4,"2010-02-17 15:11:00","2011-05-17 14:16:00",454,"Converted"
"13572",205,1,"2011-05-18 11:59:00","2011-05-18 11:59:00",0,"Converted"
"17504",205,18,"2010-02-08 09:22:00","2011-05-17 12:59:00",463,"Converted"
"16446",205,1,"2011-05-18 09:52:00","2011-05-18 09:52:00",0,"Converted"
"12690",205,1,"2011-05-18 09:09:00","2011-05-18 09:09:00",0,"Converted"
"14000",205,5,"2009-12-02 09:50:00","2011-05-17 13:44:00",531,"Converted"
"17556",205,2,"2010-11-25 17:00:00","2011-05-18 10:48:00",174,"Converted"
"16116",205,1,"2011-05-12 12:01:00","2011-05-18 09:23:00",6,"Converted"
"14320",206,5,"2010-01-21 11:44:00","2011-05-17 09:24:00",481,"Converted"
"14489",206,4,"2010-04-06 09:52:00","2011-05-16 14:51:00",405,"Converted"
"13976",206,4,"2010-02-09 13:08:00","2011-05-17 09:13:00",462,"Converted"
"14888",206,1,"2011-05-16 14:58:00","2011-05-16 14:58:00",0,"Converted"
"15333",207,1,"2011-05-15 13:27:00","2011-05-15 13:27:00",0,"Converted"
"15813",207,2,"2011-04-14 09:09:00","2011-05-16 08:13:00",32,"Converted"
"17263",207,1,"2011-05-15 14:32:00","2011-05-15 14:32:00",0,"Converted"
"14689",208,1,"2011-05-15 11:22:00","2011-05-15 11:22:00",0,"Converted"
"14873",209,2,"2010-03-16 10:51:00","2011-05-13 13:52:00",423,"Converted"
"12857",210,6,"2010-01-25 15:37:00","2011-05-13 10:20:00",473,"Converted"
"17970",210,1,"2011-05-12 20:03:00","2011-05-12 20:03:00",0,"Converted"
"13952",210,14,"2009-12-16 09:41:00","2011-05-12 19:27:00",512,"Converted"
"16006",210,2,"2010-11-17 12:03:00","2011-05-12 13:12:00",176,"Converted"
"12770",210,2,"2010-04-07 10:44:00","2011-05-13 09:33:00",401,"Converted"
"16244",211,2,"2010-12-02 11:41:00","2011-05-12 10:18:00",161,"Converted"
"13052",211,7,"2010-02-23 12:31:00","2011-05-11 14:12:00",442,"Converted"
"14988",211,7,"2010-04-16 13:34:00","2011-05-12 12:05:00",391,"Converted"
"12976",211,8,"2010-02-12 15:46:00","2011-05-12 09:55:00",454,"Converted"
"18133",211,1,"2011-05-11 14:14:00","2011-05-11 14:14:00",0,"Converted"
"15732",211,10,"2010-02-04 10:10:00","2011-05-11 14:24:00",461,"Converted"
"13837",211,2,"2011-01-26 12:15:00","2011-05-12 12:10:00",106,"Converted"
"16943",211,3,"2011-01-25 14:00:00","2011-05-12 11:57:00",107,"Converted"
"12625",211,4,"2010-04-22 11:33:00","2011-05-12 09:54:00",385,"Converted"
"17889",211,7,"2010-03-31 10:54:00","2011-05-11 16:26:00",406,"Converted"
"14288",211,1,"2011-05-10 13:22:00","2011-05-11 15:17:00",1,"Converted"
"13235",211,1,"2011-05-11 17:13:00","2011-05-11 17:13:00",0,"Converted"
"16431",212,3,"2011-02-15 14:02:00","2011-05-10 14:09:00",84,"Converted"
"14920",212,3,"2010-05-23 15:25:00","2011-05-11 10:32:00",353,"Converted"
"15079",212,11,"2009-12-08 11:22:00","2011-05-11 12:45:00",519,"Converted"
"14149",212,1,"2011-05-03 09:44:00","2011-05-11 12:34:00",8,"Converted"
"15063",212,1,"2011-05-10 13:25:00","2011-05-10 13:25:00",0,"Converted"
"13990",212,1,"2011-05-10 15:19:00","2011-05-10 15:19:00",0,"Converted"
"14699",213,4,"2010-07-02 12:04:00","2011-05-09 14:54:00",311,"Converted"
"18120",213,1,"2011-05-09 13:45:00","2011-05-09 13:45:00",0,"Converted"
"12355",213,2,"2010-05-21 11:59:00","2011-05-09 13:49:00",353,"Converted"
"17597",213,5,"2010-05-05 15:33:00","2011-05-10 11:54:00",370,"Converted"
"12888",213,2,"2011-03-29 14:31:00","2011-05-09 16:02:00",41,"Converted"
"15381",213,5,"2010-05-05 14:35:00","2011-05-10 11:55:00",370,"Converted"
"16306",213,7,"2010-10-01 09:36:00","2011-05-10 12:12:00",221,"Converted"
"12821",213,2,"2010-04-07 15:14:00","2011-05-09 15:51:00",397,"Converted"
"16756",214,7,"2010-03-09 15:56:00","2011-05-09 09:33:00",426,"Converted"
"15092",214,3,"2010-09-03 12:33:00","2011-05-08 14:10:00",247,"Converted"
"14353",214,3,"2010-10-04 12:38:00","2011-05-08 16:06:00",216,"Converted"
"14161",215,7,"2009-12-13 11:46:00","2011-05-08 11:41:00",511,"Converted"
"13561",215,11,"2010-02-28 13:42:00","2011-05-08 12:39:00",434,"Converted"
"13642",215,4,"2010-10-03 12:23:00","2011-05-08 12:34:00",217,"Converted"
"17604",216,6,"2010-01-27 12:19:00","2011-05-06 13:43:00",464,"Converted"
"12414",216,4,"2010-09-02 12:22:00","2011-05-06 14:51:00",246,"Converted"
"18078",216,4,"2010-03-21 15:50:00","2011-05-06 14:32:00",411,"Converted"
"13723",216,6,"2010-04-07 14:32:00","2011-05-06 17:04:00",394,"Converted"
"15552",216,2,"2010-03-26 16:17:00","2011-05-06 14:47:00",406,"Converted"
"18183",217,2,"2011-03-10 10:08:00","2011-05-05 17:47:00",56,"Converted"
"15235",217,16,"2010-11-16 12:48:00","2011-05-06 09:44:00",171,"Converted"
"17174",217,1,"2011-05-06 11:47:00","2011-05-06 11:47:00",0,"Converted"
"14393",217,1,"2011-05-05 18:16:00","2011-05-05 18:16:00",0,"Converted"
"16319",217,1,"2011-05-06 11:27:00","2011-05-06 11:27:00",0,"Converted"
"17548",217,4,"2010-11-08 16:19:00","2011-05-06 10:00:00",179,"Converted"
"15759",217,7,"2009-12-02 10:08:00","2011-05-05 15:13:00",519,"Converted"
"15668",217,1,"2011-05-06 10:39:00","2011-05-06 10:39:00",0,"Converted"
"14199",217,4,"2010-06-27 12:13:00","2011-05-05 13:44:00",312,"Converted"
"14423",217,3,"2010-01-14 11:49:00","2011-05-05 15:12:00",476,"Converted"
"16457",217,1,"2011-05-05 13:19:00","2011-05-05 13:19:00",0,"Converted"
"14697",217,2,"2011-05-05 15:29:00","2011-05-05 15:39:00",0,"Converted"
"18227",217,2,"2010-08-12 16:45:00","2011-05-06 12:23:00",267,"Converted"
"17849",217,8,"2010-03-14 15:17:00","2011-05-05 13:46:00",417,"Converted"
"17646",218,12,"2009-12-16 09:37:00","2011-05-04 13:17:00",504,"Converted"
"17374",218,3,"2010-11-09 17:14:00","2011-05-05 09:05:00",177,"Converted"
"13731",218,2,"2011-04-07 10:10:00","2011-05-04 14:33:00",27,"Converted"
"14340",218,1,"2011-05-05 09:44:00","2011-05-05 09:44:00",0,"Converted"
"15147",218,1,"2011-04-13 15:57:00","2011-05-05 11:20:00",22,"Converted"
"17394",218,1,"2011-05-04 13:22:00","2011-05-04 13:22:00",0,"Converted"
"13711",218,9,"2009-12-01 14:01:00","2011-05-05 10:31:00",520,"Converted"
"16610",218,1,"2011-05-04 13:13:00","2011-05-04 13:13:00",0,"Converted"
"18239",218,6,"2010-10-13 10:11:00","2011-05-05 12:38:00",204,"Converted"
"16990",218,2,"2010-10-13 11:42:00","2011-05-05 08:30:00",204,"Converted"
"16109",218,3,"2010-01-10 10:37:00","2011-05-05 09:17:00",480,"Converted"
"16227",218,3,"2010-06-22 13:28:00","2011-05-04 16:27:00",316,"Converted"
"17443",219,1,"2011-05-04 10:47:00","2011-05-04 10:47:00",0,"Converted"
"18220",219,6,"2009-12-15 11:42:00","2011-05-04 11:23:00",505,"Converted"
"17501",220,2,"2011-05-03 09:46:00","2011-05-03 09:47:00",0,"Converted"
"16055",220,1,"2011-05-03 09:26:00","2011-05-03 09:26:00",0,"Converted"
"16634",222,6,"2010-01-21 09:30:00","2011-05-01 12:09:00",465,"Converted"
"14304",222,3,"2010-05-18 10:50:00","2011-05-01 11:50:00",348,"Converted"
"17893",224,1,"2011-04-28 13:50:00","2011-04-28 13:50:00",0,"Converted"
"17991",224,3,"2010-04-27 12:46:00","2011-04-28 15:58:00",366,"Converted"
"14022",224,2,"2010-08-10 09:38:00","2011-04-28 14:39:00",261,"Converted"
"16163",224,6,"2009-12-02 10:00:00","2011-04-28 19:43:00",512,"Converted"
"15210",224,3,"2010-05-13 14:42:00","2011-04-28 16:11:00",350,"Converted"
"14311",224,2,"2010-05-21 10:28:00","2011-04-28 19:49:00",342,"Converted"
"15223",225,5,"2009-12-05 11:19:00","2011-04-28 11:31:00",509,"Converted"
"15143",225,2,"2010-10-03 13:58:00","2011-04-28 12:03:00",207,"Converted"
"13229",225,1,"2011-04-28 12:07:00","2011-04-28 12:07:00",0,"Converted"
"14271",225,2,"2010-10-26 17:01:00","2011-04-28 12:47:00",184,"Converted"
"12573",226,5,"2010-08-31 17:25:00","2011-04-26 15:52:00",238,"Converted"
"16965",226,1,"2011-04-27 12:08:00","2011-04-27 12:08:00",0,"Converted"
"15891",226,1,"2011-04-27 12:35:00","2011-04-27 12:35:00",0,"Converted"
"14586",226,1,"2011-03-08 10:04:00","2011-04-26 17:32:00",49,"Converted"
"17187",226,2,"2010-07-01 14:38:00","2011-04-27 12:39:00",300,"Converted"
"16823",226,7,"2009-12-02 09:57:00","2011-04-26 15:00:00",510,"Converted"
"16698",226,2,"2011-03-31 13:33:00","2011-04-27 10:52:00",27,"Converted"
"16834",227,2,"2010-02-03 14:24:00","2011-04-26 09:37:00",447,"Converted"
"17277",227,2,"2011-01-21 12:37:00","2011-04-26 12:47:00",95,"Converted"
"17670",227,1,"2011-04-26 09:12:00","2011-04-26 09:12:00",0,"Converted"
"12354",231,1,"2011-04-21 13:11:00","2011-04-21 13:11:00",0,"Converted"
"12622",231,1,"2011-04-21 16:39:00","2011-04-21 16:39:00",0,"Converted"
"14770",231,8,"2010-02-25 18:58:00","2011-04-21 14:21:00",420,"Converted"
"17718",231,2,"2010-03-05 08:01:00","2011-04-21 13:39:00",412,"Converted"
"16587",231,1,"2011-04-21 15:51:00","2011-04-21 15:51:00",0,"Converted"
"13482",231,2,"2010-03-22 10:31:00","2011-04-21 17:03:00",395,"Converted"
"15135",232,2,"2010-06-01 13:33:00","2011-04-20 15:58:00",323,"Converted"
"15517",232,1,"2011-04-20 14:02:00","2011-04-20 14:02:00",0,"Converted"
"15655",232,1,"2011-04-10 15:25:00","2011-04-20 16:28:00",10,"Converted"
"17120",232,1,"2011-04-20 15:21:00","2011-04-20 15:21:00",0,"Converted"
"17946",232,2,"2011-03-25 14:34:00","2011-04-20 17:00:00",26,"Converted"
"12506",232,1,"2011-04-21 08:54:00","2011-04-21 08:54:00",0,"Converted"
"13485",232,11,"2009-12-03 13:46:00","2011-04-20 13:58:00",503,"Converted"
"14148",233,2,"2010-10-21 14:08:00","2011-04-20 12:02:00",181,"Converted"
"13101",233,4,"2010-01-27 15:49:00","2011-04-19 14:37:00",447,"Converted"
"12733",233,4,"2010-01-19 13:23:00","2011-04-19 16:19:00",455,"Converted"
"12585",233,2,"2010-12-23 12:58:00","2011-04-19 13:39:00",117,"Converted"
"15717",233,5,"2010-04-26 10:41:00","2011-04-19 13:21:00",358,"Converted"
"17217",233,2,"2010-03-30 13:35:00","2011-04-19 17:19:00",385,"Converted"
"15225",233,1,"2011-04-19 14:51:00","2011-04-19 14:51:00",0,"Converted"
"14339",234,2,"2010-10-07 08:50:00","2011-04-19 11:31:00",194,"Converted"
"14326",234,3,"2010-06-25 12:10:00","2011-04-19 11:08:00",298,"Converted"
"14242",234,2,"2011-01-18 08:53:00","2011-04-19 11:46:00",91,"Converted"
"18009",234,8,"2010-02-25 11:49:00","2011-04-18 13:52:00",417,"Converted"
"17746",234,4,"2010-04-08 12:54:00","2011-04-19 11:26:00",376,"Converted"
"14672",234,4,"2010-01-28 11:33:00","2011-04-19 10:19:00",446,"Converted"
"15749",234,3,"2011-01-11 12:55:00","2011-04-18 13:20:00",97,"Converted"
"16217",234,2,"2011-03-02 15:28:00","2011-04-18 13:31:00",47,"Converted"
"13474",235,3,"2010-08-01 14:40:00","2011-04-17 13:53:00",259,"Converted"
"16617",235,1,"2011-04-18 10:35:00","2011-04-18 10:35:00",0,"Converted"
"17582",235,5,"2010-03-26 12:23:00","2011-04-17 13:18:00",387,"Converted"
"17697",235,1,"2011-04-17 15:40:00","2011-04-17 15:40:00",0,"Converted"
"12754",235,3,"2011-02-04 10:31:00","2011-04-18 09:00:00",73,"Converted"
"15973",235,2,"2010-10-07 08:33:00","2011-04-18 09:39:00",193,"Converted"
"14532",235,11,"2010-01-10 11:47:00","2011-04-17 13:05:00",462,"Converted"
"16947",235,4,"2010-03-03 10:54:00","2011-04-18 09:38:00",411,"Converted"
"16193",236,2,"2010-10-25 10:25:00","2011-04-17 11:45:00",174,"Converted"
"18213",236,1,"2011-04-17 10:21:00","2011-04-17 10:21:00",0,"Converted"
"17990",236,6,"2009-12-07 15:19:00","2011-04-17 11:44:00",496,"Converted"
"15246",237,3,"2010-06-02 11:28:00","2011-04-15 14:45:00",317,"Converted"
"17367",237,1,"2011-04-15 14:21:00","2011-04-15 14:21:00",0,"Converted"
"17142",238,4,"2010-01-24 15:23:00","2011-04-14 18:22:00",445,"Converted"
"13120",238,1,"2011-04-15 10:19:00","2011-04-15 10:19:00",0,"Converted"
"12769",238,1,"2011-04-15 10:25:00","2011-04-15 10:25:00",0,"Converted"
"17362",238,7,"2010-01-06 10:53:00","2011-04-14 14:43:00",463,"Converted"
"12639",238,3,"2010-03-22 09:05:00","2011-04-15 12:48:00",389,"Converted"
"12582",238,4,"2010-05-11 09:55:00","2011-04-15 08:45:00",339,"Converted"
"15230",238,2,"2011-04-13 11:04:00","2011-04-14 14:39:00",1,"Converted"
"15935",238,1,"2009-12-08 17:23:00","2011-04-14 13:27:00",492,"Converted"
"14619",238,2,"2010-06-16 14:41:00","2011-04-14 17:13:00",302,"Converted"
"14154",238,8,"2010-01-13 12:47:00","2011-04-14 16:26:00",456,"Converted"
"17601",238,2,"2010-11-24 14:29:00","2011-04-14 18:02:00",141,"Converted"
"15212",238,2,"2010-11-28 10:45:00","2011-04-14 13:12:00",137,"Converted"
"14206",238,3,"2010-11-02 11:37:00","2011-04-14 16:38:00",163,"Converted"
"16957",238,2,"2011-03-03 09:25:00","2011-04-14 13:56:00",42,"Converted"
"12982",239,8,"2010-04-12 13:50:00","2011-04-14 10:49:00",367,"Converted"
"16097",239,1,"2011-04-13 13:47:00","2011-04-13 13:47:00",0,"Converted"
"13221",239,2,"2010-12-15 13:24:00","2011-04-13 16:58:00",119,"Converted"
"15139",239,2,"2011-01-07 12:44:00","2011-04-14 11:39:00",97,"Converted"
"17278",240,2,"2010-05-23 13:49:00","2011-04-12 13:10:00",324,"Converted"
"13484",240,3,"2010-03-10 11:46:00","2011-04-12 16:30:00",398,"Converted"
"15777",240,7,"2010-05-20 10:37:00","2011-04-12 16:43:00",327,"Converted"
"13740",240,5,"2009-12-02 12:22:00","2011-04-13 10:32:00",497,"Converted"
"16697",240,1,"2011-04-12 17:12:00","2011-04-12 17:12:00",0,"Converted"
"15109",240,3,"2009-12-04 12:33:00","2011-04-13 09:53:00",495,"Converted"
"15363",240,2,"2010-08-04 08:41:00","2011-04-12 15:48:00",251,"Converted"
"14669",241,7,"2009-12-02 13:06:00","2011-04-12 11:43:00",496,"Converted"
"17972",241,1,"2011-04-12 12:16:00","2011-04-12 12:16:00",0,"Converted"
"18129",242,1,"2011-04-10 14:16:00","2011-04-10 14:16:00",0,"Converted"
"16552",242,2,"2010-12-01 12:36:00","2011-04-11 10:04:00",131,"Converted"
"13570",242,1,"2011-04-10 13:36:00","2011-04-10 13:36:00",0,"Converted"
"14616",242,5,"2010-06-09 09:42:00","2011-04-11 09:54:00",306,"Converted"
"12447",242,1,"2011-04-10 13:25:00","2011-04-10 13:25:00",0,"Converted"
"17574",242,1,"2011-04-11 09:47:00","2011-04-11 09:47:00",0,"Converted"
"13501",242,3,"2010-05-18 13:24:00","2011-04-11 09:35:00",328,"Converted"
"13508",243,2,"2010-03-07 11:58:00","2011-04-10 11:58:00",399,"Converted"
"13863",244,4,"2010-04-25 13:09:00","2011-04-08 17:03:00",348,"Converted"
"15775",244,2,"2010-03-18 07:32:00","2011-04-08 12:56:00",386,"Converted"
"14924",245,3,"2010-03-10 12:51:00","2011-04-08 09:25:00",394,"Converted"
"16643",245,2,"2010-10-13 09:47:00","2011-04-08 08:24:00",177,"Converted"
"16623",245,4,"2010-04-26 14:04:00","2011-04-08 10:09:00",347,"Converted"
"13718",245,2,"2011-02-17 11:58:00","2011-04-07 13:24:00",49,"Converted"
"14981",245,2,"2010-10-12 11:04:00","2011-04-07 13:45:00",177,"Converted"
"17035",245,4,"2009-12-03 10:37:00","2011-04-08 11:23:00",491,"Converted"
"15119",245,1,"2011-04-08 09:08:00","2011-04-08 09:08:00",0,"Converted"
"16010",245,11,"2010-10-24 10:54:00","2011-04-08 10:14:00",166,"Converted"
"13712",246,2,"2010-04-08 11:16:00","2011-04-07 12:33:00",364,"Converted"
"14220",246,4,"2010-05-19 13:26:00","2011-04-06 13:23:00",322,"Converted"
"14465",246,11,"2010-01-07 15:03:00","2011-04-07 12:38:00",455,"Converted"
"16378",246,3,"2011-02-02 12:42:00","2011-04-06 15:07:00",63,"Converted"
"12580",246,2,"2010-05-12 11:45:00","2011-04-07 10:24:00",330,"Converted"
"17906",246,1,"2011-04-06 17:25:00","2011-04-06 17:25:00",0,"Converted"
"17438",246,5,"2010-03-08 16:53:00","2011-04-06 17:16:00",394,"Converted"
"16144",246,1,"2011-04-07 10:09:00","2011-04-07 10:09:00",0,"Converted"
"17140",246,1,"2011-04-06 13:33:00","2011-04-06 13:33:00",0,"Converted"
"14964",246,1,"2011-04-06 14:13:00","2011-04-06 14:13:00",0,"Converted"
"17492",247,3,"2010-07-09 13:27:00","2011-04-05 15:21:00",270,"Converted"
"14747",247,1,"2011-04-04 14:09:00","2011-04-06 10:17:00",2,"Converted"
"15917",247,5,"2009-12-02 14:55:00","2011-04-06 10:40:00",490,"Converted"
"16105",248,5,"2010-04-14 13:27:00","2011-04-05 10:13:00",356,"Converted"
"15442",248,1,"2011-04-05 12:24:00","2011-04-05 12:24:00",0,"Converted"
"16586",248,3,"2010-03-14 11:24:00","2011-04-05 09:32:00",387,"Converted"
"18108",248,3,"2009-12-02 12:47:00","2011-04-05 08:25:00",489,"Converted"
"18185",248,1,"2011-04-04 13:42:00","2011-04-04 13:42:00",0,"Converted"
"17956",248,1,"2011-04-04 13:47:00","2011-04-04 13:47:00",0,"Converted"
"16297",249,1,"2011-03-16 08:29:00","2011-04-04 08:50:00",19,"Converted"
"16142",249,1,"2011-04-04 10:16:00","2011-04-04 10:16:00",0,"Converted"
"13059",249,10,"2010-03-31 12:23:00","2011-04-04 10:40:00",369,"Converted"
"12755",249,11,"2009-12-02 10:55:00","2011-04-04 10:12:00",488,"Converted"
"13781",250,3,"2009-12-18 15:46:00","2011-04-03 12:08:00",471,"Converted"
"16162",251,1,"2011-04-01 15:03:00","2011-04-01 15:03:00",0,"Converted"
"15691",251,4,"2009-12-06 16:01:00","2011-04-01 15:13:00",481,"Converted"
"15589",252,3,"2011-02-02 10:46:00","2011-04-01 11:22:00",58,"Converted"
"15894",252,2,"2010-12-05 14:06:00","2011-03-31 13:50:00",116,"Converted"
"17212",252,3,"2010-08-10 09:22:00","2011-03-31 19:42:00",233,"Converted"
"17580",252,5,"2010-10-13 14:28:00","2011-04-01 12:41:00",170,"Converted"
"14886",252,1,"2011-04-01 08:56:00","2011-04-01 08:56:00",0,"Converted"
"17701",252,1,"2011-04-01 12:25:00","2011-04-01 12:25:00",0,"Converted"
"13841",252,1,"2011-04-01 12:10:00","2011-04-01 12:10:00",0,"Converted"
"14957",252,2,"2010-03-05 10:50:00","2011-03-31 17:59:00",391,"Converted"
"13626",252,2,"2010-11-25 16:12:00","2011-04-01 10:05:00",127,"Converted"
"13043",253,1,"2011-03-11 14:52:00","2011-03-31 12:14:00",20,"Converted"
"13060",253,1,"2011-03-31 11:37:00","2011-03-31 11:37:00",0,"Converted"
"14890",253,3,"2010-02-18 09:00:00","2011-03-31 11:57:00",406,"Converted"
"14479",253,4,"2009-12-06 13:48:00","2011-03-31 09:07:00",480,"Converted"
"15424",253,3,"2010-09-02 17:17:00","2011-03-30 13:02:00",209,"Converted"
"15528",253,1,"2011-03-30 16:14:00","2011-03-30 16:14:00",0,"Converted"
"14256",253,5,"2010-01-14 10:35:00","2011-03-30 16:39:00",440,"Converted"
"16619",253,4,"2010-02-22 12:05:00","2011-03-31 12:20:00",402,"Converted"
"15832",253,1,"2011-03-30 15:29:00","2011-03-30 15:29:00",0,"Converted"
"13439",254,3,"2010-07-01 14:36:00","2011-03-29 14:20:00",271,"Converted"
"16980",254,3,"2010-10-07 14:05:00","2011-03-29 16:36:00",173,"Converted"
"17775",254,1,"2011-03-30 10:50:00","2011-03-30 10:50:00",0,"Converted"
"13803",254,3,"2010-03-31 10:00:00","2011-03-29 12:57:00",363,"Converted"
"15353",254,7,"2009-12-02 10:46:00","2011-03-30 12:15:00",483,"Converted"
"16692",255,4,"2010-09-24 11:31:00","2011-03-28 14:46:00",185,"Converted"
"15032",255,8,"2009-12-10 15:27:00","2011-03-28 15:30:00",473,"Converted"
"12792",256,2,"2010-06-23 10:49:00","2011-03-28 11:36:00",278,"Converted"
"13649",256,6,"2010-06-30 16:35:00","2011-03-28 11:51:00",271,"Converted"
"18010",256,1,"2011-03-28 12:27:00","2011-03-28 12:27:00",0,"Converted"
"15083",256,1,"2011-03-28 12:18:00","2011-03-28 12:18:00",0,"Converted"
"13368",256,4,"2010-10-12 10:43:00","2011-03-28 09:59:00",167,"Converted"
"13357",256,5,"2010-03-22 14:30:00","2011-03-27 13:56:00",370,"Converted"
"14476",256,1,"2011-03-27 15:39:00","2011-03-27 15:39:00",0,"Converted"
"18071",257,6,"2009-12-05 10:31:00","2011-03-27 11:59:00",477,"Converted"
"16256",257,3,"2010-04-21 10:34:00","2011-03-27 12:14:00",340,"Converted"
"13452",258,3,"2010-08-24 09:53:00","2011-03-25 14:19:00",213,"Converted"
"14348",259,1,"2011-03-24 16:23:00","2011-03-24 16:23:00",0,"Converted"
"14536",259,1,"2011-03-25 12:21:00","2011-03-25 12:21:00",0,"Converted"
"16022",259,1,"2011-03-24 13:16:00","2011-03-24 13:16:00",0,"Converted"
"16063",259,1,"2011-03-24 14:55:00","2011-03-24 14:56:00",0,"Converted"
"15178",259,1,"2011-03-24 15:12:00","2011-03-24 15:12:00",0,"Converted"
"16769",259,4,"2009-12-14 11:10:00","2011-03-24 13:41:00",465,"Converted"
"16250",260,3,"2010-11-18 10:43:00","2011-03-23 15:07:00",125,"Converted"
"17698",260,1,"2011-03-24 11:34:00","2011-03-24 11:34:00",0,"Converted"
"12564",260,1,"2011-03-23 14:55:00","2011-03-23 14:55:00",0,"Converted"
"13341",260,1,"2011-03-24 09:50:00","2011-03-24 09:50:00",0,"Converted"
"17486",260,1,"2011-03-23 14:00:00","2011-03-23 14:00:00",0,"Converted"
"13512",260,4,"2010-05-05 13:22:00","2011-03-24 10:03:00",323,"Converted"
"14870",261,6,"2010-01-25 09:05:00","2011-03-23 10:51:00",422,"Converted"
"17507",261,2,"2011-02-03 18:08:00","2011-03-23 11:48:00",48,"Converted"
"15437",261,2,"2010-03-09 10:45:00","2011-03-22 13:11:00",378,"Converted"
"13132",261,1,"2011-03-23 12:44:00","2011-03-23 12:44:00",0,"Converted"
"18191",261,2,"2010-08-19 17:42:00","2011-03-23 12:08:00",216,"Converted"
"13239",261,5,"2010-07-25 13:34:00","2011-03-23 10:25:00",241,"Converted"
"12831",261,3,"2010-09-02 15:58:00","2011-03-22 13:02:00",201,"Converted"
"17102",261,1,"2011-03-23 10:08:00","2011-03-23 10:08:00",0,"Converted"
"16721",261,1,"2011-03-22 16:08:00","2011-03-22 16:08:00",0,"Converted"
"12811",261,4,"2010-10-08 12:20:00","2011-03-23 10:55:00",166,"Converted"
"15457",261,1,"2011-03-22 15:31:00","2011-03-22 15:31:00",0,"Converted"
"16135",262,2,"2010-05-05 09:35:00","2011-03-22 12:30:00",321,"Converted"
"14632",262,1,"2011-03-22 08:49:00","2011-03-22 08:49:00",0,"Converted"
"13262",262,3,"2010-04-18 12:14:00","2011-03-21 15:06:00",337,"Converted"
"17763",262,4,"2010-02-18 14:32:00","2011-03-21 14:25:00",396,"Converted"
"16427",262,2,"2011-02-28 15:18:00","2011-03-21 17:10:00",21,"Converted"
"14762",263,2,"2010-03-23 15:36:00","2011-03-21 08:20:00",363,"Converted"
"13934",263,1,"2011-03-21 08:39:00","2011-03-21 08:39:00",0,"Converted"
"17230",263,18,"2009-12-08 13:41:00","2011-03-20 16:12:00",467,"Converted"
"17678",263,2,"2010-04-15 13:54:00","2011-03-21 11:52:00",340,"Converted"
"15445",263,2,"2010-04-28 15:00:00","2011-03-20 15:06:00",326,"Converted"
"16096",263,4,"2010-03-04 15:44:00","2011-03-20 13:38:00",381,"Converted"
"18224",263,1,"2011-03-21 10:30:00","2011-03-21 10:30:00",0,"Converted"
"15408",263,1,"2011-03-20 15:02:00","2011-03-20 15:02:00",0,"Converted"
"14693",264,7,"2010-07-02 08:28:00","2011-03-20 12:50:00",261,"Converted"
"16402",264,2,"2010-12-05 13:42:00","2011-03-20 12:25:00",105,"Converted"
"12902",264,1,"2011-03-20 12:06:00","2011-03-20 12:06:00",0,"Converted"
"15703",264,1,"2011-03-20 10:51:00","2011-03-20 10:51:00",0,"Converted"
"17060",265,1,"2011-03-18 13:27:00","2011-03-18 13:27:00",0,"Converted"
"14633",265,1,"2011-03-18 17:07:00","2011-03-18 17:07:00",0,"Converted"
"14155",265,1,"2011-03-18 14:13:00","2011-03-18 14:13:00",0,"Converted"
"14041",265,1,"2011-03-18 13:25:00","2011-03-18 13:25:00",0,"Converted"
"13707",266,5,"2010-06-21 11:57:00","2011-03-17 18:03:00",269,"Converted"
"16216",266,1,"2011-03-17 15:34:00","2011-03-17 15:34:00",0,"Converted"
"15019",266,1,"2011-03-18 12:35:00","2011-03-18 12:35:00",0,"Converted"
"16716",266,3,"2010-03-19 11:05:00","2011-03-18 10:03:00",364,"Converted"
"13072",266,1,"2011-03-18 08:12:00","2011-03-18 08:12:00",0,"Converted"
"16976",266,1,"2011-03-17 16:33:00","2011-03-17 16:33:00",0,"Converted"
"15695",266,4,"2010-01-27 10:56:00","2011-03-18 08:32:00",415,"Converted"
"14059",266,1,"2011-03-18 10:06:00","2011-03-18 10:06:00",0,"Converted"
"14066",266,1,"2011-03-18 12:21:00","2011-03-18 12:21:00",0,"Converted"
"14081",266,10,"2009-12-10 18:27:00","2011-03-17 14:24:00",462,"Converted"
"16377",266,2,"2010-04-01 10:36:00","2011-03-17 15:41:00",350,"Converted"
"13093",266,55,"2009-12-04 10:32:00","2011-03-17 17:16:00",468,"Converted"
"12845",266,4,"2011-02-22 14:10:00","2011-03-17 13:34:00",23,"Converted"
"12514",266,2,"2010-03-08 12:18:00","2011-03-17 16:38:00",374,"Converted"
"14840",267,2,"2010-06-18 15:42:00","2011-03-17 12:00:00",272,"Converted"
"13299",267,3,"2010-06-29 11:30:00","2011-03-16 12:55:00",260,"Converted"
"13185",267,1,"2011-03-17 11:56:00","2011-03-17 11:56:00",0,"Converted"
"13216",267,1,"2011-03-17 12:18:00","2011-03-17 12:18:00",0,"Converted"
"13716",268,1,"2011-03-15 13:49:00","2011-03-15 13:49:00",0,"Converted"
"16152",268,1,"2011-03-16 09:47:00","2011-03-16 09:47:00",0,"Converted"
"13261",268,2,"2011-02-27 10:41:00","2011-03-16 12:22:00",17,"Converted"
"13358",268,1,"2011-03-16 11:52:00","2011-03-16 11:52:00",0,"Converted"
"13121",268,1,"2011-03-15 16:47:00","2011-03-15 16:51:00",0,"Converted"
"16061",268,1,"2010-10-04 15:29:00","2011-03-15 14:41:00",162,"Converted"
"16392",269,3,"2010-05-27 11:17:00","2011-03-15 12:11:00",292,"Converted"
"15047",269,1,"2011-03-15 10:49:00","2011-03-15 10:49:00",0,"Converted"
"15388",269,1,"2011-03-14 13:53:00","2011-03-14 13:53:00",0,"Converted"
"16037",269,5,"2010-03-01 12:31:00","2011-03-15 09:13:00",379,"Converted"
"17542",269,3,"2010-03-08 12:08:00","2011-03-15 11:45:00",372,"Converted"
"14962",270,4,"2010-05-04 14:57:00","2011-03-14 09:42:00",314,"Converted"
"13708",270,1,"2011-03-13 13:46:00","2011-03-13 13:46:00",0,"Converted"
"14350",270,3,"2010-10-05 15:52:00","2011-03-14 12:27:00",160,"Converted"
"15308",270,1,"2011-03-10 13:08:00","2011-03-14 12:24:00",4,"Converted"
"16766",272,2,"2011-03-11 13:34:00","2011-03-11 15:22:00",0,"Converted"
"13226",272,2,"2010-11-11 13:46:00","2011-03-11 14:35:00",120,"Converted"
"13133",273,3,"2010-09-06 15:30:00","2011-03-11 10:31:00",186,"Converted"
"14114",273,7,"2010-04-12 11:07:00","2011-03-11 09:42:00",333,"Converted"
"18086",273,1,"2011-03-10 13:34:00","2011-03-10 13:34:00",0,"Converted"
"15049",273,1,"2011-03-11 12:13:00","2011-03-11 12:13:00",0,"Converted"
"14727",273,3,"2010-06-11 13:23:00","2011-03-10 14:45:00",272,"Converted"
"13493",274,2,"2011-02-25 16:42:00","2011-03-09 15:35:00",12,"Converted"
"14603",274,1,"2011-03-10 10:27:00","2011-03-10 10:27:00",0,"Converted"
"16625",274,5,"2010-06-14 11:56:00","2011-03-10 12:50:00",269,"Converted"
"16471",274,4,"2010-02-25 10:07:00","2011-03-10 09:41:00",378,"Converted"
"15057",274,5,"2009-12-05 15:27:00","2011-03-09 15:17:00",459,"Converted"
"14165",275,1,"2011-03-09 12:39:00","2011-03-09 12:39:00",0,"Converted"
"17138",275,7,"2010-02-04 14:19:00","2011-03-09 11:54:00",398,"Converted"
"17639",275,6,"2010-08-13 11:59:00","2011-03-08 15:22:00",207,"Converted"
"12881",275,1,"2011-03-09 11:44:00","2011-03-09 11:44:00",0,"Converted"
"12623",275,7,"2010-01-12 11:45:00","2011-03-08 13:50:00",420,"Converted"
"13345",276,1,"2011-02-25 09:01:00","2011-03-08 08:34:00",11,"Converted"
"16517",276,1,"2011-03-07 13:50:00","2011-03-07 13:50:00",0,"Converted"
"15234",276,1,"2011-03-08 08:53:00","2011-03-08 08:53:00",0,"Converted"
"16917",276,2,"2009-12-11 13:07:00","2011-03-08 11:55:00",452,"Converted"
"14048",276,3,"2010-11-22 14:08:00","2011-03-07 13:49:00",105,"Converted"
"15944",276,4,"2009-12-13 12:57:00","2011-03-08 10:33:00",450,"Converted"
"16598",276,1,"2011-02-27 11:42:00","2011-03-07 13:42:00",8,"Converted"
"15869",276,3,"2010-03-23 16:50:00","2011-03-07 17:23:00",349,"Converted"
"17654",276,1,"2011-03-07 13:17:00","2011-03-07 13:17:00",0,"Converted"
"12614",277,1,"2011-03-07 10:22:00","2011-03-07 10:22:00",0,"Converted"
"14247",277,5,"2010-06-06 15:07:00","2011-03-06 15:21:00",273,"Converted"
"14012",277,1,"2011-03-07 12:26:00","2011-03-07 12:26:00",0,"Converted"
"15554",277,1,"2011-03-07 09:00:00","2011-03-07 09:00:00",0,"Converted"
"18280",277,2,"2010-11-10 15:51:00","2011-03-07 09:52:00",117,"Converted"
"17535",279,1,"2011-03-04 15:20:00","2011-03-04 15:20:00",0,"Converted"
"14670",279,3,"2009-12-07 13:59:00","2011-03-04 14:13:00",452,"Converted"
"17325",279,3,"2010-03-08 11:31:00","2011-03-04 13:09:00",361,"Converted"
"17508",280,8,"2009-12-07 11:46:00","2011-03-04 08:10:00",452,"Converted"
"17789",280,2,"2010-02-16 13:16:00","2011-03-03 13:14:00",380,"Converted"
"15257",280,2,"2010-10-21 14:03:00","2011-03-03 13:57:00",133,"Converted"
"14570",280,3,"2010-09-22 13:07:00","2011-03-04 10:58:00",163,"Converted"
"14779",280,3,"2011-01-20 12:04:00","2011-03-04 12:42:00",43,"Converted"
"13382",280,5,"2009-12-08 09:56:00","2011-03-04 10:03:00",451,"Converted"
"12817",280,3,"2010-10-01 08:57:00","2011-03-03 16:28:00",153,"Converted"
"13715",280,17,"2010-03-11 15:33:00","2011-03-03 19:21:00",357,"Converted"
"17923",281,3,"2010-06-13 13:58:00","2011-03-02 15:15:00",262,"Converted"
"16159",281,4,"2009-12-03 11:51:00","2011-03-03 12:27:00",455,"Converted"
"17995",281,3,"2010-11-17 17:01:00","2011-03-03 12:30:00",106,"Converted"
"15087",281,1,"2011-03-03 10:34:00","2011-03-03 10:34:00",0,"Converted"
"13166",281,2,"2010-10-21 14:29:00","2011-03-02 14:28:00",132,"Converted"
"12873",281,3,"2010-01-27 09:50:00","2011-03-02 14:58:00",399,"Converted"
"16792",281,5,"2010-01-04 13:47:00","2011-03-02 14:41:00",422,"Converted"
"12565",281,1,"2011-02-24 10:34:00","2011-03-03 11:43:00",7,"Converted"
"15456",282,10,"2009-12-08 12:54:00","2011-03-01 13:51:00",448,"Converted"
"15733",282,1,"2011-03-02 09:05:00","2011-03-02 09:05:00",0,"Converted"
"12834",282,1,"2011-03-02 09:49:00","2011-03-02 09:49:00",0,"Converted"
"12866",282,3,"2010-07-25 11:37:00","2011-03-01 14:11:00",219,"Converted"
"13497",282,6,"2010-02-08 10:27:00","2011-03-02 09:04:00",387,"Converted"
"16339",283,1,"2011-02-28 13:41:00","2011-02-28 13:41:00",0,"Converted"
"14046",283,1,"2011-02-28 14:48:00","2011-02-28 14:48:00",0,"Converted"
"17165",283,6,"2009-12-11 09:18:00","2011-02-28 16:39:00",444,"Converted"
"16078",283,2,"2010-02-08 13:29:00","2011-03-01 09:47:00",386,"Converted"
"15319",283,1,"2011-03-01 12:48:00","2011-03-01 12:48:00",0,"Converted"
"15709",283,2,"2010-04-29 18:31:00","2011-03-01 10:38:00",306,"Converted"
"12509",283,1,"2011-02-28 14:45:00","2011-02-28 14:45:00",0,"Converted"
"14036",284,1,"2011-02-28 09:26:00","2011-02-28 09:26:00",0,"Converted"
"13684",285,4,"2010-03-28 14:48:00","2011-02-27 10:25:00",336,"Converted"
"13973",286,1,"2011-02-25 15:21:00","2011-02-25 15:21:00",0,"Converted"
"12361",286,4,"2010-01-26 14:37:00","2011-02-25 13:51:00",395,"Converted"
"13753",287,4,"2009-12-03 10:20:00","2011-02-25 12:48:00",449,"Converted"
"16072",287,4,"2010-06-08 16:47:00","2011-02-24 14:32:00",261,"Converted"
"17117",287,1,"2011-02-24 13:54:00","2011-02-24 13:54:00",0,"Converted"
"12945",287,2,"2010-02-21 15:18:00","2011-02-24 14:15:00",368,"Converted"
"18056",287,2,"2010-03-31 12:29:00","2011-02-24 14:27:00",330,"Converted"
"16997",287,3,"2011-01-18 11:51:00","2011-02-24 17:28:00",37,"Converted"
"15543",287,2,"2010-09-06 11:28:00","2011-02-24 15:26:00",171,"Converted"
"13751",287,1,"2011-02-24 15:56:00","2011-02-24 15:56:00",0,"Converted"
"18068",288,1,"2011-02-23 14:50:00","2011-02-23 14:50:00",0,"Converted"
"17171",288,2,"2010-02-16 12:02:00","2011-02-23 16:37:00",372,"Converted"
"15303",289,3,"2010-01-25 09:42:00","2011-02-22 13:59:00",393,"Converted"
"18114",289,1,"2011-02-22 13:20:00","2011-02-22 13:20:00",0,"Converted"
"17499",289,2,"2010-05-27 09:59:00","2011-02-23 09:14:00",272,"Converted"
"15397",289,1,"2011-02-23 09:25:00","2011-02-23 09:25:00",0,"Converted"
"16913",289,3,"2010-02-26 12:06:00","2011-02-22 12:56:00",361,"Converted"
"12852",289,1,"2011-02-18 08:47:00","2011-02-22 14:56:00",4,"Converted"
"13044",290,11,"2010-01-08 14:46:00","2011-02-21 15:20:00",409,"Converted"
"12365",290,1,"2011-02-21 13:51:00","2011-02-21 13:51:00",0,"Converted"
"16546",290,5,"2010-09-23 15:43:00","2011-02-22 11:20:00",152,"Converted"
"16349",290,1,"2011-02-22 12:40:00","2011-02-22 12:40:00",0,"Converted"
"16073",291,1,"2011-02-15 15:41:00","2011-02-21 12:33:00",6,"Converted"
"12988",291,1,"2011-02-20 14:31:00","2011-02-20 14:31:00",0,"Converted"
"12707",291,1,"2011-02-21 08:38:00","2011-02-21 08:38:00",0,"Converted"
"16765",293,2,"2010-11-22 13:42:00","2011-02-18 15:41:00",88,"Converted"
"14760",293,1,"2011-02-15 16:27:00","2011-02-18 14:36:00",3,"Converted"
"18138",294,1,"2011-02-17 14:51:00","2011-02-17 14:51:00",0,"Converted"
"13932",294,1,"2011-02-18 12:02:00","2011-02-18 12:02:00",0,"Converted"
"14371",294,1,"2011-02-17 16:35:00","2011-02-17 16:35:00",0,"Converted"
"16148",295,2,"2009-12-17 19:06:00","2011-02-16 14:01:00",426,"Converted"
"14386",296,1,"2011-02-16 09:45:00","2011-02-16 09:45:00",0,"Converted"
"16509",296,1,"2011-02-16 09:25:00","2011-02-16 09:25:00",0,"Converted"
"16494",296,1,"2011-02-16 12:49:00","2011-02-16 12:49:00",0,"Converted"
"14176",296,5,"2010-11-23 13:21:00","2011-02-15 13:12:00",84,"Converted"
"14935",296,2,"2010-03-30 11:48:00","2011-02-15 14:44:00",322,"Converted"
"15670",296,2,"2010-06-01 15:34:00","2011-02-16 10:50:00",260,"Converted"
"16738",297,1,"2011-02-15 09:46:00","2011-02-15 09:46:00",0,"Converted"
"13893",297,1,"2011-02-15 11:30:00","2011-02-15 11:30:00",0,"Converted"
"16897",298,2,"2011-01-30 11:52:00","2011-02-13 15:45:00",14,"Converted"
"16084",298,1,"2011-02-13 16:05:00","2011-02-13 16:05:00",0,"Converted"
"17829",298,5,"2010-02-22 15:39:00","2011-02-14 12:46:00",357,"Converted"
"14431",298,4,"2010-01-21 10:49:00","2011-02-14 10:56:00",389,"Converted"
"15236",298,1,"2011-02-14 10:52:00","2011-02-14 10:52:00",0,"Converted"
"17334",300,3,"2010-10-29 12:16:00","2011-02-11 16:34:00",105,"Converted"
"18159",300,1,"2011-02-11 14:26:00","2011-02-11 14:26:00",0,"Converted"
"13672",300,3,"2009-12-09 11:40:00","2011-02-11 13:53:00",429,"Converted"
"14497",300,2,"2010-02-04 09:59:00","2011-02-11 15:20:00",372,"Converted"
"12410",300,3,"2010-07-25 13:26:00","2011-02-11 15:47:00",201,"Converted"
"12943",300,2,"2010-04-13 11:03:00","2011-02-11 15:13:00",304,"Converted"
"18250",300,1,"2011-02-02 13:16:00","2011-02-11 13:59:00",9,"Converted"
"15638",300,6,"2010-01-27 11:44:00","2011-02-11 15:12:00",380,"Converted"
"16405",301,2,"2011-02-02 17:08:00","2011-02-10 15:24:00",8,"Converted"
"16425",301,1,"2011-02-10 14:30:00","2011-02-10 14:30:00",0,"Converted"
"16403",301,1,"2011-01-31 13:39:00","2011-02-10 16:40:00",10,"Converted"
"13819",301,6,"2009-12-01 16:18:00","2011-02-11 10:38:00",437,"Converted"
"17850",301,155,"2009-12-05 12:28:00","2011-02-10 14:38:00",432,"Converted"
"16725",301,13,"2009-12-13 15:54:00","2011-02-10 16:52:00",424,"Converted"
"17358",302,5,"2010-02-24 16:42:00","2011-02-09 16:57:00",350,"Converted"
"17843",302,2,"2010-10-24 10:56:00","2011-02-09 15:33:00",108,"Converted"
"12401",302,1,"2011-02-09 13:50:00","2011-02-09 13:50:00",0,"Converted"
"12561",302,1,"2011-02-10 11:39:00","2011-02-10 11:39:00",0,"Converted"
"13706",302,2,"2010-03-23 09:18:00","2011-02-10 09:21:00",324,"Converted"
"15970",303,2,"2010-04-20 11:30:00","2011-02-09 12:08:00",295,"Converted"
"17881",303,1,"2011-02-08 17:16:00","2011-02-08 17:16:00",0,"Converted"
"15843",303,1,"2011-02-09 10:19:00","2011-02-09 10:19:00",0,"Converted"
"13809",304,3,"2010-09-05 11:42:00","2011-02-07 13:15:00",155,"Converted"
"17859",304,1,"2011-02-08 10:32:00","2011-02-08 10:32:00",0,"Converted"
"15753",304,1,"2011-02-08 12:41:00","2011-02-08 12:41:00",0,"Converted"
"15808",305,21,"2009-12-01 16:30:00","2011-02-06 14:33:00",432,"Converted"
"12956",305,4,"2009-12-15 19:03:00","2011-02-06 16:08:00",418,"Converted"
"14600",305,2,"2010-11-11 15:56:00","2011-02-07 09:48:00",88,"Converted"
"14438",305,1,"2011-02-06 14:56:00","2011-02-06 14:56:00",0,"Converted"
"13584",306,3,"2010-02-02 08:40:00","2011-02-06 12:49:00",369,"Converted"
"17392",306,3,"2010-09-15 16:17:00","2011-02-06 12:48:00",144,"Converted"
"15090",307,1,"2011-02-04 14:03:00","2011-02-04 14:03:00",0,"Converted"
"17291",307,1,"2011-02-04 13:04:00","2011-02-04 13:04:00",0,"Converted"
"13963",307,17,"2010-04-21 16:20:00","2011-02-04 14:43:00",289,"Converted"
"17226",308,3,"2010-02-12 14:31:00","2011-02-04 11:52:00",357,"Converted"
"17517",308,1,"2011-02-04 11:48:00","2011-02-04 11:48:00",0,"Converted"
"13581",308,2,"2010-10-21 16:30:00","2011-02-03 14:41:00",105,"Converted"
"17223",309,3,"2010-11-29 17:19:00","2011-02-02 15:57:00",65,"Converted"
"12350",309,1,"2011-02-02 16:01:00","2011-02-02 16:01:00",0,"Converted"
"17912",309,6,"2010-11-29 13:53:00","2011-02-02 14:25:00",65,"Converted"
"16030",309,1,"2011-02-03 11:28:00","2011-02-03 11:28:00",0,"Converted"
"13800",309,3,"2009-12-03 10:03:00","2011-02-03 12:27:00",427,"Converted"
"14457",310,1,"2011-02-02 09:39:00","2011-02-02 09:39:00",0,"Converted"
"12559",310,2,"2011-01-24 10:12:00","2011-02-02 09:49:00",9,"Converted"
"14549",310,4,"2009-12-02 14:06:00","2011-02-01 13:47:00",426,"Converted"
"15107",310,9,"2010-09-14 10:47:00","2011-02-01 14:46:00",140,"Converted"
"12373",310,3,"2010-02-04 12:08:00","2011-02-01 13:10:00",362,"Converted"
"14411",310,1,"2011-02-02 10:56:00","2011-02-02 10:56:00",0,"Converted"
"15226",310,1,"2011-02-02 11:41:00","2011-02-02 11:41:00",0,"Converted"
"15940",310,1,"2010-10-26 18:17:00","2011-02-01 16:18:00",98,"Converted"
"15881",311,5,"2010-12-10 13:32:00","2011-01-31 16:59:00",52,"Converted"
"13494",311,1,"2011-02-01 11:58:00","2011-02-01 11:58:00",0,"Converted"
"13506",311,5,"2010-09-05 12:33:00","2011-01-31 15:27:00",148,"Converted"
"14627",311,1,"2009-12-11 14:08:00","2011-02-01 10:49:00",417,"Converted"
"17356",311,5,"2010-01-20 12:14:00","2011-02-01 11:07:00",377,"Converted"
"14496",311,7,"2010-03-16 13:15:00","2011-02-01 09:01:00",322,"Converted"
"13600",311,2,"2010-03-15 17:16:00","2011-01-31 15:27:00",322,"Converted"
"14850",311,7,"2010-05-20 13:28:00","2011-02-01 11:21:00",257,"Converted"
"17619",311,1,"2011-01-31 14:18:00","2011-01-31 14:18:00",0,"Converted"
"15448",312,2,"2010-02-03 13:29:00","2011-01-31 10:42:00",362,"Converted"
"18095",312,5,"2010-04-19 14:09:00","2011-01-31 12:50:00",287,"Converted"
"17239",312,4,"2009-12-10 15:58:00","2011-01-31 09:41:00",417,"Converted"
"13615",312,8,"2010-01-28 15:43:00","2011-01-31 11:29:00",368,"Converted"
"15415",312,1,"2011-01-30 14:13:00","2011-01-30 14:13:00",0,"Converted"
"17431",312,1,"2011-01-30 14:36:00","2011-01-30 14:36:00",0,"Converted"
"13161",312,2,"2010-07-27 12:44:00","2011-01-30 14:03:00",187,"Converted"
"17062",313,6,"2010-09-26 11:57:00","2011-01-30 11:01:00",126,"Converted"
"12735",314,2,"2011-01-06 14:26:00","2011-01-28 13:37:00",22,"Converted"
"12377",314,4,"2010-04-29 15:34:00","2011-01-28 15:45:00",274,"Converted"
"12501",314,1,"2011-01-07 12:28:00","2011-01-28 13:54:00",21,"Converted"
"12574",315,1,"2011-01-28 09:20:00","2011-01-28 09:20:00",0,"Converted"
"16124",315,4,"2009-12-07 10:33:00","2011-01-27 16:05:00",416,"Converted"
"13328",315,1,"2011-01-27 15:22:00","2011-01-27 15:22:00",0,"Converted"
"16714",316,3,"2009-12-01 11:50:00","2011-01-26 13:46:00",421,"Converted"
"12591",316,3,"2010-10-27 10:42:00","2011-01-26 14:35:00",91,"Converted"
"12764",316,1,"2011-01-27 10:19:00","2011-01-27 10:19:00",0,"Converted"
"15661",316,8,"2010-05-10 07:59:00","2011-01-26 13:56:00",261,"Converted"
"17094",317,2,"2010-10-12 10:48:00","2011-01-25 17:24:00",105,"Converted"
"14248",317,3,"2010-07-12 14:27:00","2011-01-25 14:45:00",197,"Converted"
"13002",317,3,"2010-10-01 11:58:00","2011-01-25 15:18:00",116,"Converted"
"17118",317,1,"2011-01-26 12:19:00","2011-01-26 12:19:00",0,"Converted"
"16222",317,2,"2009-12-18 14:31:00","2011-01-25 13:38:00",403,"Converted"
"13703",317,2,"2010-10-20 13:11:00","2011-01-25 13:10:00",97,"Converted"
"16757",318,2,"2010-10-26 15:09:00","2011-01-25 11:59:00",91,"Converted"
"14130",318,4,"2009-12-11 16:33:00","2011-01-24 16:05:00",409,"Converted"
"15052",318,1,"2011-01-24 15:52:00","2011-01-24 15:52:00",0,"Converted"
"15213",318,2,"2011-01-14 11:05:00","2011-01-25 12:25:00",11,"Converted"
"15222",318,11,"2009-12-16 13:49:00","2011-01-25 08:03:00",405,"Converted"
"13551",318,2,"2010-02-11 15:01:00","2011-01-24 14:46:00",347,"Converted"
"14782",319,1,"2011-01-24 11:12:00","2011-01-24 11:12:00",0,"Converted"
"15820",319,1,"2011-01-24 12:00:00","2011-01-24 12:00:00",0,"Converted"
"14368",319,1,"2011-01-24 09:52:00","2011-01-24 09:52:00",0,"Converted"
"14068",319,4,"2010-01-31 10:10:00","2011-01-23 16:02:00",357,"Converted"
"14439",319,5,"2010-01-21 14:01:00","2011-01-24 11:39:00",368,"Converted"
"17714",320,5,"2010-07-14 10:41:00","2011-01-23 10:32:00",193,"Converted"
"15167",320,5,"2010-02-04 14:13:00","2011-01-23 12:41:00",353,"Converted"
"12829",321,3,"2010-06-07 15:04:00","2011-01-21 12:56:00",228,"Converted"
"12652",321,2,"2010-10-01 15:16:00","2011-01-21 17:01:00",112,"Converted"
"16387",322,5,"2010-03-11 12:22:00","2011-01-21 11:34:00",316,"Converted"
"17890",322,2,"2010-12-13 15:12:00","2011-01-21 11:19:00",39,"Converted"
"15422",322,7,"2010-02-07 11:52:00","2011-01-20 16:17:00",347,"Converted"
"15174",322,2,"2010-10-25 09:40:00","2011-01-21 09:06:00",88,"Converted"
"13284",322,1,"2011-01-13 09:23:00","2011-01-21 10:25:00",8,"Converted"
"13008",322,3,"2009-12-16 16:07:00","2011-01-20 14:24:00",400,"Converted"
"12402",322,6,"2010-02-07 12:41:00","2011-01-20 13:49:00",347,"Converted"
"17862",323,4,"2010-05-25 17:22:00","2011-01-20 12:23:00",240,"Converted"
"15262",323,3,"2010-08-08 15:55:00","2011-01-20 12:16:00",165,"Converted"
"13693",324,9,"2009-12-07 11:29:00","2011-01-18 15:23:00",407,"Converted"
"14090",324,1,"2011-01-19 10:51:00","2011-01-19 10:51:00",0,"Converted"
"15171",324,1,"2011-01-12 15:36:00","2011-01-19 12:39:00",7,"Converted"
"12665",324,3,"2010-02-08 15:11:00","2011-01-19 08:34:00",345,"Converted"
"14238",325,3,"2009-12-05 10:58:00","2011-01-17 14:40:00",408,"Converted"
"15395",325,1,"2011-01-18 12:40:00","2011-01-18 12:40:00",0,"Converted"
"12346",325,3,"2010-03-02 13:08:00","2011-01-18 10:17:00",322,"Converted"
"18212",325,2,"2010-01-31 14:42:00","2011-01-17 16:14:00",351,"Converted"
"13898",325,2,"2010-10-24 15:42:00","2011-01-18 10:28:00",86,"Converted"
"18233",325,1,"2011-01-18 08:44:00","2011-01-18 08:44:00",0,"Converted"
"13859",325,2,"2010-06-28 15:36:00","2011-01-17 16:14:00",203,"Converted"
"12872",326,12,"2009-12-03 20:03:00","2011-01-17 10:52:00",410,"Converted"
"15316",326,1,"2011-01-17 11:34:00","2011-01-17 11:34:00",0,"Converted"
"18106",329,6,"2010-01-15 11:36:00","2011-01-14 12:23:00",364,"Converted"
"15100",329,7,"2010-01-07 14:33:00","2011-01-13 17:09:00",371,"Converted"
"12672",329,2,"2010-04-23 09:57:00","2011-01-14 09:20:00",266,"Converted"
"13385",329,1,"2011-01-14 09:52:00","2011-01-14 09:52:00",0,"Converted"
"17406",329,13,"2009-12-06 13:45:00","2011-01-13 12:52:00",403,"Converted"
"18085",329,4,"2010-03-21 11:57:00","2011-01-13 15:17:00",298,"Converted"
"16315",330,2,"2010-06-21 13:53:00","2011-01-13 11:57:00",206,"Converted"
"14185",330,1,"2011-01-12 13:52:00","2011-01-12 13:52:00",0,"Converted"
"15447",330,5,"2010-03-24 14:40:00","2011-01-13 11:26:00",295,"Converted"
"15510",330,1,"2011-01-13 12:10:00","2011-01-13 12:10:00",0,"Converted"
"14270",331,1,"2011-01-12 09:33:00","2011-01-12 09:33:00",0,"Converted"
"17569",331,1,"2011-01-11 14:15:00","2011-01-11 14:15:00",0,"Converted"
"15346",332,3,"2010-10-04 15:11:00","2011-01-11 11:18:00",99,"Converted"
"16351",332,13,"2009-12-04 16:12:00","2011-01-11 10:26:00",403,"Converted"
"13144",332,2,"2010-10-04 14:14:00","2011-01-11 11:15:00",99,"Converted"
"12736",332,1,"2011-01-11 07:57:00","2011-01-11 07:57:00",0,"Converted"
"15326",333,5,"2009-12-01 13:19:00","2011-01-10 11:38:00",405,"Converted"
"16850",333,1,"2011-01-10 11:09:00","2011-01-10 11:09:00",0,"Converted"
"18032",333,1,"2011-01-09 15:32:00","2011-01-09 15:32:00",0,"Converted"
"17128",334,1,"2011-01-09 12:02:00","2011-01-09 12:02:00",0,"Converted"
"12793",334,3,"2010-11-03 13:05:00","2011-01-09 12:12:00",67,"Converted"
"12651",334,4,"2010-08-31 15:21:00","2011-01-09 12:46:00",131,"Converted"
"15649",335,4,"2010-11-17 16:22:00","2011-01-07 13:34:00",51,"Converted"
"14889",335,1,"2011-01-07 15:19:00","2011-01-07 15:19:00",0,"Converted"
"12489",335,1,"2011-01-07 13:13:00","2011-01-07 13:13:00",0,"Converted"
"15607",336,9,"2010-01-08 12:16:00","2011-01-07 12:44:00",364,"Converted"
"15823",336,2,"2009-12-08 15:12:00","2011-01-06 12:58:00",394,"Converted"
"13187",336,4,"2010-03-25 17:18:00","2011-01-06 18:57:00",287,"Converted"
"15464",337,1,"2011-01-05 15:56:00","2011-01-05 15:56:00",0,"Converted"
"12386",337,2,"2010-12-08 09:53:00","2011-01-06 12:37:00",29,"Converted"
"15266",337,5,"2010-01-07 12:19:00","2011-01-05 13:40:00",363,"Converted"
"16282",339,3,"2009-12-21 11:52:00","2011-01-04 11:42:00",379,"Converted"
"13304",350,4,"2010-02-08 12:42:00","2010-12-23 14:35:00",318,"Converted"
"13922",351,3,"2010-08-29 14:36:00","2010-12-23 10:38:00",116,"Converted"
"15562",351,3,"2009-12-13 15:17:00","2010-12-23 09:55:00",375,"Converted"
"12734",352,3,"2010-11-12 13:26:00","2010-12-22 12:47:00",40,"Converted"
"12515",352,1,"2010-12-21 15:43:00","2010-12-21 15:43:00",0,"Converted"
"16270",352,1,"2010-12-21 14:26:00","2010-12-21 14:26:00",0,"Converted"
"13564",353,36,"2009-12-02 11:55:00","2010-12-20 16:50:00",383,"Converted"
"18176",353,1,"2010-12-16 15:45:00","2010-12-21 12:33:00",5,"Converted"
"13369",353,1,"2010-12-09 11:30:00","2010-12-20 14:02:00",11,"Converted"
"14119",353,2,"2009-12-21 14:52:00","2010-12-20 13:58:00",364,"Converted"
"15460",353,1,"2010-12-20 16:08:00","2010-12-20 16:08:00",0,"Converted"
"18256",354,1,"2010-11-17 08:53:00","2010-12-20 08:27:00",33,"Converted"
"17343",354,6,"2009-12-03 18:30:00","2010-12-19 15:07:00",381,"Converted"
"15279",354,5,"2010-02-02 10:15:00","2010-12-20 10:48:00",321,"Converted"
"15204",356,1,"2010-12-17 13:49:00","2010-12-17 13:49:00",0,"Converted"
"15160",356,4,"2010-10-14 15:26:00","2010-12-17 14:15:00",64,"Converted"
"13033",356,2,"2010-10-06 09:37:00","2010-12-17 14:23:00",72,"Converted"
"18269",357,1,"2010-12-08 13:53:00","2010-12-16 15:39:00",8,"Converted"
"14373",357,1,"2010-12-16 15:40:00","2010-12-16 15:40:00",0,"Converted"
"17691",357,4,"2010-06-11 11:50:00","2010-12-16 17:20:00",188,"Converted"
"12551",357,1,"2010-12-17 11:23:00","2010-12-17 11:23:00",0,"Converted"
"15789",357,6,"2010-03-26 11:21:00","2010-12-16 14:35:00",265,"Converted"
"15224",357,5,"2010-01-15 16:14:00","2010-12-16 15:02:00",335,"Converted"
"13874",357,7,"2009-12-11 13:23:00","2010-12-16 18:20:00",370,"Converted"
"17551",358,1,"2010-12-15 14:12:00","2010-12-15 14:12:00",0,"Converted"
"12666",358,1,"2010-11-10 16:40:00","2010-12-15 14:42:00",35,"Converted"
"13829",358,1,"2010-10-14 18:19:00","2010-12-15 16:36:00",62,"Converted"
"17496",358,4,"2010-01-14 13:36:00","2010-12-16 08:39:00",336,"Converted"
"18050",358,2,"2010-11-11 15:51:00","2010-12-15 14:25:00",34,"Converted"
"17752",358,1,"2010-12-15 16:19:00","2010-12-15 16:19:00",0,"Converted"
"13295",359,4,"2010-05-12 09:13:00","2010-12-15 11:21:00",217,"Converted"
"12797",359,2,"2010-10-11 12:53:00","2010-12-14 16:24:00",64,"Converted"
"16499",359,8,"2010-06-11 12:22:00","2010-12-14 15:20:00",186,"Converted"
"17525",359,3,"2010-10-07 09:12:00","2010-12-15 12:05:00",69,"Converted"
"18141",360,2,"2010-04-29 15:32:00","2010-12-14 11:09:00",229,"Converted"
"16202",360,9,"2009-12-02 10:48:00","2010-12-14 10:43:00",377,"Converted"
"13948",360,4,"2009-12-04 12:14:00","2010-12-14 10:18:00",375,"Converted"
"17303",360,1,"2010-12-13 13:32:00","2010-12-13 13:32:00",0,"Converted"
"16812",360,4,"2010-11-22 14:36:00","2010-12-14 12:35:00",22,"Converted"
"16262",360,1,"2010-01-28 16:43:00","2010-12-14 11:55:00",320,"Converted"
"17194",360,2,"2010-06-27 13:16:00","2010-12-14 12:06:00",170,"Converted"
"17524",360,3,"2010-09-27 16:20:00","2010-12-13 14:32:00",77,"Converted"
"15454",361,2,"2010-03-31 13:15:00","2010-12-12 14:21:00",256,"Converted"
"15361",361,4,"2010-06-14 13:27:00","2010-12-13 09:52:00",182,"Converted"
"18004",361,1,"2010-12-12 13:47:00","2010-12-12 13:47:00",0,"Converted"
"14413",361,3,"2010-01-19 14:27:00","2010-12-12 13:37:00",327,"Converted"
"16665",361,1,"2010-12-12 14:03:00","2010-12-12 14:03:00",0,"Converted"
"15503",362,2,"2009-12-13 11:34:00","2010-12-12 10:57:00",364,"Converted"
"17251",362,3,"2009-12-15 10:36:00","2010-12-12 11:06:00",362,"Converted"
"16565",363,4,"2010-06-02 12:47:00","2010-12-10 15:21:00",191,"Converted"
"16727",363,4,"2010-01-20 10:48:00","2010-12-10 13:48:00",324,"Converted"
"14082",364,2,"2010-11-12 11:47:00","2010-12-10 11:02:00",28,"Converted"
"12605",364,3,"2010-09-07 14:21:00","2010-12-09 15:41:00",93,"Converted"
"16795",364,3,"2010-01-25 12:10:00","2010-12-09 14:08:00",318,"Converted"
"17456",364,2,"2010-09-09 15:28:00","2010-12-09 15:23:00",91,"Converted"
"15945",364,4,"2009-12-01 13:47:00","2010-12-09 13:14:00",373,"Converted"
"15723",364,4,"2010-05-14 12:55:00","2010-12-10 11:12:00",210,"Converted"
"16579",364,1,"2010-10-10 11:58:00","2010-12-09 15:00:00",60,"Converted"
"17307",364,11,"2010-01-19 16:36:00","2010-12-09 15:24:00",324,"Converted"
"17978",364,4,"2009-12-08 13:27:00","2010-12-09 14:05:00",366,"Converted"
"16781",364,2,"2010-02-08 13:56:00","2010-12-09 15:18:00",304,"Converted"
"16065",364,8,"2010-09-02 13:27:00","2010-12-09 13:03:00",98,"Converted"
"17880",364,3,"2009-12-09 16:13:00","2010-12-10 10:21:00",366,"Converted"
"13270",365,1,"2010-12-08 14:53:00","2010-12-08 14:53:00",0,"Converted"
"14355",365,3,"2010-03-22 15:08:00","2010-12-09 12:16:00",262,"Converted"
"12870",365,3,"2010-03-25 14:32:00","2010-12-08 14:27:00",258,"Converted"
"13370",365,1,"2010-12-03 10:26:00","2010-12-08 15:57:00",5,"Converted"
"15332",365,6,"2010-07-14 13:01:00","2010-12-08 14:43:00",147,"Converted"
"14437",365,5,"2010-05-05 12:20:00","2010-12-09 09:27:00",218,"Converted"
"15347",365,4,"2010-09-28 12:50:00","2010-12-08 15:25:00",71,"Converted"
"15221",365,4,"2010-03-12 10:40:00","2010-12-08 13:08:00",271,"Converted"
"14932",365,2,"2010-11-19 09:16:00","2010-12-09 11:48:00",20,"Converted"
"16252",365,1,"2010-11-22 11:57:00","2010-12-08 16:15:00",16,"Converted"
"16679",365,3,"2010-06-10 18:35:00","2010-12-08 13:51:00",181,"Converted"
"16858",365,10,"2009-12-15 11:09:00","2010-12-08 14:52:00",358,"Converted"
"16893",366,2,"2010-11-28 15:14:00","2010-12-08 12:06:00",10,"Converted"
"16125",366,14,"2009-12-14 15:38:00","2010-12-07 15:48:00",358,"Converted"
"13786",366,6,"2009-12-03 15:32:00","2010-12-07 13:53:00",369,"Converted"
"12441",366,1,"2010-12-08 10:45:00","2010-12-08 10:45:00",0,"Converted"
"15180",366,3,"2010-04-29 15:27:00","2010-12-07 14:57:00",222,"Converted"
"13807",366,3,"2009-12-04 12:41:00","2010-12-07 15:48:00",368,"Converted"
"14821",366,7,"2010-02-01 13:33:00","2010-12-08 08:43:00",310,"Converted"
"16138",367,3,"2010-04-28 09:51:00","2010-12-06 15:10:00",222,"Converted"
"18119",367,1,"2010-12-07 11:59:00","2010-12-07 11:59:00",0,"Converted"
"16658",367,5,"2010-03-30 16:24:00","2010-12-06 13:47:00",251,"Converted"
"15899",368,1,"2010-12-06 10:36:00","2010-12-06 10:36:00",0,"Converted"
"17860",368,4,"2009-12-11 16:48:00","2010-12-06 12:41:00",360,"Converted"
"15880",368,1,"2010-12-05 13:00:00","2010-12-05 13:09:00",0,"Converted"
"18113",368,1,"2010-12-06 12:31:00","2010-12-06 12:31:00",0,"Converted"
"16718",368,5,"2009-12-06 13:07:00","2010-12-05 13:03:00",364,"Converted"
"14813",369,4,"2010-04-08 11:49:00","2010-12-05 11:57:00",241,"Converted"
"12725",370,3,"2010-05-04 13:59:00","2010-12-03 15:45:00",213,"Converted"
"16926",370,5,"2010-07-01 12:57:00","2010-12-03 13:42:00",155,"Converted"
"16754",371,29,"2010-03-08 11:32:00","2010-12-02 17:38:00",269,"Converted"
"14576",371,1,"2010-12-02 17:51:00","2010-12-02 17:51:00",0,"Converted"
"13011",371,1,"2010-12-02 17:22:00","2010-12-02 17:22:00",0,"Converted"
"12686",371,1,"2010-12-03 09:51:00","2010-12-03 09:51:00",0,"Converted"
"15922",371,1,"2010-12-01 13:51:00","2010-12-02 13:05:00",1,"Converted"
"14213",371,1,"2010-10-31 10:37:00","2010-12-03 09:47:00",33,"Converted"
"12738",371,1,"2010-12-02 18:27:00","2010-12-02 18:27:00",0,"Converted"
"17976",371,1,"2010-12-02 13:49:00","2010-12-02 13:49:00",0,"Converted"
"17547",371,2,"2010-02-12 14:34:00","2010-12-02 14:29:00",293,"Converted"
"17967",371,2,"2010-10-19 13:19:00","2010-12-03 11:19:00",45,"Converted"
"14589",371,1,"2010-12-03 11:42:00","2010-12-03 11:42:00",0,"Converted"
"13958",371,8,"2009-12-05 13:12:00","2010-12-02 17:03:00",362,"Converted"
"16510",371,6,"2010-01-17 12:30:00","2010-12-02 13:39:00",319,"Converted"
"14679",371,3,"2009-12-08 17:13:00","2010-12-03 10:07:00",360,"Converted"
"17643",372,2,"2010-07-22 13:07:00","2010-12-01 14:38:00",132,"Converted"
"13065",372,5,"2010-06-10 11:44:00","2010-12-01 16:52:00",174,"Converted"
"15923",372,1,"2010-12-02 12:16:00","2010-12-02 12:16:00",0,"Converted"
"13108",372,2,"2010-09-30 17:09:00","2010-12-02 10:35:00",63,"Converted"
"15070",372,3,"2009-12-15 13:49:00","2010-12-02 11:23:00",352,"Converted"
"14237",372,2,"2010-04-28 10:04:00","2010-12-01 13:20:00",217,"Converted"
"16752",372,1,"2010-12-02 12:18:00","2010-12-02 12:18:00",0,"Converted"
"14142",372,2,"2010-03-03 15:13:00","2010-12-01 16:33:00",273,"Converted"
"15165",372,1,"2010-12-01 14:03:00","2010-12-01 14:03:00",0,"Converted"
"12855",372,4,"2010-11-02 18:16:00","2010-12-02 09:37:00",30,"Converted"
"18011",372,2,"2010-05-21 13:28:00","2010-12-01 17:35:00",194,"Converted"
"17925",372,1,"2010-12-02 10:10:00","2010-12-02 10:10:00",0,"Converted"
"15350",372,2,"2010-11-21 15:14:00","2010-12-01 13:33:00",10,"Converted"
"17732",372,8,"2010-08-09 08:41:00","2010-12-02 09:29:00",115,"Converted"
"17855",372,1,"2010-12-02 09:44:00","2010-12-02 09:44:00",0,"Converted"
"16274",372,1,"2010-12-01 15:35:00","2010-12-01 15:35:00",0,"Converted"
"17826",373,1,"2010-11-30 13:23:00","2010-11-30 13:23:00",0,"Converted"
"14729",373,3,"2010-03-24 13:30:00","2010-12-01 12:43:00",252,"Converted"
"13010",373,2,"2010-03-01 11:28:00","2010-11-30 15:09:00",274,"Converted"
"17968",373,4,"2010-07-15 15:01:00","2010-12-01 12:23:00",139,"Converted"
"16355",373,1,"2010-11-29 14:21:00","2010-11-30 15:08:00",1,"Converted"
"17342",373,4,"2010-02-08 09:16:00","2010-11-30 14:08:00",295,"Converted"
"18074",373,2,"2010-07-22 10:31:00","2010-12-01 09:53:00",132,"Converted"
"16583",373,2,"2010-02-04 12:18:00","2010-12-01 12:03:00",300,"Converted"
"17170",373,2,"2010-11-02 17:45:00","2010-11-30 15:55:00",28,"Converted"
"17908",373,5,"2009-12-14 12:24:00","2010-12-01 11:45:00",352,"Converted"
"12791",373,5,"2010-03-25 17:29:00","2010-12-01 11:27:00",251,"Converted"
"13444",373,2,"2010-07-21 14:34:00","2010-11-30 13:02:00",132,"Converted"
"17378",373,1,"2010-11-30 15:52:00","2010-11-30 18:46:00",0,"Converted"
"16228",373,3,"2010-11-04 18:54:00","2010-11-30 13:53:00",26,"Converted"
"17281",373,6,"2010-02-04 13:00:00","2010-11-30 18:05:00",299,"Converted"
"15960",373,4,"2010-09-30 15:50:00","2010-11-30 15:57:00",61,"Converted"
"14605",373,4,"2009-12-08 13:59:00","2010-11-30 14:07:00",357,"Converted"
"18039",373,4,"2010-03-09 11:19:00","2010-11-30 13:07:00",266,"Converted"
"13747",373,2,"2010-10-11 09:15:00","2010-12-01 10:37:00",51,"Converted"
"15828",374,1,"2010-11-29 16:41:00","2010-11-29 16:41:00",0,"Converted"
"15369",374,11,"2009-12-08 07:43:00","2010-11-30 12:09:00",357,"Converted"
"17814",374,2,"2010-10-13 14:03:00","2010-11-29 14:21:00",47,"Converted"
"16194",374,1,"2010-11-29 13:28:00","2010-11-29 13:28:00",0,"Converted"
"17688",374,1,"2010-11-11 10:41:00","2010-11-30 10:51:00",19,"Converted"
"12351",374,1,"2010-11-29 15:23:00","2010-11-29 15:23:00",0,"Converted"
"14008",374,1,"2010-10-03 13:09:00","2010-11-29 13:19:00",57,"Converted"
"14170",374,3,"2010-11-09 14:06:00","2010-11-29 13:10:00",20,"Converted"
"16223",374,2,"2010-11-09 12:07:00","2010-11-30 11:50:00",21,"Converted"
"15989",375,2,"2009-12-02 15:51:00","2010-11-29 12:03:00",362,"Converted"
"18002",375,4,"2009-12-08 11:07:00","2010-11-29 10:57:00",356,"Converted"
"18003",375,1,"2010-11-28 15:09:00","2010-11-28 15:09:00",0,"Converted"
"14454",375,5,"2009-12-06 12:56:00","2010-11-28 13:26:00",357,"Converted"
"12996",375,1,"2010-11-29 09:27:00","2010-11-29 09:27:00",0,"Converted"
"13254",375,1,"2010-11-28 15:42:00","2010-11-28 15:42:00",0,"Converted"
"17804",375,3,"2009-12-01 12:22:00","2010-11-28 14:01:00",362,"Converted"
"14986",375,2,"2010-01-24 15:54:00","2010-11-28 15:25:00",308,"Converted"
"15037",375,2,"2010-11-28 12:14:00","2010-11-28 13:05:00",0,"Converted"
"17607",375,1,"2010-11-28 13:11:00","2010-11-28 13:11:00",0,"Converted"
"12767",375,1,"2010-11-29 09:38:00","2010-11-29 09:38:00",0,"Converted"
"17756",375,3,"2010-11-10 12:54:00","2010-11-29 12:20:00",19,"Converted"
"17322",375,5,"2009-12-03 11:46:00","2010-11-28 14:41:00",360,"Converted"
"15404",375,1,"2010-11-29 11:03:00","2010-11-29 11:03:00",0,"Converted"
"16421",375,3,"2010-08-27 12:02:00","2010-11-28 13:31:00",93,"Converted"
"15583",375,1,"2010-11-28 15:04:00","2010-11-28 15:04:00",0,"Converted"
"14510",375,3,"2010-09-29 13:35:00","2010-11-29 12:46:00",61,"Converted"
"17150",376,6,"2009-12-06 10:51:00","2010-11-28 11:27:00",357,"Converted"
"15446",376,3,"2009-12-13 13:53:00","2010-11-28 11:59:00",350,"Converted"
"13542",376,17,"2009-12-10 19:53:00","2010-11-28 11:24:00",353,"Converted"
"15580",376,8,"2010-02-07 11:21:00","2010-11-28 11:01:00",294,"Converted"
"17952",377,4,"2010-06-16 11:54:00","2010-11-26 13:54:00",163,"Converted"
"16254",377,3,"2010-03-17 15:43:00","2010-11-26 13:22:00",254,"Converted"
"15914",377,2,"2010-11-26 16:09:00","2010-11-26 16:10:00",0,"Converted"
"13891",377,3,"2010-05-06 16:02:00","2010-11-26 15:57:00",204,"Converted"
"18031",378,1,"2010-11-26 11:00:00","2010-11-26 11:00:00",0,"Converted"
"12961",378,1,"2010-11-25 16:44:00","2010-11-25 16:44:00",0,"Converted"
"14721",378,1,"2010-11-25 13:08:00","2010-11-25 13:08:00",0,"Converted"
"13202",378,7,"2009-12-09 10:48:00","2010-11-26 12:05:00",352,"Converted"
"17283",378,1,"2010-11-26 11:53:00","2010-11-26 11:53:00",0,"Converted"
"15495",378,1,"2010-11-25 13:46:00","2010-11-25 13:46:00",0,"Converted"
"15961",378,1,"2010-11-25 15:59:00","2010-11-25 15:59:00",0,"Converted"
"17989",378,1,"2010-11-25 13:49:00","2010-11-25 13:49:00",0,"Converted"
"13019",378,6,"2009-12-06 15:40:00","2010-11-25 14:56:00",354,"Converted"
"12385",378,1,"2010-11-25 15:14:00","2010-11-25 15:14:00",0,"Converted"
"17882",378,2,"2010-11-25 14:35:00","2010-11-25 14:40:00",0,"Converted"
"16874",378,1,"2010-11-25 13:08:00","2010-11-25 13:08:00",0,"Converted"
"15936",378,2,"2010-08-29 11:42:00","2010-11-25 16:39:00",88,"Converted"
"15020",378,1,"2010-11-25 13:29:00","2010-11-25 13:29:00",0,"Converted"
"16231",378,4,"2010-04-21 12:06:00","2010-11-25 15:00:00",218,"Converted"
"13987",379,2,"2010-11-04 09:54:00","2010-11-25 10:20:00",21,"Converted"
"18076",379,1,"2010-11-24 14:02:00","2010-11-24 14:02:00",0,"Converted"
"15509",379,1,"2010-11-24 14:48:00","2010-11-24 14:48:00",0,"Converted"
"15476",379,4,"2010-09-23 14:00:00","2010-11-24 15:17:00",62,"Converted"
"17996",379,3,"2010-06-11 11:48:00","2010-11-25 11:00:00",167,"Converted"
"15902",379,1,"2010-11-24 16:57:00","2010-11-24 16:57:00",0,"Converted"
"17167",379,3,"2010-09-20 14:02:00","2010-11-25 10:05:00",66,"Converted"
"15084",379,2,"2010-03-04 10:45:00","2010-11-25 11:58:00",266,"Converted"
"17998",379,3,"2009-12-01 13:07:00","2010-11-24 15:35:00",358,"Converted"
"18025",379,6,"2010-03-30 17:33:00","2010-11-25 12:37:00",240,"Converted"
"13554",379,7,"2010-09-19 12:39:00","2010-11-24 15:05:00",66,"Converted"
"16699",379,7,"2009-12-04 13:31:00","2010-11-24 14:38:00",355,"Converted"
"16489",379,2,"2010-09-29 15:02:00","2010-11-24 14:40:00",56,"Converted"
"13624",380,1,"2010-11-16 13:43:00","2010-11-23 18:42:00",7,"Converted"
"16590",380,2,"2010-10-21 12:09:00","2010-11-23 19:01:00",33,"Converted"
"16001",380,1,"2010-06-15 09:51:00","2010-11-23 17:10:00",161,"Converted"
"16437",380,2,"2010-10-06 12:34:00","2010-11-23 16:59:00",48,"Converted"
"18047",380,2,"2010-11-23 12:57:00","2010-11-23 13:11:00",0,"Converted"
"17598",380,1,"2010-11-23 17:43:00","2010-11-23 17:43:00",0,"Converted"
"15173",380,7,"2010-04-01 12:26:00","2010-11-24 10:21:00",237,"Converted"
"14252",380,1,"2010-11-23 13:36:00","2010-11-23 13:36:00",0,"Converted"
"14202",380,3,"2010-03-25 10:36:00","2010-11-23 17:13:00",243,"Converted"
"13843",380,1,"2010-11-23 17:48:00","2010-11-23 17:48:00",0,"Converted"
"13181",380,1,"2010-11-23 15:05:00","2010-11-23 15:05:00",0,"Converted"
"12889",380,4,"2010-07-25 14:32:00","2010-11-23 16:08:00",121,"Converted"
"14458",380,1,"2010-11-24 12:43:00","2010-11-24 12:43:00",0,"Converted"
"17766",380,2,"2010-11-23 14:17:00","2010-11-23 14:29:00",0,"Converted"
"16821",381,1,"2010-11-23 10:04:00","2010-11-23 10:04:00",0,"Converted"
"14478",381,4,"2009-12-01 13:20:00","2010-11-22 15:29:00",356,"Converted"
"15590",381,5,"2010-04-12 10:09:00","2010-11-22 14:49:00",224,"Converted"
"12880",381,2,"2010-05-14 11:57:00","2010-11-23 10:50:00",193,"Converted"
"14994",381,5,"2010-03-26 12:40:00","2010-11-22 12:59:00",241,"Converted"
"12805",381,4,"2010-02-03 09:06:00","2010-11-23 12:27:00",293,"Converted"
"17713",381,4,"2010-06-09 09:33:00","2010-11-22 16:50:00",166,"Converted"
"14926",381,2,"2010-04-20 09:59:00","2010-11-23 07:13:00",217,"Converted"
"17872",381,1,"2010-11-23 12:02:00","2010-11-23 12:02:00",0,"Converted"
"16373",381,2,"2010-10-24 13:10:00","2010-11-22 15:50:00",29,"Converted"
"16155",381,5,"2010-06-18 11:23:00","2010-11-23 12:03:00",158,"Converted"
"15169",381,2,"2009-12-13 11:16:00","2010-11-22 13:04:00",344,"Converted"
"16935",381,3,"2010-10-14 13:09:00","2010-11-23 09:16:00",40,"Converted"
"17098",381,3,"2010-06-17 10:30:00","2010-11-23 12:13:00",159,"Converted"
"17782",382,2,"2010-11-22 10:03:00","2010-11-22 11:15:00",0,"Converted"
"15155",382,1,"2010-11-21 12:59:00","2010-11-21 12:59:00",0,"Converted"
"13086",382,1,"2010-11-22 10:28:00","2010-11-22 10:28:00",0,"Converted"
"16972",382,2,"2010-09-09 11:20:00","2010-11-22 10:59:00",74,"Converted"
"12858",382,1,"2010-11-21 12:55:00","2010-11-21 12:55:00",0,"Converted"
"15519",382,2,"2010-09-19 13:57:00","2010-11-21 14:35:00",63,"Converted"
"16501",382,1,"2010-11-21 14:10:00","2010-11-21 14:10:00",0,"Converted"
"13550",382,1,"2010-11-21 15:24:00","2010-11-21 15:24:00",0,"Converted"
"15377",382,4,"2010-10-20 11:42:00","2010-11-22 08:55:00",33,"Converted"
"16946",382,5,"2010-03-02 10:49:00","2010-11-21 14:06:00",264,"Converted"
"17275",382,1,"2010-11-21 13:26:00","2010-11-21 13:26:00",0,"Converted"
"12807",382,1,"2010-11-18 13:20:00","2010-11-21 14:21:00",3,"Converted"
"17036",382,1,"2010-11-21 14:26:00","2010-11-21 14:26:00",0,"Converted"
"14134",382,15,"2009-12-10 09:25:00","2010-11-22 12:26:00",347,"Converted"
"17335",383,2,"2010-01-24 11:15:00","2010-11-21 10:17:00",301,"Converted"
"12887",383,1,"2010-11-21 11:18:00","2010-11-21 11:18:00",0,"Converted"
"13275",383,2,"2010-03-17 14:05:00","2010-11-21 12:09:00",249,"Converted"
"12978",384,5,"2009-12-10 11:23:00","2010-11-19 14:29:00",344,"Converted"
"15138",384,1,"2010-11-11 09:16:00","2010-11-19 14:28:00",8,"Converted"
"12874",384,2,"2010-06-03 12:51:00","2010-11-19 15:23:00",169,"Converted"
"17493",384,1,"2010-11-19 16:57:00","2010-11-19 16:57:00",0,"Converted"
"13961",384,1,"2010-11-12 14:40:00","2010-11-19 15:13:00",7,"Converted"
"16346",384,1,"2010-11-19 15:55:00","2010-11-19 15:55:00",0,"Converted"
"15846",384,1,"2010-11-19 14:40:00","2010-11-19 14:40:00",0,"Converted"
"17241",384,12,"2010-02-15 14:47:00","2010-11-19 13:01:00",277,"Converted"
"13156",384,3,"2010-02-01 13:45:00","2010-11-19 13:09:00",291,"Converted"
"17868",385,1,"2010-11-18 18:55:00","2010-11-18 18:55:00",0,"Converted"
"17421",385,3,"2009-12-04 15:43:00","2010-11-18 16:57:00",349,"Converted"
"16089",385,2,"2010-07-18 15:51:00","2010-11-18 13:51:00",123,"Converted"
"16588",385,4,"2010-05-14 13:43:00","2010-11-18 17:56:00",188,"Converted"
"17269",385,1,"2010-11-19 11:12:00","2010-11-19 11:12:00",0,"Converted"
"17089",385,1,"2010-11-18 15:33:00","2010-11-18 15:33:00",0,"Converted"
"13970",385,2,"2010-09-28 11:53:00","2010-11-18 13:21:00",51,"Converted"
"17355",385,1,"2010-11-18 13:18:00","2010-11-18 13:18:00",0,"Converted"
"16599",385,1,"2010-11-19 12:45:00","2010-11-19 12:45:00",0,"Converted"
"12629",385,2,"2010-10-12 16:40:00","2010-11-19 09:18:00",38,"Converted"
"13996",385,2,"2010-11-05 15:07:00","2010-11-18 16:27:00",13,"Converted"
"16973",385,1,"2010-11-18 13:56:00","2010-11-18 13:56:00",0,"Converted"
"17683",385,3,"2010-06-03 17:15:00","2010-11-19 10:11:00",169,"Converted"
"12467",385,1,"2010-10-12 15:41:00","2010-11-18 15:53:00",37,"Converted"
"12419",385,2,"2010-10-22 10:40:00","2010-11-19 10:04:00",28,"Converted"
"17532",385,1,"2010-11-19 08:13:00","2010-11-19 08:13:00",0,"Converted"
"14614",385,1,"2010-11-18 13:04:00","2010-11-18 13:04:00",0,"Converted"
"13665",385,3,"2010-07-23 13:29:00","2010-11-18 13:06:00",118,"Converted"
"18195",386,1,"2010-11-17 15:03:00","2010-11-17 15:03:00",0,"Converted"
"13864",386,1,"2010-11-18 12:50:00","2010-11-18 12:50:00",0,"Converted"
"14405",386,1,"2010-11-18 11:40:00","2010-11-18 11:40:00",0,"Converted"
"13605",386,2,"2010-05-17 15:46:00","2010-11-17 17:16:00",184,"Converted"
"17776",386,2,"2009-12-16 14:59:00","2010-11-18 12:14:00",337,"Converted"
"15515",386,1,"2010-11-17 13:39:00","2010-11-17 13:39:00",0,"Converted"
"13964",386,2,"2010-10-05 12:38:00","2010-11-17 13:53:00",43,"Converted"
"17310",386,2,"2010-06-23 11:38:00","2010-11-17 16:00:00",147,"Converted"
"14811",386,1,"2010-11-17 13:09:00","2010-11-17 13:09:00",0,"Converted"
"17200",386,4,"2010-02-25 13:23:00","2010-11-17 13:04:00",265,"Converted"
"17689",387,2,"2010-08-22 13:54:00","2010-11-16 13:22:00",86,"Converted"
"15842",387,2,"2010-06-30 09:06:00","2010-11-16 17:58:00",139,"Converted"
"14192",387,1,"2010-11-16 17:44:00","2010-11-16 17:44:00",0,"Converted"
"13789",387,1,"2010-11-16 15:31:00","2010-11-16 15:31:00",0,"Converted"
"13597",387,2,"2010-11-02 09:30:00","2010-11-16 13:53:00",14,"Converted"
"15968",387,1,"2010-11-16 13:04:00","2010-11-16 13:04:00",0,"Converted"
"13237",387,1,"2010-11-17 10:07:00","2010-11-17 10:07:00",0,"Converted"
"15161",387,1,"2010-11-16 16:08:00","2010-11-16 16:08:00",0,"Converted"
"13795",387,4,"2010-03-12 12:44:00","2010-11-16 17:25:00",249,"Converted"
"14417",387,1,"2010-11-17 10:55:00","2010-11-17 10:55:00",0,"Converted"
"14526",388,1,"2010-11-15 13:32:00","2010-11-15 13:32:00",0,"Converted"
"17740",388,6,"2010-01-11 13:11:00","2010-11-15 16:33:00",308,"Converted"
"14358",388,2,"2010-10-07 17:26:00","2010-11-15 15:51:00",39,"Converted"
"16087",388,5,"2010-01-19 12:30:00","2010-11-15 16:44:00",300,"Converted"
"17106",388,1,"2010-11-15 14:11:00","2010-11-15 14:11:00",0,"Converted"
"17992",388,1,"2010-11-15 13:04:00","2010-11-15 13:04:00",0,"Converted"
"14065",388,3,"2010-10-04 12:03:00","2010-11-15 16:13:00",42,"Converted"
"17544",389,3,"2010-11-14 14:47:00","2010-11-14 15:08:00",0,"Converted"
"13582",389,2,"2010-04-01 11:38:00","2010-11-15 11:34:00",228,"Converted"
"14559",389,1,"2010-11-14 16:05:00","2010-11-14 16:05:00",0,"Converted"
"14599",389,2,"2010-07-18 15:54:00","2010-11-14 14:49:00",119,"Converted"
"15283",389,3,"2010-07-09 15:46:00","2010-11-14 14:54:00",128,"Converted"
"16314",389,3,"2010-08-24 11:52:00","2010-11-15 12:06:00",83,"Converted"
"16074",389,1,"2010-11-14 13:19:00","2010-11-14 13:19:00",0,"Converted"
"12376",389,2,"2010-10-18 08:42:00","2010-11-15 12:15:00",28,"Converted"
"17497",389,2,"2010-04-08 08:01:00","2010-11-14 14:17:00",220,"Converted"
"15726",389,1,"2010-11-14 16:12:00","2010-11-14 16:12:00",0,"Converted"
"17300",390,2,"2010-08-15 11:02:00","2010-11-14 10:56:00",91,"Converted"
"16687",390,1,"2010-11-14 11:46:00","2010-11-14 11:46:00",0,"Converted"
"14807",390,2,"2010-02-28 11:33:00","2010-11-14 12:47:00",259,"Converted"
"18063",390,2,"2010-03-16 13:05:00","2010-11-14 10:46:00",243,"Converted"
"13545",390,2,"2009-12-01 12:41:00","2010-11-14 11:27:00",348,"Converted"
"16199",391,7,"2010-03-18 18:47:00","2010-11-12 12:55:00",239,"Converted"
"17366",391,2,"2010-09-09 19:46:00","2010-11-12 16:55:00",64,"Converted"
"17803",391,1,"2010-11-12 13:53:00","2010-11-12 13:53:00",0,"Converted"
"13293",391,6,"2009-12-01 10:55:00","2010-11-12 13:28:00",346,"Converted"
"15566",392,2,"2009-12-15 14:53:00","2010-11-12 12:11:00",332,"Converted"
"18007",392,1,"2010-11-12 11:08:00","2010-11-12 11:08:00",0,"Converted"
"17815",392,1,"2010-11-11 14:39:00","2010-11-11 14:39:00",0,"Converted"
"17308",392,2,"2010-09-13 09:35:00","2010-11-11 13:19:00",59,"Converted"
"16827",392,5,"2010-04-29 19:07:00","2010-11-11 14:04:00",196,"Converted"
"13857",392,6,"2010-05-17 14:21:00","2010-11-11 12:54:00",178,"Converted"
"18054",392,1,"2010-11-12 08:18:00","2010-11-12 08:18:00",0,"Converted"
"12505",392,1,"2010-10-27 09:18:00","2010-11-11 17:54:00",15,"Converted"
"18057",392,3,"2010-01-18 12:42:00","2010-11-11 16:55:00",297,"Converted"
"16118",392,1,"2010-02-25 09:40:00","2010-11-11 19:54:00",259,"Converted"
"16797",392,5,"2009-12-02 12:34:00","2010-11-11 19:14:00",344,"Converted"
"12803",392,1,"2010-11-11 14:57:00","2010-11-11 14:57:00",0,"Converted"
"17210",392,1,"2010-11-12 12:15:00","2010-11-12 12:15:00",0,"Converted"
"16677",392,2,"2010-02-25 16:11:00","2010-11-11 18:01:00",259,"Converted"
"17558",392,1,"2010-11-11 14:36:00","2010-11-11 14:36:00",0,"Converted"
"17476",392,2,"2009-12-02 12:09:00","2010-11-11 19:11:00",344,"Converted"
"14615",393,5,"2010-06-09 13:59:00","2010-11-10 13:36:00",154,"Converted"
"14922",393,2,"2010-07-20 09:45:00","2010-11-11 11:14:00",114,"Converted"
"16786",393,1,"2010-11-11 08:25:00","2010-11-11 08:25:00",0,"Converted"
"13915",393,1,"2009-12-08 13:42:00","2010-11-10 15:17:00",337,"Converted"
"16662",393,1,"2010-11-10 16:56:00","2010-11-10 16:56:00",0,"Converted"
"17903",393,1,"2010-11-10 15:39:00","2010-11-10 15:39:00",0,"Converted"
"16868",393,3,"2010-04-25 11:31:00","2010-11-10 13:17:00",199,"Converted"
"13096",393,1,"2010-11-10 14:08:00","2010-11-10 14:08:00",0,"Converted"
"14399",393,8,"2010-02-03 13:08:00","2010-11-10 13:23:00",280,"Converted"
"13252",393,2,"2010-03-24 10:30:00","2010-11-10 16:00:00",231,"Converted"
"15001",393,2,"2010-11-10 13:31:00","2010-11-10 13:51:00",0,"Converted"
"15890",394,5,"2010-04-14 08:43:00","2010-11-10 12:46:00",210,"Converted"
"14899",394,1,"2010-11-09 15:20:00","2010-11-09 15:20:00",0,"Converted"
"13671",394,1,"2010-11-10 10:50:00","2010-11-10 10:50:00",0,"Converted"
"16740",394,1,"2010-11-09 13:34:00","2010-11-09 13:34:00",0,"Converted"
"15131",394,1,"2010-11-10 12:07:00","2010-11-10 12:07:00",0,"Converted"
"17983",394,1,"2010-11-09 13:23:00","2010-11-09 13:24:00",0,"Converted"
"16977",394,4,"2010-03-18 11:06:00","2010-11-09 13:17:00",236,"Converted"
"17807",394,3,"2010-01-04 14:00:00","2010-11-09 16:21:00",309,"Converted"
"17726",394,7,"2010-01-26 14:58:00","2010-11-09 13:37:00",287,"Converted"
"13945",394,2,"2010-08-17 09:59:00","2010-11-10 10:00:00",85,"Converted"
"14365",394,2,"2010-01-27 09:44:00","2010-11-10 09:52:00",287,"Converted"
"16021",394,2,"2010-06-13 11:05:00","2010-11-09 14:48:00",149,"Converted"
"12927",394,1,"2010-11-10 10:02:00","2010-11-10 10:02:00",0,"Converted"
"17467",394,1,"2010-11-09 12:58:00","2010-11-09 12:58:00",0,"Converted"
"14122",394,3,"2009-12-02 14:22:00","2010-11-10 09:38:00",343,"Converted"
"17363",394,3,"2010-11-02 17:25:00","2010-11-09 17:11:00",7,"Converted"
"13691",395,1,"2010-11-08 17:34:00","2010-11-08 17:34:00",0,"Converted"
"15390",395,2,"2010-10-26 17:23:00","2010-11-08 15:19:00",13,"Converted"
"17208",395,1,"2010-11-09 12:50:00","2010-11-09 12:50:00",0,"Converted"
"16420",395,1,"2010-11-08 15:15:00","2010-11-08 15:15:00",0,"Converted"
"15617",395,3,"2010-07-20 13:16:00","2010-11-08 16:07:00",111,"Converted"
"13660",395,1,"2010-11-04 16:10:00","2010-11-09 10:01:00",5,"Converted"
"15011",395,2,"2010-10-19 12:05:00","2010-11-09 11:10:00",21,"Converted"
"17000",395,2,"2010-10-27 14:16:00","2010-11-08 13:35:00",12,"Converted"
"15441",395,3,"2009-12-09 14:55:00","2010-11-08 15:50:00",334,"Converted"
"15635",395,1,"2010-11-09 08:58:00","2010-11-09 08:58:00",0,"Converted"
"12907",395,2,"2010-02-24 11:56:00","2010-11-09 12:08:00",258,"Converted"
"14610",395,2,"2010-07-13 16:06:00","2010-11-09 10:58:00",119,"Converted"
"16381",395,2,"2010-10-17 13:06:00","2010-11-09 09:56:00",23,"Converted"
"13738",395,1,"2010-11-08 15:23:00","2010-11-08 15:23:00",0,"Converted"
"18098",395,1,"2010-11-08 16:31:00","2010-11-08 16:31:00",0,"Converted"
"14275",395,6,"2010-04-11 12:32:00","2010-11-09 09:06:00",212,"Converted"
"14927",396,1,"2010-11-08 12:30:00","2010-11-08 12:30:00",0,"Converted"
"17258",396,2,"2010-02-12 15:51:00","2010-11-08 12:37:00",269,"Converted"
"13773",396,2,"2010-02-18 10:27:00","2010-11-08 11:49:00",263,"Converted"
"12892",396,1,"2010-11-08 09:51:00","2010-11-08 09:51:00",0,"Converted"
"16559",396,1,"2010-11-07 13:52:00","2010-11-07 13:52:00",0,"Converted"
"14203",396,1,"2010-11-07 13:35:00","2010-11-07 13:35:00",0,"Converted"
"13377",396,2,"2010-03-04 10:06:00","2010-11-08 12:20:00",249,"Converted"
"16640",397,1,"2010-11-07 10:48:00","2010-11-07 10:48:00",0,"Converted"
"16787",397,4,"2010-01-10 11:12:00","2010-11-07 11:01:00",301,"Converted"
"18083",397,1,"2010-11-07 11:44:00","2010-11-07 11:44:00",0,"Converted"
"15560",397,2,"2010-11-07 10:14:00","2010-11-07 10:15:00",0,"Converted"
"13921",398,4,"2009-12-18 12:19:00","2010-11-05 15:04:00",322,"Converted"
"13836",398,2,"2010-10-21 13:27:00","2010-11-05 13:31:00",15,"Converted"
"13154",398,3,"2009-12-04 08:46:00","2010-11-05 16:00:00",336,"Converted"
"13903",399,1,"2010-11-04 17:44:00","2010-11-04 17:44:00",0,"Converted"
"13172",399,1,"2010-11-04 15:10:00","2010-11-04 15:10:00",0,"Converted"
"15425",399,4,"2010-02-14 12:36:00","2010-11-04 18:13:00",263,"Converted"
"13303",399,1,"2010-11-04 14:55:00","2010-11-04 14:55:00",0,"Converted"
"17876",399,3,"2010-02-02 13:00:00","2010-11-05 10:52:00",276,"Converted"
"12958",399,2,"2010-05-05 16:22:00","2010-11-04 16:16:00",183,"Converted"
"13646",399,2,"2010-11-05 11:02:00","2010-11-05 12:13:00",0,"Converted"
"13648",399,8,"2009-12-01 18:13:00","2010-11-04 14:46:00",338,"Converted"
"13206",399,13,"2009-12-07 13:48:00","2010-11-04 16:50:00",332,"Converted"
"17276",399,1,"2010-11-02 16:20:00","2010-11-05 10:42:00",3,"Converted"
"16707",399,4,"2010-03-09 15:16:00","2010-11-04 14:39:00",240,"Converted"
"15294",399,1,"2010-10-25 11:45:00","2010-11-04 17:45:00",10,"Converted"
"15792",399,2,"2010-03-31 09:42:00","2010-11-05 08:21:00",219,"Converted"
"14136",400,5,"2009-12-08 09:19:00","2010-11-04 11:53:00",331,"Converted"
"16888",400,3,"2010-01-07 13:07:00","2010-11-04 12:39:00",301,"Converted"
"14398",400,2,"2010-06-30 11:57:00","2010-11-03 13:46:00",126,"Converted"
"16391",400,4,"2010-05-27 11:27:00","2010-11-04 12:27:00",161,"Converted"
"15233",400,1,"2010-11-03 13:36:00","2010-11-03 13:36:00",0,"Converted"
"16060",400,3,"2010-08-02 15:26:00","2010-11-04 12:10:00",94,"Converted"
"15481",400,1,"2010-11-03 14:52:00","2010-11-03 14:52:00",0,"Converted"
"17473",400,2,"2010-09-09 19:03:00","2010-11-03 13:30:00",55,"Converted"
"13981",400,1,"2010-10-20 10:03:00","2010-11-04 11:10:00",15,"Converted"
"12914",400,1,"2010-11-04 12:28:00","2010-11-04 12:28:00",0,"Converted"
"13251",401,1,"2010-11-02 13:20:00","2010-11-02 13:20:00",0,"Converted"
"14942",401,4,"2009-12-10 10:32:00","2010-11-03 10:51:00",328,"Converted"
"15915",401,1,"2010-11-03 11:13:00","2010-11-03 11:13:00",0,"Converted"
"16865",401,1,"2010-11-03 11:34:00","2010-11-03 11:34:00",0,"Converted"
"17003",401,4,"2010-05-10 11:20:00","2010-11-02 13:15:00",176,"Converted"
"13215",401,1,"2010-11-02 18:26:00","2010-11-02 18:26:00",0,"Converted"
"15336",401,1,"2010-11-03 12:39:00","2010-11-03 12:39:00",0,"Converted"
"14363",401,2,"2010-09-14 14:39:00","2010-11-02 17:01:00",49,"Converted"
"13331",401,1,"2010-11-03 08:04:00","2010-11-03 08:04:00",0,"Converted"
"15337",402,1,"2010-10-24 15:29:00","2010-11-02 10:34:00",9,"Converted"
"14617",402,2,"2010-10-20 10:40:00","2010-11-02 11:41:00",13,"Converted"
"13535",402,1,"2010-11-02 11:49:00","2010-11-02 11:49:00",0,"Converted"
"12986",402,10,"2010-01-21 10:45:00","2010-11-02 11:01:00",285,"Converted"
"17121",402,1,"2010-11-02 11:47:00","2010-11-02 11:47:00",0,"Converted"
"12389",402,3,"2010-02-22 10:15:00","2010-11-02 11:52:00",253,"Converted"
"16606",403,2,"2010-10-01 13:21:00","2010-10-31 13:57:00",30,"Converted"
"16876",403,1,"2010-11-01 11:59:00","2010-11-01 11:59:00",0,"Converted"
"14429",403,1,"2010-11-01 10:08:00","2010-11-01 10:08:00",0,"Converted"
"14648",403,15,"2009-12-10 13:59:00","2010-11-01 11:17:00",326,"Converted"
"15879",403,4,"2009-12-17 19:54:00","2010-10-31 16:21:00",318,"Converted"
"17413",404,2,"2010-05-19 11:11:00","2010-10-31 12:33:00",165,"Converted"
"16724",404,1,"2010-10-31 11:40:00","2010-10-31 11:40:00",0,"Converted"
"12608",404,1,"2010-10-31 10:49:00","2010-10-31 10:49:00",0,"Converted"
"14848",404,1,"2010-10-31 12:22:00","2010-10-31 12:22:00",0,"Converted"
"15501",404,2,"2010-10-20 12:47:00","2010-10-31 11:15:00",11,"Converted"
"15439",404,4,"2010-02-24 12:05:00","2010-10-31 10:38:00",249,"Converted"
"13677",404,2,"2010-07-07 17:25:00","2010-10-31 11:32:00",116,"Converted"
"17821",405,1,"2010-10-29 13:20:00","2010-10-29 13:20:00",0,"Converted"
"14746",405,4,"2010-10-12 11:06:00","2010-10-29 14:44:00",17,"Converted"
"14490",405,2,"2010-10-07 11:36:00","2010-10-29 15:04:00",22,"Converted"
"13580",405,1,"2010-10-29 15:01:00","2010-10-29 15:01:00",0,"Converted"
"16058",405,1,"2010-10-29 16:48:00","2010-10-29 16:48:00",0,"Converted"
"15170",406,1,"2010-10-29 10:34:00","2010-10-29 10:34:00",0,"Converted"
"16635",406,1,"2010-10-29 09:41:00","2010-10-29 09:41:00",0,"Converted"
"14294",406,1,"2010-10-28 16:25:00","2010-10-28 16:25:00",0,"Converted"
"17741",406,2,"2010-05-28 12:11:00","2010-10-29 11:59:00",154,"Converted"
"15887",406,3,"2010-06-02 11:53:00","2010-10-29 08:36:00",149,"Converted"
"16630",406,1,"2010-09-30 18:21:00","2010-10-28 14:30:00",28,"Converted"
"16129",406,3,"2010-07-20 12:32:00","2010-10-28 14:29:00",100,"Converted"
"17853",406,3,"2009-12-03 15:09:00","2010-10-28 15:29:00",329,"Converted"
"13031",406,5,"2010-06-03 14:57:00","2010-10-28 15:34:00",147,"Converted"
"14303",406,2,"2010-10-01 10:31:00","2010-10-28 15:37:00",27,"Converted"
"17478",407,2,"2010-03-16 14:19:00","2010-10-27 15:01:00",225,"Converted"
"15285",407,1,"2010-10-28 09:46:00","2010-10-28 09:46:00",0,"Converted"
"13713",407,3,"2010-05-05 16:48:00","2010-10-27 16:18:00",175,"Converted"
"17326",407,2,"2010-06-28 14:05:00","2010-10-27 15:38:00",121,"Converted"
"13547",407,1,"2010-10-27 14:14:00","2010-10-27 14:14:00",0,"Converted"
"15328",407,1,"2010-10-28 09:05:00","2010-10-28 09:05:00",0,"Converted"
"14281",407,1,"2010-10-27 14:45:00","2010-10-27 14:45:00",0,"Converted"
"16382",407,2,"2010-06-07 12:42:00","2010-10-27 16:23:00",142,"Converted"
"18060",407,2,"2010-05-24 08:34:00","2010-10-27 16:41:00",156,"Converted"
"15536",408,1,"2010-10-26 16:31:00","2010-10-26 16:31:00",0,"Converted"
"13906",408,1,"2010-10-26 15:00:00","2010-10-26 15:00:00",0,"Converted"
"13274",408,1,"2010-10-26 13:48:00","2010-10-26 13:48:00",0,"Converted"
"15876",408,2,"2010-09-17 15:26:00","2010-10-26 18:58:00",39,"Converted"
"13578",408,1,"2010-10-26 13:44:00","2010-10-26 13:44:00",0,"Converted"
"12537",408,1,"2010-10-27 08:36:00","2010-10-27 08:36:00",0,"Converted"
"12563",408,1,"2010-10-27 09:52:00","2010-10-27 09:52:00",0,"Converted"
"16259",409,3,"2010-04-13 16:57:00","2010-10-25 14:27:00",195,"Converted"
"15207",409,3,"2010-06-10 17:29:00","2010-10-26 11:11:00",138,"Converted"
"12411",409,1,"2010-10-26 09:25:00","2010-10-26 09:25:00",0,"Converted"
"16785",409,1,"2010-10-26 10:36:00","2010-10-26 10:36:00",0,"Converted"
"15064",409,4,"2009-12-22 16:17:00","2010-10-25 14:32:00",307,"Converted"
"17327",409,2,"2010-05-26 11:20:00","2010-10-26 09:54:00",153,"Converted"
"14278",409,1,"2010-10-26 12:07:00","2010-10-26 12:07:00",0,"Converted"
"14324",409,2,"2010-01-15 13:31:00","2010-10-26 11:44:00",284,"Converted"
"14718",409,1,"2010-10-25 13:07:00","2010-10-25 13:07:00",0,"Converted"
"18247",409,3,"2010-03-18 15:52:00","2010-10-26 11:04:00",222,"Converted"
"16962",409,1,"2010-10-26 11:36:00","2010-10-26 11:36:00",0,"Converted"
"16576",409,2,"2010-07-06 10:42:00","2010-10-26 10:59:00",112,"Converted"
"12926",410,4,"2009-12-14 14:35:00","2010-10-24 15:57:00",314,"Converted"
"13333",410,3,"2010-02-19 09:26:00","2010-10-24 13:24:00",247,"Converted"
"17393",410,2,"2010-08-08 15:53:00","2010-10-25 11:10:00",78,"Converted"
"13073",410,2,"2010-09-28 09:27:00","2010-10-24 14:06:00",26,"Converted"
"14181",410,2,"2010-05-26 12:32:00","2010-10-25 08:27:00",152,"Converted"
"17435",410,1,"2010-10-24 13:55:00","2010-10-24 13:55:00",0,"Converted"
"14183",410,2,"2010-08-15 15:36:00","2010-10-24 14:45:00",70,"Converted"
"16920",410,1,"2010-10-24 14:07:00","2010-10-24 14:07:00",0,"Converted"
"13574",410,1,"2010-10-24 13:28:00","2010-10-24 13:28:00",0,"Converted"
"14197",410,1,"2010-10-25 10:01:00","2010-10-25 10:01:00",0,"Converted"
"13977",410,1,"2010-10-24 14:08:00","2010-10-24 14:08:00",0,"Converted"
"17981",410,1,"2010-10-25 10:40:00","2010-10-25 10:40:00",0,"Converted"
"15248",410,3,"2010-06-23 14:34:00","2010-10-24 13:09:00",123,"Converted"
"14249",410,12,"2010-01-29 14:21:00","2010-10-25 12:34:00",269,"Converted"
"13733",410,2,"2009-12-04 15:28:00","2010-10-25 12:18:00",325,"Converted"
"17260",410,1,"2010-10-24 13:21:00","2010-10-24 13:21:00",0,"Converted"
"17407",411,1,"2010-10-24 11:57:00","2010-10-24 11:57:00",0,"Converted"
"13241",411,1,"2010-10-24 11:17:00","2010-10-24 11:17:00",0,"Converted"
"12369",412,3,"2010-03-08 08:09:00","2010-10-22 13:13:00",228,"Converted"
"14728",412,1,"2010-10-22 15:57:00","2010-10-22 15:57:00",0,"Converted"
"18243",413,1,"2010-10-21 14:29:00","2010-10-21 14:29:00",0,"Converted"
"14686",413,5,"2010-02-18 15:48:00","2010-10-21 18:31:00",245,"Converted"
"12973",413,1,"2010-10-22 10:14:00","2010-10-22 10:14:00",0,"Converted"
"14296",413,2,"2010-05-14 14:34:00","2010-10-22 09:25:00",161,"Converted"
"14945",413,1,"2010-10-22 11:26:00","2010-10-22 11:26:00",0,"Converted"
"15995",413,1,"2010-10-21 13:57:00","2010-10-21 13:57:00",0,"Converted"
"12899",413,1,"2010-10-22 09:53:00","2010-10-22 09:53:00",0,"Converted"
"13746",413,1,"2010-10-22 11:55:00","2010-10-22 11:55:00",0,"Converted"
"16310",413,2,"2010-03-07 15:41:00","2010-10-21 14:47:00",228,"Converted"
"13195",413,1,"2010-10-21 13:07:00","2010-10-21 13:07:00",0,"Converted"
"13386",413,2,"2010-09-28 13:09:00","2010-10-21 12:52:00",23,"Converted"
"16465",413,2,"2010-09-21 10:46:00","2010-10-22 09:22:00",31,"Converted"
"16975",413,3,"2010-07-22 11:38:00","2010-10-22 10:35:00",92,"Converted"
"12960",413,4,"2010-02-16 13:32:00","2010-10-22 09:31:00",248,"Converted"
"12972",413,4,"2010-02-16 14:30:00","2010-10-22 08:41:00",248,"Converted"
"12400",413,1,"2010-10-21 13:45:00","2010-10-21 13:45:00",0,"Converted"
"16540",413,1,"2010-10-21 17:22:00","2010-10-21 17:22:00",0,"Converted"
"16167",413,5,"2009-12-01 10:46:00","2010-10-21 15:33:00",324,"Converted"
"12511",414,1,"2010-10-07 10:39:00","2010-10-21 10:58:00",14,"Converted"
"16702",414,4,"2009-12-07 16:40:00","2010-10-20 14:10:00",317,"Converted"
"14612",414,1,"2010-10-20 16:01:00","2010-10-20 16:01:00",0,"Converted"
"17834",414,2,"2010-09-20 15:32:00","2010-10-21 12:09:00",31,"Converted"
"15647",414,1,"2010-10-20 15:09:00","2010-10-20 15:09:00",0,"Converted"
"12387",414,1,"2010-10-20 16:27:00","2010-10-20 16:27:00",0,"Converted"
"16521",414,3,"2010-03-01 13:22:00","2010-10-20 13:09:00",233,"Converted"
"13374",414,2,"2010-09-16 10:29:00","2010-10-21 10:04:00",35,"Converted"
"13840",415,1,"2010-10-19 13:34:00","2010-10-19 13:34:00",0,"Converted"
"14734",415,4,"2010-06-06 15:15:00","2010-10-19 13:09:00",135,"Converted"
"17137",415,6,"2010-01-31 12:27:00","2010-10-19 14:51:00",261,"Converted"
"14469",415,4,"2010-01-29 11:12:00","2010-10-19 14:30:00",263,"Converted"
"16854",416,2,"2010-03-09 14:32:00","2010-10-18 16:31:00",223,"Converted"
"17143",416,2,"2010-07-12 13:26:00","2010-10-18 15:27:00",98,"Converted"
"17023",416,3,"2010-01-11 15:09:00","2010-10-18 15:37:00",280,"Converted"
"16476",416,1,"2010-10-04 10:29:00","2010-10-18 13:51:00",14,"Converted"
"15710",416,1,"2010-10-18 17:05:00","2010-10-18 17:05:00",0,"Converted"
"15459",416,2,"2010-07-30 14:31:00","2010-10-18 15:25:00",80,"Converted"
"13480",416,2,"2010-01-29 12:35:00","2010-10-19 11:53:00",263,"Converted"
"13387",416,1,"2010-10-18 14:07:00","2010-10-18 14:07:00",0,"Converted"
"16772",416,3,"2009-12-18 10:50:00","2010-10-18 13:39:00",304,"Converted"
"13152",416,7,"2010-01-14 10:01:00","2010-10-18 13:44:00",277,"Converted"
"13088",416,1,"2010-10-18 15:35:00","2010-10-18 15:35:00",0,"Converted"
"14877",417,2,"2010-03-07 12:25:00","2010-10-17 13:09:00",224,"Converted"
"14940",417,2,"2009-12-06 15:46:00","2010-10-18 10:47:00",316,"Converted"
"17141",417,4,"2010-01-24 14:19:00","2010-10-17 14:54:00",266,"Converted"
"16069",417,1,"2010-10-18 10:32:00","2010-10-18 10:32:00",0,"Converted"
"15772",417,1,"2010-10-17 13:33:00","2010-10-17 13:33:00",0,"Converted"
"13214",417,7,"2010-03-03 14:10:00","2010-10-18 10:00:00",229,"Converted"
"16691",417,2,"2010-05-27 14:55:00","2010-10-17 15:03:00",143,"Converted"
"13820",417,3,"2010-01-28 12:05:00","2010-10-17 13:46:00",262,"Converted"
"13957",417,3,"2010-02-19 10:32:00","2010-10-18 10:02:00",241,"Converted"
"15934",417,2,"2010-10-06 12:08:00","2010-10-18 10:13:00",12,"Converted"
"14839",417,3,"2010-01-04 16:29:00","2010-10-17 13:01:00",286,"Converted"
"12699",417,1,"2010-10-18 12:07:00","2010-10-18 12:07:00",0,"Converted"
"12835",417,41,"2009-12-03 12:13:00","2010-10-17 16:35:00",318,"Converted"
"15688",418,1,"2010-10-17 12:06:00","2010-10-17 12:06:00",0,"Converted"
"15686",419,1,"2010-10-15 13:50:00","2010-10-15 13:50:00",0,"Converted"
"17938",419,1,"2010-10-15 14:27:00","2010-10-15 14:27:00",0,"Converted"
"17316",419,1,"2010-10-15 14:35:00","2010-10-15 14:35:00",0,"Converted"
"17822",419,5,"2010-05-28 12:15:00","2010-10-15 13:47:00",140,"Converted"
"13446",419,11,"2010-02-14 11:52:00","2010-10-15 15:37:00",243,"Converted"
"17823",420,2,"2010-10-14 16:14:00","2010-10-14 16:24:00",0,"Converted"
"16991",420,1,"2010-10-14 14:08:00","2010-10-14 14:08:00",0,"Converted"
"16176",420,4,"2010-03-29 14:52:00","2010-10-14 13:54:00",199,"Converted"
"17751",420,1,"2010-10-14 13:57:00","2010-10-14 13:57:00",0,"Converted"
"16336",420,4,"2010-03-18 08:05:00","2010-10-15 12:32:00",211,"Converted"
"17717",420,1,"2010-10-14 12:54:00","2010-10-14 12:54:00",0,"Converted"
"17687",420,1,"2010-10-15 12:30:00","2010-10-15 12:30:00",0,"Converted"
"17390",420,1,"2010-10-15 11:29:00","2010-10-15 11:29:00",0,"Converted"
"14343",420,4,"2010-01-18 16:47:00","2010-10-14 13:05:00",269,"Converted"
"17202",420,1,"2010-10-15 11:25:00","2010-10-15 11:25:00",0,"Converted"
"15735",420,1,"2010-10-14 13:38:00","2010-10-14 13:38:00",0,"Converted"
"15817",420,3,"2010-06-14 13:31:00","2010-10-15 11:07:00",123,"Converted"
"14956",420,1,"2010-10-14 16:40:00","2010-10-14 16:40:00",0,"Converted"
"14168",420,2,"2010-05-24 12:28:00","2010-10-15 10:49:00",144,"Converted"
"13770",421,4,"2009-12-09 14:44:00","2010-10-13 15:10:00",308,"Converted"
"15242",421,1,"2010-10-13 15:33:00","2010-10-13 15:33:00",0,"Converted"
"13696",421,3,"2010-01-13 12:08:00","2010-10-14 09:44:00",274,"Converted"
"14316",421,5,"2010-03-19 15:18:00","2010-10-13 16:31:00",208,"Converted"
"18090",421,1,"2010-10-14 12:32:00","2010-10-14 12:32:00",0,"Converted"
"16130",421,4,"2010-04-01 13:58:00","2010-10-13 15:14:00",195,"Converted"
"17851",421,6,"2009-12-03 17:46:00","2010-10-13 15:13:00",314,"Converted"
"12900",421,1,"2010-10-13 15:17:00","2010-10-13 15:17:00",0,"Converted"
"14838",422,2,"2009-12-03 09:52:00","2010-10-12 15:46:00",313,"Converted"
"13968",422,1,"2010-10-12 13:22:00","2010-10-12 13:22:00",0,"Converted"
"16263",422,1,"2010-10-12 14:52:00","2010-10-12 14:52:00",0,"Converted"
"14846",422,1,"2010-10-08 17:07:00","2010-10-12 15:30:00",4,"Converted"
"13440",422,7,"2010-09-14 10:34:00","2010-10-12 17:53:00",28,"Converted"
"16238",422,1,"2010-10-13 12:36:00","2010-10-13 12:36:00",0,"Converted"
"15151",422,2,"2010-07-18 12:19:00","2010-10-12 16:37:00",86,"Converted"
"17944",422,1,"2010-10-12 16:25:00","2010-10-12 16:25:00",0,"Converted"
"14263",422,1,"2010-10-12 14:09:00","2010-10-12 14:09:00",0,"Converted"
"13909",422,2,"2010-07-06 16:52:00","2010-10-12 17:22:00",98,"Converted"
"17182",422,2,"2009-12-21 15:22:00","2010-10-13 10:09:00",296,"Converted"
"13541",422,2,"2010-05-18 16:15:00","2010-10-12 15:58:00",147,"Converted"
"17104",423,1,"2010-10-12 12:21:00","2010-10-12 12:21:00",0,"Converted"
"17635",423,3,"2010-04-28 10:51:00","2010-10-11 15:12:00",166,"Converted"
"17710",423,1,"2010-10-12 07:49:00","2010-10-12 07:49:00",0,"Converted"
"17264",423,1,"2010-10-11 12:52:00","2010-10-11 12:52:00",0,"Converted"
"12655",423,1,"2010-10-12 09:17:00","2010-10-12 09:17:00",0,"Converted"
"13912",423,1,"2010-10-12 08:43:00","2010-10-12 08:43:00",0,"Converted"
"14568",423,1,"2010-09-30 17:15:00","2010-10-11 17:03:00",11,"Converted"
"17273",423,1,"2010-10-11 15:57:00","2010-10-11 15:57:00",0,"Converted"
"14319",423,1,"2009-12-11 11:59:00","2010-10-11 13:38:00",304,"Converted"
"16039",423,2,"2010-03-21 15:17:00","2010-10-12 10:44:00",205,"Converted"
"15418",424,2,"2010-05-02 11:31:00","2010-10-10 13:38:00",161,"Converted"
"14571",424,1,"2010-10-10 15:06:00","2010-10-10 15:06:00",0,"Converted"
"14590",424,20,"2009-12-07 14:10:00","2010-10-11 12:06:00",308,"Converted"
"17465",425,7,"2009-12-03 13:25:00","2010-10-10 11:56:00",311,"Converted"
"15177",425,1,"2010-10-10 12:48:00","2010-10-10 12:48:00",0,"Converted"
"12862",425,2,"2010-08-01 15:20:00","2010-10-10 11:47:00",70,"Converted"
"17518",425,2,"2010-03-28 13:31:00","2010-10-10 12:40:00",196,"Converted"
"13537",425,2,"2010-09-14 10:41:00","2010-10-10 12:45:00",26,"Converted"
"14322",426,4,"2010-02-18 08:49:00","2010-10-08 13:14:00",232,"Converted"
"14186",426,5,"2010-03-05 11:17:00","2010-10-08 13:30:00",217,"Converted"
"14425",426,3,"2009-12-02 11:31:00","2010-10-08 14:24:00",310,"Converted"
"14564",426,2,"2009-12-04 09:27:00","2010-10-08 14:20:00",308,"Converted"
"13406",426,2,"2010-03-18 07:29:00","2010-10-08 14:44:00",204,"Converted"
"13257",427,1,"2010-09-29 14:58:00","2010-10-08 12:27:00",9,"Converted"
"16329",427,4,"2009-12-01 11:34:00","2010-10-08 12:44:00",311,"Converted"
"16166",427,2,"2010-01-17 14:16:00","2010-10-07 15:44:00",263,"Converted"
"16269",427,1,"2010-09-28 11:50:00","2010-10-07 16:17:00",9,"Converted"
"14266",427,1,"2010-10-07 13:32:00","2010-10-07 13:32:00",0,"Converted"
"13360",427,4,"2010-01-08 11:16:00","2010-10-07 19:28:00",272,"Converted"
"17196",427,1,"2010-10-08 11:31:00","2010-10-08 11:31:00",0,"Converted"
"14909",427,3,"2010-02-14 15:47:00","2010-10-07 16:47:00",235,"Converted"
"15614",427,4,"2009-12-01 11:48:00","2010-10-07 17:23:00",310,"Converted"
"15600",427,4,"2010-04-25 11:50:00","2010-10-07 14:30:00",165,"Converted"
"15080",427,2,"2010-07-26 10:03:00","2010-10-08 11:52:00",74,"Converted"
"16111",427,1,"2010-10-07 19:51:00","2010-10-07 19:51:00",0,"Converted"
"16568",427,2,"2010-03-08 14:51:00","2010-10-08 10:54:00",214,"Converted"
"13567",427,4,"2010-06-16 12:48:00","2010-10-07 12:51:00",113,"Converted"
"15931",427,1,"2010-10-07 16:46:00","2010-10-07 16:46:00",0,"Converted"
"13861",428,2,"2010-06-27 11:37:00","2010-10-06 14:20:00",101,"Converted"
"17249",428,1,"2010-10-07 11:33:00","2010-10-07 11:33:00",0,"Converted"
"12903",428,1,"2010-10-07 12:39:00","2010-10-07 12:39:00",0,"Converted"
"13423",428,1,"2010-10-07 09:02:00","2010-10-07 09:02:00",0,"Converted"
"13556",428,2,"2010-09-30 09:01:00","2010-10-06 16:44:00",6,"Converted"
"17127",428,5,"2009-12-04 15:18:00","2010-10-07 09:54:00",307,"Converted"
"13785",428,4,"2010-09-05 16:01:00","2010-10-07 09:25:00",32,"Converted"
"16307",428,3,"2010-05-11 14:40:00","2010-10-06 14:31:00",148,"Converted"
"17008",428,1,"2010-10-06 15:19:00","2010-10-06 15:19:00",0,"Converted"
"14118",428,1,"2010-10-07 11:59:00","2010-10-07 11:59:00",0,"Converted"
"16300",429,3,"2010-02-02 11:40:00","2010-10-05 13:14:00",245,"Converted"
"14492",429,7,"2010-03-30 14:23:00","2010-10-05 13:21:00",189,"Converted"
"12975",429,6,"2009-12-06 10:38:00","2010-10-05 19:03:00",303,"Converted"
"17657",429,1,"2010-10-05 14:52:00","2010-10-05 14:52:00",0,"Converted"
"15490",429,1,"2010-10-05 13:11:00","2010-10-05 13:14:00",0,"Converted"
"14663",429,2,"2010-10-05 13:12:00","2010-10-05 13:21:00",0,"Converted"
"13306",429,1,"2010-10-05 14:55:00","2010-10-05 14:55:00",0,"Converted"
"16490",429,1,"2010-09-29 16:30:00","2010-10-05 19:52:00",6,"Converted"
"14991",429,1,"2010-10-05 13:01:00","2010-10-05 13:01:00",0,"Converted"
"15736",429,2,"2010-09-30 14:19:00","2010-10-05 19:59:00",5,"Converted"
"13818",429,1,"2010-10-06 12:35:00","2010-10-06 12:35:00",0,"Converted"
"13022",429,1,"2010-10-06 10:50:00","2010-10-06 10:50:00",0,"Converted"
"16760",429,1,"2010-10-05 15:55:00","2010-10-05 15:55:00",0,"Converted"
"13674",429,1,"2010-10-03 10:41:00","2010-10-06 11:15:00",3,"Converted"
"15778",430,1,"2010-10-04 15:10:00","2010-10-04 15:10:00",0,"Converted"
"14302",430,3,"2009-12-02 08:16:00","2010-10-05 08:10:00",307,"Converted"
"14169",430,2,"2010-09-21 13:39:00","2010-10-05 08:45:00",14,"Converted"
"18244",430,2,"2010-07-25 10:30:00","2010-10-05 11:15:00",72,"Converted"
"12768",431,1,"2010-09-15 12:08:00","2010-10-04 12:48:00",19,"Converted"
"16799",431,2,"2010-09-12 12:46:00","2010-10-03 14:28:00",21,"Converted"
"12486",431,1,"2010-10-04 12:14:00","2010-10-04 12:14:00",0,"Converted"
"14392",431,1,"2010-10-03 12:56:00","2010-10-03 12:56:00",0,"Converted"
"14579",431,1,"2010-10-03 14:36:00","2010-10-03 14:36:00",0,"Converted"
"18284",431,1,"2010-10-04 11:33:00","2010-10-04 11:33:00",0,"Converted"
"16331",431,6,"2010-03-07 10:55:00","2010-10-03 13:47:00",210,"Converted"
"16312",431,1,"2010-10-03 14:15:00","2010-10-03 14:15:00",0,"Converted"
"13920",431,4,"2010-05-26 15:48:00","2010-10-04 12:37:00",131,"Converted"
"13367",431,1,"2010-10-04 10:00:00","2010-10-04 10:00:00",0,"Converted"
"14455",431,4,"2010-08-01 13:26:00","2010-10-03 15:48:00",63,"Converted"
"13326",431,1,"2010-10-03 16:00:00","2010-10-03 16:00:00",0,"Converted"
"15859",431,1,"2010-10-03 12:52:00","2010-10-03 12:52:00",0,"Converted"
"15884",431,2,"2009-12-03 18:23:00","2010-10-03 15:55:00",304,"Converted"
"14310",432,1,"2010-10-03 12:34:00","2010-10-03 12:34:00",0,"Converted"
"14254",432,1,"2010-10-03 11:52:00","2010-10-03 11:52:00",0,"Converted"
"15196",432,2,"2009-12-13 11:14:00","2010-10-03 10:50:00",294,"Converted"
"13380",432,1,"2010-10-03 10:18:00","2010-10-03 10:18:00",0,"Converted"
"18266",433,1,"2010-10-01 15:33:00","2010-10-01 15:33:00",0,"Converted"
"17380",433,3,"2010-06-23 11:24:00","2010-10-01 16:42:00",100,"Converted"
"16864",433,2,"2010-04-20 11:56:00","2010-10-01 16:16:00",164,"Converted"
"15190",433,1,"2010-10-01 13:09:00","2010-10-01 13:09:00",0,"Converted"
"16472",433,2,"2010-04-21 11:48:00","2010-10-01 13:56:00",163,"Converted"
"15420",433,6,"2009-12-05 13:29:00","2010-10-01 15:46:00",300,"Converted"
"15451",433,2,"2010-04-19 14:08:00","2010-10-01 13:40:00",165,"Converted"
"16958",434,1,"2010-09-30 14:25:00","2010-09-30 14:25:00",0,"Converted"
"17533",434,1,"2010-10-01 09:14:00","2010-10-01 09:14:00",0,"Converted"
"14269",434,1,"2010-09-26 12:53:00","2010-09-30 18:19:00",4,"Converted"
"12696",434,2,"2010-07-19 10:02:00","2010-10-01 10:43:00",74,"Converted"
"13966",434,1,"2010-09-30 13:08:00","2010-09-30 13:08:00",0,"Converted"
"14225",434,4,"2010-01-12 15:02:00","2010-10-01 10:32:00",262,"Converted"
"16044",434,1,"2010-09-30 18:12:00","2010-09-30 18:12:00",0,"Converted"
"14742",434,1,"2010-09-30 14:07:00","2010-09-30 14:07:00",0,"Converted"
"12661",435,1,"2010-09-29 16:46:00","2010-09-29 16:46:00",0,"Converted"
"13729",435,3,"2010-01-24 14:57:00","2010-09-30 10:44:00",249,"Converted"
"13105",435,1,"2010-09-29 13:41:00","2010-09-29 13:41:00",0,"Converted"
"16522",435,2,"2010-09-15 13:32:00","2010-09-30 10:54:00",15,"Converted"
"17257",435,2,"2010-09-29 12:49:00","2010-09-29 12:51:00",0,"Converted"
"14707",435,2,"2010-05-12 11:07:00","2010-09-30 11:37:00",141,"Converted"
"14230",435,3,"2010-06-09 13:56:00","2010-09-30 09:07:00",113,"Converted"
"12964",436,1,"2010-09-28 17:47:00","2010-09-28 17:47:00",0,"Converted"
"18049",436,2,"2010-04-28 13:24:00","2010-09-28 14:26:00",153,"Converted"
"16237",436,1,"2010-09-28 17:02:00","2010-09-28 17:02:00",0,"Converted"
"13433",436,4,"2010-01-12 08:59:00","2010-09-28 18:46:00",259,"Converted"
"13797",436,3,"2010-03-02 12:17:00","2010-09-29 10:34:00",211,"Converted"
"16783",436,1,"2010-09-29 11:53:00","2010-09-29 11:53:00",0,"Converted"
"15871",436,1,"2010-09-28 14:16:00","2010-09-28 14:16:00",0,"Converted"
"13701",436,1,"2010-09-19 12:39:00","2010-09-28 18:34:00",9,"Converted"
"12946",436,1,"2010-09-29 10:14:00","2010-09-29 10:14:00",0,"Converted"
"14843",436,1,"2010-09-29 12:39:00","2010-09-29 12:39:00",0,"Converted"
"13281",436,1,"2010-04-27 11:00:00","2010-09-28 18:43:00",154,"Converted"
"16636",437,4,"2010-03-03 14:06:00","2010-09-27 13:13:00",208,"Converted"
"13687",437,1,"2010-09-27 16:30:00","2010-09-27 16:30:00",0,"Converted"
"16264",437,2,"2010-09-19 16:14:00","2010-09-27 15:00:00",8,"Converted"
"17280",437,1,"2010-09-27 16:46:00","2010-09-27 16:46:00",0,"Converted"
"14228",437,3,"2010-06-11 12:29:00","2010-09-28 09:45:00",109,"Converted"
"15616",437,1,"2010-09-27 13:10:00","2010-09-27 13:10:00",0,"Converted"
"14634",437,4,"2010-05-04 10:16:00","2010-09-28 10:40:00",147,"Converted"
"14611",438,2,"2010-04-20 10:19:00","2010-09-26 16:07:00",159,"Converted"
"14094",439,1,"2010-09-26 11:58:00","2010-09-26 12:02:00",0,"Converted"
"18107",441,1,"2010-09-23 13:03:00","2010-09-23 13:03:00",0,"Converted"
"17743",441,1,"2010-09-17 14:54:00","2010-09-23 15:01:00",6,"Converted"
"14992",441,1,"2010-09-23 17:48:00","2010-09-23 17:48:00",0,"Converted"
"17021",441,6,"2010-04-29 20:05:00","2010-09-23 20:01:00",147,"Converted"
"16675",441,2,"2010-08-18 13:11:00","2010-09-24 12:15:00",37,"Converted"
"13288",442,5,"2010-02-11 14:59:00","2010-09-22 16:32:00",223,"Converted"
"16857",442,1,"2010-09-23 10:49:00","2010-09-23 10:49:00",0,"Converted"
"15761",442,1,"2010-09-23 09:33:00","2010-09-23 09:33:00",0,"Converted"
"13264",442,1,"2010-09-23 12:42:00","2010-09-23 12:42:00",0,"Converted"
"13205",442,1,"2010-09-22 16:26:00","2010-09-22 16:26:00",0,"Converted"
"14372",442,2,"2009-12-14 13:43:00","2010-09-22 16:17:00",282,"Converted"
"15966",443,1,"2010-09-15 10:44:00","2010-09-21 19:40:00",6,"Converted"
"13424",443,1,"2010-09-16 10:49:00","2010-09-21 19:46:00",5,"Converted"
"14933",443,4,"2010-09-21 17:29:00","2010-09-22 10:47:00",1,"Converted"
"17840",443,1,"2010-09-22 12:24:00","2010-09-22 12:24:00",0,"Converted"
"14182",443,4,"2010-04-22 15:36:00","2010-09-22 11:45:00",153,"Converted"
"17161",443,1,"2010-09-21 16:44:00","2010-09-21 16:44:00",0,"Converted"
"16646",443,1,"2010-09-16 13:28:00","2010-09-21 20:07:00",5,"Converted"
"12751",444,1,"2010-09-21 12:49:00","2010-09-21 12:49:00",0,"Converted"
"14668",444,1,"2010-09-20 15:03:00","2010-09-20 15:03:00",0,"Converted"
"16886",444,1,"2010-09-09 15:08:00","2010-09-21 11:46:00",12,"Converted"
"13702",445,1,"2010-09-20 11:40:00","2010-09-20 11:40:00",0,"Converted"
"17055",445,1,"2010-09-20 12:21:00","2010-09-20 12:21:00",0,"Converted"
"13465",445,2,"2010-05-02 15:30:00","2010-09-19 15:13:00",140,"Converted"
"12850",445,1,"2010-09-20 12:26:00","2010-09-20 12:26:00",0,"Converted"
"16524",445,2,"2010-01-17 13:16:00","2010-09-19 13:37:00",245,"Converted"
"13998",446,3,"2010-05-12 13:18:00","2010-09-19 10:20:00",130,"Converted"
"18089",446,1,"2010-09-19 11:57:00","2010-09-19 11:57:00",0,"Converted"
"12543",447,1,"2010-09-17 15:51:00","2010-09-17 15:51:00",0,"Converted"
"15962",448,1,"2010-09-16 13:48:00","2010-09-16 13:48:00",0,"Converted"
"15362",448,2,"2009-12-01 09:08:00","2010-09-17 10:37:00",290,"Converted"
"16371",448,1,"2010-09-17 12:09:00","2010-09-17 12:09:00",0,"Converted"
"13443",448,6,"2010-01-31 13:30:00","2010-09-17 12:31:00",229,"Converted"
"12554",448,1,"2010-09-17 12:29:00","2010-09-17 12:29:00",0,"Converted"
"15629",449,4,"2010-06-25 11:39:00","2010-09-15 13:46:00",82,"Converted"
"15685",449,1,"2010-09-15 13:43:00","2010-09-15 13:43:00",0,"Converted"
"13041",450,4,"2010-04-29 08:43:00","2010-09-15 11:44:00",139,"Converted"
"13312",450,1,"2010-09-14 14:36:00","2010-09-14 14:36:00",0,"Converted"
"17801",450,3,"2010-01-17 11:31:00","2010-09-14 14:32:00",240,"Converted"
"17149",450,1,"2010-09-14 14:56:00","2010-09-14 14:56:00",0,"Converted"
"14370",450,6,"2010-02-01 08:35:00","2010-09-15 10:53:00",226,"Converted"
"17132",451,2,"2010-08-08 13:49:00","2010-09-13 16:31:00",36,"Converted"
"13129",451,2,"2010-06-28 11:54:00","2010-09-13 13:47:00",77,"Converted"
"15401",451,2,"2010-05-20 10:56:00","2010-09-13 13:42:00",116,"Converted"
"13250",452,2,"2010-07-25 14:01:00","2010-09-13 10:43:00",50,"Converted"
"15824",452,2,"2010-06-25 15:10:00","2010-09-12 13:20:00",79,"Converted"
"13613",452,5,"2010-02-17 12:40:00","2010-09-13 12:01:00",208,"Converted"
"16860",452,3,"2010-02-15 13:46:00","2010-09-13 10:05:00",210,"Converted"
"16608",453,2,"2010-02-14 11:57:00","2010-09-12 11:44:00",210,"Converted"
"14635",453,1,"2010-09-12 10:47:00","2010-09-12 10:47:00",0,"Converted"
"16815",453,2,"2010-06-21 12:05:00","2010-09-12 10:59:00",83,"Converted"
"13965",454,3,"2010-01-05 15:21:00","2010-09-10 16:46:00",248,"Converted"
"14444",455,1,"2010-09-09 18:56:00","2010-09-09 18:56:00",0,"Converted"
"14445",455,1,"2010-09-10 11:09:00","2010-09-10 11:09:00",0,"Converted"
"15077",455,2,"2009-12-09 17:10:00","2010-09-09 18:20:00",274,"Converted"
"12460",455,1,"2010-09-09 13:51:00","2010-09-09 13:51:00",0,"Converted"
"16032",455,6,"2010-07-04 13:31:00","2010-09-09 18:00:00",67,"Converted"
"16095",455,1,"2010-09-09 16:54:00","2010-09-09 16:54:00",0,"Converted"
"17369",455,1,"2010-09-10 09:49:00","2010-09-10 09:49:00",0,"Converted"
"15972",455,5,"2010-04-18 14:06:00","2010-09-09 13:20:00",144,"Converted"
"12760",455,1,"2010-09-10 08:50:00","2010-09-10 08:50:00",0,"Converted"
"17762",455,1,"2010-09-09 17:40:00","2010-09-09 17:40:00",0,"Converted"
"12440",456,2,"2009-12-22 12:03:00","2010-09-08 15:57:00",260,"Converted"
"15627",456,2,"2010-07-05 11:56:00","2010-09-08 14:14:00",65,"Converted"
"12575",456,2,"2010-07-01 09:15:00","2010-09-08 13:09:00",69,"Converted"
"13683",457,1,"2010-09-08 10:00:00","2010-09-08 10:00:00",0,"Converted"
"15141",457,7,"2010-03-28 15:58:00","2010-09-08 11:33:00",164,"Converted"
"15741",457,2,"2010-03-31 11:55:00","2010-09-07 16:21:00",160,"Converted"
"13076",457,1,"2010-09-08 10:27:00","2010-09-08 10:27:00",0,"Converted"
"12819",457,1,"2010-09-07 15:20:00","2010-09-07 15:20:00",0,"Converted"
"12777",457,1,"2010-09-08 11:35:00","2010-09-08 11:35:00",0,"Converted"
"12859",458,1,"2010-09-07 12:20:00","2010-09-07 12:20:00",0,"Converted"
"16246",459,2,"2010-02-08 12:32:00","2010-09-06 12:04:00",210,"Converted"
"14949",459,4,"2009-12-18 15:28:00","2010-09-06 12:16:00",262,"Converted"
"14318",459,1,"2010-09-05 15:32:00","2010-09-05 15:32:00",0,"Converted"
"15751",460,11,"2009-12-06 13:08:00","2010-09-05 12:44:00",273,"Converted"
"15461",460,2,"2009-12-01 11:35:00","2010-09-05 12:31:00",278,"Converted"
"16289",461,1,"2010-09-03 14:02:00","2010-09-03 14:07:00",0,"Converted"
"16993",462,2,"2010-05-12 13:55:00","2010-09-02 17:45:00",113,"Converted"
"15378",462,2,"2010-07-26 08:47:00","2010-09-03 11:30:00",39,"Converted"
"12788",462,4,"2010-06-29 13:05:00","2010-09-02 14:21:00",65,"Converted"
"15191",462,3,"2010-01-20 12:35:00","2010-09-02 15:37:00",225,"Converted"
"14058",462,2,"2010-06-27 11:29:00","2010-09-03 09:31:00",68,"Converted"
"15564",462,2,"2010-02-01 15:58:00","2010-09-02 15:52:00",213,"Converted"
"18182",462,1,"2010-09-02 14:25:00","2010-09-02 14:25:00",0,"Converted"
"14283",462,4,"2010-05-19 12:22:00","2010-09-02 14:46:00",106,"Converted"
"15094",462,2,"2010-03-05 12:56:00","2010-09-02 16:55:00",181,"Converted"
"16100",462,1,"2010-09-03 11:39:00","2010-09-03 11:39:00",0,"Converted"
"15779",462,2,"2010-06-25 15:55:00","2010-09-02 16:40:00",69,"Converted"
"13346",462,6,"2010-04-22 12:34:00","2010-09-03 11:41:00",134,"Converted"
"14086",462,1,"2010-09-03 10:52:00","2010-09-03 10:52:00",0,"Converted"
"13024",463,2,"2010-05-06 14:25:00","2010-09-01 14:55:00",118,"Converted"
"18258",463,6,"2010-05-16 11:35:00","2010-09-01 14:20:00",108,"Converted"
"13472",463,2,"2010-06-02 09:48:00","2010-09-02 09:41:00",92,"Converted"
"13399",463,3,"2010-07-08 17:47:00","2010-09-01 13:59:00",55,"Converted"
"12898",463,2,"2010-02-18 12:36:00","2010-09-02 08:08:00",196,"Converted"
"17215",463,1,"2010-09-01 13:39:00","2010-09-01 13:39:00",0,"Converted"
"13916",463,4,"2009-12-01 11:10:00","2010-09-02 10:04:00",275,"Converted"
"17753",463,4,"2010-01-06 14:20:00","2010-09-01 15:49:00",238,"Converted"
"16290",464,4,"2010-05-23 11:46:00","2010-09-01 11:52:00",101,"Converted"
"14025",464,8,"2010-05-05 09:56:00","2010-09-01 10:11:00",119,"Converted"
"17599",464,1,"2010-08-19 12:50:00","2010-09-01 12:17:00",13,"Converted"
"12771",464,1,"2010-08-11 11:51:00","2010-09-01 12:34:00",21,"Converted"
"13714",464,1,"2010-08-31 13:57:00","2010-08-31 13:57:00",0,"Converted"
"12761",464,1,"2010-09-01 10:47:00","2010-09-01 10:47:00",0,"Converted"
"16819",464,2,"2010-08-31 17:31:00","2010-08-31 17:37:00",0,"Converted"
"17145",464,4,"2010-02-19 12:07:00","2010-08-31 16:53:00",193,"Converted"
"12804",465,2,"2010-07-27 13:52:00","2010-08-31 11:58:00",35,"Converted"
"14433",465,1,"2010-08-31 12:35:00","2010-08-31 12:35:00",0,"Converted"
"13540",466,3,"2010-02-22 09:22:00","2010-08-29 14:20:00",188,"Converted"
"17792",466,2,"2010-08-18 13:08:00","2010-08-29 14:30:00",11,"Converted"
"15784",467,2,"2010-02-05 14:42:00","2010-08-29 10:38:00",205,"Converted"
"15430",467,2,"2010-06-29 15:04:00","2010-08-29 10:42:00",61,"Converted"
"15166",467,1,"2010-08-29 12:31:00","2010-08-29 12:31:00",0,"Converted"
"17270",468,2,"2009-12-07 17:18:00","2010-08-27 14:09:00",263,"Converted"
"16870",468,1,"2010-08-27 13:53:00","2010-08-27 13:53:00",0,"Converted"
"13478",468,5,"2010-01-31 15:51:00","2010-08-27 13:23:00",208,"Converted"
"16197",468,9,"2009-12-16 11:44:00","2010-08-27 12:56:00",254,"Converted"
"16288",469,1,"2010-08-26 14:45:00","2010-08-26 14:45:00",0,"Converted"
"12800",469,2,"2010-02-01 11:02:00","2010-08-26 14:11:00",206,"Converted"
"16375",469,2,"2010-08-26 14:12:00","2010-08-26 14:25:00",0,"Converted"
"13150",470,3,"2010-03-19 09:03:00","2010-08-26 10:15:00",160,"Converted"
"14260",470,3,"2010-06-09 11:23:00","2010-08-25 14:55:00",77,"Converted"
"14787",470,1,"2010-08-25 14:38:00","2010-08-25 14:38:00",0,"Converted"
"17005",470,2,"2010-04-30 10:52:00","2010-08-26 10:57:00",118,"Converted"
"14026",470,2,"2010-03-24 14:10:00","2010-08-26 10:31:00",155,"Converted"
"17963",470,4,"2010-01-19 17:25:00","2010-08-25 15:58:00",218,"Converted"
"14268",470,1,"2010-08-26 10:45:00","2010-08-26 10:45:00",0,"Converted"
"18124",471,1,"2010-08-24 17:21:00","2010-08-24 17:21:00",0,"Converted"
"17336",471,1,"2010-08-24 15:37:00","2010-08-24 15:37:00",0,"Converted"
"17292",471,2,"2010-05-09 14:52:00","2010-08-24 17:14:00",107,"Converted"
"15666",471,2,"2010-08-01 15:41:00","2010-08-24 16:14:00",23,"Converted"
"13361",471,2,"2010-04-01 07:49:00","2010-08-24 14:56:00",145,"Converted"
"12765",471,6,"2010-03-08 09:43:00","2010-08-24 13:51:00",169,"Converted"
"16299",472,1,"2010-08-19 17:46:00","2010-08-24 11:02:00",5,"Converted"
"13123",472,2,"2010-06-28 12:43:00","2010-08-24 10:18:00",57,"Converted"
"13415",472,4,"2009-12-11 14:20:00","2010-08-24 11:38:00",256,"Converted"
"15003",472,6,"2010-01-26 13:04:00","2010-08-23 15:44:00",209,"Converted"
"16396",472,1,"2010-08-20 14:17:00","2010-08-23 15:51:00",3,"Converted"
"14187",473,1,"2010-08-23 12:06:00","2010-08-23 12:06:00",0,"Converted"
"14767",473,1,"2010-08-22 14:54:00","2010-08-22 14:54:00",0,"Converted"
"16234",473,3,"2010-05-27 10:39:00","2010-08-23 10:45:00",88,"Converted"
"18140",473,1,"2010-08-23 11:58:00","2010-08-23 11:58:00",0,"Converted"
"15055",474,3,"2009-12-16 15:48:00","2010-08-22 11:06:00",249,"Converted"
"16004",474,5,"2010-01-25 13:56:00","2010-08-22 11:48:00",209,"Converted"
"17471",474,1,"2010-08-22 11:53:00","2010-08-22 11:53:00",0,"Converted"
"15702",475,1,"2010-08-20 14:50:00","2010-08-20 14:50:00",0,"Converted"
"17699",476,2,"2010-05-27 11:53:00","2010-08-20 09:39:00",85,"Converted"
"18286",476,2,"2009-12-16 10:45:00","2010-08-20 11:57:00",247,"Converted"
"16890",476,3,"2010-05-06 16:27:00","2010-08-20 11:23:00",106,"Converted"
"16294",476,1,"2010-08-20 12:01:00","2010-08-20 12:01:00",0,"Converted"
"14521",476,1,"2010-08-05 16:35:00","2010-08-19 13:04:00",14,"Converted"
"16286",476,2,"2010-03-26 09:58:00","2010-08-19 14:48:00",146,"Converted"
"16562",476,1,"2010-08-20 11:45:00","2010-08-20 11:45:00",0,"Converted"
"17745",477,2,"2010-06-02 09:03:00","2010-08-19 12:30:00",78,"Converted"
"12801",477,1,"2010-07-27 09:38:00","2010-08-19 12:04:00",23,"Converted"
"15268",478,3,"2010-04-13 11:27:00","2010-08-18 10:33:00",127,"Converted"
"15310",478,1,"2010-08-18 11:38:00","2010-08-18 11:38:00",0,"Converted"
"15072",478,1,"2010-08-17 15:46:00","2010-08-17 15:46:00",0,"Converted"
"17627",478,1,"2009-12-10 19:08:00","2010-08-18 11:27:00",251,"Converted"
"15008",479,2,"2010-03-12 11:13:00","2010-08-16 13:09:00",157,"Converted"
"14749",479,1,"2010-08-17 12:36:00","2010-08-17 12:36:00",0,"Converted"
"14011",479,2,"2010-04-11 13:40:00","2010-08-16 15:31:00",127,"Converted"
"14531",479,1,"2010-08-17 10:16:00","2010-08-17 10:16:00",0,"Converted"
"14872",480,3,"2010-03-16 14:41:00","2010-08-16 10:44:00",153,"Converted"
"13063",480,1,"2010-08-16 12:27:00","2010-08-16 12:27:00",0,"Converted"
"14996",480,2,"2010-08-15 13:41:00","2010-08-15 13:44:00",0,"Converted"
"12687",480,1,"2010-08-16 12:12:00","2010-08-16 12:12:00",0,"Converted"
"14097",480,2,"2010-03-04 10:46:00","2010-08-15 14:20:00",164,"Converted"
"16631",481,7,"2010-02-26 10:49:00","2010-08-15 11:20:00",170,"Converted"
"15893",481,1,"2010-08-15 11:12:00","2010-08-15 11:12:00",0,"Converted"
"14153",482,1,"2010-08-13 14:35:00","2010-08-13 14:35:00",0,"Converted"
"17156",483,1,"2010-08-05 11:30:00","2010-08-12 15:53:00",7,"Converted"
"14630",483,1,"2010-08-12 16:38:00","2010-08-12 16:38:00",0,"Converted"
"12959",483,1,"2010-08-12 17:20:00","2010-08-12 17:20:00",0,"Converted"
"13511",483,1,"2010-02-01 12:10:00","2010-08-13 11:29:00",193,"Converted"
"12542",483,2,"2010-03-09 16:26:00","2010-08-12 19:12:00",156,"Converted"
"14822",484,1,"2010-08-11 12:52:00","2010-08-11 12:52:00",0,"Converted"
"14736",484,2,"2010-08-11 15:13:00","2010-08-11 15:21:00",0,"Converted"
"16632",485,2,"2010-05-07 16:46:00","2010-08-11 11:39:00",96,"Converted"
"14144",485,1,"2010-08-10 15:17:00","2010-08-10 15:17:00",0,"Converted"
"13839",485,1,"2010-08-10 13:52:00","2010-08-10 13:52:00",0,"Converted"
"12745",486,2,"2010-05-14 16:50:00","2010-08-10 10:14:00",88,"Converted"
"17482",486,2,"2010-05-10 14:10:00","2010-08-09 15:33:00",91,"Converted"
"13084",487,1,"2010-08-05 08:49:00","2010-08-09 12:40:00",4,"Converted"
"14575",487,1,"2010-08-08 14:51:00","2010-08-08 14:51:00",0,"Converted"
"15595",487,1,"2010-08-09 12:27:00","2010-08-09 12:27:00",0,"Converted"
"13653",487,1,"2010-08-09 08:19:00","2010-08-09 08:19:00",0,"Converted"
"13783",487,4,"2010-02-04 13:47:00","2010-08-09 09:23:00",186,"Converted"
"15013",487,10,"2010-01-31 12:15:00","2010-08-09 12:05:00",190,"Converted"
"16939",488,3,"2010-02-28 13:33:00","2010-08-08 12:24:00",161,"Converted"
"16196",488,1,"2010-08-08 11:40:00","2010-08-08 11:40:00",0,"Converted"
"15908",490,2,"2010-07-15 19:21:00","2010-08-06 11:56:00",22,"Converted"
"12525",490,3,"2009-12-04 10:10:00","2010-08-05 18:09:00",244,"Converted"
"14043",490,2,"2009-12-10 14:34:00","2010-08-05 18:18:00",238,"Converted"
"16334",491,1,"2010-08-04 16:38:00","2010-08-04 16:38:00",0,"Converted"
"15403",491,2,"2009-12-09 12:45:00","2010-08-05 12:21:00",239,"Converted"
"15387",491,1,"2010-08-04 16:05:00","2010-08-04 16:05:00",0,"Converted"
"12998",492,3,"2010-02-24 11:55:00","2010-08-04 08:05:00",161,"Converted"
"16417",492,1,"2010-08-04 09:08:00","2010-08-04 09:08:00",0,"Converted"
"15873",492,4,"2010-07-27 11:58:00","2010-08-04 11:51:00",8,"Converted"
"14253",492,2,"2010-03-26 15:08:00","2010-08-03 14:55:00",130,"Converted"
"15798",492,3,"2010-01-27 11:55:00","2010-08-04 09:13:00",189,"Converted"
"17665",492,1,"2010-08-03 13:12:00","2010-08-03 13:12:00",0,"Converted"
"18207",493,1,"2010-07-28 14:26:00","2010-08-03 08:58:00",6,"Converted"
"13679",493,3,"2009-12-04 16:52:00","2010-08-03 12:13:00",242,"Converted"
"13766",494,1,"2010-08-01 14:25:00","2010-08-01 14:25:00",0,"Converted"
"15200",494,1,"2010-08-02 09:38:00","2010-08-02 09:38:00",0,"Converted"
"16937",498,1,"2010-07-28 17:56:00","2010-07-28 17:56:00",0,"Converted"
"13796",498,1,"2010-07-28 14:45:00","2010-07-28 14:45:00",0,"Converted"
"18264",498,1,"2010-07-29 10:02:00","2010-07-29 10:02:00",0,"Converted"
"14833",498,1,"2010-07-29 10:06:00","2010-07-29 10:06:00",0,"Converted"
"13371",498,2,"2010-03-17 15:29:00","2010-07-29 12:44:00",134,"Converted"
"17168",498,1,"2010-07-29 12:33:00","2010-07-29 12:33:00",0,"Converted"
"15284",499,1,"2010-07-27 13:25:00","2010-07-27 13:25:00",0,"Converted"
"15331",499,3,"2010-04-09 14:26:00","2010-07-28 09:42:00",110,"Converted"
"17224",500,1,"2010-07-26 13:30:00","2010-07-26 13:30:00",0,"Converted"
"14384",500,1,"2010-07-27 09:53:00","2010-07-27 09:53:00",0,"Converted"
"15015",500,13,"2009-12-14 13:49:00","2010-07-26 13:50:00",224,"Converted"
"17918",500,3,"2010-07-22 14:20:00","2010-07-27 11:51:00",5,"Converted"
"18026",500,2,"2010-07-22 16:21:00","2010-07-27 10:37:00",5,"Converted"
"15788",500,1,"2010-07-19 12:48:00","2010-07-27 12:31:00",8,"Converted"
"16219",500,1,"2010-07-27 11:44:00","2010-07-27 11:44:00",0,"Converted"
"13855",500,4,"2009-12-08 16:56:00","2010-07-27 09:53:00",231,"Converted"
"14938",501,2,"2010-05-26 13:35:00","2010-07-25 16:00:00",60,"Converted"
"16894",501,3,"2010-06-22 14:21:00","2010-07-25 15:43:00",33,"Converted"
"14435",501,1,"2010-07-26 12:33:00","2010-07-26 12:33:00",0,"Converted"
"13201",501,4,"2010-03-07 11:01:00","2010-07-25 14:30:00",140,"Converted"
"14115",501,2,"2010-02-11 11:44:00","2010-07-26 12:36:00",165,"Converted"
"17494",501,1,"2010-07-26 10:06:00","2010-07-26 10:06:00",0,"Converted"
"12813",501,3,"2010-01-15 16:52:00","2010-07-26 09:50:00",192,"Converted"
"16075",502,2,"2010-05-24 15:57:00","2010-07-25 11:31:00",62,"Converted"
"17112",502,1,"2010-07-25 11:14:00","2010-07-25 11:14:00",0,"Converted"
"15431",502,1,"2010-07-25 12:44:00","2010-07-25 12:44:00",0,"Converted"
"15946",502,3,"2010-03-16 10:49:00","2010-07-25 12:18:00",131,"Converted"
"18132",503,1,"2010-07-23 16:54:00","2010-07-23 16:54:00",0,"Converted"
"12595",504,1,"2010-07-23 09:10:00","2010-07-23 09:10:00",0,"Converted"
"14166",504,2,"2010-03-23 15:10:00","2010-07-22 19:42:00",121,"Converted"
"17113",504,6,"2010-01-11 10:14:00","2010-07-22 17:00:00",192,"Converted"
"17177",504,1,"2010-07-22 14:53:00","2010-07-22 14:53:00",0,"Converted"
"13788",504,1,"2010-07-22 15:50:00","2010-07-22 15:50:00",0,"Converted"
"16165",504,1,"2010-07-22 14:17:00","2010-07-22 14:17:00",0,"Converted"
"14858",505,1,"2010-07-22 10:51:00","2010-07-22 10:51:00",0,"Converted"
"16736",505,5,"2009-12-03 16:12:00","2010-07-22 10:09:00",231,"Converted"
"13913",506,1,"2010-07-21 10:11:00","2010-07-21 10:11:00",0,"Converted"
"14797",506,1,"2010-07-20 14:07:00","2010-07-20 14:07:00",0,"Converted"
"14061",506,3,"2009-12-01 18:03:00","2010-07-20 17:22:00",231,"Converted"
"17395",507,1,"2010-07-19 15:34:00","2010-07-19 15:34:00",0,"Converted"
"14674",508,1,"2010-07-18 14:25:00","2010-07-18 14:25:00",0,"Converted"
"16467",508,7,"2009-12-02 11:59:00","2010-07-19 11:49:00",229,"Converted"
"13734",508,4,"2010-04-16 08:42:00","2010-07-19 12:04:00",94,"Converted"
"15633",508,13,"2009-12-08 17:51:00","2010-07-18 13:54:00",222,"Converted"
"17261",509,1,"2010-07-18 11:49:00","2010-07-18 11:49:00",0,"Converted"
"14563",509,2,"2010-04-26 12:51:00","2010-07-18 12:01:00",83,"Converted"
"17541",509,1,"2010-07-18 11:36:00","2010-07-18 11:36:00",0,"Converted"
"18021",509,2,"2010-07-15 18:47:00","2010-07-18 10:52:00",3,"Converted"
"13074",510,4,"2009-12-16 11:46:00","2010-07-16 16:53:00",212,"Converted"
"14430",511,3,"2010-04-11 15:59:00","2010-07-16 11:35:00",96,"Converted"
"16435",511,3,"2010-07-13 13:29:00","2010-07-15 18:22:00",2,"Converted"
"14486",511,2,"2010-06-04 10:30:00","2010-07-16 09:42:00",42,"Converted"
"16251",511,1,"2010-07-15 14:55:00","2010-07-15 14:55:00",0,"Converted"
"14084",511,1,"2010-07-15 14:36:00","2010-07-15 14:36:00",0,"Converted"
"15542",511,3,"2009-12-02 11:53:00","2010-07-15 13:42:00",225,"Converted"
"13559",512,2,"2010-06-14 11:52:00","2010-07-15 09:52:00",31,"Converted"
"15941",512,1,"2010-03-12 14:45:00","2010-07-14 16:01:00",124,"Converted"
"17559",512,1,"2010-07-15 12:02:00","2010-07-15 12:02:00",0,"Converted"
"14007",512,1,"2010-07-15 09:06:00","2010-07-15 09:06:00",0,"Converted"
"13872",512,3,"2009-12-08 19:06:00","2010-07-14 15:39:00",218,"Converted"
"15259",512,4,"2010-01-26 09:41:00","2010-07-15 08:47:00",170,"Converted"
"18197",513,1,"2010-05-13 10:46:00","2010-07-14 12:13:00",62,"Converted"
"17773",513,2,"2010-01-18 14:32:00","2010-07-13 14:07:00",176,"Converted"
"18238",514,1,"2010-07-12 12:51:00","2010-07-12 12:51:00",0,"Converted"
"15650",514,2,"2010-03-21 11:46:00","2010-07-12 16:02:00",113,"Converted"
"14069",514,2,"2010-05-27 12:30:00","2010-07-13 12:12:00",47,"Converted"
"13779",515,1,"2010-07-12 11:24:00","2010-07-12 11:24:00",0,"Converted"
"14516",515,1,"2010-07-11 14:07:00","2010-07-11 14:07:00",0,"Converted"
"17847",515,2,"2010-03-04 12:57:00","2010-07-12 10:00:00",130,"Converted"
"13595",516,3,"2010-03-03 14:42:00","2010-07-11 12:36:00",130,"Converted"
"14580",517,1,"2010-07-09 15:20:00","2010-07-09 15:20:00",0,"Converted"
"13612",517,1,"2010-03-17 12:14:00","2010-07-09 16:18:00",114,"Converted"
"18279",518,1,"2010-07-08 14:48:00","2010-07-08 14:48:00",0,"Converted"
"13997",518,3,"2010-06-07 17:33:00","2010-07-08 18:06:00",31,"Converted"
"14695",518,3,"2009-12-07 11:05:00","2010-07-08 14:18:00",213,"Converted"
"13337",518,1,"2010-06-11 13:27:00","2010-07-09 11:53:00",28,"Converted"
"16544",519,4,"2010-02-15 13:20:00","2010-07-08 11:11:00",143,"Converted"
"15056",519,1,"2010-07-07 15:58:00","2010-07-07 15:58:00",0,"Converted"
"17129",519,1,"2010-07-07 13:46:00","2010-07-07 13:46:00",0,"Converted"
"16649",519,1,"2010-07-07 15:41:00","2010-07-07 15:41:00",0,"Converted"
"15137",520,2,"2009-12-08 18:47:00","2010-07-07 09:41:00",211,"Converted"
"14876",520,2,"2010-05-27 13:49:00","2010-07-06 14:57:00",40,"Converted"
"12632",520,2,"2010-05-24 09:07:00","2010-07-07 09:39:00",44,"Converted"
"16443",520,1,"2010-07-07 11:57:00","2010-07-07 11:57:00",0,"Converted"
"12825",520,2,"2010-03-08 10:17:00","2010-07-06 13:56:00",120,"Converted"
"14279",520,2,"2010-01-27 16:34:00","2010-07-07 08:42:00",161,"Converted"
"16158",521,9,"2009-12-05 15:00:00","2010-07-05 13:55:00",212,"Converted"
"12730",521,1,"2010-07-06 12:19:00","2010-07-06 12:19:00",0,"Converted"
"14900",521,1,"2010-07-05 15:09:00","2010-07-05 15:09:00",0,"Converted"
"12529",522,1,"2010-06-29 13:10:00","2010-07-05 09:35:00",6,"Converted"
"16974",522,2,"2010-05-24 10:43:00","2010-07-05 10:18:00",42,"Converted"
"12469",522,2,"2010-06-21 10:30:00","2010-07-05 12:40:00",14,"Converted"
"13125",523,1,"2010-07-04 11:58:00","2010-07-04 11:58:00",0,"Converted"
"14366",524,1,"2010-07-02 17:23:00","2010-07-02 17:23:00",0,"Converted"
"15486",526,1,"2010-06-30 13:15:00","2010-06-30 13:15:00",0,"Converted"
"17748",526,1,"2010-06-30 13:49:00","2010-06-30 13:49:00",0,"Converted"
"15851",526,1,"2010-07-01 12:34:00","2010-07-01 12:34:00",0,"Converted"
"14835",526,2,"2010-04-01 19:34:00","2010-06-30 17:30:00",90,"Converted"
"13620",527,1,"2010-06-29 15:02:00","2010-06-29 15:02:00",0,"Converted"
"12746",527,1,"2009-12-08 17:08:00","2010-06-30 08:19:00",204,"Converted"
"17332",527,5,"2010-02-21 14:41:00","2010-06-29 16:10:00",128,"Converted"
"14774",528,1,"2010-06-29 12:26:00","2010-06-29 12:26:00",0,"Converted"
"16683",528,1,"2010-06-24 10:36:00","2010-06-28 13:20:00",4,"Converted"
"17448",528,41,"2010-03-04 17:29:00","2010-06-28 13:58:00",116,"Converted"
"12485",528,1,"2010-06-28 15:22:00","2010-06-28 15:22:00",0,"Converted"
"12799",528,1,"2010-06-28 15:57:00","2010-06-28 15:57:00",0,"Converted"
"16733",529,1,"2010-06-28 10:12:00","2010-06-28 10:12:00",0,"Converted"
"13057",529,3,"2010-03-18 12:14:00","2010-06-27 15:44:00",101,"Converted"
"17437",529,1,"2010-06-28 11:11:00","2010-06-28 11:11:00",0,"Converted"
"15102",530,2,"2010-06-11 10:16:00","2010-06-27 12:16:00",16,"Converted"
"16453",530,2,"2010-06-09 13:15:00","2010-06-27 12:46:00",18,"Converted"
"13585",530,3,"2009-12-01 14:56:00","2010-06-27 12:33:00",208,"Converted"
"18214",530,4,"2010-06-03 19:47:00","2010-06-27 11:21:00",24,"Converted"
"12741",532,1,"2010-06-24 16:24:00","2010-06-24 16:24:00",0,"Converted"
"15323",532,3,"2010-02-16 09:21:00","2010-06-24 15:49:00",128,"Converted"
"17099",532,1,"2010-06-24 16:25:00","2010-06-24 16:25:00",0,"Converted"
"17304",533,1,"2010-06-23 16:23:00","2010-06-23 16:23:00",0,"Converted"
"15991",533,1,"2010-06-23 15:50:00","2010-06-23 15:50:00",0,"Converted"
"15913",533,1,"2010-06-23 16:31:00","2010-06-23 16:31:00",0,"Converted"
"14509",533,1,"2010-06-23 13:21:00","2010-06-23 13:21:00",0,"Converted"
"13942",534,1,"2010-06-23 12:35:00","2010-06-23 12:35:00",0,"Converted"
"14874",534,1,"2010-06-22 14:58:00","2010-06-22 14:58:00",0,"Converted"
"12810",534,2,"2010-02-01 09:52:00","2010-06-23 10:53:00",142,"Converted"
"12774",535,1,"2010-06-22 10:38:00","2010-06-22 10:38:00",0,"Converted"
"17192",535,1,"2010-06-21 16:07:00","2010-06-21 16:07:00",0,"Converted"
"16390",536,3,"2010-01-29 15:25:00","2010-06-21 10:11:00",143,"Converted"
"15126",536,2,"2010-01-21 17:09:00","2010-06-21 12:31:00",151,"Converted"
"18128",536,1,"2010-06-20 13:19:00","2010-06-20 13:19:00",0,"Converted"
"15538",537,6,"2010-02-14 12:38:00","2010-06-20 10:49:00",126,"Converted"
"16486",537,1,"2010-06-20 12:16:00","2010-06-20 12:16:00",0,"Converted"
"14919",538,1,"2010-06-18 13:06:00","2010-06-18 13:06:00",0,"Converted"
"13676",538,2,"2010-03-30 16:53:00","2010-06-18 17:30:00",80,"Converted"
"12932",538,8,"2010-02-10 08:46:00","2010-06-18 14:22:00",128,"Converted"
"17953",539,1,"2010-06-17 15:08:00","2010-06-17 15:08:00",0,"Converted"
"16661",539,4,"2009-12-17 15:39:00","2010-06-17 15:24:00",182,"Converted"
"16925",539,1,"2010-06-17 15:03:00","2010-06-17 15:03:00",0,"Converted"
"15718",539,1,"2010-06-17 16:20:00","2010-06-17 16:20:00",0,"Converted"
"17610",539,5,"2009-12-06 14:58:00","2010-06-17 16:34:00",193,"Converted"
"13608",540,1,"2010-06-17 12:28:00","2010-06-17 12:28:00",0,"Converted"
"16492",540,1,"2010-06-17 08:20:00","2010-06-17 08:20:00",0,"Converted"
"13586",540,1,"2010-06-16 13:47:00","2010-06-16 13:47:00",0,"Converted"
"14374",540,1,"2010-06-16 14:25:00","2010-06-16 14:25:00",0,"Converted"
"13112",540,1,"2009-12-08 17:40:00","2010-06-16 17:03:00",190,"Converted"
"17401",540,1,"2010-06-16 16:54:00","2010-06-16 16:54:00",0,"Converted"
"16538",540,3,"2010-04-23 16:25:00","2010-06-16 16:59:00",54,"Converted"
"16622",541,1,"2010-06-14 10:44:00","2010-06-15 14:41:00",1,"Converted"
"15816",541,2,"2010-06-15 12:54:00","2010-06-15 13:36:00",0,"Converted"
"15040",541,1,"2010-06-16 11:40:00","2010-06-16 11:40:00",0,"Converted"
"17020",541,2,"2010-03-03 12:27:00","2010-06-15 13:06:00",104,"Converted"
"15926",541,1,"2010-06-15 15:23:00","2010-06-15 15:23:00",0,"Converted"
"17922",542,1,"2010-06-14 16:32:00","2010-06-14 16:32:00",0,"Converted"
"15905",542,1,"2010-06-14 16:00:00","2010-06-14 16:00:00",0,"Converted"
"18020",543,1,"2010-06-14 12:31:00","2010-06-14 12:47:00",0,"Converted"
"13383",543,1,"2010-06-14 11:45:00","2010-06-14 11:45:00",0,"Converted"
"13190",543,3,"2009-12-07 12:13:00","2010-06-13 15:47:00",188,"Converted"
"16132",543,2,"2010-03-22 10:25:00","2010-06-13 13:49:00",83,"Converted"
"13619",544,2,"2010-02-03 14:16:00","2010-06-13 11:39:00",130,"Converted"
"16547",545,1,"2010-06-11 13:02:00","2010-06-11 13:02:00",0,"Converted"
"13794",546,1,"2010-06-11 12:30:00","2010-06-11 12:30:00",0,"Converted"
"17902",546,1,"2010-06-11 12:25:00","2010-06-11 12:25:00",0,"Converted"
"15684",546,3,"2009-12-04 16:13:00","2010-06-10 18:51:00",188,"Converted"
"17246",546,2,"2009-12-01 17:45:00","2010-06-11 12:36:00",192,"Converted"
"16862",546,4,"2010-01-07 12:57:00","2010-06-10 13:05:00",154,"Converted"
"13438",546,1,"2010-06-10 18:46:00","2010-06-10 18:46:00",0,"Converted"
"17971",547,1,"2010-06-09 14:04:00","2010-06-09 14:04:00",0,"Converted"
"16604",547,2,"2010-05-20 16:34:00","2010-06-09 14:50:00",20,"Converted"
"12634",547,1,"2010-06-09 15:41:00","2010-06-09 15:41:00",0,"Converted"
"13020",547,2,"2010-02-18 10:35:00","2010-06-09 15:54:00",111,"Converted"
"15183",547,3,"2010-05-04 11:31:00","2010-06-10 10:43:00",37,"Converted"
"15352",548,1,"2010-06-09 11:28:00","2010-06-09 11:28:00",0,"Converted"
"14671",548,2,"2010-05-20 18:21:00","2010-06-08 13:39:00",19,"Converted"
"18103",548,1,"2010-06-08 13:36:00","2010-06-08 13:36:00",0,"Converted"
"17417",548,1,"2010-06-09 10:00:00","2010-06-09 10:00:00",0,"Converted"
"17808",548,4,"2010-05-07 16:26:00","2010-06-09 10:44:00",33,"Converted"
"18100",549,1,"2010-06-07 14:19:00","2010-06-07 14:19:00",0,"Converted"
"14028",549,3,"2010-06-07 12:02:00","2010-06-07 13:33:00",0,"Converted"
"17543",549,1,"2010-06-08 12:41:00","2010-06-08 12:41:00",0,"Converted"
"14786",549,1,"2010-06-07 13:42:00","2010-06-07 13:42:00",0,"Converted"
"17784",549,1,"2010-06-07 16:08:00","2010-06-07 16:08:00",0,"Converted"
"18137",550,2,"2010-06-06 13:45:00","2010-06-06 14:18:00",0,"Converted"
"13056",550,1,"2010-06-06 14:10:00","2010-06-06 14:10:00",0,"Converted"
"17009",550,1,"2010-06-06 16:01:00","2010-06-06 16:01:00",0,"Converted"
"17915",550,1,"2010-06-06 13:22:00","2010-06-06 13:22:00",0,"Converted"
"15956",550,2,"2009-12-13 11:16:00","2010-06-06 13:06:00",175,"Converted"
"16335",551,7,"2009-12-04 10:18:00","2010-06-06 11:35:00",184,"Converted"
"18234",551,1,"2010-06-06 11:22:00","2010-06-06 11:22:00",0,"Converted"
"12911",551,1,"2010-06-06 12:13:00","2010-06-06 12:13:00",0,"Converted"
"18206",552,1,"2010-06-04 13:47:00","2010-06-04 13:47:00",0,"Converted"
"15731",553,1,"2010-06-04 10:10:00","2010-06-04 10:10:00",0,"Converted"
"16798",553,3,"2009-12-10 19:35:00","2010-06-03 19:01:00",175,"Converted"
"12675",553,2,"2010-05-10 16:44:00","2010-06-04 09:49:00",25,"Converted"
"13175",553,2,"2009-12-04 12:11:00","2010-06-03 19:13:00",181,"Converted"
"17216",553,1,"2010-06-03 13:03:00","2010-06-03 13:03:00",0,"Converted"
"16896",554,1,"2010-06-02 15:40:00","2010-06-02 15:40:00",0,"Converted"
"14033",554,1,"2010-06-02 15:10:00","2010-06-02 15:10:00",0,"Converted"
"12677",554,2,"2009-12-07 14:38:00","2010-06-02 14:30:00",177,"Converted"
"17845",554,4,"2010-05-12 13:04:00","2010-06-02 15:20:00",21,"Converted"
"15305",554,1,"2010-06-02 13:50:00","2010-06-02 13:50:00",0,"Converted"
"15359",554,8,"2010-01-15 11:30:00","2010-06-03 10:42:00",139,"Converted"
"15715",555,5,"2010-03-30 12:17:00","2010-06-02 09:56:00",64,"Converted"
"18038",555,1,"2010-06-01 15:59:00","2010-06-01 15:59:00",0,"Converted"
"15711",556,2,"2010-01-24 12:13:00","2010-06-01 12:14:00",128,"Converted"
"17617",558,1,"2010-05-18 09:52:00","2010-05-30 12:48:00",12,"Converted"
"16035",559,1,"2010-05-28 15:09:00","2010-05-28 15:09:00",0,"Converted"
"12499",559,1,"2010-05-28 15:12:00","2010-05-28 15:12:00",0,"Converted"
"17583",559,1,"2010-05-28 14:24:00","2010-05-28 14:24:00",0,"Converted"
"18163",560,1,"2010-05-04 14:51:00","2010-05-28 07:56:00",24,"Converted"
"16695",561,2,"2010-05-27 12:24:00","2010-05-27 12:36:00",0,"Converted"
"15878",561,2,"2009-12-06 12:28:00","2010-05-27 12:17:00",172,"Converted"
"15278",561,4,"2010-02-12 14:53:00","2010-05-27 10:03:00",104,"Converted"
"15340",561,1,"2010-05-27 10:27:00","2010-05-27 10:27:00",0,"Converted"
"16046",561,1,"2010-05-26 13:18:00","2010-05-26 13:18:00",0,"Converted"
"16067",562,3,"2010-02-02 18:01:00","2010-05-26 12:33:00",113,"Converted"
"15217",562,1,"2010-05-25 13:51:00","2010-05-25 13:51:00",0,"Converted"
"16328",562,1,"2010-05-25 14:02:00","2010-05-25 14:02:00",0,"Converted"
"16844",562,2,"2010-05-06 09:16:00","2010-05-26 10:29:00",20,"Converted"
"17074",562,1,"2010-05-26 12:04:00","2010-05-26 12:04:00",0,"Converted"
"14993",563,1,"2010-05-25 12:47:00","2010-05-25 12:47:00",0,"Converted"
"12773",563,1,"2010-05-24 17:30:00","2010-05-24 17:39:00",0,"Converted"
"13768",563,2,"2009-12-01 12:33:00","2010-05-25 10:19:00",175,"Converted"
"18000",563,1,"2010-05-24 17:34:00","2010-05-24 17:34:00",0,"Converted"
"16831",564,1,"2010-05-24 09:08:00","2010-05-24 09:08:00",0,"Converted"
"14010",564,2,"2010-05-23 12:46:00","2010-05-23 13:00:00",0,"Converted"
"14394",564,1,"2010-05-24 10:43:00","2010-05-24 10:43:00",0,"Converted"
"18052",564,1,"2010-05-24 11:11:00","2010-05-24 11:11:00",0,"Converted"
"15086",564,2,"2010-03-24 13:56:00","2010-05-24 12:27:00",61,"Converted"
"18208",565,1,"2010-05-23 11:54:00","2010-05-23 11:54:00",0,"Converted"
"15559",567,1,"2010-05-20 14:06:00","2010-05-20 14:06:00",0,"Converted"
"14464",567,2,"2010-03-22 15:20:00","2010-05-20 18:00:00",59,"Converted"
"13616",567,2,"2010-01-17 14:56:00","2010-05-20 12:59:00",123,"Converted"
"17184",568,2,"2009-12-09 14:17:00","2010-05-19 14:24:00",161,"Converted"
"16664",568,1,"2010-05-19 17:11:00","2010-05-19 17:11:00",0,"Converted"
"13164",568,2,"2010-02-10 11:52:00","2010-05-19 13:52:00",98,"Converted"
"16615",568,1,"2010-03-23 15:13:00","2010-05-20 09:24:00",58,"Converted"
"16564",568,1,"2010-05-19 14:41:00","2010-05-19 14:41:00",0,"Converted"
"15282",569,1,"2010-05-18 16:27:00","2010-05-18 16:27:00",0,"Converted"
"14325",569,1,"2010-05-19 09:20:00","2010-05-19 09:20:00",0,"Converted"
"13905",570,1,"2009-12-07 11:41:00","2010-05-17 17:04:00",161,"Converted"
"15391",570,1,"2010-05-04 15:04:00","2010-05-18 12:11:00",14,"Converted"
"14678",570,1,"2010-05-09 14:32:00","2010-05-17 14:27:00",8,"Converted"
"13432",570,2,"2010-04-06 14:42:00","2010-05-17 13:18:00",41,"Converted"
"18157",570,1,"2010-05-17 14:09:00","2010-05-17 14:09:00",0,"Converted"
"14017",570,1,"2010-05-17 14:52:00","2010-05-17 14:52:00",0,"Converted"
"16507",571,1,"2010-05-16 12:56:00","2010-05-16 12:56:00",0,"Converted"
"12806",571,2,"2010-04-30 10:44:00","2010-05-16 13:49:00",16,"Converted"
"14982",571,1,"2010-05-16 15:52:00","2010-05-16 15:52:00",0,"Converted"
"16922",572,1,"2010-05-16 11:24:00","2010-05-16 11:24:00",0,"Converted"
"16077",573,1,"2010-03-24 10:42:00","2010-05-14 16:38:00",51,"Converted"
"13830",573,1,"2010-05-07 12:24:00","2010-05-14 13:16:00",7,"Converted"
"14831",573,3,"2009-12-02 09:21:00","2010-05-14 14:23:00",163,"Converted"
"13400",573,1,"2010-05-06 09:00:00","2010-05-14 13:25:00",8,"Converted"
"12894",574,1,"2010-05-13 14:47:00","2010-05-13 14:47:00",0,"Converted"
"16088",575,2,"2010-04-27 10:56:00","2010-05-13 10:16:00",16,"Converted"
"15470",575,1,"2010-05-13 09:35:00","2010-05-13 09:35:00",0,"Converted"
"17484",575,2,"2010-03-25 16:17:00","2010-05-12 15:41:00",48,"Converted"
"12482",575,27,"2010-02-24 10:24:00","2010-05-12 16:51:00",77,"Converted"
"14685",575,8,"2009-12-13 10:32:00","2010-05-12 13:08:00",150,"Converted"
"12549",575,5,"2010-01-11 12:29:00","2010-05-13 12:05:00",122,"Converted"
"14391",576,1,"2010-05-12 09:42:00","2010-05-12 09:42:00",0,"Converted"
"17016",576,1,"2010-05-12 12:32:00","2010-05-12 12:32:00",0,"Converted"
"12905",576,2,"2010-01-26 14:06:00","2010-05-12 10:05:00",106,"Converted"
"13222",576,1,"2010-05-11 13:54:00","2010-05-11 13:54:00",0,"Converted"
"13834",576,2,"2009-12-17 17:47:00","2010-05-12 10:27:00",146,"Converted"
"16487",576,2,"2010-02-18 17:36:00","2010-05-11 13:38:00",82,"Converted"
"13943",577,1,"2010-05-11 11:30:00","2010-05-11 11:30:00",0,"Converted"
"14588",577,1,"2010-05-10 15:08:00","2010-05-10 15:08:00",0,"Converted"
"18275",577,2,"2009-12-08 16:23:00","2010-05-10 15:46:00",153,"Converted"
"17563",577,2,"2010-04-07 10:02:00","2010-05-10 14:54:00",33,"Converted"
"17077",577,1,"2010-05-10 16:36:00","2010-05-10 16:36:00",0,"Converted"
"13051",578,2,"2010-03-30 11:11:00","2010-05-10 09:14:00",41,"Converted"
"13407",578,3,"2010-02-16 11:13:00","2010-05-10 12:41:00",83,"Converted"
"14361",578,1,"2010-05-10 12:29:00","2010-05-10 12:29:00",0,"Converted"
"14941",578,1,"2010-05-10 11:30:00","2010-05-10 11:30:00",0,"Converted"
"13007",579,1,"2010-05-09 10:38:00","2010-05-09 10:38:00",0,"Converted"
"14814",580,1,"2010-05-07 14:10:00","2010-05-07 14:10:00",0,"Converted"
"17028",580,3,"2009-12-18 14:28:00","2010-05-07 15:33:00",140,"Converted"
"18254",580,1,"2010-05-07 14:37:00","2010-05-07 14:37:00",0,"Converted"
"17225",581,1,"2010-05-07 11:38:00","2010-05-07 11:38:00",0,"Converted"
"17798",581,1,"2010-05-07 11:42:00","2010-05-07 11:42:00",0,"Converted"
"14826",581,2,"2010-01-13 13:08:00","2010-05-07 09:00:00",114,"Converted"
"13143",581,1,"2010-05-04 12:22:00","2010-05-06 16:34:00",2,"Converted"
"17199",581,1,"2010-05-06 13:53:00","2010-05-06 13:53:00",0,"Converted"
"15868",582,1,"2010-05-05 14:11:00","2010-05-05 14:11:00",0,"Converted"
"18028",582,1,"2010-05-05 13:28:00","2010-05-05 13:28:00",0,"Converted"
"18111",582,1,"2010-04-29 12:58:00","2010-05-05 13:30:00",6,"Converted"
"13287",582,3,"2010-01-04 10:43:00","2010-05-05 13:10:00",121,"Converted"
"16543",582,1,"2010-04-27 11:38:00","2010-05-05 13:34:00",8,"Converted"
"15591",582,3,"2010-02-04 09:20:00","2010-05-06 09:23:00",91,"Converted"
"12503",583,1,"2010-05-04 13:59:00","2010-05-04 13:59:00",0,"Converted"
"13039",583,4,"2009-12-17 16:43:00","2010-05-04 16:45:00",138,"Converted"
"13042",583,3,"2009-12-07 15:42:00","2010-05-04 13:10:00",148,"Converted"
"13393",583,4,"2009-12-07 18:12:00","2010-05-05 09:34:00",149,"Converted"
"15229",585,1,"2010-05-02 13:50:00","2010-05-02 13:50:00",0,"Converted"
"16651",586,1,"2010-05-02 11:46:00","2010-05-02 11:46:00",0,"Converted"
"17565",586,1,"2010-05-02 11:54:00","2010-05-02 11:54:00",0,"Converted"
"15818",587,1,"2010-04-30 12:58:00","2010-04-30 12:58:00",0,"Converted"
"14683",587,1,"2010-04-30 17:18:00","2010-04-30 17:18:00",0,"Converted"
"14650",588,1,"2010-04-29 20:27:00","2010-04-29 20:27:00",0,"Converted"
"14773",588,1,"2010-04-26 10:29:00","2010-04-30 10:30:00",4,"Converted"
"15954",588,1,"2010-04-29 13:35:00","2010-04-29 13:35:00",0,"Converted"
"14724",589,1,"2010-04-28 13:26:00","2010-04-28 13:26:00",0,"Converted"
"17605",589,1,"2010-04-28 14:45:00","2010-04-28 14:45:00",0,"Converted"
"12698",589,1,"2010-04-28 15:51:00","2010-04-28 15:51:00",0,"Converted"
"16267",590,1,"2010-04-27 14:10:00","2010-04-27 14:10:00",0,"Converted"
"13775",590,1,"2010-04-28 12:15:00","2010-04-28 12:15:00",0,"Converted"
"15586",590,3,"2010-01-08 10:02:00","2010-04-27 17:07:00",109,"Converted"
"12392",590,1,"2010-04-27 14:04:00","2010-04-27 14:04:00",0,"Converted"
"14471",590,2,"2009-12-07 12:26:00","2010-04-27 17:12:00",141,"Converted"
"16749",590,2,"2009-12-15 14:05:00","2010-04-27 13:06:00",133,"Converted"
"16408",590,1,"2010-04-27 14:08:00","2010-04-27 14:08:00",0,"Converted"
"17959",591,1,"2010-04-26 14:12:00","2010-04-26 14:12:00",0,"Converted"
"17185",591,3,"2010-04-20 13:49:00","2010-04-27 12:15:00",7,"Converted"
"18091",592,1,"2010-04-25 13:18:00","2010-04-25 13:18:00",0,"Converted"
"14677",592,1,"2010-04-26 09:48:00","2010-04-26 09:48:00",0,"Converted"
"13609",592,1,"2010-04-25 13:26:00","2010-04-25 13:26:00",0,"Converted"
"14743",592,1,"2010-04-26 10:26:00","2010-04-26 10:26:00",0,"Converted"
"17093",592,1,"2010-04-26 10:22:00","2010-04-26 10:22:00",0,"Converted"
"14999",592,1,"2010-04-26 10:47:00","2010-04-26 10:47:00",0,"Converted"
"16585",593,2,"2010-01-13 13:31:00","2010-04-25 10:34:00",102,"Converted"
"16068",593,1,"2010-04-25 11:52:00","2010-04-25 11:52:00",0,"Converted"
"16028",595,1,"2010-04-23 11:45:00","2010-04-23 11:45:00",0,"Converted"
"14556",595,3,"2010-01-20 11:49:00","2010-04-22 14:57:00",92,"Converted"
"15231",595,1,"2010-03-28 15:12:00","2010-04-22 18:12:00",25,"Converted"
"17240",595,1,"2010-04-22 15:44:00","2010-04-22 15:44:00",0,"Converted"
"15548",595,1,"2010-04-23 12:20:00","2010-04-23 12:20:00",0,"Converted"
"15474",595,1,"2010-04-23 11:14:00","2010-04-23 11:14:00",0,"Converted"
"17057",595,1,"2010-04-22 19:21:00","2010-04-22 19:21:00",0,"Converted"
"17729",595,1,"2010-04-22 15:03:00","2010-04-22 15:03:00",0,"Converted"
"14917",596,2,"2010-04-22 09:44:00","2010-04-22 11:28:00",0,"Converted"
"13698",596,2,"2010-01-27 09:02:00","2010-04-22 11:52:00",85,"Converted"
"17681",596,5,"2009-12-11 13:11:00","2010-04-21 17:22:00",131,"Converted"
"17622",596,2,"2010-04-20 13:38:00","2010-04-22 11:23:00",2,"Converted"
"13625",596,1,"2010-04-22 10:50:00","2010-04-22 10:50:00",0,"Converted"
"15176",596,1,"2010-02-10 10:36:00","2010-04-22 11:40:00",71,"Converted"
"13935",596,3,"2010-02-25 16:01:00","2010-04-22 11:21:00",56,"Converted"
"12983",597,1,"2010-04-20 12:58:00","2010-04-20 12:58:00",0,"Converted"
"15455",597,1,"2010-04-21 12:43:00","2010-04-21 12:43:00",0,"Converted"
"18134",597,2,"2010-01-14 11:59:00","2010-04-20 14:02:00",96,"Converted"
"14812",598,1,"2010-04-20 12:13:00","2010-04-20 12:13:00",0,"Converted"
"15682",598,2,"2010-01-21 14:37:00","2010-04-19 15:30:00",88,"Converted"
"16548",598,1,"2010-04-19 16:15:00","2010-04-19 16:15:00",0,"Converted"
"12780",598,1,"2010-04-20 09:40:00","2010-04-20 09:40:00",0,"Converted"
"17825",598,4,"2009-12-14 12:09:00","2010-04-20 12:01:00",127,"Converted"
"13286",599,1,"2010-04-18 15:35:00","2010-04-18 15:35:00",0,"Converted"
"15273",599,1,"2010-04-19 11:31:00","2010-04-19 11:31:00",0,"Converted"
"17474",599,1,"2010-04-19 10:43:00","2010-04-19 10:43:00",0,"Converted"
"12742",599,1,"2010-03-24 12:43:00","2010-04-19 11:10:00",26,"Converted"
"14845",599,1,"2010-04-19 10:19:00","2010-04-19 10:19:00",0,"Converted"
"17842",601,1,"2010-04-16 14:23:00","2010-04-16 14:23:00",0,"Converted"
"15979",602,1,"2010-04-16 11:35:00","2010-04-16 11:35:00",0,"Converted"
"13661",602,1,"2010-04-15 14:58:00","2010-04-15 14:58:00",0,"Converted"
"17032",602,5,"2009-12-10 15:36:00","2010-04-15 14:14:00",126,"Converted"
"12969",602,1,"2010-04-16 10:50:00","2010-04-16 10:50:00",0,"Converted"
"17626",602,1,"2010-04-16 12:15:00","2010-04-16 12:15:00",0,"Converted"
"16840",602,2,"2010-02-03 12:42:00","2010-04-15 15:48:00",71,"Converted"
"17039",603,1,"2010-04-14 12:56:00","2010-04-14 12:56:00",0,"Converted"
"15771",603,3,"2010-01-15 12:14:00","2010-04-14 13:56:00",89,"Converted"
"14172",604,3,"2010-03-07 10:58:00","2010-04-13 13:26:00",37,"Converted"
"12459",604,1,"2010-04-13 14:53:00","2010-04-13 14:53:00",0,"Converted"
"15982",604,1,"2010-04-13 15:47:00","2010-04-13 15:47:00",0,"Converted"
"14771",605,2,"2009-12-03 09:44:00","2010-04-13 10:34:00",131,"Converted"
"12671",605,1,"2010-04-12 16:30:00","2010-04-12 16:30:00",0,"Converted"
"13852",606,1,"2010-04-08 09:06:00","2010-04-12 08:16:00",4,"Converted"
"14791",606,1,"2010-04-12 10:24:00","2010-04-12 10:24:00",0,"Converted"
"15546",606,2,"2010-04-12 11:45:00","2010-04-12 11:55:00",0,"Converted"
"13180",606,1,"2010-04-11 13:37:00","2010-04-11 13:37:00",0,"Converted"
"16944",609,1,"2010-04-09 11:03:00","2010-04-09 11:03:00",0,"Converted"
"14160",609,7,"2010-01-10 12:06:00","2010-04-08 14:30:00",88,"Converted"
"13163",609,1,"2010-02-21 16:22:00","2010-04-08 16:21:00",46,"Converted"
"12786",609,1,"2010-04-09 12:12:00","2010-04-09 12:12:00",0,"Converted"
"18271",609,2,"2009-12-08 11:27:00","2010-04-09 09:26:00",122,"Converted"
"13197",609,1,"2010-04-09 09:14:00","2010-04-09 09:14:00",0,"Converted"
"15613",609,1,"2010-04-08 12:51:00","2010-04-08 12:51:00",0,"Converted"
"17529",609,2,"2010-01-11 12:29:00","2010-04-08 17:51:00",87,"Converted"
"15112",610,1,"2010-04-07 14:17:00","2010-04-07 14:17:00",0,"Converted"
"13640",610,1,"2010-04-07 15:33:00","2010-04-07 15:33:00",0,"Converted"
"15309",610,4,"2009-12-04 13:01:00","2010-04-08 11:11:00",125,"Converted"
"14990",611,2,"2009-12-09 13:31:00","2010-04-06 13:54:00",118,"Converted"
"13071",611,1,"2010-04-06 13:37:00","2010-04-06 13:37:00",0,"Converted"
"12711",611,2,"2010-02-01 11:30:00","2010-04-07 11:59:00",65,"Converted"
"16941",611,1,"2010-04-07 11:13:00","2010-04-07 11:13:00",0,"Converted"
"15770",612,1,"2010-04-06 11:47:00","2010-04-06 11:47:00",0,"Converted"
"17477",612,2,"2010-03-02 11:53:00","2010-04-06 10:06:00",35,"Converted"
"14694",616,1,"2010-04-01 19:46:00","2010-04-01 19:46:00",0,"Converted"
"17993",616,1,"2010-04-01 14:23:00","2010-04-01 14:23:00",0,"Converted"
"14200",616,1,"2010-04-01 13:01:00","2010-04-01 13:01:00",0,"Converted"
"16845",617,1,"2010-03-31 13:09:00","2010-03-31 13:09:00",0,"Converted"
"15029",617,1,"2010-03-30 12:16:00","2010-03-31 16:04:00",1,"Converted"
"16704",617,2,"2010-02-05 14:14:00","2010-03-31 14:02:00",54,"Converted"
"13219",617,1,"2010-03-31 14:18:00","2010-03-31 14:18:00",0,"Converted"
"15742",618,1,"2010-03-30 15:25:00","2010-03-30 15:25:00",0,"Converted"
"14706",618,1,"2010-03-31 11:09:00","2010-03-31 11:09:00",0,"Converted"
"14928",618,1,"2010-03-22 09:14:00","2010-03-30 15:51:00",8,"Converted"
"13179",618,1,"2010-03-31 11:40:00","2010-03-31 11:40:00",0,"Converted"
"17586",618,1,"2010-03-30 13:12:00","2010-03-30 13:12:00",0,"Converted"
"12533",618,2,"2009-12-01 11:50:00","2010-03-31 10:24:00",120,"Converted"
"16502",619,2,"2010-03-29 13:39:00","2010-03-29 13:44:00",0,"Converted"
"12861",619,1,"2010-03-30 11:39:00","2010-03-30 11:39:00",0,"Converted"
"12496",619,2,"2010-03-29 13:57:00","2010-03-29 14:06:00",0,"Converted"
"15575",619,1,"2010-03-30 12:50:00","2010-03-30 12:50:00",0,"Converted"
"13412",619,1,"2010-03-29 16:28:00","2010-03-29 16:28:00",0,"Converted"
"14809",620,2,"2010-03-28 15:42:00","2010-03-28 15:44:00",0,"Converted"
"14378",621,1,"2010-03-28 12:22:00","2010-03-28 12:22:00",0,"Converted"
"13053",621,1,"2010-03-28 11:28:00","2010-03-28 11:28:00",0,"Converted"
"13825",621,2,"2009-12-09 14:30:00","2010-03-28 11:02:00",109,"Converted"
"15848",621,1,"2010-03-28 10:54:00","2010-03-28 10:54:00",0,"Converted"
"18187",622,1,"2010-03-18 09:49:00","2010-03-26 14:25:00",8,"Converted"
"14074",622,1,"2010-03-26 13:55:00","2010-03-26 13:55:00",0,"Converted"
"18166",623,1,"2010-03-26 12:26:00","2010-03-26 12:26:00",0,"Converted"
"15698",623,1,"2010-03-25 17:38:00","2010-03-25 17:38:00",0,"Converted"
"15911",623,8,"2009-12-09 13:26:00","2010-03-26 12:06:00",107,"Converted"
"16090",623,1,"2010-03-25 13:05:00","2010-03-25 13:05:00",0,"Converted"
"14330",623,1,"2010-03-26 09:10:00","2010-03-26 09:10:00",0,"Converted"
"12663",624,2,"2010-02-09 14:28:00","2010-03-25 09:40:00",44,"Converted"
"13459",624,2,"2010-01-26 13:35:00","2010-03-25 10:24:00",58,"Converted"
"16002",624,1,"2010-03-24 13:08:00","2010-03-24 13:08:00",0,"Converted"
"16741",624,1,"2010-03-24 15:15:00","2010-03-24 15:15:00",0,"Converted"
"17072",624,1,"2010-03-24 16:33:00","2010-03-24 16:33:00",0,"Converted"
"13445",625,1,"2010-03-23 15:34:00","2010-03-23 15:34:00",0,"Converted"
"16578",625,1,"2010-03-23 15:11:00","2010-03-23 15:11:00",0,"Converted"
"16296",625,4,"2009-12-18 12:03:00","2010-03-23 13:11:00",95,"Converted"
"16970",625,1,"2010-03-23 13:50:00","2010-03-23 13:50:00",0,"Converted"
"13896",625,1,"2010-03-24 08:55:00","2010-03-24 08:55:00",0,"Converted"
"16911",626,2,"2010-02-16 16:12:00","2010-03-22 15:57:00",34,"Converted"
"17539",626,3,"2009-12-13 12:36:00","2010-03-22 16:50:00",99,"Converted"
"14596",626,1,"2010-03-23 12:13:00","2010-03-23 12:13:00",0,"Converted"
"12368",627,1,"2010-03-21 15:56:00","2010-03-21 15:56:00",0,"Converted"
"16397",627,1,"2010-03-21 15:36:00","2010-03-21 15:36:00",0,"Converted"
"12796",627,1,"2010-03-21 15:49:00","2010-03-21 15:49:00",0,"Converted"
"17285",627,2,"2010-02-14 14:10:00","2010-03-21 13:38:00",35,"Converted"
"17587",627,1,"2010-03-21 14:16:00","2010-03-21 14:16:00",0,"Converted"
"17916",628,2,"2009-12-06 14:10:00","2010-03-21 12:26:00",105,"Converted"
"16508",629,1,"2010-03-19 13:41:00","2010-03-19 13:41:00",0,"Converted"
"16452",630,2,"2010-01-15 12:22:00","2010-03-19 12:39:00",63,"Converted"
"13128",630,1,"2010-03-18 15:08:00","2010-03-18 15:08:00",0,"Converted"
"15496",630,1,"2010-03-18 13:16:00","2010-03-18 13:16:00",0,"Converted"
"18131",631,1,"2010-03-18 08:48:00","2010-03-18 08:48:00",0,"Converted"
"13902",631,5,"2009-12-08 17:13:00","2010-03-17 13:09:00",99,"Converted"
"17933",631,1,"2010-03-17 15:11:00","2010-03-17 15:11:00",0,"Converted"
"14604",632,1,"2010-03-16 13:00:00","2010-03-16 13:00:00",0,"Converted"
"17568",632,1,"2010-03-16 16:45:00","2010-03-16 16:45:00",0,"Converted"
"17479",632,1,"2010-03-17 09:26:00","2010-03-17 09:26:00",0,"Converted"
"13543",633,2,"2010-01-21 14:30:00","2010-03-15 13:34:00",53,"Converted"
"13530",633,1,"2010-03-15 14:10:00","2010-03-15 14:10:00",0,"Converted"
"12366",633,1,"2010-03-16 10:28:00","2010-03-16 10:28:00",0,"Converted"
"18051",633,7,"2009-12-09 12:17:00","2010-03-15 13:58:00",96,"Converted"
"12495",634,1,"2010-03-09 10:53:00","2010-03-15 10:20:00",6,"Converted"
"13688",634,1,"2010-03-14 14:11:00","2010-03-14 14:11:00",0,"Converted"
"12692",636,1,"2010-03-12 14:02:00","2010-03-12 14:02:00",0,"Converted"
"13724",636,1,"2010-03-12 15:28:00","2010-03-12 15:28:00",0,"Converted"
"17065",637,2,"2010-03-12 11:40:00","2010-03-12 11:41:00",0,"Converted"
"12954",638,1,"2010-03-11 10:16:00","2010-03-11 10:16:00",0,"Converted"
"15558",638,1,"2010-03-10 15:25:00","2010-03-10 15:30:00",0,"Converted"
"13413",639,6,"2010-01-21 17:43:00","2010-03-10 12:17:00",48,"Converted"
"16537",640,1,"2010-03-08 13:41:00","2010-03-08 13:41:00",0,"Converted"
"13641",640,4,"2009-12-05 13:17:00","2010-03-09 07:37:00",94,"Converted"
"15250",640,1,"2010-03-09 07:35:00","2010-03-09 07:35:00",0,"Converted"
"17907",640,1,"2010-03-09 12:33:00","2010-03-09 12:33:00",0,"Converted"
"13454",640,1,"2010-03-08 14:40:00","2010-03-08 14:40:00",0,"Converted"
"17488",640,1,"2010-03-08 14:07:00","2010-03-08 14:07:00",0,"Converted"
"15631",641,1,"2010-03-07 14:52:00","2010-03-07 14:52:00",0,"Converted"
"18029",641,1,"2010-03-07 15:30:00","2010-03-07 15:30:00",0,"Converted"
"14369",641,2,"2010-02-16 10:28:00","2010-03-07 15:47:00",19,"Converted"
"16534",641,1,"2010-03-07 15:47:00","2010-03-07 15:47:00",0,"Converted"
"18253",642,1,"2010-03-07 12:38:00","2010-03-07 12:38:00",0,"Converted"
"15929",643,1,"2010-03-05 14:56:00","2010-03-05 14:56:00",0,"Converted"
"17577",644,2,"2010-02-09 10:10:00","2010-03-04 13:01:00",23,"Converted"
"12568",644,1,"2010-03-05 09:15:00","2010-03-05 09:15:00",0,"Converted"
"14018",644,1,"2010-03-04 14:23:00","2010-03-04 14:23:00",0,"Converted"
"13879",645,1,"2010-03-04 10:49:00","2010-03-04 10:49:00",0,"Converted"
"18152",645,1,"2010-03-03 15:26:00","2010-03-03 15:26:00",0,"Converted"
"16285",645,1,"2010-03-03 16:03:00","2010-03-03 16:03:00",0,"Converted"
"15875",645,1,"2010-03-03 16:51:00","2010-03-03 16:51:00",0,"Converted"
"18148",646,1,"2010-03-03 11:40:00","2010-03-03 11:40:00",0,"Converted"
"13793",646,1,"2010-03-03 08:25:00","2010-03-03 08:25:00",0,"Converted"
"15927",646,1,"2010-03-02 13:25:00","2010-03-02 13:25:00",0,"Converted"
"17638",646,2,"2009-12-18 09:58:00","2010-03-02 14:32:00",74,"Converted"
"16731",647,1,"2010-03-01 15:05:00","2010-03-01 15:05:00",0,"Converted"
"16273",647,2,"2010-02-21 16:02:00","2010-03-01 13:24:00",8,"Converted"
"17116",647,1,"2010-03-01 16:29:00","2010-03-01 16:29:00",0,"Converted"
"17305",648,1,"2010-03-01 12:47:00","2010-03-01 12:47:00",0,"Converted"
"17209",648,3,"2009-12-03 11:10:00","2010-02-28 16:01:00",87,"Converted"
"14131",648,1,"2010-03-01 11:59:00","2010-03-01 11:59:00",0,"Converted"
"18046",649,1,"2010-02-28 11:36:00","2010-02-28 11:36:00",0,"Converted"
"15943",649,2,"2010-01-31 11:04:00","2010-02-28 12:49:00",28,"Converted"
"15477",649,1,"2010-02-28 10:37:00","2010-02-28 10:37:00",0,"Converted"
"14402",651,1,"2010-02-25 13:20:00","2010-02-25 13:20:00",0,"Converted"
"13604",651,1,"2010-02-19 12:02:00","2010-02-25 18:38:00",6,"Converted"
"17207",651,1,"2010-02-25 19:08:00","2010-02-25 19:08:00",0,"Converted"
"13765",652,1,"2010-02-24 13:46:00","2010-02-24 13:46:00",0,"Converted"
"13469",652,1,"2010-02-24 15:03:00","2010-02-24 15:03:00",0,"Converted"
"14558",652,3,"2009-12-01 14:47:00","2010-02-24 17:01:00",85,"Converted"
"13944",652,1,"2010-02-24 15:02:00","2010-02-24 15:02:00",0,"Converted"
"14091",653,2,"2010-01-10 13:41:00","2010-02-23 15:17:00",44,"Converted"
"16388",653,1,"2010-02-24 10:20:00","2010-02-24 10:20:00",0,"Converted"
"13490",653,1,"2010-02-23 14:48:00","2010-02-23 14:48:00",0,"Converted"
"15295",653,1,"2010-02-23 13:03:00","2010-02-23 13:03:00",0,"Converted"
"14783",654,1,"2010-02-18 16:16:00","2010-02-22 16:08:00",4,"Converted"
"14726",654,1,"2010-02-23 12:35:00","2010-02-23 12:35:00",0,"Converted"
"17195",654,1,"2010-02-22 13:05:00","2010-02-22 13:05:00",0,"Converted"
"17439",655,1,"2010-02-22 12:48:00","2010-02-22 12:48:00",0,"Converted"
"15928",655,1,"2010-02-21 15:16:00","2010-02-21 15:16:00",0,"Converted"
"14602",655,1,"2010-02-21 15:47:00","2010-02-21 15:47:00",0,"Converted"
"12416",656,1,"2010-02-21 10:19:00","2010-02-21 10:19:00",0,"Converted"
"13191",657,1,"2010-02-19 17:02:00","2010-02-19 17:02:00",0,"Converted"
"18153",658,1,"2010-02-18 15:50:00","2010-02-18 15:50:00",0,"Converted"
"14244",658,1,"2010-02-17 11:40:00","2010-02-18 17:09:00",1,"Converted"
"17721",658,1,"2010-02-18 15:18:00","2010-02-18 15:18:00",0,"Converted"
"15693",658,1,"2010-02-18 14:37:00","2010-02-18 14:37:00",0,"Converted"
"18267",659,1,"2010-02-05 08:43:00","2010-02-18 09:12:00",13,"Converted"
"16481",659,1,"2010-01-26 13:09:00","2010-02-18 11:14:00",23,"Converted"
"18285",660,1,"2010-02-17 10:24:00","2010-02-17 10:24:00",0,"Converted"
"15662",660,2,"2009-12-01 13:49:00","2010-02-16 16:47:00",77,"Converted"
"14989",661,1,"2010-02-16 10:40:00","2010-02-16 10:40:00",0,"Converted"
"17136",661,1,"2010-02-15 13:13:00","2010-02-15 13:13:00",0,"Converted"
"17778",661,1,"2010-02-16 12:44:00","2010-02-16 12:44:00",0,"Converted"
"15371",661,1,"2010-02-15 13:14:00","2010-02-15 13:14:00",0,"Converted"
"17662",661,2,"2009-12-17 09:54:00","2010-02-16 09:38:00",61,"Converted"
"14943",662,1,"2010-02-14 16:04:00","2010-02-14 16:04:00",0,"Converted"
"15964",662,1,"2010-02-14 15:30:00","2010-02-14 15:30:00",0,"Converted"
"17108",663,1,"2010-02-14 12:22:00","2010-02-14 12:22:00",0,"Converted"
"16822",663,1,"2009-12-08 17:05:00","2010-02-14 11:05:00",68,"Converted"
"14190",665,1,"2010-02-11 14:27:00","2010-02-11 14:27:00",0,"Converted"
"15293",665,1,"2010-02-12 11:54:00","2010-02-12 11:54:00",0,"Converted"
"17780",666,3,"2010-01-24 11:21:00","2010-02-10 13:43:00",17,"Converted"
"17575",666,1,"2010-02-10 13:48:00","2010-02-10 13:48:00",0,"Converted"
"16577",666,1,"2010-02-11 09:45:00","2010-02-11 09:45:00",0,"Converted"
"14072",666,1,"2010-02-11 12:31:00","2010-02-11 12:31:00",0,"Converted"
"15765",666,1,"2010-02-11 10:25:00","2010-02-11 10:25:00",0,"Converted"
"13442",666,3,"2009-12-01 14:59:00","2010-02-10 14:03:00",71,"Converted"
"12776",667,1,"2010-02-10 12:11:00","2010-02-10 12:11:00",0,"Converted"
"16530",667,1,"2010-02-09 15:30:00","2010-02-09 15:30:00",0,"Converted"
"16436",667,3,"2009-12-06 16:02:00","2010-02-09 13:19:00",65,"Converted"
"17810",668,2,"2010-01-25 10:26:00","2010-02-09 10:47:00",15,"Converted"
"15082",668,1,"2010-02-09 10:23:00","2010-02-09 10:23:00",0,"Converted"
"15892",668,1,"2010-02-08 16:23:00","2010-02-08 16:23:00",0,"Converted"
"17319",668,1,"2010-02-08 15:47:00","2010-02-08 15:47:00",0,"Converted"
"17294",668,2,"2010-02-08 14:21:00","2010-02-08 16:12:00",0,"Converted"
"13119",668,1,"2010-02-09 08:38:00","2010-02-09 08:38:00",0,"Converted"
"18070",668,1,"2009-12-08 17:15:00","2010-02-08 13:28:00",62,"Converted"
"14884",668,1,"2010-02-08 12:56:00","2010-02-08 12:56:00",0,"Converted"
"16082",669,1,"2010-02-07 15:16:00","2010-02-07 15:16:00",0,"Converted"
"13009",672,1,"2010-02-05 12:22:00","2010-02-05 12:22:00",0,"Converted"
"17328",672,1,"2010-02-04 17:11:00","2010-02-04 17:11:00",0,"Converted"
"13234",672,2,"2009-12-07 12:32:00","2010-02-05 11:41:00",60,"Converted"
"14151",672,2,"2009-12-23 10:54:00","2010-02-04 15:35:00",43,"Converted"
"12396",673,1,"2010-02-03 13:22:00","2010-02-03 13:22:00",0,"Converted"
"14545",673,1,"2010-02-03 15:23:00","2010-02-03 15:23:00",0,"Converted"
"13757",674,1,"2010-02-03 12:37:00","2010-02-03 12:37:00",0,"Converted"
"13553",674,1,"2010-02-03 12:21:00","2010-02-03 12:21:00",0,"Converted"
"18199",675,1,"2010-01-25 11:32:00","2010-02-02 08:39:00",8,"Converted"
"12848",675,1,"2010-02-02 12:45:00","2010-02-02 12:45:00",0,"Converted"
"13628",675,1,"2010-02-01 14:44:00","2010-02-01 14:44:00",0,"Converted"
"18175",675,1,"2010-02-02 10:25:00","2010-02-02 10:25:00",0,"Converted"
"14637",676,1,"2010-01-31 15:52:00","2010-01-31 15:52:00",0,"Converted"
"15338",676,1,"2010-01-31 14:25:00","2010-01-31 14:25:00",0,"Converted"
"15317",676,1,"2009-12-08 16:43:00","2010-01-31 15:55:00",54,"Converted"
"13392",676,1,"2010-01-31 13:34:00","2010-01-31 13:34:00",0,"Converted"
"15588",677,1,"2010-01-31 12:19:00","2010-01-31 12:19:00",0,"Converted"
"16673",678,1,"2010-01-29 14:22:00","2010-01-29 14:22:00",0,"Converted"
"16802",678,2,"2009-12-09 13:00:00","2010-01-29 13:44:00",51,"Converted"
"14613",679,1,"2010-01-28 13:02:00","2010-01-28 13:02:00",0,"Converted"
"16137",679,1,"2010-01-28 15:04:00","2010-01-28 15:04:00",0,"Converted"
"15487",679,1,"2010-01-29 12:07:00","2010-01-29 12:07:00",0,"Converted"
"17982",680,1,"2010-01-28 09:38:00","2010-01-28 09:38:00",0,"Converted"
"15959",681,3,"2010-01-26 16:19:00","2010-01-26 16:38:00",0,"Converted"
"16051",681,1,"2010-01-27 09:38:00","2010-01-27 09:38:00",0,"Converted"
"14137",681,1,"2010-01-13 12:30:00","2010-01-27 10:21:00",14,"Converted"
"12869",681,1,"2010-01-27 12:10:00","2010-01-27 12:10:00",0,"Converted"
"14376",682,1,"2010-01-25 15:36:00","2010-01-25 15:36:00",0,"Converted"
"12439",682,2,"2009-12-14 08:40:00","2010-01-26 12:11:00",43,"Converted"
"14519",683,2,"2009-12-11 10:40:00","2010-01-25 11:18:00",45,"Converted"
"14751",683,2,"2009-12-13 14:08:00","2010-01-24 13:37:00",42,"Converted"
"14070",684,1,"2010-01-24 12:27:00","2010-01-24 12:27:00",0,"Converted"
"14879",684,1,"2010-01-24 11:35:00","2010-01-24 11:35:00",0,"Converted"
"13036",684,1,"2010-01-24 11:35:00","2010-01-24 11:35:00",0,"Converted"
"14274",685,1,"2010-01-22 12:51:00","2010-01-22 12:51:00",0,"Converted"
"17794",686,2,"2010-01-20 12:17:00","2010-01-22 10:18:00",2,"Converted"
"14063",686,7,"2009-12-08 13:46:00","2010-01-22 11:28:00",45,"Converted"
"17875",687,1,"2010-01-20 15:30:00","2010-01-20 15:30:00",0,"Converted"
"14207",687,1,"2010-01-21 09:33:00","2010-01-21 09:33:00",0,"Converted"
"14983",688,1,"2010-01-19 17:32:00","2010-01-19 17:32:00",0,"Converted"
"13315",688,1,"2010-01-19 15:34:00","2010-01-19 15:34:00",0,"Converted"
"13622",688,1,"2010-01-12 13:22:00","2010-01-20 10:30:00",8,"Converted"
"13457",688,2,"2009-12-02 12:46:00","2010-01-20 08:48:00",49,"Converted"
"16867",689,1,"2010-01-19 09:11:00","2010-01-19 09:11:00",0,"Converted"
"12470",689,1,"2010-01-19 11:01:00","2010-01-19 11:01:00",0,"Converted"
"15375",689,1,"2010-01-18 15:38:00","2010-01-18 15:38:00",0,"Converted"
"15697",689,1,"2010-01-19 09:10:00","2010-01-19 09:10:00",0,"Converted"
"14892",690,1,"2010-01-18 08:58:00","2010-01-18 08:58:00",0,"Converted"
"13907",691,1,"2010-01-17 12:22:00","2010-01-17 12:22:00",0,"Converted"
"15413",691,5,"2009-12-01 10:18:00","2010-01-17 11:33:00",47,"Converted"
"12860",692,1,"2010-01-15 15:22:00","2010-01-15 15:22:00",0,"Converted"
"16304",694,1,"2010-01-14 08:30:00","2010-01-14 08:30:00",0,"Converted"
"17352",695,1,"2010-01-12 16:13:00","2010-01-12 16:13:00",0,"Converted"
"17945",696,3,"2010-01-12 11:33:00","2010-01-12 11:40:00",0,"Converted"
"18115",697,1,"2010-01-11 11:57:00","2010-01-11 11:57:00",0,"Converted"
"15324",700,1,"2010-01-07 14:37:00","2010-01-07 14:37:00",0,"Converted"
"15409",701,1,"2009-12-18 15:35:00","2010-01-07 11:52:00",20,"Converted"
"14969",703,1,"2010-01-05 12:43:00","2010-01-05 12:43:00",0,"Converted"
"13111",718,1,"2009-12-21 09:00:00","2009-12-21 09:00:00",0,"Converted"
"13847",719,1,"2009-12-20 10:41:00","2009-12-20 10:41:00",0,"Converted"
"16439",721,1,"2009-12-17 14:22:00","2009-12-17 14:22:00",0,"Converted"
"17103",721,1,"2009-12-17 14:08:00","2009-12-17 14:08:00",0,"Converted"
"16908",721,1,"2009-12-17 13:35:00","2009-12-17 13:38:00",0,"Converted"
"17927",721,1,"2009-12-18 11:03:00","2009-12-18 11:03:00",0,"Converted"
"15302",721,1,"2009-12-09 13:11:00","2009-12-17 17:39:00",8,"Converted"
"17833",722,1,"2009-12-16 13:40:00","2009-12-16 13:40:00",0,"Converted"
"14095",722,1,"2009-12-17 12:49:00","2009-12-17 12:49:00",0,"Converted"
"18186",722,1,"2009-12-17 10:22:00","2009-12-17 10:22:00",0,"Converted"
"18012",722,1,"2009-12-16 13:16:00","2009-12-16 13:16:00",0,"Converted"
"16195",722,1,"2009-12-16 14:09:00","2009-12-16 14:09:00",0,"Converted"
"16694",722,1,"2009-12-16 15:45:00","2009-12-16 15:45:00",0,"Converted"
"18201",722,1,"2009-12-17 08:55:00","2009-12-17 08:55:00",0,"Converted"
"16605",723,1,"2009-12-15 19:03:00","2009-12-15 19:03:00",0,"Converted"
"15499",723,1,"2009-12-16 12:17:00","2009-12-16 12:17:00",0,"Converted"
"12941",723,1,"2009-12-15 13:12:00","2009-12-15 13:12:00",0,"Converted"
"13289",723,1,"2009-12-16 11:53:00","2009-12-16 11:53:00",0,"Converted"
"14042",724,1,"2009-12-14 15:07:00","2009-12-14 15:07:00",0,"Converted"
"15188",724,1,"2009-12-14 13:30:00","2009-12-14 13:30:00",0,"Converted"
"12992",724,1,"2009-12-14 16:46:00","2009-12-14 16:46:00",0,"Converted"
"17318",724,1,"2009-12-14 13:11:00","2009-12-14 13:11:00",0,"Converted"
"16280",724,1,"2009-12-14 15:49:00","2009-12-14 15:49:00",0,"Converted"
"17012",724,1,"2009-12-14 17:34:00","2009-12-14 17:34:00",0,"Converted"
"15672",724,1,"2009-12-14 16:52:00","2009-12-14 16:52:00",0,"Converted"
"17067",724,3,"2009-12-08 12:03:00","2009-12-15 08:39:00",7,"Converted"
"16064",724,1,"2009-12-14 16:11:00","2009-12-14 16:11:00",0,"Converted"
"13087",725,1,"2009-12-13 15:16:00","2009-12-13 15:16:00",0,"Converted"
"17066",725,1,"2009-12-13 13:24:00","2009-12-13 13:24:00",0,"Converted"
"15534",725,1,"2009-12-14 12:48:00","2009-12-14 12:48:00",0,"Converted"
"14977",725,1,"2009-12-14 10:37:00","2009-12-14 10:37:00",0,"Converted"
"17910",725,1,"2009-12-13 16:04:00","2009-12-13 16:04:00",0,"Converted"
"17487",727,1,"2009-12-11 15:06:00","2009-12-11 15:06:00",0,"Converted"
"15162",728,1,"2009-12-08 13:14:00","2009-12-11 11:31:00",3,"Converted"
"16663",728,1,"2009-12-10 13:12:00","2009-12-10 13:12:00",0,"Converted"
"12979",728,1,"2009-12-10 15:45:00","2009-12-10 15:57:00",0,"Converted"
"16901",728,1,"2009-12-10 16:30:00","2009-12-10 16:30:00",0,"Converted"
"17296",729,1,"2009-12-09 14:01:00","2009-12-09 14:01:00",0,"Converted"
"16459",729,1,"2009-12-10 12:42:00","2009-12-10 12:42:00",0,"Converted"
"13498",729,1,"2009-12-09 15:26:00","2009-12-09 15:26:00",0,"Converted"
"15085",729,1,"2009-12-10 11:47:00","2009-12-10 11:47:00",0,"Converted"
"15642",729,1,"2009-12-10 11:51:00","2009-12-10 11:51:00",0,"Converted"
"15209",729,1,"2009-12-09 17:26:00","2009-12-09 17:26:00",0,"Converted"
"17178",730,1,"2009-12-08 16:20:00","2009-12-08 16:20:00",0,"Converted"
"13114",730,1,"2009-12-09 09:56:00","2009-12-09 09:56:00",0,"Converted"
"15924",730,1,"2009-12-08 15:00:00","2009-12-08 15:00:00",0,"Converted"
"13204",730,1,"2009-12-08 14:56:00","2009-12-08 14:56:00",0,"Converted"
"12487",730,1,"2009-12-09 09:16:00","2009-12-09 11:36:00",0,"Converted"
"18162",731,1,"2009-12-07 13:24:00","2009-12-07 13:24:00",0,"Converted"
"13025",731,1,"2009-12-08 10:02:00","2009-12-08 10:02:00",0,"Converted"
"17441",731,1,"2009-12-07 13:32:00","2009-12-07 13:32:00",0,"Converted"
"12443",731,1,"2009-12-07 15:42:00","2009-12-07 15:42:00",0,"Converted"
"14003",732,1,"2009-12-07 08:53:00","2009-12-07 08:53:00",0,"Converted"
"15479",732,1,"2009-12-06 15:08:00","2009-12-06 15:08:00",0,"Converted"
"14955",732,1,"2009-12-07 11:35:00","2009-12-07 11:35:00",0,"Converted"
"14574",732,1,"2009-12-07 12:42:00","2009-12-07 12:42:00",0,"Converted"
"16964",732,2,"2009-12-06 12:51:00","2009-12-06 12:53:00",0,"Converted"
"14717",732,1,"2009-12-06 12:46:00","2009-12-06 13:05:00",0,"Converted"
"14123",732,1,"2009-12-06 15:35:00","2009-12-06 15:35:00",0,"Converted"
"16277",733,1,"2009-12-06 11:27:00","2009-12-06 11:27:00",0,"Converted"
"14468",733,1,"2009-12-06 12:21:00","2009-12-06 12:21:00",0,"Converted"
"16410",733,1,"2009-12-05 14:51:00","2009-12-05 14:51:00",0,"Converted"
"16541",734,1,"2009-12-04 12:29:00","2009-12-04 13:22:00",0,"Converted"
"14979",734,1,"2009-12-04 12:54:00","2009-12-04 12:54:00",0,"Converted"
"17151",734,1,"2009-12-04 14:56:00","2009-12-04 14:56:00",0,"Converted"
"16192",735,1,"2009-12-04 12:28:00","2009-12-04 12:28:00",0,"Converted"
"15999",735,1,"2009-12-04 12:31:00","2009-12-04 12:31:00",0,"Converted"
"17271",735,1,"2009-12-03 13:49:00","2009-12-03 13:49:00",0,"Converted"
"16645",735,1,"2009-12-04 09:49:00","2009-12-04 09:49:00",0,"Converted"
"15794",735,2,"2009-12-02 15:10:00","2009-12-03 13:04:00",1,"Converted"
"14750",735,1,"2009-12-03 17:57:00","2009-12-03 17:57:00",0,"Converted"
"14347",736,1,"2009-12-03 10:49:00","2009-12-03 10:49:00",0,"Converted"
"12934",736,1,"2009-12-03 10:51:00","2009-12-03 10:51:00",0,"Converted"
"14106",736,1,"2009-12-02 14:09:00","2009-12-02 14:09:00",0,"Converted"
"16301",736,1,"2009-12-03 10:20:00","2009-12-03 10:20:00",0,"Converted"
"17909",736,1,"2009-12-02 13:10:00","2009-12-02 13:10:00",0,"Converted"
"17606",736,1,"2009-12-02 13:32:00","2009-12-02 13:32:00",0,"Converted"
"14980",736,1,"2009-12-02 14:09:00","2009-12-02 14:09:00",0,"Converted"
"13526",737,2,"2009-12-01 12:56:00","2009-12-01 13:14:00",0,"Converted"
"15833",737,1,"2009-12-02 11:59:00","2009-12-02 11:59:00",0,"Converted"
"14654",737,1,"2009-12-01 12:57:00","2009-12-01 12:57:00",0,"Converted"
"17056",737,1,"2009-12-01 12:55:00","2009-12-01 12:55:00",0,"Converted"
"17087",737,1,"2009-12-02 10:41:00","2009-12-02 10:41:00",0,"Converted"
"17818",737,1,"2009-12-02 11:34:00","2009-12-02 11:34:00",0,"Converted"
"17592",738,1,"2009-12-01 10:44:00","2009-12-01 10:49:00",0,"Converted"
