"customer_id","recency_days","first_transaction_date","attempt_count","is_never_converted"
"16995",371,"2010-12-02 17:09:00",1,True
"13353",388,"2010-11-16 11:14:00",1,True
"17755",423,"2010-10-11 15:45:00",1,True
"14120",429,"2010-10-05 19:12:00",1,True
"13342",581,"2010-05-06 16:44:00",1,True
"14914",605,"2010-04-13 10:14:00",1,True
"15997",616,"2010-04-01 13:04:00",1,True
"17661",640,"2010-03-08 16:28:00",1,True
"15767",640,"2009-12-04 14:56:00",2,True
"13749",700,"2010-01-07 16:52:00",1,True
"17632",716,"2009-12-22 10:40:00",2,True
"16512",727,"2009-12-11 14:31:00",1,True
"16220",727,"2009-12-11 13:36:00",1,True
"17645",727,"2009-12-11 13:31:00",1,True
"16580",728,"2009-12-11 12:40:00",1,True
"12896",730,"2009-12-09 09:28:00",1,True
"14864",730,"2009-12-08 17:07:00",1,True
"14337",730,"2009-12-08 14:04:00",1,True
"16853",730,"2009-12-08 17:32:00",1,True
"14925",730,"2009-12-08 13:44:00",1,True
"14763",731,"2009-12-07 17:59:00",1,True
"17485",737,"2009-12-01 14:52:00",1,True
"17641",738,"2009-12-01 12:35:00",1,True
"16322",0,"2011-11-03 14:33:00",2,False
"17528",0,"2011-09-29 13:04:00",11,False
"17530",0,"2009-12-06 16:17:00",13,False
"15951",0,"2010-11-23 18:20:00",4,False
"17451",0,"2011-08-26 11:54:00",10,False
"13510",0,"2009-12-14 13:51:00",17,False
"17405",0,"2011-07-12 14:17:00",5,False
"16705",0,"2009-12-09 13:34:00",61,False
"14422",0,"2009-12-17 12:12:00",21,False
"13318",0,"2011-11-02 13:26:00",3,False
"17554",0,"2011-07-14 20:01:00",5,False
"16794",0,"2010-03-25 15:17:00",17,False
"17389",0,"2009-12-04 12:06:00",75,False
"15910",0,"2010-01-21 11:51:00",15,False
"17315",0,"2010-09-27 12:45:00",47,False
"16688",0,"2011-10-10 12:23:00",4,False
"16833",0,"2010-03-26 15:31:00",6,False
"13471",0,"2011-10-23 13:10:00",4,False
"17581",0,"2009-12-03 12:34:00",52,False
"14056",0,"2011-02-28 15:19:00",29,False
"15399",0,"2011-09-21 15:57:00",3,False
"14051",0,"2009-12-03 11:53:00",42,False
"13599",0,"2009-12-01 12:30:00",52,False
"14415",0,"2009-12-16 14:08:00",32,False
"17428",0,"2009-12-01 17:28:00",51,False
"14446",0,"2010-11-18 12:08:00",5,False
"13081",0,"2009-12-08 13:58:00",43,False
"17644",0,"2010-02-16 08:44:00",28,False
"13078",0,"2009-12-01 09:06:00",95,False
"13069",0,"2010-06-14 14:27:00",42,False
"17364",0,"2009-12-07 15:28:00",29,False
"13077",0,"2009-12-11 11:17:00",14,False
"17243",0,"2009-12-01 15:36:00",80,False
"17668",0,"2011-11-01 14:45:00",2,False
"17673",0,"2010-03-19 12:17:00",15,False
"17675",0,"2009-12-10 16:10:00",89,False
"14569",0,"2010-04-15 11:49:00",4,False
"15344",0,"2011-09-26 14:48:00",5,False
"12423",0,"2010-08-31 09:31:00",11,False
"16626",0,"2011-03-18 12:27:00",20,False
"15311",0,"2009-12-01 11:21:00",269,False
"14441",0,"2010-01-18 10:40:00",18,False
"17754",0,"2009-12-11 15:52:00",16,False
"13890",0,"2009-12-06 15:15:00",22,False
"17757",0,"2010-01-13 15:56:00",60,False
"12433",0,"2010-08-20 09:23:00",10,False
"15898",0,"2009-12-11 16:11:00",29,False
"12748",0,"2009-12-04 17:31:00",343,False
"13013",0,"2009-12-14 10:34:00",31,False
"14606",0,"2009-12-03 12:40:00",250,False
"13860",0,"2011-09-14 09:27:00",6,False
"15796",0,"2009-12-01 12:18:00",21,False
"13777",0,"2009-12-02 09:47:00",72,False
"16933",0,"2009-12-09 15:03:00",16,False
"14911",0,"2009-12-01 11:41:00",466,False
"13883",0,"2009-12-23 10:00:00",25,False
"12713",0,"2011-12-09 12:16:00",1,False
"16558",0,"2009-12-03 18:11:00",47,False
"12985",0,"2011-11-11 12:44:00",3,False
"16401",0,"2010-06-02 13:13:00",38,False
"13798",0,"2009-12-08 16:21:00",124,False
"14796",0,"2009-12-14 15:06:00",39,False
"14621",0,"2009-12-01 13:47:00",16,False
"12680",0,"2011-08-18 15:44:00",4,False
"13298",0,"2011-12-08 13:11:00",1,False
"13113",0,"2010-03-28 16:13:00",59,False
"15208",0,"2010-10-12 12:17:00",7,False
"12662",0,"2010-04-01 09:50:00",22,False
"14653",0,"2009-12-02 11:51:00",11,False
"13426",0,"2009-12-09 15:16:00",23,False
"13680",0,"2009-12-04 14:14:00",13,False
"15189",0,"2010-07-18 13:37:00",58,False
"17490",0,"2010-05-19 12:40:00",13,False
"13404",0,"2011-05-11 11:57:00",2,False
"17924",0,"2010-10-21 12:17:00",14,False
"17144",0,"2011-09-16 12:50:00",2,False
"13521",0,"2011-11-29 15:09:00",3,False
"16892",0,"2009-12-08 14:20:00",9,False
"16358",0,"2010-11-10 11:36:00",6,False
"15156",0,"2011-11-06 12:41:00",3,False
"16954",0,"2010-01-18 14:49:00",21,False
"12476",0,"2010-07-26 09:04:00",33,False
"17949",0,"2009-12-02 11:07:00",128,False
"14702",0,"2009-12-10 20:22:00",32,False
"14730",0,"2011-03-08 12:49:00",8,False
"17001",0,"2010-03-25 12:41:00",19,False
"13102",0,"2010-05-06 13:12:00",42,False
"13263",0,"2010-10-22 17:07:00",38,False
"12526",0,"2011-09-06 14:19:00",3,False
"17491",0,"2010-04-28 11:57:00",18,False
"15804",0,"2011-05-25 10:12:00",19,False
"12518",0,"2011-08-21 13:18:00",5,False
"13269",0,"2009-12-02 11:47:00",30,False
"15694",0,"2009-12-07 15:43:00",28,False
"18102",0,"2009-12-01 09:24:00",147,False
"13098",0,"2011-01-26 13:46:00",41,False
"12955",0,"2011-03-17 09:03:00",14,False
"15484",0,"2009-12-05 15:18:00",7,False
"13026",0,"2009-12-13 11:34:00",12,False
"15755",0,"2009-12-04 08:24:00",20,False
"14397",0,"2011-05-10 12:25:00",23,False
"13536",0,"2011-09-25 13:30:00",7,False
"17526",0,"2009-12-17 16:18:00",16,False
"17436",1,"2009-12-07 12:31:00",7,False
"17434",1,"2011-09-15 13:54:00",9,False
"13534",1,"2010-07-07 15:00:00",60,False
"15520",1,"2011-12-08 10:58:00",1,False
"15950",1,"2010-01-26 10:54:00",13,False
"15525",1,"2010-11-22 12:10:00",5,False
"16779",1,"2009-12-03 13:03:00",62,False
"14904",1,"2010-10-08 12:48:00",4,False
"16393",1,"2009-12-01 12:13:00",30,False
"13394",1,"2009-12-01 11:58:00",23,False
"12437",1,"2009-12-02 16:24:00",45,False
"14251",1,"2011-10-13 12:46:00",5,False
"13769",1,"2009-12-16 11:59:00",29,False
"13767",1,"2009-12-01 10:52:00",96,False
"12462",1,"2011-02-09 14:44:00",4,False
"16210",1,"2009-12-02 12:54:00",35,False
"12471",1,"2009-12-02 14:43:00",120,False
"13756",1,"2009-12-15 15:18:00",25,False
"13408",1,"2009-12-04 09:31:00",127,False
"12358",1,"2009-12-08 07:59:00",5,False
"15701",1,"2011-08-21 12:36:00",4,False
"13924",1,"2011-09-28 15:07:00",11,False
"18109",1,"2010-07-01 12:13:00",45,False
"16426",1,"2011-03-08 15:45:00",10,False
"18092",1,"2009-12-04 12:37:00",20,False
"16442",1,"2009-12-13 11:05:00",5,False
"12523",1,"2009-12-02 10:28:00",30,False
"16161",1,"2010-02-08 11:06:00",56,False
"14189",1,"2010-11-16 09:28:00",25,False
"14739",1,"2009-12-02 13:23:00",28,False
"13954",1,"2011-09-30 10:52:00",3,False
"14204",1,"2009-12-02 13:26:00",4,False
"17097",1,"2010-10-05 14:09:00",10,False
"12558",1,"2011-12-02 10:41:00",2,False
"12569",1,"2011-04-01 13:47:00",33,False
"14719",1,"2011-04-04 14:17:00",6,False
"14191",1,"2009-12-11 10:47:00",17,False
"13870",1,"2010-02-08 12:08:00",18,False
"14698",1,"2011-10-19 12:54:00",5,False
"14291",1,"2009-12-09 10:46:00",25,False
"15159",1,"2010-10-04 09:31:00",38,False
"12615",1,"2009-12-01 12:09:00",11,False
"12621",1,"2010-02-09 12:01:00",44,False
"16523",1,"2009-12-08 14:29:00",39,False
"16891",1,"2009-12-04 12:37:00",11,False
"15187",1,"2011-05-11 13:49:00",17,False
"16525",1,"2009-12-02 13:53:00",54,False
"17870",1,"2010-11-23 11:39:00",14,False
"13436",1,"2011-12-08 10:33:00",1,False
"14646",1,"2009-12-02 16:52:00",153,False
"18273",1,"2010-04-28 12:24:00",4,False
"15214",1,"2011-04-11 09:46:00",8,False
"15237",1,"2011-04-26 15:04:00",4,False
"17856",1,"2011-03-03 11:40:00",6,False
"17841",1,"2009-12-02 15:41:00",287,False
"17830",1,"2011-02-24 10:15:00",3,False
"16368",1,"2010-09-30 11:30:00",3,False
"12747",1,"2009-12-07 13:23:00",32,False
"15877",1,"2011-11-22 11:18:00",3,False
"15883",1,"2011-11-06 14:50:00",2,False
"15298",1,"2009-12-08 17:04:00",29,False
"12347",1,"2010-10-31 14:20:00",8,False
"17735",1,"2010-07-30 13:25:00",29,False
"12783",1,"2011-09-25 15:35:00",4,False
"14032",1,"2009-12-14 12:02:00",25,False
"14138",1,"2011-10-07 09:38:00",2,False
"14135",1,"2009-12-02 08:58:00",25,False
"17677",1,"2009-12-11 13:19:00",90,False
"18223",1,"2009-12-04 12:20:00",51,False
"16019",1,"2009-12-14 14:12:00",35,False
"14217",1,"2010-06-30 12:54:00",33,False
"17631",1,"2009-12-09 14:15:00",7,False
"14520",1,"2011-02-22 09:15:00",2,False
"16672",1,"2011-03-18 10:15:00",22,False
"13468",1,"2009-12-03 13:32:00",86,False
"17602",1,"2010-03-30 17:25:00",18,False
"14132",1,"2011-06-09 12:04:00",12,False
"17590",1,"2011-10-30 14:05:00",3,False
"17266",1,"2010-03-09 10:42:00",5,False
"14395",1,"2010-04-18 13:12:00",24,False
"15443",1,"2010-03-07 12:10:00",16,False
"15453",1,"2011-06-05 12:37:00",7,False
"18210",1,"2010-11-22 09:39:00",7,False
"12935",1,"2010-04-11 15:59:00",19,False
"15471",1,"2010-06-07 12:17:00",3,False
"17522",1,"2011-05-05 16:31:00",5,False
"12950",1,"2011-11-15 13:48:00",3,False
"13314",1,"2011-09-27 10:20:00",4,False
"14129",1,"2010-05-09 14:54:00",9,False
"14085",1,"2009-12-08 13:41:00",33,False
"17449",1,"2009-12-09 14:16:00",14,False
"14442",1,"2010-01-18 12:59:00",12,False
"12375",2,"2011-09-02 14:23:00",3,False
"18237",2,"2011-07-28 13:05:00",5,False
"12417",2,"2009-12-06 10:30:00",27,False
"14794",2,"2010-08-09 15:44:00",13,False
"18154",2,"2010-08-06 09:18:00",5,False
"17238",2,"2009-12-01 10:59:00",32,False
"15498",2,"2009-12-16 17:27:00",48,False
"12912",2,"2011-10-30 11:35:00",5,False
"17835",2,"2011-11-16 16:30:00",3,False
"12362",2,"2011-02-17 10:30:00",13,False
"12709",2,"2009-12-09 13:49:00",53,False
"17232",2,"2011-11-25 12:24:00",2,False
"13109",2,"2010-06-06 12:59:00",7,False
"16569",2,"2009-12-16 15:05:00",5,False
"13949",2,"2011-09-06 11:55:00",6,False
"17412",2,"2009-12-02 13:51:00",19,False
"16817",2,"2010-10-04 09:06:00",18,False
"14708",2,"2010-09-10 10:26:00",6,False
"15194",2,"2009-12-03 10:37:00",39,False
"12650",2,"2011-12-06 16:34:00",1,False
"16191",2,"2009-12-11 12:24:00",39,False
"12720",2,"2010-07-21 09:46:00",39,False
"13323",2,"2011-09-16 13:23:00",5,False
"12989",2,"2009-12-10 13:27:00",39,False
"16539",2,"2010-06-25 15:24:00",10,False
"12839",2,"2009-12-07 09:18:00",30,False
"15195",2,"2011-12-07 12:20:00",1,False
"12826",2,"2009-12-18 10:43:00",14,False
"13089",2,"2009-12-02 15:44:00",247,False
"18272",2,"2010-03-04 12:53:00",11,False
"16554",2,"2009-12-15 09:42:00",18,False
"17049",2,"2010-03-04 10:23:00",25,False
"12442",2,"2011-12-06 14:22:00",1,False
"17091",2,"2009-12-01 13:40:00",23,False
"13507",2,"2011-07-17 11:50:00",4,False
"13267",2,"2009-12-07 16:56:00",50,False
"15136",2,"2011-09-04 16:05:00",5,False
"16571",2,"2010-03-18 09:12:00",17,False
"12583",2,"2009-12-06 11:57:00",30,False
"13225",2,"2009-12-17 09:09:00",17,False
"15822",2,"2009-12-06 14:34:00",8,False
"12967",2,"2010-11-21 11:03:00",5,False
"12828",2,"2011-08-01 16:16:00",6,False
"14298",2,"2009-12-11 13:49:00",84,False
"15622",2,"2010-01-07 13:24:00",30,False
"16201",2,"2010-10-20 12:00:00",6,False
"16711",2,"2009-12-02 13:22:00",10,False
"16000",2,"2011-12-07 12:14:00",3,False
"17883",2,"2010-02-25 20:07:00",8,False
"17017",2,"2009-12-03 13:22:00",40,False
"16143",2,"2009-12-10 09:44:00",16,False
"15984",2,"2009-12-01 13:38:00",32,False
"13743",2,"2011-03-25 14:46:00",8,False
"14673",2,"2010-10-26 10:14:00",7,False
"14868",2,"2010-10-15 14:52:00",13,False
"15814",2,"2010-04-15 14:31:00",8,False
"17705",2,"2010-05-12 09:47:00",12,False
"13014",2,"2010-10-03 11:35:00",18,False
"14907",2,"2009-12-08 18:35:00",23,False
"17042",2,"2011-04-06 14:53:00",5,False
"13362",2,"2010-10-10 15:27:00",10,False
"17511",2,"2009-12-02 10:52:00",84,False
"14503",2,"2011-06-14 10:00:00",6,False
"16016",2,"2010-11-02 13:27:00",14,False
"17119",2,"2011-10-11 11:03:00",3,False
"15023",2,"2010-02-03 15:45:00",23,False
"13685",2,"2011-10-10 12:59:00",7,False
"16987",2,"2009-12-02 14:34:00",12,False
"14769",2,"2009-12-16 09:17:00",21,False
"14534",2,"2010-03-15 14:16:00",38,False
"14527",2,"2009-12-02 12:06:00",140,False
"16678",2,"2011-03-02 09:24:00",15,False
"15969",2,"2010-07-05 13:10:00",6,False
"16076",2,"2011-05-15 12:31:00",11,False
"18225",2,"2009-12-04 16:51:00",34,False
"15750",2,"2009-12-01 16:26:00",24,False
"16458",2,"2010-05-26 14:38:00",30,False
"14293",2,"2009-12-10 10:57:00",10,False
"16313",2,"2011-10-21 09:04:00",2,False
"14216",2,"2010-10-21 15:07:00",6,False
"17861",2,"2009-12-10 10:33:00",22,False
"18219",2,"2009-12-07 13:17:00",19,False
"14282",2,"2010-02-15 11:22:00",26,False
"17857",2,"2010-03-08 12:09:00",25,False
"14141",2,"2011-08-26 14:40:00",6,False
"12785",2,"2009-12-08 13:56:00",5,False
"13882",2,"2011-10-06 15:28:00",6,False
"12820",2,"2009-12-05 13:37:00",13,False
"17730",2,"2010-04-29 11:48:00",23,False
"13104",2,"2010-02-24 15:06:00",9,False
"16495",2,"2011-03-08 16:38:00",3,False
"15568",2,"2011-09-27 14:37:00",3,False
"17503",2,"2011-11-01 11:12:00",2,False
"14871",2,"2009-12-01 11:57:00",9,False
"14578",2,"2011-12-06 17:18:00",1,False
"14910",2,"2011-10-16 11:06:00",7,False
"14087",2,"2009-12-04 15:27:00",5,False
"13668",2,"2009-12-11 14:28:00",47,False
"14572",2,"2010-03-28 13:47:00",15,False
"12753",3,"2010-12-12 11:44:00",11,False
"16851",3,"2011-10-19 09:48:00",3,False
"16684",3,"2009-12-07 12:56:00",64,False
"17426",3,"2010-02-17 13:39:00",17,False
"12971",3,"2009-12-15 19:04:00",119,False
"17218",3,"2010-01-25 16:12:00",18,False
"16597",3,"2011-12-05 15:44:00",1,False
"12766",3,"2010-10-28 09:29:00",11,False
"15856",3,"2009-12-03 14:02:00",58,False
"15145",3,"2011-04-05 15:20:00",4,False
"17744",3,"2010-11-24 09:34:00",7,False
"16600",3,"2009-12-18 12:59:00",16,False
"17346",3,"2010-04-18 12:18:00",27,False
"12877",3,"2010-01-18 10:23:00",20,False
"13021",3,"2009-12-05 12:02:00",24,False
"16057",3,"2009-12-10 12:38:00",17,False
"12478",3,"2011-12-06 09:56:00",1,False
"13311",3,"2011-07-12 14:26:00",2,False
"17250",3,"2011-03-23 16:45:00",2,False
"14735",3,"2009-12-04 11:32:00",58,False
"14110",3,"2009-12-01 09:50:00",35,False
"13173",3,"2009-12-10 12:52:00",13,False
"17728",3,"2010-09-12 14:58:00",7,False
"17611",3,"2009-12-01 13:29:00",34,False
"16620",3,"2009-12-01 14:35:00",6,False
"15318",3,"2011-12-06 11:30:00",1,False
"14401",3,"2009-12-14 13:22:00",25,False
"16013",3,"2009-12-08 10:24:00",91,False
"17383",3,"2010-09-12 14:54:00",2,False
"17706",3,"2010-01-19 12:13:00",43,False
"14825",3,"2010-04-06 14:14:00",27,False
"14562",3,"2010-02-07 14:10:00",30,False
"14083",3,"2009-12-18 11:34:00",11,False
"13083",3,"2010-10-10 13:38:00",3,False
"14140",3,"2011-11-08 11:20:00",3,False
"13079",3,"2010-10-18 14:15:00",6,False
"14096",3,"2011-08-30 10:49:00",17,False
"17481",3,"2011-09-07 09:57:00",5,False
"17676",3,"2010-03-30 10:49:00",12,False
"16790",3,"2011-11-02 11:23:00",8,False
"13790",3,"2011-12-05 15:48:00",1,False
"16015",3,"2011-10-21 12:56:00",4,False
"14543",3,"2009-12-01 13:47:00",49,False
"17666",3,"2010-06-30 12:03:00",5,False
"17659",3,"2010-11-18 14:20:00",17,False
"14547",3,"2011-10-16 14:35:00",9,False
"14546",3,"2009-12-06 13:10:00",20,False
"14121",3,"2011-10-11 10:39:00",6,False
"14737",3,"2010-11-04 11:29:00",4,False
"16910",3,"2011-09-09 14:14:00",8,False
"13694",3,"2009-12-04 15:26:00",158,False
"16968",3,"2011-08-24 10:51:00",2,False
"15157",3,"2009-12-10 14:44:00",7,False
"18198",3,"2011-01-07 13:39:00",21,False
"15854",3,"2009-12-10 12:08:00",21,False
"16200",3,"2009-12-02 15:04:00",13,False
"18044",3,"2010-05-28 15:31:00",19,False
"13985",3,"2010-02-09 13:56:00",24,False
"18005",3,"2011-10-23 14:40:00",2,False
"13709",3,"2010-01-11 10:40:00",22,False
"12628",3,"2011-10-06 09:28:00",4,False
"16979",3,"2010-09-15 14:30:00",12,False
"13914",3,"2011-11-03 16:28:00",3,False
"14113",3,"2009-12-07 10:44:00",31,False
"14219",3,"2010-08-03 14:42:00",3,False
"17920",3,"2009-12-06 10:37:00",56,False
"12957",3,"2009-12-11 12:01:00",21,False
"15061",3,"2009-12-01 12:18:00",137,False
"17914",3,"2011-12-06 11:58:00",1,False
"18015",3,"2011-12-05 14:49:00",1,False
"16949",3,"2011-01-27 12:11:00",7,False
"16528",3,"2011-12-06 12:45:00",1,False
"17290",3,"2009-12-13 13:28:00",8,False
"14655",3,"2010-04-22 14:29:00",11,False
"13230",3,"2010-03-18 20:02:00",31,False
"15097",3,"2010-05-05 14:22:00",5,False
"15690",3,"2011-08-31 11:40:00",2,False
"15992",3,"2010-09-12 11:52:00",3,False
"16904",3,"2010-10-24 16:03:00",20,False
"17884",3,"2009-12-04 16:22:00",23,False
"12584",3,"2011-03-04 15:15:00",18,False
"16353",3,"2009-12-07 13:55:00",41,False
"14198",3,"2010-01-05 10:07:00",13,False
"12994",3,"2011-03-16 08:31:00",5,False
"16764",3,"2011-07-19 17:17:00",18,False
"17090",3,"2010-07-19 16:02:00",15,False
"13001",3,"2009-12-03 14:43:00",37,False
"13255",3,"2010-07-15 13:20:00",4,False
"13755",3,"2011-10-07 15:45:00",10,False
"14793",3,"2010-06-22 16:54:00",3,False
"12682",3,"2009-12-01 09:28:00",52,False
"12683",3,"2009-12-13 15:01:00",26,False
"15550",3,"2009-12-03 15:15:00",14,False
"17404",3,"2010-01-07 11:31:00",26,False
"16929",3,"2011-07-07 12:39:00",7,False
"14629",3,"2011-10-23 16:13:00",3,False
"12479",3,"2011-11-28 13:26:00",3,False
"12921",3,"2009-12-01 13:43:00",103,False
"16379",3,"2011-09-22 09:33:00",5,False
"18283",3,"2010-02-19 17:16:00",22,False
"13994",3,"2011-07-14 18:28:00",6,False
"18030",3,"2011-10-28 13:55:00",3,False
"14071",3,"2011-03-20 11:33:00",9,False
"14418",3,"2011-08-23 17:18:00",3,False
"13881",3,"2010-03-04 14:41:00",51,False
"12716",3,"2011-07-29 13:28:00",2,False
"15907",3,"2011-05-13 13:01:00",3,False
"14777",3,"2010-11-01 12:50:00",4,False
"12723",3,"2011-10-05 15:52:00",5,False
"14696",3,"2010-10-14 11:43:00",10,False
"17817",3,"2010-10-13 15:07:00",7,False
"15274",3,"2011-11-21 14:17:00",2,False
"14608",3,"2009-12-06 12:34:00",11,False
"15640",3,"2009-12-14 16:36:00",34,False
"17811",3,"2010-09-20 11:24:00",60,False
"13199",3,"2009-12-05 10:11:00",68,False
"12367",3,"2011-12-05 16:48:00",1,False
"15031",3,"2009-12-08 13:38:00",16,False
"15932",3,"2011-02-23 14:50:00",11,False
"13305",3,"2010-03-10 14:49:00",16,False
"16133",3,"2010-03-31 12:21:00",78,False
"16592",3,"2009-12-18 15:57:00",34,False
"15621",3,"2011-11-18 11:49:00",6,False
"18167",3,"2011-08-26 11:40:00",5,False
"12749",3,"2010-07-06 15:05:00",16,False
"14869",3,"2009-12-16 11:43:00",9,False
"17593",3,"2009-12-04 14:35:00",15,False
"15572",4,"2010-04-14 14:38:00",10,False
"13417",4,"2010-02-08 12:39:00",7,False
"16500",4,"2010-06-14 14:54:00",10,False
"13704",4,"2011-09-12 14:40:00",10,False
"16513",4,"2011-10-27 14:56:00",4,False
"17954",4,"2009-12-09 13:22:00",26,False
"17131",4,"2011-09-25 12:42:00",5,False
"15053",4,"2011-03-03 12:06:00",3,False
"17936",4,"2011-12-04 13:32:00",1,False
"14075",4,"2010-08-26 13:42:00",5,False
"14194",4,"2009-12-10 19:18:00",54,False
"14658",4,"2011-08-14 15:42:00",2,False
"12646",4,"2011-10-21 12:52:00",2,False
"16535",4,"2010-11-19 13:01:00",2,False
"12381",4,"2011-08-12 09:57:00",4,False
"14649",4,"2010-01-20 13:10:00",11,False
"13435",4,"2010-07-27 16:56:00",11,False
"14456",4,"2011-07-20 13:06:00",13,False
"12673",4,"2010-11-03 10:46:00",3,False
"17173",4,"2011-07-31 15:26:00",9,False
"16873",4,"2010-02-09 14:17:00",17,False
"15867",4,"2009-12-14 15:16:00",35,False
"17006",4,"2010-03-05 13:33:00",8,False
"15033",4,"2011-01-14 13:28:00",11,False
"17827",4,"2010-03-28 12:20:00",7,False
"12719",4,"2011-10-05 14:50:00",3,False
"12724",4,"2010-06-22 14:00:00",7,False
"15628",4,"2009-12-13 13:39:00",21,False
"15290",4,"2010-02-24 10:15:00",30,False
"16931",4,"2010-11-07 13:24:00",23,False
"16988",4,"2010-11-25 09:22:00",2,False
"17750",4,"2011-06-28 15:44:00",9,False
"13630",4,"2011-02-27 12:49:00",11,False
"12782",4,"2010-07-08 13:31:00",14,False
"15358",4,"2009-12-07 12:19:00",55,False
"16642",4,"2010-10-20 14:22:00",5,False
"14102",4,"2011-10-26 12:46:00",8,False
"12841",4,"2010-07-08 15:38:00",42,False
"15392",4,"2010-10-04 12:50:00",8,False
"14060",4,"2010-03-11 09:47:00",32,False
"16682",4,"2011-06-05 11:02:00",5,False
"17254",4,"2010-11-03 14:00:00",3,False
"16360",4,"2011-09-12 13:50:00",8,False
"17579",4,"2010-05-10 14:28:00",5,False
"18180",4,"2011-07-20 08:59:00",6,False
"12913",4,"2009-12-01 12:18:00",13,False
"17402",4,"2009-12-16 17:40:00",25,False
"13126",4,"2010-03-02 12:24:00",19,False
"12925",4,"2010-04-26 10:32:00",3,False
"13319",4,"2009-12-06 14:46:00",78,False
"16811",4,"2011-11-22 17:19:00",2,False
"14931",4,"2011-04-13 09:32:00",4,False
"16905",4,"2009-12-10 20:04:00",20,False
"14759",4,"2011-04-21 10:55:00",3,False
"12490",4,"2009-12-01 12:52:00",21,False
"13736",4,"2009-12-06 12:07:00",12,False
"16149",4,"2010-10-06 15:54:00",3,False
"16746",4,"2009-12-04 13:00:00",46,False
"12560",4,"2011-07-19 15:55:00",3,False
"13956",4,"2011-03-13 12:51:00",5,False
"13596",5,"2011-11-27 11:57:00",2,False
"16438",5,"2011-09-18 13:31:00",5,False
"16283",5,"2010-02-28 13:50:00",12,False
"13822",5,"2011-10-30 15:55:00",2,False
"17114",5,"2011-01-09 11:39:00",10,False
"13558",5,"2011-10-02 13:01:00",4,False
"17858",5,"2009-12-06 15:41:00",31,False
"17629",5,"2010-10-14 13:35:00",11,False
"17618",5,"2010-01-24 11:03:00",13,False
"15773",5,"2010-10-26 15:27:00",2,False
"16561",5,"2011-10-11 09:53:00",2,False
"13838",5,"2010-05-09 11:40:00",10,False
"16033",5,"2010-08-11 16:44:00",36,False
"12827",5,"2011-10-26 15:44:00",3,False
"16326",5,"2010-01-28 13:23:00",25,False
"14583",5,"2010-03-28 15:16:00",8,False
"14354",5,"2011-11-09 15:36:00",2,False
"14720",5,"2011-08-05 12:06:00",3,False
"13153",5,"2011-12-04 12:14:00",1,False
"13808",5,"2011-09-04 12:07:00",5,False
"12952",5,"2011-09-22 16:37:00",5,False
"18065",5,"2009-12-09 16:00:00",31,False
"14031",6,"2009-12-03 15:35:00",54,False
"13780",6,"2010-10-28 19:51:00",3,False
"18174",6,"2010-04-15 12:17:00",2,False
"17221",6,"2010-04-11 15:34:00",5,False
"13884",6,"2010-08-26 19:57:00",14,False
"14023",6,"2011-04-03 15:50:00",2,False
"13309",6,"2010-11-12 12:10:00",6,False
"16359",6,"2010-02-16 10:39:00",20,False
"13953",6,"2009-12-11 12:58:00",12,False
"12970",6,"2009-12-04 14:19:00",10,False
"14594",6,"2010-12-01 13:54:00",2,False
"14493",6,"2010-03-08 08:33:00",14,False
"17584",6,"2010-01-25 08:17:00",7,False
"16474",6,"2011-07-17 14:51:00",11,False
"16989",6,"2011-07-12 09:11:00",6,False
"14250",6,"2011-09-11 13:44:00",3,False
"17567",6,"2010-09-24 10:48:00",11,False
"15271",6,"2010-08-05 14:57:00",26,False
"15769",6,"2009-12-11 09:58:00",49,False
"12704",6,"2011-06-23 10:20:00",8,False
"18245",6,"2010-03-08 15:26:00",23,False
"12695",6,"2010-02-12 13:22:00",7,False
"15123",6,"2010-03-16 09:49:00",5,False
"17086",6,"2011-10-07 11:22:00",6,False
"12962",6,"2011-08-18 13:38:00",2,False
"14428",6,"2011-01-18 16:39:00",7,False
"15078",6,"2009-12-04 12:03:00",63,False
"12668",6,"2010-01-31 15:45:00",11,False
"16103",6,"2010-01-08 12:08:00",27,False
"14788",6,"2010-04-22 18:16:00",3,False
"15547",6,"2009-12-06 13:40:00",28,False
"13868",6,"2011-11-01 12:45:00",2,False
"18055",6,"2010-10-22 13:27:00",15,False
"13969",6,"2010-03-25 13:15:00",39,False
"13560",6,"2011-12-02 13:11:00",1,False
"14865",6,"2009-12-01 16:05:00",4,False
"15539",6,"2011-12-02 13:36:00",1,False
"13017",6,"2011-12-02 15:53:00",1,False
"14560",6,"2009-12-02 10:15:00",46,False
"15570",6,"2010-03-28 14:04:00",27,False
"17686",6,"2010-06-24 09:49:00",9,False
"13458",6,"2010-11-16 14:01:00",24,False
"16813",7,"2011-05-19 13:28:00",10,False
"12587",7,"2011-12-02 12:47:00",1,False
"12963",7,"2010-07-08 14:45:00",13,False
"14732",7,"2009-12-09 10:48:00",24,False
"14309",7,"2010-06-07 10:24:00",12,False
"12684",7,"2011-05-10 12:55:00",6,False
"16333",7,"2011-02-03 10:50:00",22,False
"14092",7,"2009-12-16 16:24:00",27,False
"16899",7,"2010-11-07 15:00:00",8,False
"17768",7,"2009-12-02 12:26:00",8,False
"14287",7,"2011-05-25 11:41:00",4,False
"14766",7,"2010-06-06 11:11:00",14,False
"15028",7,"2010-11-10 14:32:00",6,False
"14897",7,"2009-12-15 17:05:00",9,False
"14688",7,"2010-09-09 12:35:00",34,False
"16011",7,"2009-12-01 11:04:00",30,False
"18097",7,"2009-12-17 11:06:00",14,False
"17450",7,"2010-09-27 16:59:00",55,False
"13297",7,"2010-06-15 12:35:00",8,False
"12562",7,"2010-09-30 13:13:00",9,False
"13171",7,"2011-02-13 14:16:00",5,False
"14299",7,"2009-12-02 10:58:00",41,False
"15904",7,"2011-12-01 14:50:00",1,False
"12664",7,"2009-12-13 10:28:00",11,False
"13183",7,"2010-03-14 12:32:00",18,False
"16440",7,"2010-08-03 11:32:00",6,False
"18077",7,"2009-12-07 11:40:00",18,False
"18144",7,"2009-12-16 15:57:00",19,False
"16966",7,"2011-04-13 14:17:00",9,False
"12359",7,"2009-12-05 13:32:00",14,False
"16169",7,"2011-09-25 11:33:00",4,False
"16759",7,"2011-11-09 09:06:00",4,False
"17157",7,"2009-12-04 13:00:00",20,False
"13495",7,"2009-12-07 12:12:00",13,False
"14262",7,"2011-04-13 12:23:00",8,False
"18122",7,"2011-07-12 11:37:00",6,False
"12762",7,"2011-11-14 14:23:00",2,False
"12465",7,"2011-06-23 13:37:00",3,False
"12856",7,"2011-10-07 12:38:00",8,False
"14292",7,"2009-12-01 12:19:00",27,False
"17014",7,"2011-10-04 11:36:00",4,False
"17293",7,"2009-12-03 15:09:00",17,False
"15144",7,"2009-12-13 11:35:00",33,False
"16240",7,"2011-09-23 13:44:00",5,False
"15862",7,"2009-12-17 11:33:00",13,False
"13352",7,"2011-10-10 13:55:00",2,False
"15060",7,"2011-11-30 14:03:00",4,False
"12536",7,"2011-10-11 14:52:00",2,False
"16119",7,"2009-12-16 11:56:00",8,False
"17321",7,"2010-05-11 12:10:00",6,False
"18282",7,"2011-08-05 13:35:00",3,False
"17386",7,"2010-11-19 13:40:00",7,False
"15602",7,"2009-12-02 09:35:00",24,False
"17576",7,"2009-12-03 16:11:00",45,False
"15434",7,"2010-01-24 15:35:00",13,False
"17942",7,"2011-12-02 10:45:00",1,False
"16242",7,"2010-03-15 16:02:00",18,False
"17350",7,"2010-02-01 15:38:00",8,False
"17115",7,"2009-12-05 12:13:00",13,False
"17566",7,"2011-11-14 13:42:00",2,False
"14895",7,"2009-12-03 10:58:00",48,False
"17183",7,"2011-08-26 15:25:00",8,False
"14440",7,"2009-12-02 12:13:00",15,False
"15373",7,"2010-05-02 11:57:00",18,False
"12364",7,"2011-08-19 15:24:00",4,False
"15531",7,"2011-11-09 17:47:00",2,False
"14960",7,"2011-06-21 13:38:00",2,False
"13705",7,"2010-03-25 17:19:00",7,False
"17495",7,"2010-11-14 11:50:00",4,False
"15948",7,"2010-10-11 12:16:00",3,False
"12700",7,"2011-05-08 16:10:00",4,False
"15500",7,"2011-09-19 13:47:00",4,False
"12919",7,"2011-06-23 09:22:00",8,False
"14367",7,"2011-03-08 14:12:00",19,False
"16038",7,"2011-05-22 11:29:00",4,False
"12553",7,"2010-10-12 13:35:00",17,False
"14126",7,"2010-09-21 14:51:00",5,False
"16789",7,"2011-12-01 15:12:00",1,False
"17502",8,"2011-11-10 16:39:00",4,False
"15793",8,"2009-12-01 12:54:00",9,False
"14188",8,"2011-02-02 13:46:00",10,False
"16938",8,"2010-02-17 14:47:00",10,False
"13365",8,"2010-11-11 17:24:00",4,False
"16956",8,"2011-11-22 08:56:00",2,False
"14860",8,"2011-11-20 14:17:00",2,False
"18230",8,"2010-07-02 10:01:00",12,False
"14853",8,"2010-04-13 09:26:00",7,False
"16376",8,"2011-11-22 16:47:00",3,False
"18179",8,"2010-02-14 15:51:00",8,False
"16265",8,"2010-10-28 15:18:00",15,False
"12429",8,"2010-06-11 13:28:00",9,False
"15021",8,"2010-07-29 16:35:00",17,False
"18158",8,"2011-09-12 09:03:00",3,False
"14804",8,"2011-12-01 11:20:00",1,False
"18130",8,"2011-10-13 15:58:00",4,False
"15046",8,"2010-01-14 14:29:00",28,False
"12524",8,"2010-02-08 14:41:00",18,False
"12528",8,"2011-01-31 09:05:00",8,False
"18059",8,"2011-10-03 09:30:00",4,False
"15101",8,"2010-04-28 15:00:00",11,False
"16156",8,"2009-12-02 17:06:00",26,False
"14733",8,"2010-11-02 15:42:00",18,False
"16145",8,"2010-05-04 13:31:00",29,False
"12572",8,"2011-10-19 08:20:00",3,False
"14713",8,"2009-12-03 19:22:00",25,False
"16496",8,"2010-07-18 13:42:00",7,False
"16293",8,"2009-12-11 09:58:00",19,False
"13854",8,"2010-01-08 11:28:00",45,False
"13971",8,"2010-01-26 09:51:00",18,False
"17937",8,"2010-12-12 14:43:00",7,False
"15172",8,"2011-04-17 11:56:00",5,False
"14659",8,"2011-01-28 12:43:00",12,False
"17911",8,"2011-11-30 14:52:00",1,False
"15197",8,"2009-12-11 12:56:00",9,False
"14644",8,"2009-12-03 16:24:00",12,False
"14626",8,"2009-12-10 14:57:00",15,False
"15251",8,"2010-01-29 12:42:00",30,False
"13853",8,"2011-10-13 14:18:00",2,False
"14618",8,"2010-06-11 10:11:00",9,False
"12714",8,"2009-12-04 10:00:00",12,False
"17828",8,"2011-06-08 08:31:00",8,False
"16570",8,"2009-12-03 17:38:00",31,False
"16101",8,"2010-05-27 12:50:00",7,False
"13644",8,"2011-08-26 11:53:00",5,False
"17737",8,"2011-10-12 14:42:00",2,False
"17736",8,"2011-08-18 14:33:00",4,False
"17727",8,"2011-11-24 17:06:00",2,False
"14950",8,"2011-11-20 13:48:00",2,False
"15380",8,"2009-12-01 13:50:00",13,False
"14047",8,"2010-02-01 10:05:00",19,False
"17636",8,"2011-11-20 14:40:00",2,False
"14525",8,"2009-12-13 14:01:00",21,False
"12882",8,"2011-11-06 11:22:00",2,False
"12901",8,"2011-03-14 10:41:00",34,False
"16700",8,"2009-12-02 10:51:00",31,False
"16701",8,"2009-12-01 19:19:00",34,False
"14936",8,"2010-05-05 12:26:00",14,False
"17540",8,"2010-04-19 09:47:00",7,False
"15444",8,"2011-10-30 16:12:00",2,False
"15993",8,"2011-10-26 16:21:00",10,False
"15467",8,"2011-07-10 14:42:00",4,False
"16712",8,"2010-11-03 15:45:00",13,False
"12951",8,"2010-01-10 12:43:00",20,False
"16717",8,"2009-12-07 15:55:00",20,False
"14448",8,"2010-12-10 17:26:00",2,False
"13012",8,"2010-04-26 14:14:00",14,False
"13040",8,"2011-11-06 13:53:00",2,False
"13509",8,"2010-07-20 12:10:00",7,False
"13050",8,"2009-12-15 15:06:00",54,False
"17381",8,"2010-06-09 12:55:00",39,False
"17340",8,"2009-12-08 17:34:00",29,False
"13090",8,"2010-08-02 13:58:00",29,False
"15544",8,"2010-01-28 14:39:00",26,False
"13115",8,"2010-02-17 13:06:00",23,False
"17288",8,"2010-11-10 14:44:00",11,False
"14389",8,"2009-12-10 19:13:00",11,False
"14388",8,"2010-01-20 11:54:00",20,False
"14385",8,"2011-11-16 11:55:00",3,False
"15563",8,"2010-01-28 11:36:00",9,False
"13159",8,"2011-08-16 11:44:00",5,False
"16839",8,"2010-02-11 15:02:00",51,False
"14875",8,"2010-09-24 10:28:00",6,False
"14146",8,"2010-01-13 16:04:00",13,False
"14329",8,"2009-12-16 15:31:00",28,False
"15654",8,"2011-11-13 15:15:00",2,False
"13212",8,"2011-10-09 14:48:00",4,False
"15676",8,"2011-03-01 10:19:00",5,False
"15680",8,"2009-12-02 12:15:00",12,False
"14289",8,"2011-02-23 12:33:00",6,False
"17096",8,"2010-06-02 14:48:00",17,False
"15687",8,"2011-01-13 15:13:00",11,False
"13410",8,"2009-12-08 13:43:00",12,False
"15712",8,"2009-12-01 11:17:00",13,False
"16915",8,"2010-05-19 13:32:00",11,False
"17071",8,"2010-01-24 13:05:00",20,False
"14258",8,"2009-12-04 08:36:00",32,False
"17063",8,"2009-12-01 12:36:00",23,False
"15745",8,"2011-04-17 13:04:00",6,False
"17044",8,"2009-12-07 12:25:00",16,False
"13310",8,"2010-11-02 17:03:00",8,False
"14178",8,"2011-06-10 12:51:00",7,False
"14243",8,"2010-08-20 13:41:00",23,False
"17466",9,"2011-09-22 09:16:00",2,False
"14824",9,"2010-03-12 13:07:00",12,False
"17468",9,"2010-11-29 17:25:00",3,False
"12966",9,"2011-11-30 12:38:00",1,False
"16361",9,"2011-09-29 13:13:00",4,False
"12953",9,"2010-07-05 13:37:00",2,False
"14390",9,"2010-10-10 14:30:00",18,False
"13576",9,"2009-12-08 15:12:00",32,False
"14062",9,"2009-12-10 14:28:00",27,False
"13147",9,"2011-09-01 12:28:00",4,False
"15414",9,"2011-04-11 13:45:00",3,False
"15394",9,"2009-12-15 19:05:00",13,False
"16657",9,"2011-03-30 12:02:00",4,False
"14540",9,"2009-12-07 13:00:00",12,False
"14836",9,"2011-11-09 13:26:00",3,False
"13784",9,"2010-09-15 12:27:00",15,False
"14554",9,"2011-10-18 13:04:00",4,False
"15903",9,"2009-12-08 17:04:00",15,False
"17682",9,"2010-03-08 09:49:00",12,False
"12798",9,"2010-10-14 12:27:00",4,False
"12787",9,"2010-10-22 14:57:00",4,False
"16062",9,"2010-06-21 13:32:00",8,False
"14349",9,"2011-11-29 15:39:00",1,False
"15611",9,"2010-01-25 14:50:00",30,False
"13647",9,"2010-04-15 12:55:00",9,False
"15615",9,"2009-12-02 15:28:00",54,False
"15297",9,"2011-10-07 09:42:00",4,False
"14005",9,"2011-05-08 10:33:00",5,False
"16295",9,"2011-10-06 10:45:00",4,False
"16241",9,"2010-10-25 13:40:00",16,False
"16852",9,"2011-06-16 15:49:00",2,False
"13999",9,"2009-12-05 12:42:00",36,False
"14963",9,"2010-07-02 12:43:00",13,False
"13198",9,"2010-10-01 13:27:00",12,False
"13658",9,"2010-02-05 13:17:00",13,False
"13203",9,"2009-12-17 14:15:00",11,False
"15239",9,"2011-09-22 09:53:00",3,False
"13211",9,"2009-12-06 14:37:00",12,False
"14235",9,"2010-03-30 13:36:00",10,False
"12670",9,"2010-02-11 10:13:00",8,False
"15206",9,"2011-03-09 08:59:00",4,False
"14156",9,"2009-12-01 12:30:00",182,False
"13428",9,"2010-07-13 13:20:00",3,False
"16549",9,"2009-12-03 17:59:00",37,False
"12630",9,"2011-10-27 10:41:00",2,False
"16115",9,"2010-05-14 11:59:00",12,False
"15152",9,"2010-01-07 15:15:00",17,False
"12598",9,"2010-03-01 09:58:00",14,False
"14711",9,"2011-03-22 13:32:00",12,False
"17101",9,"2010-06-07 15:12:00",7,False
"14723",9,"2009-12-04 11:22:00",11,False
"16479",9,"2011-11-29 13:04:00",2,False
"15113",9,"2011-10-16 15:27:00",4,False
"15782",9,"2009-12-17 17:50:00",6,False
"18058",9,"2010-02-10 09:38:00",3,False
"15089",9,"2011-08-03 14:14:00",6,False
"14755",9,"2009-12-03 16:51:00",30,False
"15073",9,"2010-01-27 08:48:00",9,False
"18241",9,"2010-04-01 11:55:00",23,False
"12494",9,"2010-05-12 13:52:00",17,False
"12488",9,"2011-09-25 10:34:00",3,False
"14785",9,"2011-11-24 13:40:00",2,False
"12464",9,"2011-02-03 13:30:00",8,False
"14893",9,"2010-04-01 09:03:00",5,False
"15790",9,"2011-11-29 14:53:00",1,False
"15039",9,"2009-12-10 11:39:00",107,False
"18161",9,"2010-11-25 15:55:00",7,False
"15024",9,"2010-10-11 16:14:00",16,False
"13068",9,"2011-01-24 08:20:00",2,False
"16782",9,"2009-12-09 11:58:00",50,False
"16775",9,"2010-09-23 17:34:00",17,False
"14432",9,"2011-09-11 14:09:00",6,False
"14088",9,"2010-10-14 19:46:00",18,False
"14901",10,"2010-07-29 11:11:00",13,False
"14408",10,"2009-12-07 12:18:00",11,False
"14209",10,"2009-12-07 17:52:00",19,False
"17019",10,"2009-12-02 10:34:00",13,False
"15601",10,"2009-12-01 14:53:00",35,False
"15838",10,"2009-12-15 09:51:00",37,False
"13844",10,"2011-11-28 13:21:00",1,False
"17188",10,"2009-12-08 19:16:00",17,False
"13950",10,"2011-04-07 11:29:00",5,False
"14550",10,"2010-08-13 12:05:00",4,False
"16992",10,"2010-02-11 12:36:00",15,False
"16168",10,"2009-12-03 12:38:00",72,False
"13266",10,"2009-12-17 10:52:00",30,False
"13349",10,"2011-11-29 08:07:00",1,False
"14419",10,"2010-11-22 11:09:00",7,False
"17306",10,"2010-11-01 11:38:00",23,False
"12727",10,"2010-02-23 09:54:00",11,False
"16800",10,"2011-11-28 14:06:00",1,False
"17419",10,"2010-01-25 13:19:00",20,False
"14321",10,"2010-08-23 12:56:00",8,False
"13188",10,"2011-11-28 15:28:00",1,False
"16818",10,"2011-05-18 11:42:00",13,False
"14961",10,"2009-12-04 11:32:00",28,False
"14452",10,"2010-07-06 13:13:00",4,False
"18101",10,"2010-02-03 13:52:00",5,False
"16347",10,"2010-03-12 12:41:00",13,False
"13928",10,"2011-07-29 15:59:00",4,False
"17523",10,"2011-11-20 13:40:00",4,False
"14480",10,"2009-12-21 16:32:00",5,False
"17658",10,"2011-05-12 15:23:00",3,False
"14125",10,"2011-09-22 15:40:00",3,False
"15218",10,"2010-01-26 10:47:00",25,False
"14173",10,"2009-12-09 12:46:00",7,False
"17772",10,"2010-11-12 11:31:00",3,False
"17655",10,"2010-10-19 10:20:00",10,False
"17237",10,"2010-11-23 11:45:00",4,False
"15619",10,"2011-11-29 08:14:00",1,False
"14597",10,"2010-09-28 13:17:00",6,False
"13030",10,"2010-12-06 14:31:00",2,False
"14601",10,"2011-11-29 09:48:00",1,False
"14180",10,"2010-06-09 14:56:00",42,False
"17359",10,"2010-03-01 14:48:00",2,False
"13429",10,"2011-09-25 15:59:00",4,False
"12660",10,"2011-11-28 13:26:00",1,False
"13389",10,"2011-04-21 12:12:00",3,False
"12657",10,"2011-09-22 11:40:00",5,False
"13496",10,"2010-12-15 10:17:00",3,False
"16744",10,"2011-06-19 15:13:00",7,False
"12654",10,"2011-02-17 13:16:00",5,False
"15783",10,"2011-11-29 09:50:00",1,False
"14667",10,"2009-12-02 12:38:00",61,False
"17929",10,"2009-12-09 11:40:00",13,False
"18118",10,"2010-11-23 13:36:00",35,False
"13467",10,"2011-11-03 16:56:00",2,False
"12627",10,"2011-07-22 13:59:00",6,False
"13238",10,"2010-04-28 15:02:00",7,False
"14866",10,"2010-09-21 15:14:00",18,False
"13196",10,"2010-04-01 12:54:00",8,False
"14511",10,"2011-07-29 12:13:00",6,False
"15148",10,"2011-11-29 08:21:00",1,False
"13657",10,"2011-05-22 12:35:00",2,False
"14701",10,"2010-01-24 12:15:00",18,False
"14290",10,"2009-12-08 11:44:00",14,False
"13590",10,"2009-12-01 13:37:00",21,False
"12451",10,"2010-06-28 12:58:00",10,False
"17379",10,"2011-11-28 13:56:00",1,False
"13137",10,"2010-07-25 15:40:00",16,False
"17806",10,"2011-11-28 14:12:00",1,False
"17711",10,"2011-02-23 11:32:00",2,False
"15540",10,"2010-11-29 11:10:00",2,False
"17068",11,"2010-03-28 14:26:00",49,False
"17031",11,"2010-05-07 14:52:00",6,False
"16923",11,"2010-01-31 11:14:00",41,False
"16094",11,"2009-12-11 13:33:00",19,False
"14954",11,"2010-01-05 16:38:00",2,False
"15511",11,"2011-09-15 15:05:00",5,False
"17852",11,"2009-12-08 12:51:00",5,False
"18229",11,"2009-12-03 14:42:00",28,False
"16877",11,"2011-05-15 16:13:00",6,False
"13991",11,"2011-07-19 12:58:00",7,False
"13004",11,"2009-12-15 09:44:00",46,False
"12674",11,"2011-05-16 09:10:00",7,False
"15022",11,"2010-01-31 16:02:00",5,False
"17885",11,"2011-11-27 14:40:00",1,False
"15861",11,"2010-01-28 19:41:00",15,False
"14093",11,"2011-11-27 16:27:00",1,False
"13418",11,"2009-12-11 12:51:00",37,False
"17988",11,"2009-12-07 13:35:00",14,False
"18001",11,"2009-12-02 15:38:00",6,False
"12427",11,"2010-12-03 10:44:00",5,False
"13258",11,"2010-11-04 12:45:00",5,False
"16900",11,"2011-10-07 13:17:00",4,False
"18041",11,"2010-01-14 10:04:00",40,False
"14741",11,"2010-10-18 09:33:00",7,False
"13546",11,"2010-10-11 17:23:00",5,False
"18096",11,"2010-07-14 14:30:00",6,False
"15009",11,"2011-11-14 17:40:00",3,False
"17299",11,"2010-08-15 16:00:00",6,False
"15987",11,"2010-11-25 12:56:00",8,False
"14470",11,"2010-10-05 12:39:00",3,False
"15555",11,"2009-12-06 11:58:00",46,False
"15436",11,"2011-04-19 16:52:00",3,False
"15561",11,"2010-02-14 12:22:00",9,False
"12906",11,"2011-09-22 15:03:00",5,False
"18112",11,"2010-06-06 12:40:00",4,False
"17595",11,"2011-11-02 16:19:00",2,False
"16005",11,"2010-09-15 13:21:00",11,False
"17411",11,"2009-12-03 12:02:00",9,False
"14215",11,"2009-12-08 09:35:00",10,False
"17651",11,"2010-07-01 12:17:00",21,False
"15714",11,"2010-06-02 12:08:00",5,False
"15571",11,"2009-12-06 12:10:00",14,False
"15721",11,"2011-11-28 12:14:00",1,False
"13610",11,"2010-01-05 14:12:00",17,False
"17231",11,"2009-12-07 16:38:00",35,False
"16364",11,"2011-07-25 14:35:00",2,False
"15054",11,"2011-10-30 14:33:00",2,False
"13758",11,"2009-12-01 10:06:00",17,False
"16024",11,"2010-10-24 11:40:00",3,False
"15351",11,"2010-10-03 12:18:00",15,False
"15514",11,"2009-12-04 16:37:00",20,False
"17739",11,"2009-12-07 10:48:00",20,False
"17236",12,"2010-03-07 13:00:00",12,False
"17864",12,"2010-10-08 11:49:00",5,False
"15747",12,"2010-01-18 11:21:00",10,False
"13782",12,"2009-12-06 12:52:00",14,False
"14577",12,"2009-12-11 12:09:00",7,False
"14859",12,"2010-06-03 10:26:00",6,False
"17812",12,"2010-06-27 13:34:00",7,False
"13571",12,"2009-12-08 13:02:00",26,False
"16983",12,"2010-09-19 12:38:00",12,False
"18156",12,"2010-12-05 12:29:00",2,False
"17769",12,"2010-01-19 11:33:00",21,False
"14878",12,"2010-02-21 11:14:00",27,False
"13064",12,"2010-04-27 10:08:00",6,False
"16407",12,"2010-10-03 13:56:00",14,False
"17365",12,"2010-02-01 10:22:00",16,False
"13232",12,"2011-04-10 13:48:00",7,False
"16942",12,"2011-04-26 11:59:00",10,False
"18145",12,"2009-12-08 12:30:00",12,False
"15186",13,"2010-01-12 10:14:00",5,False
"13149",13,"2011-02-23 13:57:00",4,False
"13437",13,"2011-06-02 14:30:00",7,False
"12438",13,"2011-07-22 13:29:00",2,False
"14946",13,"2011-11-25 13:33:00",1,False
"17557",13,"2009-12-07 10:15:00",4,False
"15473",13,"2010-09-21 09:14:00",11,False
"17813",13,"2011-09-29 15:57:00",7,False
"17329",13,"2009-12-03 16:09:00",5,False
"17562",13,"2011-06-19 13:06:00",8,False
"13048",13,"2010-01-27 12:55:00",13,False
"16814",13,"2010-04-11 12:45:00",37,False
"16327",13,"2009-12-14 13:06:00",20,False
"13332",13,"2011-11-25 13:30:00",1,False
"14111",13,"2011-04-12 11:36:00",5,False
"14710",13,"2009-12-03 17:12:00",13,False
"16609",14,"2011-04-01 10:11:00",9,False
"14966",14,"2009-12-15 13:48:00",6,False
"18188",14,"2010-03-26 11:37:00",8,False
"18184",14,"2011-11-24 15:28:00",1,False
"18172",14,"2009-12-11 09:58:00",63,False
"14805",14,"2010-03-28 12:34:00",7,False
"14756",14,"2010-10-11 11:50:00",4,False
"12531",14,"2010-01-22 14:17:00",3,False
"15117",14,"2010-03-15 13:39:00",9,False
"14709",14,"2009-12-05 15:26:00",27,False
"17975",14,"2010-08-06 11:24:00",26,False
"14703",14,"2011-11-25 09:23:00",1,False
"15134",14,"2010-10-13 12:44:00",10,False
"12620",14,"2011-05-19 12:10:00",3,False
"12681",14,"2009-12-13 13:31:00",53,False
"12705",14,"2009-12-03 10:26:00",21,False
"17767",14,"2010-10-25 16:22:00",2,False
"14591",14,"2011-05-10 14:09:00",4,False
"12784",14,"2010-06-28 13:06:00",2,False
"15382",14,"2009-12-04 14:13:00",20,False
"17624",14,"2009-12-20 12:35:00",4,False
"15428",14,"2009-12-17 17:46:00",4,False
"12937",14,"2009-12-03 15:43:00",9,False
"17516",14,"2010-11-26 12:50:00",6,False
"17458",14,"2010-11-23 11:43:00",2,False
"17385",14,"2011-11-25 11:02:00",1,False
"17348",14,"2010-03-10 12:13:00",9,False
"17345",14,"2009-12-01 15:34:00",12,False
"17323",14,"2010-01-10 11:58:00",14,False
"17302",14,"2011-02-07 10:14:00",6,False
"17247",14,"2011-11-24 15:21:00",1,False
"13184",14,"2011-02-22 17:25:00",12,False
"13207",14,"2010-04-06 16:37:00",4,False
"14277",14,"2009-12-03 17:52:00",13,False
"15725",14,"2011-11-24 14:51:00",1,False
"15737",14,"2011-04-11 10:01:00",12,False
"16885",14,"2010-11-19 12:51:00",4,False
"15872",14,"2010-06-07 14:53:00",4,False
"16856",14,"2010-09-23 13:11:00",3,False
"15953",14,"2009-12-03 14:00:00",21,False
"13525",14,"2011-04-05 15:36:00",2,False
"16719",14,"2009-12-13 10:59:00",17,False
"13579",14,"2010-02-18 13:53:00",6,False
"13589",14,"2009-12-06 10:26:00",6,False
"16668",14,"2010-03-18 18:25:00",13,False
"16616",14,"2011-07-05 13:38:00",2,False
"16566",14,"2011-02-20 10:29:00",6,False
"13995",14,"2009-12-18 12:43:00",18,False
"13978",14,"2011-10-25 15:04:00",2,False
"13719",14,"2010-05-17 14:36:00",11,False
"13350",15,"2011-09-21 13:33:00",3,False
"13174",15,"2009-12-04 15:40:00",11,False
"17139",15,"2010-01-11 11:31:00",29,False
"16271",15,"2010-03-07 12:03:00",9,False
"17135",15,"2010-05-09 16:03:00",11,False
"16343",15,"2010-10-28 14:15:00",3,False
"17725",15,"2011-03-17 19:47:00",14,False
"17228",15,"2010-03-12 11:54:00",13,False
"15594",15,"2011-04-19 10:08:00",6,False
"15270",15,"2009-12-17 15:02:00",31,False
"15502",15,"2010-06-03 11:12:00",23,False
"15034",15,"2010-05-11 13:30:00",17,False
"12388",15,"2010-05-06 12:54:00",8,False
"16189",15,"2011-09-15 15:21:00",2,False
"13139",15,"2010-09-28 09:12:00",9,False
"14099",15,"2009-12-10 11:55:00",22,False
"12757",15,"2011-05-12 19:01:00",10,False
"17034",15,"2010-07-14 12:55:00",7,False
"17422",15,"2010-06-23 10:19:00",20,False
"15916",15,"2009-12-10 15:01:00",17,False
"13018",15,"2010-03-01 12:34:00",37,False
"16824",15,"2010-11-11 12:21:00",3,False
"16596",15,"2009-12-10 13:09:00",4,False
"15482",15,"2009-12-02 16:59:00",22,False
"14640",15,"2010-01-22 15:44:00",16,False
"17133",15,"2010-03-21 12:31:00",13,False
"15253",15,"2010-05-02 11:17:00",12,False
"12948",15,"2009-12-02 12:28:00",10,False
"16482",15,"2011-11-24 12:33:00",1,False
"12557",15,"2009-12-17 10:39:00",8,False
"17671",15,"2010-11-29 11:53:00",7,False
"16157",15,"2011-09-28 11:48:00",4,False
"12619",15,"2010-05-28 12:52:00",12,False
"16653",15,"2011-09-29 13:38:00",3,False
"14987",15,"2009-12-02 14:56:00",9,False
"15858",15,"2009-12-10 11:42:00",15,False
"15743",15,"2011-06-08 10:14:00",4,False
"14410",15,"2010-09-28 15:46:00",17,False
"18084",15,"2010-11-16 08:09:00",5,False
"14539",15,"2011-10-26 12:03:00",2,False
"16660",15,"2010-01-14 11:09:00",8,False
"16173",15,"2011-09-02 15:23:00",7,False
"14744",15,"2010-05-18 14:06:00",16,False
"14675",15,"2010-11-16 12:22:00",2,False
"12395",15,"2010-04-16 10:16:00",18,False
"15632",15,"2011-03-10 08:29:00",10,False
"15393",15,"2009-12-15 17:56:00",5,False
"13638",15,"2011-11-24 10:38:00",1,False
"13831",15,"2009-12-10 14:50:00",20,False
"15398",15,"2011-09-22 14:56:00",3,False
"17809",15,"2009-12-02 14:52:00",23,False
"15005",15,"2009-12-01 13:20:00",76,False
"13277",15,"2010-06-18 08:45:00",7,False
"17410",15,"2011-05-08 15:21:00",5,False
"14607",15,"2009-12-15 11:25:00",25,False
"13899",15,"2011-03-10 09:30:00",2,False
"17463",15,"2010-04-29 17:57:00",9,False
"13588",15,"2011-03-29 15:53:00",12,False
"14335",15,"2011-09-04 13:07:00",2,False
"12421",15,"2010-07-22 13:57:00",7,False
"17469",15,"2009-12-16 15:06:00",22,False
"14506",16,"2010-04-19 08:27:00",7,False
"13569",16,"2010-10-07 13:05:00",4,False
"14912",16,"2010-04-28 09:41:00",6,False
"12920",16,"2009-12-14 15:58:00",4,False
"15965",16,"2009-12-03 11:45:00",14,False
"12936",16,"2011-09-22 13:51:00",5,False
"13650",16,"2010-01-26 08:44:00",16,False
"14790",16,"2009-12-11 14:37:00",10,False
"16164",16,"2011-10-28 09:12:00",4,False
"15977",16,"2011-10-31 16:24:00",2,False
"17519",16,"2009-12-01 09:57:00",16,False
"16722",16,"2009-12-03 19:23:00",26,False
"17500",16,"2011-11-10 09:08:00",3,False
"16255",16,"2010-01-24 12:21:00",19,False
"12586",16,"2009-12-16 13:15:00",5,False
"14205",16,"2010-03-07 12:20:00",11,False
"13940",16,"2011-07-18 16:05:00",4,False
"17759",16,"2010-05-05 11:40:00",5,False
"15634",16,"2010-11-21 15:30:00",2,False
"16079",16,"2011-10-30 13:06:00",3,False
"17010",16,"2011-11-21 14:49:00",2,False
"13742",16,"2011-01-23 14:59:00",14,False
"16185",16,"2010-05-24 11:04:00",3,False
"16422",16,"2009-12-01 13:52:00",122,False
"13448",16,"2009-12-06 12:14:00",16,False
"16066",16,"2011-08-07 14:33:00",5,False
"15811",16,"2010-11-16 16:46:00",10,False
"14334",16,"2010-05-20 10:04:00",14,False
"12775",16,"2010-10-26 14:24:00",8,False
"14336",16,"2011-03-08 16:48:00",4,False
"14020",16,"2010-06-28 15:29:00",5,False
"15901",16,"2010-06-14 12:39:00",6,False
"14581",16,"2010-06-13 15:48:00",2,False
"17700",16,"2009-12-01 11:37:00",17,False
"12474",16,"2010-02-11 09:41:00",52,False
"15727",16,"2010-01-24 12:12:00",15,False
"16633",16,"2011-04-19 14:36:00",7,False
"17297",16,"2011-11-22 14:43:00",1,False
"17685",16,"2010-02-11 13:44:00",14,False
"13322",16,"2011-11-22 14:21:00",1,False
"12452",16,"2011-11-23 08:05:00",1,False
"12483",16,"2010-01-31 13:28:00",23,False
"14768",16,"2011-08-04 13:25:00",3,False
"16020",16,"2011-10-05 13:54:00",3,False
"13488",16,"2010-01-25 10:13:00",29,False
"17338",16,"2010-03-10 16:09:00",20,False
"17360",16,"2010-10-01 12:07:00",7,False
"14049",16,"2010-04-01 14:52:00",18,False
"13986",16,"2011-11-22 15:00:00",1,False
"18249",16,"2011-11-22 15:07:00",1,False
"17371",16,"2009-12-08 12:25:00",6,False
"13502",16,"2010-06-09 10:52:00",6,False
"12656",16,"2010-05-26 09:00:00",12,False
"16985",16,"2009-12-10 13:34:00",26,False
"16670",16,"2009-12-10 15:28:00",33,False
"15949",16,"2011-09-29 17:34:00",2,False
"15150",16,"2010-06-14 12:01:00",14,False
"16261",16,"2010-09-23 16:40:00",6,False
"14505",16,"2009-12-09 14:48:00",27,False
"17253",17,"2011-11-21 12:59:00",1,False
"15132",17,"2011-03-22 12:02:00",5,False
"17075",17,"2009-12-14 11:24:00",11,False
"15116",17,"2011-05-19 08:50:00",4,False
"15115",17,"2009-12-07 11:20:00",3,False
"13363",17,"2010-10-26 11:07:00",3,False
"16352",17,"2011-11-02 08:44:00",2,False
"15106",17,"2011-03-15 12:52:00",7,False
"15105",17,"2010-03-23 12:18:00",9,False
"15093",17,"2009-12-08 12:46:00",34,False
"13739",17,"2010-06-30 10:25:00",2,False
"12504",17,"2010-04-22 10:24:00",6,False
"13456",17,"2011-05-16 15:34:00",7,False
"13403",17,"2009-12-16 13:23:00",3,False
"16128",17,"2009-12-01 11:50:00",14,False
"17313",17,"2011-11-08 15:45:00",2,False
"17324",17,"2009-12-18 15:29:00",13,False
"13832",17,"2010-10-13 14:41:00",3,False
"16330",17,"2010-02-15 12:36:00",8,False
"16311",17,"2011-10-21 13:13:00",2,False
"13499",17,"2011-03-15 08:52:00",7,False
"13282",17,"2010-10-29 14:11:00",7,False
"16365",17,"2009-12-11 12:41:00",16,False
"18274",17,"2011-11-09 17:03:00",2,False
"14424",17,"2011-11-22 11:48:00",1,False
"15699",17,"2011-11-22 08:26:00",1,False
"13268",17,"2011-03-17 13:20:00",14,False
"16369",17,"2010-04-07 16:52:00",7,False
"16748",17,"2009-12-10 12:28:00",15,False
"17432",17,"2009-12-03 19:13:00",9,False
"17453",17,"2011-10-06 17:02:00",2,False
"14834",17,"2010-10-28 17:37:00",9,False
"15971",17,"2009-12-08 09:46:00",20,False
"15497",17,"2009-12-18 15:08:00",11,False
"14467",17,"2009-12-02 12:44:00",12,False
"17100",17,"2011-11-21 16:36:00",2,False
"14482",17,"2010-08-26 14:13:00",14,False
"12904",17,"2011-06-20 13:18:00",2,False
"17600",17,"2011-11-22 09:43:00",1,False
"15681",17,"2010-05-24 14:18:00",16,False
"12878",17,"2011-03-18 14:02:00",3,False
"13247",17,"2011-09-18 11:31:00",4,False
"14515",17,"2010-06-07 12:37:00",15,False
"15406",17,"2010-09-12 13:06:00",6,False
"17625",17,"2009-12-15 11:49:00",8,False
"13246",17,"2010-07-02 13:36:00",14,False
"16655",17,"2010-01-31 15:40:00",13,False
"14551",17,"2010-01-27 12:06:00",9,False
"14030",17,"2009-12-01 13:38:00",22,False
"16607",17,"2010-04-29 14:01:00",29,False
"15845",17,"2010-01-26 14:44:00",14,False
"17155",17,"2009-12-03 11:34:00",7,False
"14297",17,"2011-03-10 08:31:00",5,False
"18139",17,"2011-11-21 14:06:00",6,False
"16532",17,"2010-03-29 10:26:00",5,False
"13681",17,"2011-07-07 15:21:00",4,False
"14657",17,"2010-09-30 19:57:00",7,False
"15179",17,"2009-12-03 12:27:00",17,False
"16107",17,"2011-06-09 18:42:00",7,False
"13862",17,"2010-11-15 13:43:00",11,False
"17073",17,"2011-08-22 14:37:00",4,False
"15163",17,"2011-05-31 15:22:00",2,False
"12597",18,"2011-03-16 14:00:00",5,False
"16212",18,"2010-02-07 15:26:00",5,False
"17227",18,"2010-01-15 15:05:00",12,False
"13167",18,"2010-11-14 12:58:00",5,False
"16406",18,"2010-02-24 11:51:00",4,False
"15426",18,"2010-05-02 15:10:00",11,False
"14359",18,"2011-09-13 09:03:00",6,False
"13189",18,"2011-08-16 13:12:00",2,False
"13200",18,"2011-08-05 14:50:00",4,False
"16533",18,"2011-10-02 15:07:00",5,False
"17384",18,"2010-08-29 16:01:00",3,False
"17738",18,"2010-03-19 10:07:00",15,False
"14587",18,"2011-01-12 13:16:00",10,False
"18080",18,"2011-04-11 10:10:00",2,False
"17758",18,"2010-05-20 13:18:00",12,False
"18110",18,"2010-10-24 14:21:00",3,False
"14300",18,"2011-11-21 08:57:00",1,False
"15671",18,"2011-03-14 09:37:00",10,False
"12349",18,"2009-12-04 12:49:00",4,False
"15527",18,"2009-12-15 17:31:00",30,False
"15645",18,"2010-10-10 12:51:00",4,False
"13823",18,"2009-12-15 14:34:00",8,False
"13427",18,"2009-12-17 13:44:00",6,False
"15044",18,"2009-12-16 15:13:00",41,False
"18040",18,"2011-04-08 08:27:00",2,False
"16139",18,"2009-12-03 13:51:00",5,False
"13430",18,"2011-09-14 14:26:00",4,False
"16666",18,"2010-03-28 15:13:00",2,False
"14449",18,"2010-09-29 13:15:00",8,False
"15988",18,"2010-02-21 11:36:00",3,False
"16366",18,"2009-12-16 10:39:00",4,False
"14447",18,"2010-11-04 13:32:00",6,False
"16713",18,"2009-12-15 12:49:00",41,False
"12984",18,"2011-11-21 12:37:00",1,False
"17664",18,"2010-03-29 17:17:00",4,False
"17425",18,"2011-10-10 11:37:00",2,False
"16710",18,"2009-12-04 13:41:00",23,False
"14984",18,"2010-01-11 13:22:00",6,False
"17888",18,"2009-12-21 16:34:00",30,False
"13565",18,"2010-10-24 15:51:00",3,False
"18127",18,"2010-11-01 13:56:00",4,False
"12658",18,"2011-11-21 10:22:00",1,False
"17561",18,"2009-12-06 13:29:00",4,False
"15738",18,"2009-12-10 15:52:00",45,False
"14883",18,"2011-05-12 09:49:00",7,False
"15857",18,"2010-10-05 16:43:00",2,False
"14426",18,"2010-03-04 14:36:00",27,False
"14553",18,"2010-07-18 12:07:00",10,False
"15533",18,"2011-09-11 15:41:00",5,False
"16411",18,"2010-10-07 15:09:00",4,False
"16399",18,"2010-11-15 15:03:00",3,False
"13142",18,"2011-11-20 16:07:00",1,False
"13673",18,"2011-11-07 15:40:00",2,False
"12795",18,"2011-11-21 10:27:00",1,False
"15567",18,"2011-11-21 10:48:00",1,False
"15850",18,"2009-12-13 13:27:00",6,False
"16784",19,"2010-03-28 12:55:00",5,False
"17555",19,"2010-05-02 16:02:00",5,False
"14502",19,"2011-01-30 15:52:00",14,False
"12702",19,"2011-11-20 10:36:00",1,False
"16762",19,"2011-07-18 12:52:00",3,False
"14157",19,"2010-03-03 16:49:00",6,False
"15906",19,"2010-09-15 12:17:00",12,False
"14664",19,"2011-11-06 14:56:00",2,False
"12540",19,"2009-12-07 16:56:00",34,False
"13988",19,"2010-03-24 11:05:00",11,False
"15919",19,"2010-12-06 11:26:00",2,False
"14052",19,"2010-11-14 11:37:00",2,False
"12778",19,"2010-04-16 09:57:00",9,False
"17387",19,"2011-11-06 11:25:00",2,False
"14704",19,"2010-03-25 17:21:00",9,False
"15465",19,"2009-12-10 09:42:00",39,False
"14881",19,"2011-11-20 11:06:00",1,False
"14116",19,"2011-08-10 12:44:00",5,False
"14595",19,"2010-01-20 13:59:00",8,False
"16506",19,"2011-10-30 15:50:00",2,False
"14159",19,"2009-12-03 12:31:00",25,False
"14477",19,"2009-12-23 10:17:00",10,False
"15963",19,"2011-10-25 13:05:00",2,False
"13118",19,"2010-09-26 15:46:00",12,False
"16464",19,"2011-07-20 13:53:00",3,False
"13895",20,"2009-12-03 13:09:00",8,False
"13516",20,"2010-10-18 08:52:00",4,False
"17904",20,"2011-11-18 12:57:00",2,False
"17621",20,"2010-10-04 09:37:00",8,False
"17650",20,"2011-11-18 14:52:00",1,False
"14903",20,"2011-03-06 11:50:00",10,False
"14902",20,"2010-06-04 12:35:00",5,False
"15933",20,"2011-09-14 12:05:00",3,False
"13091",20,"2009-12-08 12:25:00",5,False
"13094",20,"2010-11-15 14:15:00",17,False
"15368",20,"2010-11-10 15:52:00",2,False
"17301",20,"2010-03-25 13:16:00",2,False
"13880",20,"2010-05-26 14:29:00",17,False
"17961",20,"2009-12-01 14:48:00",102,False
"12779",20,"2009-12-03 07:25:00",21,False
"14342",20,"2010-08-24 13:03:00",9,False
"16350",20,"2010-10-07 16:33:00",12,False
"13381",20,"2009-12-01 15:18:00",15,False
"12498",20,"2011-10-13 09:30:00",3,False
"15088",20,"2011-10-03 14:05:00",3,False
"16463",20,"2011-05-19 14:45:00",7,False
"17779",20,"2011-07-19 12:19:00",5,False
"12578",20,"2010-09-22 11:19:00",7,False
"16560",20,"2009-12-08 12:05:00",10,False
"13960",20,"2011-09-29 12:39:00",2,False
"12697",20,"2011-06-23 15:44:00",5,False
"15494",20,"2009-12-10 20:16:00",5,False
"14285",20,"2009-12-08 14:13:00",8,False
"16924",20,"2011-09-16 12:54:00",4,False
"14073",20,"2011-11-07 15:49:00",2,False
"18276",20,"2009-12-10 17:14:00",10,False
"14820",20,"2010-01-31 12:49:00",9,False
"12444",20,"2011-06-21 14:00:00",5,False
"14315",20,"2010-03-15 12:49:00",10,False
"16279",20,"2010-04-22 14:09:00",10,False
"13313",21,"2009-12-02 13:53:00",15,False
"13396",21,"2011-01-24 13:37:00",4,False
"17080",21,"2010-07-01 16:03:00",8,False
"17095",21,"2009-12-15 12:32:00",11,False
"15864",21,"2010-11-23 15:02:00",9,False
"17159",21,"2010-03-04 14:53:00",6,False
"17163",21,"2010-02-02 10:39:00",4,False
"16871",21,"2011-03-14 10:31:00",7,False
"14362",21,"2011-11-17 15:08:00",1,False
"13160",21,"2011-11-17 13:07:00",1,False
"13138",21,"2010-11-08 11:45:00",8,False
"17286",21,"2010-11-04 13:43:00",3,False
"13117",21,"2010-03-26 13:50:00",19,False
"15530",21,"2010-07-15 11:10:00",5,False
"14416",21,"2011-10-28 15:10:00",2,False
"17397",21,"2010-10-19 13:20:00",3,False
"14434",21,"2011-09-28 15:31:00",6,False
"13828",21,"2011-11-17 16:02:00",1,False
"12997",21,"2009-12-17 16:14:00",16,False
"15983",21,"2009-12-06 12:52:00",8,False
"12931",21,"2009-12-01 11:46:00",68,False
"15435",21,"2011-11-17 16:39:00",1,False
"16009",21,"2011-07-03 11:26:00",4,False
"14508",21,"2010-06-17 13:02:00",6,False
"12847",21,"2010-11-17 12:44:00",2,False
"16656",21,"2009-12-04 12:59:00",44,False
"14034",21,"2011-07-05 13:06:00",4,False
"12781",21,"2011-02-28 08:43:00",4,False
"16042",21,"2010-09-12 12:00:00",11,False
"16070",21,"2011-11-07 16:36:00",2,False
"17760",21,"2010-02-28 12:15:00",7,False
"14593",21,"2009-12-09 12:57:00",17,False
"15287",21,"2009-12-02 12:13:00",6,False
"17797",21,"2009-12-15 14:30:00",8,False
"17799",21,"2009-12-13 16:03:00",23,False
"13815",21,"2010-02-12 10:26:00",10,False
"15267",21,"2011-06-10 10:24:00",5,False
"14641",21,"2011-11-18 10:42:00",1,False
"12647",21,"2010-01-13 15:06:00",42,False
"16531",21,"2010-09-24 09:49:00",12,False
"12618",21,"2011-11-18 11:10:00",1,False
"12603",21,"2011-11-18 10:42:00",1,False
"16511",21,"2010-03-01 12:21:00",6,False
"16134",21,"2010-06-17 09:48:00",7,False
"13962",21,"2010-09-30 10:35:00",3,False
"17985",21,"2011-11-17 14:24:00",1,False
"18034",21,"2010-11-29 12:36:00",3,False
"12539",21,"2009-12-23 13:00:00",7,False
"18061",21,"2009-12-04 11:36:00",29,False
"13941",21,"2009-12-16 16:10:00",17,False
"15081",21,"2010-06-22 10:25:00",13,False
"16414",21,"2010-01-14 10:21:00",5,False
"12449",21,"2010-09-27 09:37:00",5,False
"12445",21,"2010-10-15 12:28:00",3,False
"13894",21,"2011-02-02 12:54:00",5,False
"12406",21,"2010-01-11 14:04:00",7,False
"14849",21,"2010-01-10 11:40:00",50,False
"18221",21,"2010-11-14 15:46:00",8,False
"12391",21,"2010-02-15 10:12:00",7,False
"12380",21,"2010-02-15 12:05:00",10,False
"16945",21,"2009-12-09 11:33:00",35,False
"14234",21,"2011-10-13 13:58:00",4,False
"15124",22,"2010-02-26 10:49:00",4,False
"15051",22,"2009-12-01 13:29:00",10,False
"12610",22,"2011-08-05 13:52:00",6,False
"16204",22,"2009-12-08 17:44:00",4,False
"12626",22,"2011-01-17 11:01:00",13,False
"17896",22,"2011-11-16 13:59:00",1,False
"16278",22,"2010-07-28 15:40:00",7,False
"12712",22,"2009-12-09 10:46:00",28,False
"16085",22,"2010-01-20 14:03:00",13,False
"13629",22,"2010-02-11 17:34:00",19,False
"17716",22,"2009-12-02 17:18:00",27,False
"16638",22,"2010-08-18 13:33:00",16,False
"13871",22,"2009-12-20 13:09:00",21,False
"16869",22,"2011-06-17 13:01:00",5,False
"17613",22,"2011-02-07 11:20:00",17,False
"17596",22,"2009-12-15 13:21:00",14,False
"15432",22,"2010-06-16 14:34:00",4,False
"13575",22,"2011-06-16 14:24:00",5,False
"12910",22,"2010-03-28 13:10:00",14,False
"15657",22,"2011-11-17 12:19:00",1,False
"15489",22,"2010-01-15 16:58:00",12,False
"14948",22,"2011-05-04 14:52:00",7,False
"17461",22,"2011-11-10 12:01:00",3,False
"12991",22,"2010-11-15 13:43:00",3,False
"12993",22,"2010-02-18 10:35:00",10,False
"18263",22,"2011-04-01 11:48:00",4,False
"15967",22,"2009-12-01 13:28:00",13,False
"16999",22,"2011-09-26 15:43:00",2,False
"17147",22,"2010-01-11 09:38:00",16,False
"15506",22,"2010-08-19 12:38:00",6,False
"14851",22,"2010-03-19 11:52:00",3,False
"14109",22,"2011-09-28 10:18:00",2,False
"13308",22,"2010-04-22 09:22:00",5,False
"14112",22,"2009-12-17 17:56:00",27,False
"13028",22,"2011-10-25 14:09:00",3,False
"12356",22,"2010-10-11 09:42:00",6,False
"13285",22,"2010-03-25 14:26:00",6,False
"13500",22,"2010-11-03 13:16:00",5,False
"17368",22,"2009-12-15 17:45:00",16,False
"15529",22,"2010-11-10 14:26:00",13,False
"17330",22,"2010-03-02 09:20:00",4,False
"16298",22,"2010-09-23 15:23:00",9,False
"16804",22,"2011-03-14 15:48:00",3,False
"16809",22,"2010-04-13 15:34:00",10,False
"13131",22,"2010-02-09 09:47:00",8,False
"16912",22,"2009-12-09 12:32:00",18,False
"14332",22,"2010-10-19 13:01:00",5,False
"13447",22,"2011-11-04 10:10:00",4,False
"16186",22,"2009-12-09 15:36:00",30,False
"12500",22,"2010-02-04 15:05:00",24,False
"13939",22,"2010-04-06 12:43:00",10,False
"13926",22,"2011-11-16 13:16:00",1,False
"18075",22,"2010-07-29 11:47:00",31,False
"14898",22,"2009-12-03 16:40:00",18,False
"15805",22,"2009-12-10 12:57:00",40,False
"18006",22,"2009-12-17 12:27:00",4,False
"12567",22,"2010-02-11 10:30:00",17,False
"12481",22,"2010-04-11 13:10:00",17,False
"12477",22,"2010-03-26 14:01:00",12,False
"13614",23,"2010-06-06 13:42:00",6,False
"18246",23,"2010-04-09 10:19:00",3,False
"12415",23,"2010-06-30 08:30:00",28,False
"18181",23,"2009-12-04 15:30:00",7,False
"18123",23,"2010-07-14 12:47:00",3,False
"12640",23,"2011-09-19 12:01:00",3,False
"12731",23,"2010-03-02 09:23:00",19,False
"17680",23,"2010-07-16 16:07:00",4,False
"12890",23,"2010-11-17 14:05:00",2,False
"17564",23,"2011-09-20 14:00:00",3,False
"17549",23,"2011-10-19 10:05:00",2,False
"12933",23,"2009-12-10 16:39:00",11,False
"17521",23,"2010-10-01 11:49:00",6,False
"17377",23,"2009-12-02 12:39:00",90,False
"13066",23,"2011-11-07 17:06:00",3,False
"17357",23,"2011-11-15 16:29:00",2,False
"17220",23,"2010-01-20 11:57:00",21,False
"17198",23,"2010-12-03 14:54:00",3,False
"17153",23,"2011-11-15 13:42:00",1,False
"16916",23,"2010-10-20 12:56:00",4,False
"16855",23,"2011-10-27 16:31:00",2,False
"13449",23,"2011-11-16 08:28:00",1,False
"16669",23,"2011-09-22 14:13:00",2,False
"16557",23,"2011-07-25 13:28:00",2,False
"16469",23,"2010-07-13 13:17:00",5,False
"13816",23,"2011-10-06 14:37:00",4,False
"16245",23,"2011-03-28 09:30:00",5,False
"14057",23,"2009-12-03 13:17:00",23,False
"16008",23,"2010-03-19 11:07:00",15,False
"15955",23,"2010-02-23 16:36:00",25,False
"15900",23,"2010-05-26 11:27:00",5,False
"15720",23,"2010-06-07 15:40:00",2,False
"14286",23,"2009-12-04 08:40:00",12,False
"15679",23,"2011-06-10 08:24:00",4,False
"15584",23,"2010-02-07 12:16:00",7,False
"15556",23,"2011-11-15 16:08:00",1,False
"14507",23,"2009-12-10 17:04:00",14,False
"14522",23,"2010-01-24 13:55:00",8,False
"14544",23,"2010-08-26 16:00:00",3,False
"15269",23,"2010-11-14 12:58:00",3,False
"14666",23,"2011-11-15 12:57:00",1,False
"14714",23,"2010-01-21 11:06:00",7,False
"15110",23,"2010-08-11 15:49:00",9,False
"16478",24,"2011-10-05 12:02:00",3,False
"16878",24,"2011-09-16 17:39:00",2,False
"14725",24,"2010-06-23 11:34:00",5,False
"16341",24,"2010-04-09 10:30:00",10,False
"14715",24,"2010-01-19 12:18:00",8,False
"14953",24,"2010-09-30 12:16:00",5,False
"13455",24,"2009-12-09 08:58:00",11,False
"12642",24,"2011-08-24 09:23:00",3,False
"15125",24,"2010-03-31 13:29:00",36,False
"13735",24,"2009-12-13 13:31:00",22,False
"17974",24,"2010-10-28 20:03:00",6,False
"14680",24,"2009-12-04 12:36:00",87,False
"16423",24,"2011-11-15 09:21:00",1,False
"15781",24,"2011-02-07 09:15:00",4,False
"15758",24,"2011-11-15 10:48:00",1,False
"15524",24,"2010-04-12 09:19:00",2,False
"15458",24,"2010-11-02 19:50:00",2,False
"16639",24,"2010-10-26 18:23:00",5,False
"17510",24,"2010-10-15 10:20:00",2,False
"12374",24,"2010-04-30 14:01:00",3,False
"13058",24,"2011-07-11 12:01:00",3,False
"13236",24,"2011-08-25 08:58:00",3,False
"13577",24,"2009-12-14 16:10:00",14,False
"15582",24,"2011-05-03 13:36:00",3,False
"15532",24,"2010-06-08 14:52:00",12,False
"17235",24,"2010-06-04 17:01:00",8,False
"12883",24,"2011-09-11 15:18:00",4,False
"15419",24,"2011-11-15 09:23:00",1,False
"14533",24,"2010-04-08 12:13:00",15,False
"15050",24,"2010-08-16 12:00:00",7,False
"17652",24,"2011-03-03 14:05:00",18,False
"16519",24,"2010-03-01 13:51:00",4,False
"15058",24,"2010-02-24 14:07:00",17,False
"17777",24,"2011-08-31 14:35:00",3,False
"13835",24,"2010-03-04 08:26:00",8,False
"13692",24,"2010-10-15 13:28:00",7,False
"17314",24,"2009-12-03 11:25:00",22,False
"18259",24,"2009-12-08 08:38:00",7,False
"16747",24,"2011-10-03 10:18:00",4,False
"13846",24,"2010-11-05 09:47:00",5,False
"15660",24,"2010-02-05 16:01:00",18,False
"17793",24,"2011-11-14 14:24:00",1,False
"17081",24,"2010-02-22 13:19:00",6,False
"16504",24,"2011-11-14 15:18:00",1,False
"12676",24,"2010-08-13 13:29:00",10,False
"16207",24,"2011-11-14 13:51:00",1,False
"15981",24,"2010-03-29 10:07:00",26,False
"13632",24,"2010-04-07 10:59:00",10,False
"18043",24,"2010-12-08 12:35:00",3,False
"15839",24,"2011-07-14 16:35:00",5,False
"13178",25,"2009-12-16 14:00:00",25,False
"13603",25,"2011-11-13 15:57:00",1,False
"16303",25,"2010-03-18 14:12:00",9,False
"17287",25,"2009-12-03 12:45:00",23,False
"14382",25,"2010-11-14 16:27:00",3,False
"13146",25,"2011-11-13 15:29:00",1,False
"14784",25,"2010-11-15 09:49:00",3,False
"15787",25,"2011-10-09 13:11:00",3,False
"18117",25,"2011-11-14 12:47:00",1,False
"12508",25,"2011-11-10 16:27:00",2,False
"18082",25,"2011-11-14 12:45:00",1,False
"18069",25,"2010-02-28 16:14:00",13,False
"16898",25,"2010-05-12 12:18:00",6,False
"15863",25,"2009-12-17 10:20:00",5,False
"14227",25,"2010-02-08 09:38:00",22,False
"14684",25,"2010-11-14 14:07:00",6,False
"15168",25,"2011-11-14 11:26:00",1,False
"15203",25,"2009-12-08 18:06:00",15,False
"12689",25,"2011-08-04 10:04:00",2,False
"13700",25,"2010-02-07 10:53:00",14,False
"13451",25,"2010-03-21 16:01:00",13,False
"14862",25,"2011-07-14 11:20:00",2,False
"18211",25,"2011-03-06 12:09:00",5,False
"15291",25,"2009-12-03 11:09:00",52,False
"17720",25,"2010-05-10 09:58:00",12,False
"15365",25,"2010-02-04 16:43:00",14,False
"17663",25,"2009-12-03 18:29:00",23,False
"12428",25,"2011-03-01 09:33:00",11,False
"14530",25,"2010-01-21 11:25:00",19,False
"12865",25,"2010-08-20 12:20:00",5,False
"12867",25,"2009-12-16 16:25:00",16,False
"15411",25,"2011-06-10 12:30:00",5,False
"14499",25,"2010-08-27 11:57:00",10,False
"14494",25,"2009-12-08 13:25:00",3,False
"17538",25,"2011-11-14 12:12:00",1,False
"15449",25,"2011-03-23 10:43:00",5,False
"16936",25,"2010-11-19 11:54:00",2,False
"12938",25,"2011-11-14 11:21:00",1,False
"13549",25,"2010-11-17 12:17:00",9,False
"13379",25,"2011-07-26 12:26:00",3,False
"16726",25,"2010-10-24 16:09:00",7,False
"16930",25,"2011-10-02 14:25:00",3,False
"16720",25,"2009-12-17 17:54:00",4,False
"17790",26,"2010-06-13 13:30:00",20,False
"15429",26,"2011-09-25 13:42:00",3,False
"14487",26,"2010-11-25 13:36:00",8,False
"13892",26,"2010-05-13 10:32:00",6,False
"13984",26,"2009-12-07 11:51:00",13,False
"15599",26,"2010-09-20 10:15:00",3,False
"14661",26,"2011-11-13 11:51:00",1,False
"17041",26,"2010-04-18 14:25:00",7,False
"13170",26,"2011-11-13 12:19:00",1,False
"17838",26,"2010-03-19 09:53:00",15,False
"14044",26,"2010-01-24 15:14:00",11,False
"13450",26,"2010-04-15 19:15:00",14,False
"17211",26,"2009-12-13 13:17:00",15,False
"16416",26,"2010-02-23 12:00:00",10,False
"14882",26,"2010-03-30 15:02:00",15,False
"15692",27,"2011-11-11 14:12:00",1,False
"12480",27,"2010-07-20 13:21:00",8,False
"12517",27,"2011-06-02 15:13:00",5,False
"17069",27,"2009-12-03 12:27:00",21,False
"18014",27,"2011-11-11 15:28:00",1,False
"12685",27,"2011-09-07 10:28:00",6,False
"12691",27,"2010-10-15 12:00:00",6,False
"13557",27,"2009-12-08 17:41:00",16,False
"15492",27,"2011-09-26 14:02:00",2,False
"17191",27,"2009-12-01 16:34:00",16,False
"17088",27,"2011-03-31 09:48:00",4,False
"17052",27,"2011-11-11 14:50:00",1,False
"17054",27,"2011-04-08 13:14:00",6,False
"16433",27,"2010-10-27 12:26:00",2,False
"15608",27,"2010-10-20 10:10:00",5,False
"16332",27,"2010-04-29 13:41:00",13,False
"12726",27,"2010-03-25 16:25:00",11,False
"16671",27,"2011-06-28 11:20:00",3,False
"13732",27,"2011-11-11 15:49:00",1,False
"16460",27,"2011-09-19 10:15:00",3,False
"17573",28,"2011-09-07 10:36:00",4,False
"13606",28,"2011-02-01 11:42:00",3,False
"13817",28,"2010-12-23 11:46:00",2,False
"12600",28,"2009-12-07 13:37:00",22,False
"12599",28,"2010-05-11 10:42:00",13,False
"12617",28,"2011-11-10 14:39:00",1,False
"14064",28,"2010-01-21 13:22:00",21,False
"17932",28,"2011-05-12 13:58:00",3,False
"16434",28,"2010-01-17 14:51:00",13,False
"12589",28,"2010-01-19 12:26:00",8,False
"15184",28,"2009-12-16 12:06:00",4,False
"16863",28,"2010-10-26 10:03:00",5,False
"14662",28,"2009-12-03 16:47:00",7,False
"13727",28,"2009-12-09 13:25:00",9,False
"17977",28,"2010-11-04 14:26:00",3,False
"17901",28,"2010-07-06 10:54:00",3,False
"14712",28,"2010-10-17 14:49:00",4,False
"15557",28,"2011-11-11 12:46:00",1,False
"15111",28,"2010-04-26 13:12:00",5,False
"17109",28,"2010-07-30 12:42:00",10,False
"12384",28,"2011-08-10 11:23:00",3,False
"15238",28,"2011-06-08 16:00:00",5,False
"14226",28,"2010-09-24 14:32:00",9,False
"13460",28,"2011-10-21 09:50:00",2,False
"15463",28,"2011-11-10 12:57:00",1,False
"17295",28,"2011-10-06 12:22:00",3,False
"16126",28,"2009-12-02 13:34:00",15,False
"14789",28,"2011-11-11 08:59:00",1,False
"14748",28,"2009-12-01 11:56:00",16,False
"15289",28,"2010-03-28 11:45:00",7,False
"16907",28,"2010-07-01 17:30:00",9,False
"14765",28,"2011-06-16 19:49:00",3,False
"18135",28,"2010-03-15 13:13:00",13,False
"14466",28,"2009-12-13 15:44:00",13,False
"16903",28,"2010-10-20 14:42:00",4,False
"18209",28,"2011-11-11 12:07:00",1,False
"15355",28,"2011-10-17 15:22:00",2,False
"14829",28,"2010-09-29 13:14:00",9,False
"15830",28,"2011-11-02 10:40:00",2,False
"17442",28,"2010-02-15 15:54:00",23,False
"17653",28,"2011-08-11 15:24:00",5,False
"13810",28,"2011-10-14 12:57:00",2,False
"12844",28,"2010-04-25 11:51:00",4,False
"16743",28,"2010-04-22 13:21:00",15,False
"14863",28,"2011-11-10 15:04:00",1,False
"12538",28,"2010-11-26 13:02:00",2,False
"16791",28,"2009-12-03 18:08:00",18,False
"17015",28,"2011-06-07 13:19:00",3,False
"16386",28,"2010-11-17 11:19:00",3,False
"13148",28,"2009-12-07 15:26:00",36,False
"17512",28,"2009-12-10 19:35:00",20,False
"14035",28,"2010-04-06 12:39:00",11,False
"17162",28,"2011-02-07 12:27:00",11,False
"18217",28,"2010-07-01 15:39:00",6,False
"16628",29,"2010-03-08 12:24:00",8,False
"14968",29,"2010-09-07 13:28:00",2,False
"18125",29,"2011-01-27 15:02:00",5,False
"16218",29,"2010-05-27 16:09:00",19,False
"12532",29,"2011-11-09 13:47:00",1,False
"12541",29,"2011-03-04 09:32:00",3,False
"12544",29,"2011-11-03 16:15:00",2,False
"15114",29,"2010-10-14 16:44:00",12,False
"14944",29,"2010-02-17 08:47:00",24,False
"12659",29,"2011-11-10 11:53:00",1,False
"17867",29,"2009-12-02 13:02:00",19,False
"12708",29,"2009-12-18 10:25:00",29,False
"17791",29,"2011-11-10 12:09:00",1,False
"16516",29,"2011-11-09 14:59:00",1,False
"17702",29,"2010-11-04 12:09:00",9,False
"13983",29,"2009-12-09 13:53:00",30,False
"17690",29,"2010-02-03 14:26:00",21,False
"13992",29,"2010-09-02 17:04:00",3,False
"15450",29,"2011-11-09 17:11:00",1,False
"15452",29,"2010-07-16 14:23:00",6,False
"17537",29,"2011-02-09 13:37:00",2,False
"15485",29,"2009-12-01 17:31:00",8,False
"16025",29,"2011-11-10 11:45:00",1,False
"12981",29,"2011-07-29 14:14:00",2,False
"17416",29,"2009-12-14 16:29:00",25,False
"18236",29,"2010-04-15 13:39:00",12,False
"16003",29,"2009-12-03 18:51:00",10,False
"14921",29,"2011-05-22 12:51:00",2,False
"15597",29,"2010-05-13 13:10:00",3,False
"17197",29,"2011-11-10 10:32:00",1,False
"15986",29,"2010-11-23 10:02:00",2,False
"13209",29,"2010-01-24 14:30:00",16,False
"17059",29,"2010-01-26 14:43:00",10,False
"13522",29,"2011-11-09 15:11:00",1,False
"17038",29,"2010-10-20 16:04:00",2,False
"14240",29,"2010-10-12 12:48:00",3,False
"15785",29,"2009-12-15 16:28:00",26,False
"17011",29,"2010-02-26 09:47:00",4,False
"16996",29,"2010-10-18 12:24:00",13,False
"16986",29,"2010-02-04 14:46:00",11,False
"16953",29,"2011-11-09 15:54:00",1,False
"16041",30,"2011-07-21 16:27:00",3,False
"12893",30,"2011-11-09 12:34:00",1,False
"16602",30,"2010-11-16 09:13:00",5,False
"17160",30,"2009-12-04 10:57:00",18,False
"13643",30,"2009-12-08 12:48:00",15,False
"17633",30,"2010-11-15 14:55:00",9,False
"17637",30,"2011-08-16 13:25:00",2,False
"14284",30,"2010-02-24 12:06:00",4,False
"12849",30,"2010-04-27 13:44:00",6,False
"15356",30,"2010-10-13 13:12:00",13,False
"13975",30,"2010-02-02 11:10:00",14,False
"13272",30,"2011-09-11 12:06:00",2,False
"15275",30,"2011-11-02 11:20:00",2,False
"13695",30,"2010-05-11 11:07:00",16,False
"16751",30,"2011-11-09 10:48:00",1,False
"13867",30,"2011-05-05 17:28:00",3,False
"17865",30,"2009-12-01 10:49:00",62,False
"18216",30,"2011-11-08 16:55:00",1,False
"18177",30,"2009-12-15 18:57:00",10,False
"14676",30,"2010-03-10 09:30:00",16,False
"12613",30,"2009-12-14 13:10:00",12,False
"14108",30,"2009-12-01 18:07:00",5,False
"15153",30,"2011-11-08 17:09:00",1,False
"16880",30,"2010-08-03 13:54:00",8,False
"16837",30,"2011-04-08 08:48:00",12,False
"16284",30,"2010-11-11 13:27:00",3,False
"15027",30,"2010-03-25 14:39:00",13,False
"17022",30,"2010-10-03 10:27:00",2,False
"16767",30,"2010-04-28 16:49:00",16,False
"14691",30,"2011-05-11 09:55:00",5,False
"16205",30,"2010-06-15 11:58:00",7,False
"15103",30,"2011-09-14 13:54:00",2,False
"13384",30,"2010-07-27 12:22:00",15,False
"12472",30,"2009-12-09 10:47:00",37,False
"15043",30,"2010-06-24 15:50:00",6,False
"13110",30,"2009-12-01 14:14:00",14,False
"13046",30,"2010-09-09 13:09:00",3,False
"13029",30,"2010-07-04 13:46:00",5,False
"15513",30,"2010-01-13 14:59:00",41,False
"12990",30,"2010-03-30 11:36:00",7,False
"13623",30,"2009-12-02 11:36:00",15,False
"18164",30,"2011-11-02 12:56:00",2,False
"13804",30,"2010-09-29 10:26:00",9,False
"17515",30,"2010-06-07 13:29:00",9,False
"12949",30,"2009-12-03 15:56:00",28,False
"14214",30,"2011-03-07 12:26:00",7,False
"16618",30,"2011-01-21 11:55:00",6,False
"16348",31,"2010-10-05 13:57:00",8,False
"16362",31,"2010-09-28 09:24:00",11,False
"16187",31,"2011-02-28 13:34:00",17,False
"13717",31,"2010-08-11 09:40:00",11,False
"13710",31,"2010-04-06 12:54:00",3,False
"16505",31,"2011-11-08 12:14:00",1,False
"13993",31,"2009-12-03 11:57:00",24,False
"16637",31,"2011-04-28 10:20:00",5,False
"14050",31,"2011-08-25 13:46:00",2,False
"13587",31,"2010-02-14 13:17:00",6,False
"16732",31,"2009-12-08 13:04:00",9,False
"15957",31,"2010-10-15 12:11:00",3,False
"13329",31,"2009-12-04 15:41:00",14,False
"14232",31,"2011-03-20 12:44:00",8,False
"13324",31,"2010-05-25 10:23:00",23,False
"15763",31,"2011-09-23 12:10:00",3,False
"17043",31,"2009-12-09 15:20:00",8,False
"17158",31,"2010-03-07 15:50:00",6,False
"17219",31,"2010-10-19 11:29:00",2,False
"14360",31,"2011-09-06 11:58:00",4,False
"15573",31,"2009-12-10 14:19:00",5,False
"17289",31,"2010-03-08 12:52:00",11,False
"14929",31,"2010-10-14 12:22:00",2,False
"14524",31,"2010-10-19 11:44:00",13,False
"12832",31,"2011-09-02 13:48:00",2,False
"15330",31,"2011-10-10 12:30:00",2,False
"12721",31,"2010-08-25 11:07:00",10,False
"14623",31,"2010-04-16 17:12:00",12,False
"15249",31,"2010-03-26 14:51:00",21,False
"17886",31,"2009-12-14 10:51:00",7,False
"17964",31,"2010-12-02 13:32:00",2,False
"14700",31,"2010-08-11 12:19:00",5,False
"18016",31,"2010-01-27 16:00:00",7,False
"18036",31,"2009-12-18 12:04:00",11,False
"15066",31,"2011-10-17 13:25:00",2,False
"18150",31,"2011-05-22 10:47:00",3,False
"15427",32,"2011-10-23 14:47:00",3,False
"16488",32,"2011-07-14 11:46:00",4,False
"14039",32,"2010-05-13 10:15:00",2,False
"15493",32,"2010-02-23 11:14:00",11,False
"15719",32,"2009-12-01 12:47:00",39,False
"17082",32,"2009-12-15 11:25:00",6,False
"13824",32,"2010-03-12 15:17:00",14,False
"16357",32,"2010-11-23 18:52:00",4,False
"12357",32,"2010-11-16 10:05:00",2,False
"17831",32,"2011-11-06 15:09:00",1,False
"17430",32,"2010-08-17 11:52:00",4,False
"17164",32,"2011-03-11 14:26:00",8,False
"15522",32,"2011-09-13 12:26:00",2,False
"14174",32,"2011-11-06 13:17:00",1,False
"15870",32,"2010-09-19 16:22:00",4,False
"15618",32,"2011-07-26 10:13:00",5,False
"13155",32,"2010-08-05 09:30:00",6,False
"14517",32,"2011-07-21 11:42:00",2,False
"15025",32,"2010-05-20 13:28:00",2,False
"17608",32,"2010-04-11 13:37:00",4,False
"18170",32,"2010-01-08 14:10:00",9,False
"17761",32,"2011-11-07 10:23:00",1,False
"16612",32,"2009-12-03 15:54:00",10,False
"16771",32,"2009-12-09 11:52:00",10,False
"12638",32,"2010-03-10 10:30:00",2,False
"14387",32,"2011-08-22 14:13:00",3,False
"17107",32,"2010-01-31 15:47:00",13,False
"13759",32,"2011-09-29 15:40:00",2,False
"15526",32,"2011-11-06 15:01:00",2,False
"16232",32,"2010-06-07 14:04:00",10,False
"17623",32,"2009-12-14 14:36:00",7,False
"13634",32,"2010-01-10 14:26:00",16,False
"14080",32,"2009-12-02 15:01:00",6,False
"13097",32,"2009-12-01 13:31:00",38,False
"16053",32,"2010-04-08 11:11:00",8,False
"12408",32,"2010-07-29 13:27:00",13,False
"13523",32,"2010-11-02 14:55:00",7,False
"15696",32,"2010-01-24 14:36:00",21,False
"16372",32,"2010-04-11 15:20:00",6,False
"16466",33,"2010-03-07 14:31:00",16,False
"16676",33,"2010-10-17 13:07:00",7,False
"15017",33,"2011-11-06 10:33:00",1,False
"15407",33,"2011-02-07 13:18:00",4,False
"14404",33,"2009-12-20 14:40:00",15,False
"13527",33,"2010-01-21 12:37:00",14,False
"16243",33,"2011-10-16 12:09:00",2,False
"13772",33,"2010-02-23 13:55:00",9,False
"12645",33,"2010-02-09 10:49:00",10,False
"15952",33,"2011-04-28 12:55:00",4,False
"16445",33,"2010-10-24 12:39:00",4,False
"13532",33,"2011-11-06 12:25:00",1,False
"12838",33,"2010-04-26 09:59:00",12,False
"17084",34,"2010-11-08 12:00:00",4,False
"17703",34,"2010-10-17 16:16:00",4,False
"17233",34,"2009-12-15 12:03:00",3,False
"14412",34,"2010-10-11 12:33:00",4,False
"15707",34,"2011-09-14 14:19:00",4,False
"12928",34,"2010-06-08 10:16:00",12,False
"15345",34,"2011-10-25 11:28:00",2,False
"15329",34,"2009-12-14 12:18:00",20,False
"16887",34,"2009-12-01 13:41:00",3,False
"14567",34,"2011-08-01 13:48:00",3,False
"16012",34,"2010-06-28 11:39:00",5,False
"17274",34,"2010-11-09 12:06:00",2,False
"14971",34,"2011-10-27 13:33:00",3,False
"15598",34,"2010-10-08 09:20:00",4,False
"13938",34,"2011-11-04 14:37:00",1,False
"12484",34,"2009-12-03 10:57:00",13,False
"14592",34,"2011-10-06 18:08:00",3,False
"15468",34,"2010-11-12 09:39:00",7,False
"16318",34,"2011-11-04 13:05:00",1,False
"16555",34,"2010-07-22 13:39:00",10,False
"12577",34,"2009-12-03 19:31:00",9,False
"14842",34,"2011-02-04 15:32:00",8,False
"15605",35,"2010-01-14 14:03:00",10,False
"17193",35,"2009-12-02 10:02:00",12,False
"17203",35,"2010-11-16 12:52:00",10,False
"13168",35,"2010-06-15 15:00:00",6,False
"15612",35,"2011-10-09 12:49:00",2,False
"15252",35,"2010-04-07 10:24:00",7,False
"18022",35,"2010-06-11 13:59:00",5,False
"14856",35,"2011-10-14 09:35:00",3,False
"16409",35,"2009-12-13 15:38:00",12,False
"15521",35,"2010-01-05 10:19:00",23,False
"15809",35,"2010-06-22 14:23:00",9,False
"17403",35,"2010-09-15 12:29:00",2,False
"14636",35,"2011-03-16 09:52:00",2,False
"14150",35,"2010-12-15 10:04:00",2,False
"16914",35,"2011-11-03 15:27:00",1,False
"16014",35,"2010-01-31 12:43:00",6,False
"17351",35,"2009-12-10 18:43:00",12,False
"12397",35,"2011-07-27 14:21:00",2,False
"17930",35,"2010-03-04 10:41:00",15,False
"12352",35,"2010-11-12 10:20:00",10,False
"13592",35,"2011-03-20 14:01:00",4,False
"18205",35,"2011-09-26 12:02:00",2,False
"18081",35,"2011-07-29 11:56:00",3,False
"12944",35,"2010-12-20 10:41:00",2,False
"17076",35,"2009-12-04 12:12:00",6,False
"17078",35,"2011-11-03 18:49:00",2,False
"15010",35,"2011-11-04 12:42:00",1,False
"15722",35,"2010-03-09 13:58:00",15,False
"12431",35,"2010-01-15 09:04:00",31,False
"18035",35,"2010-11-19 13:42:00",5,False
"12576",35,"2010-07-01 13:46:00",11,False
"14913",35,"2010-08-11 08:40:00",8,False
"17634",35,"2011-01-06 12:45:00",9,False
"17979",35,"2011-03-25 11:34:00",5,False
"13925",35,"2011-07-28 12:09:00",6,False
"16729",35,"2011-04-12 14:22:00",26,False
"13721",35,"2010-11-09 17:59:00",2,False
"15227",36,"2010-03-16 08:23:00",9,False
"17999",36,"2010-11-26 13:16:00",3,False
"15651",36,"2010-04-22 13:26:00",5,False
"16221",36,"2010-08-10 13:32:00",10,False
"13728",36,"2009-12-09 17:13:00",16,False
"16367",36,"2010-11-21 13:23:00",3,False
"13904",36,"2011-02-18 11:18:00",2,False
"15998",36,"2009-12-01 11:45:00",21,False
"16706",36,"2011-08-17 15:53:00",3,False
"17816",36,"2009-12-15 15:27:00",6,False
"17800",36,"2011-01-09 13:50:00",9,False
"16841",36,"2010-01-12 11:32:00",14,False
"15551",36,"2010-06-07 15:05:00",9,False
"18104",36,"2011-11-02 14:07:00",1,False
"14098",36,"2011-11-03 10:13:00",1,False
"13636",36,"2011-02-27 14:29:00",6,False
"13271",36,"2011-11-02 14:31:00",2,False
"16337",36,"2011-11-03 10:03:00",1,False
"13316",36,"2010-03-10 10:01:00",11,False
"17947",36,"2011-11-02 13:05:00",1,False
"14815",36,"2011-10-03 11:36:00",2,False
"14528",36,"2011-11-02 17:09:00",1,False
"12808",36,"2010-09-03 10:24:00",5,False
"14974",36,"2011-11-02 13:01:00",1,False
"18105",37,"2011-11-02 12:04:00",1,False
"12594",37,"2010-03-03 13:51:00",15,False
"16308",37,"2009-12-15 15:48:00",7,False
"17719",37,"2011-03-29 11:29:00",18,False
"12830",37,"2011-06-21 10:53:00",6,False
"17966",37,"2010-01-18 13:24:00",10,False
"15576",37,"2011-11-02 12:03:00",1,False
"16043",37,"2010-08-15 11:26:00",8,False
"14383",37,"2011-06-29 10:18:00",3,False
"15847",37,"2010-03-08 08:47:00",5,False
"18270",37,"2010-10-03 10:49:00",4,False
"15065",37,"2010-10-25 09:13:00",7,False
"17696",37,"2009-12-10 17:09:00",48,False
"17965",37,"2009-12-14 13:19:00",33,False
"16884",37,"2010-05-18 12:00:00",4,False
"15423",37,"2010-03-28 13:42:00",4,False
"13477",37,"2010-01-25 11:52:00",13,False
"16971",37,"2011-11-01 15:06:00",1,False
"18257",38,"2010-02-18 16:20:00",17,False
"14738",38,"2009-12-07 10:21:00",12,False
"16648",38,"2010-04-28 14:58:00",4,False
"16029",38,"2009-12-08 11:23:00",112,False
"16150",38,"2009-12-01 14:02:00",20,False
"13697",38,"2011-11-01 09:14:00",1,False
"17733",38,"2011-03-23 09:54:00",2,False
"16825",38,"2010-06-23 13:14:00",5,False
"16960",38,"2010-03-02 13:36:00",9,False
"16969",38,"2011-06-01 12:10:00",3,False
"13726",38,"2011-08-31 11:06:00",2,False
"13982",38,"2010-01-20 14:04:00",13,False
"13327",38,"2009-12-18 15:35:00",21,False
"14995",38,"2011-03-04 13:14:00",2,False
"18226",38,"2010-03-05 10:05:00",38,False
"13292",38,"2010-07-01 14:36:00",6,False
"15018",38,"2010-12-07 10:47:00",4,False
"15974",38,"2011-02-24 10:10:00",8,False
"17166",38,"2011-05-20 08:18:00",3,False
"14167",38,"2010-01-27 16:07:00",8,False
"16830",38,"2009-12-13 12:11:00",5,False
"14345",38,"2011-11-01 09:51:00",1,False
"12588",38,"2010-04-21 12:22:00",4,False
"12491",38,"2011-11-01 12:18:00",1,False
"16127",38,"2009-12-13 12:19:00",2,False
"13461",38,"2010-04-21 16:01:00",8,False
"14485",38,"2011-11-01 12:25:00",1,False
"17396",38,"2010-09-24 13:04:00",15,False
"13032",38,"2010-09-05 14:01:00",11,False
"16018",38,"2009-12-07 13:57:00",4,False
"12522",38,"2011-10-19 14:41:00",2,False
"12552",39,"2011-10-31 12:11:00",1,False
"17373",39,"2010-02-28 14:17:00",7,False
"13421",39,"2010-02-14 12:59:00",11,False
"13145",39,"2010-04-19 11:11:00",8,False
"18067",39,"2011-10-30 15:58:00",1,False
"13617",39,"2010-08-01 15:23:00",9,False
"15385",39,"2010-01-31 13:02:00",3,False
"17951",39,"2010-10-31 15:15:00",5,False
"13607",39,"2010-11-02 11:48:00",3,False
"13186",39,"2011-08-03 09:09:00",5,False
"16049",39,"2010-07-11 13:53:00",6,False
"16836",39,"2010-05-14 12:52:00",4,False
"15478",39,"2010-05-13 18:49:00",3,False
"14158",39,"2011-10-30 15:08:00",1,False
"15376",39,"2011-05-01 13:45:00",3,False
"15748",39,"2010-09-16 16:52:00",3,False
"13103",39,"2010-05-11 14:41:00",3,False
"15752",39,"2010-09-08 11:56:00",10,False
"17447",39,"2011-09-29 10:10:00",2,False
"12571",39,"2011-08-10 12:35:00",2,False
"12909",39,"2010-02-24 12:14:00",13,False
"15360",39,"2011-10-31 09:35:00",1,False
"17213",39,"2009-12-08 12:51:00",20,False
"13813",39,"2009-12-06 10:16:00",12,False
"12581",39,"2011-10-31 08:56:00",1,False
"16190",39,"2009-12-14 11:59:00",8,False
"17796",39,"2010-10-14 13:37:00",7,False
"14808",39,"2011-06-20 12:53:00",14,False
"15667",39,"2011-10-31 10:56:00",1,False
"15669",39,"2011-03-21 09:13:00",5,False
"13651",39,"2010-11-23 09:44:00",3,False
"13544",39,"2010-03-05 11:31:00",7,False
"14295",39,"2009-12-09 13:06:00",7,False
"17372",40,"2009-12-03 18:41:00",30,False
"13278",40,"2010-04-08 11:59:00",4,False
"17609",40,"2010-04-09 16:54:00",14,False
"15865",40,"2010-01-05 13:58:00",5,False
"13566",40,"2010-03-10 12:22:00",5,False
"16235",40,"2010-08-26 12:10:00",10,False
"14040",40,"2009-12-01 12:14:00",41,False
"17255",40,"2010-09-19 15:53:00",4,False
"14179",40,"2011-10-18 14:00:00",2,False
"17018",40,"2009-12-05 10:27:00",6,False
"14582",40,"2011-10-30 11:56:00",1,False
"15370",40,"2010-10-25 12:08:00",9,False
"13524",40,"2011-05-04 12:26:00",5,False
"14810",40,"2010-10-06 13:12:00",13,False
"14077",40,"2010-11-09 16:01:00",6,False
"15059",40,"2009-12-06 10:57:00",27,False
"15708",40,"2010-10-10 11:33:00",14,False
"16601",40,"2010-03-26 13:39:00",3,False
"15860",40,"2009-12-06 12:31:00",17,False
"13812",41,"2011-08-26 12:54:00",3,False
"17272",41,"2011-03-22 12:05:00",5,False
"16102",41,"2011-08-03 12:50:00",3,False
"12895",41,"2011-09-14 08:35:00",3,False
"14221",41,"2009-12-04 10:28:00",19,False
"17837",41,"2011-06-29 16:44:00",10,False
"12678",41,"2010-01-07 16:46:00",17,False
"17418",41,"2010-11-17 13:42:00",3,False
"17839",41,"2011-10-28 17:27:00",1,False
"14004",42,"2010-09-30 09:39:00",11,False
"14218",42,"2011-10-28 10:00:00",1,False
"17669",42,"2010-04-01 18:48:00",10,False
"16847",42,"2010-03-31 13:32:00",2,False
"14716",42,"2010-09-21 12:07:00",3,False
"18287",42,"2009-12-01 14:19:00",8,False
"15038",42,"2010-10-10 14:35:00",10,False
"15014",42,"2011-06-16 19:40:00",2,False
"13538",42,"2010-02-02 12:47:00",12,False
"12430",42,"2011-10-27 15:09:00",1,False
"17545",42,"2010-05-11 10:04:00",6,False
"18261",42,"2011-09-05 09:34:00",2,False
"15469",42,"2010-09-27 10:09:00",6,False
"14498",42,"2010-06-07 16:05:00",10,False
"15096",42,"2011-10-28 10:27:00",1,False
"16680",42,"2010-06-23 09:30:00",3,False
"16026",42,"2011-10-27 13:53:00",1,False
"12432",42,"2011-06-20 13:27:00",4,False
"13654",42,"2009-12-02 11:43:00",11,False
"14357",42,"2011-10-27 16:23:00",1,False
"13791",42,"2011-06-24 16:38:00",3,False
"15288",42,"2010-02-12 15:27:00",10,False
"17459",42,"2011-10-10 17:00:00",2,False
"14474",42,"2010-05-09 12:12:00",3,False
"14239",42,"2009-12-05 12:36:00",24,False
"16843",42,"2009-12-10 11:40:00",38,False
"14598",43,"2010-05-19 13:07:00",3,False
"15821",43,"2011-10-09 13:28:00",2,False
"15791",43,"2010-03-08 09:41:00",9,False
"15786",43,"2010-06-21 10:13:00",9,False
"14233",43,"2010-03-05 16:35:00",10,False
"17175",43,"2011-02-16 14:56:00",5,False
"13416",43,"2009-12-03 13:02:00",3,False
"15659",43,"2010-02-24 13:32:00",3,False
"12448",43,"2011-10-26 13:46:00",1,False
"12456",43,"2011-03-30 09:12:00",4,False
"15990",43,"2010-02-28 12:30:00",7,False
"16690",43,"2010-09-14 15:00:00",5,False
"14379",43,"2010-08-16 15:31:00",4,False
"14764",43,"2011-10-24 11:54:00",2,False
"13107",43,"2009-12-08 18:43:00",15,False
"14752",43,"2011-10-27 11:55:00",1,False
"17414",43,"2009-12-03 16:49:00",6,False
"16345",43,"2010-08-13 17:13:00",2,False
"15835",43,"2011-01-13 10:35:00",4,False
"16415",43,"2010-02-01 12:30:00",3,False
"14690",43,"2010-10-25 12:20:00",5,False
"17672",43,"2010-03-08 13:17:00",8,False
"17684",43,"2011-10-27 11:10:00",1,False
"16325",43,"2009-12-04 13:21:00",17,False
"15320",43,"2011-10-26 13:27:00",1,False
"17895",43,"2011-10-26 17:00:00",1,False
"17878",43,"2010-11-09 13:50:00",3,False
"15296",43,"2010-01-21 13:48:00",20,False
"16225",44,"2010-02-07 12:41:00",18,False
"12879",44,"2011-09-09 12:11:00",4,False
"15630",44,"2010-03-05 14:30:00",4,False
"13182",44,"2011-10-25 13:46:00",1,False
"14341",44,"2009-12-01 12:20:00",20,False
"15215",44,"2010-04-06 11:21:00",11,False
"15516",44,"2011-10-24 11:33:00",3,False
"16110",44,"2010-07-05 13:04:00",4,False
"13601",44,"2010-06-11 15:03:00",4,False
"18045",44,"2011-10-25 13:07:00",1,False
"17712",44,"2011-10-26 12:28:00",1,False
"13340",44,"2010-02-22 14:54:00",12,False
"17917",44,"2010-12-12 12:08:00",3,False
"16056",44,"2011-10-25 15:19:00",1,False
"15240",44,"2009-12-05 14:57:00",19,False
"16258",44,"2010-03-10 14:19:00",16,False
"17470",44,"2010-07-19 16:16:00",11,False
"17423",44,"2010-11-11 12:26:00",5,False
"18079",44,"2010-08-05 12:19:00",5,False
"14754",44,"2010-01-18 11:04:00",7,False
"16071",44,"2010-02-22 14:48:00",4,False
"16208",44,"2010-02-24 14:24:00",10,False
"17024",44,"2011-07-05 09:31:00",3,False
"17928",44,"2010-05-17 15:30:00",3,False
"12812",44,"2011-10-26 09:54:00",1,False
"15836",44,"2011-10-20 17:13:00",2,False
"16750",44,"2011-04-21 16:53:00",5,False
"15158",44,"2010-11-03 13:46:00",3,False
"16188",44,"2010-10-27 11:50:00",6,False
"16418",44,"2010-10-13 12:31:00",5,False
"15656",44,"2011-02-28 15:32:00",4,False
"14997",45,"2010-02-22 12:11:00",5,False
"13047",45,"2009-12-16 11:43:00",40,False
"17344",45,"2009-12-11 11:20:00",3,False
"17317",45,"2011-09-11 12:45:00",5,False
"15068",45,"2010-03-28 13:18:00",4,False
"13165",45,"2010-10-22 17:04:00",3,False
"13176",45,"2011-10-24 15:43:00",1,False
"16708",45,"2011-10-25 12:20:00",1,False
"12463",45,"2011-04-12 12:47:00",6,False
"16728",45,"2011-03-20 13:28:00",4,False
"18147",45,"2011-08-23 12:22:00",2,False
"14001",45,"2010-08-03 12:49:00",9,False
"15142",45,"2010-07-27 09:05:00",7,False
"13652",45,"2010-02-25 17:37:00",5,False
"14139",45,"2010-06-15 09:17:00",4,False
"15844",45,"2011-10-24 15:19:00",1,False
"18240",45,"2011-10-24 13:06:00",1,False
"16444",45,"2010-03-24 14:06:00",20,False
"12398",45,"2011-10-25 10:27:00",1,False
"17004",45,"2010-10-11 15:43:00",4,False
"13481",45,"2009-12-04 12:37:00",14,False
"15801",45,"2011-08-22 09:53:00",4,False
"15806",45,"2011-03-08 09:24:00",3,False
"16023",45,"2011-03-18 13:32:00",3,False
"12940",45,"2011-09-13 10:16:00",4,False
"14952",45,"2009-12-03 15:34:00",43,False
"14019",46,"2011-07-24 15:39:00",4,False
"16742",46,"2009-12-16 17:22:00",14,False
"12546",46,"2011-09-23 09:44:00",3,False
"16686",46,"2009-12-06 15:48:00",18,False
"15592",46,"2011-10-24 08:59:00",1,False
"14731",46,"2011-05-11 13:06:00",3,False
"16491",46,"2010-10-22 15:42:00",3,False
"15277",46,"2010-10-10 16:02:00",2,False
"17111",46,"2010-10-10 15:21:00",2,False
"16017",46,"2010-01-05 12:06:00",5,False
"14145",46,"2010-04-08 09:47:00",8,False
"17186",46,"2011-10-10 12:52:00",2,False
"17836",46,"2011-10-23 16:13:00",1,False
"13598",46,"2010-02-26 11:22:00",6,False
"14504",46,"2011-03-06 14:38:00",4,False
"14312",46,"2010-07-23 15:05:00",11,False
"15000",47,"2011-10-23 11:42:00",1,False
"16768",47,"2009-12-07 11:47:00",14,False
"14800",47,"2010-09-30 14:38:00",23,False
"16007",47,"2010-06-14 13:18:00",7,False
"15321",48,"2009-12-17 18:46:00",18,False
"15740",48,"2011-10-21 14:29:00",1,False
"14147",48,"2010-03-09 13:43:00",12,False
"13974",48,"2010-05-06 17:55:00",4,False
"13157",48,"2010-03-08 11:59:00",10,False
"17940",48,"2009-12-03 12:31:00",14,False
"15677",48,"2010-09-02 12:08:00",3,False
"17361",48,"2010-02-01 14:30:00",5,False
"15728",48,"2010-09-21 14:46:00",3,False
"15819",48,"2010-03-18 11:08:00",11,False
"16394",49,"2011-02-23 10:58:00",9,False
"15129",49,"2010-04-08 17:15:00",23,False
"13725",49,"2011-02-04 12:18:00",11,False
"15587",49,"2010-08-05 08:44:00",7,False
"13573",49,"2010-03-12 16:06:00",6,False
"15620",49,"2010-10-26 11:32:00",8,False
"15807",49,"2010-02-11 15:32:00",6,False
"14585",49,"2010-10-19 12:17:00",5,False
"17169",49,"2010-05-10 13:00:00",6,False
"17832",49,"2011-10-21 11:43:00",1,False
"16099",49,"2010-03-03 11:13:00",8,False
"17603",49,"2009-12-10 09:44:00",8,False
"18228",49,"2011-09-21 10:48:00",3,False
"17125",49,"2011-10-20 14:41:00",1,False
"13897",49,"2010-01-31 13:48:00",3,False
"17092",49,"2010-02-02 16:42:00",14,False
"13918",49,"2011-03-31 18:05:00",2,False
"16918",49,"2009-12-03 12:27:00",19,False
"16177",49,"2010-03-02 14:03:00",12,False
"15565",49,"2011-09-30 10:44:00",2,False
"13519",49,"2010-09-23 11:45:00",3,False
"15286",49,"2011-10-21 11:08:00",1,False
"12407",49,"2011-03-20 13:21:00",5,False
"13136",49,"2009-12-08 17:27:00",23,False
"12403",49,"2010-07-06 11:39:00",2,False
"13917",49,"2011-06-01 12:46:00",2,False
"16497",49,"2009-12-03 14:11:00",23,False
"17420",49,"2010-11-03 13:09:00",8,False
"17571",49,"2010-06-15 12:50:00",5,False
"14967",49,"2009-12-03 14:07:00",6,False
"13761",49,"2010-02-21 11:08:00",6,False
"15121",49,"2011-02-24 12:41:00",2,False
"14484",49,"2009-12-17 10:57:00",4,False
"14427",49,"2010-03-18 09:49:00",4,False
"13366",49,"2011-10-20 13:37:00",1,False
"16153",49,"2010-05-26 12:41:00",13,False
"12556",49,"2011-07-11 13:35:00",2,False
"16846",49,"2010-03-10 12:03:00",3,False
"14257",50,"2010-03-01 15:36:00",10,False
"14175",50,"2010-03-22 10:43:00",17,False
"16826",50,"2011-10-19 14:05:00",1,False
"15826",50,"2010-05-20 17:00:00",6,False
"15803",50,"2010-02-01 16:29:00",4,False
"17007",50,"2010-09-28 13:51:00",8,False
"15754",50,"2010-02-22 13:31:00",12,False
"14261",50,"2011-09-22 10:47:00",2,False
"14273",50,"2011-04-11 13:24:00",4,False
"13245",50,"2010-10-03 14:03:00",2,False
"14306",50,"2010-01-31 13:42:00",7,False
"15664",50,"2010-02-28 12:50:00",6,False
"14923",50,"2011-10-20 11:51:00",1,False
"17354",50,"2010-10-07 13:22:00",4,False
"17462",50,"2011-02-28 17:01:00",3,False
"14488",50,"2011-10-03 09:30:00",2,False
"14495",50,"2010-02-18 08:49:00",4,False
"12370",50,"2010-02-09 09:41:00",7,False
"16593",50,"2009-12-05 10:44:00",9,False
"13669",50,"2010-10-28 15:05:00",3,False
"15301",50,"2010-09-15 15:41:00",19,False
"17764",50,"2009-12-03 14:28:00",5,False
"17824",50,"2011-10-19 14:14:00",1,False
"16260",50,"2011-10-20 09:40:00",1,False
"14631",50,"2010-08-09 14:45:00",7,False
"14638",50,"2011-10-20 10:10:00",1,False
"16170",50,"2010-02-18 13:50:00",25,False
"12596",50,"2011-04-11 13:22:00",2,False
"14776",50,"2010-09-19 14:12:00",19,False
"18252",50,"2009-12-08 17:16:00",8,False
"18149",50,"2010-03-14 12:41:00",7,False
"14799",50,"2009-12-02 11:18:00",2,False
"15006",50,"2010-09-12 13:03:00",2,False
"13422",50,"2011-10-06 13:42:00",2,False
"12863",51,"2010-04-29 13:54:00",7,False
"15140",51,"2010-09-23 13:07:00",9,False
"16621",51,"2011-03-07 11:32:00",4,False
"12611",51,"2011-10-18 13:12:00",1,False
"16515",51,"2010-06-17 12:17:00",10,False
"16123",51,"2011-10-19 09:18:00",1,False
"15220",51,"2011-03-04 10:24:00",7,False
"14861",51,"2009-12-08 12:12:00",14,False
"17934",51,"2010-10-29 12:23:00",3,False
"16470",51,"2009-12-11 12:21:00",12,False
"12759",51,"2009-12-04 10:47:00",8,False
"16734",51,"2011-08-17 15:00:00",3,False
"17148",51,"2011-10-19 09:59:00",1,False
"18019",51,"2011-10-19 12:10:00",1,False
"16730",51,"2011-01-24 14:01:00",4,False
"16940",51,"2009-12-08 13:08:00",11,False
"13491",51,"2009-12-07 08:24:00",27,False
"12679",51,"2011-03-01 12:26:00",9,False
"13637",51,"2011-04-27 13:06:00",3,False
"14229",51,"2010-08-25 11:47:00",11,False
"15610",51,"2011-10-19 10:36:00",1,False
"14639",51,"2010-02-16 12:35:00",11,False
"17262",51,"2009-12-15 11:26:00",11,False
"17973",51,"2011-10-19 10:34:00",1,False
"16131",51,"2009-12-02 10:09:00",15,False
"12360",51,"2010-02-22 09:32:00",6,False
"14381",51,"2010-09-14 16:15:00",2,False
"13805",51,"2011-08-02 15:29:00",2,False
"13849",51,"2010-03-25 12:03:00",6,False
"14107",51,"2009-12-09 14:20:00",13,False
"15604",51,"2011-10-18 14:47:00",1,False
"15853",51,"2011-10-19 10:38:00",1,False
"15505",52,"2011-07-07 13:33:00",7,False
"13015",52,"2010-04-15 16:35:00",14,False
"17785",52,"2010-05-23 13:01:00",3,False
"14211",52,"2009-12-09 12:48:00",26,False
"16848",52,"2010-10-03 11:01:00",4,False
"16249",52,"2011-04-14 13:50:00",5,False
"14841",52,"2009-12-02 16:49:00",14,False
"12794",52,"2011-09-02 12:01:00",2,False
"15327",52,"2011-10-18 11:55:00",1,False
"14830",52,"2011-10-17 14:29:00",1,False
"16140",52,"2010-09-24 12:03:00",4,False
"17679",52,"2009-12-03 17:32:00",11,False
"16363",52,"2011-10-17 14:14:00",1,False
"13265",52,"2011-03-11 09:54:00",5,False
"16737",52,"2010-05-11 09:53:00",2,False
"15678",52,"2010-07-05 12:49:00",3,False
"16932",52,"2010-05-17 14:15:00",3,False
"14798",52,"2010-03-01 08:38:00",9,False
"12454",52,"2010-10-14 17:33:00",7,False
"15637",52,"2009-12-15 17:54:00",5,False
"17206",52,"2011-10-17 13:25:00",1,False
"16389",52,"2011-03-01 15:47:00",5,False
"17612",52,"2009-12-08 18:30:00",31,False
"17244",52,"2009-12-06 11:27:00",5,False
"13919",52,"2010-06-17 09:30:00",5,False
"13594",52,"2010-01-07 13:25:00",3,False
"14015",52,"2011-10-18 10:02:00",1,False
"17201",53,"2010-02-10 12:26:00",5,False
"17734",53,"2010-03-07 13:55:00",6,False
"13760",53,"2010-04-25 13:10:00",6,False
"15091",53,"2009-12-01 12:18:00",6,False
"14443",53,"2010-11-25 14:18:00",8,False
"18042",53,"2010-06-16 10:53:00",2,False
"15545",53,"2010-12-03 17:28:00",2,False
"16412",53,"2010-02-04 13:46:00",5,False
"15012",53,"2010-05-12 11:49:00",3,False
"17520",53,"2011-10-17 12:04:00",1,False
"13750",53,"2010-04-01 14:49:00",13,False
"17527",53,"2011-05-05 13:43:00",6,False
"16563",53,"2009-12-01 18:35:00",7,False
"16052",53,"2011-10-16 15:13:00",1,False
"16652",53,"2010-03-17 10:22:00",24,False
"17205",53,"2010-05-24 15:36:00",3,False
"16542",53,"2010-11-03 14:44:00",2,False
"15335",53,"2011-10-17 12:50:00",1,False
"12473",53,"2011-06-01 10:15:00",4,False
"12475",53,"2010-10-26 08:49:00",2,False
"17534",53,"2010-02-25 16:55:00",5,False
"13875",53,"2009-12-17 10:30:00",14,False
"13923",53,"2011-10-17 12:33:00",1,False
"16934",54,"2010-03-28 12:43:00",7,False
"14780",54,"2011-09-21 15:15:00",2,False
"13878",54,"2010-04-14 13:50:00",4,False
"15994",54,"2010-03-14 11:55:00",5,False
"15440",54,"2011-05-15 11:30:00",3,False
"13034",54,"2010-11-03 15:22:00",3,False
"16674",54,"2011-09-02 13:59:00",2,False
"16206",54,"2009-12-14 13:50:00",14,False
"12744",55,"2010-04-27 16:19:00",8,False
"17180",55,"2010-01-21 17:43:00",14,False
"13006",55,"2011-10-14 13:49:00",1,False
"16081",55,"2010-02-03 12:46:00",8,False
"17986",55,"2011-10-14 14:22:00",1,False
"17892",55,"2011-07-07 12:56:00",3,False
"13814",55,"2010-06-30 14:12:00",5,False
"14421",56,"2010-01-17 11:30:00",7,False
"17771",56,"2010-04-29 13:21:00",4,False
"15367",56,"2009-12-10 14:20:00",13,False
"12631",56,"2010-01-15 14:50:00",7,False
"14555",56,"2009-12-18 11:39:00",7,False
"16430",56,"2010-01-27 12:45:00",6,False
"17614",56,"2011-10-13 16:01:00",1,False
"16413",56,"2010-11-29 12:49:00",2,False
"13858",56,"2011-10-13 16:17:00",1,False
"13911",56,"2010-03-01 16:31:00",22,False
"16121",56,"2010-05-23 10:52:00",6,False
"16224",56,"2010-11-17 13:14:00",5,False
"15606",56,"2010-03-02 14:48:00",19,False
"16239",56,"2010-09-02 19:17:00",7,False
"17181",56,"2010-04-23 11:21:00",3,False
"13213",56,"2010-05-20 14:50:00",14,False
"18160",56,"2010-11-18 16:33:00",3,False
"14089",56,"2011-10-14 10:38:00",1,False
"14976",56,"2011-01-17 11:09:00",7,False
"14975",56,"2010-10-14 14:11:00",2,False
"16773",56,"2009-12-06 15:01:00",3,False
"16793",56,"2011-10-13 15:08:00",1,False
"16950",56,"2010-01-24 11:26:00",11,False
"14937",56,"2011-08-01 14:16:00",4,False
"14624",56,"2010-04-14 10:44:00",6,False
"15272",56,"2010-02-14 13:39:00",6,False
"13464",57,"2010-03-19 13:40:00",7,False
"12612",57,"2011-09-26 15:35:00",2,False
"16770",57,"2010-08-22 16:08:00",11,False
"17724",57,"2011-07-24 13:26:00",4,False
"12446",57,"2011-10-13 12:50:00",1,False
"13930",57,"2011-07-26 11:00:00",2,False
"18277",57,"2010-08-02 10:26:00",7,False
"12607",57,"2011-10-10 16:06:00",2,False
"14537",57,"2010-03-26 13:44:00",3,False
"12457",57,"2010-09-30 17:59:00",13,False
"12876",57,"2010-04-28 13:26:00",5,False
"14775",57,"2010-12-02 16:38:00",3,False
"17279",57,"2011-10-13 11:58:00",1,False
"15831",57,"2011-01-19 14:44:00",4,False
"12667",57,"2011-10-12 17:00:00",1,False
"13035",57,"2010-10-04 15:41:00",4,False
"13487",57,"2009-12-05 10:25:00",5,False
"14852",57,"2010-03-05 14:51:00",21,False
"13827",57,"2011-07-19 15:38:00",3,False
"16753",57,"2011-10-12 13:14:00",1,False
"13865",57,"2011-02-23 12:04:00",4,False
"17509",57,"2011-10-07 13:14:00",11,False
"12602",58,"2011-10-12 11:22:00",1,False
"17863",58,"2010-02-25 12:01:00",12,False
"14642",58,"2011-10-12 11:08:00",1,False
"15199",58,"2010-05-13 10:14:00",10,False
"13690",58,"2011-10-11 15:03:00",1,False
"15281",58,"2010-10-08 12:14:00",22,False
"16203",58,"2010-07-23 13:09:00",7,False
"17489",58,"2011-05-11 11:34:00",2,False
"13359",58,"2010-11-01 15:05:00",4,False
"16086",58,"2009-12-02 13:20:00",11,False
"14959",58,"2011-02-16 13:00:00",5,False
"17190",58,"2010-03-05 13:21:00",8,False
"14535",58,"2010-02-24 15:03:00",11,False
"15840",58,"2011-06-20 11:42:00",3,False
"13208",58,"2009-12-03 13:25:00",8,False
"15421",58,"2009-12-07 15:10:00",10,False
"13842",58,"2010-02-16 15:54:00",19,False
"16120",58,"2010-10-13 15:07:00",7,False
"14541",58,"2010-01-07 11:59:00",14,False
"12836",58,"2009-12-01 14:19:00",17,False
"16171",58,"2011-10-11 14:51:00",1,False
"14761",58,"2010-09-21 14:22:00",3,False
"12633",58,"2010-07-02 11:44:00",10,False
"18171",58,"2010-01-05 10:46:00",11,False
"13627",58,"2010-03-09 14:03:00",10,False
"17064",58,"2011-01-16 16:10:00",3,False
"13520",58,"2009-12-17 11:11:00",14,False
"17913",58,"2009-12-03 13:02:00",14,False
"15886",59,"2010-04-20 15:03:00",4,False
"15128",59,"2010-10-05 16:46:00",8,False
"15553",59,"2011-10-10 14:02:00",1,False
"13224",59,"2011-07-11 14:10:00",3,False
"17620",59,"2011-10-11 12:08:00",1,False
"17552",59,"2010-03-22 09:19:00",15,False
"13980",59,"2010-02-21 14:18:00",9,False
"15211",59,"2010-12-09 16:08:00",2,False
"16776",59,"2010-10-20 12:13:00",2,False
"12530",59,"2010-03-07 14:37:00",11,False
"15706",59,"2011-08-15 14:32:00",7,False
"12824",59,"2011-10-11 12:49:00",1,False
"17284",59,"2010-11-15 17:14:00",8,False
"14857",59,"2010-03-15 11:00:00",10,False
"14529",59,"2011-08-21 14:10:00",3,False
"12772",59,"2011-10-11 09:19:00",1,False
"17214",59,"2010-12-15 15:14:00",7,False
"13517",59,"2011-06-13 08:44:00",5,False
"17589",59,"2010-03-07 13:48:00",21,False
"13666",59,"2009-12-04 10:48:00",5,False
"16385",59,"2010-03-18 12:45:00",5,False
"13283",59,"2010-03-09 14:36:00",4,False
"12371",59,"2010-03-04 18:23:00",4,False
"16136",59,"2010-02-14 12:49:00",5,False
"14201",59,"2010-04-30 13:00:00",12,False
"16861",59,"2010-07-19 11:44:00",6,False
"14451",59,"2010-01-17 10:35:00",18,False
"14356",59,"2011-09-19 14:43:00",4,False
"13373",60,"2009-12-06 12:34:00",6,False
"18088",60,"2011-10-09 13:41:00",1,False
"16595",60,"2010-01-17 12:12:00",5,False
"16685",60,"2011-10-09 13:44:00",2,False
"16982",60,"2011-10-10 12:28:00",1,False
"14514",60,"2009-12-13 13:21:00",10,False
"18126",60,"2011-10-10 12:19:00",1,False
"13473",60,"2009-12-15 19:02:00",10,False
"16380",60,"2011-10-09 15:40:00",1,False
"17648",60,"2010-11-19 16:41:00",6,False
"13193",60,"2011-10-09 14:30:00",1,False
"16395",60,"2009-12-06 12:23:00",17,False
"14801",60,"2011-10-09 15:24:00",1,False
"18169",60,"2011-10-10 12:18:00",1,False
"16179",60,"2011-10-10 09:41:00",1,False
"14128",60,"2010-06-06 14:05:00",4,False
"13260",60,"2011-10-09 13:21:00",1,False
"14665",60,"2010-04-26 11:17:00",9,False
"16921",60,"2010-04-18 15:34:00",3,False
"16518",60,"2010-06-01 13:31:00",6,False
"15193",60,"2011-10-10 08:23:00",1,False
"15756",60,"2011-04-04 14:00:00",4,False
"17025",60,"2010-03-08 13:37:00",5,False
"15304",60,"2010-10-14 10:24:00",11,False
"14027",60,"2011-10-10 09:01:00",1,False
"16104",61,"2009-12-06 10:41:00",11,False
"13259",61,"2010-01-10 10:26:00",9,False
"16248",61,"2011-10-09 11:32:00",1,False
"13689",62,"2010-09-21 10:27:00",2,False
"16354",62,"2010-04-27 13:33:00",5,False
"18136",62,"2010-09-14 15:50:00",9,False
"12885",62,"2011-08-08 11:45:00",4,False
"14029",62,"2011-07-18 16:57:00",2,False
"13763",62,"2010-09-30 17:39:00",6,False
"12492",62,"2010-11-01 14:58:00",3,False
"15874",62,"2010-01-07 13:56:00",25,False
"15322",63,"2010-08-20 13:10:00",3,False
"12394",63,"2011-05-06 14:01:00",2,False
"12420",63,"2011-10-07 08:55:00",1,False
"12519",63,"2010-08-20 08:21:00",3,False
"12703",63,"2010-01-24 12:05:00",7,False
"12740",63,"2011-10-07 10:44:00",1,False
"12923",63,"2010-05-13 14:55:00",3,False
"12939",63,"2010-01-12 11:27:00",20,False
"13023",63,"2010-06-29 09:51:00",3,False
"13049",63,"2010-11-03 15:39:00",5,False
"13055",63,"2010-10-06 08:17:00",6,False
"13169",63,"2010-05-26 15:58:00",3,False
"13276",63,"2010-03-07 14:05:00",7,False
"13279",63,"2011-09-22 17:24:00",2,False
"13317",63,"2009-12-13 11:11:00",31,False
"13348",63,"2011-10-06 17:28:00",1,False
"13419",63,"2011-10-07 12:49:00",1,False
"13504",63,"2011-10-06 13:20:00",1,False
"13771",63,"2010-02-25 12:37:00",10,False
"13806",63,"2011-10-07 11:43:00",1,False
"13876",63,"2011-10-07 10:22:00",1,False
"14067",63,"2011-09-04 12:00:00",2,False
"14333",63,"2011-10-03 10:38:00",2,False
"14462",63,"2010-10-03 14:13:00",15,False
"14501",63,"2011-01-24 10:43:00",3,False
"14518",63,"2011-10-06 14:43:00",1,False
"14557",63,"2011-09-15 15:48:00",2,False
"14792",63,"2011-10-06 18:34:00",2,False
"14819",63,"2009-12-21 15:54:00",4,False
"14844",63,"2010-04-12 12:50:00",12,False
"15264",63,"2010-06-27 13:29:00",3,False
"15300",63,"2011-10-06 17:08:00",1,False
"15306",63,"2010-02-18 17:12:00",10,False
"15315",63,"2011-08-15 15:17:00",3,False
"15518",63,"2009-12-20 12:21:00",22,False
"15766",63,"2010-01-26 15:55:00",4,False
"15815",63,"2011-03-25 08:43:00",5,False
"15841",63,"2009-12-10 08:29:00",12,False
"15937",63,"2011-10-06 15:48:00",1,False
"16160",63,"2011-09-15 10:53:00",4,False
"16184",63,"2011-05-12 13:33:00",7,False
"16316",63,"2010-08-03 14:38:00",19,False
"16432",63,"2011-10-06 13:59:00",1,False
"16454",63,"2010-04-07 15:54:00",2,False
"16455",63,"2010-03-30 10:31:00",13,False
"16462",63,"2011-03-01 08:58:00",4,False
"16477",63,"2010-08-12 09:43:00",11,False
"16842",63,"2011-02-10 14:51:00",4,False
"16875",63,"2010-01-05 09:16:00",20,False
"16909",63,"2011-09-28 16:45:00",2,False
"17030",63,"2011-10-07 08:49:00",1,False
"17921",63,"2010-07-15 20:05:00",12,False
"18194",63,"2010-01-28 15:30:00",7,False
"17382",64,"2010-05-19 11:33:00",8,False
"17222",64,"2010-01-10 15:24:00",6,False
"14317",64,"2011-10-06 10:44:00",1,False
"15762",64,"2011-09-23 15:17:00",2,False
"13591",64,"2009-12-14 15:44:00",8,False
"18033",64,"2011-10-05 17:28:00",1,False
"15048",64,"2010-12-06 12:15:00",5,False
"16758",64,"2011-10-05 14:47:00",1,False
"15837",64,"2010-08-11 10:16:00",2,False
"15244",64,"2010-02-11 14:48:00",4,False
"14538",64,"2010-01-25 15:42:00",5,False
"13602",64,"2010-05-28 11:49:00",4,False
"16895",64,"2010-02-12 11:07:00",5,False
"15416",64,"2010-02-01 11:55:00",8,False
"17483",64,"2010-10-21 12:43:00",4,False
"16803",64,"2011-10-05 14:28:00",1,False
"14396",64,"2009-12-02 14:21:00",7,False
"13947",64,"2011-10-05 14:42:00",1,False
"17647",64,"2010-02-08 14:39:00",3,False
"12789",64,"2010-01-15 12:06:00",3,False
"13845",64,"2011-10-06 08:25:00",1,False
"16040",64,"2010-04-09 10:12:00",8,False
"13177",64,"2010-10-05 10:35:00",2,False
"14054",64,"2011-10-05 15:49:00",1,False
"17957",65,"2011-10-04 14:58:00",1,False
"15339",65,"2010-02-08 13:38:00",11,False
"12512",65,"2011-10-04 14:53:00",2,False
"16059",65,"2010-05-19 13:04:00",12,False
"15127",65,"2010-07-08 10:07:00",2,False
"15730",65,"2010-10-04 14:15:00",7,False
"13483",65,"2011-10-05 11:53:00",1,False
"13351",65,"2011-10-04 12:55:00",1,False
"15739",65,"2011-10-04 13:42:00",1,False
"15181",65,"2009-12-08 19:02:00",7,False
"18053",65,"2010-06-30 12:36:00",6,False
"13989",65,"2010-05-25 12:13:00",5,False
"16106",65,"2011-10-05 10:37:00",1,False
"15757",65,"2010-06-10 13:47:00",6,False
"12843",65,"2009-12-13 11:41:00",32,False
"15228",65,"2010-07-28 10:21:00",7,False
"17667",65,"2010-02-23 09:57:00",12,False
"16374",65,"2010-04-30 13:10:00",5,False
"13552",65,"2010-02-19 13:28:00",32,False
"13792",65,"2010-10-13 11:05:00",3,False
"15276",65,"2010-10-01 12:24:00",5,False
"15299",66,"2010-01-12 11:34:00",10,False
"13364",66,"2011-09-29 18:13:00",2,False
"14184",66,"2011-10-04 12:43:00",1,False
"12637",66,"2010-06-14 13:36:00",13,False
"16183",66,"2010-10-28 14:43:00",4,False
"15930",66,"2011-10-03 14:52:00",1,False
"13801",66,"2011-10-04 10:15:00",1,False
"15255",66,"2009-12-03 09:10:00",11,False
"16253",66,"2009-12-08 17:24:00",7,False
"16556",66,"2009-12-07 10:51:00",24,False
"12413",66,"2010-11-02 13:26:00",5,False
"13431",66,"2010-02-18 11:53:00",9,False
"16882",66,"2011-01-26 17:43:00",3,False
"15241",66,"2010-02-23 13:59:00",12,False
"16881",66,"2011-10-04 10:33:00",1,False
"14651",66,"2010-03-18 11:39:00",9,False
"16441",66,"2010-03-22 18:00:00",6,False
"14193",67,"2010-11-08 12:31:00",3,False
"18116",67,"2010-10-24 15:29:00",13,False
"16667",67,"2011-02-28 12:57:00",2,False
"13344",67,"2011-03-07 10:28:00",3,False
"16774",67,"2010-02-16 16:53:00",9,False
"12886",67,"2011-05-04 11:21:00",3,False
"13635",67,"2009-12-01 09:46:00",6,False
"14970",67,"2010-02-14 13:37:00",16,False
"13505",67,"2011-04-21 12:07:00",8,False
"16591",68,"2011-10-02 10:43:00",1,False
"15164",68,"2010-01-18 13:34:00",10,False
"15579",68,"2010-10-03 14:37:00",7,False
"15774",68,"2010-02-21 12:57:00",6,False
"16693",68,"2010-02-21 12:42:00",5,False
"16613",69,"2011-09-30 15:52:00",1,False
"18008",69,"2010-01-06 12:35:00",23,False
"17506",69,"2011-09-25 11:39:00",2,False
"15834",69,"2010-10-11 14:05:00",9,False
"12694",69,"2010-10-14 19:39:00",4,False
"15185",69,"2011-09-30 14:06:00",1,False
"13347",69,"2011-09-30 13:28:00",1,False
"16404",69,"2009-12-07 12:32:00",2,False
"13320",69,"2010-08-18 10:29:00",9,False
"12842",69,"2009-12-02 08:15:00",4,False
"17572",70,"2009-12-15 10:00:00",10,False
"14916",70,"2010-04-01 10:57:00",11,False
"12458",70,"2010-08-09 10:33:00",4,False
"13354",70,"2011-09-29 13:17:00",1,False
"14681",70,"2010-02-24 08:54:00",6,False
"13886",70,"2011-09-29 13:17:00",1,False
"17905",70,"2010-01-28 17:54:00",14,False
"15593",70,"2011-09-30 11:46:00",1,False
"16574",70,"2010-02-19 11:46:00",3,False
"14305",70,"2011-07-27 14:14:00",5,False
"13503",70,"2010-02-16 13:49:00",9,False
"12718",70,"2011-09-29 16:38:00",1,False
"13764",70,"2010-03-07 12:56:00",6,False
"15062",70,"2010-04-08 15:41:00",8,False
"16233",70,"2009-12-02 13:23:00",12,False
"14164",70,"2011-09-20 12:18:00",2,False
"13972",70,"2011-05-22 11:34:00",2,False
"13092",70,"2010-02-10 08:44:00",15,False
"12822",70,"2011-09-13 13:46:00",3,False
"12728",70,"2010-11-21 11:34:00",5,False
"16589",70,"2010-09-15 14:56:00",4,False
"16268",70,"2011-09-29 18:30:00",2,False
"13095",70,"2011-09-30 12:03:00",1,False
"18204",70,"2011-05-31 15:26:00",4,False
"17376",70,"2010-07-05 11:11:00",4,False
"14409",70,"2010-05-21 16:45:00",10,False
"17513",71,"2010-08-17 15:08:00",3,False
"17783",71,"2010-07-15 12:50:00",3,False
"16321",71,"2009-12-01 10:33:00",10,False
"17950",71,"2010-01-04 17:39:00",8,False
"13061",71,"2011-09-28 16:04:00",1,False
"16182",71,"2010-03-09 09:34:00",9,False
"14609",71,"2010-02-09 09:48:00",11,False
"18265",71,"2011-07-04 15:26:00",2,False
"17819",71,"2009-12-13 15:24:00",13,False
"18192",71,"2011-09-29 09:53:00",1,False
"15030",71,"2010-03-04 17:10:00",9,False
"15348",71,"2011-09-28 13:17:00",1,False
"15036",71,"2011-06-13 12:19:00",3,False
"17894",71,"2010-08-27 14:13:00",20,False
"13901",71,"2010-01-05 09:29:00",20,False
"12372",71,"2011-02-16 12:46:00",3,False
"16281",71,"2010-01-26 13:41:00",4,False
"13321",71,"2011-09-14 15:18:00",2,False
"14947",71,"2010-03-25 11:29:00",6,False
"16650",71,"2010-07-08 14:18:00",7,False
"12393",71,"2010-10-07 13:49:00",7,False
"15175",71,"2011-09-29 11:31:00",1,False
"17427",71,"2011-09-29 11:29:00",1,False
"13741",71,"2011-05-06 13:43:00",4,False
"18242",71,"2010-01-11 08:49:00",8,False
"14978",71,"2010-04-28 10:50:00",12,False
"18235",71,"2011-05-06 13:35:00",3,False
"14475",71,"2010-10-27 09:20:00",7,False
"17370",72,"2011-06-23 11:50:00",4,False
"15674",72,"2009-12-08 17:08:00",16,False
"15827",72,"2010-01-08 11:25:00",42,False
"16493",72,"2010-03-26 13:05:00",9,False
"13016",72,"2011-08-08 15:00:00",3,False
"13397",72,"2010-01-20 09:50:00",13,False
"16681",72,"2010-03-08 14:10:00",7,False
"17002",72,"2010-03-08 15:46:00",8,False
"12579",72,"2011-09-22 17:15:00",2,False
"13515",72,"2010-03-05 11:58:00",6,False
"12455",72,"2009-12-18 12:33:00",9,False
"13134",72,"2010-10-19 13:21:00",9,False
"16181",72,"2011-09-27 13:38:00",1,False
"17591",72,"2010-01-17 16:09:00",9,False
"12566",72,"2011-09-14 14:30:00",2,False
"13979",72,"2009-12-03 10:02:00",11,False
"14934",72,"2010-09-24 12:08:00",8,False
"17656",72,"2011-08-03 10:45:00",5,False
"16122",72,"2010-10-10 15:26:00",6,False
"17788",73,"2011-08-02 10:38:00",2,False
"14818",73,"2010-03-02 12:48:00",6,False
"12987",73,"2010-01-20 09:57:00",6,False
"17061",73,"2011-04-21 13:29:00",12,False
"13514",73,"2010-01-26 15:11:00",4,False
"13555",73,"2010-01-19 13:20:00",16,False
"17480",73,"2010-09-21 12:31:00",3,False
"16629",73,"2011-09-04 16:12:00",2,False
"14272",73,"2010-05-06 14:01:00",4,False
"15243",73,"2010-09-30 17:28:00",2,False
"17674",73,"2010-12-06 10:20:00",2,False
"16778",73,"2011-03-10 15:21:00",2,False
"15958",73,"2010-06-07 10:59:00",4,False
"14101",73,"2010-03-28 13:36:00",14,False
"14908",73,"2010-09-02 16:39:00",2,False
"16468",73,"2010-08-15 13:10:00",3,False
"13233",73,"2010-01-14 14:10:00",4,False
"16573",73,"2011-02-22 15:14:00",4,False
"13434",73,"2010-02-22 09:54:00",5,False
"17997",73,"2011-06-28 17:28:00",12,False
"18278",73,"2010-10-31 12:13:00",2,False
"15154",73,"2010-08-18 17:41:00",4,False
"13639",73,"2010-09-29 10:05:00",2,False
"17805",73,"2010-04-08 14:36:00",2,False
"13866",73,"2011-09-26 14:54:00",1,False
"14473",73,"2011-03-02 13:56:00",2,False
"16266",73,"2010-02-04 16:21:00",14,False
"16342",74,"2011-06-13 10:10:00",4,False
"16603",74,"2011-09-09 13:02:00",2,False
"16594",74,"2011-09-25 14:08:00",1,False
"12412",74,"2010-06-18 13:22:00",8,False
"12348",74,"2010-09-27 14:59:00",5,False
"13670",74,"2011-09-25 15:25:00",1,False
"14806",74,"2010-09-26 15:50:00",2,False
"14757",74,"2011-09-25 14:36:00",1,False
"18155",74,"2011-02-21 10:36:00",4,False
"14152",74,"2010-02-18 13:57:00",9,False
"18066",74,"2010-10-20 11:42:00",3,False
"15626",74,"2010-10-14 17:16:00",4,False
"12545",74,"2011-03-25 12:04:00",2,False
"17154",74,"2011-09-25 13:42:00",1,False
"16383",74,"2010-02-04 13:18:00",8,False
"12823",74,"2010-01-29 12:52:00",18,False
"13927",74,"2010-09-28 16:12:00",3,False
"13390",74,"2011-09-26 08:38:00",1,False
"16198",74,"2010-09-28 13:59:00",2,False
"15312",74,"2009-12-16 09:23:00",14,False
"15366",74,"2010-02-26 10:10:00",7,False
"14561",75,"2011-06-08 13:26:00",3,False
"13787",75,"2010-01-14 10:13:00",9,False
"16480",75,"2011-09-25 11:40:00",1,False
"15799",75,"2010-10-17 14:26:00",4,False
"17498",75,"2011-09-25 12:25:00",1,False
"16689",75,"2011-09-18 13:29:00",3,False
"15549",76,"2010-01-11 13:16:00",9,False
"14014",76,"2010-05-12 09:04:00",3,False
"15475",76,"2011-09-23 15:20:00",1,False
"16485",76,"2009-12-06 12:28:00",7,False
"16872",76,"2010-09-02 17:36:00",6,False
"14880",76,"2011-02-24 12:27:00",3,False
"14652",76,"2011-09-23 14:21:00",1,False
"15978",76,"2010-03-05 14:39:00",5,False
"13336",76,"2011-09-23 14:05:00",1,False
"16984",77,"2010-03-07 15:34:00",18,False
"17079",77,"2011-09-22 15:34:00",1,False
"15067",77,"2010-04-11 15:54:00",6,False
"12609",77,"2009-12-20 13:30:00",9,False
"14038",77,"2010-02-04 08:56:00",8,False
"17311",77,"2010-02-03 12:38:00",7,False
"15075",77,"2011-09-23 12:27:00",1,False
"18189",77,"2010-03-24 09:57:00",5,False
"16236",77,"2011-09-22 14:10:00",1,False
"16978",77,"2010-02-11 16:27:00",3,False
"12516",77,"2010-04-19 14:14:00",4,False
"16715",77,"2010-05-26 12:35:00",2,False
"14854",77,"2010-01-22 09:48:00",14,False
"12930",77,"2011-06-21 13:25:00",4,False
"13220",77,"2010-05-13 10:35:00",5,False
"17388",77,"2009-12-10 11:45:00",11,False
"17037",77,"2011-09-13 12:49:00",2,False
"15744",77,"2011-09-23 09:52:00",1,False
"12995",77,"2011-09-15 15:44:00",2,False
"12425",77,"2010-09-17 14:10:00",3,False
"13486",77,"2011-07-07 17:19:00",3,False
"13127",77,"2011-09-23 10:26:00",1,False
"17172",78,"2009-12-13 11:46:00",5,False
"12550",78,"2011-09-21 14:35:00",1,False
"15603",78,"2010-03-01 16:02:00",3,False
"15201",78,"2010-04-07 14:50:00",14,False
"17731",78,"2010-02-09 12:37:00",7,False
"13946",78,"2009-12-04 11:07:00",7,False
"12604",78,"2011-03-23 12:06:00",2,False
"17460",78,"2010-01-22 13:25:00",21,False
"17475",78,"2011-09-21 14:55:00",1,False
"13959",78,"2010-07-16 15:11:00",6,False
"14951",78,"2011-09-21 15:15:00",1,False
"15810",78,"2009-12-22 10:24:00",13,False
"17027",78,"2009-12-10 12:10:00",10,False
"12520",78,"2011-03-11 11:35:00",6,False
"15433",78,"2011-03-17 14:12:00",3,False
"12409",78,"2010-05-23 15:21:00",13,False
"16213",78,"2011-09-22 10:03:00",1,False
"14887",78,"2011-09-21 15:32:00",1,False
"16735",78,"2009-12-08 09:24:00",22,False
"12854",78,"2009-12-11 12:55:00",11,False
"16627",78,"2011-09-21 14:38:00",1,False
"13529",78,"2011-05-19 11:50:00",2,False
"15026",79,"2010-09-17 13:52:00",5,False
"12701",79,"2010-03-16 13:23:00",6,False
"13356",79,"2011-09-20 14:33:00",1,False
"16777",79,"2010-03-17 12:42:00",6,False
"15888",79,"2010-07-01 11:51:00",4,False
"17873",79,"2009-12-16 15:11:00",20,False
"13908",79,"2011-03-08 12:04:00",5,False
"12390",79,"2011-09-21 09:33:00",1,False
"16584",79,"2010-02-16 10:41:00",7,False
"13038",79,"2011-02-22 11:43:00",3,False
"12435",79,"2009-12-02 13:58:00",6,False
"17415",79,"2011-09-21 12:50:00",1,False
"16928",79,"2010-02-03 12:30:00",30,False
"16624",80,"2011-05-26 14:20:00",2,False
"14236",80,"2010-07-22 14:27:00",7,False
"15764",80,"2010-08-18 13:58:00",14,False
"16428",80,"2010-07-30 12:10:00",4,False
"17628",80,"2011-09-19 15:21:00",1,False
"13375",80,"2010-09-21 08:12:00",3,False
"13228",80,"2011-09-19 14:28:00",1,False
"18017",80,"2010-10-04 15:11:00",4,False
"15504",80,"2010-02-12 12:34:00",5,False
"15341",80,"2010-05-28 07:45:00",3,False
"16527",80,"2010-10-11 13:25:00",2,False
"15675",80,"2010-10-31 14:14:00",4,False
"16211",80,"2010-09-27 15:24:00",4,False
"16215",80,"2011-09-20 10:18:00",1,False
"17848",80,"2009-12-06 13:19:00",31,False
"12752",80,"2011-09-19 13:32:00",1,False
"18232",81,"2011-05-26 16:30:00",5,False
"18094",81,"2009-12-11 13:57:00",15,False
"17802",81,"2009-12-13 13:39:00",16,False
"16906",81,"2010-05-13 13:23:00",7,False
"13774",81,"2011-09-19 12:06:00",1,False
"12497",81,"2010-03-05 09:39:00",3,False
"16080",81,"2010-09-15 14:19:00",6,False
"12527",81,"2010-06-28 15:37:00",5,False
"16370",81,"2011-04-28 16:40:00",4,False
"17058",81,"2011-04-14 09:18:00",3,False
"13334",81,"2010-02-25 10:49:00",6,False
"13325",81,"2011-09-19 10:36:00",1,False
"13562",81,"2010-01-14 16:33:00",8,False
"12379",81,"2010-06-23 12:49:00",5,False
"13067",81,"2010-09-19 13:43:00",3,False
"15947",82,"2011-09-18 10:46:00",1,False
"12871",83,"2010-09-26 10:34:00",3,False
"15975",83,"2011-09-16 13:33:00",1,False
"14124",83,"2011-09-16 13:32:00",1,False
"15523",83,"2009-12-02 15:16:00",18,False
"15410",83,"2010-04-19 08:57:00",10,False
"15099",83,"2011-09-16 13:13:00",1,False
"13563",83,"2011-07-22 17:21:00",2,False
"14177",84,"2010-02-26 11:59:00",14,False
"14105",84,"2009-12-18 16:57:00",9,False
"15417",84,"2011-09-15 15:26:00",1,False
"12616",84,"2010-11-16 11:38:00",7,False
"16108",84,"2010-03-18 14:14:00",8,False
"17594",84,"2010-04-14 08:53:00",4,False
"12513",84,"2011-08-19 10:51:00",2,False
"13141",84,"2009-12-09 13:34:00",21,False
"15205",84,"2011-08-04 16:07:00",2,False
"14894",84,"2009-12-02 10:42:00",5,False
"15122",84,"2010-03-30 14:05:00",16,False
"17898",84,"2010-05-21 17:22:00",4,False
"12722",84,"2011-07-12 11:55:00",6,False
"15466",84,"2009-12-03 12:28:00",4,False
"16709",84,"2009-12-09 13:16:00",14,False
"12434",84,"2010-11-23 13:38:00",5,False
"17047",84,"2009-12-08 08:48:00",6,False
"17786",84,"2011-01-26 14:35:00",2,False
"14420",84,"2010-01-17 12:41:00",7,False
"17333",85,"2011-09-15 10:11:00",1,False
"17347",85,"2011-09-14 13:12:00",1,False
"13877",85,"2010-01-19 10:53:00",5,False
"14915",85,"2009-12-03 10:17:00",13,False
"13931",85,"2009-12-03 10:26:00",12,False
"13662",85,"2010-02-19 13:21:00",17,False
"13539",85,"2010-04-28 12:04:00",9,False
"16048",85,"2010-06-08 12:36:00",6,False
"17033",85,"2010-11-07 12:55:00",4,False
"13518",85,"2011-09-15 10:29:00",1,False
"12756",86,"2011-09-14 09:31:00",1,False
"17640",86,"2010-03-23 09:15:00",8,False
"14660",86,"2011-08-31 10:40:00",2,False
"14753",86,"2010-09-05 11:04:00",2,False
"14163",86,"2010-09-03 17:15:00",5,False
"16745",86,"2011-02-01 11:31:00",18,False
"18173",86,"2010-04-06 10:43:00",5,False
"18251",86,"2009-12-22 12:01:00",9,False
"15343",86,"2011-09-13 13:55:00",1,False
"16959",86,"2011-09-13 15:03:00",1,False
"16229",86,"2010-01-22 12:27:00",7,False
"16036",86,"2010-03-29 14:47:00",4,False
"15996",87,"2010-11-07 15:49:00",8,False
"17433",87,"2010-11-19 13:37:00",2,False
"17919",87,"2010-09-27 10:40:00",2,False
"14500",87,"2011-06-03 10:08:00",3,False
"13850",87,"2011-08-02 14:04:00",2,False
"16475",87,"2011-03-11 09:39:00",4,False
"12924",87,"2009-12-09 12:40:00",14,False
"16141",87,"2010-10-18 14:12:00",2,False
"15673",87,"2010-02-22 14:28:00",10,False
"16098",87,"2009-12-15 09:40:00",14,False
"16451",87,"2009-12-04 15:11:00",4,False
"14276",87,"2010-02-17 13:10:00",12,False
"12884",87,"2011-09-12 13:10:00",1,False
"15216",87,"2010-03-31 09:52:00",2,False
"12965",88,"2011-09-11 15:31:00",1,False
"16796",88,"2011-09-11 14:01:00",1,False
"15980",88,"2010-06-01 14:40:00",9,False
"14307",88,"2009-12-07 13:06:00",11,False
"16209",88,"2010-06-11 11:58:00",9,False
"18255",88,"2010-09-09 16:31:00",2,False
"18215",88,"2010-03-26 13:03:00",6,False
"13611",88,"2009-12-03 07:57:00",14,False
"16384",89,"2010-04-28 14:01:00",4,False
"14212",89,"2010-09-20 11:48:00",2,False
"13124",89,"2010-11-19 15:50:00",4,False
"13372",89,"2011-09-11 12:46:00",1,False
"15035",89,"2011-09-11 11:08:00",1,False
"15939",89,"2010-11-30 12:07:00",16,False
"15636",89,"2010-05-19 11:37:00",4,False
"14837",89,"2010-01-24 10:20:00",12,False
"12635",89,"2010-09-09 10:50:00",4,False
"14210",90,"2010-01-06 10:17:00",21,False
"16723",90,"2009-12-04 13:23:00",4,False
"15652",90,"2010-08-11 16:58:00",6,False
"14628",90,"2010-01-25 14:40:00",5,False
"12535",91,"2011-06-06 12:47:00",2,False
"14414",91,"2010-11-30 10:12:00",9,False
"13249",91,"2010-01-24 12:11:00",9,False
"15400",91,"2010-05-28 08:33:00",9,False
"14223",91,"2011-03-20 16:02:00",4,False
"12592",91,"2010-07-08 14:06:00",4,False
"16027",91,"2010-01-08 13:21:00",17,False
"16031",91,"2011-04-06 14:23:00",2,False
"16309",91,"2011-04-13 11:46:00",3,False
"13848",91,"2009-12-09 16:17:00",8,False
"13441",91,"2010-10-04 10:38:00",2,False
"15198",91,"2010-01-19 10:01:00",6,False
"15488",92,"2010-05-05 13:03:00",5,False
"13244",92,"2011-09-08 11:46:00",1,False
"18093",92,"2010-03-31 10:27:00",9,False
"15885",92,"2010-01-21 12:47:00",18,False
"18222",92,"2011-09-08 10:45:00",1,False
"15653",92,"2011-08-16 09:50:00",2,False
"13330",92,"2010-02-23 10:12:00",6,False
"13889",92,"2010-01-22 14:32:00",8,False
"15071",93,"2010-05-18 12:45:00",4,False
"16175",93,"2010-05-25 12:01:00",7,False
"15462",93,"2010-09-20 10:23:00",4,False
"17339",93,"2010-07-18 13:08:00",4,False
"13130",93,"2011-09-06 15:30:00",1,False
"13210",93,"2011-09-07 08:18:00",1,False
"13122",93,"2011-04-13 14:12:00",2,False
"14208",94,"2010-06-06 13:11:00",2,False
"18196",94,"2010-03-17 14:55:00",4,False
"15491",94,"2011-04-18 10:04:00",7,False
"17309",94,"2010-02-04 15:49:00",3,False
"16400",94,"2009-12-08 12:38:00",9,False
"13744",94,"2011-02-20 14:08:00",2,False
"13192",94,"2010-01-22 08:37:00",8,False
"17560",94,"2010-02-17 12:11:00",9,False
"13158",94,"2010-11-16 17:12:00",5,False
"16172",94,"2010-07-14 15:34:00",8,False
"14965",95,"2011-09-04 13:15:00",2,False
"15364",95,"2011-03-30 13:39:00",2,False
"13851",95,"2010-01-29 11:54:00",9,False
"17229",95,"2011-07-20 12:38:00",2,False
"12816",95,"2011-06-16 13:24:00",2,False
"13240",95,"2010-02-25 13:17:00",9,False
"13548",95,"2010-08-25 13:44:00",3,False
"17050",95,"2010-01-26 14:54:00",10,False
"12422",95,"2009-12-18 12:44:00",12,False
"12502",95,"2011-02-03 10:41:00",5,False
"15307",95,"2011-09-05 11:38:00",1,False
"17722",95,"2010-11-29 09:44:00",7,False
"14565",95,"2010-08-23 09:48:00",7,False
"13748",95,"2009-12-01 16:44:00",9,False
"16820",95,"2011-09-05 12:06:00",1,False
"16551",95,"2009-12-13 16:12:00",7,False
"16761",96,"2011-09-04 11:15:00",1,False
"17774",96,"2010-02-08 16:06:00",11,False
"12851",96,"2010-08-19 15:13:00",2,False
"12710",96,"2011-05-22 14:05:00",4,False
"14171",97,"2009-12-09 13:50:00",2,False
"14463",97,"2010-07-28 11:35:00",4,False
"15829",98,"2011-07-22 10:23:00",2,False
"13470",98,"2011-08-16 17:06:00",2,False
"12739",98,"2010-11-10 14:27:00",2,False
"13099",98,"2011-09-01 17:40:00",1,False
"16092",98,"2010-05-09 16:10:00",10,False
"13376",98,"2011-04-19 13:03:00",3,False
"16456",98,"2010-03-29 11:16:00",13,False
"13045",98,"2010-08-10 13:02:00",3,False
"16808",98,"2011-03-10 19:05:00",2,False
"14436",98,"2010-06-04 11:32:00",2,False
"18027",98,"2011-09-02 10:38:00",1,False
"17747",99,"2011-08-19 08:13:00",2,False
"13631",99,"2011-03-17 17:13:00",12,False
"12436",99,"2011-09-01 12:09:00",1,False
"16780",99,"2010-10-28 19:41:00",3,False
"13466",99,"2010-03-21 13:50:00",7,False
"15260",99,"2009-12-06 11:45:00",30,False
"16180",99,"2010-06-23 13:19:00",16,False
"15625",99,"2010-06-15 15:23:00",14,False
"17588",99,"2010-03-12 12:34:00",9,False
"17320",99,"2010-01-21 16:29:00",6,False
"15866",100,"2011-08-30 14:09:00",1,False
"15596",100,"2010-07-28 11:46:00",16,False
"14513",100,"2010-05-20 17:57:00",7,False
"16083",100,"2010-11-16 11:53:00",4,False
"17298",100,"2010-03-08 08:56:00",6,False
"14078",101,"2010-03-28 15:05:00",9,False
"12814",101,"2011-08-30 12:11:00",1,False
"13778",102,"2010-05-23 13:34:00",5,False
"16816",102,"2010-12-16 17:01:00",4,False
"16806",102,"2011-04-14 19:59:00",4,False
"15095",103,"2010-01-21 09:37:00",11,False
"13301",103,"2011-02-20 13:13:00",4,False
"15325",103,"2010-02-16 13:30:00",9,False
"15569",103,"2010-02-28 10:55:00",10,False
"14472",103,"2010-01-19 13:09:00",9,False
"15641",104,"2009-12-06 15:31:00",12,False
"15074",104,"2010-08-29 11:47:00",3,False
"13489",104,"2011-02-18 10:42:00",4,False
"18200",105,"2011-08-25 18:45:00",1,False
"17189",105,"2009-12-02 11:45:00",5,False
"13003",105,"2011-05-09 08:23:00",3,False
"14055",105,"2009-12-16 15:11:00",3,False
"15663",105,"2011-08-25 15:50:00",1,False
"12715",105,"2011-08-25 15:22:00",1,False
"16859",105,"2010-03-04 12:37:00",10,False
"12624",105,"2011-06-15 12:34:00",2,False
"17146",105,"2010-02-02 09:39:00",16,False
"16429",105,"2011-08-25 13:54:00",1,False
"16641",105,"2010-01-07 12:22:00",2,False
"16340",106,"2010-06-06 13:26:00",3,False
"17869",106,"2010-06-10 13:47:00",7,False
"17134",106,"2010-09-23 18:32:00",3,False
"17844",106,"2011-08-25 11:27:00",1,False
"14973",106,"2011-04-28 12:22:00",3,False
"14314",106,"2010-10-05 08:00:00",3,False
"13000",106,"2009-12-14 17:03:00",5,False
"14687",106,"2010-06-06 10:36:00",3,False
"15263",106,"2011-08-25 10:26:00",1,False
"14196",106,"2011-08-25 10:25:00",1,False
"12649",106,"2010-01-12 17:24:00",10,False
"15812",106,"2009-12-15 13:40:00",13,False
"13411",106,"2011-08-24 13:57:00",1,False
"14407",106,"2011-03-08 11:59:00",8,False
"17256",106,"2010-04-18 13:40:00",5,False
"16503",106,"2010-06-21 14:07:00",13,False
"15800",106,"2010-03-31 13:17:00",7,False
"16093",106,"2011-08-25 11:09:00",1,False
"16536",106,"2011-08-21 15:54:00",2,False
"13425",107,"2010-05-09 14:35:00",8,False
"14301",107,"2010-02-11 13:07:00",7,False
"12853",107,"2010-02-05 11:57:00",16,False
"13593",107,"2010-03-02 16:36:00",16,False
"16302",107,"2011-08-05 09:44:00",2,False
"13140",107,"2010-08-05 19:05:00",5,False
"17242",107,"2010-01-24 10:27:00",5,False
"18018",107,"2010-10-15 11:05:00",5,False
"14523",107,"2011-08-23 13:13:00",1,False
"17268",107,"2009-12-08 11:46:00",11,False
"16550",108,"2009-12-02 11:24:00",29,False
"17083",108,"2009-12-11 13:41:00",11,False
"14265",108,"2010-04-06 14:39:00",4,False
"12593",108,"2011-05-05 09:29:00",3,False
"14930",108,"2010-04-12 11:22:00",9,False
"14364",108,"2011-05-12 12:56:00",8,False
"17585",108,"2010-08-18 16:39:00",7,False
"13933",108,"2011-07-14 13:35:00",2,False
"14045",108,"2010-01-08 10:08:00",19,False
"16952",108,"2009-12-11 13:52:00",5,False
"14224",109,"2010-06-13 13:46:00",9,False
"14013",109,"2009-12-07 18:09:00",6,False
"12363",109,"2011-04-11 13:29:00",2,False
"14460",109,"2009-12-15 19:06:00",12,False
"15313",109,"2011-08-21 16:02:00",1,False
"14246",110,"2011-04-08 08:25:00",3,False
"14566",110,"2010-06-24 10:34:00",4,False
"17029",110,"2010-02-14 10:19:00",7,False
"16828",111,"2011-08-19 13:24:00",1,False
"15938",111,"2010-06-01 09:42:00",9,False
"12968",111,"2011-08-19 15:44:00",1,False
"14772",111,"2011-08-19 15:04:00",1,False
"13242",111,"2010-02-09 13:12:00",7,False
"15232",112,"2011-07-22 12:21:00",2,False
"15472",112,"2011-08-18 15:17:00",1,False
"14745",112,"2010-03-12 10:33:00",17,False
"15797",112,"2010-01-27 13:12:00",5,False
"17045",112,"2010-10-06 14:52:00",5,False
"15396",112,"2010-05-05 09:04:00",2,False
"17742",112,"2009-12-01 13:16:00",11,False
"16582",112,"2011-08-18 17:02:00",1,False
"13273",112,"2011-08-18 14:02:00",1,False
"12418",112,"2010-03-19 14:47:00",5,False
"16419",112,"2010-02-09 13:26:00",9,False
"13027",113,"2010-01-20 10:41:00",20,False
"13655",113,"2010-04-27 09:59:00",8,False
"17070",113,"2010-10-25 15:57:00",2,False
"18178",113,"2010-02-18 14:25:00",15,False
"18073",113,"2011-05-26 19:38:00",13,False
"15541",113,"2011-08-17 14:58:00",1,False
"12688",113,"2011-08-18 08:49:00",1,False
"18248",113,"2011-06-06 13:18:00",4,False
"12729",113,"2011-08-18 11:40:00",1,False
"16755",113,"2009-12-09 14:25:00",10,False
"15734",114,"2010-06-10 14:25:00",4,False
"14323",114,"2011-04-15 11:44:00",4,False
"12641",114,"2011-08-16 13:26:00",1,False
"17398",114,"2011-03-29 13:04:00",3,False
"17048",114,"2010-01-18 13:55:00",11,False
"16927",115,"2010-12-13 11:57:00",3,False
"15480",115,"2010-02-01 14:52:00",3,False
"14006",115,"2010-02-25 09:45:00",7,False
"15768",115,"2009-12-03 12:10:00",35,False
"16961",115,"2009-12-04 09:37:00",6,False
"15342",115,"2011-08-02 10:19:00",2,False
"15002",115,"2010-01-12 11:40:00",9,False
"14918",115,"2010-04-08 11:18:00",9,False
"16902",115,"2011-08-15 14:17:00",1,False
"16272",116,"2011-08-15 10:53:00",1,False
"13116",116,"2011-07-24 14:33:00",2,False
"12758",116,"2009-12-01 14:40:00",8,False
"17958",116,"2009-12-11 15:37:00",2,False
"18143",116,"2011-07-21 10:44:00",2,False
"15624",116,"2011-03-28 13:32:00",4,False
"13621",116,"2011-08-15 08:26:00",1,False
"13720",116,"2011-03-30 09:17:00",4,False
"13799",116,"2010-03-05 16:39:00",13,False
"15683",116,"2010-08-23 12:01:00",2,False
"17252",116,"2011-06-06 16:41:00",2,False
"16292",116,"2010-04-14 13:29:00",9,False
"12399",118,"2010-03-05 08:45:00",7,False
"14855",118,"2010-04-08 10:30:00",7,False
"17122",118,"2010-07-28 09:34:00",4,False
"14406",118,"2011-08-12 16:54:00",1,False
"16045",119,"2010-07-29 12:50:00",9,False
"15192",119,"2010-01-29 10:13:00",5,False
"13888",119,"2010-05-13 11:57:00",7,False
"16317",119,"2010-05-04 10:17:00",6,False
"13873",119,"2010-03-03 12:31:00",9,False
"13307",119,"2010-04-26 13:28:00",3,False
"17248",119,"2010-08-15 11:55:00",2,False
"13645",119,"2011-08-11 16:11:00",1,False
"17642",119,"2009-12-05 16:01:00",5,False
"15689",119,"2010-04-01 09:53:00",3,False
"13722",119,"2010-03-03 14:13:00",11,False
"17429",120,"2010-10-06 12:30:00",7,False
"13388",120,"2010-04-15 10:18:00",4,False
"14346",120,"2010-07-30 10:44:00",5,False
"12693",120,"2010-07-05 13:56:00",11,False
"14024",121,"2010-11-14 10:51:00",3,False
"12929",121,"2011-02-01 12:08:00",2,False
"13280",121,"2010-03-05 09:07:00",8,False
"13162",121,"2009-12-04 13:59:00",19,False
"17994",121,"2010-03-29 10:37:00",14,False
"15247",121,"2010-06-20 14:08:00",4,False
"13355",121,"2011-08-09 14:48:00",1,False
"13217",121,"2010-02-22 12:49:00",6,False
"15985",122,"2010-05-27 15:51:00",8,False
"16951",122,"2011-02-08 14:58:00",4,False
"13869",122,"2010-01-17 14:53:00",10,False
"14127",122,"2010-10-10 11:53:00",6,False
"16788",122,"2010-02-07 12:40:00",5,False
"17085",122,"2009-12-06 12:16:00",32,False
"13752",123,"2010-06-30 10:23:00",7,False
"14331",123,"2011-07-27 15:14:00",2,False
"14053",123,"2010-08-10 11:02:00",4,False
"17331",123,"2011-08-08 11:55:00",1,False
"14079",124,"2011-08-07 12:10:00",1,False
"13248",124,"2011-06-03 13:05:00",2,False
"16174",125,"2010-04-15 15:12:00",7,False
"17400",125,"2009-12-17 15:41:00",8,False
"13082",125,"2009-12-22 15:37:00",25,False
"14344",126,"2010-03-23 15:47:00",20,False
"17457",126,"2009-12-07 14:52:00",18,False
"13218",126,"2011-08-04 16:59:00",1,False
"17692",126,"2010-06-17 11:14:00",14,False
"13402",126,"2010-05-24 10:56:00",4,False
"16572",126,"2011-03-09 12:04:00",4,False
"17723",126,"2010-11-29 10:35:00",7,False
"18099",126,"2011-08-04 15:52:00",1,False
"17267",126,"2011-08-04 17:19:00",2,False
"14778",126,"2011-02-04 11:43:00",2,False
"15254",126,"2009-12-01 14:20:00",4,False
"13513",126,"2010-02-22 16:36:00",4,False
"17514",127,"2010-02-08 14:00:00",2,False
"16835",127,"2010-05-19 08:41:00",10,False
"15133",127,"2010-07-07 12:31:00",5,False
"12643",127,"2010-04-07 14:16:00",13,False
"12917",127,"2009-12-09 14:22:00",8,False
"14972",127,"2010-11-23 16:17:00",2,False
"16324",127,"2011-06-15 14:26:00",3,False
"17887",128,"2011-08-02 17:29:00",1,False
"17053",128,"2011-08-01 10:23:00",2,False
"14076",128,"2011-08-02 15:19:00",1,False
"15374",128,"2010-03-25 12:03:00",2,False
"12750",128,"2011-08-03 09:13:00",1,False
"13106",128,"2010-10-22 13:10:00",3,False
"17353",128,"2010-01-26 11:38:00",7,False
"15120",129,"2011-07-29 09:48:00",2,False
"12644",129,"2010-01-14 13:02:00",6,False
"14403",129,"2010-03-10 14:00:00",9,False
"17615",129,"2010-08-11 12:54:00",7,False
"17553",129,"2010-04-08 09:44:00",4,False
"17282",129,"2010-06-09 12:07:00",5,False
"13075",129,"2011-08-02 10:19:00",1,False
"14133",129,"2009-12-06 12:10:00",6,False
"12378",129,"2010-05-26 14:07:00",2,False
"12534",130,"2011-08-01 10:26:00",1,False
"12942",130,"2010-12-09 09:34:00",3,False
"15438",130,"2011-07-31 14:19:00",1,False
"17941",130,"2010-01-06 15:37:00",4,False
"17695",131,"2010-01-28 09:27:00",6,False
"14885",131,"2010-08-31 10:11:00",4,False
"17926",132,"2010-05-09 14:07:00",5,False
"15776",132,"2011-07-29 13:46:00",1,False
"18064",132,"2010-02-01 15:01:00",15,False
"17931",133,"2010-02-16 15:47:00",18,False
"14143",133,"2011-07-29 09:48:00",1,False
"15149",133,"2010-02-28 11:13:00",4,False
"15245",133,"2010-04-23 14:23:00",8,False
"16147",133,"2010-02-05 12:26:00",7,False
"15118",133,"2011-07-28 14:54:00",1,False
"18268",133,"2009-12-11 10:27:00",8,False
"15942",133,"2011-07-29 09:01:00",1,False
"12743",133,"2011-07-28 16:06:00",2,False
"13414",133,"2009-12-08 17:10:00",7,False
"12507",133,"2010-05-04 09:23:00",5,False
"14002",133,"2011-07-06 14:59:00",2,False
"12453",133,"2011-07-28 14:08:00",1,False
"15639",133,"2010-04-13 13:11:00",5,False
"15746",133,"2011-07-28 15:21:00",2,False
"17649",134,"2010-08-24 13:01:00",5,False
"18151",134,"2010-03-04 10:47:00",7,False
"13420",134,"2011-06-22 11:35:00",4,False
"16696",134,"2011-04-05 15:20:00",4,False
"15261",134,"2010-10-01 11:59:00",4,False
"13730",135,"2011-07-01 12:47:00",2,False
"16447",135,"2010-02-17 14:09:00",3,False
"13194",135,"2010-10-14 11:54:00",2,False
"17693",135,"2011-07-25 15:48:00",3,False
"13492",135,"2011-05-09 10:06:00",3,False
"13296",136,"2010-05-11 14:29:00",6,False
"14692",136,"2010-04-01 14:04:00",13,False
"15855",136,"2010-08-20 17:15:00",6,False
"15372",136,"2010-02-14 11:24:00",10,False
"12763",137,"2010-12-05 15:46:00",2,False
"14100",137,"2011-07-25 11:01:00",1,False
"13037",137,"2009-12-03 17:04:00",16,False
"17040",137,"2010-06-07 15:08:00",2,False
"12864",137,"2010-07-19 17:22:00",2,False
"13802",137,"2010-02-16 10:11:00",24,False
"16178",137,"2010-11-03 14:46:00",2,False
"17935",137,"2009-12-04 14:33:00",8,False
"16305",138,"2011-07-24 12:18:00",1,False
"16948",138,"2010-02-21 13:48:00",7,False
"17265",138,"2011-06-12 12:00:00",2,False
"17312",138,"2011-07-03 13:12:00",3,False
"12916",138,"2010-01-24 11:26:00",8,False
"15704",139,"2010-05-05 14:51:00",7,False
"18262",139,"2010-04-16 09:05:00",3,False
"17660",140,"2009-12-02 16:02:00",2,False
"18146",140,"2011-05-03 16:35:00",2,False
"15623",140,"2009-12-10 14:46:00",8,False
"16866",140,"2011-07-01 12:34:00",3,False
"14400",140,"2010-03-18 12:11:00",5,False
"16654",140,"2010-04-06 13:29:00",9,False
"15108",141,"2011-04-26 10:54:00",4,False
"14259",141,"2011-07-21 10:44:00",1,False
"17962",141,"2010-01-13 15:24:00",5,False
"17694",141,"2010-05-26 08:27:00",3,False
"17866",142,"2009-12-14 16:01:00",4,False
"12521",142,"2011-07-20 10:51:00",1,False
"12468",142,"2010-01-19 12:13:00",10,False
"12510",142,"2009-12-04 13:47:00",9,False
"16807",142,"2010-02-26 15:52:00",8,False
"12875",142,"2010-01-11 12:37:00",5,False
"16112",142,"2011-01-05 11:47:00",4,False
"15713",142,"2009-12-16 09:41:00",6,False
"14117",143,"2011-07-19 09:49:00",1,False
"12947",143,"2010-12-01 16:21:00",11,False
"18087",143,"2009-12-01 09:43:00",19,False
"12840",143,"2010-02-03 14:51:00",11,False
"16054",144,"2010-04-01 18:37:00",7,False
"12833",144,"2011-07-17 13:46:00",1,False
"14758",144,"2010-04-08 08:27:00",7,False
"16398",144,"2011-03-31 09:38:00",4,False
"17984",144,"2009-12-01 11:51:00",5,False
"13821",144,"2010-01-04 13:36:00",7,False
"15716",145,"2009-12-07 12:42:00",11,False
"13967",145,"2010-11-08 13:24:00",2,False
"15004",146,"2011-07-15 14:05:00",1,False
"14958",146,"2009-12-03 16:02:00",6,False
"14722",146,"2010-08-10 13:28:00",3,False
"17948",146,"2011-07-15 12:58:00",1,False
"14461",147,"2010-01-18 12:48:00",14,False
"17259",147,"2010-02-22 13:38:00",6,False
"12815",147,"2011-05-25 13:34:00",2,False
"14891",147,"2010-09-29 12:41:00",4,False
"17440",147,"2010-06-08 14:40:00",6,False
"13667",148,"2011-07-13 15:42:00",1,False
"15256",148,"2010-05-27 11:41:00",2,False
"14847",148,"2010-05-24 12:29:00",4,False
"15402",148,"2010-04-27 12:12:00",7,False
"12405",148,"2011-07-14 08:52:00",1,False
"12915",148,"2010-04-29 19:36:00",8,False
"18121",148,"2011-07-08 12:14:00",2,False
"12653",148,"2010-07-01 09:56:00",3,False
"16450",149,"2009-12-10 19:05:00",4,False
"14483",149,"2009-12-03 10:16:00",3,False
"16998",149,"2010-09-21 14:39:00",6,False
"15795",149,"2010-01-18 11:31:00",8,False
"15895",149,"2011-07-13 10:27:00",1,False
"14548",150,"2009-12-06 14:00:00",9,False
"15265",150,"2009-12-01 17:08:00",4,False
"18142",150,"2011-05-08 12:31:00",4,False
"18193",150,"2010-09-23 13:33:00",5,False
"12669",150,"2011-03-28 10:15:00",2,False
"12717",150,"2010-04-28 14:34:00",3,False
"13745",150,"2010-06-11 17:19:00",4,False
"17337",150,"2011-02-02 17:06:00",7,False
"13675",150,"2011-02-28 12:14:00",2,False
"14267",150,"2009-12-08 19:09:00",9,False
"15577",150,"2009-12-13 16:17:00",5,False
"15045",151,"2011-03-27 11:44:00",3,False
"17126",151,"2010-08-31 13:41:00",11,False
"13678",151,"2011-07-11 10:14:00",1,False
"13754",151,"2010-09-28 15:29:00",3,False
"17444",151,"2011-06-20 09:04:00",2,False
"14552",151,"2010-04-26 13:44:00",3,False
"17787",152,"2010-12-03 13:43:00",4,False
"18024",152,"2011-07-10 12:28:00",3,False
"13338",153,"2010-01-05 12:25:00",9,False
"14016",153,"2010-01-08 14:12:00",13,False
"15920",153,"2009-12-14 13:09:00",8,False
"18037",153,"2009-12-01 13:48:00",15,False
"14905",153,"2009-12-03 14:36:00",10,False
"15182",153,"2010-01-29 14:48:00",14,False
"13955",153,"2010-11-29 17:35:00",3,False
"14021",154,"2010-04-26 11:22:00",7,False
"13302",154,"2010-07-01 12:32:00",2,False
"14264",154,"2010-04-07 13:21:00",8,False
"12648",154,"2010-01-07 18:38:00",5,False
"18013",154,"2011-07-07 14:08:00",2,False
"13699",154,"2010-06-07 13:03:00",3,False
"18072",154,"2011-06-07 10:44:00",2,False
"16581",154,"2011-06-10 10:05:00",2,False
"14104",154,"2010-05-28 16:11:00",5,False
"14459",154,"2010-02-26 13:26:00",2,False
"16091",154,"2011-05-25 09:18:00",2,False
"12461",154,"2011-07-08 10:23:00",1,False
"15512",155,"2010-02-01 13:23:00",4,False
"12980",155,"2009-12-02 11:26:00",26,False
"13291",155,"2010-02-11 18:36:00",11,False
"15581",155,"2009-12-02 12:19:00",37,False
"12450",155,"2010-08-22 13:11:00",7,False
"16919",155,"2010-08-19 15:28:00",28,False
"12977",155,"2010-07-16 16:25:00",4,False
"13583",155,"2010-01-29 13:53:00",2,False
"14645",156,"2010-03-15 11:33:00",4,False
"16829",156,"2010-11-16 18:11:00",2,False
"16146",156,"2010-09-17 10:46:00",4,False
"13253",156,"2010-01-05 12:13:00",4,False
"16338",156,"2011-07-05 13:56:00",1,False
"18203",156,"2009-12-08 13:19:00",4,False
"17341",156,"2010-06-17 18:17:00",5,False
"17046",156,"2010-03-29 13:46:00",5,False
"15334",156,"2011-06-19 13:51:00",3,False
"15889",156,"2009-12-10 12:21:00",9,False
"14352",156,"2011-03-11 14:58:00",4,False
"13826",157,"2011-06-16 13:48:00",2,False
"14338",157,"2010-06-21 10:32:00",5,False
"15646",157,"2010-10-25 13:06:00",6,False
"15349",157,"2011-06-05 15:46:00",2,False
"13085",157,"2009-12-01 07:45:00",9,False
"17464",157,"2010-03-30 13:15:00",4,False
"16344",157,"2010-02-09 12:16:00",4,False
"13833",158,"2010-10-31 14:11:00",2,False
"17765",158,"2010-09-17 12:45:00",4,False
"17105",158,"2011-02-06 14:46:00",2,False
"17781",158,"2011-03-31 19:54:00",2,False
"15007",158,"2011-07-03 16:00:00",1,False
"17899",158,"2011-07-03 14:58:00",1,False
"17939",159,"2011-07-03 12:27:00",1,False
"15483",160,"2010-01-24 15:42:00",10,False
"16498",160,"2011-06-30 19:52:00",3,False
"12922",160,"2011-07-01 15:35:00",1,False
"17123",161,"2010-05-16 11:52:00",3,False
"14803",161,"2011-02-20 13:21:00",3,False
"17891",161,"2011-06-30 20:08:00",1,False
"15578",161,"2011-06-30 13:03:00",1,False
"17505",161,"2010-04-13 16:33:00",5,False
"16553",162,"2010-02-11 18:46:00",36,False
"16801",162,"2011-03-11 13:56:00",5,False
"14327",162,"2010-01-08 14:04:00",6,False
"12424",162,"2009-12-07 14:43:00",7,False
"15537",162,"2011-06-29 13:10:00",1,False
"17408",162,"2010-07-13 14:02:00",4,False
"17391",163,"2011-06-28 12:21:00",2,False
"15976",164,"2010-06-06 14:01:00",6,False
"16545",164,"2010-11-29 10:39:00",2,False
"14351",164,"2011-06-28 11:56:00",1,False
"13300",164,"2010-05-14 15:56:00",5,False
"16473",164,"2010-11-30 16:29:00",5,False
"17900",164,"2011-06-02 14:28:00",4,False
"13656",164,"2010-04-23 12:50:00",7,False
"14481",164,"2010-01-31 12:43:00",5,False
"17110",164,"2010-04-08 13:32:00",3,False
"15146",164,"2011-02-21 13:07:00",3,False
"12493",165,"2011-05-26 14:53:00",3,False
"17980",165,"2010-11-11 14:42:00",4,False
"15644",165,"2011-03-23 15:37:00",4,False
"13453",165,"2010-11-02 13:23:00",5,False
"17969",165,"2009-12-06 13:41:00",27,False
"14795",165,"2011-06-26 13:04:00",1,False
"12548",165,"2011-06-26 15:35:00",1,False
"15104",166,"2011-03-02 14:16:00",3,False
"15665",167,"2010-03-14 15:07:00",5,False
"12809",167,"2010-03-02 14:19:00",8,False
"13856",168,"2010-03-30 15:40:00",15,False
"13937",168,"2010-11-02 12:37:00",3,False
"14656",168,"2010-04-15 12:10:00",5,False
"17704",168,"2011-04-14 09:28:00",2,False
"13929",168,"2010-01-14 07:25:00",14,False
"17204",168,"2010-06-10 11:37:00",15,False
"15258",168,"2011-05-06 14:16:00",2,False
"15379",168,"2010-11-04 11:59:00",9,False
"14584",168,"2010-02-17 14:01:00",9,False
"15384",169,"2010-04-26 12:38:00",5,False
"16247",169,"2011-06-22 14:23:00",1,False
"14998",169,"2010-04-13 16:07:00",4,False
"17709",169,"2010-04-15 14:48:00",5,False
"17877",169,"2011-06-22 13:00:00",1,False
"16647",169,"2010-06-13 15:52:00",4,False
"15041",169,"2010-09-21 13:16:00",2,False
"14643",169,"2009-12-11 11:52:00",6,False
"16287",169,"2010-01-19 09:46:00",5,False
"15130",169,"2011-06-23 10:15:00",1,False
"17630",169,"2011-04-21 14:03:00",2,False
"15412",170,"2011-06-21 15:24:00",1,False
"13936",170,"2010-10-21 14:21:00",4,False
"16214",170,"2010-09-30 13:57:00",4,False
"16114",170,"2011-06-22 10:13:00",1,False
"17960",170,"2010-03-08 12:22:00",3,False
"15825",171,"2011-06-20 13:27:00",1,False
"15700",171,"2011-06-19 15:36:00",3,False
"16526",171,"2010-05-04 16:34:00",2,False
"15280",171,"2010-05-17 14:17:00",3,False
"15389",171,"2010-01-27 12:44:00",5,False
"15507",171,"2011-06-21 11:19:00",1,False
"16739",171,"2010-06-21 09:38:00",4,False
"16320",171,"2010-01-27 13:29:00",7,False
"17897",172,"2010-05-12 16:03:00",10,False
"18260",172,"2009-12-15 13:50:00",32,False
"15016",172,"2010-06-14 13:06:00",6,False
"15076",172,"2010-07-05 14:11:00",5,False
"18062",172,"2010-04-21 08:55:00",9,False
"15535",172,"2010-09-16 20:04:00",10,False
"12837",172,"2010-05-19 15:10:00",2,False
"15921",172,"2010-03-09 11:03:00",4,False
"13343",172,"2011-06-15 12:24:00",2,False
"13568",172,"2011-06-19 14:42:00",1,False
"16050",173,"2010-11-03 15:55:00",3,False
"13618",173,"2011-06-19 11:09:00",1,False
"17616",173,"2010-09-14 10:43:00",4,False
"16805",173,"2009-12-14 15:17:00",4,False
"17879",173,"2011-06-19 12:36:00",1,False
"16484",173,"2011-06-02 10:39:00",3,False
"14162",173,"2011-02-20 12:32:00",2,False
"13005",173,"2010-09-08 12:52:00",6,False
"15909",173,"2011-06-19 10:38:00",1,False
"14491",174,"2010-12-02 12:10:00",2,False
"18168",175,"2009-12-03 17:29:00",22,False
"12908",175,"2010-03-19 15:59:00",6,False
"13951",175,"2011-02-18 15:21:00",3,False
"15219",175,"2010-03-01 11:33:00",2,False
"14245",175,"2011-03-21 10:41:00",5,False
"14037",175,"2009-12-07 11:39:00",7,False
"16257",176,"2011-06-16 10:11:00",1,False
"17446",176,"2011-02-02 14:40:00",2,False
"17536",176,"2010-01-26 12:00:00",3,False
"18165",176,"2011-06-15 13:23:00",1,False
"15585",176,"2011-06-16 08:38:00",1,False
"14222",176,"2011-06-15 16:42:00",1,False
"16276",176,"2010-04-11 12:02:00",3,False
"15912",177,"2009-12-10 12:58:00",9,False
"17179",177,"2010-05-26 11:22:00",6,False
"17749",177,"2010-06-11 14:56:00",3,False
"15574",177,"2010-09-01 14:37:00",7,False
"12818",177,"2011-03-23 12:06:00",2,False
"16644",177,"2011-05-11 12:53:00",2,False
"16461",177,"2010-03-03 13:57:00",3,False
"15643",178,"2011-03-02 14:34:00",6,False
"13080",178,"2010-04-09 13:07:00",5,False
"15069",178,"2011-06-13 14:16:00",1,False
"13476",178,"2010-03-05 09:39:00",7,False
"14231",178,"2010-09-15 09:52:00",6,False
"13663",178,"2010-03-03 10:11:00",6,False
"17349",178,"2010-03-18 14:26:00",5,False
"14573",179,"2010-01-08 16:34:00",17,False
"12732",179,"2011-06-13 11:33:00",1,False
"14823",179,"2011-05-29 12:48:00",3,False
"17795",179,"2011-03-20 12:02:00",2,False
"14450",180,"2010-04-08 12:09:00",7,False
"18281",180,"2010-05-11 10:49:00",2,False
"15098",181,"2011-06-10 15:22:00",4,False
"17234",182,"2011-06-10 11:20:00",1,False
"13462",182,"2009-12-14 09:48:00",6,False
"15609",182,"2011-06-08 13:00:00",2,False
"16113",182,"2011-06-09 16:16:00",1,False
"13533",182,"2011-03-17 12:47:00",3,False
"13900",182,"2010-03-25 13:46:00",7,False
"16614",182,"2010-05-10 15:18:00",3,False
"13686",182,"2010-11-03 13:44:00",3,False
"12802",183,"2010-05-25 09:34:00",7,False
"15780",183,"2010-12-17 11:43:00",3,False
"16832",183,"2010-09-07 12:35:00",5,False
"13811",183,"2011-04-14 18:40:00",2,False
"14241",183,"2010-01-12 15:11:00",2,False
"17124",184,"2011-06-07 14:02:00",1,False
"17854",184,"2009-12-08 11:13:00",6,False
"17987",184,"2010-06-07 11:23:00",6,False
"13395",184,"2010-10-14 13:00:00",3,False
"17409",184,"2009-12-11 12:17:00",10,False
"16763",184,"2009-12-01 15:26:00",3,False
"14625",184,"2009-12-11 14:10:00",18,False
"17874",184,"2011-03-29 11:25:00",7,False
"14622",184,"2011-06-08 12:42:00",1,False
"17026",184,"2010-10-18 15:22:00",3,False
"14375",184,"2010-06-16 14:34:00",3,False
"17707",184,"2009-12-07 12:19:00",9,False
"16955",184,"2009-12-01 12:44:00",9,False
"12383",184,"2010-12-22 14:28:00",6,False
"14867",185,"2009-12-05 15:47:00",19,False
"12891",185,"2010-02-18 14:32:00",12,False
"15386",185,"2011-06-06 13:47:00",1,False
"14542",185,"2011-06-07 08:19:00",1,False
"16520",185,"2010-03-02 16:40:00",8,False
"16611",185,"2010-03-10 16:07:00",7,False
"12868",185,"2010-11-12 10:05:00",8,False
"15852",186,"2010-07-01 10:16:00",3,False
"16963",186,"2011-06-05 13:48:00",1,False
"16883",186,"2009-12-04 12:07:00",20,False
"16849",186,"2011-06-06 09:16:00",1,False
"13682",186,"2011-06-05 14:06:00",1,False
"17708",187,"2010-10-12 12:13:00",4,False
"14512",187,"2009-12-07 13:49:00",7,False
"14682",187,"2010-02-05 14:47:00",6,False
"15405",188,"2010-05-12 15:56:00",2,False
"16967",188,"2011-06-03 14:24:00",1,False
"16659",188,"2011-06-03 15:03:00",1,False
"15508",188,"2011-04-18 15:31:00",6,False
"13885",188,"2011-05-23 08:52:00",2,False
"13294",189,"2010-03-03 12:54:00",3,False
"14453",189,"2011-06-02 14:15:00",1,False
"15658",189,"2009-12-03 11:19:00",13,False
"12601",189,"2010-10-31 10:57:00",7,False
"12590",189,"2010-04-12 07:20:00",4,False
"16117",189,"2010-04-27 11:50:00",4,False
"16230",189,"2011-05-03 15:12:00",2,False
"17531",189,"2009-12-08 17:30:00",8,False
"17375",189,"2010-10-04 09:14:00",5,False
"16529",189,"2010-06-27 13:29:00",4,False
"17820",190,"2010-11-30 17:43:00",3,False
"17472",190,"2010-03-21 13:27:00",4,False
"16449",190,"2011-03-04 12:15:00",3,False
"15918",190,"2010-03-18 11:40:00",3,False
"17578",190,"2010-06-28 11:55:00",10,False
"16424",190,"2010-11-22 11:24:00",3,False
"14377",190,"2011-03-22 13:38:00",2,False
"13475",190,"2011-02-14 12:36:00",4,False
"13062",190,"2011-06-01 15:12:00",1,False
"14740",190,"2010-02-25 11:40:00",13,False
"13398",191,"2010-09-17 09:34:00",2,False
"18231",191,"2010-01-10 12:13:00",30,False
"13070",191,"2009-12-02 12:23:00",5,False
"18190",191,"2009-12-22 12:05:00",6,False
"17454",191,"2010-01-15 15:40:00",11,False
"16483",191,"2011-05-31 13:08:00",1,False
"16810",191,"2010-10-15 15:32:00",4,False
"12790",191,"2010-10-25 13:04:00",3,False
"16567",193,"2011-01-07 09:31:00",2,False
"15925",193,"2011-05-29 15:35:00",1,False
"17051",193,"2010-03-21 14:55:00",4,False
"15897",193,"2011-05-29 13:32:00",2,False
"17152",194,"2010-10-10 12:40:00",5,False
"12426",194,"2010-02-15 08:41:00",3,False
"16889",194,"2010-05-23 10:46:00",6,False
"16323",195,"2010-05-11 09:48:00",2,False
"16034",195,"2010-10-26 13:00:00",7,False
"12999",195,"2011-04-08 10:26:00",3,False
"16275",196,"2010-03-08 14:41:00",3,False
"17550",196,"2010-02-07 15:07:00",10,False
"13135",196,"2010-08-05 17:28:00",2,False
"14828",196,"2009-12-07 11:19:00",14,False
"13659",196,"2010-02-17 09:05:00",17,False
"14816",196,"2011-05-26 13:16:00",1,False
"16838",196,"2010-02-14 15:27:00",6,False
"14280",196,"2011-05-27 10:37:00",1,False
"15729",197,"2010-11-01 13:44:00",5,False
"13479",197,"2010-08-19 16:18:00",7,False
"16448",197,"2010-08-25 16:58:00",2,False
"16356",197,"2010-06-06 11:26:00",7,False
"14009",197,"2010-09-03 12:08:00",4,False
"12974",197,"2010-05-23 11:45:00",2,False
"12547",197,"2010-07-27 13:55:00",3,False
"14985",197,"2010-12-16 19:51:00",2,False
"17770",198,"2011-03-02 13:35:00",5,False
"15042",198,"2010-04-23 14:01:00",2,False
"14705",198,"2011-05-25 12:39:00",1,False
"15314",198,"2010-10-07 15:41:00",4,False
"15882",198,"2009-12-10 15:33:00",10,False
"17955",198,"2010-02-12 16:27:00",6,False
"13737",199,"2011-05-23 16:32:00",1,False
"14817",199,"2009-12-08 18:52:00",9,False
"18202",199,"2011-02-01 13:36:00",3,False
"13223",199,"2010-02-12 13:27:00",6,False
"13339",200,"2011-05-23 08:31:00",1,False
"14647",200,"2010-07-04 13:27:00",2,False
"15724",200,"2010-11-04 10:22:00",5,False
"17715",200,"2010-04-26 12:17:00",2,False
"15705",200,"2011-05-22 15:37:00",1,False
"15292",200,"2011-05-22 15:00:00",1,False
"13227",201,"2011-05-22 11:47:00",1,False
"14195",201,"2010-03-15 17:12:00",10,False
"17176",201,"2010-01-31 15:49:00",3,False
"16226",202,"2010-10-22 11:19:00",5,False
"13151",202,"2010-03-22 09:40:00",5,False
"13243",202,"2010-03-18 13:10:00",5,False
"18048",202,"2010-08-03 13:03:00",3,False
"12353",203,"2010-10-27 12:44:00",2,False
"13762",203,"2010-01-10 12:13:00",6,False
"17455",203,"2011-05-20 12:31:00",1,False
"13887",203,"2011-05-19 17:22:00",1,False
"13391",203,"2011-05-20 10:50:00",1,False
"15648",203,"2011-03-17 18:59:00",4,False
"14620",203,"2011-03-01 08:30:00",3,False
"13405",203,"2009-12-15 14:13:00",8,False
"12897",204,"2010-06-14 11:58:00",4,False
"17871",204,"2010-01-15 14:48:00",5,False
"17245",204,"2010-01-19 15:39:00",2,False
"13531",204,"2009-12-03 15:20:00",6,False
"14896",204,"2009-12-06 12:42:00",10,False
"18218",205,"2010-02-17 15:11:00",6,False
"13572",205,"2011-05-18 11:59:00",1,False
"17504",205,"2010-02-08 09:22:00",19,False
"16446",205,"2011-05-18 09:52:00",1,False
"12690",205,"2011-05-18 09:09:00",1,False
"14000",205,"2009-12-02 09:50:00",8,False
"17556",205,"2010-11-25 17:00:00",2,False
"16116",205,"2011-05-12 12:01:00",2,False
"14320",206,"2010-01-21 11:44:00",7,False
"14489",206,"2010-04-06 09:52:00",4,False
"13976",206,"2010-02-09 13:08:00",4,False
"14888",206,"2011-05-16 14:58:00",1,False
"15333",207,"2011-05-15 13:27:00",1,False
"15813",207,"2011-04-14 09:09:00",2,False
"17263",207,"2011-05-15 14:32:00",1,False
"14689",208,"2011-05-15 11:22:00",1,False
"14873",209,"2010-03-16 10:51:00",2,False
"12857",210,"2010-01-25 15:37:00",7,False
"17970",210,"2011-05-12 20:03:00",1,False
"13952",210,"2009-12-16 09:41:00",17,False
"16006",210,"2010-11-17 12:03:00",2,False
"12770",210,"2010-04-07 10:44:00",7,False
"16244",211,"2010-12-02 11:41:00",2,False
"13052",211,"2010-02-23 12:31:00",7,False
"14988",211,"2010-04-16 13:34:00",7,False
"12976",211,"2010-02-12 15:46:00",8,False
"18133",211,"2011-05-11 14:14:00",1,False
"15732",211,"2010-02-04 10:10:00",12,False
"13837",211,"2011-01-26 12:15:00",2,False
"16943",211,"2011-01-25 14:00:00",3,False
"12625",211,"2010-04-22 11:33:00",5,False
"17889",211,"2010-03-31 10:54:00",7,False
"14288",211,"2011-05-10 13:22:00",2,False
"13235",211,"2011-05-11 17:13:00",1,False
"16431",212,"2011-02-15 14:02:00",3,False
"14920",212,"2010-05-23 15:25:00",3,False
"15079",212,"2009-12-08 11:22:00",17,False
"14149",212,"2011-05-03 09:44:00",3,False
"15063",212,"2011-05-10 13:25:00",1,False
"13990",212,"2011-05-10 15:19:00",1,False
"14699",213,"2010-07-02 12:04:00",4,False
"18120",213,"2011-05-09 13:45:00",1,False
"12355",213,"2010-05-21 11:59:00",2,False
"17597",213,"2010-05-05 15:33:00",7,False
"12888",213,"2011-03-29 14:31:00",4,False
"15381",213,"2010-05-05 14:35:00",6,False
"16306",213,"2010-10-01 09:36:00",10,False
"12821",213,"2010-04-07 15:14:00",2,False
"16756",214,"2010-03-09 15:56:00",9,False
"15092",214,"2010-09-03 12:33:00",4,False
"14353",214,"2010-10-04 12:38:00",3,False
"14161",215,"2009-12-13 11:46:00",7,False
"13561",215,"2010-02-28 13:42:00",11,False
"13642",215,"2010-10-03 12:23:00",5,False
"17604",216,"2010-01-27 12:19:00",6,False
"12414",216,"2010-09-02 12:22:00",5,False
"18078",216,"2010-03-21 15:50:00",4,False
"13723",216,"2010-04-07 14:32:00",6,False
"15552",216,"2010-03-26 16:17:00",2,False
"18183",217,"2011-03-10 10:08:00",6,False
"15235",217,"2010-11-16 12:48:00",16,False
"17174",217,"2011-05-06 11:47:00",1,False
"14393",217,"2011-05-05 18:16:00",1,False
"16319",217,"2011-05-06 11:27:00",1,False
"17548",217,"2010-11-08 16:19:00",6,False
"15759",217,"2009-12-02 10:08:00",10,False
"15668",217,"2011-05-06 10:39:00",1,False
"14199",217,"2010-06-27 12:13:00",6,False
"14423",217,"2010-01-14 11:49:00",4,False
"16457",217,"2011-05-05 13:19:00",1,False
"14697",217,"2011-05-05 15:29:00",2,False
"18227",217,"2010-08-12 16:45:00",3,False
"17849",217,"2010-03-14 15:17:00",8,False
"17646",218,"2009-12-16 09:37:00",16,False
"17374",218,"2010-11-09 17:14:00",4,False
"13731",218,"2011-04-07 10:10:00",2,False
"14340",218,"2011-05-05 09:44:00",1,False
"15147",218,"2011-04-13 15:57:00",2,False
"17394",218,"2011-05-04 13:22:00",1,False
"13711",218,"2009-12-01 14:01:00",15,False
"16610",218,"2011-05-04 13:13:00",1,False
"18239",218,"2010-10-13 10:11:00",6,False
"16990",218,"2010-10-13 11:42:00",2,False
"16109",218,"2010-01-10 10:37:00",4,False
"16227",218,"2010-06-22 13:28:00",6,False
"17443",219,"2011-05-04 10:47:00",1,False
"18220",219,"2009-12-15 11:42:00",11,False
"17501",220,"2011-05-03 09:46:00",2,False
"16055",220,"2011-05-03 09:26:00",1,False
"16634",222,"2010-01-21 09:30:00",10,False
"14304",222,"2010-05-18 10:50:00",5,False
"17893",224,"2011-04-28 13:50:00",1,False
"17991",224,"2010-04-27 12:46:00",3,False
"14022",224,"2010-08-10 09:38:00",2,False
"16163",224,"2009-12-02 10:00:00",14,False
"15210",224,"2010-05-13 14:42:00",3,False
"14311",224,"2010-05-21 10:28:00",3,False
"15223",225,"2009-12-05 11:19:00",6,False
"15143",225,"2010-10-03 13:58:00",2,False
"13229",225,"2011-04-28 12:07:00",1,False
"14271",225,"2010-10-26 17:01:00",2,False
"12573",226,"2010-08-31 17:25:00",5,False
"16965",226,"2011-04-27 12:08:00",1,False
"15891",226,"2011-04-27 12:35:00",1,False
"14586",226,"2011-03-08 10:04:00",3,False
"17187",226,"2010-07-01 14:38:00",2,False
"16823",226,"2009-12-02 09:57:00",8,False
"16698",226,"2011-03-31 13:33:00",2,False
"16834",227,"2010-02-03 14:24:00",2,False
"17277",227,"2011-01-21 12:37:00",2,False
"17670",227,"2011-04-26 09:12:00",1,False
"12354",231,"2011-04-21 13:11:00",1,False
"12622",231,"2011-04-21 16:39:00",1,False
"14770",231,"2010-02-25 18:58:00",9,False
"17718",231,"2010-03-05 08:01:00",3,False
"16587",231,"2011-04-21 15:51:00",1,False
"13482",231,"2010-03-22 10:31:00",2,False
"15135",232,"2010-06-01 13:33:00",3,False
"15517",232,"2011-04-20 14:02:00",1,False
"15655",232,"2011-04-10 15:25:00",2,False
"17120",232,"2011-04-20 15:21:00",1,False
"17946",232,"2011-03-25 14:34:00",2,False
"12506",232,"2011-04-21 08:54:00",1,False
"13485",232,"2009-12-03 13:46:00",15,False
"14148",233,"2010-10-21 14:08:00",2,False
"13101",233,"2010-01-27 15:49:00",4,False
"12733",233,"2010-01-19 13:23:00",6,False
"12585",233,"2010-12-23 12:58:00",4,False
"15717",233,"2010-04-26 10:41:00",5,False
"17217",233,"2010-03-30 13:35:00",2,False
"15225",233,"2011-04-19 14:51:00",1,False
"14339",234,"2010-10-07 08:50:00",5,False
"14326",234,"2010-06-25 12:10:00",4,False
"14242",234,"2011-01-18 08:53:00",2,False
"18009",234,"2010-02-25 11:49:00",14,False
"17746",234,"2010-04-08 12:54:00",7,False
"14672",234,"2010-01-28 11:33:00",4,False
"15749",234,"2011-01-11 12:55:00",4,False
"16217",234,"2011-03-02 15:28:00",3,False
"13474",235,"2010-08-01 14:40:00",3,False
"16617",235,"2011-04-18 10:35:00",1,False
"17582",235,"2010-03-26 12:23:00",6,False
"17697",235,"2011-04-17 15:40:00",1,False
"12754",235,"2011-02-04 10:31:00",3,False
"15973",235,"2010-10-07 08:33:00",4,False
"14532",235,"2010-01-10 11:47:00",12,False
"16947",235,"2010-03-03 10:54:00",7,False
"16193",236,"2010-10-25 10:25:00",2,False
"18213",236,"2011-04-17 10:21:00",1,False
"17990",236,"2009-12-07 15:19:00",7,False
"15246",237,"2010-06-02 11:28:00",3,False
"17367",237,"2011-04-15 14:21:00",1,False
"17142",238,"2010-01-24 15:23:00",4,False
"13120",238,"2011-04-15 10:19:00",1,False
"12769",238,"2011-04-15 10:25:00",1,False
"17362",238,"2010-01-06 10:53:00",8,False
"12639",238,"2010-03-22 09:05:00",3,False
"12582",238,"2010-05-11 09:55:00",4,False
"15230",238,"2011-04-13 11:04:00",2,False
"15935",238,"2009-12-08 17:23:00",2,False
"14619",238,"2010-06-16 14:41:00",3,False
"14154",238,"2010-01-13 12:47:00",10,False
"17601",238,"2010-11-24 14:29:00",2,False
"15212",238,"2010-11-28 10:45:00",3,False
"14206",238,"2010-11-02 11:37:00",5,False
"16957",238,"2011-03-03 09:25:00",2,False
"12982",239,"2010-04-12 13:50:00",17,False
"16097",239,"2011-04-13 13:47:00",1,False
"13221",239,"2010-12-15 13:24:00",2,False
"15139",239,"2011-01-07 12:44:00",2,False
"17278",240,"2010-05-23 13:49:00",2,False
"13484",240,"2010-03-10 11:46:00",4,False
"15777",240,"2010-05-20 10:37:00",9,False
"13740",240,"2009-12-02 12:22:00",5,False
"16697",240,"2011-04-12 17:12:00",1,False
"15109",240,"2009-12-04 12:33:00",4,False
"15363",240,"2010-08-04 08:41:00",3,False
"14669",241,"2009-12-02 13:06:00",7,False
"17972",241,"2011-04-12 12:16:00",1,False
"18129",242,"2011-04-10 14:16:00",1,False
"16552",242,"2010-12-01 12:36:00",2,False
"13570",242,"2011-04-10 13:36:00",1,False
"14616",242,"2010-06-09 09:42:00",5,False
"12447",242,"2011-04-10 13:25:00",1,False
"17574",242,"2011-04-11 09:47:00",1,False
"13501",242,"2010-05-18 13:24:00",5,False
"13508",243,"2010-03-07 11:58:00",2,False
"13863",244,"2010-04-25 13:09:00",6,False
"15775",244,"2010-03-18 07:32:00",2,False
"14924",245,"2010-03-10 12:51:00",3,False
"16643",245,"2010-10-13 09:47:00",3,False
"16623",245,"2010-04-26 14:04:00",5,False
"13718",245,"2011-02-17 11:58:00",2,False
"14981",245,"2010-10-12 11:04:00",3,False
"17035",245,"2009-12-03 10:37:00",5,False
"15119",245,"2011-04-08 09:08:00",1,False
"16010",245,"2010-10-24 10:54:00",12,False
"13712",246,"2010-04-08 11:16:00",2,False
"14220",246,"2010-05-19 13:26:00",4,False
"14465",246,"2010-01-07 15:03:00",11,False
"16378",246,"2011-02-02 12:42:00",3,False
"12580",246,"2010-05-12 11:45:00",2,False
"17906",246,"2011-04-06 17:25:00",1,False
"17438",246,"2010-03-08 16:53:00",6,False
"16144",246,"2011-04-07 10:09:00",1,False
"17140",246,"2011-04-06 13:33:00",1,False
"14964",246,"2011-04-06 14:13:00",1,False
"17492",247,"2010-07-09 13:27:00",3,False
"14747",247,"2011-04-04 14:09:00",2,False
"15917",247,"2009-12-02 14:55:00",5,False
"16105",248,"2010-04-14 13:27:00",5,False
"15442",248,"2011-04-05 12:24:00",1,False
"16586",248,"2010-03-14 11:24:00",3,False
"18108",248,"2009-12-02 12:47:00",4,False
"18185",248,"2011-04-04 13:42:00",1,False
"17956",248,"2011-04-04 13:47:00",1,False
"16297",249,"2011-03-16 08:29:00",3,False
"16142",249,"2011-04-04 10:16:00",1,False
"13059",249,"2010-03-31 12:23:00",12,False
"12755",249,"2009-12-02 10:55:00",21,False
"13781",250,"2009-12-18 15:46:00",4,False
"16162",251,"2011-04-01 15:03:00",1,False
"15691",251,"2009-12-06 16:01:00",5,False
"15589",252,"2011-02-02 10:46:00",4,False
"15894",252,"2010-12-05 14:06:00",2,False
"17212",252,"2010-08-10 09:22:00",3,False
"17580",252,"2010-10-13 14:28:00",5,False
"14886",252,"2011-04-01 08:56:00",1,False
"17701",252,"2011-04-01 12:25:00",1,False
"13841",252,"2011-04-01 12:10:00",1,False
"14957",252,"2010-03-05 10:50:00",2,False
"13626",252,"2010-11-25 16:12:00",3,False
"13043",253,"2011-03-11 14:52:00",2,False
"13060",253,"2011-03-31 11:37:00",1,False
"14890",253,"2010-02-18 09:00:00",3,False
"14479",253,"2009-12-06 13:48:00",4,False
"15424",253,"2010-09-02 17:17:00",3,False
"15528",253,"2011-03-30 16:14:00",1,False
"14256",253,"2010-01-14 10:35:00",9,False
"16619",253,"2010-02-22 12:05:00",5,False
"15832",253,"2011-03-30 15:29:00",1,False
"13439",254,"2010-07-01 14:36:00",3,False
"16980",254,"2010-10-07 14:05:00",3,False
"17775",254,"2011-03-30 10:50:00",1,False
"13803",254,"2010-03-31 10:00:00",4,False
"15353",254,"2009-12-02 10:46:00",8,False
"16692",255,"2010-09-24 11:31:00",4,False
"15032",255,"2009-12-10 15:27:00",10,False
"12792",256,"2010-06-23 10:49:00",2,False
"13649",256,"2010-06-30 16:35:00",6,False
"18010",256,"2011-03-28 12:27:00",1,False
"15083",256,"2011-03-28 12:18:00",1,False
"13368",256,"2010-10-12 10:43:00",5,False
"13357",256,"2010-03-22 14:30:00",5,False
"14476",256,"2011-03-27 15:39:00",1,False
"18071",257,"2009-12-05 10:31:00",6,False
"16256",257,"2010-04-21 10:34:00",4,False
"13452",258,"2010-08-24 09:53:00",3,False
"14348",259,"2011-03-24 16:23:00",1,False
"14536",259,"2011-03-25 12:21:00",1,False
"16022",259,"2011-03-24 13:16:00",1,False
"16063",259,"2011-03-24 14:55:00",1,False
"15178",259,"2011-03-24 15:12:00",1,False
"16769",259,"2009-12-14 11:10:00",4,False
"16250",260,"2010-11-18 10:43:00",3,False
"17698",260,"2011-03-24 11:34:00",1,False
"12564",260,"2011-03-23 14:55:00",1,False
"13341",260,"2011-03-24 09:50:00",1,False
"17486",260,"2011-03-23 14:00:00",1,False
"13512",260,"2010-05-05 13:22:00",4,False
"14870",261,"2010-01-25 09:05:00",9,False
"17507",261,"2011-02-03 18:08:00",2,False
"15437",261,"2010-03-09 10:45:00",2,False
"13132",261,"2011-03-23 12:44:00",1,False
"18191",261,"2010-08-19 17:42:00",2,False
"13239",261,"2010-07-25 13:34:00",6,False
"12831",261,"2010-09-02 15:58:00",3,False
"17102",261,"2011-03-23 10:08:00",1,False
"16721",261,"2011-03-22 16:08:00",1,False
"12811",261,"2010-10-08 12:20:00",4,False
"15457",261,"2011-03-22 15:31:00",1,False
"16135",262,"2010-05-05 09:35:00",2,False
"14632",262,"2011-03-22 08:49:00",1,False
"13262",262,"2010-04-18 12:14:00",3,False
"17763",262,"2010-02-18 14:32:00",5,False
"16427",262,"2011-02-28 15:18:00",2,False
"14762",263,"2010-03-23 15:36:00",2,False
"13934",263,"2011-03-21 08:39:00",1,False
"17230",263,"2009-12-08 13:41:00",23,False
"17678",263,"2010-04-15 13:54:00",3,False
"15445",263,"2010-04-28 15:00:00",2,False
"16096",263,"2010-03-04 15:44:00",4,False
"18224",263,"2011-03-21 10:30:00",1,False
"15408",263,"2011-03-20 15:02:00",1,False
"14693",264,"2010-07-02 08:28:00",8,False
"16402",264,"2010-12-05 13:42:00",2,False
"12902",264,"2011-03-20 12:06:00",1,False
"15703",264,"2011-03-20 10:51:00",1,False
"17060",265,"2011-03-18 13:27:00",1,False
"14633",265,"2011-03-18 17:07:00",1,False
"14155",265,"2011-03-18 14:13:00",1,False
"14041",265,"2011-03-18 13:25:00",1,False
"13707",266,"2010-06-21 11:57:00",5,False
"16216",266,"2011-03-17 15:34:00",1,False
"15019",266,"2011-03-18 12:35:00",1,False
"16716",266,"2010-03-19 11:05:00",4,False
"13072",266,"2011-03-18 08:12:00",1,False
"16976",266,"2011-03-17 16:33:00",1,False
"15695",266,"2010-01-27 10:56:00",4,False
"14059",266,"2011-03-18 10:06:00",1,False
"14066",266,"2011-03-18 12:21:00",1,False
"14081",266,"2009-12-10 18:27:00",16,False
"16377",266,"2010-04-01 10:36:00",2,False
"13093",266,"2009-12-04 10:32:00",87,False
"12845",266,"2011-02-22 14:10:00",4,False
"12514",266,"2010-03-08 12:18:00",2,False
"14840",267,"2010-06-18 15:42:00",3,False
"13299",267,"2010-06-29 11:30:00",5,False
"13185",267,"2011-03-17 11:56:00",1,False
"13216",267,"2011-03-17 12:18:00",1,False
"13716",268,"2011-03-15 13:49:00",1,False
"16152",268,"2011-03-16 09:47:00",1,False
"13261",268,"2011-02-27 10:41:00",2,False
"13358",268,"2011-03-16 11:52:00",1,False
"13121",268,"2011-03-15 16:47:00",2,False
"16061",268,"2010-10-04 15:29:00",3,False
"16392",269,"2010-05-27 11:17:00",3,False
"15047",269,"2011-03-15 10:49:00",1,False
"15388",269,"2011-03-14 13:53:00",1,False
"16037",269,"2010-03-01 12:31:00",7,False
"17542",269,"2010-03-08 12:08:00",3,False
"14962",270,"2010-05-04 14:57:00",4,False
"13708",270,"2011-03-13 13:46:00",1,False
"14350",270,"2010-10-05 15:52:00",4,False
"15308",270,"2011-03-10 13:08:00",2,False
"16766",272,"2011-03-11 13:34:00",2,False
"13226",272,"2010-11-11 13:46:00",2,False
"13133",273,"2010-09-06 15:30:00",3,False
"14114",273,"2010-04-12 11:07:00",7,False
"18086",273,"2011-03-10 13:34:00",1,False
"15049",273,"2011-03-11 12:13:00",1,False
"14727",273,"2010-06-11 13:23:00",4,False
"13493",274,"2011-02-25 16:42:00",2,False
"14603",274,"2011-03-10 10:27:00",1,False
"16625",274,"2010-06-14 11:56:00",6,False
"16471",274,"2010-02-25 10:07:00",6,False
"15057",274,"2009-12-05 15:27:00",6,False
"14165",275,"2011-03-09 12:39:00",1,False
"17138",275,"2010-02-04 14:19:00",7,False
"17639",275,"2010-08-13 11:59:00",6,False
"12881",275,"2011-03-09 11:44:00",1,False
"12623",275,"2010-01-12 11:45:00",7,False
"13345",276,"2011-02-25 09:01:00",2,False
"16517",276,"2011-03-07 13:50:00",1,False
"15234",276,"2011-03-08 08:53:00",1,False
"16917",276,"2009-12-11 13:07:00",3,False
"14048",276,"2010-11-22 14:08:00",4,False
"15944",276,"2009-12-13 12:57:00",4,False
"16598",276,"2011-02-27 11:42:00",2,False
"15869",276,"2010-03-23 16:50:00",3,False
"17654",276,"2011-03-07 13:17:00",1,False
"12614",277,"2011-03-07 10:22:00",1,False
"14247",277,"2010-06-06 15:07:00",6,False
"14012",277,"2011-03-07 12:26:00",1,False
"15554",277,"2011-03-07 09:00:00",1,False
"18280",277,"2010-11-10 15:51:00",3,False
"17535",279,"2011-03-04 15:20:00",1,False
"14670",279,"2009-12-07 13:59:00",3,False
"17325",279,"2010-03-08 11:31:00",3,False
"17508",280,"2009-12-07 11:46:00",9,False
"17789",280,"2010-02-16 13:16:00",2,False
"15257",280,"2010-10-21 14:03:00",3,False
"14570",280,"2010-09-22 13:07:00",3,False
"14779",280,"2011-01-20 12:04:00",3,False
"13382",280,"2009-12-08 09:56:00",5,False
"12817",280,"2010-10-01 08:57:00",3,False
"13715",280,"2010-03-11 15:33:00",21,False
"17923",281,"2010-06-13 13:58:00",3,False
"16159",281,"2009-12-03 11:51:00",5,False
"17995",281,"2010-11-17 17:01:00",3,False
"15087",281,"2011-03-03 10:34:00",1,False
"13166",281,"2010-10-21 14:29:00",3,False
"12873",281,"2010-01-27 09:50:00",3,False
"16792",281,"2010-01-04 13:47:00",5,False
"12565",281,"2011-02-24 10:34:00",2,False
"15456",282,"2009-12-08 12:54:00",10,False
"15733",282,"2011-03-02 09:05:00",1,False
"12834",282,"2011-03-02 09:49:00",1,False
"12866",282,"2010-07-25 11:37:00",3,False
"13497",282,"2010-02-08 10:27:00",7,False
"16339",283,"2011-02-28 13:41:00",1,False
"14046",283,"2011-02-28 14:48:00",1,False
"17165",283,"2009-12-11 09:18:00",8,False
"16078",283,"2010-02-08 13:29:00",2,False
"15319",283,"2011-03-01 12:48:00",1,False
"15709",283,"2010-04-29 18:31:00",2,False
"12509",283,"2011-02-28 14:45:00",1,False
"14036",284,"2011-02-28 09:26:00",1,False
"13684",285,"2010-03-28 14:48:00",6,False
"13973",286,"2011-02-25 15:21:00",1,False
"12361",286,"2010-01-26 14:37:00",4,False
"13753",287,"2009-12-03 10:20:00",4,False
"16072",287,"2010-06-08 16:47:00",4,False
"17117",287,"2011-02-24 13:54:00",1,False
"12945",287,"2010-02-21 15:18:00",2,False
"18056",287,"2010-03-31 12:29:00",3,False
"16997",287,"2011-01-18 11:51:00",3,False
"15543",287,"2010-09-06 11:28:00",2,False
"13751",287,"2011-02-24 15:56:00",1,False
"18068",288,"2011-02-23 14:50:00",1,False
"17171",288,"2010-02-16 12:02:00",2,False
"15303",289,"2010-01-25 09:42:00",4,False
"18114",289,"2011-02-22 13:20:00",1,False
"17499",289,"2010-05-27 09:59:00",3,False
"15397",289,"2011-02-23 09:25:00",1,False
"16913",289,"2010-02-26 12:06:00",3,False
"12852",289,"2011-02-18 08:47:00",2,False
"13044",290,"2010-01-08 14:46:00",13,False
"12365",290,"2011-02-21 13:51:00",1,False
"16546",290,"2010-09-23 15:43:00",7,False
"16349",290,"2011-02-22 12:40:00",1,False
"16073",291,"2011-02-15 15:41:00",2,False
"12988",291,"2011-02-20 14:31:00",1,False
"12707",291,"2011-02-21 08:38:00",1,False
"16765",293,"2010-11-22 13:42:00",2,False
"14760",293,"2011-02-15 16:27:00",2,False
"18138",294,"2011-02-17 14:51:00",1,False
"13932",294,"2011-02-18 12:02:00",1,False
"14371",294,"2011-02-17 16:35:00",1,False
"16148",295,"2009-12-17 19:06:00",4,False
"14386",296,"2011-02-16 09:45:00",1,False
"16509",296,"2011-02-16 09:25:00",1,False
"16494",296,"2011-02-16 12:49:00",1,False
"14176",296,"2010-11-23 13:21:00",6,False
"14935",296,"2010-03-30 11:48:00",2,False
"15670",296,"2010-06-01 15:34:00",3,False
"16738",297,"2011-02-15 09:46:00",1,False
"13893",297,"2011-02-15 11:30:00",1,False
"16897",298,"2011-01-30 11:52:00",3,False
"16084",298,"2011-02-13 16:05:00",1,False
"17829",298,"2010-02-22 15:39:00",6,False
"14431",298,"2010-01-21 10:49:00",5,False
"15236",298,"2011-02-14 10:52:00",1,False
"17334",300,"2010-10-29 12:16:00",4,False
"18159",300,"2011-02-11 14:26:00",1,False
"13672",300,"2009-12-09 11:40:00",6,False
"14497",300,"2010-02-04 09:59:00",3,False
"12410",300,"2010-07-25 13:26:00",4,False
"12943",300,"2010-04-13 11:03:00",4,False
"18250",300,"2011-02-02 13:16:00",2,False
"15638",300,"2010-01-27 11:44:00",9,False
"16405",301,"2011-02-02 17:08:00",2,False
"16425",301,"2011-02-10 14:30:00",1,False
"16403",301,"2011-01-31 13:39:00",2,False
"13819",301,"2009-12-01 16:18:00",7,False
"17850",301,"2009-12-05 12:28:00",159,False
"16725",301,"2009-12-13 15:54:00",15,False
"17358",302,"2010-02-24 16:42:00",5,False
"17843",302,"2010-10-24 10:56:00",2,False
"12401",302,"2011-02-09 13:50:00",1,False
"12561",302,"2011-02-10 11:39:00",1,False
"13706",302,"2010-03-23 09:18:00",2,False
"15970",303,"2010-04-20 11:30:00",2,False
"17881",303,"2011-02-08 17:16:00",1,False
"15843",303,"2011-02-09 10:19:00",1,False
"13809",304,"2010-09-05 11:42:00",3,False
"17859",304,"2011-02-08 10:32:00",1,False
"15753",304,"2011-02-08 12:41:00",1,False
"15808",305,"2009-12-01 16:30:00",24,False
"12956",305,"2009-12-15 19:03:00",4,False
"14600",305,"2010-11-11 15:56:00",2,False
"14438",305,"2011-02-06 14:56:00",1,False
"13584",306,"2010-02-02 08:40:00",5,False
"17392",306,"2010-09-15 16:17:00",3,False
"15090",307,"2011-02-04 14:03:00",1,False
"17291",307,"2011-02-04 13:04:00",1,False
"13963",307,"2010-04-21 16:20:00",18,False
"17226",308,"2010-02-12 14:31:00",3,False
"17517",308,"2011-02-04 11:48:00",1,False
"13581",308,"2010-10-21 16:30:00",2,False
"17223",309,"2010-11-29 17:19:00",3,False
"12350",309,"2011-02-02 16:01:00",1,False
"17912",309,"2010-11-29 13:53:00",7,False
"16030",309,"2011-02-03 11:28:00",1,False
"13800",309,"2009-12-03 10:03:00",3,False
"14457",310,"2011-02-02 09:39:00",1,False
"12559",310,"2011-01-24 10:12:00",3,False
"14549",310,"2009-12-02 14:06:00",4,False
"15107",310,"2010-09-14 10:47:00",12,False
"12373",310,"2010-02-04 12:08:00",3,False
"14411",310,"2011-02-02 10:56:00",1,False
"15226",310,"2011-02-02 11:41:00",1,False
"15940",310,"2010-10-26 18:17:00",2,False
"15881",311,"2010-12-10 13:32:00",8,False
"13494",311,"2011-02-01 11:58:00",1,False
"13506",311,"2010-09-05 12:33:00",8,False
"14627",311,"2009-12-11 14:08:00",3,False
"17356",311,"2010-01-20 12:14:00",5,False
"14496",311,"2010-03-16 13:15:00",10,False
"13600",311,"2010-03-15 17:16:00",2,False
"14850",311,"2010-05-20 13:28:00",9,False
"17619",311,"2011-01-31 14:18:00",1,False
"15448",312,"2010-02-03 13:29:00",2,False
"18095",312,"2010-04-19 14:09:00",5,False
"17239",312,"2009-12-10 15:58:00",6,False
"13615",312,"2010-01-28 15:43:00",12,False
"15415",312,"2011-01-30 14:13:00",1,False
"17431",312,"2011-01-30 14:36:00",1,False
"13161",312,"2010-07-27 12:44:00",2,False
"17062",313,"2010-09-26 11:57:00",7,False
"12735",314,"2011-01-06 14:26:00",2,False
"12377",314,"2010-04-29 15:34:00",4,False
"12501",314,"2011-01-07 12:28:00",2,False
"12574",315,"2011-01-28 09:20:00",1,False
"16124",315,"2009-12-07 10:33:00",6,False
"13328",315,"2011-01-27 15:22:00",1,False
"16714",316,"2009-12-01 11:50:00",6,False
"12591",316,"2010-10-27 10:42:00",3,False
"12764",316,"2011-01-27 10:19:00",1,False
"15661",316,"2010-05-10 07:59:00",8,False
"17094",317,"2010-10-12 10:48:00",3,False
"14248",317,"2010-07-12 14:27:00",3,False
"13002",317,"2010-10-01 11:58:00",3,False
"17118",317,"2011-01-26 12:19:00",1,False
"16222",317,"2009-12-18 14:31:00",2,False
"13703",317,"2010-10-20 13:11:00",3,False
"16757",318,"2010-10-26 15:09:00",2,False
"14130",318,"2009-12-11 16:33:00",4,False
"15052",318,"2011-01-24 15:52:00",1,False
"15213",318,"2011-01-14 11:05:00",3,False
"15222",318,"2009-12-16 13:49:00",17,False
"13551",318,"2010-02-11 15:01:00",2,False
"14782",319,"2011-01-24 11:12:00",1,False
"15820",319,"2011-01-24 12:00:00",1,False
"14368",319,"2011-01-24 09:52:00",1,False
"14068",319,"2010-01-31 10:10:00",5,False
"14439",319,"2010-01-21 14:01:00",5,False
"17714",320,"2010-07-14 10:41:00",9,False
"15167",320,"2010-02-04 14:13:00",5,False
"12829",321,"2010-06-07 15:04:00",4,False
"12652",321,"2010-10-01 15:16:00",3,False
"16387",322,"2010-03-11 12:22:00",5,False
"17890",322,"2010-12-13 15:12:00",2,False
"15422",322,"2010-02-07 11:52:00",8,False
"15174",322,"2010-10-25 09:40:00",2,False
"13284",322,"2011-01-13 09:23:00",2,False
"13008",322,"2009-12-16 16:07:00",7,False
"12402",322,"2010-02-07 12:41:00",7,False
"17862",323,"2010-05-25 17:22:00",4,False
"15262",323,"2010-08-08 15:55:00",3,False
"13693",324,"2009-12-07 11:29:00",12,False
"14090",324,"2011-01-19 10:51:00",1,False
"15171",324,"2011-01-12 15:36:00",2,False
"12665",324,"2010-02-08 15:11:00",5,False
"14238",325,"2009-12-05 10:58:00",3,False
"15395",325,"2011-01-18 12:40:00",1,False
"12346",325,"2010-03-02 13:08:00",4,False
"18212",325,"2010-01-31 14:42:00",2,False
"13898",325,"2010-10-24 15:42:00",2,False
"18233",325,"2011-01-18 08:44:00",1,False
"13859",325,"2010-06-28 15:36:00",2,False
"12872",326,"2009-12-03 20:03:00",13,False
"15316",326,"2011-01-17 11:34:00",1,False
"18106",329,"2010-01-15 11:36:00",6,False
"15100",329,"2010-01-07 14:33:00",14,False
"12672",329,"2010-04-23 09:57:00",3,False
"13385",329,"2011-01-14 09:52:00",1,False
"17406",329,"2009-12-06 13:45:00",18,False
"18085",329,"2010-03-21 11:57:00",4,False
"16315",330,"2010-06-21 13:53:00",2,False
"14185",330,"2011-01-12 13:52:00",1,False
"15447",330,"2010-03-24 14:40:00",6,False
"15510",330,"2011-01-13 12:10:00",1,False
"14270",331,"2011-01-12 09:33:00",1,False
"17569",331,"2011-01-11 14:15:00",1,False
"15346",332,"2010-10-04 15:11:00",4,False
"16351",332,"2009-12-04 16:12:00",18,False
"13144",332,"2010-10-04 14:14:00",2,False
"12736",332,"2011-01-11 07:57:00",1,False
"15326",333,"2009-12-01 13:19:00",10,False
"16850",333,"2011-01-10 11:09:00",1,False
"18032",333,"2011-01-09 15:32:00",1,False
"17128",334,"2011-01-09 12:02:00",1,False
"12793",334,"2010-11-03 13:05:00",3,False
"12651",334,"2010-08-31 15:21:00",5,False
"15649",335,"2010-11-17 16:22:00",4,False
"14889",335,"2011-01-07 15:19:00",1,False
"12489",335,"2011-01-07 13:13:00",1,False
"15607",336,"2010-01-08 12:16:00",12,False
"15823",336,"2009-12-08 15:12:00",5,False
"13187",336,"2010-03-25 17:18:00",5,False
"15464",337,"2011-01-05 15:56:00",1,False
"12386",337,"2010-12-08 09:53:00",2,False
"15266",337,"2010-01-07 12:19:00",5,False
"16282",339,"2009-12-21 11:52:00",3,False
"13304",350,"2010-02-08 12:42:00",7,False
"13922",351,"2010-08-29 14:36:00",5,False
"15562",351,"2009-12-13 15:17:00",3,False
"12734",352,"2010-11-12 13:26:00",3,False
"12515",352,"2010-12-21 15:43:00",1,False
"16270",352,"2010-12-21 14:26:00",1,False
"13564",353,"2009-12-02 11:55:00",49,False
"18176",353,"2010-12-16 15:45:00",2,False
"13369",353,"2010-12-09 11:30:00",2,False
"14119",353,"2009-12-21 14:52:00",3,False
"15460",353,"2010-12-20 16:08:00",1,False
"18256",354,"2010-11-17 08:53:00",2,False
"17343",354,"2009-12-03 18:30:00",6,False
"15279",354,"2010-02-02 10:15:00",7,False
"15204",356,"2010-12-17 13:49:00",1,False
"15160",356,"2010-10-14 15:26:00",4,False
"13033",356,"2010-10-06 09:37:00",2,False
"18269",357,"2010-12-08 13:53:00",2,False
"14373",357,"2010-12-16 15:40:00",1,False
"17691",357,"2010-06-11 11:50:00",5,False
"12551",357,"2010-12-17 11:23:00",1,False
"15789",357,"2010-03-26 11:21:00",7,False
"15224",357,"2010-01-15 16:14:00",8,False
"13874",357,"2009-12-11 13:23:00",10,False
"17551",358,"2010-12-15 14:12:00",1,False
"12666",358,"2010-11-10 16:40:00",2,False
"13829",358,"2010-10-14 18:19:00",2,False
"17496",358,"2010-01-14 13:36:00",5,False
"18050",358,"2010-11-11 15:51:00",2,False
"17752",358,"2010-12-15 16:19:00",1,False
"13295",359,"2010-05-12 09:13:00",9,False
"12797",359,"2010-10-11 12:53:00",6,False
"16499",359,"2010-06-11 12:22:00",13,False
"17525",359,"2010-10-07 09:12:00",3,False
"18141",360,"2010-04-29 15:32:00",4,False
"16202",360,"2009-12-02 10:48:00",11,False
"13948",360,"2009-12-04 12:14:00",5,False
"17303",360,"2010-12-13 13:32:00",1,False
"16812",360,"2010-11-22 14:36:00",5,False
"16262",360,"2010-01-28 16:43:00",3,False
"17194",360,"2010-06-27 13:16:00",2,False
"17524",360,"2010-09-27 16:20:00",4,False
"15454",361,"2010-03-31 13:15:00",2,False
"15361",361,"2010-06-14 13:27:00",4,False
"18004",361,"2010-12-12 13:47:00",1,False
"14413",361,"2010-01-19 14:27:00",3,False
"16665",361,"2010-12-12 14:03:00",1,False
"15503",362,"2009-12-13 11:34:00",2,False
"17251",362,"2009-12-15 10:36:00",4,False
"16565",363,"2010-06-02 12:47:00",5,False
"16727",363,"2010-01-20 10:48:00",4,False
"14082",364,"2010-11-12 11:47:00",2,False
"12605",364,"2010-09-07 14:21:00",4,False
"16795",364,"2010-01-25 12:10:00",5,False
"17456",364,"2010-09-09 15:28:00",2,False
"15945",364,"2009-12-01 13:47:00",4,False
"15723",364,"2010-05-14 12:55:00",4,False
"16579",364,"2010-10-10 11:58:00",2,False
"17307",364,"2010-01-19 16:36:00",15,False
"17978",364,"2009-12-08 13:27:00",4,False
"16781",364,"2010-02-08 13:56:00",3,False
"16065",364,"2010-09-02 13:27:00",10,False
"17880",364,"2009-12-09 16:13:00",3,False
"13270",365,"2010-12-08 14:53:00",1,False
"14355",365,"2010-03-22 15:08:00",3,False
"12870",365,"2010-03-25 14:32:00",4,False
"13370",365,"2010-12-03 10:26:00",2,False
"15332",365,"2010-07-14 13:01:00",6,False
"14437",365,"2010-05-05 12:20:00",6,False
"15347",365,"2010-09-28 12:50:00",6,False
"15221",365,"2010-03-12 10:40:00",7,False
"14932",365,"2010-11-19 09:16:00",2,False
"16252",365,"2010-11-22 11:57:00",2,False
"16679",365,"2010-06-10 18:35:00",3,False
"16858",365,"2009-12-15 11:09:00",16,False
"16893",366,"2010-11-28 15:14:00",2,False
"16125",366,"2009-12-14 15:38:00",14,False
"13786",366,"2009-12-03 15:32:00",7,False
"12441",366,"2010-12-08 10:45:00",1,False
"15180",366,"2010-04-29 15:27:00",3,False
"13807",366,"2009-12-04 12:41:00",4,False
"14821",366,"2010-02-01 13:33:00",7,False
"16138",367,"2010-04-28 09:51:00",4,False
"18119",367,"2010-12-07 11:59:00",1,False
"16658",367,"2010-03-30 16:24:00",8,False
"15899",368,"2010-12-06 10:36:00",1,False
"17860",368,"2009-12-11 16:48:00",4,False
"15880",368,"2010-12-05 13:00:00",2,False
"18113",368,"2010-12-06 12:31:00",1,False
"16718",368,"2009-12-06 13:07:00",5,False
"14813",369,"2010-04-08 11:49:00",4,False
"12725",370,"2010-05-04 13:59:00",3,False
"16926",370,"2010-07-01 12:57:00",6,False
"16754",371,"2010-03-08 11:32:00",34,False
"14576",371,"2010-12-02 17:51:00",1,False
"13011",371,"2010-12-02 17:22:00",1,False
"12686",371,"2010-12-03 09:51:00",1,False
"15922",371,"2010-12-01 13:51:00",2,False
"14213",371,"2010-10-31 10:37:00",2,False
"12738",371,"2010-12-02 18:27:00",1,False
"17976",371,"2010-12-02 13:49:00",1,False
"17547",371,"2010-02-12 14:34:00",4,False
"17967",371,"2010-10-19 13:19:00",2,False
"14589",371,"2010-12-03 11:42:00",1,False
"13958",371,"2009-12-05 13:12:00",12,False
"16510",371,"2010-01-17 12:30:00",6,False
"14679",371,"2009-12-08 17:13:00",5,False
"17643",372,"2010-07-22 13:07:00",2,False
"13065",372,"2010-06-10 11:44:00",6,False
"15923",372,"2010-12-02 12:16:00",1,False
"13108",372,"2010-09-30 17:09:00",2,False
"15070",372,"2009-12-15 13:49:00",3,False
"14237",372,"2010-04-28 10:04:00",3,False
"16752",372,"2010-12-02 12:18:00",1,False
"14142",372,"2010-03-03 15:13:00",4,False
"15165",372,"2010-12-01 14:03:00",1,False
"12855",372,"2010-11-02 18:16:00",4,False
"18011",372,"2010-05-21 13:28:00",2,False
"17925",372,"2010-12-02 10:10:00",1,False
"15350",372,"2010-11-21 15:14:00",2,False
"17732",372,"2010-08-09 08:41:00",10,False
"17855",372,"2010-12-02 09:44:00",1,False
"16274",372,"2010-12-01 15:35:00",1,False
"17826",373,"2010-11-30 13:23:00",1,False
"14729",373,"2010-03-24 13:30:00",3,False
"13010",373,"2010-03-01 11:28:00",2,False
"17968",373,"2010-07-15 15:01:00",4,False
"16355",373,"2010-11-29 14:21:00",2,False
"17342",373,"2010-02-08 09:16:00",7,False
"18074",373,"2010-07-22 10:31:00",2,False
"16583",373,"2010-02-04 12:18:00",2,False
"17170",373,"2010-11-02 17:45:00",3,False
"17908",373,"2009-12-14 12:24:00",7,False
"12791",373,"2010-03-25 17:29:00",5,False
"13444",373,"2010-07-21 14:34:00",2,False
"17378",373,"2010-11-30 15:52:00",2,False
"16228",373,"2010-11-04 18:54:00",4,False
"17281",373,"2010-02-04 13:00:00",6,False
"15960",373,"2010-09-30 15:50:00",5,False
"14605",373,"2009-12-08 13:59:00",4,False
"18039",373,"2010-03-09 11:19:00",4,False
"13747",373,"2010-10-11 09:15:00",2,False
"15828",374,"2010-11-29 16:41:00",1,False
"15369",374,"2009-12-08 07:43:00",12,False
"17814",374,"2010-10-13 14:03:00",2,False
"16194",374,"2010-11-29 13:28:00",1,False
"17688",374,"2010-11-11 10:41:00",2,False
"12351",374,"2010-11-29 15:23:00",1,False
"14008",374,"2010-10-03 13:09:00",2,False
"14170",374,"2010-11-09 14:06:00",3,False
"16223",374,"2010-11-09 12:07:00",2,False
"15989",375,"2009-12-02 15:51:00",2,False
"18002",375,"2009-12-08 11:07:00",4,False
"18003",375,"2010-11-28 15:09:00",1,False
"14454",375,"2009-12-06 12:56:00",6,False
"12996",375,"2010-11-29 09:27:00",1,False
"13254",375,"2010-11-28 15:42:00",1,False
"17804",375,"2009-12-01 12:22:00",3,False
"14986",375,"2010-01-24 15:54:00",2,False
"15037",375,"2010-11-28 12:14:00",2,False
"17607",375,"2010-11-28 13:11:00",1,False
"12767",375,"2010-11-29 09:38:00",1,False
"17756",375,"2010-11-10 12:54:00",3,False
"17322",375,"2009-12-03 11:46:00",7,False
"15404",375,"2010-11-29 11:03:00",1,False
"16421",375,"2010-08-27 12:02:00",3,False
"15583",375,"2010-11-28 15:04:00",1,False
"14510",375,"2010-09-29 13:35:00",4,False
"17150",376,"2009-12-06 10:51:00",6,False
"15446",376,"2009-12-13 13:53:00",4,False
"13542",376,"2009-12-10 19:53:00",18,False
"15580",376,"2010-02-07 11:21:00",14,False
"17952",377,"2010-06-16 11:54:00",4,False
"16254",377,"2010-03-17 15:43:00",3,False
"15914",377,"2010-11-26 16:09:00",2,False
"13891",377,"2010-05-06 16:02:00",3,False
"18031",378,"2010-11-26 11:00:00",1,False
"12961",378,"2010-11-25 16:44:00",1,False
"14721",378,"2010-11-25 13:08:00",1,False
"13202",378,"2009-12-09 10:48:00",8,False
"17283",378,"2010-11-26 11:53:00",1,False
"15495",378,"2010-11-25 13:46:00",1,False
"15961",378,"2010-11-25 15:59:00",1,False
"17989",378,"2010-11-25 13:49:00",1,False
"13019",378,"2009-12-06 15:40:00",8,False
"12385",378,"2010-11-25 15:14:00",1,False
"17882",378,"2010-11-25 14:35:00",2,False
"16874",378,"2010-11-25 13:08:00",1,False
"15936",378,"2010-08-29 11:42:00",2,False
"15020",378,"2010-11-25 13:29:00",1,False
"16231",378,"2010-04-21 12:06:00",4,False
"13987",379,"2010-11-04 09:54:00",2,False
"18076",379,"2010-11-24 14:02:00",1,False
"15509",379,"2010-11-24 14:48:00",1,False
"15476",379,"2010-09-23 14:00:00",5,False
"17996",379,"2010-06-11 11:48:00",3,False
"15902",379,"2010-11-24 16:57:00",1,False
"17167",379,"2010-09-20 14:02:00",3,False
"15084",379,"2010-03-04 10:45:00",2,False
"17998",379,"2009-12-01 13:07:00",4,False
"18025",379,"2010-03-30 17:33:00",6,False
"13554",379,"2010-09-19 12:39:00",10,False
"16699",379,"2009-12-04 13:31:00",8,False
"16489",379,"2010-09-29 15:02:00",2,False
"13624",380,"2010-11-16 13:43:00",2,False
"16590",380,"2010-10-21 12:09:00",3,False
"16001",380,"2010-06-15 09:51:00",2,False
"16437",380,"2010-10-06 12:34:00",2,False
"18047",380,"2010-11-23 12:57:00",2,False
"17598",380,"2010-11-23 17:43:00",1,False
"15173",380,"2010-04-01 12:26:00",8,False
"14252",380,"2010-11-23 13:36:00",1,False
"14202",380,"2010-03-25 10:36:00",3,False
"13843",380,"2010-11-23 17:48:00",1,False
"13181",380,"2010-11-23 15:05:00",1,False
"12889",380,"2010-07-25 14:32:00",6,False
"14458",380,"2010-11-24 12:43:00",1,False
"17766",380,"2010-11-23 14:17:00",2,False
"16821",381,"2010-11-23 10:04:00",1,False
"14478",381,"2009-12-01 13:20:00",4,False
"15590",381,"2010-04-12 10:09:00",5,False
"12880",381,"2010-05-14 11:57:00",2,False
"14994",381,"2010-03-26 12:40:00",7,False
"12805",381,"2010-02-03 09:06:00",4,False
"17713",381,"2010-06-09 09:33:00",4,False
"14926",381,"2010-04-20 09:59:00",3,False
"17872",381,"2010-11-23 12:02:00",1,False
"16373",381,"2010-10-24 13:10:00",2,False
"16155",381,"2010-06-18 11:23:00",6,False
"15169",381,"2009-12-13 11:16:00",2,False
"16935",381,"2010-10-14 13:09:00",3,False
"17098",381,"2010-06-17 10:30:00",3,False
"17782",382,"2010-11-22 10:03:00",2,False
"15155",382,"2010-11-21 12:59:00",1,False
"13086",382,"2010-11-22 10:28:00",1,False
"16972",382,"2010-09-09 11:20:00",2,False
"12858",382,"2010-11-21 12:55:00",1,False
"15519",382,"2010-09-19 13:57:00",2,False
"16501",382,"2010-11-21 14:10:00",1,False
"13550",382,"2010-11-21 15:24:00",1,False
"15377",382,"2010-10-20 11:42:00",5,False
"16946",382,"2010-03-02 10:49:00",6,False
"17275",382,"2010-11-21 13:26:00",1,False
"12807",382,"2010-11-18 13:20:00",2,False
"17036",382,"2010-11-21 14:26:00",1,False
"14134",382,"2009-12-10 09:25:00",15,False
"17335",383,"2010-01-24 11:15:00",2,False
"12887",383,"2010-11-21 11:18:00",1,False
"13275",383,"2010-03-17 14:05:00",2,False
"12978",384,"2009-12-10 11:23:00",6,False
"15138",384,"2010-11-11 09:16:00",2,False
"12874",384,"2010-06-03 12:51:00",3,False
"17493",384,"2010-11-19 16:57:00",1,False
"13961",384,"2010-11-12 14:40:00",2,False
"16346",384,"2010-11-19 15:55:00",1,False
"15846",384,"2010-11-19 14:40:00",1,False
"17241",384,"2010-02-15 14:47:00",12,False
"13156",384,"2010-02-01 13:45:00",3,False
"17868",385,"2010-11-18 18:55:00",1,False
"17421",385,"2009-12-04 15:43:00",3,False
"16089",385,"2010-07-18 15:51:00",2,False
"16588",385,"2010-05-14 13:43:00",4,False
"17269",385,"2010-11-19 11:12:00",1,False
"17089",385,"2010-11-18 15:33:00",1,False
"13970",385,"2010-09-28 11:53:00",2,False
"17355",385,"2010-11-18 13:18:00",1,False
"16599",385,"2010-11-19 12:45:00",1,False
"12629",385,"2010-10-12 16:40:00",2,False
"13996",385,"2010-11-05 15:07:00",2,False
"16973",385,"2010-11-18 13:56:00",1,False
"17683",385,"2010-06-03 17:15:00",3,False
"12467",385,"2010-10-12 15:41:00",2,False
"12419",385,"2010-10-22 10:40:00",2,False
"17532",385,"2010-11-19 08:13:00",1,False
"14614",385,"2010-11-18 13:04:00",1,False
"13665",385,"2010-07-23 13:29:00",3,False
"18195",386,"2010-11-17 15:03:00",1,False
"13864",386,"2010-11-18 12:50:00",1,False
"14405",386,"2010-11-18 11:40:00",1,False
"13605",386,"2010-05-17 15:46:00",2,False
"17776",386,"2009-12-16 14:59:00",3,False
"15515",386,"2010-11-17 13:39:00",1,False
"13964",386,"2010-10-05 12:38:00",3,False
"17310",386,"2010-06-23 11:38:00",2,False
"14811",386,"2010-11-17 13:09:00",1,False
"17200",386,"2010-02-25 13:23:00",4,False
"17689",387,"2010-08-22 13:54:00",2,False
"15842",387,"2010-06-30 09:06:00",3,False
"14192",387,"2010-11-16 17:44:00",1,False
"13789",387,"2010-11-16 15:31:00",1,False
"13597",387,"2010-11-02 09:30:00",3,False
"15968",387,"2010-11-16 13:04:00",1,False
"13237",387,"2010-11-17 10:07:00",1,False
"15161",387,"2010-11-16 16:08:00",1,False
"13795",387,"2010-03-12 12:44:00",4,False
"14417",387,"2010-11-17 10:55:00",1,False
"14526",388,"2010-11-15 13:32:00",1,False
"17740",388,"2010-01-11 13:11:00",6,False
"14358",388,"2010-10-07 17:26:00",2,False
"16087",388,"2010-01-19 12:30:00",5,False
"17106",388,"2010-11-15 14:11:00",1,False
"17992",388,"2010-11-15 13:04:00",1,False
"14065",388,"2010-10-04 12:03:00",4,False
"17544",389,"2010-11-14 14:47:00",3,False
"13582",389,"2010-04-01 11:38:00",2,False
"14559",389,"2010-11-14 16:05:00",1,False
"14599",389,"2010-07-18 15:54:00",2,False
"15283",389,"2010-07-09 15:46:00",4,False
"16314",389,"2010-08-24 11:52:00",3,False
"16074",389,"2010-11-14 13:19:00",1,False
"12376",389,"2010-10-18 08:42:00",2,False
"17497",389,"2010-04-08 08:01:00",2,False
"15726",389,"2010-11-14 16:12:00",1,False
"17300",390,"2010-08-15 11:02:00",2,False
"16687",390,"2010-11-14 11:46:00",1,False
"14807",390,"2010-02-28 11:33:00",2,False
"18063",390,"2010-03-16 13:05:00",2,False
"13545",390,"2009-12-01 12:41:00",3,False
"16199",391,"2010-03-18 18:47:00",7,False
"17366",391,"2010-09-09 19:46:00",3,False
"17803",391,"2010-11-12 13:53:00",1,False
"13293",391,"2009-12-01 10:55:00",7,False
"15566",392,"2009-12-15 14:53:00",2,False
"18007",392,"2010-11-12 11:08:00",1,False
"17815",392,"2010-11-11 14:39:00",1,False
"17308",392,"2010-09-13 09:35:00",2,False
"16827",392,"2010-04-29 19:07:00",5,False
"13857",392,"2010-05-17 14:21:00",7,False
"18054",392,"2010-11-12 08:18:00",1,False
"12505",392,"2010-10-27 09:18:00",2,False
"18057",392,"2010-01-18 12:42:00",3,False
"16118",392,"2010-02-25 09:40:00",5,False
"16797",392,"2009-12-02 12:34:00",9,False
"12803",392,"2010-11-11 14:57:00",1,False
"17210",392,"2010-11-12 12:15:00",1,False
"16677",392,"2010-02-25 16:11:00",3,False
"17558",392,"2010-11-11 14:36:00",1,False
"17476",392,"2009-12-02 12:09:00",4,False
"14615",393,"2010-06-09 13:59:00",6,False
"14922",393,"2010-07-20 09:45:00",2,False
"16786",393,"2010-11-11 08:25:00",1,False
"13915",393,"2009-12-08 13:42:00",2,False
"16662",393,"2010-11-10 16:56:00",1,False
"17903",393,"2010-11-10 15:39:00",1,False
"16868",393,"2010-04-25 11:31:00",3,False
"13096",393,"2010-11-10 14:08:00",1,False
"14399",393,"2010-02-03 13:08:00",9,False
"13252",393,"2010-03-24 10:30:00",3,False
"15001",393,"2010-11-10 13:31:00",2,False
"15890",394,"2010-04-14 08:43:00",5,False
"14899",394,"2010-11-09 15:20:00",1,False
"13671",394,"2010-11-10 10:50:00",1,False
"16740",394,"2010-11-09 13:34:00",1,False
"15131",394,"2010-11-10 12:07:00",1,False
"17983",394,"2010-11-09 13:23:00",1,False
"16977",394,"2010-03-18 11:06:00",4,False
"17807",394,"2010-01-04 14:00:00",3,False
"17726",394,"2010-01-26 14:58:00",8,False
"13945",394,"2010-08-17 09:59:00",2,False
"14365",394,"2010-01-27 09:44:00",2,False
"16021",394,"2010-06-13 11:05:00",2,False
"12927",394,"2010-11-10 10:02:00",1,False
"17467",394,"2010-11-09 12:58:00",1,False
"14122",394,"2009-12-02 14:22:00",5,False
"17363",394,"2010-11-02 17:25:00",3,False
"13691",395,"2010-11-08 17:34:00",1,False
"15390",395,"2010-10-26 17:23:00",2,False
"17208",395,"2010-11-09 12:50:00",1,False
"16420",395,"2010-11-08 15:15:00",1,False
"15617",395,"2010-07-20 13:16:00",3,False
"13660",395,"2010-11-04 16:10:00",2,False
"15011",395,"2010-10-19 12:05:00",2,False
"17000",395,"2010-10-27 14:16:00",2,False
"15441",395,"2009-12-09 14:55:00",3,False
"15635",395,"2010-11-09 08:58:00",1,False
"12907",395,"2010-02-24 11:56:00",3,False
"14610",395,"2010-07-13 16:06:00",2,False
"16381",395,"2010-10-17 13:06:00",2,False
"13738",395,"2010-11-08 15:23:00",1,False
"18098",395,"2010-11-08 16:31:00",1,False
"14275",395,"2010-04-11 12:32:00",6,False
"14927",396,"2010-11-08 12:30:00",1,False
"17258",396,"2010-02-12 15:51:00",2,False
"13773",396,"2010-02-18 10:27:00",2,False
"12892",396,"2010-11-08 09:51:00",1,False
"16559",396,"2010-11-07 13:52:00",1,False
"14203",396,"2010-11-07 13:35:00",1,False
"13377",396,"2010-03-04 10:06:00",3,False
"16640",397,"2010-11-07 10:48:00",1,False
"16787",397,"2010-01-10 11:12:00",4,False
"18083",397,"2010-11-07 11:44:00",1,False
"15560",397,"2010-11-07 10:14:00",2,False
"13921",398,"2009-12-18 12:19:00",5,False
"13836",398,"2010-10-21 13:27:00",3,False
"13154",398,"2009-12-04 08:46:00",4,False
"13903",399,"2010-11-04 17:44:00",1,False
"13172",399,"2010-11-04 15:10:00",1,False
"15425",399,"2010-02-14 12:36:00",4,False
"13303",399,"2010-11-04 14:55:00",1,False
"17876",399,"2010-02-02 13:00:00",3,False
"12958",399,"2010-05-05 16:22:00",2,False
"13646",399,"2010-11-05 11:02:00",3,False
"13648",399,"2009-12-01 18:13:00",11,False
"13206",399,"2009-12-07 13:48:00",13,False
"17276",399,"2010-11-02 16:20:00",2,False
"16707",399,"2010-03-09 15:16:00",4,False
"15294",399,"2010-10-25 11:45:00",2,False
"15792",399,"2010-03-31 09:42:00",2,False
"14136",400,"2009-12-08 09:19:00",7,False
"16888",400,"2010-01-07 13:07:00",3,False
"14398",400,"2010-06-30 11:57:00",2,False
"16391",400,"2010-05-27 11:27:00",4,False
"15233",400,"2010-11-03 13:36:00",1,False
"16060",400,"2010-08-02 15:26:00",3,False
"15481",400,"2010-11-03 14:52:00",1,False
"17473",400,"2010-09-09 19:03:00",3,False
"13981",400,"2010-10-20 10:03:00",2,False
"12914",400,"2010-11-04 12:28:00",1,False
"13251",401,"2010-11-02 13:20:00",1,False
"14942",401,"2009-12-10 10:32:00",4,False
"15915",401,"2010-11-03 11:13:00",1,False
"16865",401,"2010-11-03 11:34:00",1,False
"17003",401,"2010-05-10 11:20:00",4,False
"13215",401,"2010-11-02 18:26:00",1,False
"15336",401,"2010-11-03 12:39:00",1,False
"14363",401,"2010-09-14 14:39:00",2,False
"13331",401,"2010-11-03 08:04:00",1,False
"15337",402,"2010-10-24 15:29:00",2,False
"14617",402,"2010-10-20 10:40:00",2,False
"13535",402,"2010-11-02 11:49:00",1,False
"12986",402,"2010-01-21 10:45:00",12,False
"17121",402,"2010-11-02 11:47:00",1,False
"12389",402,"2010-02-22 10:15:00",3,False
"16606",403,"2010-10-01 13:21:00",2,False
"16876",403,"2010-11-01 11:59:00",1,False
"14429",403,"2010-11-01 10:08:00",1,False
"14648",403,"2009-12-10 13:59:00",19,False
"15879",403,"2009-12-17 19:54:00",4,False
"17413",404,"2010-05-19 11:11:00",2,False
"16724",404,"2010-10-31 11:40:00",1,False
"12608",404,"2010-10-31 10:49:00",1,False
"14848",404,"2010-10-31 12:22:00",1,False
"15501",404,"2010-10-20 12:47:00",2,False
"15439",404,"2010-02-24 12:05:00",4,False
"13677",404,"2010-07-07 17:25:00",2,False
"17821",405,"2010-10-29 13:20:00",1,False
"14746",405,"2010-10-12 11:06:00",4,False
"14490",405,"2010-10-07 11:36:00",2,False
"13580",405,"2010-10-29 15:01:00",1,False
"16058",405,"2010-10-29 16:48:00",1,False
"15170",406,"2010-10-29 10:34:00",1,False
"16635",406,"2010-10-29 09:41:00",1,False
"14294",406,"2010-10-28 16:25:00",1,False
"17741",406,"2010-05-28 12:11:00",2,False
"15887",406,"2010-06-02 11:53:00",3,False
"16630",406,"2010-09-30 18:21:00",2,False
"16129",406,"2010-07-20 12:32:00",3,False
"17853",406,"2009-12-03 15:09:00",3,False
"13031",406,"2010-06-03 14:57:00",5,False
"14303",406,"2010-10-01 10:31:00",2,False
"17478",407,"2010-03-16 14:19:00",2,False
"15285",407,"2010-10-28 09:46:00",1,False
"13713",407,"2010-05-05 16:48:00",3,False
"17326",407,"2010-06-28 14:05:00",2,False
"13547",407,"2010-10-27 14:14:00",1,False
"15328",407,"2010-10-28 09:05:00",1,False
"14281",407,"2010-10-27 14:45:00",1,False
"16382",407,"2010-06-07 12:42:00",2,False
"18060",407,"2010-05-24 08:34:00",2,False
"15536",408,"2010-10-26 16:31:00",1,False
"13906",408,"2010-10-26 15:00:00",1,False
"13274",408,"2010-10-26 13:48:00",1,False
"15876",408,"2010-09-17 15:26:00",2,False
"13578",408,"2010-10-26 13:44:00",1,False
"12537",408,"2010-10-27 08:36:00",1,False
"12563",408,"2010-10-27 09:52:00",1,False
"16259",409,"2010-04-13 16:57:00",3,False
"15207",409,"2010-06-10 17:29:00",5,False
"12411",409,"2010-10-26 09:25:00",1,False
"16785",409,"2010-10-26 10:36:00",1,False
"15064",409,"2009-12-22 16:17:00",4,False
"17327",409,"2010-05-26 11:20:00",2,False
"14278",409,"2010-10-26 12:07:00",1,False
"14324",409,"2010-01-15 13:31:00",2,False
"14718",409,"2010-10-25 13:07:00",1,False
"18247",409,"2010-03-18 15:52:00",6,False
"16962",409,"2010-10-26 11:36:00",1,False
"16576",409,"2010-07-06 10:42:00",5,False
"12926",410,"2009-12-14 14:35:00",4,False
"13333",410,"2010-02-19 09:26:00",3,False
"17393",410,"2010-08-08 15:53:00",2,False
"13073",410,"2010-09-28 09:27:00",2,False
"14181",410,"2010-05-26 12:32:00",2,False
"17435",410,"2010-10-24 13:55:00",1,False
"14183",410,"2010-08-15 15:36:00",2,False
"16920",410,"2010-10-24 14:07:00",1,False
"13574",410,"2010-10-24 13:28:00",1,False
"14197",410,"2010-10-25 10:01:00",1,False
"13977",410,"2010-10-24 14:08:00",1,False
"17981",410,"2010-10-25 10:40:00",1,False
"15248",410,"2010-06-23 14:34:00",4,False
"14249",410,"2010-01-29 14:21:00",12,False
"13733",410,"2009-12-04 15:28:00",3,False
"17260",410,"2010-10-24 13:21:00",1,False
"17407",411,"2010-10-24 11:57:00",1,False
"13241",411,"2010-10-24 11:17:00",1,False
"12369",412,"2010-03-08 08:09:00",3,False
"14728",412,"2010-10-22 15:57:00",1,False
"18243",413,"2010-10-21 14:29:00",1,False
"14686",413,"2010-02-18 15:48:00",6,False
"12973",413,"2010-10-22 10:14:00",1,False
"14296",413,"2010-05-14 14:34:00",3,False
"14945",413,"2010-10-22 11:26:00",1,False
"15995",413,"2010-10-21 13:57:00",1,False
"12899",413,"2010-10-22 09:53:00",1,False
"13746",413,"2010-10-22 11:55:00",1,False
"16310",413,"2010-03-07 15:41:00",2,False
"13195",413,"2010-10-21 13:07:00",1,False
"13386",413,"2010-09-28 13:09:00",2,False
"16465",413,"2010-09-21 10:46:00",3,False
"16975",413,"2010-07-22 11:38:00",5,False
"12960",413,"2010-02-16 13:32:00",4,False
"12972",413,"2010-02-16 14:30:00",6,False
"12400",413,"2010-10-21 13:45:00",1,False
"16540",413,"2010-10-21 17:22:00",1,False
"16167",413,"2009-12-01 10:46:00",6,False
"12511",414,"2010-10-07 10:39:00",2,False
"16702",414,"2009-12-07 16:40:00",5,False
"14612",414,"2010-10-20 16:01:00",1,False
"17834",414,"2010-09-20 15:32:00",2,False
"15647",414,"2010-10-20 15:09:00",1,False
"12387",414,"2010-10-20 16:27:00",1,False
"16521",414,"2010-03-01 13:22:00",3,False
"13374",414,"2010-09-16 10:29:00",2,False
"13840",415,"2010-10-19 13:34:00",1,False
"14734",415,"2010-06-06 15:15:00",5,False
"17137",415,"2010-01-31 12:27:00",6,False
"14469",415,"2010-01-29 11:12:00",4,False
"16854",416,"2010-03-09 14:32:00",2,False
"17143",416,"2010-07-12 13:26:00",2,False
"17023",416,"2010-01-11 15:09:00",3,False
"16476",416,"2010-10-04 10:29:00",3,False
"15710",416,"2010-10-18 17:05:00",1,False
"15459",416,"2010-07-30 14:31:00",2,False
"13480",416,"2010-01-29 12:35:00",2,False
"13387",416,"2010-10-18 14:07:00",1,False
"16772",416,"2009-12-18 10:50:00",5,False
"13152",416,"2010-01-14 10:01:00",9,False
"13088",416,"2010-10-18 15:35:00",1,False
"14877",417,"2010-03-07 12:25:00",2,False
"14940",417,"2009-12-06 15:46:00",2,False
"17141",417,"2010-01-24 14:19:00",4,False
"16069",417,"2010-10-18 10:32:00",1,False
"15772",417,"2010-10-17 13:33:00",1,False
"13214",417,"2010-03-03 14:10:00",7,False
"16691",417,"2010-05-27 14:55:00",2,False
"13820",417,"2010-01-28 12:05:00",5,False
"13957",417,"2010-02-19 10:32:00",3,False
"15934",417,"2010-10-06 12:08:00",2,False
"14839",417,"2010-01-04 16:29:00",3,False
"12699",417,"2010-10-18 12:07:00",1,False
"12835",417,"2009-12-03 12:13:00",49,False
"15688",418,"2010-10-17 12:06:00",1,False
"15686",419,"2010-10-15 13:50:00",1,False
"17938",419,"2010-10-15 14:27:00",1,False
"17316",419,"2010-10-15 14:35:00",1,False
"17822",419,"2010-05-28 12:15:00",5,False
"13446",419,"2010-02-14 11:52:00",18,False
"17823",420,"2010-10-14 16:14:00",2,False
"16991",420,"2010-10-14 14:08:00",1,False
"16176",420,"2010-03-29 14:52:00",7,False
"17751",420,"2010-10-14 13:57:00",1,False
"16336",420,"2010-03-18 08:05:00",4,False
"17717",420,"2010-10-14 12:54:00",1,False
"17687",420,"2010-10-15 12:30:00",1,False
"17390",420,"2010-10-15 11:29:00",1,False
"14343",420,"2010-01-18 16:47:00",4,False
"17202",420,"2010-10-15 11:25:00",1,False
"15735",420,"2010-10-14 13:38:00",1,False
"15817",420,"2010-06-14 13:31:00",3,False
"14956",420,"2010-10-14 16:40:00",1,False
"14168",420,"2010-05-24 12:28:00",3,False
"13770",421,"2009-12-09 14:44:00",4,False
"15242",421,"2010-10-13 15:33:00",1,False
"13696",421,"2010-01-13 12:08:00",4,False
"14316",421,"2010-03-19 15:18:00",6,False
"18090",421,"2010-10-14 12:32:00",1,False
"16130",421,"2010-04-01 13:58:00",4,False
"17851",421,"2009-12-03 17:46:00",6,False
"12900",421,"2010-10-13 15:17:00",1,False
"14838",422,"2009-12-03 09:52:00",2,False
"13968",422,"2010-10-12 13:22:00",1,False
"16263",422,"2010-10-12 14:52:00",1,False
"14846",422,"2010-10-08 17:07:00",2,False
"13440",422,"2010-09-14 10:34:00",10,False
"16238",422,"2010-10-13 12:36:00",1,False
"15151",422,"2010-07-18 12:19:00",2,False
"17944",422,"2010-10-12 16:25:00",1,False
"14263",422,"2010-10-12 14:09:00",1,False
"13909",422,"2010-07-06 16:52:00",2,False
"17182",422,"2009-12-21 15:22:00",2,False
"13541",422,"2010-05-18 16:15:00",3,False
"17104",423,"2010-10-12 12:21:00",1,False
"17635",423,"2010-04-28 10:51:00",4,False
"17710",423,"2010-10-12 07:49:00",1,False
"17264",423,"2010-10-11 12:52:00",1,False
"12655",423,"2010-10-12 09:17:00",1,False
"13912",423,"2010-10-12 08:43:00",1,False
"14568",423,"2010-09-30 17:15:00",2,False
"17273",423,"2010-10-11 15:57:00",1,False
"14319",423,"2009-12-11 11:59:00",2,False
"16039",423,"2010-03-21 15:17:00",3,False
"15418",424,"2010-05-02 11:31:00",2,False
"14571",424,"2010-10-10 15:06:00",1,False
"14590",424,"2009-12-07 14:10:00",28,False
"17465",425,"2009-12-03 13:25:00",9,False
"15177",425,"2010-10-10 12:48:00",1,False
"12862",425,"2010-08-01 15:20:00",2,False
"17518",425,"2010-03-28 13:31:00",2,False
"13537",425,"2010-09-14 10:41:00",2,False
"14322",426,"2010-02-18 08:49:00",6,False
"14186",426,"2010-03-05 11:17:00",5,False
"14425",426,"2009-12-02 11:31:00",5,False
"14564",426,"2009-12-04 09:27:00",5,False
"13406",426,"2010-03-18 07:29:00",3,False
"13257",427,"2010-09-29 14:58:00",3,False
"16329",427,"2009-12-01 11:34:00",4,False
"16166",427,"2010-01-17 14:16:00",4,False
"16269",427,"2010-09-28 11:50:00",2,False
"14266",427,"2010-10-07 13:32:00",1,False
"13360",427,"2010-01-08 11:16:00",6,False
"17196",427,"2010-10-08 11:31:00",1,False
"14909",427,"2010-02-14 15:47:00",5,False
"15614",427,"2009-12-01 11:48:00",7,False
"15600",427,"2010-04-25 11:50:00",5,False
"15080",427,"2010-07-26 10:03:00",2,False
"16111",427,"2010-10-07 19:51:00",1,False
"16568",427,"2010-03-08 14:51:00",2,False
"13567",427,"2010-06-16 12:48:00",5,False
"15931",427,"2010-10-07 16:46:00",1,False
"13861",428,"2010-06-27 11:37:00",3,False
"17249",428,"2010-10-07 11:33:00",1,False
"12903",428,"2010-10-07 12:39:00",1,False
"13423",428,"2010-10-07 09:02:00",1,False
"13556",428,"2010-09-30 09:01:00",2,False
"17127",428,"2009-12-04 15:18:00",5,False
"13785",428,"2010-09-05 16:01:00",4,False
"16307",428,"2010-05-11 14:40:00",3,False
"17008",428,"2010-10-06 15:19:00",1,False
"14118",428,"2010-10-07 11:59:00",1,False
"16300",429,"2010-02-02 11:40:00",3,False
"14492",429,"2010-03-30 14:23:00",10,False
"12975",429,"2009-12-06 10:38:00",8,False
"17657",429,"2010-10-05 14:52:00",1,False
"15490",429,"2010-10-05 13:11:00",2,False
"14663",429,"2010-10-05 13:12:00",2,False
"13306",429,"2010-10-05 14:55:00",1,False
"16490",429,"2010-09-29 16:30:00",2,False
"14991",429,"2010-10-05 13:01:00",1,False
"15736",429,"2010-09-30 14:19:00",3,False
"13818",429,"2010-10-06 12:35:00",1,False
"13022",429,"2010-10-06 10:50:00",1,False
"16760",429,"2010-10-05 15:55:00",1,False
"13674",429,"2010-10-03 10:41:00",2,False
"15778",430,"2010-10-04 15:10:00",1,False
"14302",430,"2009-12-02 08:16:00",3,False
"14169",430,"2010-09-21 13:39:00",2,False
"18244",430,"2010-07-25 10:30:00",2,False
"12768",431,"2010-09-15 12:08:00",2,False
"16799",431,"2010-09-12 12:46:00",3,False
"12486",431,"2010-10-04 12:14:00",1,False
"14392",431,"2010-10-03 12:56:00",1,False
"14579",431,"2010-10-03 14:36:00",1,False
"18284",431,"2010-10-04 11:33:00",1,False
"16331",431,"2010-03-07 10:55:00",6,False
"16312",431,"2010-10-03 14:15:00",1,False
"13920",431,"2010-05-26 15:48:00",5,False
"13367",431,"2010-10-04 10:00:00",1,False
"14455",431,"2010-08-01 13:26:00",5,False
"13326",431,"2010-10-03 16:00:00",1,False
"15859",431,"2010-10-03 12:52:00",1,False
"15884",431,"2009-12-03 18:23:00",2,False
"14310",432,"2010-10-03 12:34:00",1,False
"14254",432,"2010-10-03 11:52:00",1,False
"15196",432,"2009-12-13 11:14:00",2,False
"13380",432,"2010-10-03 10:18:00",1,False
"18266",433,"2010-10-01 15:33:00",1,False
"17380",433,"2010-06-23 11:24:00",4,False
"16864",433,"2010-04-20 11:56:00",2,False
"15190",433,"2010-10-01 13:09:00",1,False
"16472",433,"2010-04-21 11:48:00",2,False
"15420",433,"2009-12-05 13:29:00",6,False
"15451",433,"2010-04-19 14:08:00",2,False
"16958",434,"2010-09-30 14:25:00",1,False
"17533",434,"2010-10-01 09:14:00",1,False
"14269",434,"2010-09-26 12:53:00",2,False
"12696",434,"2010-07-19 10:02:00",2,False
"13966",434,"2010-09-30 13:08:00",1,False
"14225",434,"2010-01-12 15:02:00",5,False
"16044",434,"2010-09-30 18:12:00",1,False
"14742",434,"2010-09-30 14:07:00",1,False
"12661",435,"2010-09-29 16:46:00",1,False
"13729",435,"2010-01-24 14:57:00",5,False
"13105",435,"2010-09-29 13:41:00",1,False
"16522",435,"2010-09-15 13:32:00",2,False
"17257",435,"2010-09-29 12:49:00",2,False
"14707",435,"2010-05-12 11:07:00",2,False
"14230",435,"2010-06-09 13:56:00",3,False
"12964",436,"2010-09-28 17:47:00",1,False
"18049",436,"2010-04-28 13:24:00",2,False
"16237",436,"2010-09-28 17:02:00",1,False
"13433",436,"2010-01-12 08:59:00",5,False
"13797",436,"2010-03-02 12:17:00",4,False
"16783",436,"2010-09-29 11:53:00",1,False
"15871",436,"2010-09-28 14:16:00",1,False
"13701",436,"2010-09-19 12:39:00",2,False
"12946",436,"2010-09-29 10:14:00",1,False
"14843",436,"2010-09-29 12:39:00",1,False
"13281",436,"2010-04-27 11:00:00",3,False
"16636",437,"2010-03-03 14:06:00",4,False
"13687",437,"2010-09-27 16:30:00",1,False
"16264",437,"2010-09-19 16:14:00",2,False
"17280",437,"2010-09-27 16:46:00",1,False
"14228",437,"2010-06-11 12:29:00",3,False
"15616",437,"2010-09-27 13:10:00",1,False
"14634",437,"2010-05-04 10:16:00",7,False
"14611",438,"2010-04-20 10:19:00",3,False
"14094",439,"2010-09-26 11:58:00",2,False
"18107",441,"2010-09-23 13:03:00",1,False
"17743",441,"2010-09-17 14:54:00",2,False
"14992",441,"2010-09-23 17:48:00",1,False
"17021",441,"2010-04-29 20:05:00",6,False
"16675",441,"2010-08-18 13:11:00",2,False
"13288",442,"2010-02-11 14:59:00",6,False
"16857",442,"2010-09-23 10:49:00",1,False
"15761",442,"2010-09-23 09:33:00",1,False
"13264",442,"2010-09-23 12:42:00",1,False
"13205",442,"2010-09-22 16:26:00",1,False
"14372",442,"2009-12-14 13:43:00",3,False
"15966",443,"2010-09-15 10:44:00",2,False
"13424",443,"2010-09-16 10:49:00",2,False
"14933",443,"2010-09-21 17:29:00",5,False
"17840",443,"2010-09-22 12:24:00",1,False
"14182",443,"2010-04-22 15:36:00",5,False
"17161",443,"2010-09-21 16:44:00",1,False
"16646",443,"2010-09-16 13:28:00",2,False
"12751",444,"2010-09-21 12:49:00",1,False
"14668",444,"2010-09-20 15:03:00",1,False
"16886",444,"2010-09-09 15:08:00",2,False
"13702",445,"2010-09-20 11:40:00",1,False
"17055",445,"2010-09-20 12:21:00",1,False
"13465",445,"2010-05-02 15:30:00",2,False
"12850",445,"2010-09-20 12:26:00",1,False
"16524",445,"2010-01-17 13:16:00",2,False
"13998",446,"2010-05-12 13:18:00",3,False
"18089",446,"2010-09-19 11:57:00",1,False
"12543",447,"2010-09-17 15:51:00",1,False
"15962",448,"2010-09-16 13:48:00",1,False
"15362",448,"2009-12-01 09:08:00",2,False
"16371",448,"2010-09-17 12:09:00",1,False
"13443",448,"2010-01-31 13:30:00",7,False
"12554",448,"2010-09-17 12:29:00",1,False
"15629",449,"2010-06-25 11:39:00",4,False
"15685",449,"2010-09-15 13:43:00",1,False
"13041",450,"2010-04-29 08:43:00",4,False
"13312",450,"2010-09-14 14:36:00",1,False
"17801",450,"2010-01-17 11:31:00",4,False
"17149",450,"2010-09-14 14:56:00",1,False
"14370",450,"2010-02-01 08:35:00",9,False
"17132",451,"2010-08-08 13:49:00",2,False
"13129",451,"2010-06-28 11:54:00",2,False
"15401",451,"2010-05-20 10:56:00",2,False
"13250",452,"2010-07-25 14:01:00",3,False
"15824",452,"2010-06-25 15:10:00",2,False
"13613",452,"2010-02-17 12:40:00",5,False
"16860",452,"2010-02-15 13:46:00",4,False
"16608",453,"2010-02-14 11:57:00",2,False
"14635",453,"2010-09-12 10:47:00",1,False
"16815",453,"2010-06-21 12:05:00",2,False
"13965",454,"2010-01-05 15:21:00",5,False
"14444",455,"2010-09-09 18:56:00",1,False
"14445",455,"2010-09-10 11:09:00",1,False
"15077",455,"2009-12-09 17:10:00",4,False
"12460",455,"2010-09-09 13:51:00",1,False
"16032",455,"2010-07-04 13:31:00",6,False
"16095",455,"2010-09-09 16:54:00",1,False
"17369",455,"2010-09-10 09:49:00",1,False
"15972",455,"2010-04-18 14:06:00",5,False
"12760",455,"2010-09-10 08:50:00",1,False
"17762",455,"2010-09-09 17:40:00",1,False
"12440",456,"2009-12-22 12:03:00",3,False
"15627",456,"2010-07-05 11:56:00",2,False
"12575",456,"2010-07-01 09:15:00",2,False
"13683",457,"2010-09-08 10:00:00",1,False
"15141",457,"2010-03-28 15:58:00",9,False
"15741",457,"2010-03-31 11:55:00",2,False
"13076",457,"2010-09-08 10:27:00",1,False
"12819",457,"2010-09-07 15:20:00",1,False
"12777",457,"2010-09-08 11:35:00",1,False
"12859",458,"2010-09-07 12:20:00",1,False
"16246",459,"2010-02-08 12:32:00",2,False
"14949",459,"2009-12-18 15:28:00",6,False
"14318",459,"2010-09-05 15:32:00",1,False
"15751",460,"2009-12-06 13:08:00",14,False
"15461",460,"2009-12-01 11:35:00",3,False
"16289",461,"2010-09-03 14:02:00",2,False
"16993",462,"2010-05-12 13:55:00",3,False
"15378",462,"2010-07-26 08:47:00",2,False
"12788",462,"2010-06-29 13:05:00",4,False
"15191",462,"2010-01-20 12:35:00",3,False
"14058",462,"2010-06-27 11:29:00",2,False
"15564",462,"2010-02-01 15:58:00",2,False
"18182",462,"2010-09-02 14:25:00",1,False
"14283",462,"2010-05-19 12:22:00",4,False
"15094",462,"2010-03-05 12:56:00",2,False
"16100",462,"2010-09-03 11:39:00",1,False
"15779",462,"2010-06-25 15:55:00",2,False
"13346",462,"2010-04-22 12:34:00",6,False
"14086",462,"2010-09-03 10:52:00",1,False
"13024",463,"2010-05-06 14:25:00",3,False
"18258",463,"2010-05-16 11:35:00",8,False
"13472",463,"2010-06-02 09:48:00",2,False
"13399",463,"2010-07-08 17:47:00",3,False
"12898",463,"2010-02-18 12:36:00",2,False
"17215",463,"2010-09-01 13:39:00",1,False
"13916",463,"2009-12-01 11:10:00",5,False
"17753",463,"2010-01-06 14:20:00",5,False
"16290",464,"2010-05-23 11:46:00",4,False
"14025",464,"2010-05-05 09:56:00",10,False
"17599",464,"2010-08-19 12:50:00",3,False
"12771",464,"2010-08-11 11:51:00",2,False
"13714",464,"2010-08-31 13:57:00",1,False
"12761",464,"2010-09-01 10:47:00",1,False
"16819",464,"2010-08-31 17:31:00",2,False
"17145",464,"2010-02-19 12:07:00",7,False
"12804",465,"2010-07-27 13:52:00",2,False
"14433",465,"2010-08-31 12:35:00",1,False
"13540",466,"2010-02-22 09:22:00",3,False
"17792",466,"2010-08-18 13:08:00",2,False
"15784",467,"2010-02-05 14:42:00",2,False
"15430",467,"2010-06-29 15:04:00",3,False
"15166",467,"2010-08-29 12:31:00",1,False
"17270",468,"2009-12-07 17:18:00",2,False
"16870",468,"2010-08-27 13:53:00",1,False
"13478",468,"2010-01-31 15:51:00",7,False
"16197",468,"2009-12-16 11:44:00",9,False
"16288",469,"2010-08-26 14:45:00",1,False
"12800",469,"2010-02-01 11:02:00",2,False
"16375",469,"2010-08-26 14:12:00",2,False
"13150",470,"2010-03-19 09:03:00",4,False
"14260",470,"2010-06-09 11:23:00",3,False
"14787",470,"2010-08-25 14:38:00",1,False
"17005",470,"2010-04-30 10:52:00",3,False
"14026",470,"2010-03-24 14:10:00",2,False
"17963",470,"2010-01-19 17:25:00",4,False
"14268",470,"2010-08-26 10:45:00",1,False
"18124",471,"2010-08-24 17:21:00",1,False
"17336",471,"2010-08-24 15:37:00",1,False
"17292",471,"2010-05-09 14:52:00",2,False
"15666",471,"2010-08-01 15:41:00",2,False
"13361",471,"2010-04-01 07:49:00",2,False
"12765",471,"2010-03-08 09:43:00",6,False
"16299",472,"2010-08-19 17:46:00",2,False
"13123",472,"2010-06-28 12:43:00",2,False
"13415",472,"2009-12-11 14:20:00",5,False
"15003",472,"2010-01-26 13:04:00",7,False
"16396",472,"2010-08-20 14:17:00",3,False
"14187",473,"2010-08-23 12:06:00",1,False
"14767",473,"2010-08-22 14:54:00",1,False
"16234",473,"2010-05-27 10:39:00",4,False
"18140",473,"2010-08-23 11:58:00",1,False
"15055",474,"2009-12-16 15:48:00",3,False
"16004",474,"2010-01-25 13:56:00",5,False
"17471",474,"2010-08-22 11:53:00",1,False
"15702",475,"2010-08-20 14:50:00",1,False
"17699",476,"2010-05-27 11:53:00",2,False
"18286",476,"2009-12-16 10:45:00",3,False
"16890",476,"2010-05-06 16:27:00",3,False
"16294",476,"2010-08-20 12:01:00",1,False
"14521",476,"2010-08-05 16:35:00",2,False
"16286",476,"2010-03-26 09:58:00",4,False
"16562",476,"2010-08-20 11:45:00",1,False
"17745",477,"2010-06-02 09:03:00",2,False
"12801",477,"2010-07-27 09:38:00",2,False
"15268",478,"2010-04-13 11:27:00",4,False
"15310",478,"2010-08-18 11:38:00",1,False
"15072",478,"2010-08-17 15:46:00",1,False
"17627",478,"2009-12-10 19:08:00",2,False
"15008",479,"2010-03-12 11:13:00",2,False
"14749",479,"2010-08-17 12:36:00",1,False
"14011",479,"2010-04-11 13:40:00",3,False
"14531",479,"2010-08-17 10:16:00",1,False
"14872",480,"2010-03-16 14:41:00",4,False
"13063",480,"2010-08-16 12:27:00",1,False
"14996",480,"2010-08-15 13:41:00",2,False
"12687",480,"2010-08-16 12:12:00",1,False
"14097",480,"2010-03-04 10:46:00",2,False
"16631",481,"2010-02-26 10:49:00",8,False
"15893",481,"2010-08-15 11:12:00",1,False
"14153",482,"2010-08-13 14:35:00",1,False
"17156",483,"2010-08-05 11:30:00",2,False
"14630",483,"2010-08-12 16:38:00",1,False
"12959",483,"2010-08-12 17:20:00",1,False
"13511",483,"2010-02-01 12:10:00",2,False
"12542",483,"2010-03-09 16:26:00",4,False
"14822",484,"2010-08-11 12:52:00",1,False
"14736",484,"2010-08-11 15:13:00",2,False
"16632",485,"2010-05-07 16:46:00",2,False
"14144",485,"2010-08-10 15:17:00",1,False
"13839",485,"2010-08-10 13:52:00",1,False
"12745",486,"2010-05-14 16:50:00",2,False
"17482",486,"2010-05-10 14:10:00",2,False
"13084",487,"2010-08-05 08:49:00",2,False
"14575",487,"2010-08-08 14:51:00",1,False
"15595",487,"2010-08-09 12:27:00",1,False
"13653",487,"2010-08-09 08:19:00",1,False
"13783",487,"2010-02-04 13:47:00",4,False
"15013",487,"2010-01-31 12:15:00",10,False
"16939",488,"2010-02-28 13:33:00",3,False
"16196",488,"2010-08-08 11:40:00",1,False
"15908",490,"2010-07-15 19:21:00",2,False
"12525",490,"2009-12-04 10:10:00",8,False
"14043",490,"2009-12-10 14:34:00",3,False
"16334",491,"2010-08-04 16:38:00",1,False
"15403",491,"2009-12-09 12:45:00",2,False
"15387",491,"2010-08-04 16:05:00",1,False
"12998",492,"2010-02-24 11:55:00",4,False
"16417",492,"2010-08-04 09:08:00",1,False
"15873",492,"2010-07-27 11:58:00",5,False
"14253",492,"2010-03-26 15:08:00",2,False
"15798",492,"2010-01-27 11:55:00",3,False
"17665",492,"2010-08-03 13:12:00",1,False
"18207",493,"2010-07-28 14:26:00",3,False
"13679",493,"2009-12-04 16:52:00",3,False
"13766",494,"2010-08-01 14:25:00",1,False
"15200",494,"2010-08-02 09:38:00",1,False
"16937",498,"2010-07-28 17:56:00",1,False
"13796",498,"2010-07-28 14:45:00",1,False
"18264",498,"2010-07-29 10:02:00",1,False
"14833",498,"2010-07-29 10:06:00",1,False
"13371",498,"2010-03-17 15:29:00",4,False
"17168",498,"2010-07-29 12:33:00",1,False
"15284",499,"2010-07-27 13:25:00",1,False
"15331",499,"2010-04-09 14:26:00",4,False
"17224",500,"2010-07-26 13:30:00",1,False
"14384",500,"2010-07-27 09:53:00",1,False
"15015",500,"2009-12-14 13:49:00",20,False
"17918",500,"2010-07-22 14:20:00",3,False
"18026",500,"2010-07-22 16:21:00",2,False
"15788",500,"2010-07-19 12:48:00",2,False
"16219",500,"2010-07-27 11:44:00",1,False
"13855",500,"2009-12-08 16:56:00",5,False
"14938",501,"2010-05-26 13:35:00",4,False
"16894",501,"2010-06-22 14:21:00",5,False
"14435",501,"2010-07-26 12:33:00",1,False
"13201",501,"2010-03-07 11:01:00",4,False
"14115",501,"2010-02-11 11:44:00",2,False
"17494",501,"2010-07-26 10:06:00",1,False
"12813",501,"2010-01-15 16:52:00",3,False
"16075",502,"2010-05-24 15:57:00",3,False
"17112",502,"2010-07-25 11:14:00",1,False
"15431",502,"2010-07-25 12:44:00",1,False
"15946",502,"2010-03-16 10:49:00",3,False
"18132",503,"2010-07-23 16:54:00",1,False
"12595",504,"2010-07-23 09:10:00",1,False
"14166",504,"2010-03-23 15:10:00",2,False
"17113",504,"2010-01-11 10:14:00",8,False
"17177",504,"2010-07-22 14:53:00",1,False
"13788",504,"2010-07-22 15:50:00",1,False
"16165",504,"2010-07-22 14:17:00",1,False
"14858",505,"2010-07-22 10:51:00",1,False
"16736",505,"2009-12-03 16:12:00",8,False
"13913",506,"2010-07-21 10:11:00",1,False
"14797",506,"2010-07-20 14:07:00",1,False
"14061",506,"2009-12-01 18:03:00",3,False
"17395",507,"2010-07-19 15:34:00",1,False
"14674",508,"2010-07-18 14:25:00",1,False
"16467",508,"2009-12-02 11:59:00",8,False
"13734",508,"2010-04-16 08:42:00",6,False
"15633",508,"2009-12-08 17:51:00",18,False
"17261",509,"2010-07-18 11:49:00",1,False
"14563",509,"2010-04-26 12:51:00",2,False
"17541",509,"2010-07-18 11:36:00",1,False
"18021",509,"2010-07-15 18:47:00",2,False
"13074",510,"2009-12-16 11:46:00",5,False
"14430",511,"2010-04-11 15:59:00",5,False
"16435",511,"2010-07-13 13:29:00",3,False
"14486",511,"2010-06-04 10:30:00",2,False
"16251",511,"2010-07-15 14:55:00",1,False
"14084",511,"2010-07-15 14:36:00",1,False
"15542",511,"2009-12-02 11:53:00",4,False
"13559",512,"2010-06-14 11:52:00",2,False
"15941",512,"2010-03-12 14:45:00",2,False
"17559",512,"2010-07-15 12:02:00",1,False
"14007",512,"2010-07-15 09:06:00",1,False
"13872",512,"2009-12-08 19:06:00",6,False
"15259",512,"2010-01-26 09:41:00",4,False
"18197",513,"2010-05-13 10:46:00",2,False
"17773",513,"2010-01-18 14:32:00",2,False
"18238",514,"2010-07-12 12:51:00",1,False
"15650",514,"2010-03-21 11:46:00",3,False
"14069",514,"2010-05-27 12:30:00",2,False
"13779",515,"2010-07-12 11:24:00",1,False
"14516",515,"2010-07-11 14:07:00",1,False
"17847",515,"2010-03-04 12:57:00",2,False
"13595",516,"2010-03-03 14:42:00",3,False
"14580",517,"2010-07-09 15:20:00",1,False
"13612",517,"2010-03-17 12:14:00",2,False
"18279",518,"2010-07-08 14:48:00",1,False
"13997",518,"2010-06-07 17:33:00",3,False
"14695",518,"2009-12-07 11:05:00",4,False
"13337",518,"2010-06-11 13:27:00",2,False
"16544",519,"2010-02-15 13:20:00",6,False
"15056",519,"2010-07-07 15:58:00",1,False
"17129",519,"2010-07-07 13:46:00",1,False
"16649",519,"2010-07-07 15:41:00",1,False
"15137",520,"2009-12-08 18:47:00",5,False
"14876",520,"2010-05-27 13:49:00",2,False
"12632",520,"2010-05-24 09:07:00",4,False
"16443",520,"2010-07-07 11:57:00",1,False
"12825",520,"2010-03-08 10:17:00",2,False
"14279",520,"2010-01-27 16:34:00",2,False
"16158",521,"2009-12-05 15:00:00",10,False
"12730",521,"2010-07-06 12:19:00",1,False
"14900",521,"2010-07-05 15:09:00",1,False
"12529",522,"2010-06-29 13:10:00",2,False
"16974",522,"2010-05-24 10:43:00",2,False
"12469",522,"2010-06-21 10:30:00",2,False
"13125",523,"2010-07-04 11:58:00",1,False
"14366",524,"2010-07-02 17:23:00",1,False
"15486",526,"2010-06-30 13:15:00",1,False
"17748",526,"2010-06-30 13:49:00",1,False
"15851",526,"2010-07-01 12:34:00",1,False
"14835",526,"2010-04-01 19:34:00",3,False
"13620",527,"2010-06-29 15:02:00",1,False
"12746",527,"2009-12-08 17:08:00",3,False
"17332",527,"2010-02-21 14:41:00",5,False
"14774",528,"2010-06-29 12:26:00",1,False
"16683",528,"2010-06-24 10:36:00",2,False
"17448",528,"2010-03-04 17:29:00",48,False
"12485",528,"2010-06-28 15:22:00",1,False
"12799",528,"2010-06-28 15:57:00",1,False
"16733",529,"2010-06-28 10:12:00",1,False
"13057",529,"2010-03-18 12:14:00",4,False
"17437",529,"2010-06-28 11:11:00",1,False
"15102",530,"2010-06-11 10:16:00",2,False
"16453",530,"2010-06-09 13:15:00",2,False
"13585",530,"2009-12-01 14:56:00",4,False
"18214",530,"2010-06-03 19:47:00",5,False
"12741",532,"2010-06-24 16:24:00",1,False
"15323",532,"2010-02-16 09:21:00",4,False
"17099",532,"2010-06-24 16:25:00",1,False
"17304",533,"2010-06-23 16:23:00",1,False
"15991",533,"2010-06-23 15:50:00",1,False
"15913",533,"2010-06-23 16:31:00",1,False
"14509",533,"2010-06-23 13:21:00",1,False
"13942",534,"2010-06-23 12:35:00",1,False
"14874",534,"2010-06-22 14:58:00",1,False
"12810",534,"2010-02-01 09:52:00",2,False
"12774",535,"2010-06-22 10:38:00",1,False
"17192",535,"2010-06-21 16:07:00",1,False
"16390",536,"2010-01-29 15:25:00",3,False
"15126",536,"2010-01-21 17:09:00",2,False
"18128",536,"2010-06-20 13:19:00",1,False
"15538",537,"2010-02-14 12:38:00",11,False
"16486",537,"2010-06-20 12:16:00",1,False
"14919",538,"2010-06-18 13:06:00",1,False
"13676",538,"2010-03-30 16:53:00",3,False
"12932",538,"2010-02-10 08:46:00",8,False
"17953",539,"2010-06-17 15:08:00",1,False
"16661",539,"2009-12-17 15:39:00",5,False
"16925",539,"2010-06-17 15:03:00",1,False
"15718",539,"2010-06-17 16:20:00",1,False
"17610",539,"2009-12-06 14:58:00",8,False
"13608",540,"2010-06-17 12:28:00",1,False
"16492",540,"2010-06-17 08:20:00",1,False
"13586",540,"2010-06-16 13:47:00",1,False
"14374",540,"2010-06-16 14:25:00",1,False
"13112",540,"2009-12-08 17:40:00",3,False
"17401",540,"2010-06-16 16:54:00",1,False
"16538",540,"2010-04-23 16:25:00",3,False
"16622",541,"2010-06-14 10:44:00",2,False
"15816",541,"2010-06-15 12:54:00",3,False
"15040",541,"2010-06-16 11:40:00",1,False
"17020",541,"2010-03-03 12:27:00",2,False
"15926",541,"2010-06-15 15:23:00",1,False
"17922",542,"2010-06-14 16:32:00",1,False
"15905",542,"2010-06-14 16:00:00",1,False
"18020",543,"2010-06-14 12:31:00",2,False
"13383",543,"2010-06-14 11:45:00",1,False
"13190",543,"2009-12-07 12:13:00",4,False
"16132",543,"2010-03-22 10:25:00",2,False
"13619",544,"2010-02-03 14:16:00",2,False
"16547",545,"2010-06-11 13:02:00",1,False
"13794",546,"2010-06-11 12:30:00",1,False
"17902",546,"2010-06-11 12:25:00",1,False
"15684",546,"2009-12-04 16:13:00",6,False
"17246",546,"2009-12-01 17:45:00",2,False
"16862",546,"2010-01-07 12:57:00",4,False
"13438",546,"2010-06-10 18:46:00",1,False
"17971",547,"2010-06-09 14:04:00",1,False
"16604",547,"2010-05-20 16:34:00",3,False
"12634",547,"2010-06-09 15:41:00",1,False
"13020",547,"2010-02-18 10:35:00",5,False
"15183",547,"2010-05-04 11:31:00",4,False
"15352",548,"2010-06-09 11:28:00",1,False
"14671",548,"2010-05-20 18:21:00",2,False
"18103",548,"2010-06-08 13:36:00",1,False
"17417",548,"2010-06-09 10:00:00",1,False
"17808",548,"2010-05-07 16:26:00",4,False
"18100",549,"2010-06-07 14:19:00",1,False
"14028",549,"2010-06-07 12:02:00",4,False
"17543",549,"2010-06-08 12:41:00",1,False
"14786",549,"2010-06-07 13:42:00",1,False
"17784",549,"2010-06-07 16:08:00",1,False
"18137",550,"2010-06-06 13:45:00",2,False
"13056",550,"2010-06-06 14:10:00",1,False
"17009",550,"2010-06-06 16:01:00",1,False
"17915",550,"2010-06-06 13:22:00",1,False
"15956",550,"2009-12-13 11:16:00",2,False
"16335",551,"2009-12-04 10:18:00",8,False
"18234",551,"2010-06-06 11:22:00",1,False
"12911",551,"2010-06-06 12:13:00",1,False
"18206",552,"2010-06-04 13:47:00",1,False
"15731",553,"2010-06-04 10:10:00",1,False
"16798",553,"2009-12-10 19:35:00",4,False
"12675",553,"2010-05-10 16:44:00",4,False
"13175",553,"2009-12-04 12:11:00",4,False
"17216",553,"2010-06-03 13:03:00",1,False
"16896",554,"2010-06-02 15:40:00",1,False
"14033",554,"2010-06-02 15:10:00",1,False
"12677",554,"2009-12-07 14:38:00",3,False
"17845",554,"2010-05-12 13:04:00",4,False
"15305",554,"2010-06-02 13:50:00",1,False
"15359",554,"2010-01-15 11:30:00",9,False
"15715",555,"2010-03-30 12:17:00",5,False
"18038",555,"2010-06-01 15:59:00",1,False
"15711",556,"2010-01-24 12:13:00",2,False
"17617",558,"2010-05-18 09:52:00",2,False
"16035",559,"2010-05-28 15:09:00",1,False
"12499",559,"2010-05-28 15:12:00",1,False
"17583",559,"2010-05-28 14:24:00",1,False
"18163",560,"2010-05-04 14:51:00",2,False
"16695",561,"2010-05-27 12:24:00",2,False
"15878",561,"2009-12-06 12:28:00",2,False
"15278",561,"2010-02-12 14:53:00",4,False
"15340",561,"2010-05-27 10:27:00",1,False
"16046",561,"2010-05-26 13:18:00",1,False
"16067",562,"2010-02-02 18:01:00",6,False
"15217",562,"2010-05-25 13:51:00",1,False
"16328",562,"2010-05-25 14:02:00",1,False
"16844",562,"2010-05-06 09:16:00",2,False
"17074",562,"2010-05-26 12:04:00",1,False
"14993",563,"2010-05-25 12:47:00",1,False
"12773",563,"2010-05-24 17:30:00",2,False
"13768",563,"2009-12-01 12:33:00",8,False
"18000",563,"2010-05-24 17:34:00",1,False
"16831",564,"2010-05-24 09:08:00",1,False
"14010",564,"2010-05-23 12:46:00",3,False
"14394",564,"2010-05-24 10:43:00",1,False
"18052",564,"2010-05-24 11:11:00",1,False
"15086",564,"2010-03-24 13:56:00",2,False
"18208",565,"2010-05-23 11:54:00",1,False
"15559",567,"2010-05-20 14:06:00",1,False
"14464",567,"2010-03-22 15:20:00",2,False
"13616",567,"2010-01-17 14:56:00",2,False
"17184",568,"2009-12-09 14:17:00",2,False
"16664",568,"2010-05-19 17:11:00",1,False
"13164",568,"2010-02-10 11:52:00",3,False
"16615",568,"2010-03-23 15:13:00",2,False
"16564",568,"2010-05-19 14:41:00",1,False
"15282",569,"2010-05-18 16:27:00",1,False
"14325",569,"2010-05-19 09:20:00",1,False
"13905",570,"2009-12-07 11:41:00",3,False
"15391",570,"2010-05-04 15:04:00",2,False
"14678",570,"2010-05-09 14:32:00",2,False
"13432",570,"2010-04-06 14:42:00",2,False
"18157",570,"2010-05-17 14:09:00",1,False
"14017",570,"2010-05-17 14:52:00",1,False
"16507",571,"2010-05-16 12:56:00",1,False
"12806",571,"2010-04-30 10:44:00",2,False
"14982",571,"2010-05-16 15:52:00",1,False
"16922",572,"2010-05-16 11:24:00",1,False
"16077",573,"2010-03-24 10:42:00",2,False
"13830",573,"2010-05-07 12:24:00",2,False
"14831",573,"2009-12-02 09:21:00",7,False
"13400",573,"2010-05-06 09:00:00",2,False
"12894",574,"2010-05-13 14:47:00",1,False
"16088",575,"2010-04-27 10:56:00",2,False
"15470",575,"2010-05-13 09:35:00",1,False
"17484",575,"2010-03-25 16:17:00",2,False
"12482",575,"2010-02-24 10:24:00",27,False
"14685",575,"2009-12-13 10:32:00",13,False
"12549",575,"2010-01-11 12:29:00",5,False
"14391",576,"2010-05-12 09:42:00",1,False
"17016",576,"2010-05-12 12:32:00",1,False
"12905",576,"2010-01-26 14:06:00",3,False
"13222",576,"2010-05-11 13:54:00",1,False
"13834",576,"2009-12-17 17:47:00",3,False
"16487",576,"2010-02-18 17:36:00",2,False
"13943",577,"2010-05-11 11:30:00",1,False
"14588",577,"2010-05-10 15:08:00",1,False
"18275",577,"2009-12-08 16:23:00",2,False
"17563",577,"2010-04-07 10:02:00",4,False
"17077",577,"2010-05-10 16:36:00",1,False
"13051",578,"2010-03-30 11:11:00",2,False
"13407",578,"2010-02-16 11:13:00",6,False
"14361",578,"2010-05-10 12:29:00",1,False
"14941",578,"2010-05-10 11:30:00",1,False
"13007",579,"2010-05-09 10:38:00",1,False
"14814",580,"2010-05-07 14:10:00",1,False
"17028",580,"2009-12-18 14:28:00",3,False
"18254",580,"2010-05-07 14:37:00",1,False
"17225",581,"2010-05-07 11:38:00",1,False
"17798",581,"2010-05-07 11:42:00",1,False
"14826",581,"2010-01-13 13:08:00",2,False
"13143",581,"2010-05-04 12:22:00",2,False
"17199",581,"2010-05-06 13:53:00",1,False
"15868",582,"2010-05-05 14:11:00",1,False
"18028",582,"2010-05-05 13:28:00",1,False
"18111",582,"2010-04-29 12:58:00",2,False
"13287",582,"2010-01-04 10:43:00",7,False
"16543",582,"2010-04-27 11:38:00",2,False
"15591",582,"2010-02-04 09:20:00",3,False
"12503",583,"2010-05-04 13:59:00",1,False
"13039",583,"2009-12-17 16:43:00",4,False
"13042",583,"2009-12-07 15:42:00",4,False
"13393",583,"2009-12-07 18:12:00",6,False
"15229",585,"2010-05-02 13:50:00",1,False
"16651",586,"2010-05-02 11:46:00",1,False
"17565",586,"2010-05-02 11:54:00",1,False
"15818",587,"2010-04-30 12:58:00",1,False
"14683",587,"2010-04-30 17:18:00",1,False
"14650",588,"2010-04-29 20:27:00",1,False
"14773",588,"2010-04-26 10:29:00",2,False
"15954",588,"2010-04-29 13:35:00",1,False
"14724",589,"2010-04-28 13:26:00",1,False
"17605",589,"2010-04-28 14:45:00",1,False
"12698",589,"2010-04-28 15:51:00",1,False
"16267",590,"2010-04-27 14:10:00",1,False
"13775",590,"2010-04-28 12:15:00",1,False
"15586",590,"2010-01-08 10:02:00",4,False
"12392",590,"2010-04-27 14:04:00",1,False
"14471",590,"2009-12-07 12:26:00",2,False
"16749",590,"2009-12-15 14:05:00",2,False
"16408",590,"2010-04-27 14:08:00",1,False
"17959",591,"2010-04-26 14:12:00",1,False
"17185",591,"2010-04-20 13:49:00",3,False
"18091",592,"2010-04-25 13:18:00",1,False
"14677",592,"2010-04-26 09:48:00",1,False
"13609",592,"2010-04-25 13:26:00",1,False
"14743",592,"2010-04-26 10:26:00",1,False
"17093",592,"2010-04-26 10:22:00",1,False
"14999",592,"2010-04-26 10:47:00",1,False
"16585",593,"2010-01-13 13:31:00",2,False
"16068",593,"2010-04-25 11:52:00",1,False
"16028",595,"2010-04-23 11:45:00",1,False
"14556",595,"2010-01-20 11:49:00",3,False
"15231",595,"2010-03-28 15:12:00",2,False
"17240",595,"2010-04-22 15:44:00",1,False
"15548",595,"2010-04-23 12:20:00",1,False
"15474",595,"2010-04-23 11:14:00",1,False
"17057",595,"2010-04-22 19:21:00",1,False
"17729",595,"2010-04-22 15:03:00",1,False
"14917",596,"2010-04-22 09:44:00",2,False
"13698",596,"2010-01-27 09:02:00",2,False
"17681",596,"2009-12-11 13:11:00",6,False
"17622",596,"2010-04-20 13:38:00",3,False
"13625",596,"2010-04-22 10:50:00",1,False
"15176",596,"2010-02-10 10:36:00",2,False
"13935",596,"2010-02-25 16:01:00",3,False
"12983",597,"2010-04-20 12:58:00",1,False
"15455",597,"2010-04-21 12:43:00",1,False
"18134",597,"2010-01-14 11:59:00",2,False
"14812",598,"2010-04-20 12:13:00",1,False
"15682",598,"2010-01-21 14:37:00",3,False
"16548",598,"2010-04-19 16:15:00",1,False
"12780",598,"2010-04-20 09:40:00",1,False
"17825",598,"2009-12-14 12:09:00",4,False
"13286",599,"2010-04-18 15:35:00",1,False
"15273",599,"2010-04-19 11:31:00",1,False
"17474",599,"2010-04-19 10:43:00",1,False
"12742",599,"2010-03-24 12:43:00",2,False
"14845",599,"2010-04-19 10:19:00",1,False
"17842",601,"2010-04-16 14:23:00",1,False
"15979",602,"2010-04-16 11:35:00",1,False
"13661",602,"2010-04-15 14:58:00",1,False
"17032",602,"2009-12-10 15:36:00",7,False
"12969",602,"2010-04-16 10:50:00",1,False
"17626",602,"2010-04-16 12:15:00",1,False
"16840",602,"2010-02-03 12:42:00",2,False
"17039",603,"2010-04-14 12:56:00",1,False
"15771",603,"2010-01-15 12:14:00",3,False
"14172",604,"2010-03-07 10:58:00",4,False
"12459",604,"2010-04-13 14:53:00",1,False
"15982",604,"2010-04-13 15:47:00",1,False
"14771",605,"2009-12-03 09:44:00",3,False
"12671",605,"2010-04-12 16:30:00",1,False
"13852",606,"2010-04-08 09:06:00",2,False
"14791",606,"2010-04-12 10:24:00",1,False
"15546",606,"2010-04-12 11:45:00",3,False
"13180",606,"2010-04-11 13:37:00",1,False
"16944",609,"2010-04-09 11:03:00",1,False
"14160",609,"2010-01-10 12:06:00",7,False
"13163",609,"2010-02-21 16:22:00",2,False
"12786",609,"2010-04-09 12:12:00",1,False
"18271",609,"2009-12-08 11:27:00",2,False
"13197",609,"2010-04-09 09:14:00",1,False
"15613",609,"2010-04-08 12:51:00",1,False
"17529",609,"2010-01-11 12:29:00",2,False
"15112",610,"2010-04-07 14:17:00",1,False
"13640",610,"2010-04-07 15:33:00",1,False
"15309",610,"2009-12-04 13:01:00",10,False
"14990",611,"2009-12-09 13:31:00",2,False
"13071",611,"2010-04-06 13:37:00",1,False
"12711",611,"2010-02-01 11:30:00",2,False
"16941",611,"2010-04-07 11:13:00",1,False
"15770",612,"2010-04-06 11:47:00",1,False
"17477",612,"2010-03-02 11:53:00",5,False
"14694",616,"2010-04-01 19:46:00",1,False
"17993",616,"2010-04-01 14:23:00",1,False
"14200",616,"2010-04-01 13:01:00",1,False
"16845",617,"2010-03-31 13:09:00",1,False
"15029",617,"2010-03-30 12:16:00",2,False
"16704",617,"2010-02-05 14:14:00",2,False
"13219",617,"2010-03-31 14:18:00",1,False
"15742",618,"2010-03-30 15:25:00",1,False
"14706",618,"2010-03-31 11:09:00",1,False
"14928",618,"2010-03-22 09:14:00",2,False
"13179",618,"2010-03-31 11:40:00",1,False
"17586",618,"2010-03-30 13:12:00",1,False
"12533",618,"2009-12-01 11:50:00",6,False
"16502",619,"2010-03-29 13:39:00",2,False
"12861",619,"2010-03-30 11:39:00",1,False
"12496",619,"2010-03-29 13:57:00",2,False
"15575",619,"2010-03-30 12:50:00",1,False
"13412",619,"2010-03-29 16:28:00",1,False
"14809",620,"2010-03-28 15:42:00",2,False
"14378",621,"2010-03-28 12:22:00",1,False
"13053",621,"2010-03-28 11:28:00",1,False
"13825",621,"2009-12-09 14:30:00",2,False
"15848",621,"2010-03-28 10:54:00",1,False
"18187",622,"2010-03-18 09:49:00",3,False
"14074",622,"2010-03-26 13:55:00",1,False
"18166",623,"2010-03-26 12:26:00",1,False
"15698",623,"2010-03-25 17:38:00",1,False
"15911",623,"2009-12-09 13:26:00",8,False
"16090",623,"2010-03-25 13:05:00",1,False
"14330",623,"2010-03-26 09:10:00",1,False
"12663",624,"2010-02-09 14:28:00",3,False
"13459",624,"2010-01-26 13:35:00",2,False
"16002",624,"2010-03-24 13:08:00",1,False
"16741",624,"2010-03-24 15:15:00",1,False
"17072",624,"2010-03-24 16:33:00",1,False
"13445",625,"2010-03-23 15:34:00",1,False
"16578",625,"2010-03-23 15:11:00",1,False
"16296",625,"2009-12-18 12:03:00",6,False
"16970",625,"2010-03-23 13:50:00",1,False
"13896",625,"2010-03-24 08:55:00",1,False
"16911",626,"2010-02-16 16:12:00",3,False
"17539",626,"2009-12-13 12:36:00",5,False
"14596",626,"2010-03-23 12:13:00",1,False
"12368",627,"2010-03-21 15:56:00",1,False
"16397",627,"2010-03-21 15:36:00",1,False
"12796",627,"2010-03-21 15:49:00",1,False
"17285",627,"2010-02-14 14:10:00",2,False
"17587",627,"2010-03-21 14:16:00",1,False
"17916",628,"2009-12-06 14:10:00",2,False
"16508",629,"2010-03-19 13:41:00",1,False
"16452",630,"2010-01-15 12:22:00",2,False
"13128",630,"2010-03-18 15:08:00",1,False
"15496",630,"2010-03-18 13:16:00",1,False
"18131",631,"2010-03-18 08:48:00",1,False
"13902",631,"2009-12-08 17:13:00",7,False
"17933",631,"2010-03-17 15:11:00",1,False
"14604",632,"2010-03-16 13:00:00",1,False
"17568",632,"2010-03-16 16:45:00",1,False
"17479",632,"2010-03-17 09:26:00",1,False
"13543",633,"2010-01-21 14:30:00",2,False
"13530",633,"2010-03-15 14:10:00",1,False
"12366",633,"2010-03-16 10:28:00",1,False
"18051",633,"2009-12-09 12:17:00",8,False
"12495",634,"2010-03-09 10:53:00",2,False
"13688",634,"2010-03-14 14:11:00",1,False
"12692",636,"2010-03-12 14:02:00",1,False
"13724",636,"2010-03-12 15:28:00",1,False
"17065",637,"2010-03-12 11:40:00",2,False
"12954",638,"2010-03-11 10:16:00",1,False
"15558",638,"2010-03-10 15:25:00",2,False
"13413",639,"2010-01-21 17:43:00",7,False
"16537",640,"2010-03-08 13:41:00",1,False
"13641",640,"2009-12-05 13:17:00",6,False
"15250",640,"2010-03-09 07:35:00",1,False
"17907",640,"2010-03-09 12:33:00",1,False
"13454",640,"2010-03-08 14:40:00",1,False
"17488",640,"2010-03-08 14:07:00",1,False
"15631",641,"2010-03-07 14:52:00",1,False
"18029",641,"2010-03-07 15:30:00",1,False
"14369",641,"2010-02-16 10:28:00",2,False
"16534",641,"2010-03-07 15:47:00",1,False
"18253",642,"2010-03-07 12:38:00",1,False
"15929",643,"2010-03-05 14:56:00",1,False
"17577",644,"2010-02-09 10:10:00",2,False
"12568",644,"2010-03-05 09:15:00",1,False
"14018",644,"2010-03-04 14:23:00",1,False
"13879",645,"2010-03-04 10:49:00",1,False
"18152",645,"2010-03-03 15:26:00",1,False
"16285",645,"2010-03-03 16:03:00",1,False
"15875",645,"2010-03-03 16:51:00",1,False
"18148",646,"2010-03-03 11:40:00",1,False
"13793",646,"2010-03-03 08:25:00",1,False
"15927",646,"2010-03-02 13:25:00",1,False
"17638",646,"2009-12-18 09:58:00",2,False
"16731",647,"2010-03-01 15:05:00",1,False
"16273",647,"2010-02-21 16:02:00",2,False
"17116",647,"2010-03-01 16:29:00",1,False
"17305",648,"2010-03-01 12:47:00",1,False
"17209",648,"2009-12-03 11:10:00",3,False
"14131",648,"2010-03-01 11:59:00",1,False
"18046",649,"2010-02-28 11:36:00",1,False
"15943",649,"2010-01-31 11:04:00",2,False
"15477",649,"2010-02-28 10:37:00",1,False
"14402",651,"2010-02-25 13:20:00",1,False
"13604",651,"2010-02-19 12:02:00",2,False
"17207",651,"2010-02-25 19:08:00",1,False
"13765",652,"2010-02-24 13:46:00",1,False
"13469",652,"2010-02-24 15:03:00",1,False
"14558",652,"2009-12-01 14:47:00",5,False
"13944",652,"2010-02-24 15:02:00",1,False
"14091",653,"2010-01-10 13:41:00",2,False
"16388",653,"2010-02-24 10:20:00",1,False
"13490",653,"2010-02-23 14:48:00",1,False
"15295",653,"2010-02-23 13:03:00",1,False
"14783",654,"2010-02-18 16:16:00",2,False
"14726",654,"2010-02-23 12:35:00",1,False
"17195",654,"2010-02-22 13:05:00",1,False
"17439",655,"2010-02-22 12:48:00",1,False
"15928",655,"2010-02-21 15:16:00",1,False
"14602",655,"2010-02-21 15:47:00",1,False
"12416",656,"2010-02-21 10:19:00",1,False
"13191",657,"2010-02-19 17:02:00",1,False
"18153",658,"2010-02-18 15:50:00",1,False
"14244",658,"2010-02-17 11:40:00",2,False
"17721",658,"2010-02-18 15:18:00",1,False
"15693",658,"2010-02-18 14:37:00",1,False
"18267",659,"2010-02-05 08:43:00",2,False
"16481",659,"2010-01-26 13:09:00",3,False
"18285",660,"2010-02-17 10:24:00",1,False
"15662",660,"2009-12-01 13:49:00",2,False
"14989",661,"2010-02-16 10:40:00",1,False
"17136",661,"2010-02-15 13:13:00",1,False
"17778",661,"2010-02-16 12:44:00",1,False
"15371",661,"2010-02-15 13:14:00",1,False
"17662",661,"2009-12-17 09:54:00",2,False
"14943",662,"2010-02-14 16:04:00",1,False
"15964",662,"2010-02-14 15:30:00",1,False
"17108",663,"2010-02-14 12:22:00",1,False
"16822",663,"2009-12-08 17:05:00",3,False
"14190",665,"2010-02-11 14:27:00",1,False
"15293",665,"2010-02-12 11:54:00",1,False
"17780",666,"2010-01-24 11:21:00",3,False
"17575",666,"2010-02-10 13:48:00",1,False
"16577",666,"2010-02-11 09:45:00",1,False
"14072",666,"2010-02-11 12:31:00",1,False
"15765",666,"2010-02-11 10:25:00",1,False
"13442",666,"2009-12-01 14:59:00",3,False
"12776",667,"2010-02-10 12:11:00",1,False
"16530",667,"2010-02-09 15:30:00",1,False
"16436",667,"2009-12-06 16:02:00",4,False
"17810",668,"2010-01-25 10:26:00",2,False
"15082",668,"2010-02-09 10:23:00",1,False
"15892",668,"2010-02-08 16:23:00",1,False
"17319",668,"2010-02-08 15:47:00",1,False
"17294",668,"2010-02-08 14:21:00",2,False
"13119",668,"2010-02-09 08:38:00",1,False
"18070",668,"2009-12-08 17:15:00",2,False
"14884",668,"2010-02-08 12:56:00",1,False
"16082",669,"2010-02-07 15:16:00",1,False
"13009",672,"2010-02-05 12:22:00",1,False
"17328",672,"2010-02-04 17:11:00",1,False
"13234",672,"2009-12-07 12:32:00",2,False
"14151",672,"2009-12-23 10:54:00",3,False
"12396",673,"2010-02-03 13:22:00",1,False
"14545",673,"2010-02-03 15:23:00",1,False
"13757",674,"2010-02-03 12:37:00",1,False
"13553",674,"2010-02-03 12:21:00",1,False
"18199",675,"2010-01-25 11:32:00",2,False
"12848",675,"2010-02-02 12:45:00",1,False
"13628",675,"2010-02-01 14:44:00",1,False
"18175",675,"2010-02-02 10:25:00",1,False
"14637",676,"2010-01-31 15:52:00",1,False
"15338",676,"2010-01-31 14:25:00",1,False
"15317",676,"2009-12-08 16:43:00",2,False
"13392",676,"2010-01-31 13:34:00",1,False
"15588",677,"2010-01-31 12:19:00",1,False
"16673",678,"2010-01-29 14:22:00",1,False
"16802",678,"2009-12-09 13:00:00",2,False
"14613",679,"2010-01-28 13:02:00",1,False
"16137",679,"2010-01-28 15:04:00",1,False
"15487",679,"2010-01-29 12:07:00",1,False
"17982",680,"2010-01-28 09:38:00",1,False
"15959",681,"2010-01-26 16:19:00",3,False
"16051",681,"2010-01-27 09:38:00",1,False
"14137",681,"2010-01-13 12:30:00",2,False
"12869",681,"2010-01-27 12:10:00",1,False
"14376",682,"2010-01-25 15:36:00",1,False
"12439",682,"2009-12-14 08:40:00",3,False
"14519",683,"2009-12-11 10:40:00",2,False
"14751",683,"2009-12-13 14:08:00",2,False
"14070",684,"2010-01-24 12:27:00",1,False
"14879",684,"2010-01-24 11:35:00",1,False
"13036",684,"2010-01-24 11:35:00",1,False
"14274",685,"2010-01-22 12:51:00",1,False
"17794",686,"2010-01-20 12:17:00",2,False
"14063",686,"2009-12-08 13:46:00",7,False
"17875",687,"2010-01-20 15:30:00",1,False
"14207",687,"2010-01-21 09:33:00",1,False
"14983",688,"2010-01-19 17:32:00",1,False
"13315",688,"2010-01-19 15:34:00",1,False
"13622",688,"2010-01-12 13:22:00",2,False
"13457",688,"2009-12-02 12:46:00",4,False
"16867",689,"2010-01-19 09:11:00",1,False
"12470",689,"2010-01-19 11:01:00",1,False
"15375",689,"2010-01-18 15:38:00",1,False
"15697",689,"2010-01-19 09:10:00",1,False
"14892",690,"2010-01-18 08:58:00",1,False
"13907",691,"2010-01-17 12:22:00",1,False
"15413",691,"2009-12-01 10:18:00",5,False
"12860",692,"2010-01-15 15:22:00",1,False
"16304",694,"2010-01-14 08:30:00",1,False
"17352",695,"2010-01-12 16:13:00",1,False
"17945",696,"2010-01-12 11:33:00",3,False
"18115",697,"2010-01-11 11:57:00",1,False
"15324",700,"2010-01-07 14:37:00",1,False
"15409",701,"2009-12-18 15:35:00",2,False
"14969",703,"2010-01-05 12:43:00",1,False
"13111",718,"2009-12-21 09:00:00",1,False
"13847",719,"2009-12-20 10:41:00",1,False
"16439",721,"2009-12-17 14:22:00",1,False
"17103",721,"2009-12-17 14:08:00",1,False
"16908",721,"2009-12-17 13:35:00",2,False
"17927",721,"2009-12-18 11:03:00",1,False
"15302",721,"2009-12-09 13:11:00",2,False
"17833",722,"2009-12-16 13:40:00",1,False
"14095",722,"2009-12-17 12:49:00",1,False
"18186",722,"2009-12-17 10:22:00",1,False
"18012",722,"2009-12-16 13:16:00",1,False
"16195",722,"2009-12-16 14:09:00",1,False
"16694",722,"2009-12-16 15:45:00",1,False
"18201",722,"2009-12-17 08:55:00",1,False
"16605",723,"2009-12-15 19:03:00",1,False
"15499",723,"2009-12-16 12:17:00",1,False
"12941",723,"2009-12-15 13:12:00",1,False
"13289",723,"2009-12-16 11:53:00",1,False
"14042",724,"2009-12-14 15:07:00",1,False
"15188",724,"2009-12-14 13:30:00",1,False
"12992",724,"2009-12-14 16:46:00",1,False
"17318",724,"2009-12-14 13:11:00",1,False
"16280",724,"2009-12-14 15:49:00",1,False
"17012",724,"2009-12-14 17:34:00",1,False
"15672",724,"2009-12-14 16:52:00",1,False
"17067",724,"2009-12-08 12:03:00",3,False
"16064",724,"2009-12-14 16:11:00",1,False
"13087",725,"2009-12-13 15:16:00",1,False
"17066",725,"2009-12-13 13:24:00",1,False
"15534",725,"2009-12-14 12:48:00",1,False
"14977",725,"2009-12-14 10:37:00",1,False
"17910",725,"2009-12-13 16:04:00",1,False
"17487",727,"2009-12-11 15:06:00",1,False
"15162",728,"2009-12-08 13:14:00",2,False
"16663",728,"2009-12-10 13:12:00",1,False
"12979",728,"2009-12-10 15:45:00",2,False
"16901",728,"2009-12-10 16:30:00",1,False
"17296",729,"2009-12-09 14:01:00",1,False
"16459",729,"2009-12-10 12:42:00",1,False
"13498",729,"2009-12-09 15:26:00",1,False
"15085",729,"2009-12-10 11:47:00",1,False
"15642",729,"2009-12-10 11:51:00",1,False
"15209",729,"2009-12-09 17:26:00",1,False
"17178",730,"2009-12-08 16:20:00",1,False
"13114",730,"2009-12-09 09:56:00",1,False
"15924",730,"2009-12-08 15:00:00",1,False
"13204",730,"2009-12-08 14:56:00",1,False
"12487",730,"2009-12-09 09:16:00",2,False
"18162",731,"2009-12-07 13:24:00",1,False
"13025",731,"2009-12-08 10:02:00",1,False
"17441",731,"2009-12-07 13:32:00",1,False
"12443",731,"2009-12-07 15:42:00",1,False
"14003",732,"2009-12-07 08:53:00",1,False
"15479",732,"2009-12-06 15:08:00",1,False
"14955",732,"2009-12-07 11:35:00",1,False
"14574",732,"2009-12-07 12:42:00",1,False
"16964",732,"2009-12-06 12:51:00",2,False
"14717",732,"2009-12-06 12:46:00",2,False
"14123",732,"2009-12-06 15:35:00",1,False
"16277",733,"2009-12-06 11:27:00",1,False
"14468",733,"2009-12-06 12:21:00",1,False
"16410",733,"2009-12-05 14:51:00",1,False
"16541",734,"2009-12-04 12:29:00",2,False
"14979",734,"2009-12-04 12:54:00",1,False
"17151",734,"2009-12-04 14:56:00",1,False
"16192",735,"2009-12-04 12:28:00",1,False
"15999",735,"2009-12-04 12:31:00",1,False
"17271",735,"2009-12-03 13:49:00",1,False
"16645",735,"2009-12-04 09:49:00",1,False
"15794",735,"2009-12-02 15:10:00",2,False
"14750",735,"2009-12-03 17:57:00",1,False
"14347",736,"2009-12-03 10:49:00",1,False
"12934",736,"2009-12-03 10:51:00",1,False
"14106",736,"2009-12-02 14:09:00",1,False
"16301",736,"2009-12-03 10:20:00",1,False
"17909",736,"2009-12-02 13:10:00",1,False
"17606",736,"2009-12-02 13:32:00",1,False
"14980",736,"2009-12-02 14:09:00",1,False
"13526",737,"2009-12-01 12:56:00",4,False
"15833",737,"2009-12-02 11:59:00",1,False
"14654",737,"2009-12-01 12:57:00",1,False
"17056",737,"2009-12-01 12:55:00",1,False
"17087",737,"2009-12-02 10:41:00",1,False
"17818",737,"2009-12-02 11:34:00",1,False
"17592",738,"2009-12-01 10:44:00",2,False
