"customer_id","total_orders","cancelled_orders","order_level_rate","total_line_items","cancelled_line_items","line_item_rate","rate_gap"
"16118.0",5,4,0.8000,47,6,0.1277,0.6723
"16297.0",4,3,0.7500,23,3,0.1304,0.6196
"12579.0",3,2,0.6667,31,2,0.0645,0.6022
"16476.0",3,2,0.6667,26,2,0.0769,0.5898
"16262.0",3,2,0.6667,50,4,0.0800,0.5867
"18207.0",3,2,0.6667,34,3,0.0882,0.5785
"14245.0",5,3,0.6000,112,4,0.0357,0.5643
"17820.0",3,2,0.6667,47,5,0.1064,0.5603
"12505.0",3,2,0.6667,47,5,0.1064,0.5603
"17531.0",9,6,0.6667,65,7,0.1077,0.5590
"17603.0",11,7,0.6364,116,9,0.0776,0.5588
"18187.0",3,2,0.6667,54,6,0.1111,0.5556
"17693.0",3,2,0.6667,18,2,0.1111,0.5556
"12807.0",3,2,0.6667,18,2,0.1111,0.5556
"12479.0",3,2,0.6667,35,4,0.1143,0.5524
"16240.0",5,3,0.6000,142,7,0.0493,0.5507
"14564.0",5,3,0.6000,113,6,0.0531,0.5469
"12590.0",5,3,0.6000,72,4,0.0556,0.5444
"12797.0",6,4,0.6667,49,6,0.1224,0.5443
"17477.0",5,3,0.6000,47,3,0.0638,0.5362
"12809.0",8,5,0.6250,89,8,0.0899,0.5351
"13020.0",5,3,0.6000,42,3,0.0714,0.5286
"14875.0",7,4,0.5714,93,4,0.0430,0.5284
"13768.0",8,6,0.7500,43,10,0.2326,0.5174
"13109.0",7,4,0.5714,74,4,0.0541,0.5173
"16576.0",5,3,0.6000,36,3,0.0833,0.5167
"12746.0",3,2,0.6667,20,3,0.1500,0.5167
"16732.0",9,5,0.5556,230,9,0.0391,0.5165
"13115.0",23,13,0.5652,331,17,0.0514,0.5138
"13281.0",3,2,0.6667,26,4,0.1538,0.5129
"16822.0",3,2,0.6667,13,2,0.1538,0.5129
"14777.0",4,3,0.7500,21,5,0.2381,0.5119
"18183.0",6,4,0.6667,44,7,0.1591,0.5076
"16984.0",19,10,0.5263,1160,27,0.0233,0.5030
"14096.0",34,17,0.5000,5128,17,0.0033,0.4967
"13422.0",2,1,0.5000,128,1,0.0078,0.4922
"15880.0",2,1,0.5000,212,2,0.0094,0.4906
"13850.0",2,1,0.5000,94,1,0.0106,0.4894
"16278.0",7,4,0.5714,60,5,0.0833,0.4881
"12616.0",7,4,0.5714,59,5,0.0847,0.4867
"12742.0",2,1,0.5000,68,1,0.0147,0.4853
"15309.0",10,6,0.6000,61,7,0.1148,0.4852
"17727.0",2,1,0.5000,67,1,0.0149,0.4851
"12385.0",2,1,0.5000,66,1,0.0152,0.4848
"13235.0",2,1,0.5000,59,1,0.0169,0.4831
"12675.0",4,2,0.5000,115,2,0.0174,0.4826
"14831.0",7,4,0.5714,90,8,0.0889,0.4825
"12979.0",2,1,0.5000,57,1,0.0175,0.4825
"16536.0",2,1,0.5000,56,1,0.0179,0.4821
"16269.0",2,1,0.5000,54,1,0.0185,0.4815
"15176.0",2,1,0.5000,53,1,0.0189,0.4811
"15468.0",7,4,0.5714,88,8,0.0909,0.4805
"12801.0",2,1,0.5000,51,1,0.0196,0.4804
"12858.0",2,1,0.5000,50,1,0.0200,0.4800
"12511.0",2,1,0.5000,194,4,0.0206,0.4794
"14568.0",2,1,0.5000,48,1,0.0208,0.4792
"14094.0",2,1,0.5000,48,1,0.0208,0.4792
"13338.0",10,6,0.6000,146,18,0.1233,0.4767
"15275.0",2,1,0.5000,42,1,0.0238,0.4762
"16971.0",2,1,0.5000,42,1,0.0238,0.4762
"13660.0",2,1,0.5000,42,1,0.0238,0.4762
"13424.0",2,1,0.5000,41,1,0.0244,0.4756
"14267.0",9,6,0.6667,68,13,0.1912,0.4755
"14903.0",10,5,0.5000,364,9,0.0247,0.4753
"16541.0",2,1,0.5000,39,1,0.0256,0.4744
"17904.0",2,1,0.5000,39,1,0.0256,0.4744
"17037.0",2,1,0.5000,77,2,0.0260,0.4740
"12513.0",2,1,0.5000,36,1,0.0278,0.4722
"16116.0",2,1,0.5000,35,1,0.0286,0.4714
"12770.0",7,5,0.7143,37,9,0.2432,0.4711
"14008.0",2,1,0.5000,33,1,0.0303,0.4697
"13008.0",7,4,0.5714,39,4,0.1026,0.4688
"13371.0",4,2,0.5000,95,3,0.0316,0.4684
"13116.0",2,1,0.5000,31,1,0.0323,0.4677
"16646.0",2,1,0.5000,30,1,0.0333,0.4667
"13905.0",3,2,0.6667,15,3,0.2000,0.4667
"16481.0",3,2,0.6667,20,4,0.2000,0.4667
"13337.0",2,1,0.5000,90,3,0.0333,0.4667
"12533.0",6,4,0.6667,90,18,0.2000,0.4667
"15490.0",2,1,0.5000,29,1,0.0345,0.4655
"15147.0",2,1,0.5000,29,1,0.0345,0.4655
"18284.0",2,1,0.5000,29,1,0.0345,0.4655
"15746.0",2,1,0.5000,29,1,0.0345,0.4655
"14893.0",6,3,0.5000,110,4,0.0364,0.4636
"13377.0",4,2,0.5000,81,3,0.0370,0.4630
"14319.0",2,1,0.5000,27,1,0.0370,0.4630
"13612.0",2,1,0.5000,52,2,0.0385,0.4615
"15558.0",2,1,0.5000,26,1,0.0385,0.4615
"12940.0",4,2,0.5000,103,4,0.0388,0.4612
"18164.0",2,1,0.5000,25,1,0.0400,0.4600
"16355.0",2,1,0.5000,50,2,0.0400,0.4600
"14678.0",2,1,0.5000,25,1,0.0400,0.4600
"18248.0",4,2,0.5000,49,2,0.0408,0.4592
"13400.0",2,1,0.5000,24,1,0.0417,0.4583
"16404.0",2,1,0.5000,24,1,0.0417,0.4583
"13143.0",2,1,0.5000,24,1,0.0417,0.4583
"13853.0",2,1,0.5000,24,1,0.0417,0.4583
"13981.0",2,1,0.5000,23,1,0.0435,0.4565
"13974.0",4,2,0.5000,45,2,0.0444,0.4556
"13365.0",4,2,0.5000,134,6,0.0448,0.4552
"15120.0",2,1,0.5000,22,1,0.0455,0.4545
"18141.0",4,2,0.5000,44,2,0.0455,0.4545
"18250.0",2,1,0.5000,22,1,0.0455,0.4545
"16289.0",2,1,0.5000,22,1,0.0455,0.4545
"16398.0",4,2,0.5000,86,4,0.0465,0.4535
"18199.0",2,1,0.5000,21,1,0.0476,0.4524
"16908.0",2,1,0.5000,21,1,0.0476,0.4524
"14339.0",5,3,0.6000,27,4,0.1481,0.4519
"17156.0",2,1,0.5000,41,2,0.0488,0.4512
"15830.0",2,1,0.5000,41,2,0.0488,0.4512
"16602.0",5,3,0.6000,47,7,0.1489,0.4511
"13271.0",2,1,0.5000,101,5,0.0495,0.4505
"14950.0",2,1,0.5000,20,1,0.0500,0.4500
"12544.0",2,1,0.5000,20,1,0.0500,0.4500
"16615.0",2,1,0.5000,20,1,0.0500,0.4500
"15091.0",6,3,0.5000,60,3,0.0500,0.4500
"17688.0",2,1,0.5000,20,1,0.0500,0.4500
"15137.0",5,3,0.6000,40,6,0.1500,0.4500
"12566.0",2,1,0.5000,20,1,0.0500,0.4500
"13745.0",4,2,0.5000,59,3,0.0508,0.4492
"15620.0",8,4,0.5000,136,7,0.0515,0.4485
"14359.0",6,3,0.5000,58,3,0.0517,0.4483
"14747.0",2,1,0.5000,19,1,0.0526,0.4474
"16683.0",2,1,0.5000,19,1,0.0526,0.4474
"17276.0",2,1,0.5000,57,3,0.0526,0.4474
"16909.0",2,1,0.5000,19,1,0.0526,0.4474
"15598.0",4,2,0.5000,38,2,0.0526,0.4474
"13505.0",8,4,0.5000,227,12,0.0529,0.4471
"16961.0",6,3,0.5000,55,3,0.0545,0.4455
"13257.0",3,2,0.6667,9,2,0.2222,0.4445
"14783.0",2,1,0.5000,18,1,0.0556,0.4444
"16108.0",8,4,0.5000,143,8,0.0559,0.4441
"13121.0",2,1,0.5000,53,3,0.0566,0.4434
"13763.0",6,3,0.5000,53,3,0.0566,0.4434
"14142.0",4,2,0.5000,70,4,0.0571,0.4429
"13503.0",12,6,0.5000,210,12,0.0571,0.4429
"14288.0",2,1,0.5000,17,1,0.0588,0.4412
"13622.0",2,1,0.5000,34,2,0.0588,0.4412
"15077.0",4,2,0.5000,34,2,0.0588,0.4412
"15138.0",2,1,0.5000,33,2,0.0606,0.4394
"12666.0",2,1,0.5000,33,2,0.0606,0.4394
"14488.0",2,1,0.5000,49,3,0.0612,0.4388
"15302.0",2,1,0.5000,16,1,0.0625,0.4375
"12771.0",2,1,0.5000,16,1,0.0625,0.4375
"13295.0",9,5,0.5556,76,9,0.1184,0.4372
"13872.0",6,3,0.5000,61,4,0.0656,0.4344
"14938.0",4,2,0.5000,76,5,0.0658,0.4342
"16747.0",4,2,0.5000,45,3,0.0667,0.4333
"18269.0",2,1,0.5000,15,1,0.0667,0.4333
"15788.0",2,1,0.5000,15,1,0.0667,0.4333
"12781.0",5,3,0.6000,30,5,0.1667,0.4333
"12409.0",13,6,0.4615,272,8,0.0294,0.4321
"12501.0",2,1,0.5000,160,11,0.0688,0.4312
"14329.0",28,13,0.4643,572,19,0.0332,0.4311
"16163.0",14,8,0.5714,85,12,0.1412,0.4302
"14112.0",27,14,0.5185,358,32,0.0894,0.4291
"17053.0",2,1,0.5000,14,1,0.0714,0.4286
"13284.0",2,1,0.5000,14,1,0.0714,0.4286
"17563.0",5,3,0.6000,35,6,0.1714,0.4286
"13043.0",2,1,0.5000,14,1,0.0714,0.4286
"14073.0",2,1,0.5000,14,1,0.0714,0.4286
"16797.0",9,4,0.4444,414,7,0.0169,0.4275
"14175.0",17,9,0.5294,369,38,0.1030,0.4264
"12943.0",4,2,0.5000,27,2,0.0741,0.4259
"12930.0",4,2,0.5000,27,2,0.0741,0.4259
"13407.0",6,3,0.5000,92,7,0.0761,0.4239
"15391.0",2,1,0.5000,13,1,0.0769,0.4231
"16299.0",2,1,0.5000,13,1,0.0769,0.4231
"14846.0",2,1,0.5000,13,1,0.0769,0.4231
"15342.0",2,1,0.5000,26,2,0.0769,0.4231
"12632.0",4,2,0.5000,38,3,0.0789,0.4211
"12468.0",10,5,0.5000,163,13,0.0798,0.4202
"17337.0",7,3,0.4286,548,5,0.0091,0.4195
"15655.0",2,1,0.5000,37,3,0.0811,0.4189
"13359.0",4,2,0.5000,61,5,0.0820,0.4180
"14842.0",8,4,0.5000,158,13,0.0823,0.4177
"13624.0",2,1,0.5000,24,2,0.0833,0.4167
"17010.0",2,1,0.5000,12,1,0.0833,0.4167
"16302.0",2,1,0.5000,12,1,0.0833,0.4167
"15643.0",6,3,0.5000,36,3,0.0833,0.4167
"14860.0",2,1,0.5000,12,1,0.0833,0.4167
"14717.0",2,1,0.5000,12,1,0.0833,0.4167
"15922.0",2,1,0.5000,24,2,0.0833,0.4167
"13396.0",4,2,0.5000,47,4,0.0851,0.4149
"15469.0",6,3,0.5000,47,4,0.0851,0.4149
"18053.0",6,3,0.5000,35,3,0.0857,0.4143
"16573.0",4,2,0.5000,46,4,0.0870,0.4130
"13604.0",2,1,0.5000,23,2,0.0870,0.4130
"12529.0",2,1,0.5000,23,2,0.0870,0.4130
"12679.0",9,5,0.5556,56,8,0.1429,0.4127
"17476.0",4,2,0.5000,34,3,0.0882,0.4118
"15786.0",9,4,0.4444,482,16,0.0332,0.4112
"14627.0",3,2,0.6667,39,10,0.2564,0.4103
"16598.0",2,1,0.5000,11,1,0.0909,0.4091
"14773.0",2,1,0.5000,11,1,0.0909,0.4091
"16160.0",4,2,0.5000,22,2,0.0909,0.4091
"17627.0",2,1,0.5000,11,1,0.0909,0.4091
"18176.0",2,1,0.5000,33,3,0.0909,0.4091
"15029.0",2,1,0.5000,11,1,0.0909,0.4091
"13345.0",2,1,0.5000,22,2,0.0909,0.4091
"17539.0",7,3,0.4286,152,3,0.0197,0.4089
"14256.0",9,4,0.4444,139,5,0.0360,0.4084
"13430.0",4,2,0.5000,54,5,0.0926,0.4074
"17172.0",6,3,0.5000,43,4,0.0930,0.4070
"16739.0",4,2,0.5000,42,4,0.0952,0.4048
"13961.0",2,1,0.5000,21,2,0.0952,0.4048
"15308.0",2,1,0.5000,21,2,0.0952,0.4048
"12612.0",2,1,0.5000,21,2,0.0952,0.4048
"17617.0",2,1,0.5000,21,2,0.0952,0.4048
"12947.0",11,5,0.4545,120,6,0.0500,0.4045
"12525.0",8,5,0.6250,77,17,0.2208,0.4042
"14546.0",20,9,0.4500,834,39,0.0468,0.4032
"13175.0",4,2,0.5000,51,5,0.0980,0.4020
"12915.0",8,4,0.5000,81,8,0.0988,0.4012
"13701.0",2,1,0.5000,10,1,0.1000,0.4000
"12565.0",2,1,0.5000,10,1,0.1000,0.4000
"16543.0",2,1,0.5000,20,2,0.1000,0.4000
"18111.0",2,1,0.5000,30,3,0.1000,0.4000
"18070.0",2,1,0.5000,10,1,0.1000,0.4000
"17714.0",9,4,0.4444,85,4,0.0471,0.3973
"13736.0",12,5,0.4167,568,11,0.0194,0.3973
"12585.0",4,2,0.5000,97,10,0.1031,0.3969
"14105.0",9,4,0.4444,293,14,0.0478,0.3966
"17145.0",7,3,0.4286,186,6,0.0323,0.3963
"16714.0",7,3,0.4286,120,4,0.0333,0.3953
"13656.0",7,3,0.4286,90,3,0.0333,0.3953
"14286.0",12,5,0.4167,510,11,0.0216,0.3951
"12495.0",2,1,0.5000,19,2,0.1053,0.3947
"16810.0",4,2,0.5000,38,4,0.1053,0.3947
"16286.0",4,2,0.5000,19,2,0.1053,0.3947
"16463.0",7,3,0.4286,85,3,0.0353,0.3933
"15648.0",4,2,0.5000,28,3,0.1071,0.3929
"17115.0",13,6,0.4615,129,9,0.0698,0.3917
"15823.0",6,3,0.5000,175,19,0.1086,0.3914
"18009.0",14,6,0.4286,188,7,0.0372,0.3914
"14087.0",5,2,0.4000,223,2,0.0090,0.3910
"16067.0",6,3,0.5000,82,9,0.1098,0.3902
"15764.0",14,6,0.4286,259,10,0.0386,0.3900
"16054.0",7,3,0.4286,127,5,0.0394,0.3892
"12929.0",2,1,0.5000,9,1,0.1111,0.3889
"15432.0",4,2,0.5000,18,2,0.1111,0.3889
"15609.0",2,1,0.5000,18,2,0.1111,0.3889
"13352.0",2,1,0.5000,27,3,0.1111,0.3889
"12959.0",2,1,0.5000,9,1,0.1111,0.3889
"16956.0",2,1,0.5000,18,2,0.1111,0.3889
"16077.0",2,1,0.5000,9,1,0.1111,0.3889
"16101.0",7,3,0.4286,200,8,0.0400,0.3886
"16669.0",5,2,0.4000,162,2,0.0123,0.3877
"14420.0",7,3,0.4286,97,4,0.0412,0.3874
"13980.0",9,4,0.4444,69,4,0.0580,0.3864
"13370.0",2,1,0.5000,88,10,0.1136,0.3864
"13517.0",5,2,0.4000,143,2,0.0140,0.3860
"14808.0",15,7,0.4667,256,21,0.0820,0.3847
"15978.0",5,2,0.4000,131,2,0.0153,0.3847
"15382.0",20,8,0.4000,642,10,0.0156,0.3844
"12997.0",16,8,0.5000,121,14,0.1157,0.3843
"15326.0",10,5,0.5000,146,17,0.1164,0.3836
"18223.0",52,26,0.5000,652,76,0.1166,0.3834
"16947.0",10,5,0.5000,60,7,0.1167,0.3833
"12473.0",9,4,0.4444,179,11,0.0615,0.3829
"15994.0",5,2,0.4000,116,2,0.0172,0.3828
"15446.0",5,2,0.4000,116,2,0.0172,0.3828
"13501.0",5,2,0.4000,116,2,0.0172,0.3828
"15294.0",2,1,0.5000,17,2,0.1176,0.3824
"17169.0",6,3,0.5000,85,10,0.1176,0.3824
"16933.0",16,7,0.4375,307,17,0.0554,0.3821
"15614.0",7,3,0.4286,85,4,0.0471,0.3815
"17095.0",12,5,0.4167,142,5,0.0352,0.3815
"14912.0",11,5,0.4545,68,5,0.0735,0.3810
"18136.0",9,4,0.4444,94,6,0.0638,0.3806
"12494.0",17,8,0.4706,122,11,0.0902,0.3804
"14442.0",12,5,0.4167,190,7,0.0368,0.3799
"17063.0",23,10,0.4348,217,12,0.0553,0.3795
"12510.0",16,7,0.4375,154,9,0.0584,0.3791
"12578.0",7,3,0.4286,181,9,0.0497,0.3789
"15596.0",16,7,0.4375,187,11,0.0588,0.3787
"15296.0",20,8,0.4000,547,12,0.0219,0.3781
"14323.0",4,2,0.5000,41,5,0.1220,0.3780
"16533.0",5,2,0.4000,181,4,0.0221,0.3779
"14714.0",7,3,0.4286,98,5,0.0510,0.3776
"18189.0",5,2,0.4000,88,2,0.0227,0.3773
"12424.0",7,3,0.4286,97,5,0.0515,0.3771
"17779.0",5,2,0.4000,84,2,0.0238,0.3762
"15128.0",9,4,0.4444,132,9,0.0682,0.3762
"16795.0",5,2,0.4000,418,10,0.0239,0.3761
"15076.0",5,2,0.4000,82,2,0.0244,0.3756
"13329.0",14,6,0.4286,132,7,0.0530,0.3756
"14909.0",5,2,0.4000,82,2,0.0244,0.3756
"13814.0",5,2,0.4000,81,2,0.0247,0.3753
"15337.0",2,1,0.5000,24,3,0.1250,0.3750
"16579.0",2,1,0.5000,16,2,0.1250,0.3750
"13674.0",2,1,0.5000,16,2,0.1250,0.3750
"12818.0",2,1,0.5000,16,2,0.1250,0.3750
"17506.0",2,1,0.5000,16,2,0.1250,0.3750
"14928.0",2,1,0.5000,24,3,0.1250,0.3750
"15664.0",7,3,0.4286,74,4,0.0541,0.3745
"13282.0",7,3,0.4286,54,3,0.0556,0.3730
"17828.0",9,5,0.5556,82,15,0.1829,0.3727
"14206.0",5,2,0.4000,73,2,0.0274,0.3726
"16140.0",5,2,0.4000,73,2,0.0274,0.3726
"15791.0",9,4,0.4444,180,13,0.0722,0.3722
"12463.0",7,3,0.4286,88,5,0.0568,0.3718
"16150.0",20,10,0.5000,273,35,0.1282,0.3718
"13136.0",24,11,0.4583,345,30,0.0870,0.3713
"15097.0",5,2,0.4000,68,2,0.0294,0.3706
"14586.0",3,2,0.6667,27,8,0.2963,0.3704
"17649.0",5,2,0.4000,101,3,0.0297,0.3703
"16292.0",9,4,0.4444,67,5,0.0746,0.3698
"15345.0",2,1,0.5000,23,3,0.1304,0.3696
"13735.0",22,9,0.4091,683,27,0.0395,0.3696
"16894.0",5,2,0.4000,197,6,0.0305,0.3695
"12754.0",5,2,0.4000,65,2,0.0308,0.3692
"18163.0",2,1,0.5000,38,5,0.1316,0.3684
"14356.0",4,2,0.5000,38,5,0.1316,0.3684
"13820.0",5,2,0.4000,93,3,0.0323,0.3677
"16245.0",5,2,0.4000,93,3,0.0323,0.3677
"15449.0",5,2,0.4000,62,2,0.0323,0.3677
"13151.0",5,2,0.4000,182,6,0.0330,0.3670
"14149.0",3,2,0.6667,40,12,0.3000,0.3667
"12542.0",4,2,0.5000,45,6,0.1333,0.3667
"16863.0",5,2,0.4000,58,2,0.0345,0.3655
"12785.0",5,2,0.4000,58,2,0.0345,0.3655
"14081.0",16,6,0.3750,951,9,0.0095,0.3655
"15533.0",5,2,0.4000,86,3,0.0349,0.3651
"15535.0",10,4,0.4000,139,5,0.0360,0.3640
"12408.0",14,6,0.4286,170,11,0.0647,0.3639
"13883.0",26,11,0.4231,336,20,0.0595,0.3636
"13343.0",2,1,0.5000,22,3,0.1364,0.3636
"16900.0",5,2,0.4000,82,3,0.0366,0.3634
"16875.0",20,9,0.4500,252,22,0.0873,0.3627
"17147.0",16,7,0.4375,147,11,0.0748,0.3627
"15238.0",5,2,0.4000,52,2,0.0385,0.3615
"17612.0",32,14,0.4375,368,28,0.0761,0.3614
"12982.0",17,9,0.5294,214,36,0.1682,0.3612
"12462.0",4,2,0.5000,72,10,0.1389,0.3611
"12957.0",21,8,0.3810,500,10,0.0200,0.3610
"15706.0",7,3,0.4286,59,4,0.0678,0.3608
"15101.0",11,5,0.4545,64,6,0.0938,0.3607
"18167.0",6,3,0.5000,43,6,0.1395,0.3605
"18193.0",5,2,0.4000,73,3,0.0411,0.3589
"13154.0",5,2,0.4000,97,4,0.0412,0.3588
"13425.0",8,3,0.3750,181,3,0.0166,0.3584
"15639.0",5,2,0.4000,72,3,0.0417,0.3583
"16362.0",11,5,0.4545,104,10,0.0962,0.3583
"13171.0",5,2,0.4000,48,2,0.0417,0.3583
"16092.0",10,4,0.4000,94,4,0.0426,0.3574
"16975.0",5,2,0.4000,47,2,0.0426,0.3574
"14764.0",2,1,0.5000,7,1,0.1429,0.3571
"17313.0",2,1,0.5000,28,4,0.1429,0.3571
"16622.0",2,1,0.5000,14,2,0.1429,0.3571
"18020.0",2,1,0.5000,14,2,0.1429,0.3571
"17032.0",13,5,0.3846,246,7,0.0285,0.3561
"12536.0",5,2,0.4000,273,12,0.0440,0.3560
"17340.0",30,12,0.4000,813,36,0.0443,0.3557
"17423.0",5,2,0.4000,45,2,0.0444,0.3556
"15622.0",30,13,0.4333,462,36,0.0779,0.3554
"12474.0",54,23,0.4259,764,54,0.0707,0.3552
"12472.0",37,18,0.4865,1049,138,0.1316,0.3549
"14305.0",5,2,0.4000,110,5,0.0455,0.3545
"14441.0",19,8,0.4211,165,11,0.0667,0.3544
"15839.0",5,2,0.4000,65,3,0.0462,0.3538
"12697.0",5,2,0.4000,43,2,0.0465,0.3535
"14655.0",12,5,0.4167,110,7,0.0636,0.3531
"16670.0",33,13,0.3939,506,21,0.0415,0.3524
"13453.0",5,2,0.4000,42,2,0.0476,0.3524
"14634.0",7,3,0.4286,118,9,0.0763,0.3523
"14425.0",5,2,0.4000,41,2,0.0488,0.3512
"18267.0",2,1,0.5000,20,3,0.1500,0.3500
"16094.0",19,8,0.4211,211,15,0.0711,0.3500
"17696.0",48,21,0.4375,400,35,0.0875,0.3500
"12852.0",2,1,0.5000,20,3,0.1500,0.3500
"14521.0",2,1,0.5000,20,3,0.1500,0.3500
"14456.0",14,5,0.3571,977,7,0.0072,0.3499
"13050.0",57,22,0.3860,1047,38,0.0363,0.3497
"14232.0",8,3,0.3750,118,3,0.0254,0.3496
"18276.0",10,4,0.4000,99,5,0.0505,0.3495
"14625.0",18,7,0.3889,277,11,0.0397,0.3492
"13979.0",11,4,0.3636,412,6,0.0146,0.3490
"13816.0",4,2,0.5000,33,5,0.1515,0.3485
"13369.0",2,1,0.5000,33,5,0.1515,0.3485
"16401.0",39,16,0.4103,387,24,0.0620,0.3483
"13300.0",5,2,0.4000,58,3,0.0517,0.3483
"16550.0",29,11,0.3793,839,26,0.0310,0.3483
"14400.0",5,2,0.4000,77,4,0.0519,0.3481
"16736.0",8,3,0.3750,147,4,0.0272,0.3478
"16642.0",5,2,0.4000,57,3,0.0526,0.3474
"17728.0",8,3,0.3750,251,7,0.0279,0.3471
"16166.0",4,2,0.5000,26,4,0.1538,0.3462
"13852.0",2,1,0.5000,13,2,0.1538,0.3462
"13830.0",2,1,0.5000,13,2,0.1538,0.3462
"12434.0",5,2,0.4000,74,4,0.0541,0.3459
"16835.0",10,4,0.4000,92,5,0.0543,0.3457
"15502.0",27,13,0.4815,418,57,0.1364,0.3451
"13692.0",8,3,0.3750,99,3,0.0303,0.3447
"15563.0",11,4,0.3636,264,5,0.0189,0.3447
"14994.0",8,3,0.3750,320,10,0.0313,0.3437
"15966.0",2,1,0.5000,32,5,0.1563,0.3437
"14338.0",5,2,0.4000,53,3,0.0566,0.3434
"13584.0",5,2,0.4000,88,5,0.0568,0.3432
"12457.0",14,6,0.4286,93,8,0.0860,0.3426
"13479.0",7,3,0.4286,58,5,0.0862,0.3424
"17677.0",91,37,0.4066,761,49,0.0644,0.3422
"16474.0",11,4,0.3636,368,8,0.0217,0.3419
"13107.0",15,6,0.4000,189,11,0.0582,0.3418
"17802.0",16,6,0.3750,559,19,0.0340,0.3410
"12674.0",7,3,0.4286,91,8,0.0879,0.3407
"14685.0",13,5,0.3846,204,9,0.0441,0.3405
"13186.0",5,2,0.4000,84,5,0.0595,0.3405
"14292.0",27,11,0.4074,207,14,0.0676,0.3398
"13299.0",5,2,0.4000,66,4,0.0606,0.3394
"12592.0",8,3,0.3750,84,3,0.0357,0.3393
"14894.0",5,2,0.4000,49,3,0.0612,0.3388
"16499.0",13,5,0.3846,151,7,0.0464,0.3382
"13078.0",95,38,0.4000,855,54,0.0632,0.3368
"16554.0",18,10,0.5556,214,47,0.2196,0.3360
"12840.0",11,4,0.3636,181,5,0.0276,0.3360
"15676.0",5,2,0.4000,216,14,0.0648,0.3352
"14475.0",7,3,0.4286,53,5,0.0943,0.3343
"13081.0",44,16,0.3636,2430,72,0.0296,0.3340
"16396.0",3,2,0.6667,12,4,0.3333,0.3334
"15836.0",2,1,0.5000,12,2,0.1667,0.3333
"18142.0",4,2,0.5000,18,3,0.1667,0.3333
"13826.0",2,1,0.5000,12,2,0.1667,0.3333
"17636.0",2,1,0.5000,24,4,0.1667,0.3333
"13511.0",2,1,0.5000,6,1,0.1667,0.3333
"14038.0",8,3,0.3750,168,7,0.0417,0.3333
"15317.0",2,1,0.5000,6,1,0.1667,0.3333
"13360.0",7,3,0.4286,73,7,0.0959,0.3327
"13455.0",11,5,0.4545,164,20,0.1220,0.3325
"17204.0",15,6,0.4000,190,13,0.0684,0.3316
"14382.0",3,1,0.3333,303,1,0.0033,0.3300
"17422.0",20,9,0.4500,233,28,0.1202,0.3298
"16227.0",6,3,0.5000,41,7,0.1707,0.3293
"13047.0",42,18,0.4286,442,44,0.0995,0.3291
"15339.0",11,4,0.3636,232,8,0.0345,0.3291
"17746.0",7,3,0.4286,40,4,0.1000,0.3286
"15518.0",23,8,0.3478,464,9,0.0194,0.3284
"12854.0",11,4,0.3636,275,10,0.0364,0.3272
"14629.0",3,1,0.3333,153,1,0.0065,0.3268
"17411.0",9,4,0.4444,85,10,0.1176,0.3268
"13506.0",8,3,0.3750,103,5,0.0485,0.3265
"14679.0",5,2,0.4000,68,5,0.0735,0.3265
"17366.0",3,1,0.3333,136,1,0.0074,0.3259
"12700.0",6,2,0.3333,270,2,0.0074,0.3259
"14474.0",3,1,0.3333,133,1,0.0075,0.3258
"14113.0",31,15,0.4839,145,23,0.1586,0.3253
"14443.0",8,3,0.3750,161,8,0.0497,0.3253
"13304.0",7,3,0.4286,87,9,0.1034,0.3252
"13607.0",3,1,0.3333,123,1,0.0081,0.3252
"15708.0",14,5,0.3571,408,13,0.0319,0.3252
"12909.0",13,5,0.3846,168,10,0.0595,0.3251
"13310.0",8,3,0.3750,100,5,0.0500,0.3250
"14459.0",3,1,0.3333,114,1,0.0088,0.3245
"13224.0",3,1,0.3333,109,1,0.0092,0.3241
"16799.0",3,1,0.3333,107,1,0.0093,0.3240
"15231.0",2,1,0.5000,17,3,0.1765,0.3235
"14189.0",25,9,0.3600,328,12,0.0366,0.3234
"15625.0",14,5,0.3571,177,6,0.0339,0.3232
"12708.0",30,12,0.4000,336,26,0.0774,0.3226
"14295.0",8,3,0.3750,76,4,0.0526,0.3224
"16491.0",3,1,0.3333,88,1,0.0114,0.3219
"17776.0",3,1,0.3333,85,1,0.0118,0.3215
"15429.0",3,1,0.3333,83,1,0.0120,0.3213
"14121.0",6,2,0.3333,161,2,0.0124,0.3209
"14621.0",16,7,0.4375,180,21,0.1167,0.3208
"15329.0",20,9,0.4500,178,23,0.1292,0.3208
"14593.0",18,6,0.3333,629,8,0.0127,0.3206
"12705.0",22,8,0.3636,626,27,0.0431,0.3205
"13093.0",88,33,0.3750,1111,61,0.0549,0.3201
"14451.0",18,6,0.3333,529,7,0.0132,0.3201
"13877.0",5,2,0.4000,25,2,0.0800,0.3200
"15398.0",3,1,0.3333,74,1,0.0135,0.3198
"13375.0",3,1,0.3333,72,1,0.0139,0.3194
"12546.0",3,1,0.3333,70,1,0.0143,0.3190
"13166.0",3,1,0.3333,70,1,0.0143,0.3190
"17344.0",3,1,0.3333,70,1,0.0143,0.3190
"13014.0",18,7,0.3889,242,17,0.0702,0.3187
"14140.0",3,1,0.3333,67,1,0.0149,0.3184
"13279.0",2,1,0.5000,11,2,0.1818,0.3182
"13457.0",4,2,0.5000,11,2,0.1818,0.3182
"16581.0",2,1,0.5000,11,2,0.1818,0.3182
"18197.0",2,1,0.5000,11,2,0.1818,0.3182
"15877.0",3,1,0.3333,131,2,0.0153,0.3180
"16176.0",7,3,0.4286,81,9,0.1111,0.3175
"17096.0",17,6,0.3529,225,8,0.0356,0.3173
"14000.0",8,3,0.3750,52,3,0.0577,0.3173
"14032.0",25,9,0.3600,255,11,0.0431,0.3169
"15826.0",6,2,0.3333,121,2,0.0165,0.3168
"13646.0",3,1,0.3333,59,1,0.0169,0.3164
"15580.0",14,6,0.4286,258,29,0.1124,0.3162
"18277.0",8,3,0.3750,68,4,0.0588,0.3162
"13832.0",3,1,0.3333,58,1,0.0172,0.3161
"17810.0",3,1,0.3333,57,1,0.0175,0.3158
"17547.0",4,2,0.5000,38,7,0.1842,0.3158
"14188.0",10,4,0.4000,71,6,0.0845,0.3155
"14102.0",8,3,0.3750,84,5,0.0595,0.3155
"12693.0",11,4,0.3636,83,4,0.0482,0.3154
"13902.0",8,3,0.3750,67,4,0.0597,0.3153
"13937.0",3,1,0.3333,55,1,0.0182,0.3151
"12905.0",3,1,0.3333,55,1,0.0182,0.3151
"16283.0",12,4,0.3333,604,11,0.0182,0.3151
"17977.0",3,1,0.3333,110,2,0.0182,0.3151
"13526.0",4,2,0.5000,54,10,0.1852,0.3148
"15240.0",20,8,0.4000,245,21,0.0857,0.3143
"15696.0",21,8,0.3810,240,16,0.0667,0.3143
"15363.0",3,1,0.3333,52,1,0.0192,0.3141
"16917.0",3,1,0.3333,52,1,0.0192,0.3141
"15935.0",3,1,0.3333,34,22,0.6471,-0.3138
"12696.0",3,1,0.3333,50,1,0.0200,0.3133
"13066.0",3,1,0.3333,49,1,0.0204,0.3129
"16465.0",3,1,0.3333,49,1,0.0204,0.3129
"12874.0",3,1,0.3333,49,1,0.0204,0.3129
"16490.0",2,1,0.5000,16,3,0.1875,0.3125
"12792.0",3,1,0.3333,48,1,0.0208,0.3125
"14930.0",9,3,0.3333,285,6,0.0211,0.3122
"12822.0",3,1,0.3333,47,1,0.0213,0.3120
"14301.0",7,3,0.4286,60,7,0.1167,0.3119
"12427.0",5,2,0.4000,45,4,0.0889,0.3111
"14151.0",3,1,0.3333,45,1,0.0222,0.3111
"16763.0",3,1,0.3333,45,1,0.0222,0.3111
"12753.0",11,5,0.4545,230,33,0.1435,0.3110
"15015.0",20,7,0.3500,308,12,0.0390,0.3110
"17442.0",23,8,0.3478,294,11,0.0374,0.3104
"16191.0",40,16,0.4000,256,23,0.0898,0.3102
"14043.0",3,1,0.3333,43,1,0.0233,0.3100
"14527.0",190,68,0.3579,2837,136,0.0479,0.3100
"13510.0",17,6,0.3529,302,13,0.0430,0.3099
"16376.0",3,1,0.3333,128,3,0.0234,0.3099
"13650.0",16,6,0.3750,184,12,0.0652,0.3098
"16571.0",17,7,0.4118,284,29,0.1021,0.3097
"12656.0",12,4,0.3333,253,6,0.0237,0.3096
"12703.0",7,3,0.4286,84,10,0.1190,0.3096
"12476.0",38,15,0.3947,564,48,0.0851,0.3096
"16075.0",3,1,0.3333,42,1,0.0238,0.3095
"13615.0",12,4,0.3333,376,9,0.0239,0.3094
"13458.0",24,8,0.3333,497,12,0.0241,0.3092
"13922.0",5,2,0.4000,33,3,0.0909,0.3091
"13890.0",22,8,0.3636,183,10,0.0546,0.3090
"13198.0",12,4,0.3333,322,8,0.0248,0.3085
"13924.0",11,5,0.4545,137,20,0.1460,0.3085
"14793.0",3,1,0.3333,40,1,0.0250,0.3083
"13055.0",6,2,0.3333,158,4,0.0253,0.3080
"17622.0",3,1,0.3333,39,1,0.0256,0.3077
"14372.0",3,1,0.3333,39,1,0.0256,0.3077
"14902.0",5,2,0.4000,65,6,0.0923,0.3077
"12985.0",3,1,0.3333,78,2,0.0256,0.3077
"14611.0",3,1,0.3333,39,1,0.0256,0.3077
"17048.0",11,4,0.3636,107,6,0.0561,0.3075
"15205.0",3,1,0.3333,38,1,0.0263,0.3070
"15315.0",3,1,0.3333,38,1,0.0263,0.3070
"15597.0",3,1,0.3333,38,1,0.0263,0.3070
"15785.0",26,10,0.3846,244,19,0.0779,0.3067
"14290.0",14,6,0.4286,172,21,0.1221,0.3065
"15650.0",3,1,0.3333,37,1,0.0270,0.3063
"17499.0",3,1,0.3333,73,2,0.0274,0.3059
"15115.0",3,1,0.3333,36,1,0.0278,0.3055
"13266.0",30,11,0.3667,327,20,0.0612,0.3055
"14237.0",3,1,0.3333,36,1,0.0278,0.3055
"13496.0",3,1,0.3333,36,1,0.0278,0.3055
"13448.0",19,6,0.3158,564,6,0.0106,0.3052
"15104.0",3,1,0.3333,71,2,0.0282,0.3051
"15736.0",3,1,0.3333,106,3,0.0283,0.3050
"18158.0",3,1,0.3333,35,1,0.0286,0.3047
"17473.0",3,1,0.3333,35,1,0.0286,0.3047
"14567.0",3,1,0.3333,34,1,0.0294,0.3039
"13914.0",3,1,0.3333,34,1,0.0294,0.3039
"17342.0",7,3,0.4286,40,5,0.1250,0.3036
"13635.0",6,2,0.3333,167,5,0.0299,0.3034
"14011.0",3,1,0.3333,33,1,0.0303,0.3030
"16039.0",3,1,0.3333,33,1,0.0303,0.3030
"12733.0",6,2,0.3333,162,5,0.0309,0.3024
"16471.0",6,2,0.3333,64,2,0.0313,0.3020
"14297.0",6,2,0.3333,64,2,0.0313,0.3020
"14276.0",13,6,0.4615,144,23,0.1597,0.3018
"15763.0",3,1,0.3333,63,2,0.0317,0.3016
"15713.0",6,2,0.3333,63,2,0.0317,0.3016
"15782.0",6,2,0.3333,63,2,0.0317,0.3016
"13320.0",9,3,0.3333,155,5,0.0323,0.3010
"14619.0",3,1,0.3333,62,2,0.0323,0.3010
"12572.0",3,1,0.3333,62,2,0.0323,0.3010
"18056.0",3,1,0.3333,31,1,0.0323,0.3010
"17071.0",20,7,0.3500,223,11,0.0493,0.3007
"16838.0",6,2,0.3333,61,2,0.0328,0.3005
"13420.0",4,2,0.5000,10,2,0.2000,0.3000
"13894.0",5,2,0.4000,30,3,0.1000,0.3000
"14269.0",2,1,0.5000,20,4,0.2000,0.3000
"16630.0",2,1,0.5000,5,1,0.2000,0.3000
"14244.0",2,1,0.5000,20,4,0.2000,0.3000
"13733.0",3,1,0.3333,30,1,0.0333,0.3000
"12757.0",19,6,0.3158,377,6,0.0159,0.2999
"15700.0",3,1,0.3333,89,3,0.0337,0.2996
"13545.0",3,1,0.3333,59,2,0.0339,0.2994
"17678.0",3,1,0.3333,29,1,0.0345,0.2988
"18110.0",3,1,0.3333,87,3,0.0345,0.2988
"16993.0",3,1,0.3333,29,1,0.0345,0.2988
"14194.0",54,18,0.3333,986,34,0.0345,0.2988
"14869.0",9,3,0.3333,259,9,0.0347,0.2986
"15264.0",3,1,0.3333,57,2,0.0351,0.2982
"14426.0",27,10,0.3704,651,47,0.0722,0.2982
"17774.0",13,4,0.3077,414,4,0.0097,0.2980
"13684.0",6,2,0.3333,113,4,0.0354,0.2979
"15840.0",3,1,0.3333,28,1,0.0357,0.2976
"17462.0",3,1,0.3333,28,1,0.0357,0.2976
"14296.0",3,1,0.3333,28,1,0.0357,0.2976
"17480.0",3,1,0.3333,56,2,0.0357,0.2976
"13623.0",15,5,0.3333,303,11,0.0363,0.2970
"15351.0",15,5,0.3333,386,14,0.0363,0.2970
"12413.0",6,2,0.3333,53,2,0.0377,0.2956
"14358.0",3,1,0.3333,26,1,0.0385,0.2948
"16484.0",3,1,0.3333,26,1,0.0385,0.2948
"15682.0",3,1,0.3333,26,1,0.0385,0.2948
"15079.0",17,6,0.3529,154,9,0.0584,0.2945
"16768.0",14,5,0.3571,175,11,0.0629,0.2942
"15406.0",6,2,0.3333,127,5,0.0394,0.2939
"15197.0",10,4,0.4000,66,7,0.1061,0.2939
"14407.0",9,3,0.3333,76,3,0.0395,0.2938
"13964.0",3,1,0.3333,25,1,0.0400,0.2933
"12439.0",3,1,0.3333,75,3,0.0400,0.2933
"15341.0",3,1,0.3333,25,1,0.0400,0.2933
"12445.0",3,1,0.3333,25,1,0.0400,0.2933
"15213.0",3,1,0.3333,25,1,0.0400,0.2933
"13711.0",15,6,0.4000,103,11,0.1068,0.2932
"17213.0",20,7,0.3500,298,17,0.0570,0.2930
"13599.0",52,19,0.3654,442,32,0.0724,0.2930
"16316.0",19,6,0.3158,304,7,0.0230,0.2928
"17652.0",18,6,0.3333,270,11,0.0407,0.2926
"16677.0",3,1,0.3333,49,2,0.0408,0.2925
"17527.0",6,2,0.3333,49,2,0.0408,0.2925
"15066.0",2,1,0.5000,53,11,0.2075,0.2925
"12878.0",3,1,0.3333,49,2,0.0408,0.2925
"16145.0",29,10,0.3448,418,22,0.0526,0.2922
"15253.0",12,4,0.3333,121,5,0.0413,0.2920
"17718.0",3,1,0.3333,24,1,0.0417,0.2916
"18257.0",18,6,0.3333,288,12,0.0417,0.2916
"14537.0",3,1,0.3333,24,1,0.0417,0.2916
"12425.0",3,1,0.3333,95,4,0.0421,0.2912
"15146.0",3,1,0.3333,95,4,0.0421,0.2912
"16518.0",6,2,0.3333,71,3,0.0423,0.2910
"13028.0",3,1,0.3333,47,2,0.0426,0.2907
"15521.0",24,8,0.3333,423,18,0.0426,0.2907
"14499.0",10,3,0.3000,322,3,0.0093,0.2907
"18286.0",3,1,0.3333,70,3,0.0429,0.2904
"13317.0",31,12,0.3871,381,37,0.0971,0.2900
"12493.0",3,1,0.3333,23,1,0.0435,0.2898
"16048.0",6,2,0.3333,46,2,0.0435,0.2898
"14640.0",16,6,0.3750,223,19,0.0852,0.2898
"14227.0",22,7,0.3182,388,11,0.0284,0.2898
"12452.0",3,1,0.3333,23,1,0.0435,0.2898
"12365.0",3,1,0.3333,23,1,0.0435,0.2898
"13626.0",3,1,0.3333,46,2,0.0435,0.2898
"16217.0",4,2,0.5000,19,4,0.2105,0.2895
"14333.0",2,1,0.5000,19,4,0.2105,0.2895
"13048.0",13,4,0.3077,273,5,0.0183,0.2894
"14796.0",39,12,0.3077,1582,29,0.0183,0.2894
"14304.0",5,2,0.4000,99,11,0.1111,0.2889
"15207.0",5,2,0.4000,27,3,0.1111,0.2889
"12531.0",3,1,0.3333,133,6,0.0451,0.2882
"17610.0",8,3,0.3750,172,15,0.0872,0.2878
"18024.0",3,1,0.3333,22,1,0.0455,0.2878
"16309.0",3,1,0.3333,44,2,0.0455,0.2878
"12559.0",3,1,0.3333,22,1,0.0455,0.2878
"13287.0",7,4,0.5714,74,21,0.2838,0.2876
"16735.0",22,8,0.3636,328,25,0.0762,0.2874
"18247.0",6,3,0.5000,47,10,0.2128,0.2872
"15745.0",6,2,0.3333,65,3,0.0462,0.2871
"12886.0",3,1,0.3333,86,4,0.0465,0.2868
"15347.0",6,2,0.3333,43,2,0.0465,0.2868
"14229.0",11,4,0.3636,78,6,0.0769,0.2867
"12749.0",16,7,0.4375,398,60,0.1508,0.2867
"13643.0",15,5,0.3333,107,5,0.0467,0.2866
"18226.0",38,12,0.3158,544,16,0.0294,0.2864
"13729.0",5,2,0.4000,44,5,0.1136,0.2864
"13446.0",18,7,0.3889,214,22,0.1028,0.2861
"13250.0",3,1,0.3333,21,1,0.0476,0.2857
"17005.0",3,1,0.3333,21,1,0.0476,0.2857
"14137.0",2,1,0.5000,14,3,0.2143,0.2857
"15993.0",10,3,0.3000,560,8,0.0143,0.2857
"15135.0",3,1,0.3333,21,1,0.0476,0.2857
"14497.0",3,1,0.3333,42,2,0.0476,0.2857
"15684.0",6,3,0.5000,14,3,0.2143,0.2857
"12519.0",3,1,0.3333,42,2,0.0476,0.2857
"14910.0",7,3,0.4286,35,5,0.1429,0.2857
"14505.0",27,8,0.2963,1626,18,0.0111,0.2852
"17069.0",21,7,0.3333,310,15,0.0484,0.2849
"16652.0",24,8,0.3333,289,14,0.0484,0.2849
"16955.0",9,3,0.3333,60,3,0.0500,0.2833
"13519.0",3,1,0.3333,20,1,0.0500,0.2833
"15670.0",3,1,0.3333,20,1,0.0500,0.2833
"15088.0",3,1,0.3333,60,3,0.0500,0.2833
"15059.0",27,8,0.2963,603,8,0.0133,0.2830
"15093.0",34,11,0.3235,346,14,0.0405,0.2830
"14389.0",11,6,0.5455,118,31,0.2627,0.2828
"15973.0",5,2,0.4000,17,2,0.1176,0.2824
"14558.0",5,2,0.4000,17,2,0.1176,0.2824
"16643.0",3,1,0.3333,58,3,0.0517,0.2816
"15881.0",8,3,0.3750,32,3,0.0938,0.2812
"13126.0",19,6,0.3158,260,9,0.0346,0.2812
"15811.0",10,3,0.3000,316,6,0.0190,0.2810
"17094.0",3,1,0.3333,19,1,0.0526,0.2807
"18062.0",9,3,0.3333,57,3,0.0526,0.2807
"14133.0",6,2,0.3333,38,2,0.0526,0.2807
"13362.0",10,3,0.3000,304,6,0.0197,0.2803
"13863.0",6,2,0.3333,74,4,0.0541,0.2792
"16911.0",3,1,0.3333,37,2,0.0541,0.2792
"16755.0",10,3,0.3000,336,7,0.0208,0.2792
"13564.0",54,17,0.3148,1318,47,0.0357,0.2791
"15369.0",13,2,0.1538,104,45,0.4327,-0.2789
"13662.0",17,6,0.3529,148,11,0.0743,0.2786
"15122.0",16,5,0.3125,236,8,0.0339,0.2786
"13134.0",9,3,0.3333,128,7,0.0547,0.2786
"13393.0",6,2,0.3333,73,4,0.0548,0.2785
"14231.0",6,2,0.3333,73,4,0.0548,0.2785
"16570.0",31,11,0.3548,261,20,0.0766,0.2782
"14644.0",12,5,0.4167,72,10,0.1389,0.2778
"13276.0",7,2,0.2857,251,2,0.0080,0.2777
"15021.0",17,5,0.2941,730,12,0.0164,0.2777
"12375.0",3,1,0.3333,18,1,0.0556,0.2777
"12652.0",3,1,0.3333,54,3,0.0556,0.2777
"18075.0",31,11,0.3548,350,27,0.0771,0.2777
"12633.0",10,3,0.3000,313,7,0.0224,0.2776
"13627.0",10,3,0.3000,132,3,0.0227,0.2773
"14857.0",10,3,0.3000,218,5,0.0229,0.2771
"15480.0",7,2,0.2857,217,2,0.0092,0.2765
"13594.0",3,1,0.3333,35,2,0.0571,0.2762
"13097.0",40,12,0.3000,1042,25,0.0240,0.2760
"15804.0",19,6,0.3158,274,11,0.0401,0.2757
"15239.0",3,1,0.3333,52,3,0.0577,0.2756
"14870.0",9,3,0.3333,69,4,0.0580,0.2753
"17908.0",7,2,0.2857,280,3,0.0107,0.2750
"14430.0",5,2,0.4000,40,5,0.1250,0.2750
"13658.0",13,4,0.3077,245,8,0.0327,0.2750
"15602.0",25,9,0.3600,141,12,0.0851,0.2749
"18181.0",7,2,0.2857,184,2,0.0109,0.2748
"17239.0",6,2,0.3333,34,2,0.0588,0.2745
"13106.0",3,1,0.3333,17,1,0.0588,0.2745
"13588.0",13,4,0.3077,180,6,0.0333,0.2744
"16394.0",9,4,0.4444,100,17,0.1700,0.2744
"17231.0",35,10,0.2857,1252,15,0.0120,0.2737
"14496.0",10,3,0.3000,114,3,0.0263,0.2737
"13939.0",10,3,0.3000,113,3,0.0265,0.2735
"14565.0",7,2,0.2857,162,2,0.0123,0.2734
"14771.0",3,1,0.3333,50,3,0.0600,0.2733
"15050.0",7,2,0.2857,158,2,0.0127,0.2730
"13836.0",3,1,0.3333,33,2,0.0606,0.2727
"15321.0",18,6,0.3333,329,20,0.0608,0.2725
"12779.0",21,7,0.3333,295,18,0.0610,0.2723
"12426.0",3,1,0.3333,82,5,0.0610,0.2723
"17405.0",5,2,0.4000,94,12,0.1277,0.2723
"16232.0",10,3,0.3000,108,3,0.0278,0.2722
"14907.0",23,7,0.3043,306,10,0.0327,0.2716
"16873.0",17,5,0.2941,524,12,0.0229,0.2712
"15884.0",3,1,0.3333,16,1,0.0625,0.2708
"16498.0",3,1,0.3333,16,1,0.0625,0.2708
"18280.0",3,1,0.3333,32,2,0.0625,0.2708
"18228.0",3,1,0.3333,32,2,0.0625,0.2708
"13769.0",29,9,0.3103,297,12,0.0404,0.2699
"12553.0",17,5,0.2941,244,6,0.0246,0.2695
"14493.0",14,4,0.2857,370,6,0.0162,0.2695
"17322.0",7,2,0.2857,180,3,0.0167,0.2690
"16705.0",61,19,0.3115,722,31,0.0429,0.2686
"13405.0",9,3,0.3333,46,3,0.0652,0.2681
"15065.0",7,2,0.2857,169,3,0.0178,0.2679
"13813.0",12,4,0.3333,153,10,0.0654,0.2679
"17813.0",7,2,0.2857,378,7,0.0185,0.2672
"14136.0",7,2,0.2857,108,2,0.0185,0.2672
"13534.0",60,25,0.4167,461,69,0.1497,0.2670
"15461.0",3,1,0.3333,5,3,0.6000,-0.2667
"17599.0",3,2,0.6667,5,2,0.4000,0.2667
"16061.0",3,2,0.6667,5,2,0.4000,0.2667
"16781.0",3,1,0.3333,60,4,0.0667,0.2666
"14226.0",9,3,0.3333,105,7,0.0667,0.2666
"13005.0",6,2,0.3333,60,4,0.0667,0.2666
"13734.0",6,2,0.3333,30,2,0.0667,0.2666
"15106.0",7,2,0.2857,102,2,0.0196,0.2661
"15505.0",7,2,0.2857,99,2,0.0202,0.2655
"15289.0",7,2,0.2857,99,2,0.0202,0.2655
"12626.0",13,4,0.3077,307,13,0.0423,0.2654
"13927.0",3,1,0.3333,44,3,0.0682,0.2651
"16124.0",6,2,0.3333,88,6,0.0682,0.2651
"13884.0",14,4,0.2857,194,4,0.0206,0.2651
"17509.0",11,3,0.2727,369,3,0.0081,0.2646
"12471.0",129,50,0.3876,1298,160,0.1233,0.2643
"15658.0",13,5,0.3846,133,16,0.1203,0.2643
"16449.0",3,1,0.3333,43,3,0.0698,0.2635
"13350.0",3,1,0.3333,43,3,0.0698,0.2635
"17722.0",7,2,0.2857,224,5,0.0223,0.2634
"15201.0",14,7,0.5000,131,31,0.2366,0.2634
"16940.0",11,3,0.2727,635,6,0.0094,0.2633
"12722.0",6,2,0.3333,57,4,0.0702,0.2631
"15671.0",10,3,0.3000,81,3,0.0370,0.2630
"15579.0",7,2,0.2857,175,4,0.0229,0.2628
"13098.0",41,13,0.3171,605,33,0.0545,0.2626
"13982.0",13,4,0.3077,265,12,0.0453,0.2624
"12406.0",7,2,0.2857,170,4,0.0235,0.2622
"17284.0",11,3,0.2727,378,4,0.0106,0.2621
"12584.0",18,9,0.5000,126,30,0.2381,0.2619
"14483.0",3,1,0.3333,14,1,0.0714,0.2619
"18218.0",6,2,0.3333,42,3,0.0714,0.2619
"16424.0",3,1,0.3333,14,1,0.0714,0.2619
"12719.0",3,1,0.3333,42,3,0.0714,0.2619
"13421.0",11,3,0.2727,275,3,0.0109,0.2618
"14390.0",18,5,0.2778,499,8,0.0160,0.2618
"13026.0",13,4,0.3077,86,4,0.0465,0.2612
"16764.0",18,5,0.2778,718,12,0.0167,0.2611
"15252.0",7,2,0.2857,121,3,0.0248,0.2609
"15489.0",12,4,0.3333,123,9,0.0732,0.2601
"12933.0",11,3,0.2727,300,4,0.0133,0.2594
"12889.0",6,2,0.3333,27,2,0.0741,0.2592
"14572.0",15,4,0.2667,530,4,0.0075,0.2592
"12359.0",14,4,0.2857,375,10,0.0267,0.2590
"16858.0",16,6,0.3750,155,18,0.1161,0.2589
"14428.0",7,2,0.2857,148,4,0.0270,0.2587
"16306.0",10,3,0.3000,72,3,0.0417,0.2583
"12790.0",3,1,0.3333,40,3,0.0750,0.2583
"16037.0",7,2,0.2857,73,2,0.0274,0.2583
"13699.0",3,1,0.3333,40,3,0.0750,0.2583
"13476.0",7,2,0.2857,109,3,0.0275,0.2582
"13021.0",24,7,0.2917,266,9,0.0338,0.2579
"14299.0",41,14,0.3415,371,31,0.0836,0.2579
"14534.0",38,12,0.3158,776,45,0.0580,0.2578
"15251.0",31,10,0.3226,246,16,0.0650,0.2576
"16147.0",7,2,0.2857,140,4,0.0286,0.2571
"13965.0",5,2,0.4000,28,4,0.1429,0.2571
"15257.0",3,1,0.3333,13,1,0.0769,0.2564
"15045.0",3,1,0.3333,13,1,0.0769,0.2564
"18282.0",3,1,0.3333,13,1,0.0769,0.2564
"13236.0",3,1,0.3333,39,3,0.0769,0.2564
"17065.0",3,1,0.3333,13,1,0.0769,0.2564
"14211.0",26,8,0.3077,253,13,0.0514,0.2563
"13611.0",14,4,0.2857,236,7,0.0297,0.2560
"13988.0",11,3,0.2727,300,5,0.0167,0.2560
"16556.0",24,7,0.2917,500,18,0.0360,0.2557
"15322.0",3,1,0.3333,90,7,0.0778,0.2555
"17997.0",12,4,0.3333,180,14,0.0778,0.2555
"15607.0",13,4,0.3077,115,6,0.0522,0.2555
"18178.0",15,4,0.2667,354,4,0.0113,0.2554
"16177.0",12,4,0.3333,128,10,0.0781,0.2552
"12853.0",16,5,0.3125,157,9,0.0573,0.2552
"12465.0",3,1,0.3333,51,4,0.0784,0.2549
"17119.0",3,1,0.3333,38,3,0.0789,0.2544
"14049.0",18,5,0.2778,1107,26,0.0235,0.2543
"17841.0",289,78,0.2699,13097,207,0.0158,0.2541
"13693.0",13,4,0.3077,112,6,0.0536,0.2541
"14064.0",21,6,0.2857,252,8,0.0317,0.2540
"14745.0",17,5,0.2941,147,6,0.0408,0.2533
"16678.0",17,5,0.2941,170,7,0.0412,0.2529
"15125.0",36,12,0.3333,261,21,0.0805,0.2528
"16134.0",7,2,0.2857,120,4,0.0333,0.2524
"17353.0",7,3,0.4286,17,3,0.1765,0.2521
"16772.0",5,2,0.4000,81,12,0.1481,0.2519
"17954.0",26,7,0.2692,785,14,0.0178,0.2514
"13630.0",11,4,0.3636,80,9,0.1125,0.2511
"12967.0",5,2,0.4000,94,14,0.1489,0.2511
"13268.0",15,4,0.2667,447,7,0.0157,0.2510
"15730.0",7,2,0.2857,115,4,0.0348,0.2509
"14415.0",32,9,0.2813,1301,40,0.0307,0.2506
"12895.0",3,1,0.3333,24,2,0.0833,0.2500
"15816.0",3,1,0.3333,12,1,0.0833,0.2500
"15724.0",5,2,0.4000,20,3,0.1500,0.2500
"15409.0",2,1,0.5000,12,3,0.2500,0.2500
"14981.0",3,1,0.3333,24,2,0.0833,0.2500
"15224.0",8,3,0.3750,40,5,0.1250,0.2500
"14119.0",3,1,0.3333,12,1,0.0833,0.2500
"15162.0",2,1,0.5000,16,4,0.2500,0.2500
"14840.0",3,1,0.3333,24,2,0.0833,0.2500
"16148.0",4,2,0.5000,12,3,0.2500,0.2500
"13983.0",30,9,0.3000,359,18,0.0501,0.2499
"13717.0",11,3,0.2727,127,3,0.0236,0.2491
"16523.0",39,11,0.2821,384,13,0.0339,0.2482
"13787.0",9,3,0.3333,94,8,0.0851,0.2482
"14233.0",10,3,0.3000,77,4,0.0519,0.2481
"13554.0",10,3,0.3000,211,11,0.0521,0.2479
"12440.0",3,1,0.3333,35,3,0.0857,0.2476
"14236.0",7,2,0.2857,52,2,0.0385,0.2472
"15110.0",9,3,0.3333,58,5,0.0862,0.2471
"17084.0",4,1,0.2500,295,1,0.0034,0.2466
"12677.0",3,1,0.3333,23,2,0.0870,0.2463
"13861.0",3,1,0.3333,23,2,0.0870,0.2463
"17651.0",22,6,0.2727,341,9,0.0264,0.2463
"15729.0",5,2,0.4000,13,2,0.1538,0.2462
"14800.0",23,6,0.2609,666,10,0.0150,0.2459
"16325.0",17,5,0.2941,145,7,0.0483,0.2458
"14198.0",13,4,0.3077,97,6,0.0619,0.2458
"17528.0",11,3,0.2727,260,7,0.0269,0.2458
"13659.0",17,5,0.2941,289,14,0.0484,0.2457
"14437.0",7,2,0.2857,50,2,0.0400,0.2457
"14217.0",33,10,0.3030,192,11,0.0573,0.2457
"14626.0",15,4,0.2667,237,5,0.0211,0.2456
"12380.0",15,4,0.2667,283,6,0.0212,0.2455
"17429.0",7,2,0.2857,99,4,0.0404,0.2453
"16520.0",8,2,0.2500,417,2,0.0048,0.2452
"13874.0",10,3,0.3000,73,4,0.0548,0.2452
"13024.0",3,1,0.3333,34,3,0.0882,0.2451
"13042.0",4,1,0.2500,200,1,0.0050,0.2450
"15810.0",13,5,0.3846,193,27,0.1399,0.2447
"13925.0",6,2,0.3333,45,4,0.0889,0.2444
"17702.0",9,3,0.3333,168,15,0.0893,0.2440
"12615.0",11,3,0.2727,278,8,0.0288,0.2439
"16001.0",2,1,0.5000,39,10,0.2564,0.2436
"14748.0",16,6,0.3750,220,29,0.1318,0.2432
"13212.0",4,1,0.2500,143,1,0.0070,0.2430
"12598.0",15,4,0.2667,211,5,0.0237,0.2430
"17593.0",15,4,0.2667,419,10,0.0239,0.2428
"14214.0",7,2,0.2857,70,3,0.0429,0.2428
"16428.0",4,1,0.2500,137,1,0.0073,0.2427
"12663.0",3,1,0.3333,11,1,0.0909,0.2424
"17170.0",3,1,0.3333,11,1,0.0909,0.2424
"18217.0",6,2,0.3333,44,4,0.0909,0.2424
"16080.0",6,2,0.3333,33,3,0.0909,0.2424
"13587.0",6,2,0.3333,33,3,0.0909,0.2424
"14314.0",3,1,0.3333,11,1,0.0909,0.2424
"15542.0",4,1,0.2500,254,2,0.0079,0.2421
"13485.0",15,4,0.2667,162,4,0.0247,0.2420
"16320.0",8,2,0.2500,243,2,0.0082,0.2418
"13958.0",12,4,0.3333,250,23,0.0920,0.2413
"16653.0",3,1,0.3333,76,7,0.0921,0.2412
"16204.0",4,1,0.2500,111,1,0.0090,0.2410
"17597.0",7,2,0.2857,134,6,0.0448,0.2409
"13384.0",15,4,0.2667,271,7,0.0258,0.2409
"12610.0",7,2,0.2857,111,5,0.0450,0.2407
"17406.0",18,5,0.2778,269,10,0.0372,0.2406
"12856.0",8,2,0.2500,317,3,0.0095,0.2405
"15704.0",8,2,0.2500,209,2,0.0096,0.2404
"12669.0",4,1,0.2500,102,1,0.0098,0.2402
"18204.0",4,1,0.2500,202,2,0.0099,0.2401
"15113.0",4,1,0.2500,101,1,0.0099,0.2401
"13478.0",7,2,0.2857,131,6,0.0458,0.2399
"13895.0",8,2,0.2500,188,2,0.0106,0.2394
"12972.0",6,2,0.3333,85,8,0.0941,0.2392
"17804.0",4,1,0.2500,93,1,0.0108,0.2392
"15932.0",11,3,0.2727,119,4,0.0336,0.2391
"16015.0",4,1,0.2500,184,2,0.0109,0.2391
"16117.0",4,1,0.2500,90,1,0.0111,0.2389
"12576.0",11,3,0.2727,147,5,0.0340,0.2387
"16798.0",4,1,0.2500,175,2,0.0114,0.2386
"16951.0",4,1,0.2500,87,1,0.0115,0.2385
"17801.0",4,1,0.2500,86,1,0.0116,0.2384
"12694.0",4,1,0.2500,84,1,0.0119,0.2381
"12619.0",14,4,0.2857,105,5,0.0476,0.2381
"16033.0",36,9,0.2500,1419,17,0.0120,0.2380
"16406.0",4,1,0.2500,162,2,0.0123,0.2377
"15630.0",4,1,0.2500,81,1,0.0123,0.2377
"14606.0",259,67,0.2587,6709,143,0.0213,0.2374
"14510.0",4,1,0.2500,79,1,0.0127,0.2373
"13803.0",4,1,0.2500,79,1,0.0127,0.2373
"17667.0",12,3,0.2500,235,3,0.0128,0.2372
"18260.0",32,9,0.2813,430,19,0.0442,0.2371
"17017.0",41,12,0.2927,449,25,0.0557,0.2370
"17014.0",4,1,0.2500,75,1,0.0133,0.2367
"17635.0",4,1,0.2500,75,1,0.0133,0.2367
"16360.0",8,2,0.2500,671,9,0.0134,0.2366
"17644.0",28,8,0.2857,344,17,0.0494,0.2363
"12717.0",4,1,0.2500,72,1,0.0139,0.2361
"12885.0",4,1,0.2500,72,1,0.0139,0.2361
"16807.0",8,2,0.2500,144,2,0.0139,0.2361
"12477.0",12,3,0.2500,572,8,0.0140,0.2360
"15044.0",47,12,0.2553,933,18,0.0193,0.2360
"18130.0",4,1,0.2500,71,1,0.0141,0.2359
"13388.0",4,1,0.2500,70,1,0.0143,0.2357
"15157.0",7,2,0.2857,160,8,0.0500,0.2357
"12644.0",6,2,0.3333,123,12,0.0976,0.2357
"18220.0",11,5,0.4545,32,7,0.2188,0.2357
"12994.0",5,2,0.4000,73,12,0.1644,0.2356
"12483.0",27,8,0.2963,148,9,0.0608,0.2355
"15831.0",4,1,0.2500,69,1,0.0145,0.2355
"15645.0",4,1,0.2500,69,1,0.0145,0.2355
"15254.0",4,1,0.2500,68,1,0.0147,0.2353
"15279.0",7,2,0.2857,99,5,0.0505,0.2352
"18188.0",8,2,0.2500,135,2,0.0148,0.2352
"16341.0",10,3,0.3000,169,11,0.0651,0.2349
"16053.0",8,2,0.2500,197,3,0.0152,0.2348
"14128.0",4,1,0.2500,66,1,0.0152,0.2348
"16451.0",4,1,0.2500,66,1,0.0152,0.2348
"15633.0",18,5,0.2778,185,8,0.0432,0.2346
"17451.0",10,3,0.3000,107,7,0.0654,0.2346
"16903.0",4,1,0.2500,193,3,0.0155,0.2345
"16842.0",4,1,0.2500,64,1,0.0156,0.2344
"16057.0",17,7,0.4118,265,47,0.1774,0.2344
"13786.0",8,2,0.2500,126,2,0.0159,0.2341
"18263.0",4,1,0.2500,62,1,0.0161,0.2339
"13520.0",15,4,0.2667,212,7,0.0330,0.2337
"14223.0",4,1,0.2500,61,1,0.0164,0.2336
"13936.0",4,1,0.2500,60,1,0.0167,0.2333
"12384.0",3,1,0.3333,30,3,0.1000,0.2333
"16840.0",3,1,0.3333,10,1,0.1000,0.2333
"14949.0",6,2,0.3333,30,3,0.1000,0.2333
"12403.0",3,1,0.3333,10,1,0.1000,0.2333
"14199.0",6,2,0.3333,20,2,0.1000,0.2333
"18030.0",3,1,0.3333,10,1,0.1000,0.2333
"13406.0",3,1,0.3333,10,1,0.1000,0.2333
"12921.0",103,29,0.2816,1612,78,0.0484,0.2332
"12417.0",27,7,0.2593,381,10,0.0262,0.2331
"17998.0",4,1,0.2500,59,1,0.0169,0.2331
"17706.0",43,12,0.2791,802,37,0.0461,0.2330
"12497.0",4,1,0.2500,58,1,0.0172,0.2328
"16572.0",4,1,0.2500,58,1,0.0172,0.2328
"14326.0",4,1,0.2500,58,1,0.0172,0.2328
"13781.0",4,1,0.2500,58,1,0.0172,0.2328
"15281.0",22,6,0.2727,544,22,0.0404,0.2323
"12709.0",55,21,0.3818,588,88,0.1497,0.2321
"14243.0",23,6,0.2609,382,11,0.0288,0.2321
"16228.0",4,1,0.2500,56,1,0.0179,0.2321
"15222.0",17,6,0.3529,157,19,0.1210,0.2319
"14172.0",4,1,0.2500,55,1,0.0182,0.2318
"13192.0",8,2,0.2500,165,3,0.0182,0.2318
"16943.0",7,2,0.2857,37,2,0.0541,0.2316
"18139.0",8,2,0.2500,162,3,0.0185,0.2315
"12484.0",16,4,0.2500,484,9,0.0186,0.2314
"16720.0",4,1,0.2500,161,3,0.0186,0.2314
"14370.0",9,3,0.3333,49,5,0.1020,0.2313
"15998.0",21,5,0.2381,1446,10,0.0069,0.2312
"14837.0",12,3,0.2500,213,4,0.0188,0.2312
"16782.0",50,12,0.2400,1900,17,0.0089,0.2311
"15467.0",4,1,0.2500,53,1,0.0189,0.2311
"15314.0",4,1,0.2500,51,1,0.0196,0.2304
"15194.0",39,11,0.2821,519,27,0.0520,0.2301
"14065.0",4,1,0.2500,50,1,0.0200,0.2300
"15814.0",8,2,0.2500,100,2,0.0200,0.2300
"12428.0",12,3,0.2500,300,6,0.0200,0.2300
"14916.0",11,3,0.2727,140,6,0.0429,0.2298
"14462.0",16,4,0.2500,295,6,0.0203,0.2297
"16143.0",16,4,0.2500,244,5,0.0205,0.2295
"14048.0",4,1,0.2500,144,3,0.0208,0.2292
"16790.0",8,2,0.2500,95,2,0.0211,0.2289
"13552.0",32,10,0.3125,227,19,0.0837,0.2288
"17578.0",10,3,0.3000,70,5,0.0714,0.2286
"15092.0",4,1,0.2500,46,1,0.0217,0.2283
"17490.0",13,4,0.3077,126,10,0.0794,0.2283
"13597.0",3,1,0.3333,19,2,0.1053,0.2280
"16860.0",4,1,0.2500,44,1,0.0227,0.2273
"14872.0",4,1,0.2500,44,1,0.0227,0.2273
"16450.0",4,1,0.2500,44,1,0.0227,0.2273
"14659.0",12,3,0.2500,259,6,0.0232,0.2268
"12783.0",8,2,0.2500,86,2,0.0233,0.2267
"17374.0",4,1,0.2500,43,1,0.0233,0.2267
"16759.0",4,1,0.2500,43,1,0.0233,0.2267
"14412.0",4,1,0.2500,86,2,0.0233,0.2267
"15005.0",76,20,0.2632,2548,94,0.0369,0.2263
"15842.0",3,1,0.3333,28,3,0.1071,0.2262
"16730.0",4,1,0.2500,84,2,0.0238,0.2262
"15750.0",24,6,0.2500,666,16,0.0240,0.2260
"15626.0",4,1,0.2500,82,2,0.0244,0.2256
"17251.0",4,1,0.2500,82,2,0.0244,0.2256
"14756.0",4,1,0.2500,122,3,0.0246,0.2254
"12530.0",12,3,0.2500,162,4,0.0247,0.2253
"14342.0",9,3,0.3333,37,4,0.1081,0.2252
"14853.0",7,2,0.2857,33,2,0.0606,0.2251
"13797.0",4,1,0.2500,80,2,0.0250,0.2250
"16281.0",4,1,0.2500,40,1,0.0250,0.2250
"13585.0",4,1,0.2500,40,1,0.0250,0.2250
"13484.0",4,1,0.2500,40,1,0.0250,0.2250
"16296.0",6,2,0.3333,83,9,0.1084,0.2249
"13901.0",20,5,0.2500,318,8,0.0252,0.2248
"12710.0",4,1,0.2500,79,2,0.0253,0.2247
"15183.0",4,1,0.2500,39,1,0.0256,0.2244
"15586.0",4,1,0.2500,39,1,0.0256,0.2244
"17924.0",14,6,0.4286,44,9,0.2045,0.2241
"13118.0",12,3,0.2500,152,4,0.0263,0.2237
"15346.0",4,1,0.2500,38,1,0.0263,0.2237
"14009.0",4,1,0.2500,76,2,0.0263,0.2237
"12720.0",41,11,0.2683,533,24,0.0450,0.2233
"16211.0",4,1,0.2500,37,1,0.0270,0.2230
"15018.0",4,1,0.2500,37,1,0.0270,0.2230
"14047.0",19,5,0.2632,171,7,0.0409,0.2223
"13810.0",4,1,0.2500,36,1,0.0278,0.2222
"15621.0",6,2,0.3333,18,2,0.1111,0.2222
"18230.0",12,3,0.2500,144,4,0.0278,0.2222
"15737.0",12,4,0.3333,81,9,0.1111,0.2222
"16351.0",18,5,0.2778,198,11,0.0556,0.2222
"15303.0",4,1,0.2500,71,2,0.0282,0.2218
"14590.0",28,8,0.2857,218,14,0.0642,0.2215
"13799.0",13,4,0.3077,116,10,0.0862,0.2215
"14937.0",4,1,0.2500,35,1,0.0286,0.2214
"13741.0",4,1,0.2500,35,1,0.0286,0.2214
"16164.0",4,1,0.2500,35,1,0.0286,0.2214
"16485.0",7,2,0.2857,155,10,0.0645,0.2212
"14284.0",4,1,0.2500,69,2,0.0290,0.2210
"17165.0",8,2,0.2500,103,3,0.0291,0.2209
"13148.0",36,10,0.2778,841,48,0.0571,0.2207
"14019.0",4,1,0.2500,68,2,0.0294,0.2206
"17640.0",8,2,0.2500,68,2,0.0294,0.2206
"17621.0",8,2,0.2500,68,2,0.0294,0.2206
"13267.0",50,14,0.2800,453,27,0.0596,0.2204
"14573.0",17,4,0.2353,404,6,0.0149,0.2204
"15754.0",12,3,0.2500,135,4,0.0296,0.2204
"12421.0",8,2,0.2500,67,2,0.0299,0.2201
"15544.0",26,6,0.2308,563,6,0.0107,0.2201
"16979.0",12,3,0.2500,133,4,0.0301,0.2199
"13255.0",4,1,0.2500,33,1,0.0303,0.2197
"12412.0",8,2,0.2500,131,4,0.0305,0.2195
"14680.0",87,29,0.3333,1458,166,0.1139,0.2194
"12456.0",4,1,0.2500,129,4,0.0310,0.2190
"13499.0",7,2,0.2857,45,3,0.0667,0.2190
"17334.0",4,1,0.2500,32,1,0.0313,0.2187
"16109.0",4,1,0.2500,32,1,0.0313,0.2187
"14885.0",4,1,0.2500,32,1,0.0313,0.2187
"12528.0",8,2,0.2500,95,3,0.0316,0.2184
"17317.0",5,2,0.4000,11,2,0.1818,0.2182
"13466.0",7,2,0.2857,59,4,0.0678,0.2179
"13655.0",8,2,0.2500,123,4,0.0325,0.2175
"14034.0",4,1,0.2500,92,3,0.0326,0.2174
"14210.0",21,5,0.2381,336,7,0.0208,0.2173
"15358.0",55,13,0.2364,1152,22,0.0191,0.2173
"15951.0",4,1,0.2500,61,2,0.0328,0.2172
"14063.0",13,4,0.3077,44,4,0.0909,0.2168
"15589.0",4,1,0.2500,30,1,0.0333,0.2167
"17663.0",23,6,0.2609,249,11,0.0442,0.2167
"16256.0",4,1,0.2500,30,1,0.0333,0.2167
"17865.0",62,16,0.2581,1062,44,0.0414,0.2167
"15674.0",18,5,0.2778,374,23,0.0615,0.2163
"16656.0",44,14,0.3182,157,16,0.1019,0.2163
"17420.0",8,2,0.2500,59,2,0.0339,0.2161
"17856.0",6,2,0.3333,17,2,0.1176,0.2157
"14168.0",3,1,0.3333,17,2,0.1176,0.2157
"16253.0",9,2,0.2222,304,2,0.0066,0.2156
"17011.0",4,1,0.2500,29,1,0.0345,0.2155
"16133.0",78,22,0.2821,584,39,0.0668,0.2153
"12951.0",20,5,0.2500,201,7,0.0348,0.2152
"13019.0",8,2,0.2500,57,2,0.0351,0.2149
"18256.0",2,1,0.5000,14,4,0.2857,0.2143
"13672.0",7,4,0.5714,28,10,0.3571,0.2143
"15171.0",2,1,0.5000,7,2,0.2857,0.2143
"14760.0",2,1,0.5000,7,2,0.2857,0.2143
"12888.0",4,2,0.5000,7,2,0.2857,0.2143
"15154.0",4,1,0.2500,195,7,0.0359,0.2141
"14738.0",12,3,0.2500,83,3,0.0361,0.2139
"14533.0",15,4,0.2667,94,5,0.0532,0.2135
"15416.0",9,2,0.2222,230,2,0.0087,0.2135
"15950.0",13,3,0.2308,402,7,0.0174,0.2134
"13319.0",78,20,0.2564,998,43,0.0431,0.2133
"12672.0",3,1,0.3333,25,3,0.1200,0.2133
"17107.0",13,3,0.2308,686,12,0.0175,0.2133
"17552.0",16,4,0.2500,162,6,0.0370,0.2130
"17866.0",4,1,0.2500,27,1,0.0370,0.2130
"13037.0",16,4,0.2500,241,9,0.0373,0.2127
"14122.0",5,2,0.4000,16,3,0.1875,0.2125
"15344.0",5,2,0.4000,32,6,0.1875,0.2125
"18168.0",22,6,0.2727,430,26,0.0605,0.2122
"16590.0",3,1,0.3333,33,4,0.1212,0.2121
"15413.0",7,2,0.2857,27,2,0.0741,0.2116
"17602.0",18,4,0.2222,937,10,0.0107,0.2115
"17736.0",4,1,0.2500,26,1,0.0385,0.2115
"17573.0",4,1,0.2500,26,1,0.0385,0.2115
"12919.0",8,2,0.2500,52,2,0.0385,0.2115
"16658.0",9,3,0.3333,82,10,0.1220,0.2113
"15430.0",3,1,0.3333,41,5,0.1220,0.2113
"13648.0",11,3,0.2727,113,7,0.0619,0.2108
"12623.0",9,2,0.2222,176,2,0.0114,0.2108
"12450.0",7,2,0.2857,40,3,0.0750,0.2107
"15901.0",9,2,0.2222,173,2,0.0116,0.2106
"17183.0",8,2,0.2500,76,3,0.0395,0.2105
"15179.0",17,4,0.2353,322,8,0.0248,0.2105
"16383.0",9,2,0.2222,423,5,0.0118,0.2104
"17526.0",16,4,0.2500,101,4,0.0396,0.2104
"15244.0",4,1,0.2500,50,2,0.0400,0.2100
"13696.0",4,1,0.2500,25,1,0.0400,0.2100
"12665.0",5,2,0.4000,21,4,0.1905,0.2095
"16242.0",18,4,0.2222,691,9,0.0130,0.2092
"18108.0",4,1,0.2500,49,2,0.0408,0.2092
"15551.0",9,2,0.2222,153,2,0.0131,0.2091
"15834.0",9,2,0.2222,383,5,0.0131,0.2091
"16161.0",57,14,0.2456,1202,44,0.0366,0.2090
"12870.0",4,1,0.2500,97,4,0.0412,0.2088
"18064.0",15,4,0.2667,69,4,0.0580,0.2087
"15181.0",8,3,0.3750,24,4,0.1667,0.2083
"15841.0",12,3,0.2500,96,4,0.0417,0.2083
"17465.0",9,2,0.2222,144,2,0.0139,0.2083
"16892.0",9,2,0.2222,141,2,0.0142,0.2080
"17646.0",16,4,0.2500,214,9,0.0421,0.2079
"16609.0",9,2,0.2222,280,4,0.0143,0.2079
"12802.0",9,2,0.2222,140,2,0.0143,0.2079
"14156.0",202,46,0.2277,4130,82,0.0199,0.2078
"16713.0",41,9,0.2195,1352,16,0.0118,0.2077
"14152.0",9,2,0.2222,135,2,0.0148,0.2074
"17463.0",9,2,0.2222,329,5,0.0152,0.2070
"17092.0",14,3,0.2143,400,3,0.0075,0.2068
"17609.0",14,3,0.2143,392,3,0.0077,0.2066
"15331.0",4,1,0.2500,46,2,0.0435,0.2065
"17426.0",17,4,0.2353,440,13,0.0295,0.2058
"17671.0",7,2,0.2857,100,8,0.0800,0.2057
"17931.0",18,4,0.2222,363,6,0.0165,0.2057
"17524.0",4,1,0.2500,45,2,0.0444,0.2056
"13413.0",8,2,0.2500,45,2,0.0444,0.2056
"15980.0",9,2,0.2222,119,2,0.0168,0.2054
"14817.0",9,2,0.2222,234,4,0.0171,0.2051
"15248.0",4,1,0.2500,111,5,0.0450,0.2050
"18221.0",8,2,0.2500,88,4,0.0455,0.2045
"15796.0",22,5,0.2273,302,7,0.0232,0.2041
"17049.0",25,6,0.2400,580,21,0.0362,0.2038
"14847.0",4,1,0.2500,65,3,0.0462,0.2038
"13668.0",47,12,0.2553,812,42,0.0517,0.2036
"12628.0",4,1,0.2500,43,2,0.0465,0.2035
"16436.0",4,1,0.2500,43,2,0.0465,0.2035
"13057.0",4,1,0.2500,43,2,0.0465,0.2035
"14502.0",14,3,0.2143,631,7,0.0111,0.2032
"16966.0",10,3,0.3000,31,3,0.0968,0.2032
"14141.0",6,2,0.3333,46,6,0.1304,0.2029
"14794.0",13,3,0.2308,107,3,0.0280,0.2028
"17633.0",9,2,0.2222,103,2,0.0194,0.2028
"14850.0",9,2,0.2222,205,4,0.0195,0.2027
"13513.0",4,1,0.2500,42,2,0.0476,0.2024
"15781.0",4,1,0.2500,21,1,0.0476,0.2024
"12410.0",4,1,0.2500,42,2,0.0476,0.2024
"17680.0",4,1,0.2500,21,1,0.0476,0.2024
"17994.0",14,3,0.2143,318,4,0.0126,0.2017
"13447.0",4,1,0.2500,62,3,0.0484,0.2016
"15805.0",40,10,0.2500,558,27,0.0484,0.2016
"14350.0",4,1,0.2500,62,3,0.0484,0.2016
"16016.0",14,3,0.2143,387,5,0.0129,0.2014
"15297.0",4,1,0.2500,41,2,0.0488,0.2012
"17676.0",13,3,0.2308,169,5,0.0296,0.2012
"15888.0",4,1,0.2500,41,2,0.0488,0.2012
"12998.0",4,1,0.2500,61,3,0.0492,0.2008
"13152.0",9,2,0.2222,138,3,0.0217,0.2005
"12949.0",28,6,0.2143,725,10,0.0138,0.2005
"14620.0",3,1,0.3333,30,4,0.1333,0.2000
"14676.0",16,4,0.2500,140,7,0.0500,0.2000
"13676.0",3,1,0.3333,15,2,0.1333,0.2000
"12829.0",4,1,0.2500,20,1,0.0500,0.2000
"17180.0",14,3,0.2143,414,6,0.0145,0.1998
"14961.0",28,6,0.2143,680,10,0.0147,0.1996
"13539.0",9,2,0.2222,88,2,0.0227,0.1995
"16255.0",19,4,0.2105,541,6,0.0111,0.1994
"12975.0",8,2,0.2500,118,6,0.0508,0.1992
"16393.0",30,7,0.2333,814,28,0.0344,0.1989
"15027.0",13,3,0.2308,94,3,0.0319,0.1989
"16138.0",4,1,0.2500,39,2,0.0513,0.1987
"16648.0",4,1,0.2500,39,2,0.0513,0.1987
"13246.0",14,3,0.2143,385,6,0.0156,0.1987
"17672.0",9,2,0.2222,211,5,0.0237,0.1985
"15827.0",42,14,0.3333,267,36,0.1348,0.1985
"15981.0",27,6,0.2222,295,7,0.0237,0.1985
"17811.0",60,13,0.2167,1204,22,0.0183,0.1984
"16303.0",9,2,0.2222,293,7,0.0239,0.1983
"12955.0",14,3,0.2143,183,3,0.0164,0.1979
"14551.0",9,2,0.2222,82,2,0.0244,0.1978
"16218.0",19,6,0.3158,186,22,0.1183,0.1975
"16157.0",4,1,0.2500,19,1,0.0526,0.1974
"15719.0",39,8,0.2051,1794,14,0.0078,0.1973
"13488.0",29,6,0.2069,731,7,0.0096,0.1973
"16717.0",20,6,0.3000,408,42,0.1029,0.1971
"16923.0",41,9,0.2195,1158,26,0.0225,0.1970
"13252.0",3,1,0.3333,22,3,0.1364,0.1969
"13481.0",14,3,0.2143,228,4,0.0175,0.1968
"15152.0",18,4,0.2222,308,8,0.0260,0.1962
"14953.0",5,1,0.2000,260,1,0.0038,0.1962
"12560.0",4,1,0.2500,111,6,0.0541,0.1959
"18097.0",14,3,0.2143,161,3,0.0186,0.1957
"14829.0",9,2,0.2222,113,3,0.0265,0.1957
"15638.0",9,3,0.3333,29,4,0.1379,0.1954
"12907.0",3,1,0.3333,29,4,0.1379,0.1954
"16065.0",10,2,0.2000,435,2,0.0046,0.1954
"13567.0",5,1,0.2000,204,1,0.0049,0.1951
"18125.0",5,1,0.2000,197,1,0.0051,0.1949
"12865.0",5,1,0.2000,196,1,0.0051,0.1949
"16042.0",11,3,0.2727,141,11,0.0780,0.1947
"17201.0",5,1,0.2000,187,1,0.0053,0.1947
"13077.0",14,3,0.2143,354,7,0.0198,0.1945
"15247.0",4,1,0.2500,18,1,0.0556,0.1944
"13190.0",4,1,0.2500,18,1,0.0556,0.1944
"14159.0",25,5,0.2000,1885,11,0.0058,0.1942
"12876.0",5,1,0.2000,171,1,0.0058,0.1942
"14088.0",20,4,0.2000,686,4,0.0058,0.1942
"12451.0",10,2,0.2000,514,3,0.0058,0.1942
"12744.0",14,3,0.2143,346,7,0.0202,0.1941
"18225.0",34,8,0.2353,604,25,0.0414,0.1939
"18268.0",8,2,0.2500,71,4,0.0563,0.1937
"13410.0",12,3,0.2500,53,3,0.0566,0.1934
"17034.0",7,2,0.2857,65,6,0.0923,0.1934
"18258.0",8,2,0.2500,53,3,0.0566,0.1934
"12917.0",8,2,0.2500,53,3,0.0566,0.1934
"14154.0",10,2,0.2000,294,2,0.0068,0.1932
"17979.0",5,1,0.2000,147,1,0.0068,0.1932
"17434.0",9,2,0.2222,138,4,0.0290,0.1932
"16019.0",35,8,0.2286,420,15,0.0357,0.1929
"16327.0",20,4,0.2000,954,7,0.0073,0.1927
"15885.0",20,5,0.2500,122,7,0.0574,0.1926
"15861.0",15,3,0.2000,804,6,0.0075,0.1925
"15900.0",5,1,0.2000,131,1,0.0076,0.1924
"15525.0",5,1,0.2000,261,2,0.0077,0.1923
"15911.0",10,2,0.2000,261,2,0.0077,0.1923
"15100.0",14,7,0.5000,26,8,0.3077,0.1923
"16869.0",5,1,0.2000,129,1,0.0078,0.1922
"17611.0",35,7,0.2000,1133,9,0.0079,0.1921
"13159.0",5,1,0.2000,122,1,0.0082,0.1918
"17969.0",27,7,0.2593,222,15,0.0676,0.1917
"15048.0",5,1,0.2000,121,1,0.0083,0.1917
"13758.0",19,4,0.2105,315,6,0.0190,0.1915
"16812.0",5,1,0.2000,116,1,0.0086,0.1914
"15916.0",17,4,0.2353,342,15,0.0439,0.1914
"17675.0",90,20,0.2222,1164,36,0.0309,0.1913
"13642.0",5,1,0.2000,115,1,0.0087,0.1913
"16634.0",10,4,0.4000,115,24,0.2087,0.1913
"13807.0",4,1,0.2500,34,2,0.0588,0.1912
"15109.0",4,1,0.2500,51,3,0.0588,0.1912
"17469.0",22,5,0.2273,277,10,0.0361,0.1912
"16265.0",15,3,0.2000,340,3,0.0088,0.1912
"14068.0",5,1,0.2000,112,1,0.0089,0.1911
"14861.0",14,4,0.2857,95,9,0.0947,0.1910
"15182.0",14,3,0.2143,128,3,0.0234,0.1909
"13278.0",5,1,0.2000,109,1,0.0092,0.1908
"16379.0",5,1,0.2000,109,1,0.0092,0.1908
"14264.0",8,2,0.2500,84,5,0.0595,0.1905
"15527.0",31,8,0.2581,355,24,0.0676,0.1905
"18227.0",3,1,0.3333,7,1,0.1429,0.1904
"13213.0",14,3,0.2143,209,5,0.0239,0.1904
"14934.0",9,4,0.4444,248,63,0.2540,0.1904
"14898.0",18,4,0.2222,314,10,0.0318,0.1904
"17166.0",3,1,0.3333,14,2,0.1429,0.1904
"14010.0",3,1,0.3333,28,4,0.1429,0.1904
"12418.0",5,1,0.2000,103,1,0.0097,0.1903
"16293.0",19,4,0.2105,246,5,0.0203,0.1902
"17962.0",5,1,0.2000,202,2,0.0099,0.1901
"16560.0",10,2,0.2000,201,2,0.0100,0.1900
"15411.0",5,1,0.2000,100,1,0.0100,0.1900
"17511.0",85,25,0.2941,2134,223,0.1045,0.1896
"13461.0",8,2,0.2500,66,4,0.0606,0.1894
"16702.0",5,1,0.2000,92,1,0.0109,0.1891
"14648.0",19,4,0.2105,465,10,0.0215,0.1890
"16422.0",146,37,0.2534,761,49,0.0644,0.1890
"14834.0",9,2,0.2222,90,3,0.0333,0.1889
"14952.0",43,11,0.2558,329,22,0.0669,0.1889
"12712.0",28,7,0.2500,294,18,0.0612,0.1888
"13802.0",24,5,0.2083,457,9,0.0197,0.1886
"13995.0",18,4,0.2222,238,8,0.0336,0.1886
"14766.0",14,3,0.2143,349,9,0.0258,0.1885
"16350.0",12,3,0.2500,130,8,0.0615,0.1885
"14911.0",510,112,0.2196,11613,366,0.0315,0.1881
"15555.0",46,10,0.2174,1732,51,0.0294,0.1880
"17481.0",5,1,0.2000,83,1,0.0120,0.1880
"16584.0",7,2,0.2857,92,9,0.0978,0.1879
"13397.0",13,3,0.2308,93,4,0.0430,0.1878
"12379.0",5,1,0.2000,82,1,0.0122,0.1878
"14895.0",48,10,0.2083,919,19,0.0207,0.1876
"16128.0",14,3,0.2143,187,5,0.0267,0.1876
"15476.0",5,1,0.2000,80,1,0.0125,0.1875
"12791.0",8,2,0.2500,32,2,0.0625,0.1875
"14423.0",4,1,0.2500,16,1,0.0625,0.1875
"16234.0",4,1,0.2500,16,1,0.0625,0.1875
"12952.0",5,1,0.2000,80,1,0.0125,0.1875
"16817.0",18,5,0.2778,166,15,0.0904,0.1874
"12935.0",19,4,0.2105,260,6,0.0231,0.1874
"14056.0",29,6,0.2069,1128,22,0.0195,0.1874
"17044.0",16,4,0.2500,159,10,0.0629,0.1871
"17230.0",23,5,0.2174,230,7,0.0304,0.1870
"16701.0",34,8,0.2353,289,14,0.0484,0.1869
"13916.0",5,1,0.2000,75,1,0.0133,0.1867
"13632.0",10,2,0.2000,224,3,0.0134,0.1866
"13644.0",5,1,0.2000,148,2,0.0135,0.1865
"12683.0",27,6,0.2222,561,20,0.0357,0.1865
"13015.0",14,3,0.2143,359,10,0.0279,0.1864
"17753.0",5,1,0.2000,73,1,0.0137,0.1863
"15141.0",9,2,0.2222,83,3,0.0361,0.1861
"13381.0",15,3,0.2000,361,5,0.0139,0.1861
"13815.0",10,2,0.2000,361,5,0.0139,0.1861
"13993.0",24,5,0.2083,267,6,0.0225,0.1858
"14944.0",24,5,0.2083,310,7,0.0226,0.1857
"15504.0",5,1,0.2000,70,1,0.0143,0.1857
"16756.0",9,2,0.2222,82,3,0.0366,0.1856
"15722.0",15,4,0.2667,197,16,0.0812,0.1855
"16488.0",4,1,0.2500,31,2,0.0645,0.1855
"15136.0",5,1,0.2000,69,1,0.0145,0.1855
"14209.0",19,4,0.2105,237,6,0.0253,0.1852
"12362.0",14,3,0.2143,275,8,0.0291,0.1852
"13767.0",96,23,0.2396,841,46,0.0547,0.1849
"14480.0",5,1,0.2000,66,1,0.0152,0.1848
"12648.0",5,1,0.2000,66,1,0.0152,0.1848
"14492.0",10,3,0.3000,104,12,0.1154,0.1846
"13187.0",5,1,0.2000,65,1,0.0154,0.1846
"13971.0",18,4,0.2222,265,10,0.0377,0.1845
"14734.0",5,1,0.2000,64,1,0.0156,0.1844
"17175.0",5,1,0.2000,64,1,0.0156,0.1844
"15751.0",14,3,0.2143,134,4,0.0299,0.1844
"12621.0",44,9,0.2045,786,16,0.0204,0.1841
"12936.0",5,1,0.2000,63,1,0.0159,0.1841
"17725.0",14,3,0.2143,198,6,0.0303,0.1840
"14732.0",24,5,0.2083,284,7,0.0246,0.1837
"15108.0",5,1,0.2000,61,1,0.0164,0.1836
"14769.0",21,4,0.1905,1436,10,0.0070,0.1835
"14258.0",32,7,0.2188,312,11,0.0353,0.1835
"17464.0",4,1,0.2500,45,3,0.0667,0.1833
"13035.0",4,1,0.2500,45,3,0.0667,0.1833
"17339.0",4,1,0.2500,15,1,0.0667,0.1833
"13651.0",4,1,0.2500,15,1,0.0667,0.1833
"16619.0",5,1,0.2000,118,2,0.0169,0.1831
"17272.0",5,1,0.2000,116,2,0.0172,0.1828
"14854.0",14,3,0.2143,222,7,0.0315,0.1828
"15498.0",55,11,0.2000,988,17,0.0172,0.1828
"15298.0",29,6,0.2069,453,11,0.0243,0.1826
"17837.0",10,2,0.2000,172,3,0.0174,0.1826
"16924.0",4,1,0.2500,89,6,0.0674,0.1826
"16700.0",31,6,0.1935,535,6,0.0112,0.1823
"14108.0",5,1,0.2000,55,1,0.0182,0.1818
"12645.0",10,2,0.2000,163,3,0.0184,0.1816
"16298.0",9,2,0.2222,49,2,0.0408,0.1814
"14725.0",5,1,0.2000,107,2,0.0187,0.1813
"13368.0",5,1,0.2000,53,1,0.0189,0.1811
"17691.0",5,1,0.2000,53,1,0.0189,0.1811
"16159.0",5,1,0.2000,53,1,0.0189,0.1811
"16623.0",5,1,0.2000,52,1,0.0192,0.1808
"17188.0",17,4,0.2353,182,10,0.0549,0.1804
"14025.0",10,2,0.2000,102,2,0.0196,0.1804
"12507.0",5,1,0.2000,51,1,0.0196,0.1804
"16729.0",26,5,0.1923,668,8,0.0120,0.1803
"13577.0",14,3,0.2143,174,6,0.0345,0.1798
"15158.0",3,1,0.3333,13,2,0.1538,0.1795
"13715.0",21,4,0.1905,540,6,0.0111,0.1794
"15276.0",5,1,0.2000,194,4,0.0206,0.1794
"17579.0",5,1,0.2000,96,2,0.0208,0.1792
"12586.0",5,1,0.2000,96,2,0.0208,0.1792
"13313.0",15,3,0.2000,191,4,0.0209,0.1791
"17732.0",10,2,0.2000,143,3,0.0210,0.1790
"14180.0",42,9,0.2143,312,11,0.0353,0.1790
"15493.0",11,2,0.1818,652,2,0.0031,0.1787
"15766.0",4,1,0.2500,28,2,0.0714,0.1786
"13811.0",4,1,0.2500,14,1,0.0714,0.1786
"16038.0",4,1,0.2500,28,2,0.0714,0.1786
"14507.0",14,3,0.2143,277,10,0.0361,0.1782
"12704.0",10,2,0.2000,90,2,0.0222,0.1778
"12787.0",5,1,0.2000,45,1,0.0222,0.1778
"13921.0",5,1,0.2000,45,1,0.0222,0.1778
"13778.0",5,1,0.2000,45,1,0.0222,0.1778
"14525.0",21,4,0.1905,550,7,0.0127,0.1778
"14515.0",15,3,0.2000,180,4,0.0222,0.1778
"17126.0",11,2,0.1818,477,2,0.0042,0.1776
"15801.0",4,1,0.2500,69,5,0.0725,0.1775
"14696.0",10,2,0.2000,176,4,0.0227,0.1773
"14126.0",5,1,0.2000,44,1,0.0227,0.1773
"17375.0",5,1,0.2000,88,2,0.0227,0.1773
"13920.0",5,1,0.2000,88,2,0.0227,0.1773
"13500.0",5,1,0.2000,87,2,0.0230,0.1770
"12681.0",56,11,0.1964,1494,29,0.0194,0.1770
"12523.0",30,7,0.2333,265,15,0.0566,0.1767
"15032.0",10,2,0.2000,128,3,0.0234,0.1766
"14649.0",11,2,0.1818,575,3,0.0052,0.1766
"13141.0",21,4,0.1905,431,6,0.0139,0.1766
"13408.0",135,29,0.2148,874,34,0.0389,0.1759
"16639.0",5,1,0.2000,83,2,0.0241,0.1759
"16233.0",12,3,0.2500,81,6,0.0741,0.1759
"12500.0",25,6,0.2400,156,10,0.0641,0.1759
"13999.0",36,7,0.1944,475,9,0.0189,0.1755
"12867.0",16,3,0.1875,1076,13,0.0121,0.1754
"15270.0",31,10,0.3226,197,29,0.1472,0.1754
"13394.0",24,5,0.2083,423,14,0.0331,0.1752
"16212.0",5,1,0.2000,80,2,0.0250,0.1750
"15903.0",15,3,0.2000,119,3,0.0252,0.1748
"17289.0",11,2,0.1818,281,2,0.0071,0.1747
"17113.0",8,2,0.2500,172,13,0.0756,0.1744
"14997.0",5,1,0.2000,39,1,0.0256,0.1744
"16897.0",3,1,0.3333,44,7,0.1591,0.1742
"14535.0",11,2,0.1818,852,7,0.0082,0.1736
"16170.0",25,5,0.2000,452,12,0.0265,0.1735
"16770.0",11,2,0.1818,357,3,0.0084,0.1734
"15777.0",9,2,0.2222,41,2,0.0488,0.1734
"13871.0",21,4,0.1905,409,7,0.0171,0.1734
"12625.0",5,1,0.2000,188,5,0.0266,0.1734
"16131.0",15,3,0.2000,225,6,0.0267,0.1733
"14277.0",14,5,0.3571,468,86,0.1838,0.1733
"12613.0",13,3,0.2308,347,20,0.0576,0.1732
"12766.0",11,2,0.1818,459,4,0.0087,0.1731
"17861.0",22,4,0.1818,573,5,0.0087,0.1731
"13555.0",16,3,0.1875,413,6,0.0145,0.1730
"17496.0",5,1,0.2000,74,2,0.0270,0.1730
"14896.0",10,2,0.2000,295,8,0.0271,0.1729
"13090.0",30,6,0.2000,291,8,0.0275,0.1725
"13113.0",60,23,0.3833,498,105,0.2108,0.1725
"17307.0",15,4,0.2667,53,5,0.0943,0.1724
"12349.0",5,1,0.2000,180,5,0.0278,0.1722
"13889.0",8,2,0.2500,90,7,0.0778,0.1722
"17109.0",10,2,0.2000,144,4,0.0278,0.1722
"13473.0",10,2,0.2000,72,2,0.0278,0.1722
"13950.0",5,1,0.2000,36,1,0.0278,0.1722
"15628.0",21,4,0.1905,324,6,0.0185,0.1720
"16801.0",5,1,0.2000,121,45,0.3719,-0.1719
"14639.0",11,2,0.1818,295,3,0.0102,0.1716
"16389.0",5,1,0.2000,35,1,0.0286,0.1714
"13557.0",16,3,0.1875,183,3,0.0164,0.1711
"16493.0",9,2,0.2222,117,6,0.0513,0.1709
"14315.0",10,2,0.2000,137,4,0.0292,0.1708
"12826.0",15,3,0.2000,171,5,0.0292,0.1708
"17951.0",5,1,0.2000,34,1,0.0294,0.1706
"17769.0",21,4,0.1905,603,12,0.0199,0.1706
"17754.0",16,3,0.1875,232,4,0.0172,0.1703
"14031.0",55,11,0.2000,805,24,0.0298,0.1702
"16156.0",26,6,0.2308,280,17,0.0607,0.1701
"15687.0",11,2,0.1818,168,2,0.0119,0.1699
"16996.0",13,4,0.3077,87,12,0.1379,0.1698
"15311.0",270,62,0.2296,4717,283,0.0600,0.1696
"13610.0",17,3,0.1765,419,3,0.0072,0.1693
"17588.0",9,2,0.2222,75,4,0.0533,0.1689
"13435.0",11,2,0.1818,154,2,0.0130,0.1688
"15034.0",17,3,0.1765,770,6,0.0078,0.1687
"12647.0",45,9,0.2000,574,18,0.0314,0.1686
"13004.0",46,10,0.2174,857,42,0.0490,0.1684
"13908.0",5,1,0.2000,126,4,0.0317,0.1683
"17146.0",16,3,0.1875,309,6,0.0194,0.1681
"12422.0",21,4,0.1905,176,4,0.0227,0.1678
"17389.0",77,16,0.2078,449,18,0.0401,0.1677
"18118.0",35,6,0.1714,1572,6,0.0038,0.1676
"16395.0",17,3,0.1765,653,6,0.0092,0.1673
"14388.0",20,4,0.2000,428,14,0.0327,0.1673
"15384.0",5,1,0.2000,122,4,0.0328,0.1672
"14959.0",5,1,0.2000,61,2,0.0328,0.1672
"13324.0",23,5,0.2174,139,7,0.0504,0.1670
"13952.0",17,3,0.1765,413,4,0.0097,0.1668
"16403.0",2,1,0.5000,15,5,0.3333,0.1667
"12503.0",2,1,0.5000,3,1,0.3333,0.1667
"17193.0",12,3,0.2500,48,4,0.0833,0.1667
"16252.0",2,1,0.5000,63,42,0.6667,-0.1667
"14213.0",2,1,0.5000,15,10,0.6667,-0.1667
"12487.0",2,1,0.5000,3,1,0.3333,0.1667
"13074.0",5,1,0.2000,30,1,0.0333,0.1667
"14618.0",9,2,0.2222,54,3,0.0556,0.1666
"13954.0",3,1,0.3333,30,5,0.1667,0.1666
"13164.0",3,1,0.3333,12,2,0.1667,0.1666
"13541.0",3,1,0.3333,12,2,0.1667,0.1666
"15212.0",3,1,0.3333,12,2,0.1667,0.1666
"15291.0",53,13,0.2453,267,21,0.0787,0.1666
"14768.0",3,1,0.3333,6,1,0.1667,0.1666
"14501.0",3,1,0.3333,12,2,0.1667,0.1666
"13209.0",16,3,0.1875,374,8,0.0214,0.1661
"16202.0",11,2,0.1818,126,2,0.0159,0.1659
"13641.0",7,2,0.2857,50,6,0.1200,0.1657
"15497.0",11,2,0.1818,123,2,0.0163,0.1655
"16473.0",5,1,0.2000,29,1,0.0345,0.1655
"15426.0",11,2,0.1818,543,9,0.0166,0.1652
"12431.0",33,6,0.1818,413,7,0.0169,0.1649
"17083.0",11,2,0.1818,117,2,0.0171,0.1647
"13334.0",6,1,0.1667,481,1,0.0021,0.1646
"13929.0",14,3,0.2143,60,3,0.0500,0.1643
"13846.0",5,1,0.2000,84,3,0.0357,0.1643
"16546.0",7,2,0.2857,107,13,0.1215,0.1642
"15494.0",6,1,0.1667,380,1,0.0026,0.1641
"16121.0",6,1,0.1667,360,1,0.0028,0.1639
"16372.0",6,1,0.1667,334,1,0.0030,0.1637
"13862.0",11,2,0.1818,163,3,0.0184,0.1634
"14455.0",5,1,0.2000,82,3,0.0366,0.1634
"14690.0",5,1,0.2000,109,4,0.0367,0.1633
"16719.0",17,3,0.1765,450,6,0.0133,0.1632
"15960.0",5,1,0.2000,27,1,0.0370,0.1630
"14905.0",10,2,0.2000,81,3,0.0370,0.1630
"12597.0",5,1,0.2000,214,8,0.0374,0.1626
"14719.0",6,1,0.1667,238,1,0.0042,0.1625
"14686.0",6,1,0.1667,236,1,0.0042,0.1625
"14035.0",11,2,0.1818,154,3,0.0195,0.1623
"13849.0",6,1,0.1667,221,1,0.0045,0.1622
"14410.0",17,6,0.3529,487,93,0.1910,0.1619
"17404.0",28,5,0.1786,297,5,0.0168,0.1618
"16558.0",47,9,0.1915,804,24,0.0299,0.1616
"16359.0",20,4,0.2000,130,5,0.0385,0.1615
"16830.0",5,1,0.2000,78,3,0.0385,0.1615
"15882.0",10,2,0.2000,78,3,0.0385,0.1615
"14182.0",5,1,0.2000,52,2,0.0385,0.1615
"17091.0",23,4,0.1739,480,6,0.0125,0.1614
"14508.0",6,1,0.1667,189,1,0.0053,0.1614
"17921.0",12,2,0.1667,370,2,0.0054,0.1613
"15067.0",6,1,0.1667,179,1,0.0056,0.1611
"15255.0",11,2,0.1818,193,4,0.0207,0.1611
"17829.0",6,1,0.1667,172,1,0.0058,0.1609
"14395.0",24,4,0.1667,822,5,0.0061,0.1606
"12978.0",6,1,0.1667,164,1,0.0061,0.1606
"18171.0",11,2,0.1818,94,2,0.0213,0.1605
"16358.0",6,1,0.1667,155,1,0.0065,0.1602
"14481.0",6,1,0.1667,153,1,0.0065,0.1602
"13948.0",5,1,0.2000,25,1,0.0400,0.1600
"13433.0",5,1,0.2000,25,1,0.0400,0.1600
"13703.0",3,1,0.3333,73,36,0.4932,-0.1599
"14978.0",12,2,0.1667,295,2,0.0068,0.1599
"16898.0",6,1,0.1667,295,2,0.0068,0.1599
"12517.0",6,1,0.1667,286,2,0.0070,0.1597
"14844.0",12,2,0.1667,279,2,0.0072,0.1595
"13308.0",5,1,0.2000,74,3,0.0405,0.1595
"15600.0",5,1,0.2000,74,3,0.0405,0.1595
"17658.0",3,1,0.3333,23,4,0.1739,0.1594
"15680.0",12,2,0.1667,268,2,0.0075,0.1592
"14147.0",12,3,0.2500,33,3,0.0909,0.1591
"17380.0",4,1,0.2500,11,1,0.0909,0.1591
"17159.0",6,1,0.1667,131,1,0.0076,0.1591
"17648.0",6,1,0.1667,126,1,0.0079,0.1588
"17582.0",6,1,0.1667,125,1,0.0080,0.1587
"13760.0",6,1,0.1667,120,1,0.0083,0.1584
"16637.0",5,1,0.2000,72,3,0.0417,0.1583
"16136.0",5,1,0.2000,48,2,0.0417,0.1583
"12588.0",5,1,0.2000,48,2,0.0417,0.1583
"16317.0",6,1,0.1667,118,1,0.0085,0.1582
"14247.0",6,1,0.1667,118,1,0.0085,0.1582
"16926.0",6,1,0.1667,115,1,0.0087,0.1580
"13709.0",22,4,0.1818,418,10,0.0239,0.1579
"14454.0",6,1,0.1667,111,1,0.0090,0.1577
"12838.0",12,2,0.1667,427,4,0.0094,0.1573
"12747.0",32,6,0.1875,265,8,0.0302,0.1573
"17659.0",17,3,0.1765,208,4,0.0192,0.1573
"15652.0",6,1,0.1667,105,1,0.0095,0.1572
"15594.0",6,1,0.1667,104,1,0.0096,0.1571
"12727.0",12,2,0.1667,205,2,0.0098,0.1569
"16791.0",18,3,0.1667,705,7,0.0099,0.1568
"14320.0",7,2,0.2857,93,12,0.1290,0.1567
"16625.0",6,1,0.1667,100,1,0.0100,0.1567
"12383.0",6,1,0.1667,100,1,0.0100,0.1567
"13598.0",6,1,0.1667,100,1,0.0100,0.1567
"12481.0",18,3,0.1667,395,4,0.0101,0.1566
"14623.0",12,2,0.1667,295,3,0.0102,0.1565
"16014.0",6,1,0.1667,294,3,0.0102,0.1565
"16618.0",6,1,0.1667,97,1,0.0103,0.1564
"13089.0",247,44,0.1781,3438,75,0.0218,0.1563
"12782.0",14,3,0.2143,241,14,0.0581,0.1562
"13239.0",6,1,0.1667,95,1,0.0105,0.1562
"14225.0",5,1,0.2000,91,4,0.0440,0.1560
"18272.0",11,2,0.1818,232,6,0.0259,0.1559
"13184.0",12,2,0.1667,183,2,0.0109,0.1558
"18135.0",13,3,0.2308,40,3,0.0750,0.1558
"18215.0",6,1,0.1667,91,1,0.0110,0.1557
"15532.0",12,2,0.1667,634,7,0.0110,0.1557
"13168.0",6,1,0.1667,182,2,0.0110,0.1557
"15107.0",12,3,0.2500,53,5,0.0943,0.1557
"17495.0",4,1,0.2500,53,5,0.0943,0.1557
"14157.0",6,1,0.1667,90,1,0.0111,0.1556
"15807.0",6,1,0.1667,89,1,0.0112,0.1555
"13316.0",12,2,0.1667,177,2,0.0113,0.1554
"14695.0",4,1,0.2500,95,9,0.0947,0.1553
"13495.0",13,3,0.2308,159,12,0.0755,0.1553
"15590.0",6,1,0.1667,88,1,0.0114,0.1553
"16441.0",6,1,0.1667,87,1,0.0115,0.1552
"15646.0",6,1,0.1667,86,1,0.0116,0.1551
"12395.0",18,3,0.1667,257,3,0.0117,0.1550
"17054.0",6,1,0.1667,84,1,0.0119,0.1548
"17700.0",17,3,0.1765,368,8,0.0217,0.1548
"15845.0",14,3,0.2143,185,11,0.0595,0.1548
"14080.0",6,1,0.1667,84,1,0.0119,0.1548
"18059.0",4,1,0.2500,21,2,0.0952,0.1548
"17613.0",17,3,0.1765,319,7,0.0219,0.1546
"15377.0",5,1,0.2000,22,1,0.0455,0.1545
"13725.0",11,3,0.2727,118,14,0.1186,0.1541
"17521.0",6,1,0.1667,79,1,0.0127,0.1540
"12668.0",12,2,0.1667,546,7,0.0128,0.1539
"13000.0",5,1,0.2000,65,3,0.0462,0.1538
"13065.0",6,1,0.1667,77,1,0.0130,0.1537
"13860.0",6,1,0.1667,77,1,0.0130,0.1537
"16946.0",6,1,0.1667,76,1,0.0132,0.1535
"17581.0",53,10,0.1887,881,31,0.0352,0.1535
"16188.0",6,1,0.1667,75,1,0.0133,0.1534
"16777.0",6,1,0.1667,148,2,0.0135,0.1532
"15822.0",8,2,0.2500,72,7,0.0972,0.1528
"13462.0",6,1,0.1667,72,1,0.0139,0.1528
"15057.0",6,1,0.1667,71,1,0.0141,0.1526
"17298.0",6,1,0.1667,71,1,0.0141,0.1526
"14744.0",17,3,0.1765,124,3,0.0242,0.1523
"13211.0",12,2,0.1667,209,3,0.0144,0.1523
"17719.0",18,3,0.1667,278,4,0.0144,0.1523
"13059.0",12,2,0.1667,205,3,0.0146,0.1521
"13451.0",13,2,0.1538,1044,2,0.0019,0.1519
"15260.0",30,5,0.1667,404,6,0.0149,0.1518
"14859.0",6,1,0.1667,67,1,0.0149,0.1518
"18069.0",13,2,0.1538,1000,2,0.0020,0.1518
"12649.0",10,2,0.2000,124,6,0.0484,0.1516
"13882.0",6,1,0.1667,66,1,0.0152,0.1515
"16103.0",27,5,0.1852,207,7,0.0338,0.1514
"13636.0",6,1,0.1667,64,1,0.0156,0.1511
"17019.0",13,2,0.1538,715,2,0.0028,0.1510
"17695.0",6,1,0.1667,62,1,0.0161,0.1506
"13870.0",18,3,0.1667,245,4,0.0163,0.1504
"16225.0",18,3,0.1667,307,5,0.0163,0.1504
"12901.0",36,8,0.2222,125,9,0.0720,0.1502
"17987.0",6,1,0.1667,181,3,0.0166,0.1501
"15283.0",4,1,0.2500,10,1,0.1000,0.1500
"15465.0",39,7,0.1795,271,8,0.0295,0.1500
"14942.0",5,1,0.2000,20,1,0.0500,0.1500
"13080.0",5,1,0.2000,20,1,0.0500,0.1500
"15759.0",10,3,0.3000,20,3,0.1500,0.1500
"13292.0",6,1,0.1667,60,1,0.0167,0.1500
"16690.0",5,1,0.2000,20,1,0.0500,0.1500
"15372.0",10,2,0.2000,60,3,0.0500,0.1500
"13032.0",11,2,0.1818,219,7,0.0320,0.1498
"14530.0",19,3,0.1579,489,4,0.0082,0.1497
"14040.0",42,7,0.1667,808,14,0.0173,0.1494
"14016.0",13,2,0.1538,450,2,0.0044,0.1494
"17158.0",6,1,0.1667,115,2,0.0174,0.1493
"14311.0",3,1,0.3333,38,7,0.1842,0.1491
"13044.0",13,2,0.1538,421,2,0.0048,0.1490
"15016.0",6,1,0.1667,110,2,0.0182,0.1485
"15078.0",64,11,0.1719,812,19,0.0234,0.1485
"18198.0",21,4,0.1905,166,7,0.0422,0.1483
"14708.0",6,1,0.1667,54,1,0.0185,0.1482
"13855.0",5,1,0.2000,77,4,0.0519,0.1481
"14755.0",30,5,0.1667,484,9,0.0186,0.1481
"14020.0",5,1,0.2000,76,4,0.0526,0.1474
"15906.0",12,2,0.1667,207,4,0.0193,0.1474
"12835.0",49,8,0.1633,630,10,0.0159,0.1474
"12520.0",6,1,0.1667,155,3,0.0194,0.1473
"14713.0",25,4,0.1600,711,9,0.0127,0.1473
"16950.0",12,2,0.1667,153,3,0.0196,0.1471
"13178.0",25,4,0.1600,696,9,0.0129,0.1471
"13663.0",6,1,0.1667,101,2,0.0198,0.1469
"13012.0",15,4,0.2667,175,21,0.1200,0.1467
"15367.0",13,2,0.1538,281,2,0.0071,0.1467
"16859.0",10,3,0.3000,130,20,0.1538,0.1462
"13173.0",13,2,0.1538,252,2,0.0079,0.1459
"16689.0",3,1,0.3333,16,3,0.1875,0.1458
"17338.0",20,3,0.1500,1368,6,0.0044,0.1456
"14176.0",6,1,0.1667,47,1,0.0213,0.1454
"16347.0",13,2,0.1538,357,3,0.0084,0.1454
"15394.0",13,2,0.1538,229,2,0.0087,0.1451
"15266.0",6,1,0.1667,46,1,0.0217,0.1450
"13579.0",6,1,0.1667,92,2,0.0217,0.1450
"16918.0",19,3,0.1579,463,6,0.0130,0.1449
"18270.0",4,1,0.2500,19,2,0.1053,0.1447
"16104.0",11,2,0.1818,242,9,0.0372,0.1446
"17720.0",12,2,0.1667,136,3,0.0221,0.1446
"16722.0",26,4,0.1538,423,4,0.0095,0.1443
"12839.0",31,5,0.1613,586,10,0.0171,0.1442
"16912.0",18,3,0.1667,177,4,0.0226,0.1441
"16332.0",13,2,0.1538,201,2,0.0100,0.1438
"15632.0",10,2,0.2000,177,10,0.0565,0.1435
"18190.0",6,1,0.1667,43,1,0.0233,0.1434
"16818.0",13,2,0.1538,191,2,0.0105,0.1433
"13468.0",87,15,0.1724,750,22,0.0293,0.1431
"14931.0",6,1,0.1667,42,1,0.0238,0.1429
"13070.0",5,1,0.2000,35,2,0.0571,0.1429
"18155.0",4,1,0.2500,28,3,0.1071,0.1429
"15669.0",5,1,0.2000,35,2,0.0571,0.1429
"13440.0",10,3,0.3000,70,11,0.1571,0.1429
"14109.0",2,1,0.5000,14,5,0.3571,0.1429
"14701.0",18,3,0.1667,631,15,0.0238,0.1429
"15660.0",18,3,0.1667,165,4,0.0242,0.1425
"12352.0",13,3,0.2308,113,10,0.0885,0.1423
"18172.0",63,11,0.1746,492,16,0.0325,0.1421
"17302.0",6,1,0.1667,81,2,0.0247,0.1420
"14824.0",12,2,0.1667,162,4,0.0247,0.1420
"14431.0",5,1,0.2000,86,5,0.0581,0.1419
"14216.0",6,1,0.1667,79,2,0.0253,0.1414
"13477.0",13,2,0.1538,160,2,0.0125,0.1413
"13418.0",37,6,0.1622,575,12,0.0209,0.1413
"16905.0",20,3,0.1500,345,3,0.0087,0.1413
"14107.0",13,2,0.1538,239,3,0.0126,0.1412
"14367.0",19,3,0.1579,533,9,0.0169,0.1410
"12721.0",10,2,0.2000,254,15,0.0591,0.1409
"17114.0",10,2,0.2000,135,8,0.0593,0.1407
"16153.0",13,2,0.1538,229,3,0.0131,0.1407
"17618.0",13,2,0.1538,380,5,0.0132,0.1406
"16455.0",13,2,0.1538,228,3,0.0132,0.1406
"15574.0",7,1,0.1429,374,1,0.0027,0.1402
"15003.0",7,1,0.1429,350,1,0.0029,0.1400
"16503.0",13,2,0.1538,216,3,0.0139,0.1399
"14970.0",16,4,0.2500,127,14,0.1102,0.1398
"15287.0",6,1,0.1667,37,1,0.0270,0.1397
"16444.0",20,3,0.1500,380,4,0.0105,0.1395
"17827.0",7,1,0.1429,289,1,0.0035,0.1394
"17438.0",6,1,0.1667,73,2,0.0274,0.1393
"13919.0",5,1,0.2000,82,5,0.0610,0.1390
"13544.0",7,1,0.1429,259,1,0.0039,0.1390
"14645.0",4,1,0.2500,54,6,0.1111,0.1389
"17724.0",4,1,0.2500,45,5,0.1111,0.1389
"16716.0",4,1,0.2500,9,1,0.1111,0.1389
"15969.0",6,1,0.1667,36,1,0.0278,0.1389
"13150.0",4,1,0.2500,9,1,0.1111,0.1389
"13975.0",14,2,0.1429,755,3,0.0040,0.1389
"17408.0",4,1,0.2500,9,1,0.1111,0.1389
"17360.0",7,1,0.1429,241,1,0.0041,0.1388
"15484.0",7,1,0.1429,242,1,0.0041,0.1388
"15732.0",12,2,0.1667,107,3,0.0280,0.1387
"15228.0",7,1,0.1429,235,1,0.0043,0.1386
"13527.0",14,2,0.1429,459,2,0.0044,0.1385
"14657.0",7,1,0.1429,216,1,0.0046,0.1383
"13821.0",7,1,0.1429,210,1,0.0048,0.1381
"13443.0",7,1,0.1429,205,1,0.0049,0.1380
"13856.0",15,4,0.2667,62,8,0.1290,0.1377
"12437.0",47,8,0.1702,583,19,0.0326,0.1376
"12651.0",5,1,0.2000,32,2,0.0625,0.1375
"12987.0",6,1,0.1667,68,2,0.0294,0.1373
"13502.0",6,1,0.1667,34,1,0.0294,0.1373
"13162.0",19,3,0.1579,243,5,0.0206,0.1373
"17886.0",7,1,0.1429,176,1,0.0057,0.1372
"14936.0",14,2,0.1429,530,3,0.0057,0.1372
"17062.0",7,1,0.1429,165,1,0.0061,0.1368
"13742.0",14,2,0.1429,323,2,0.0062,0.1367
"12637.0",14,2,0.1429,639,4,0.0063,0.1366
"16633.0",7,1,0.1429,153,1,0.0065,0.1364
"15491.0",7,1,0.1429,155,1,0.0065,0.1364
"13464.0",7,1,0.1429,152,1,0.0066,0.1363
"16592.0",34,6,0.1765,446,18,0.0404,0.1361
"15142.0",7,1,0.1429,143,1,0.0070,0.1359
"14754.0",7,1,0.1429,138,1,0.0072,0.1357
"13183.0",18,3,0.1667,161,5,0.0311,0.1356
"18214.0",5,1,0.2000,62,4,0.0645,0.1355
"17589.0",21,3,0.1429,1353,10,0.0074,0.1355
"13881.0",51,8,0.1569,467,10,0.0214,0.1355
"14316.0",6,1,0.1667,32,1,0.0313,0.1354
"16201.0",6,1,0.1667,128,4,0.0313,0.1354
"12820.0",13,2,0.1538,163,3,0.0184,0.1354
"15198.0",6,1,0.1667,32,1,0.0313,0.1354
"17041.0",7,1,0.1429,130,1,0.0077,0.1352
"14334.0",14,2,0.1429,260,2,0.0077,0.1352
"12600.0",26,5,0.1923,140,8,0.0571,0.1352
"18109.0",45,7,0.1556,686,14,0.0204,0.1352
"14482.0",14,2,0.1429,255,2,0.0078,0.1351
"16919.0",28,4,0.1429,645,5,0.0078,0.1351
"13857.0",7,1,0.1429,129,1,0.0078,0.1351
"13110.0",14,2,0.1429,254,2,0.0079,0.1350
"17679.0",11,4,0.3636,105,24,0.2286,0.1350
"17584.0",7,1,0.1429,125,1,0.0080,0.1349
"12857.0",7,1,0.1429,122,1,0.0082,0.1347
"16600.0",16,3,0.1875,151,8,0.0530,0.1345
"14037.0",7,1,0.1429,115,1,0.0087,0.1342
"15774.0",7,1,0.1429,114,1,0.0088,0.1341
"15584.0",7,1,0.1429,226,2,0.0088,0.1341
"16611.0",7,1,0.1429,111,1,0.0090,0.1339
"16841.0",14,2,0.1429,221,2,0.0090,0.1339
"15601.0",35,5,0.1429,880,8,0.0091,0.1338
"18151.0",7,1,0.1429,107,1,0.0093,0.1336
"17685.0",14,2,0.1429,215,2,0.0093,0.1336
"15447.0",6,1,0.1667,30,1,0.0333,0.1334
"15603.0",3,1,0.3333,5,1,0.2000,0.1333
"15873.0",5,1,0.2000,9,3,0.3333,-0.1333
"15691.0",5,1,0.2000,15,1,0.0667,0.1333
"16604.0",3,1,0.3333,15,3,0.2000,0.1333
"14852.0",21,3,0.1429,313,3,0.0096,0.1333
"17214.0",7,1,0.1429,104,1,0.0096,0.1333
"17412.0",19,3,0.1579,242,6,0.0248,0.1331
"17448.0",54,8,0.1481,1134,17,0.0150,0.1331
"14421.0",7,1,0.1429,97,1,0.0103,0.1326
"13900.0",7,1,0.1429,96,1,0.0104,0.1325
"18161.0",7,1,0.1429,94,1,0.0106,0.1323
"14915.0",13,2,0.1538,92,2,0.0217,0.1321
"14631.0",7,1,0.1429,92,1,0.0109,0.1320
"16563.0",7,1,0.1429,91,1,0.0110,0.1319
"17377.0",91,13,0.1429,1796,20,0.0111,0.1318
"14201.0",12,2,0.1667,57,2,0.0351,0.1316
"17323.0",14,2,0.1429,340,4,0.0118,0.1311
"13091.0",6,3,0.5000,122,77,0.6311,-0.1311
"13590.0",21,3,0.1429,415,5,0.0120,0.1309
"15312.0",14,2,0.1429,165,2,0.0121,0.1308
"17692.0",14,2,0.1429,164,2,0.0122,0.1307
"17567.0",11,2,0.1818,235,12,0.0511,0.1307
"15550.0",14,2,0.1429,243,3,0.0123,0.1306
"15189.0",58,12,0.2069,261,20,0.0766,0.1303
"16203.0",7,1,0.1429,78,1,0.0128,0.1301
"16180.0",16,3,0.1875,347,20,0.0576,0.1299
"17760.0",7,1,0.1429,77,1,0.0130,0.1299
"17940.0",22,6,0.2727,42,6,0.1429,0.1298
"17673.0",15,2,0.1333,522,2,0.0038,0.1295
"13027.0",23,4,0.1739,90,4,0.0444,0.1295
"14867.0",19,3,0.1579,141,4,0.0284,0.1295
"15898.0",29,4,0.1379,703,6,0.0085,0.1294
"13293.0",7,1,0.1429,73,1,0.0137,0.1292
"15858.0",15,2,0.1333,485,2,0.0041,0.1292
"17460.0",21,5,0.2381,156,17,0.1090,0.1291
"12402.0",7,1,0.1429,71,1,0.0141,0.1288
"13049.0",5,1,0.2000,28,2,0.0714,0.1286
"16496.0",7,1,0.1429,140,2,0.0143,0.1286
"15789.0",7,1,0.1429,140,2,0.0143,0.1286
"17817.0",7,1,0.1429,140,2,0.0143,0.1286
"16871.0",7,1,0.1429,139,2,0.0144,0.1285
"13206.0",15,2,0.1333,584,3,0.0051,0.1282
"14733.0",18,3,0.1667,362,14,0.0387,0.1280
"15402.0",7,1,0.1429,133,2,0.0150,0.1279
"13750.0",13,2,0.1538,77,2,0.0260,0.1278
"15611.0",32,6,0.1875,100,6,0.0600,0.1275
"17540.0",7,1,0.1429,65,1,0.0154,0.1275
"17311.0",7,1,0.1429,129,2,0.0155,0.1274
"18084.0",5,2,0.4000,11,3,0.2727,0.1273
"14948.0",7,1,0.1429,64,1,0.0156,0.1273
"14195.0",10,4,0.4000,22,6,0.2727,0.1273
"12605.0",5,1,0.2000,82,6,0.0732,0.1268
"12631.0",7,1,0.1429,186,3,0.0161,0.1268
"12993.0",10,2,0.2000,82,6,0.0732,0.1268
"15381.0",6,1,0.1667,25,1,0.0400,0.1267
"16155.0",6,1,0.1667,50,2,0.0400,0.1267
"16949.0",7,1,0.1429,61,1,0.0164,0.1265
"14555.0",7,1,0.1429,121,2,0.0165,0.1264
"16356.0",7,1,0.1429,60,1,0.0167,0.1262
"17615.0",7,1,0.1429,60,1,0.0167,0.1262
"15220.0",7,1,0.1429,119,2,0.0168,0.1261
"16034.0",7,1,0.1429,58,1,0.0172,0.1257
"17990.0",7,1,0.1429,58,1,0.0172,0.1257
"17139.0",29,4,0.1379,819,10,0.0122,0.1257
"15023.0",23,3,0.1304,1020,5,0.0049,0.1255
"13946.0",7,1,0.1429,57,1,0.0175,0.1254
"17211.0",15,2,0.1333,380,3,0.0079,0.1254
"18232.0",5,1,0.2000,40,3,0.0750,0.1250
"14460.0",12,3,0.2500,48,6,0.1250,0.1250
"14495.0",4,1,0.2500,8,1,0.1250,0.1250
"16607.0",29,4,0.1379,302,4,0.0132,0.1247
"14511.0",6,1,0.1667,71,3,0.0423,0.1244
"15039.0",107,14,0.1308,2810,18,0.0064,0.1244
"16235.0",11,2,0.1818,122,7,0.0574,0.1244
"14740.0",13,2,0.1538,238,7,0.0294,0.1244
"14883.0",7,1,0.1429,54,1,0.0185,0.1244
"17809.0",24,4,0.1667,117,5,0.0427,0.1240
"14404.0",15,2,0.1333,213,2,0.0094,0.1239
"15513.0",41,6,0.1463,575,13,0.0226,0.1237
"14477.0",10,3,0.3000,17,3,0.1765,0.1235
"15694.0",29,5,0.1724,163,8,0.0491,0.1233
"14849.0",50,7,0.1400,768,13,0.0169,0.1231
"12539.0",8,1,0.1250,505,1,0.0020,0.1230
"17799.0",23,3,0.1304,933,7,0.0075,0.1229
"16992.0",15,2,0.1333,288,3,0.0104,0.1229
"15640.0",34,5,0.1471,784,19,0.0242,0.1229
"16626.0",20,3,0.1500,184,5,0.0272,0.1228
"12381.0",6,1,0.1667,91,4,0.0440,0.1227
"13082.0",25,4,0.1600,134,5,0.0373,0.1227
"15208.0",7,1,0.1429,49,1,0.0204,0.1225
"12863.0",7,1,0.1429,49,1,0.0204,0.1225
"15353.0",8,1,0.1250,388,1,0.0026,0.1224
"16934.0",7,1,0.1429,146,3,0.0205,0.1224
"17314.0",22,5,0.2273,286,30,0.1049,0.1224
"16335.0",8,1,0.1250,367,1,0.0027,0.1223
"16120.0",7,1,0.1429,97,2,0.0206,0.1223
"13238.0",7,1,0.1429,48,1,0.0208,0.1221
"12391.0",7,1,0.1429,287,6,0.0209,0.1220
"12589.0",11,3,0.2727,212,32,0.1509,0.1218
"13523.0",7,1,0.1429,236,5,0.0212,0.1217
"17874.0",7,1,0.1429,47,1,0.0213,0.1216
"15538.0",11,5,0.4545,33,19,0.5758,-0.1213
"15755.0",20,3,0.1500,382,11,0.0288,0.1212
"16184.0",7,1,0.1429,46,1,0.0217,0.1212
"17730.0",23,3,0.1304,317,3,0.0095,0.1209
"16676.0",7,1,0.1429,136,3,0.0221,0.1208
"16229.0",7,1,0.1429,180,4,0.0222,0.1207
"14643.0",6,1,0.1667,65,3,0.0462,0.1205
"17738.0",15,2,0.1333,233,3,0.0129,0.1204
"13280.0",8,1,0.1250,211,1,0.0047,0.1203
"15996.0",8,1,0.1250,213,1,0.0047,0.1203
"13593.0",16,2,0.1250,412,2,0.0049,0.1201
"16186.0",30,4,0.1333,532,7,0.0132,0.1201
"16725.0",16,2,0.1250,394,2,0.0051,0.1199
"17190.0",8,1,0.1250,196,1,0.0051,0.1199
"17768.0",8,1,0.1250,191,1,0.0052,0.1198
"13991.0",7,1,0.1429,86,2,0.0233,0.1196
"15249.0",21,3,0.1429,514,12,0.0233,0.1196
"18245.0",23,3,0.1304,463,5,0.0108,0.1196
"17883.0",8,1,0.1250,177,1,0.0056,0.1194
"15974.0",8,1,0.1250,177,1,0.0056,0.1194
"17243.0",80,11,0.1375,1155,21,0.0182,0.1193
"14440.0",15,2,0.1333,143,2,0.0140,0.1193
"16823.0",8,1,0.1250,176,1,0.0057,0.1193
"16544.0",6,2,0.3333,14,3,0.2143,0.1190
"18287.0",8,1,0.1250,156,1,0.0064,0.1186
"17744.0",8,1,0.1250,152,1,0.0066,0.1184
"15618.0",5,1,0.2000,49,4,0.0816,0.1184
"12583.0",31,4,0.1290,471,5,0.0106,0.1184
"17350.0",8,1,0.1250,147,1,0.0068,0.1182
"15392.0",8,1,0.1250,145,1,0.0069,0.1181
"17164.0",8,1,0.1250,145,1,0.0069,0.1181
"15434.0",13,2,0.1538,139,5,0.0360,0.1178
"14688.0",34,6,0.1765,545,32,0.0587,0.1178
"18252.0",8,1,0.1250,139,1,0.0072,0.1178
"15443.0",16,2,0.1250,651,5,0.0077,0.1173
"12830.0",7,1,0.1429,39,1,0.0256,0.1173
"17085.0",32,4,0.1250,1005,8,0.0080,0.1170
"13297.0",8,1,0.1250,124,1,0.0081,0.1169
"18087.0",21,4,0.1905,95,7,0.0737,0.1168
"18018.0",5,1,0.2000,48,4,0.0833,0.1167
"15422.0",8,1,0.1250,121,1,0.0083,0.1167
"12924.0",14,2,0.1429,76,2,0.0263,0.1166
"17884.0",23,3,0.1304,489,7,0.0143,0.1161
"15985.0",8,1,0.1250,105,1,0.0095,0.1155
"15615.0",54,7,0.1296,914,13,0.0142,0.1154
"17950.0",8,1,0.1250,208,2,0.0096,0.1154
"13591.0",8,1,0.1250,102,1,0.0098,0.1152
"13138.0",8,1,0.1250,100,1,0.0100,0.1150
"17416.0",25,3,0.1200,600,3,0.0050,0.1150
"12986.0",12,2,0.1667,142,40,0.2817,-0.1150
"17867.0",20,5,0.2500,163,22,0.1350,0.1150
"14487.0",8,1,0.1250,192,2,0.0104,0.1146
"13196.0",8,1,0.1250,190,2,0.0105,0.1145
"12601.0",7,1,0.1429,35,1,0.0286,0.1143
"12916.0",8,1,0.1250,186,2,0.0108,0.1142
"16566.0",6,1,0.1667,19,1,0.0526,0.1141
"13819.0",7,1,0.1429,104,3,0.0288,0.1141
"14321.0",8,1,0.1250,181,2,0.0110,0.1140
"13497.0",7,1,0.1429,69,2,0.0290,0.1139
"16794.0",17,2,0.1176,520,2,0.0038,0.1138
"14173.0",7,1,0.1429,34,1,0.0294,0.1135
"17002.0",8,1,0.1250,85,1,0.0118,0.1132
"16779.0",62,9,0.1452,1089,35,0.0321,0.1131
"13092.0",15,3,0.2000,115,10,0.0870,0.1130
"13085.0",10,2,0.2000,92,8,0.0870,0.1130
"12775.0",8,1,0.1250,82,1,0.0122,0.1128
"12480.0",8,1,0.1250,245,3,0.0122,0.1128
"16631.0",8,1,0.1250,81,1,0.0123,0.1127
"17450.0",61,10,0.1639,448,23,0.0513,0.1126
"12758.0",8,1,0.1250,317,4,0.0126,0.1124
"16684.0",65,10,0.1538,749,31,0.0414,0.1124
"13456.0",7,1,0.1429,65,2,0.0308,0.1121
"17090.0",15,2,0.1333,94,2,0.0213,0.1120
"13131.0",8,1,0.1250,151,2,0.0132,0.1118
"14693.0",8,1,0.1250,76,1,0.0132,0.1118
"15953.0",21,3,0.1429,192,6,0.0313,0.1116
"14976.0",8,1,0.1250,73,1,0.0137,0.1113
"17362.0",8,1,0.1250,146,2,0.0137,0.1113
"14013.0",6,1,0.1667,72,4,0.0556,0.1111
"17457.0",18,4,0.2222,72,8,0.1111,0.1111
"14776.0",19,4,0.2105,211,21,0.0995,0.1110
"16187.0",17,2,0.1176,297,2,0.0067,0.1109
"17965.0",33,4,0.1212,864,9,0.0104,0.1108
"13202.0",8,1,0.1250,70,1,0.0143,0.1107
"16099.0",8,1,0.1250,70,1,0.0143,0.1107
"17007.0",8,1,0.1250,68,1,0.0147,0.1103
"15144.0",33,4,0.1212,353,4,0.0113,0.1099
"17726.0",8,1,0.1250,65,1,0.0154,0.1096
"14967.0",7,1,0.1429,30,1,0.0333,0.1096
"17562.0",8,1,0.1250,64,1,0.0156,0.1094
"16628.0",8,1,0.1250,127,2,0.0157,0.1093
"17345.0",12,2,0.1667,226,13,0.0575,0.1092
"14111.0",5,1,0.2000,11,1,0.0909,0.1091
"16699.0",8,1,0.1250,63,1,0.0159,0.1091
"16960.0",9,1,0.1111,471,1,0.0021,0.1090
"17519.0",17,2,0.1176,224,2,0.0089,0.1087
"15221.0",7,3,0.4286,50,16,0.3200,0.1086
"14547.0",9,1,0.1111,367,1,0.0027,0.1084
"16686.0",18,2,0.1111,1109,3,0.0027,0.1084
"16173.0",7,1,0.1429,87,3,0.0345,0.1084
"16330.0",8,1,0.1250,120,2,0.0167,0.1083
"12836.0",17,2,0.1176,418,4,0.0096,0.1080
"14615.0",6,1,0.1667,51,3,0.0588,0.1079
"12670.0",8,1,0.1250,117,2,0.0171,0.1079
"13414.0",7,1,0.1429,57,2,0.0351,0.1078
"12577.0",9,1,0.1111,303,1,0.0033,0.1078
"13772.0",9,1,0.1111,577,2,0.0035,0.1076
"17591.0",9,1,0.1111,269,1,0.0037,0.1074
"12963.0",14,2,0.1429,197,7,0.0355,0.1074
"13823.0",8,1,0.1250,166,3,0.0181,0.1069
"15433.0",3,1,0.3333,53,12,0.2264,0.1069
"13694.0",164,21,0.1280,1558,33,0.0212,0.1068
"13240.0",9,1,0.1111,232,1,0.0043,0.1068
"17508.0",9,1,0.1111,232,1,0.0043,0.1068
"15325.0",9,1,0.1111,226,1,0.0044,0.1067
"15808.0",24,3,0.1250,874,16,0.0183,0.1067
"14584.0",9,1,0.1111,222,1,0.0045,0.1066
"12360.0",9,1,0.1111,218,1,0.0046,0.1065
"14727.0",4,1,0.2500,73,26,0.3562,-0.1062
"15889.0",9,1,0.1111,401,2,0.0050,0.1061
"14770.0",9,1,0.1111,198,1,0.0051,0.1060
"15867.0",35,4,0.1143,1068,9,0.0084,0.1059
"17912.0",7,1,0.1429,54,2,0.0370,0.1059
"12429.0",9,1,0.1111,174,1,0.0057,0.1054
"14667.0",61,7,0.1148,1375,13,0.0095,0.1053
"14401.0",25,3,0.1200,270,4,0.0148,0.1052
"15549.0",9,1,0.1111,163,1,0.0061,0.1050
"16672.0",23,3,0.1304,117,3,0.0256,0.1048
"13824.0",14,2,0.1429,104,4,0.0385,0.1044
"15370.0",9,1,0.1111,145,1,0.0069,0.1042
"13851.0",9,1,0.1111,141,1,0.0071,0.1040
"13647.0",9,1,0.1111,141,1,0.0071,0.1040
"15955.0",25,3,0.1200,368,6,0.0163,0.1037
"16774.0",9,1,0.1111,136,1,0.0074,0.1037
"15379.0",9,1,0.1111,265,2,0.0075,0.1036
"15117.0",9,1,0.1111,132,1,0.0076,0.1035
"13431.0",9,1,0.1111,130,1,0.0077,0.1034
"15290.0",30,4,0.1333,301,9,0.0299,0.1034
"14897.0",9,1,0.1111,128,1,0.0078,0.1033
"13001.0",37,4,0.1081,1031,5,0.0048,0.1033
"17315.0",49,6,0.1224,774,15,0.0194,0.1030
"12594.0",17,2,0.1176,202,3,0.0149,0.1027
"14414.0",9,1,0.1111,119,1,0.0084,0.1027
"12504.0",6,2,0.3333,26,6,0.2308,0.1025
"15173.0",8,1,0.1250,88,2,0.0227,0.1023
"15140.0",9,1,0.1111,113,1,0.0088,0.1023
"13617.0",9,1,0.1111,108,1,0.0093,0.1018
"14239.0",24,3,0.1250,215,5,0.0233,0.1017
"16040.0",8,1,0.1250,128,3,0.0234,0.1016
"13743.0",8,1,0.1250,42,1,0.0238,0.1012
"13854.0",45,6,0.1333,187,6,0.0321,0.1012
"14306.0",7,1,0.1429,48,2,0.0417,0.1012
"15485.0",8,1,0.1250,165,4,0.0242,0.1008
"16928.0",33,4,0.1212,342,7,0.0205,0.1007
"14092.0",27,3,0.1111,377,4,0.0106,0.1005
"16419.0",9,1,0.1111,93,1,0.0108,0.1003
"15380.0",13,2,0.1538,56,3,0.0536,0.1002
"17763.0",5,1,0.2000,20,6,0.3000,-0.1000
"17743.0",2,1,0.5000,5,2,0.4000,0.1000
"17681.0",6,1,0.1667,15,1,0.0667,0.1000
"17930.0",15,2,0.1333,90,3,0.0333,0.1000
"16446.0",4,2,0.5000,5,2,0.4000,0.1000
"12995.0",2,1,0.5000,5,2,0.4000,0.1000
"15941.0",2,1,0.5000,10,4,0.4000,0.1000
"17173.0",9,1,0.1111,87,1,0.0115,0.0996
"14221.0",19,2,0.1053,349,2,0.0057,0.0996
"13727.0",9,1,0.1111,85,1,0.0118,0.0993
"16985.0",26,3,0.1154,247,4,0.0162,0.0992
"13102.0",42,5,0.1190,502,10,0.0199,0.0991
"16938.0",10,1,0.1000,837,1,0.0012,0.0988
"17059.0",10,1,0.1000,842,1,0.0012,0.0988
"14825.0",27,3,0.1111,314,4,0.0127,0.0984
"15752.0",10,1,0.1000,611,1,0.0016,0.0984
"12393.0",7,1,0.1429,112,5,0.0446,0.0983
"14322.0",6,2,0.3333,17,4,0.2353,0.0980
"15218.0",25,3,0.1200,410,9,0.0220,0.0980
"17735.0",29,3,0.1034,901,5,0.0055,0.0979
"12731.0",19,2,0.1053,396,3,0.0076,0.0977
"13835.0",8,1,0.1250,73,2,0.0274,0.0976
"14587.0",10,1,0.1000,384,1,0.0026,0.0974
"15046.0",28,3,0.1071,410,4,0.0098,0.0973
"13755.0",10,1,0.1000,343,1,0.0029,0.0971
"14513.0",7,1,0.1429,25,6,0.2400,-0.0971
"14514.0",10,1,0.1000,341,1,0.0029,0.0971
"14562.0",30,4,0.1333,634,23,0.0363,0.0970
"14553.0",10,1,0.1000,301,1,0.0033,0.0967
"14062.0",27,3,0.1111,348,5,0.0144,0.0967
"15051.0",10,1,0.1000,291,1,0.0034,0.0966
"14878.0",28,3,0.1071,381,4,0.0105,0.0966
"13415.0",5,1,0.2000,116,12,0.1034,0.0966
"15673.0",10,1,0.1000,288,1,0.0035,0.0965
"13139.0",9,1,0.1111,269,4,0.0149,0.0962
"15473.0",11,3,0.2727,17,3,0.1765,0.0962
"16809.0",10,1,0.1000,260,1,0.0038,0.0962
"13208.0",10,1,0.1000,255,1,0.0039,0.0961
"17402.0",26,3,0.1154,207,4,0.0193,0.0961
"14257.0",10,1,0.1000,241,1,0.0041,0.0959
"14399.0",9,1,0.1111,196,3,0.0153,0.0958
"17080.0",8,1,0.1250,34,1,0.0294,0.0956
"15747.0",10,1,0.1000,221,1,0.0045,0.0955
"14739.0",28,3,0.1071,259,3,0.0116,0.0955
"14191.0",17,2,0.1176,271,6,0.0221,0.0955
"13771.0",10,1,0.1000,217,1,0.0046,0.0954
"17436.0",7,2,0.2857,21,4,0.1905,0.0952
"13834.0",3,1,0.3333,21,5,0.2381,0.0952
"18094.0",15,2,0.1333,131,5,0.0382,0.0951
"14285.0",9,1,0.1111,62,1,0.0161,0.0950
"15301.0",19,2,0.1053,384,4,0.0104,0.0949
"14215.0",10,1,0.1000,193,1,0.0052,0.0948
"17935.0",8,1,0.1250,66,2,0.0303,0.0947
"13873.0",9,1,0.1111,61,1,0.0164,0.0947
"13969.0",39,4,0.1026,1115,9,0.0081,0.0945
"15164.0",10,1,0.1000,363,2,0.0055,0.0945
"13549.0",9,1,0.1111,60,1,0.0167,0.0944
"17897.0",10,1,0.1000,348,2,0.0057,0.0943
"12609.0",10,1,0.1000,176,1,0.0057,0.0943
"16279.0",10,1,0.1000,351,2,0.0057,0.0943
"15223.0",6,1,0.1667,46,12,0.2609,-0.0942
"15856.0",58,6,0.1034,1172,11,0.0094,0.0940
"16612.0",10,1,0.1000,168,1,0.0060,0.0940
"15306.0",10,1,0.1000,163,1,0.0061,0.0939
"17419.0",20,2,0.1000,320,2,0.0063,0.0937
"17097.0",10,1,0.1000,312,2,0.0064,0.0936
"14235.0",10,1,0.1000,149,1,0.0067,0.0933
"15159.0",38,4,0.1053,820,10,0.0122,0.0931
"16942.0",10,1,0.1000,283,2,0.0071,0.0929
"13704.0",10,1,0.1000,135,1,0.0074,0.0926
"14293.0",10,1,0.1000,135,1,0.0074,0.0926
"14341.0",20,2,0.1000,268,2,0.0075,0.0925
"16221.0",10,1,0.1000,264,2,0.0076,0.0924
"14028.0",5,2,0.4000,13,4,0.3077,0.0923
"17428.0",51,6,0.1176,748,19,0.0254,0.0922
"13157.0",10,1,0.1000,253,2,0.0079,0.0921
"17035.0",5,1,0.2000,37,4,0.1081,0.0919
"17364.0",31,3,0.0968,925,5,0.0054,0.0914
"12778.0",10,1,0.1000,115,1,0.0087,0.0913
"16861.0",6,1,0.1667,53,4,0.0755,0.0912
"14001.0",10,1,0.1000,113,1,0.0088,0.0912
"15605.0",10,1,0.1000,112,1,0.0089,0.0911
"14403.0",9,3,0.3333,33,8,0.2424,0.0909
"18219.0",19,2,0.1053,206,3,0.0146,0.0907
"18177.0",10,1,0.1000,101,1,0.0099,0.0901
"13798.0",125,15,0.1200,914,192,0.2101,-0.0901
"17716.0",27,3,0.1111,614,13,0.0212,0.0899
"17512.0",20,2,0.1000,199,2,0.0101,0.0899
"14051.0",42,5,0.1190,344,10,0.0291,0.0899
"14422.0",21,2,0.0952,555,3,0.0054,0.0898
"13941.0",17,2,0.1176,108,3,0.0278,0.0898
"14397.0",23,4,0.1739,95,8,0.0842,0.0897
"14044.0",11,1,0.0909,852,1,0.0012,0.0897
"14702.0",32,3,0.0938,724,3,0.0041,0.0897
"15187.0",18,2,0.1111,93,2,0.0215,0.0896
"15038.0",10,1,0.1000,287,3,0.0105,0.0895
"12433.0",11,1,0.0909,707,1,0.0014,0.0895
"17027.0",10,1,0.1000,188,2,0.0106,0.0894
"16416.0",10,1,0.1000,189,2,0.0106,0.0894
"16005.0",11,1,0.0909,515,1,0.0019,0.0890
"17152.0",5,1,0.2000,18,2,0.1111,0.0889
"12415.0",33,5,0.1515,990,62,0.0626,0.0889
"16239.0",7,1,0.1429,37,2,0.0541,0.0888
"12567.0",17,2,0.1176,658,19,0.0289,0.0887
"15304.0",11,2,0.1818,32,3,0.0938,0.0880
"15809.0",9,2,0.2222,67,9,0.1343,0.0879
"16027.0",18,3,0.1667,38,3,0.0789,0.0878
"14307.0",11,1,0.0909,311,1,0.0032,0.0877
"16654.0",9,1,0.1111,85,2,0.0235,0.0876
"16271.0",11,1,0.0909,306,1,0.0033,0.0876
"13576.0",32,4,0.1250,290,11,0.0379,0.0871
"18092.0",20,2,0.1000,152,2,0.0132,0.0868
"14145.0",8,1,0.1250,26,1,0.0385,0.0865
"14030.0",22,2,0.0909,870,4,0.0046,0.0863
"16593.0",9,1,0.1111,80,2,0.0250,0.0861
"13722.0",11,1,0.0909,190,1,0.0053,0.0856
"15033.0",11,1,0.0909,513,3,0.0058,0.0851
"16467.0",8,1,0.1250,25,1,0.0400,0.0850
"16660.0",8,1,0.1250,25,1,0.0400,0.0850
"13203.0",11,1,0.0909,170,1,0.0059,0.0850
"12423.0",11,1,0.0909,166,1,0.0060,0.0849
"17135.0",11,1,0.0909,161,1,0.0062,0.0847
"17629.0",11,1,0.0909,157,1,0.0064,0.0845
"12948.0",10,1,0.1000,127,2,0.0157,0.0843
"15874.0",25,4,0.1600,370,28,0.0757,0.0843
"14071.0",9,1,0.1111,333,9,0.0270,0.0841
"16086.0",11,1,0.0909,138,1,0.0072,0.0837
"17655.0",10,1,0.1000,122,2,0.0164,0.0836
"15749.0",4,1,0.2500,15,5,0.3333,-0.0833
"15728.0",3,1,0.3333,16,4,0.2500,0.0833
"12879.0",4,1,0.2500,12,2,0.1667,0.0833
"14926.0",3,1,0.3333,4,1,0.2500,0.0833
"17454.0",11,1,0.0909,127,1,0.0079,0.0830
"17287.0",23,2,0.0870,497,2,0.0040,0.0830
"13417.0",7,1,0.1429,82,5,0.0610,0.0819
"15838.0",38,4,0.1053,214,5,0.0234,0.0819
"14409.0",10,1,0.1000,108,2,0.0185,0.0815
"14099.0",22,2,0.0909,530,5,0.0094,0.0815
"17576.0",45,4,0.0889,935,7,0.0075,0.0814
"17162.0",11,1,0.0909,105,1,0.0095,0.0814
"17894.0",20,2,0.1000,430,8,0.0186,0.0814
"16470.0",12,1,0.0833,484,1,0.0021,0.0812
"18065.0",32,3,0.0938,314,4,0.0127,0.0811
"18145.0",12,1,0.0833,406,1,0.0025,0.0808
"17050.0",12,1,0.0833,358,1,0.0028,0.0805
"17739.0",20,2,0.1000,152,3,0.0197,0.0803
"14532.0",12,1,0.0833,319,1,0.0031,0.0802
"17653.0",5,1,0.2000,50,6,0.1200,0.0800
"16010.0",12,1,0.0833,300,1,0.0033,0.0800
"14540.0",12,1,0.0833,274,1,0.0036,0.0797
"16549.0",37,3,0.0811,3255,5,0.0015,0.0796
"13931.0",12,1,0.0833,272,1,0.0037,0.0796
"16987.0",12,1,0.0833,267,1,0.0037,0.0796
"18093.0",9,1,0.1111,63,2,0.0317,0.0794
"12482.0",32,3,0.0938,207,3,0.0145,0.0793
"16983.0",12,1,0.0833,250,1,0.0040,0.0793
"13327.0",22,2,0.0909,346,4,0.0116,0.0793
"17682.0",12,1,0.0833,239,1,0.0042,0.0791
"13831.0",20,2,0.1000,191,4,0.0209,0.0791
"16746.0",46,4,0.0870,997,8,0.0080,0.0790
"15738.0",45,4,0.0889,501,5,0.0100,0.0789
"17372.0",31,3,0.0968,672,12,0.0179,0.0789
"15793.0",9,1,0.1111,31,1,0.0323,0.0788
"12662.0",22,2,0.0909,411,5,0.0122,0.0787
"12843.0",34,4,0.1176,230,9,0.0391,0.0785
"14132.0",12,1,0.0833,201,1,0.0050,0.0783
"12540.0",36,3,0.0833,775,4,0.0052,0.0781
"17838.0",15,2,0.1333,326,18,0.0552,0.0781
"15241.0",12,1,0.0833,185,1,0.0054,0.0779
"14711.0",12,1,0.0833,359,2,0.0056,0.0777
"12989.0",39,6,0.1538,105,8,0.0762,0.0776
"13426.0",24,2,0.0833,345,2,0.0058,0.0775
"13094.0",17,4,0.2353,38,6,0.1579,0.0774
"16837.0",12,1,0.0833,166,1,0.0060,0.0773
"13985.0",24,2,0.0833,485,3,0.0062,0.0771
"13314.0",4,1,0.2500,75,13,0.1733,0.0767
"18194.0",7,1,0.1429,30,2,0.0667,0.0762
"17075.0",11,1,0.0909,203,3,0.0148,0.0761
"15819.0",11,1,0.0909,264,4,0.0152,0.0757
"16076.0",11,1,0.0909,131,2,0.0153,0.0756
"15400.0",9,1,0.1111,28,1,0.0357,0.0754
"16200.0",13,1,0.0769,628,1,0.0016,0.0753
"17530.0",13,1,0.0769,559,1,0.0018,0.0751
"15523.0",18,2,0.1111,222,8,0.0360,0.0751
"15095.0",11,1,0.0909,126,2,0.0159,0.0750
"18241.0",23,2,0.0870,161,2,0.0124,0.0746
"15529.0",13,1,0.0769,812,2,0.0025,0.0744
"13911.0",22,2,0.0909,242,4,0.0165,0.0744
"15215.0",11,4,0.3636,159,46,0.2893,0.0743
"13756.0",25,2,0.0800,350,2,0.0057,0.0743
"15864.0",9,2,0.2222,27,4,0.1481,0.0741
"12676.0",12,1,0.0833,108,1,0.0093,0.0740
"14291.0",25,2,0.0800,497,3,0.0060,0.0740
"12678.0",23,2,0.0870,381,5,0.0131,0.0739
"16843.0",38,3,0.0789,599,3,0.0050,0.0739
"12980.0",26,5,0.1923,59,7,0.1186,0.0737
"15423.0",4,1,0.2500,17,3,0.1765,0.0735
"18051.0",8,1,0.1250,58,3,0.0517,0.0733
"14963.0",13,1,0.0769,495,2,0.0040,0.0729
"16326.0",26,2,0.0769,497,2,0.0040,0.0729
"17975.0",26,2,0.0769,481,2,0.0042,0.0727
"12872.0",13,1,0.0769,438,2,0.0046,0.0723
"16158.0",10,1,0.1000,36,1,0.0278,0.0722
"14798.0",9,1,0.1111,51,2,0.0392,0.0719
"16085.0",13,1,0.0769,378,2,0.0053,0.0716
"16434.0",13,1,0.0769,188,1,0.0053,0.0716
"12643.0",14,2,0.1429,56,4,0.0714,0.0715
"16500.0",10,1,0.1000,35,1,0.0286,0.0714
"17707.0",9,1,0.1111,25,1,0.0400,0.0711
"15712.0",13,1,0.0769,167,1,0.0060,0.0709
"14692.0",13,1,0.0769,164,1,0.0061,0.0708
"15271.0",26,2,0.0769,628,4,0.0064,0.0705
"17324.0",13,1,0.0769,153,1,0.0065,0.0704
"12569.0",35,3,0.0857,191,3,0.0157,0.0700
"14461.0",14,1,0.0714,649,1,0.0015,0.0699
"15547.0",28,2,0.0714,1360,2,0.0015,0.0699
"16655.0",14,1,0.0714,611,1,0.0016,0.0698
"15150.0",14,1,0.0714,576,1,0.0017,0.0697
"15561.0",9,1,0.1111,96,4,0.0417,0.0694
"16456.0",14,1,0.0714,416,1,0.0024,0.0690
"16531.0",12,1,0.0833,140,2,0.0143,0.0690
"15812.0",13,1,0.0769,126,1,0.0079,0.0690
"15967.0",13,1,0.0769,502,4,0.0080,0.0689
"15061.0",138,11,0.0797,998,11,0.0110,0.0687
"14709.0",27,2,0.0741,359,2,0.0056,0.0685
"14287.0",4,1,0.2500,11,2,0.1818,0.0682
"17449.0",14,1,0.0714,600,2,0.0033,0.0681
"17870.0",14,1,0.0714,283,1,0.0035,0.0679
"17596.0",14,1,0.0714,559,2,0.0036,0.0678
"13782.0",14,1,0.0714,245,1,0.0041,0.0673
"16206.0",14,1,0.0714,245,1,0.0041,0.0673
"17819.0",13,1,0.0769,102,1,0.0098,0.0671
"13112.0",3,2,0.6667,5,3,0.6000,0.0667
"14177.0",14,1,0.0714,211,1,0.0047,0.0667
"16553.0",36,3,0.0833,298,5,0.0168,0.0665
"13984.0",13,1,0.0769,94,1,0.0106,0.0663
"12748.0",365,28,0.0767,7307,77,0.0105,0.0662
"15965.0",14,1,0.0714,370,2,0.0054,0.0660
"17905.0",14,1,0.0714,172,1,0.0058,0.0656
"13777.0",73,12,0.1644,434,43,0.0991,0.0653
"14045.0",19,3,0.1579,43,4,0.0930,0.0649
"15268.0",4,1,0.2500,27,5,0.1852,0.0648
"13450.0",14,1,0.0714,148,1,0.0068,0.0646
"12910.0",14,1,0.0714,138,1,0.0072,0.0642
"15570.0",27,2,0.0741,794,8,0.0101,0.0640
"14646.0",164,12,0.0732,3890,36,0.0093,0.0639
"17061.0",12,1,0.0833,101,2,0.0198,0.0635
"14868.0",13,1,0.0769,214,3,0.0140,0.0629
"17757.0",60,4,0.0667,1315,5,0.0038,0.0629
"14828.0",14,1,0.0714,102,1,0.0098,0.0616
"18055.0",15,1,0.0667,587,3,0.0051,0.0616
"12664.0",12,1,0.0833,46,1,0.0217,0.0616
"16743.0",15,1,0.0667,377,2,0.0053,0.0614
"16321.0",10,3,0.3000,36,13,0.3611,-0.0611
"17191.0",16,1,0.0625,576,1,0.0017,0.0608
"16748.0",15,1,0.0667,166,1,0.0060,0.0607
"14608.0",12,1,0.0833,44,1,0.0227,0.0606
"14101.0",14,1,0.0714,91,1,0.0110,0.0604
"17365.0",16,1,0.0625,801,2,0.0025,0.0600
"15581.0",43,5,0.1163,761,43,0.0565,0.0598
"16466.0",16,1,0.0625,351,1,0.0028,0.0597
"16258.0",16,1,0.0625,345,1,0.0029,0.0596
"16767.0",16,1,0.0625,325,1,0.0031,0.0594
"13013.0",31,2,0.0645,557,3,0.0054,0.0591
"15081.0",13,1,0.0769,111,2,0.0180,0.0589
"13269.0",30,2,0.0667,503,4,0.0080,0.0587
"17988.0",15,1,0.0667,124,1,0.0081,0.0586
"13137.0",17,1,0.0588,1442,1,0.0007,0.0581
"17858.0",32,2,0.0625,397,2,0.0050,0.0575
"16525.0",54,6,0.1111,385,21,0.0545,0.0566
"18231.0",30,2,0.0667,389,4,0.0103,0.0564
"16353.0",41,3,0.0732,177,3,0.0169,0.0563
"15058.0",17,1,0.0588,358,1,0.0028,0.0560
"14607.0",27,5,0.1852,240,31,0.1292,0.0560
"16029.0",125,18,0.1440,420,37,0.0881,0.0559
"16168.0",73,7,0.0959,322,13,0.0404,0.0555
"14987.0",9,1,0.1111,18,1,0.0556,0.0555
"16638.0",16,1,0.0625,141,1,0.0071,0.0554
"16775.0",17,1,0.0588,279,1,0.0036,0.0552
"13700.0",14,1,0.0714,247,4,0.0162,0.0552
"17368.0",16,2,0.1250,258,18,0.0698,0.0552
"14060.0",32,2,0.0625,272,2,0.0074,0.0551
"16365.0",16,1,0.0625,131,1,0.0076,0.0549
"13069.0",42,4,0.0952,1163,47,0.0404,0.0548
"15984.0",32,2,0.0625,753,6,0.0080,0.0545
"15030.0",9,1,0.1111,35,2,0.0571,0.0540
"16167.0",6,1,0.1667,71,8,0.1127,0.0540
"14901.0",13,1,0.0769,171,4,0.0234,0.0535
"15768.0",36,2,0.0556,1241,3,0.0024,0.0532
"16945.0",35,2,0.0571,476,2,0.0042,0.0529
"16745.0",18,1,0.0556,358,1,0.0028,0.0528
"15939.0",17,1,0.0588,162,1,0.0062,0.0526
"14309.0",12,1,0.0833,195,6,0.0308,0.0525
"14665.0",9,2,0.2222,159,27,0.1698,0.0524
"15359.0",9,1,0.1111,17,1,0.0588,0.0523
"17873.0",20,2,0.1000,188,9,0.0479,0.0521
"17550.0",10,1,0.1000,351,17,0.0484,0.0516
"17491.0",18,1,0.0556,183,1,0.0055,0.0501
"14110.0",35,2,0.0571,403,3,0.0074,0.0497
"17160.0",18,1,0.0556,655,4,0.0061,0.0495
"13018.0",37,2,0.0541,606,3,0.0050,0.0491
"14205.0",12,3,0.2500,154,31,0.2013,0.0487
"18044.0",19,1,0.0526,201,1,0.0050,0.0476
"16839.0",51,7,0.1373,390,35,0.0897,0.0476
"12524.0",18,1,0.0556,242,2,0.0083,0.0473
"13117.0",19,1,0.0526,189,1,0.0053,0.0473
"17306.0",23,2,0.0870,75,3,0.0400,0.0470
"12755.0",22,11,0.5000,117,53,0.4530,0.0470
"18041.0",40,2,0.0500,963,3,0.0031,0.0469
"13542.0",18,1,0.0556,340,3,0.0088,0.0468
"16883.0",20,1,0.0500,289,1,0.0035,0.0465
"16565.0",5,1,0.2000,13,2,0.1538,0.0462
"13680.0",13,1,0.0769,673,21,0.0312,0.0457
"17900.0",4,2,0.5000,11,5,0.4545,0.0455
"17857.0",26,2,0.0769,62,2,0.0323,0.0446
"13842.0",19,1,0.0526,358,3,0.0084,0.0442
"16210.0",37,2,0.0541,284,3,0.0106,0.0435
"12490.0",22,1,0.0455,463,1,0.0022,0.0433
"17705.0",12,1,0.0833,125,5,0.0400,0.0433
"13225.0",17,1,0.0588,127,2,0.0157,0.0431
"18102.0",153,8,0.0523,1068,10,0.0094,0.0429
"16711.0",10,1,0.1000,35,2,0.0571,0.0429
"16954.0",21,1,0.0476,207,1,0.0048,0.0428
"16710.0",23,1,0.0435,987,1,0.0010,0.0425
"17690.0",21,1,0.0476,385,2,0.0052,0.0424
"16045.0",9,1,0.1111,159,11,0.0692,0.0419
"13217.0",6,2,0.3333,8,3,0.3750,-0.0417
"",8752,391,0.0447,243007,750,0.0031,0.0416
"15482.0",24,5,0.2083,179,30,0.1676,0.0407
"16742.0",15,1,0.0667,112,3,0.0268,0.0399
"12657.0",5,1,0.2000,56,9,0.1607,0.0393
"14882.0",15,1,0.0667,70,2,0.0286,0.0381
"17068.0",49,2,0.0408,1027,3,0.0029,0.0379
"18073.0",13,1,0.0769,76,3,0.0395,0.0374
"15031.0",16,2,0.1250,444,39,0.0878,0.0372
"14135.0",25,1,0.0400,257,1,0.0039,0.0361
"17157.0",20,1,0.0500,143,2,0.0140,0.0360
"16998.0",7,2,0.2857,8,2,0.2500,0.0357
"14282.0",26,1,0.0385,255,1,0.0039,0.0346
"17133.0",13,1,0.0769,63,7,0.1111,-0.0342
"13145.0",8,1,0.1250,11,1,0.0909,0.0341
"17346.0",27,1,0.0370,1012,3,0.0030,0.0340
"17920.0",56,2,0.0357,1806,3,0.0017,0.0340
"15323.0",4,1,0.2500,37,8,0.2162,0.0338
"14560.0",46,2,0.0435,202,2,0.0099,0.0336
"15971.0",20,2,0.1000,45,3,0.0667,0.0333
"13963.0",18,1,0.0556,176,4,0.0227,0.0329
"13230.0",31,1,0.0323,1340,1,0.0007,0.0316
"15373.0",18,1,0.0556,206,5,0.0243,0.0313
"12931.0",71,14,0.1972,282,64,0.2270,-0.0298
"16011.0",30,1,0.0333,457,2,0.0044,0.0289
"14085.0",34,1,0.0294,1069,1,0.0009,0.0285
"14057.0",23,1,0.0435,461,7,0.0152,0.0283
"18061.0",29,1,0.0345,129,1,0.0078,0.0267
"17848.0",31,1,0.0323,169,1,0.0059,0.0264
"16555.0",10,4,0.4000,115,49,0.4261,-0.0261
"16814.0",37,1,0.0270,805,1,0.0012,0.0258
"14598.0",3,1,0.3333,130,40,0.3077,0.0256
"17548.0",6,2,0.3333,53,19,0.3585,-0.0252
"12971.0",120,4,0.0333,429,4,0.0093,0.0240
"16661.0",5,1,0.2000,79,14,0.1772,0.0228
"14298.0",84,2,0.0238,2868,4,0.0014,0.0224
"13784.0",15,1,0.0667,45,2,0.0444,0.0223
"16754.0",35,6,0.1714,167,25,0.1497,0.0217
"14866.0",20,1,0.0500,141,4,0.0284,0.0216
"15681.0",16,2,0.1250,103,15,0.1456,-0.0206
"17381.0",39,1,0.0256,175,1,0.0057,0.0199
"12841.0",42,2,0.0476,722,20,0.0277,0.0199
"15769.0",51,5,0.0980,243,19,0.0782,0.0198
"13791.0",3,1,0.3333,17,6,0.3529,-0.0196
"14609.0",11,1,0.0909,14,1,0.0714,0.0195
"13199.0",69,2,0.0290,209,2,0.0096,0.0194
"15606.0",19,2,0.1053,159,14,0.0881,0.0172
"16013.0",94,10,0.1064,251,31,0.1235,-0.0171
"15299.0",15,5,0.3333,20,7,0.3500,-0.0167
"17961.0",102,2,0.0196,662,2,0.0030,0.0166
"17504.0",19,1,0.0526,359,13,0.0362,0.0164
"12682.0",53,1,0.0189,1042,3,0.0029,0.0160
"17888.0",31,6,0.1935,206,43,0.2087,-0.0152
"17929.0",13,1,0.0769,16,1,0.0625,0.0144
"17850.0",159,4,0.0252,2827,31,0.0110,0.0142
"15365.0",15,2,0.1333,255,37,0.1451,-0.0118
"14735.0",59,3,0.0508,381,15,0.0394,0.0114
"15073.0",9,1,0.1111,181,22,0.1215,-0.0104
"14543.0",50,11,0.2200,275,58,0.2109,0.0091
"12414.0",8,2,0.2500,37,9,0.2432,0.0068
"14146.0",13,1,0.0769,491,35,0.0713,0.0056
"15514.0",20,2,0.1000,380,40,0.1053,-0.0053
"17731.0",7,1,0.1429,115,16,0.1391,0.0038
"17949.0",138,20,0.1449,183,26,0.1421,0.0028
"12346.0",17,5,0.2941,48,14,0.2917,0.0024
"17396.0",16,2,0.1250,57,7,0.1228,0.0022
"13634.0",17,1,0.0588,478,28,0.0586,0.0002
"16679.0",3,0,0.0000,21,0,0.0000,0.0000
"16680.0",3,0,0.0000,29,0,0.0000,0.0000
"16681.0",7,0,0.0000,49,0,0.0000,0.0000
"16682.0",5,0,0.0000,30,0,0.0000,0.0000
"16685.0",2,0,0.0000,62,0,0.0000,0.0000
"16687.0",1,0,0.0000,8,0,0.0000,0.0000
"16688.0",4,0,0.0000,62,0,0.0000,0.0000
"16691.0",2,0,0.0000,11,0,0.0000,0.0000
"16692.0",4,0,0.0000,5,0,0.0000,0.0000
"16693.0",5,0,0.0000,174,0,0.0000,0.0000
"16694.0",1,0,0.0000,3,0,0.0000,0.0000
"16695.0",2,0,0.0000,36,0,0.0000,0.0000
"16696.0",4,0,0.0000,10,0,0.0000,0.0000
"16697.0",1,0,0.0000,21,0,0.0000,0.0000
"16698.0",2,0,0.0000,5,0,0.0000,0.0000
"16703.0",1,1,1.0000,1,1,1.0000,0.0000
"16704.0",2,0,0.0000,58,0,0.0000,0.0000
"16706.0",3,0,0.0000,123,0,0.0000,0.0000
"16707.0",4,0,0.0000,66,0,0.0000,0.0000
"16708.0",1,0,0.0000,27,0,0.0000,0.0000
"16709.0",14,0,0.0000,306,0,0.0000,0.0000
"16712.0",13,0,0.0000,530,0,0.0000,0.0000
"16715.0",2,0,0.0000,28,0,0.0000,0.0000
"16718.0",5,0,0.0000,223,0,0.0000,0.0000
"16721.0",1,0,0.0000,37,0,0.0000,0.0000
"16723.0",4,0,0.0000,130,0,0.0000,0.0000
"16724.0",1,0,0.0000,17,0,0.0000,0.0000
"16726.0",7,0,0.0000,270,0,0.0000,0.0000
"16727.0",4,0,0.0000,213,0,0.0000,0.0000
"16728.0",4,0,0.0000,269,0,0.0000,0.0000
"16731.0",1,0,0.0000,43,0,0.0000,0.0000
"16733.0",1,0,0.0000,12,0,0.0000,0.0000
"16734.0",3,0,0.0000,53,0,0.0000,0.0000
"16737.0",2,0,0.0000,2,0,0.0000,0.0000
"16738.0",1,0,0.0000,1,0,0.0000,0.0000
"16740.0",1,0,0.0000,33,0,0.0000,0.0000
"16741.0",1,0,0.0000,11,0,0.0000,0.0000
"16744.0",7,0,0.0000,242,0,0.0000,0.0000
"16749.0",2,0,0.0000,77,0,0.0000,0.0000
"16750.0",5,0,0.0000,95,0,0.0000,0.0000
"16751.0",1,0,0.0000,25,0,0.0000,0.0000
"16752.0",1,0,0.0000,18,0,0.0000,0.0000
"16753.0",1,0,0.0000,34,0,0.0000,0.0000
"16757.0",2,0,0.0000,15,0,0.0000,0.0000
"16758.0",1,0,0.0000,22,0,0.0000,0.0000
"16760.0",1,0,0.0000,17,0,0.0000,0.0000
"16761.0",1,0,0.0000,13,0,0.0000,0.0000
"16762.0",3,0,0.0000,89,0,0.0000,0.0000
"16765.0",2,0,0.0000,52,0,0.0000,0.0000
"16766.0",2,0,0.0000,34,0,0.0000,0.0000
"16769.0",4,0,0.0000,100,0,0.0000,0.0000
"16771.0",10,0,0.0000,412,0,0.0000,0.0000
"16773.0",3,0,0.0000,65,0,0.0000,0.0000
"16776.0",2,0,0.0000,137,0,0.0000,0.0000
"16778.0",2,0,0.0000,16,0,0.0000,0.0000
"16780.0",3,0,0.0000,99,0,0.0000,0.0000
"16783.0",1,0,0.0000,25,0,0.0000,0.0000
"16784.0",5,0,0.0000,160,0,0.0000,0.0000
"16785.0",1,0,0.0000,35,0,0.0000,0.0000
"16786.0",1,0,0.0000,1,0,0.0000,0.0000
"16787.0",4,0,0.0000,114,0,0.0000,0.0000
"16788.0",5,0,0.0000,495,0,0.0000,0.0000
"16789.0",1,0,0.0000,5,0,0.0000,0.0000
"16792.0",5,0,0.0000,102,0,0.0000,0.0000
"16793.0",1,0,0.0000,16,0,0.0000,0.0000
"16796.0",1,0,0.0000,18,0,0.0000,0.0000
"16800.0",1,0,0.0000,164,0,0.0000,0.0000
"16802.0",2,0,0.0000,53,0,0.0000,0.0000
"16803.0",1,0,0.0000,24,0,0.0000,0.0000
"16804.0",3,0,0.0000,60,0,0.0000,0.0000
"16805.0",5,0,0.0000,251,0,0.0000,0.0000
"16806.0",4,0,0.0000,103,0,0.0000,0.0000
"16808.0",2,0,0.0000,23,0,0.0000,0.0000
"16811.0",2,0,0.0000,28,0,0.0000,0.0000
"16813.0",10,0,0.0000,449,0,0.0000,0.0000
"16815.0",2,0,0.0000,74,0,0.0000,0.0000
"16816.0",4,0,0.0000,28,0,0.0000,0.0000
"16819.0",2,0,0.0000,17,0,0.0000,0.0000
"16820.0",1,0,0.0000,26,0,0.0000,0.0000
"16821.0",1,0,0.0000,7,0,0.0000,0.0000
"16824.0",3,0,0.0000,39,0,0.0000,0.0000
"16825.0",5,0,0.0000,64,0,0.0000,0.0000
"16826.0",1,0,0.0000,22,0,0.0000,0.0000
"16827.0",5,0,0.0000,12,0,0.0000,0.0000
"16828.0",2,0,0.0000,8,0,0.0000,0.0000
"16829.0",2,0,0.0000,27,0,0.0000,0.0000
"16831.0",1,0,0.0000,6,0,0.0000,0.0000
"16832.0",5,0,0.0000,21,0,0.0000,0.0000
"16833.0",6,0,0.0000,92,0,0.0000,0.0000
"16834.0",2,0,0.0000,48,0,0.0000,0.0000
"16836.0",4,0,0.0000,42,0,0.0000,0.0000
"16844.0",2,0,0.0000,32,0,0.0000,0.0000
"16845.0",1,0,0.0000,20,0,0.0000,0.0000
"16846.0",3,0,0.0000,47,0,0.0000,0.0000
"16847.0",2,0,0.0000,37,0,0.0000,0.0000
"16848.0",4,0,0.0000,85,0,0.0000,0.0000
"16849.0",1,0,0.0000,8,0,0.0000,0.0000
"16850.0",1,0,0.0000,19,0,0.0000,0.0000
"16851.0",3,0,0.0000,20,0,0.0000,0.0000
"16852.0",2,0,0.0000,9,0,0.0000,0.0000
"16853.0",1,1,1.0000,2,2,1.0000,0.0000
"16854.0",2,0,0.0000,75,0,0.0000,0.0000
"16855.0",2,0,0.0000,19,0,0.0000,0.0000
"16856.0",3,0,0.0000,19,0,0.0000,0.0000
"16857.0",1,0,0.0000,11,0,0.0000,0.0000
"16862.0",4,0,0.0000,35,0,0.0000,0.0000
"16864.0",2,0,0.0000,17,0,0.0000,0.0000
"16865.0",1,0,0.0000,16,0,0.0000,0.0000
"16866.0",3,0,0.0000,11,0,0.0000,0.0000
"16867.0",1,0,0.0000,6,0,0.0000,0.0000
"16868.0",3,0,0.0000,54,0,0.0000,0.0000
"16870.0",1,0,0.0000,28,0,0.0000,0.0000
"16872.0",6,0,0.0000,18,0,0.0000,0.0000
"16874.0",1,0,0.0000,34,0,0.0000,0.0000
"16876.0",1,0,0.0000,32,0,0.0000,0.0000
"16877.0",6,0,0.0000,159,0,0.0000,0.0000
"16878.0",2,1,0.5000,6,3,0.5000,0.0000
"16879.0",2,2,1.0000,2,2,1.0000,0.0000
"16880.0",8,0,0.0000,187,0,0.0000,0.0000
"16881.0",1,0,0.0000,1,0,0.0000,0.0000
"16882.0",3,0,0.0000,39,0,0.0000,0.0000
"16884.0",4,0,0.0000,75,0,0.0000,0.0000
"16885.0",4,0,0.0000,142,0,0.0000,0.0000
"16886.0",2,1,0.5000,16,8,0.5000,0.0000
"16887.0",3,0,0.0000,102,0,0.0000,0.0000
"16888.0",3,0,0.0000,54,0,0.0000,0.0000
"16889.0",6,0,0.0000,218,0,0.0000,0.0000
"16890.0",3,0,0.0000,19,0,0.0000,0.0000
"16891.0",11,0,0.0000,516,0,0.0000,0.0000
"16893.0",2,0,0.0000,135,0,0.0000,0.0000
"16895.0",5,0,0.0000,171,0,0.0000,0.0000
"16896.0",1,0,0.0000,18,0,0.0000,0.0000
"16899.0",8,0,0.0000,179,0,0.0000,0.0000
"16901.0",1,0,0.0000,23,0,0.0000,0.0000
"16902.0",1,0,0.0000,44,0,0.0000,0.0000
"16904.0",21,0,0.0000,982,0,0.0000,0.0000
"16906.0",7,0,0.0000,225,0,0.0000,0.0000
"16907.0",9,0,0.0000,255,0,0.0000,0.0000
"16910.0",8,0,0.0000,547,0,0.0000,0.0000
"16913.0",3,0,0.0000,18,0,0.0000,0.0000
"16914.0",1,0,0.0000,38,0,0.0000,0.0000
"16915.0",11,0,0.0000,74,0,0.0000,0.0000
"16916.0",4,0,0.0000,264,0,0.0000,0.0000
"16920.0",1,0,0.0000,23,0,0.0000,0.0000
"16921.0",3,0,0.0000,95,0,0.0000,0.0000
"16922.0",1,0,0.0000,122,0,0.0000,0.0000
"16925.0",1,0,0.0000,18,0,0.0000,0.0000
"16927.0",3,0,0.0000,6,0,0.0000,0.0000
"16929.0",7,0,0.0000,77,0,0.0000,0.0000
"16930.0",3,0,0.0000,54,0,0.0000,0.0000
"16931.0",23,0,0.0000,1001,0,0.0000,0.0000
"16932.0",3,0,0.0000,144,0,0.0000,0.0000
"16935.0",3,0,0.0000,73,0,0.0000,0.0000
"16936.0",2,0,0.0000,141,0,0.0000,0.0000
"16937.0",1,0,0.0000,51,0,0.0000,0.0000
"16939.0",3,0,0.0000,44,0,0.0000,0.0000
"16941.0",1,0,0.0000,2,0,0.0000,0.0000
"16944.0",1,0,0.0000,7,0,0.0000,0.0000
"16948.0",7,0,0.0000,43,0,0.0000,0.0000
"16952.0",5,0,0.0000,88,0,0.0000,0.0000
"16953.0",1,0,0.0000,1,0,0.0000,0.0000
"16957.0",2,0,0.0000,16,0,0.0000,0.0000
"16958.0",1,0,0.0000,74,0,0.0000,0.0000
"16959.0",1,0,0.0000,7,0,0.0000,0.0000
"16962.0",1,0,0.0000,15,0,0.0000,0.0000
"16963.0",1,0,0.0000,7,0,0.0000,0.0000
"16964.0",2,0,0.0000,6,0,0.0000,0.0000
"16965.0",1,0,0.0000,26,0,0.0000,0.0000
"16967.0",1,0,0.0000,21,0,0.0000,0.0000
"16968.0",2,0,0.0000,31,0,0.0000,0.0000
"16969.0",3,0,0.0000,42,0,0.0000,0.0000
"16970.0",1,0,0.0000,2,0,0.0000,0.0000
"16972.0",2,0,0.0000,88,0,0.0000,0.0000
"16973.0",1,0,0.0000,6,0,0.0000,0.0000
"16974.0",2,0,0.0000,8,0,0.0000,0.0000
"16976.0",1,0,0.0000,2,0,0.0000,0.0000
"16977.0",4,0,0.0000,28,0,0.0000,0.0000
"16978.0",3,0,0.0000,67,0,0.0000,0.0000
"16980.0",3,0,0.0000,112,0,0.0000,0.0000
"16981.0",1,1,1.0000,1,1,1.0000,0.0000
"16982.0",1,0,0.0000,22,0,0.0000,0.0000
"16986.0",11,0,0.0000,174,0,0.0000,0.0000
"16988.0",2,0,0.0000,20,0,0.0000,0.0000
"16989.0",6,0,0.0000,12,0,0.0000,0.0000
"16990.0",2,0,0.0000,2,0,0.0000,0.0000
"16991.0",1,0,0.0000,74,0,0.0000,0.0000
"16994.0",1,1,1.0000,1,1,1.0000,0.0000
"16995.0",1,1,1.0000,2,2,1.0000,0.0000
"16997.0",3,0,0.0000,12,0,0.0000,0.0000
"16999.0",2,0,0.0000,23,0,0.0000,0.0000
"17000.0",2,0,0.0000,30,0,0.0000,0.0000
"17001.0",19,0,0.0000,275,0,0.0000,0.0000
"17003.0",4,0,0.0000,112,0,0.0000,0.0000
"17004.0",4,0,0.0000,70,0,0.0000,0.0000
"17006.0",8,0,0.0000,130,0,0.0000,0.0000
"17008.0",1,0,0.0000,1,0,0.0000,0.0000
"17009.0",1,0,0.0000,11,0,0.0000,0.0000
"17012.0",1,0,0.0000,42,0,0.0000,0.0000
"17013.0",2,2,1.0000,2,2,1.0000,0.0000
"17015.0",3,0,0.0000,217,0,0.0000,0.0000
"17016.0",1,0,0.0000,41,0,0.0000,0.0000
"17018.0",6,0,0.0000,37,0,0.0000,0.0000
"17020.0",2,0,0.0000,69,0,0.0000,0.0000
"17021.0",6,0,0.0000,48,0,0.0000,0.0000
"17022.0",2,0,0.0000,16,0,0.0000,0.0000
"17023.0",3,0,0.0000,49,0,0.0000,0.0000
"17024.0",3,0,0.0000,3,0,0.0000,0.0000
"17025.0",5,0,0.0000,42,0,0.0000,0.0000
"17026.0",3,0,0.0000,8,0,0.0000,0.0000
"17028.0",3,0,0.0000,95,0,0.0000,0.0000
"17029.0",7,0,0.0000,29,0,0.0000,0.0000
"17030.0",1,0,0.0000,11,0,0.0000,0.0000
"17031.0",6,0,0.0000,50,0,0.0000,0.0000
"17033.0",4,0,0.0000,40,0,0.0000,0.0000
"17036.0",1,0,0.0000,12,0,0.0000,0.0000
"17038.0",2,0,0.0000,63,0,0.0000,0.0000
"17039.0",1,0,0.0000,44,0,0.0000,0.0000
"17040.0",2,0,0.0000,16,0,0.0000,0.0000
"17042.0",5,0,0.0000,98,0,0.0000,0.0000
"17043.0",8,0,0.0000,205,0,0.0000,0.0000
"17045.0",5,0,0.0000,53,0,0.0000,0.0000
"17046.0",5,0,0.0000,85,0,0.0000,0.0000
"17047.0",6,0,0.0000,142,0,0.0000,0.0000
"17051.0",4,0,0.0000,157,0,0.0000,0.0000
"17052.0",1,0,0.0000,92,0,0.0000,0.0000
"17055.0",1,0,0.0000,30,0,0.0000,0.0000
"17056.0",1,0,0.0000,8,0,0.0000,0.0000
"17057.0",1,0,0.0000,50,0,0.0000,0.0000
"17058.0",3,0,0.0000,62,0,0.0000,0.0000
"17060.0",1,0,0.0000,5,0,0.0000,0.0000
"17064.0",3,0,0.0000,62,0,0.0000,0.0000
"17066.0",1,0,0.0000,18,0,0.0000,0.0000
"17067.0",3,0,0.0000,13,0,0.0000,0.0000
"17070.0",2,0,0.0000,105,0,0.0000,0.0000
"17072.0",1,0,0.0000,22,0,0.0000,0.0000
"17073.0",4,0,0.0000,174,0,0.0000,0.0000
"17074.0",1,0,0.0000,4,0,0.0000,0.0000
"17076.0",6,0,0.0000,50,0,0.0000,0.0000
"17077.0",1,0,0.0000,1,0,0.0000,0.0000
"17078.0",2,0,0.0000,28,0,0.0000,0.0000
"17079.0",1,0,0.0000,2,0,0.0000,0.0000
"17081.0",6,0,0.0000,214,0,0.0000,0.0000
"17082.0",6,0,0.0000,170,0,0.0000,0.0000
"17086.0",6,0,0.0000,96,0,0.0000,0.0000
"17087.0",1,0,0.0000,12,0,0.0000,0.0000
"17088.0",4,0,0.0000,115,0,0.0000,0.0000
"17089.0",1,0,0.0000,4,0,0.0000,0.0000
"17093.0",1,0,0.0000,13,0,0.0000,0.0000
"17098.0",3,0,0.0000,18,0,0.0000,0.0000
"17099.0",1,0,0.0000,40,0,0.0000,0.0000
"17100.0",2,0,0.0000,65,0,0.0000,0.0000
"17101.0",7,0,0.0000,73,0,0.0000,0.0000
"17102.0",1,0,0.0000,1,0,0.0000,0.0000
"17103.0",1,0,0.0000,32,0,0.0000,0.0000
"17104.0",1,0,0.0000,19,0,0.0000,0.0000
"17105.0",2,0,0.0000,90,0,0.0000,0.0000
"17106.0",1,0,0.0000,53,0,0.0000,0.0000
"17108.0",1,0,0.0000,9,0,0.0000,0.0000
"17110.0",3,0,0.0000,51,0,0.0000,0.0000
"17111.0",2,0,0.0000,49,0,0.0000,0.0000
"17112.0",1,0,0.0000,50,0,0.0000,0.0000
"17116.0",1,0,0.0000,47,0,0.0000,0.0000
"17117.0",1,0,0.0000,9,0,0.0000,0.0000
"17118.0",1,0,0.0000,10,0,0.0000,0.0000
"17120.0",1,0,0.0000,18,0,0.0000,0.0000
"17121.0",1,0,0.0000,12,0,0.0000,0.0000
"17122.0",4,0,0.0000,30,0,0.0000,0.0000
"17123.0",3,0,0.0000,43,0,0.0000,0.0000
"17124.0",1,0,0.0000,32,0,0.0000,0.0000
"17125.0",1,0,0.0000,40,0,0.0000,0.0000
"17127.0",5,0,0.0000,37,0,0.0000,0.0000
"17128.0",1,0,0.0000,14,0,0.0000,0.0000
"17129.0",1,0,0.0000,2,0,0.0000,0.0000
"17130.0",1,1,1.0000,1,1,1.0000,0.0000
"17131.0",5,0,0.0000,134,0,0.0000,0.0000
"17132.0",2,0,0.0000,78,0,0.0000,0.0000
"17134.0",3,0,0.0000,37,0,0.0000,0.0000
"17136.0",1,0,0.0000,14,0,0.0000,0.0000
"17137.0",6,0,0.0000,176,0,0.0000,0.0000
"17138.0",7,0,0.0000,256,0,0.0000,0.0000
"17140.0",1,0,0.0000,20,0,0.0000,0.0000
"17141.0",4,0,0.0000,174,0,0.0000,0.0000
"17142.0",4,0,0.0000,90,0,0.0000,0.0000
"17143.0",2,0,0.0000,121,0,0.0000,0.0000
"17144.0",2,0,0.0000,48,0,0.0000,0.0000
"17148.0",1,0,0.0000,9,0,0.0000,0.0000
"17149.0",1,0,0.0000,6,0,0.0000,0.0000
"17150.0",6,0,0.0000,93,0,0.0000,0.0000
"17151.0",1,0,0.0000,4,0,0.0000,0.0000
"17153.0",1,0,0.0000,14,0,0.0000,0.0000
"17154.0",1,0,0.0000,23,0,0.0000,0.0000
"17155.0",7,0,0.0000,73,0,0.0000,0.0000
"17161.0",1,0,0.0000,52,0,0.0000,0.0000
"17163.0",4,0,0.0000,30,0,0.0000,0.0000
"17167.0",3,0,0.0000,79,0,0.0000,0.0000
"17168.0",1,0,0.0000,21,0,0.0000,0.0000
"17171.0",2,0,0.0000,25,0,0.0000,0.0000
"17174.0",1,0,0.0000,4,0,0.0000,0.0000
"17176.0",3,0,0.0000,42,0,0.0000,0.0000
"17177.0",1,0,0.0000,29,0,0.0000,0.0000
"17178.0",1,0,0.0000,32,0,0.0000,0.0000
"17179.0",6,0,0.0000,158,0,0.0000,0.0000
"17181.0",3,0,0.0000,30,0,0.0000,0.0000
"17182.0",2,0,0.0000,6,0,0.0000,0.0000
"17184.0",2,0,0.0000,14,0,0.0000,0.0000
"17185.0",3,0,0.0000,44,0,0.0000,0.0000
"17186.0",2,0,0.0000,2,0,0.0000,0.0000
"17187.0",2,0,0.0000,23,0,0.0000,0.0000
"17189.0",5,0,0.0000,123,0,0.0000,0.0000
"17192.0",1,0,0.0000,21,0,0.0000,0.0000
"17194.0",3,0,0.0000,61,0,0.0000,0.0000
"17195.0",1,0,0.0000,31,0,0.0000,0.0000
"17196.0",1,0,0.0000,104,0,0.0000,0.0000
"17197.0",1,0,0.0000,29,0,0.0000,0.0000
"17198.0",3,0,0.0000,173,0,0.0000,0.0000
"17199.0",1,0,0.0000,9,0,0.0000,0.0000
"17200.0",4,0,0.0000,25,0,0.0000,0.0000
"17202.0",1,0,0.0000,8,0,0.0000,0.0000
"17203.0",10,0,0.0000,270,0,0.0000,0.0000
"17205.0",3,0,0.0000,35,0,0.0000,0.0000
"17206.0",1,0,0.0000,7,0,0.0000,0.0000
"17207.0",1,0,0.0000,67,0,0.0000,0.0000
"17208.0",1,0,0.0000,24,0,0.0000,0.0000
"17209.0",3,0,0.0000,40,0,0.0000,0.0000
"17210.0",1,0,0.0000,54,0,0.0000,0.0000
"17212.0",3,0,0.0000,29,0,0.0000,0.0000
"17215.0",1,0,0.0000,11,0,0.0000,0.0000
"17216.0",1,0,0.0000,14,0,0.0000,0.0000
"17217.0",2,0,0.0000,29,0,0.0000,0.0000
"17218.0",18,0,0.0000,525,0,0.0000,0.0000
"17219.0",2,0,0.0000,50,0,0.0000,0.0000
"17220.0",21,0,0.0000,681,0,0.0000,0.0000
"17221.0",5,0,0.0000,126,0,0.0000,0.0000
"17222.0",6,0,0.0000,113,0,0.0000,0.0000
"17223.0",3,0,0.0000,101,0,0.0000,0.0000
"17224.0",1,0,0.0000,8,0,0.0000,0.0000
"17225.0",1,0,0.0000,5,0,0.0000,0.0000
"17226.0",3,0,0.0000,61,0,0.0000,0.0000
"17227.0",12,0,0.0000,125,0,0.0000,0.0000
"17228.0",13,0,0.0000,358,0,0.0000,0.0000
"17229.0",2,0,0.0000,47,0,0.0000,0.0000
"17232.0",2,0,0.0000,36,0,0.0000,0.0000
"17233.0",3,0,0.0000,58,0,0.0000,0.0000
"17234.0",1,0,0.0000,14,0,0.0000,0.0000
"17235.0",8,0,0.0000,99,0,0.0000,0.0000
"17236.0",12,0,0.0000,158,0,0.0000,0.0000
"17237.0",4,0,0.0000,80,0,0.0000,0.0000
"17238.0",32,0,0.0000,1231,0,0.0000,0.0000
"17240.0",1,0,0.0000,7,0,0.0000,0.0000
"17241.0",12,0,0.0000,171,0,0.0000,0.0000
"17242.0",5,0,0.0000,84,0,0.0000,0.0000
"17244.0",5,0,0.0000,120,0,0.0000,0.0000
"17245.0",2,0,0.0000,25,0,0.0000,0.0000
"17246.0",2,0,0.0000,6,0,0.0000,0.0000
"17247.0",1,0,0.0000,55,0,0.0000,0.0000
"17248.0",2,0,0.0000,117,0,0.0000,0.0000
"17249.0",1,0,0.0000,27,0,0.0000,0.0000
"17250.0",2,0,0.0000,57,0,0.0000,0.0000
"17252.0",2,0,0.0000,87,0,0.0000,0.0000
"17253.0",1,0,0.0000,18,0,0.0000,0.0000
"17254.0",3,0,0.0000,148,0,0.0000,0.0000
"17255.0",4,0,0.0000,190,0,0.0000,0.0000
"17256.0",5,0,0.0000,31,0,0.0000,0.0000
"17257.0",2,0,0.0000,15,0,0.0000,0.0000
"17258.0",2,0,0.0000,55,0,0.0000,0.0000
"17259.0",6,0,0.0000,330,0,0.0000,0.0000
"17260.0",1,0,0.0000,6,0,0.0000,0.0000
"17261.0",1,0,0.0000,46,0,0.0000,0.0000
"17262.0",11,0,0.0000,21,0,0.0000,0.0000
"17263.0",1,0,0.0000,23,0,0.0000,0.0000
"17264.0",1,0,0.0000,84,0,0.0000,0.0000
"17265.0",2,0,0.0000,127,0,0.0000,0.0000
"17266.0",5,0,0.0000,127,0,0.0000,0.0000
"17267.0",2,0,0.0000,38,0,0.0000,0.0000
"17268.0",11,0,0.0000,30,0,0.0000,0.0000
"17269.0",1,0,0.0000,146,0,0.0000,0.0000
"17270.0",2,0,0.0000,49,0,0.0000,0.0000
"17271.0",1,0,0.0000,52,0,0.0000,0.0000
"17273.0",1,0,0.0000,12,0,0.0000,0.0000
"17274.0",2,0,0.0000,79,0,0.0000,0.0000
"17275.0",1,0,0.0000,24,0,0.0000,0.0000
"17277.0",2,0,0.0000,69,0,0.0000,0.0000
"17278.0",2,0,0.0000,17,0,0.0000,0.0000
"17279.0",1,0,0.0000,9,0,0.0000,0.0000
"17280.0",1,0,0.0000,6,0,0.0000,0.0000
"17281.0",6,0,0.0000,6,0,0.0000,0.0000
"17282.0",5,0,0.0000,217,0,0.0000,0.0000
"17283.0",1,0,0.0000,15,0,0.0000,0.0000
"17285.0",2,0,0.0000,49,0,0.0000,0.0000
"17286.0",3,0,0.0000,93,0,0.0000,0.0000
"17288.0",11,0,0.0000,295,0,0.0000,0.0000
"17290.0",8,0,0.0000,203,0,0.0000,0.0000
"17291.0",1,0,0.0000,1,0,0.0000,0.0000
"17292.0",2,0,0.0000,15,0,0.0000,0.0000
"17293.0",17,0,0.0000,245,0,0.0000,0.0000
"17294.0",2,0,0.0000,17,0,0.0000,0.0000
"17295.0",3,0,0.0000,69,0,0.0000,0.0000
"17296.0",1,0,0.0000,33,0,0.0000,0.0000
"17297.0",1,0,0.0000,51,0,0.0000,0.0000
"17299.0",6,0,0.0000,120,0,0.0000,0.0000
"17300.0",2,0,0.0000,44,0,0.0000,0.0000
"17301.0",2,0,0.0000,121,0,0.0000,0.0000
"17303.0",1,0,0.0000,53,0,0.0000,0.0000
"17304.0",1,0,0.0000,5,0,0.0000,0.0000
"17305.0",1,0,0.0000,9,0,0.0000,0.0000
"17308.0",2,0,0.0000,7,0,0.0000,0.0000
"17309.0",3,0,0.0000,37,0,0.0000,0.0000
"17310.0",2,0,0.0000,2,0,0.0000,0.0000
"17312.0",3,0,0.0000,14,0,0.0000,0.0000
"17316.0",1,0,0.0000,35,0,0.0000,0.0000
"17318.0",1,0,0.0000,18,0,0.0000,0.0000
"17319.0",1,0,0.0000,3,0,0.0000,0.0000
"17320.0",6,0,0.0000,174,0,0.0000,0.0000
"17321.0",6,0,0.0000,295,0,0.0000,0.0000
"17325.0",3,0,0.0000,39,0,0.0000,0.0000
"17326.0",2,0,0.0000,89,0,0.0000,0.0000
"17327.0",2,0,0.0000,4,0,0.0000,0.0000
"17328.0",1,0,0.0000,6,0,0.0000,0.0000
"17329.0",5,0,0.0000,105,0,0.0000,0.0000
"17330.0",4,0,0.0000,8,0,0.0000,0.0000
"17331.0",1,0,0.0000,1,0,0.0000,0.0000
"17332.0",5,0,0.0000,95,0,0.0000,0.0000
"17333.0",1,0,0.0000,28,0,0.0000,0.0000
"17335.0",2,0,0.0000,39,0,0.0000,0.0000
"17336.0",1,0,0.0000,1,0,0.0000,0.0000
"17341.0",5,0,0.0000,407,0,0.0000,0.0000
"17343.0",6,0,0.0000,80,0,0.0000,0.0000
"17347.0",1,0,0.0000,1,0,0.0000,0.0000
"17348.0",9,0,0.0000,461,0,0.0000,0.0000
"17349.0",5,0,0.0000,94,0,0.0000,0.0000
"17351.0",12,0,0.0000,69,0,0.0000,0.0000
"17352.0",1,0,0.0000,5,0,0.0000,0.0000
"17354.0",4,0,0.0000,104,0,0.0000,0.0000
"17355.0",1,0,0.0000,37,0,0.0000,0.0000
"17356.0",5,0,0.0000,86,0,0.0000,0.0000
"17357.0",2,0,0.0000,45,0,0.0000,0.0000
"17358.0",5,0,0.0000,147,0,0.0000,0.0000
"17359.0",2,0,0.0000,38,0,0.0000,0.0000
"17361.0",5,0,0.0000,58,0,0.0000,0.0000
"17363.0",3,0,0.0000,36,0,0.0000,0.0000
"17367.0",1,0,0.0000,34,0,0.0000,0.0000
"17369.0",1,0,0.0000,1,0,0.0000,0.0000
"17370.0",4,0,0.0000,33,0,0.0000,0.0000
"17371.0",6,0,0.0000,146,0,0.0000,0.0000
"17373.0",7,0,0.0000,91,0,0.0000,0.0000
"17376.0",4,0,0.0000,55,0,0.0000,0.0000
"17378.0",2,1,0.5000,2,1,0.5000,0.0000
"17379.0",1,0,0.0000,83,0,0.0000,0.0000
"17382.0",8,0,0.0000,18,0,0.0000,0.0000
"17383.0",2,0,0.0000,53,0,0.0000,0.0000
"17384.0",3,0,0.0000,20,0,0.0000,0.0000
"17385.0",1,0,0.0000,47,0,0.0000,0.0000
"17386.0",7,0,0.0000,38,0,0.0000,0.0000
"17387.0",2,0,0.0000,78,0,0.0000,0.0000
"17388.0",11,0,0.0000,57,0,0.0000,0.0000
"17390.0",1,0,0.0000,12,0,0.0000,0.0000
"17391.0",2,0,0.0000,3,0,0.0000,0.0000
"17392.0",3,0,0.0000,76,0,0.0000,0.0000
"17393.0",2,0,0.0000,48,0,0.0000,0.0000
"17394.0",1,0,0.0000,4,0,0.0000,0.0000
"17395.0",1,0,0.0000,3,0,0.0000,0.0000
"17397.0",3,0,0.0000,138,0,0.0000,0.0000
"17398.0",3,0,0.0000,38,0,0.0000,0.0000
"17399.0",1,1,1.0000,1,1,1.0000,0.0000
"17400.0",8,0,0.0000,481,0,0.0000,0.0000
"17401.0",1,0,0.0000,12,0,0.0000,0.0000
"17403.0",2,0,0.0000,46,0,0.0000,0.0000
"17407.0",1,0,0.0000,23,0,0.0000,0.0000
"17409.0",10,0,0.0000,104,0,0.0000,0.0000
"17410.0",5,0,0.0000,64,0,0.0000,0.0000
"17413.0",2,0,0.0000,10,0,0.0000,0.0000
"17414.0",6,0,0.0000,21,0,0.0000,0.0000
"17415.0",1,0,0.0000,14,0,0.0000,0.0000
"17417.0",1,0,0.0000,16,0,0.0000,0.0000
"17418.0",3,0,0.0000,42,0,0.0000,0.0000
"17421.0",3,0,0.0000,58,0,0.0000,0.0000
"17424.0",1,1,1.0000,1,1,1.0000,0.0000
"17425.0",2,0,0.0000,43,0,0.0000,0.0000
"17427.0",1,0,0.0000,2,0,0.0000,0.0000
"17430.0",4,0,0.0000,42,0,0.0000,0.0000
"17431.0",1,0,0.0000,43,0,0.0000,0.0000
"17432.0",9,0,0.0000,277,0,0.0000,0.0000
"17433.0",2,0,0.0000,93,0,0.0000,0.0000
"17435.0",1,0,0.0000,15,0,0.0000,0.0000
"17437.0",1,0,0.0000,53,0,0.0000,0.0000
"17439.0",1,0,0.0000,8,0,0.0000,0.0000
"17440.0",6,2,0.3333,9,3,0.3333,0.0000
"17441.0",1,0,0.0000,21,0,0.0000,0.0000
"17443.0",1,0,0.0000,1,0,0.0000,0.0000
"17444.0",3,0,0.0000,135,0,0.0000,0.0000
"17445.0",1,1,1.0000,1,1,1.0000,0.0000
"17446.0",2,0,0.0000,9,0,0.0000,0.0000
"17447.0",2,0,0.0000,36,0,0.0000,0.0000
"17452.0",1,1,1.0000,1,1,1.0000,0.0000
"17453.0",2,0,0.0000,19,0,0.0000,0.0000
"17455.0",1,0,0.0000,8,0,0.0000,0.0000
"17456.0",2,0,0.0000,77,0,0.0000,0.0000
"17458.0",2,0,0.0000,86,0,0.0000,0.0000
"17459.0",2,0,0.0000,111,0,0.0000,0.0000
"17461.0",3,0,0.0000,111,0,0.0000,0.0000
"17466.0",2,0,0.0000,41,0,0.0000,0.0000
"17467.0",1,0,0.0000,4,0,0.0000,0.0000
"17468.0",3,0,0.0000,8,0,0.0000,0.0000
"17470.0",11,0,0.0000,166,0,0.0000,0.0000
"17471.0",1,0,0.0000,19,0,0.0000,0.0000
"17472.0",4,0,0.0000,230,0,0.0000,0.0000
"17474.0",1,0,0.0000,6,0,0.0000,0.0000
"17475.0",1,0,0.0000,14,0,0.0000,0.0000
"17478.0",2,0,0.0000,40,0,0.0000,0.0000
"17479.0",1,0,0.0000,18,0,0.0000,0.0000
"17482.0",2,0,0.0000,54,0,0.0000,0.0000
"17483.0",4,0,0.0000,28,0,0.0000,0.0000
"17484.0",2,0,0.0000,14,0,0.0000,0.0000
"17485.0",1,1,1.0000,6,6,1.0000,0.0000
"17486.0",1,0,0.0000,24,0,0.0000,0.0000
"17487.0",1,0,0.0000,8,0,0.0000,0.0000
"17488.0",1,0,0.0000,18,0,0.0000,0.0000
"17489.0",2,0,0.0000,29,0,0.0000,0.0000
"17492.0",3,0,0.0000,39,0,0.0000,0.0000
"17493.0",1,0,0.0000,8,0,0.0000,0.0000
"17494.0",1,0,0.0000,3,0,0.0000,0.0000
"17497.0",2,0,0.0000,7,0,0.0000,0.0000
"17498.0",1,0,0.0000,17,0,0.0000,0.0000
"17500.0",3,0,0.0000,5,0,0.0000,0.0000
"17501.0",2,0,0.0000,18,0,0.0000,0.0000
"17502.0",4,0,0.0000,28,0,0.0000,0.0000
"17503.0",2,0,0.0000,38,0,0.0000,0.0000
"17505.0",5,0,0.0000,102,0,0.0000,0.0000
"17507.0",2,0,0.0000,88,0,0.0000,0.0000
"17510.0",2,0,0.0000,35,0,0.0000,0.0000
"17513.0",3,0,0.0000,18,0,0.0000,0.0000
"17514.0",2,0,0.0000,87,0,0.0000,0.0000
"17515.0",9,0,0.0000,180,0,0.0000,0.0000
"17516.0",6,0,0.0000,196,0,0.0000,0.0000
"17517.0",1,0,0.0000,11,0,0.0000,0.0000
"17518.0",2,0,0.0000,77,0,0.0000,0.0000
"17520.0",1,0,0.0000,30,0,0.0000,0.0000
"17522.0",5,0,0.0000,73,0,0.0000,0.0000
"17523.0",4,0,0.0000,33,0,0.0000,0.0000
"17525.0",3,0,0.0000,26,0,0.0000,0.0000
"17529.0",2,0,0.0000,82,0,0.0000,0.0000
"17532.0",1,0,0.0000,4,0,0.0000,0.0000
"17533.0",1,0,0.0000,1,0,0.0000,0.0000
"17534.0",5,0,0.0000,92,0,0.0000,0.0000
"17535.0",1,0,0.0000,13,0,0.0000,0.0000
"17536.0",3,0,0.0000,16,0,0.0000,0.0000
"17537.0",2,0,0.0000,75,0,0.0000,0.0000
"17538.0",1,0,0.0000,9,0,0.0000,0.0000
"17541.0",1,0,0.0000,33,0,0.0000,0.0000
"17542.0",3,0,0.0000,65,0,0.0000,0.0000
"17543.0",1,0,0.0000,13,0,0.0000,0.0000
"17544.0",3,0,0.0000,92,0,0.0000,0.0000
"17546.0",1,1,1.0000,1,1,1.0000,0.0000
"17549.0",2,0,0.0000,6,0,0.0000,0.0000
"17551.0",1,0,0.0000,43,0,0.0000,0.0000
"17553.0",4,0,0.0000,6,0,0.0000,0.0000
"17554.0",5,0,0.0000,88,0,0.0000,0.0000
"17555.0",5,0,0.0000,272,0,0.0000,0.0000
"17556.0",2,0,0.0000,14,0,0.0000,0.0000
"17557.0",4,0,0.0000,35,0,0.0000,0.0000
"17558.0",1,0,0.0000,28,0,0.0000,0.0000
"17559.0",1,0,0.0000,12,0,0.0000,0.0000
"17560.0",9,0,0.0000,56,0,0.0000,0.0000
"17561.0",4,0,0.0000,203,0,0.0000,0.0000
"17564.0",3,0,0.0000,49,0,0.0000,0.0000
"17565.0",1,0,0.0000,30,0,0.0000,0.0000
"17566.0",2,0,0.0000,152,0,0.0000,0.0000
"17568.0",1,0,0.0000,65,0,0.0000,0.0000
"17569.0",1,0,0.0000,29,0,0.0000,0.0000
"17570.0",2,1,0.5000,2,1,0.5000,0.0000
"17571.0",5,0,0.0000,353,0,0.0000,0.0000
"17572.0",10,0,0.0000,36,0,0.0000,0.0000
"17574.0",1,0,0.0000,8,0,0.0000,0.0000
"17575.0",1,0,0.0000,5,0,0.0000,0.0000
"17577.0",2,0,0.0000,21,0,0.0000,0.0000
"17580.0",5,0,0.0000,95,0,0.0000,0.0000
"17583.0",1,0,0.0000,7,0,0.0000,0.0000
"17585.0",7,0,0.0000,397,0,0.0000,0.0000
"17586.0",1,0,0.0000,8,0,0.0000,0.0000
"17587.0",1,0,0.0000,43,0,0.0000,0.0000
"17590.0",3,0,0.0000,201,0,0.0000,0.0000
"17592.0",2,1,0.5000,26,13,0.5000,0.0000
"17594.0",4,0,0.0000,104,0,0.0000,0.0000
"17595.0",2,0,0.0000,83,0,0.0000,0.0000
"17598.0",1,0,0.0000,10,0,0.0000,0.0000
"17600.0",1,0,0.0000,13,0,0.0000,0.0000
"17601.0",2,0,0.0000,76,0,0.0000,0.0000
"17604.0",6,0,0.0000,210,0,0.0000,0.0000
"17605.0",1,0,0.0000,13,0,0.0000,0.0000
"17606.0",1,0,0.0000,6,0,0.0000,0.0000
"17607.0",1,0,0.0000,22,0,0.0000,0.0000
"17608.0",4,0,0.0000,169,0,0.0000,0.0000
"17614.0",1,0,0.0000,100,0,0.0000,0.0000
"17616.0",4,0,0.0000,5,0,0.0000,0.0000
"17619.0",1,0,0.0000,77,0,0.0000,0.0000
"17620.0",1,0,0.0000,4,0,0.0000,0.0000
"17623.0",7,0,0.0000,196,0,0.0000,0.0000
"17624.0",4,0,0.0000,97,0,0.0000,0.0000
"17625.0",8,0,0.0000,703,0,0.0000,0.0000
"17626.0",1,0,0.0000,18,0,0.0000,0.0000
"17628.0",1,0,0.0000,5,0,0.0000,0.0000
"17630.0",2,0,0.0000,26,0,0.0000,0.0000
"17631.0",7,0,0.0000,69,0,0.0000,0.0000
"17632.0",2,2,1.0000,2,2,1.0000,0.0000
"17634.0",9,0,0.0000,297,0,0.0000,0.0000
"17637.0",2,0,0.0000,35,0,0.0000,0.0000
"17638.0",2,0,0.0000,3,0,0.0000,0.0000
"17639.0",6,0,0.0000,79,0,0.0000,0.0000
"17641.0",1,1,1.0000,1,1,1.0000,0.0000
"17642.0",5,0,0.0000,108,0,0.0000,0.0000
"17643.0",2,0,0.0000,39,0,0.0000,0.0000
"17645.0",1,1,1.0000,1,1,1.0000,0.0000
"17647.0",3,0,0.0000,12,0,0.0000,0.0000
"17650.0",1,0,0.0000,8,0,0.0000,0.0000
"17654.0",1,0,0.0000,22,0,0.0000,0.0000
"17656.0",5,0,0.0000,82,0,0.0000,0.0000
"17657.0",1,0,0.0000,7,0,0.0000,0.0000
"17660.0",2,0,0.0000,89,0,0.0000,0.0000
"17661.0",1,1,1.0000,1,1,1.0000,0.0000
"17662.0",2,0,0.0000,15,0,0.0000,0.0000
"17664.0",4,0,0.0000,80,0,0.0000,0.0000
"17665.0",1,0,0.0000,19,0,0.0000,0.0000
"17666.0",5,0,0.0000,44,0,0.0000,0.0000
"17668.0",2,0,0.0000,15,0,0.0000,0.0000
"17669.0",10,0,0.0000,144,0,0.0000,0.0000
"17670.0",1,0,0.0000,11,0,0.0000,0.0000
"17674.0",2,0,0.0000,38,0,0.0000,0.0000
"17683.0",3,0,0.0000,46,0,0.0000,0.0000
"17684.0",1,0,0.0000,15,0,0.0000,0.0000
"17686.0",9,0,0.0000,429,0,0.0000,0.0000
"17687.0",1,0,0.0000,26,0,0.0000,0.0000
"17689.0",2,0,0.0000,22,0,0.0000,0.0000
"17694.0",3,0,0.0000,81,0,0.0000,0.0000
"17697.0",1,0,0.0000,19,0,0.0000,0.0000
"17698.0",1,0,0.0000,8,0,0.0000,0.0000
"17699.0",2,0,0.0000,19,0,0.0000,0.0000
"17701.0",1,0,0.0000,24,0,0.0000,0.0000
"17703.0",4,0,0.0000,78,0,0.0000,0.0000
"17704.0",2,0,0.0000,31,0,0.0000,0.0000
"17708.0",4,0,0.0000,74,0,0.0000,0.0000
"17709.0",5,0,0.0000,40,0,0.0000,0.0000
"17710.0",1,0,0.0000,20,0,0.0000,0.0000
"17711.0",2,0,0.0000,23,0,0.0000,0.0000
"17712.0",1,0,0.0000,29,0,0.0000,0.0000
"17713.0",4,0,0.0000,76,0,0.0000,0.0000
"17715.0",2,0,0.0000,2,0,0.0000,0.0000
"17717.0",1,0,0.0000,26,0,0.0000,0.0000
"17721.0",1,0,0.0000,11,0,0.0000,0.0000
"17723.0",7,0,0.0000,12,0,0.0000,0.0000
"17729.0",1,0,0.0000,23,0,0.0000,0.0000
"17733.0",2,0,0.0000,35,0,0.0000,0.0000
"17734.0",6,0,0.0000,86,0,0.0000,0.0000
"17737.0",2,0,0.0000,10,0,0.0000,0.0000
"17740.0",6,0,0.0000,9,0,0.0000,0.0000
"17741.0",2,0,0.0000,6,0,0.0000,0.0000
"17742.0",11,0,0.0000,85,0,0.0000,0.0000
"17745.0",2,0,0.0000,28,0,0.0000,0.0000
"17747.0",2,1,0.5000,2,1,0.5000,0.0000
"17748.0",1,0,0.0000,17,0,0.0000,0.0000
"17749.0",3,0,0.0000,57,0,0.0000,0.0000
"17750.0",9,0,0.0000,193,0,0.0000,0.0000
"17751.0",1,0,0.0000,32,0,0.0000,0.0000
"17752.0",1,0,0.0000,1,0,0.0000,0.0000
"17755.0",1,1,1.0000,10,10,1.0000,0.0000
"17756.0",3,0,0.0000,85,0,0.0000,0.0000
"17758.0",12,0,0.0000,536,0,0.0000,0.0000
"17759.0",5,0,0.0000,138,0,0.0000,0.0000
"17761.0",1,0,0.0000,19,0,0.0000,0.0000
"17762.0",1,0,0.0000,17,0,0.0000,0.0000
"17764.0",5,0,0.0000,159,0,0.0000,0.0000
"17765.0",4,0,0.0000,83,0,0.0000,0.0000
"17766.0",2,0,0.0000,22,0,0.0000,0.0000
"17767.0",2,0,0.0000,39,0,0.0000,0.0000
"17770.0",5,0,0.0000,38,0,0.0000,0.0000
"17771.0",4,0,0.0000,69,0,0.0000,0.0000
"17772.0",3,0,0.0000,105,0,0.0000,0.0000
"17773.0",2,0,0.0000,56,0,0.0000,0.0000
"17775.0",1,0,0.0000,3,0,0.0000,0.0000
"17777.0",3,0,0.0000,194,0,0.0000,0.0000
"17778.0",1,0,0.0000,10,0,0.0000,0.0000
"17780.0",3,0,0.0000,81,0,0.0000,0.0000
"17781.0",2,0,0.0000,12,0,0.0000,0.0000
"17782.0",2,0,0.0000,29,0,0.0000,0.0000
"17783.0",3,0,0.0000,92,0,0.0000,0.0000
"17784.0",1,0,0.0000,23,0,0.0000,0.0000
"17785.0",3,0,0.0000,51,0,0.0000,0.0000
"17786.0",2,0,0.0000,72,0,0.0000,0.0000
"17787.0",4,0,0.0000,165,0,0.0000,0.0000
"17788.0",2,0,0.0000,5,0,0.0000,0.0000
"17789.0",2,0,0.0000,29,0,0.0000,0.0000
"17790.0",20,0,0.0000,304,0,0.0000,0.0000
"17791.0",1,0,0.0000,10,0,0.0000,0.0000
"17792.0",2,0,0.0000,53,0,0.0000,0.0000
"17793.0",1,0,0.0000,58,0,0.0000,0.0000
"17794.0",2,0,0.0000,7,0,0.0000,0.0000
"17795.0",2,0,0.0000,46,0,0.0000,0.0000
"17796.0",7,0,0.0000,225,0,0.0000,0.0000
"17797.0",8,0,0.0000,275,0,0.0000,0.0000
"17798.0",1,0,0.0000,49,0,0.0000,0.0000
"17800.0",9,0,0.0000,104,0,0.0000,0.0000
"17803.0",1,0,0.0000,27,0,0.0000,0.0000
"17805.0",2,0,0.0000,11,0,0.0000,0.0000
"17806.0",1,0,0.0000,43,0,0.0000,0.0000
"17807.0",3,0,0.0000,89,0,0.0000,0.0000
"17808.0",4,0,0.0000,33,0,0.0000,0.0000
"17812.0",7,0,0.0000,233,0,0.0000,0.0000
"17814.0",2,0,0.0000,146,0,0.0000,0.0000
"17815.0",1,0,0.0000,13,0,0.0000,0.0000
"17816.0",6,0,0.0000,55,0,0.0000,0.0000
"17818.0",1,0,0.0000,46,0,0.0000,0.0000
"17821.0",1,0,0.0000,6,0,0.0000,0.0000
"17822.0",5,0,0.0000,176,0,0.0000,0.0000
"17823.0",2,0,0.0000,110,0,0.0000,0.0000
"17824.0",1,0,0.0000,13,0,0.0000,0.0000
"17825.0",4,0,0.0000,28,0,0.0000,0.0000
"17826.0",1,0,0.0000,34,0,0.0000,0.0000
"17830.0",3,0,0.0000,23,0,0.0000,0.0000
"17831.0",1,0,0.0000,2,0,0.0000,0.0000
"17832.0",1,0,0.0000,61,0,0.0000,0.0000
"17833.0",1,0,0.0000,32,0,0.0000,0.0000
"17834.0",2,0,0.0000,59,0,0.0000,0.0000
"17835.0",3,0,0.0000,61,0,0.0000,0.0000
"17836.0",1,0,0.0000,24,0,0.0000,0.0000
"17839.0",1,0,0.0000,56,0,0.0000,0.0000
"17840.0",1,0,0.0000,55,0,0.0000,0.0000
"17842.0",1,0,0.0000,18,0,0.0000,0.0000
"17843.0",2,0,0.0000,64,0,0.0000,0.0000
"17844.0",1,0,0.0000,5,0,0.0000,0.0000
"17845.0",4,0,0.0000,48,0,0.0000,0.0000
"17846.0",1,0,0.0000,1,0,0.0000,0.0000
"17847.0",2,0,0.0000,9,0,0.0000,0.0000
"17849.0",8,0,0.0000,50,0,0.0000,0.0000
"17851.0",6,0,0.0000,237,0,0.0000,0.0000
"17852.0",5,0,0.0000,110,0,0.0000,0.0000
"17853.0",3,0,0.0000,106,0,0.0000,0.0000
"17854.0",6,0,0.0000,120,0,0.0000,0.0000
"17855.0",1,0,0.0000,34,0,0.0000,0.0000
"17859.0",1,0,0.0000,25,0,0.0000,0.0000
"17860.0",4,0,0.0000,232,0,0.0000,0.0000
"17862.0",4,0,0.0000,102,0,0.0000,0.0000
"17863.0",12,0,0.0000,276,0,0.0000,0.0000
"17864.0",5,0,0.0000,145,0,0.0000,0.0000
"17868.0",1,0,0.0000,19,0,0.0000,0.0000
"17869.0",7,0,0.0000,98,0,0.0000,0.0000
"17871.0",5,0,0.0000,85,0,0.0000,0.0000
"17872.0",1,0,0.0000,15,0,0.0000,0.0000
"17875.0",1,0,0.0000,26,0,0.0000,0.0000
"17876.0",3,0,0.0000,4,0,0.0000,0.0000
"17877.0",1,0,0.0000,12,0,0.0000,0.0000
"17878.0",3,0,0.0000,85,0,0.0000,0.0000
"17879.0",1,0,0.0000,6,0,0.0000,0.0000
"17880.0",3,0,0.0000,45,0,0.0000,0.0000
"17881.0",1,0,0.0000,8,0,0.0000,0.0000
"17882.0",2,0,0.0000,56,0,0.0000,0.0000
"17885.0",1,0,0.0000,64,0,0.0000,0.0000
"17887.0",1,0,0.0000,10,0,0.0000,0.0000
"17889.0",7,0,0.0000,122,0,0.0000,0.0000
"17890.0",2,0,0.0000,94,0,0.0000,0.0000
"17891.0",1,0,0.0000,34,0,0.0000,0.0000
"17892.0",3,0,0.0000,28,0,0.0000,0.0000
"17893.0",1,0,0.0000,16,0,0.0000,0.0000
"17895.0",1,0,0.0000,16,0,0.0000,0.0000
"17896.0",1,0,0.0000,2,0,0.0000,0.0000
"17898.0",4,0,0.0000,50,0,0.0000,0.0000
"17899.0",1,0,0.0000,32,0,0.0000,0.0000
"17901.0",3,0,0.0000,22,0,0.0000,0.0000
"17902.0",1,0,0.0000,24,0,0.0000,0.0000
"17903.0",1,0,0.0000,45,0,0.0000,0.0000
"17906.0",1,0,0.0000,12,0,0.0000,0.0000
"17907.0",1,0,0.0000,13,0,0.0000,0.0000
"17909.0",1,0,0.0000,9,0,0.0000,0.0000
"17910.0",1,0,0.0000,26,0,0.0000,0.0000
"17911.0",1,0,0.0000,39,0,0.0000,0.0000
"17913.0",14,0,0.0000,476,0,0.0000,0.0000
"17914.0",1,0,0.0000,80,0,0.0000,0.0000
"17915.0",1,0,0.0000,35,0,0.0000,0.0000
"17916.0",2,0,0.0000,19,0,0.0000,0.0000
"17917.0",3,0,0.0000,94,0,0.0000,0.0000
"17918.0",3,0,0.0000,40,0,0.0000,0.0000
"17919.0",2,0,0.0000,40,0,0.0000,0.0000
"17922.0",1,0,0.0000,8,0,0.0000,0.0000
"17923.0",3,0,0.0000,3,0,0.0000,0.0000
"17925.0",1,0,0.0000,2,0,0.0000,0.0000
"17926.0",5,0,0.0000,44,0,0.0000,0.0000
"17927.0",1,0,0.0000,10,0,0.0000,0.0000
"17928.0",3,0,0.0000,27,0,0.0000,0.0000
"17932.0",3,0,0.0000,90,0,0.0000,0.0000
"17933.0",1,0,0.0000,14,0,0.0000,0.0000
"17934.0",3,0,0.0000,41,0,0.0000,0.0000
"17936.0",1,0,0.0000,77,0,0.0000,0.0000
"17937.0",7,0,0.0000,43,0,0.0000,0.0000
"17938.0",1,0,0.0000,29,0,0.0000,0.0000
"17939.0",1,0,0.0000,12,0,0.0000,0.0000
"17941.0",4,0,0.0000,7,0,0.0000,0.0000
"17942.0",1,0,0.0000,2,0,0.0000,0.0000
"17943.0",1,1,1.0000,1,1,1.0000,0.0000
"17944.0",1,0,0.0000,26,0,0.0000,0.0000
"17945.0",3,0,0.0000,72,0,0.0000,0.0000
"17946.0",2,0,0.0000,20,0,0.0000,0.0000
"17947.0",1,0,0.0000,9,0,0.0000,0.0000
"17948.0",1,0,0.0000,1,0,0.0000,0.0000
"17952.0",4,0,0.0000,104,0,0.0000,0.0000
"17953.0",1,0,0.0000,21,0,0.0000,0.0000
"17955.0",6,0,0.0000,22,0,0.0000,0.0000
"17956.0",1,0,0.0000,1,0,0.0000,0.0000
"17957.0",1,0,0.0000,31,0,0.0000,0.0000
"17958.0",2,0,0.0000,36,0,0.0000,0.0000
"17959.0",1,0,0.0000,2,0,0.0000,0.0000
"17960.0",3,0,0.0000,37,0,0.0000,0.0000
"17963.0",4,0,0.0000,112,0,0.0000,0.0000
"17964.0",2,0,0.0000,139,0,0.0000,0.0000
"17966.0",10,0,0.0000,114,0,0.0000,0.0000
"17967.0",2,0,0.0000,115,0,0.0000,0.0000
"17968.0",4,0,0.0000,220,0,0.0000,0.0000
"17970.0",1,0,0.0000,31,0,0.0000,0.0000
"17971.0",1,0,0.0000,21,0,0.0000,0.0000
"17972.0",1,0,0.0000,31,0,0.0000,0.0000
"17973.0",1,0,0.0000,15,0,0.0000,0.0000
"17974.0",6,0,0.0000,403,0,0.0000,0.0000
"17976.0",1,0,0.0000,130,0,0.0000,0.0000
"17978.0",4,0,0.0000,80,0,0.0000,0.0000
"17980.0",4,0,0.0000,66,0,0.0000,0.0000
"17981.0",1,0,0.0000,17,0,0.0000,0.0000
"17982.0",1,0,0.0000,13,0,0.0000,0.0000
"17983.0",1,0,0.0000,24,0,0.0000,0.0000
"17984.0",5,0,0.0000,251,0,0.0000,0.0000
"17985.0",1,0,0.0000,23,0,0.0000,0.0000
"17986.0",1,0,0.0000,1,0,0.0000,0.0000
"17989.0",1,0,0.0000,34,0,0.0000,0.0000
"17991.0",3,0,0.0000,40,0,0.0000,0.0000
"17992.0",1,0,0.0000,53,0,0.0000,0.0000
"17993.0",1,0,0.0000,64,0,0.0000,0.0000
"17995.0",3,0,0.0000,29,0,0.0000,0.0000
"17996.0",3,0,0.0000,67,0,0.0000,0.0000
"17999.0",3,0,0.0000,176,0,0.0000,0.0000
"18000.0",1,0,0.0000,6,0,0.0000,0.0000
"18001.0",6,0,0.0000,140,0,0.0000,0.0000
"18002.0",4,0,0.0000,54,0,0.0000,0.0000
"18003.0",1,0,0.0000,25,0,0.0000,0.0000
"18004.0",1,0,0.0000,40,0,0.0000,0.0000
"18005.0",2,0,0.0000,60,0,0.0000,0.0000
"18006.0",4,0,0.0000,65,0,0.0000,0.0000
"18007.0",1,0,0.0000,51,0,0.0000,0.0000
"18008.0",23,0,0.0000,102,0,0.0000,0.0000
"18010.0",1,0,0.0000,14,0,0.0000,0.0000
"18011.0",2,0,0.0000,93,0,0.0000,0.0000
"18012.0",1,0,0.0000,13,0,0.0000,0.0000
"18013.0",2,0,0.0000,31,0,0.0000,0.0000
"18014.0",1,0,0.0000,32,0,0.0000,0.0000
"18015.0",1,0,0.0000,46,0,0.0000,0.0000
"18016.0",7,0,0.0000,170,0,0.0000,0.0000
"18017.0",4,0,0.0000,4,0,0.0000,0.0000
"18019.0",1,0,0.0000,5,0,0.0000,0.0000
"18021.0",2,0,0.0000,33,0,0.0000,0.0000
"18022.0",5,0,0.0000,496,0,0.0000,0.0000
"18023.0",1,1,1.0000,1,1,1.0000,0.0000
"18025.0",6,0,0.0000,112,0,0.0000,0.0000
"18026.0",2,0,0.0000,17,0,0.0000,0.0000
"18027.0",1,0,0.0000,21,0,0.0000,0.0000
"18028.0",1,0,0.0000,4,0,0.0000,0.0000
"18029.0",1,0,0.0000,18,0,0.0000,0.0000
"18031.0",1,0,0.0000,65,0,0.0000,0.0000
"18032.0",1,0,0.0000,5,0,0.0000,0.0000
"18033.0",1,0,0.0000,34,0,0.0000,0.0000
"18034.0",3,0,0.0000,225,0,0.0000,0.0000
"18035.0",5,0,0.0000,61,0,0.0000,0.0000
"18036.0",11,0,0.0000,332,0,0.0000,0.0000
"18037.0",15,0,0.0000,33,0,0.0000,0.0000
"18038.0",1,0,0.0000,32,0,0.0000,0.0000
"18039.0",4,0,0.0000,168,0,0.0000,0.0000
"18040.0",2,0,0.0000,19,0,0.0000,0.0000
"18042.0",2,0,0.0000,16,0,0.0000,0.0000
"18043.0",3,0,0.0000,187,0,0.0000,0.0000
"18045.0",1,0,0.0000,47,0,0.0000,0.0000
"18046.0",1,0,0.0000,26,0,0.0000,0.0000
"18047.0",2,0,0.0000,88,0,0.0000,0.0000
"18048.0",3,0,0.0000,61,0,0.0000,0.0000
"18049.0",2,0,0.0000,95,0,0.0000,0.0000
"18050.0",2,0,0.0000,23,0,0.0000,0.0000
"18052.0",1,0,0.0000,16,0,0.0000,0.0000
"18054.0",1,0,0.0000,11,0,0.0000,0.0000
"18057.0",3,0,0.0000,140,0,0.0000,0.0000
"18058.0",3,0,0.0000,16,0,0.0000,0.0000
"18060.0",2,0,0.0000,75,0,0.0000,0.0000
"18063.0",2,0,0.0000,3,0,0.0000,0.0000
"18066.0",3,0,0.0000,53,0,0.0000,0.0000
"18067.0",1,0,0.0000,37,0,0.0000,0.0000
"18068.0",1,0,0.0000,1,0,0.0000,0.0000
"18071.0",6,0,0.0000,86,0,0.0000,0.0000
"18072.0",2,1,0.5000,36,18,0.5000,0.0000
"18074.0",2,0,0.0000,56,0,0.0000,0.0000
"18076.0",1,0,0.0000,8,0,0.0000,0.0000
"18077.0",18,0,0.0000,377,0,0.0000,0.0000
"18078.0",4,0,0.0000,77,0,0.0000,0.0000
"18079.0",5,0,0.0000,140,0,0.0000,0.0000
"18080.0",2,0,0.0000,2,0,0.0000,0.0000
"18081.0",3,0,0.0000,17,0,0.0000,0.0000
"18082.0",1,0,0.0000,73,0,0.0000,0.0000
"18083.0",1,0,0.0000,42,0,0.0000,0.0000
"18085.0",4,0,0.0000,71,0,0.0000,0.0000
"18086.0",1,0,0.0000,7,0,0.0000,0.0000
"18088.0",1,0,0.0000,39,0,0.0000,0.0000
"18089.0",1,0,0.0000,10,0,0.0000,0.0000
"18090.0",1,0,0.0000,60,0,0.0000,0.0000
"18091.0",1,0,0.0000,25,0,0.0000,0.0000
"18095.0",5,0,0.0000,48,0,0.0000,0.0000
"18096.0",6,0,0.0000,438,0,0.0000,0.0000
"18098.0",1,0,0.0000,88,0,0.0000,0.0000
"18099.0",1,0,0.0000,19,0,0.0000,0.0000
"18100.0",1,0,0.0000,30,0,0.0000,0.0000
"18101.0",5,0,0.0000,112,0,0.0000,0.0000
"18103.0",1,0,0.0000,10,0,0.0000,0.0000
"18104.0",1,0,0.0000,38,0,0.0000,0.0000
"18105.0",1,0,0.0000,18,0,0.0000,0.0000
"18106.0",6,0,0.0000,196,0,0.0000,0.0000
"18107.0",1,0,0.0000,39,0,0.0000,0.0000
"18112.0",4,0,0.0000,63,0,0.0000,0.0000
"18113.0",1,0,0.0000,2,0,0.0000,0.0000
"18114.0",1,0,0.0000,28,0,0.0000,0.0000
"18115.0",1,0,0.0000,3,0,0.0000,0.0000
"18116.0",13,0,0.0000,574,0,0.0000,0.0000
"18117.0",1,0,0.0000,74,0,0.0000,0.0000
"18119.0",1,0,0.0000,60,0,0.0000,0.0000
"18120.0",1,0,0.0000,17,0,0.0000,0.0000
"18121.0",2,0,0.0000,32,0,0.0000,0.0000
"18122.0",6,0,0.0000,364,0,0.0000,0.0000
"18123.0",3,0,0.0000,59,0,0.0000,0.0000
"18124.0",1,0,0.0000,24,0,0.0000,0.0000
"18126.0",1,0,0.0000,56,0,0.0000,0.0000
"18127.0",4,0,0.0000,69,0,0.0000,0.0000
"18128.0",1,0,0.0000,45,0,0.0000,0.0000
"18129.0",1,0,0.0000,14,0,0.0000,0.0000
"18131.0",1,0,0.0000,4,0,0.0000,0.0000
"18132.0",1,0,0.0000,66,0,0.0000,0.0000
"18133.0",2,1,0.5000,2,1,0.5000,0.0000
"18134.0",2,0,0.0000,28,0,0.0000,0.0000
"18137.0",2,0,0.0000,29,0,0.0000,0.0000
"18138.0",1,0,0.0000,8,0,0.0000,0.0000
"18140.0",1,0,0.0000,54,0,0.0000,0.0000
"18143.0",2,0,0.0000,61,0,0.0000,0.0000
"18144.0",19,0,0.0000,87,0,0.0000,0.0000
"18146.0",2,0,0.0000,10,0,0.0000,0.0000
"18147.0",2,0,0.0000,7,0,0.0000,0.0000
"18148.0",1,0,0.0000,11,0,0.0000,0.0000
"18149.0",7,0,0.0000,96,0,0.0000,0.0000
"18150.0",3,0,0.0000,37,0,0.0000,0.0000
"18152.0",1,0,0.0000,10,0,0.0000,0.0000
"18153.0",1,0,0.0000,17,0,0.0000,0.0000
"18154.0",5,0,0.0000,47,0,0.0000,0.0000
"18156.0",2,0,0.0000,195,0,0.0000,0.0000
"18157.0",1,0,0.0000,26,0,0.0000,0.0000
"18159.0",1,0,0.0000,23,0,0.0000,0.0000
"18160.0",3,0,0.0000,65,0,0.0000,0.0000
"18162.0",1,0,0.0000,47,0,0.0000,0.0000
"18165.0",1,0,0.0000,10,0,0.0000,0.0000
"18166.0",1,0,0.0000,10,0,0.0000,0.0000
"18169.0",1,0,0.0000,9,0,0.0000,0.0000
"18170.0",9,0,0.0000,126,0,0.0000,0.0000
"18173.0",5,0,0.0000,45,0,0.0000,0.0000
"18174.0",2,0,0.0000,2,0,0.0000,0.0000
"18175.0",1,0,0.0000,7,0,0.0000,0.0000
"18179.0",8,0,0.0000,109,0,0.0000,0.0000
"18180.0",6,0,0.0000,119,0,0.0000,0.0000
"18182.0",1,0,0.0000,10,0,0.0000,0.0000
"18184.0",1,0,0.0000,1,0,0.0000,0.0000
"18185.0",1,0,0.0000,17,0,0.0000,0.0000
"18186.0",1,0,0.0000,11,0,0.0000,0.0000
"18191.0",2,0,0.0000,15,0,0.0000,0.0000
"18192.0",1,0,0.0000,45,0,0.0000,0.0000
"18195.0",1,0,0.0000,5,0,0.0000,0.0000
"18196.0",4,0,0.0000,281,0,0.0000,0.0000
"18200.0",1,0,0.0000,32,0,0.0000,0.0000
"18201.0",1,0,0.0000,27,0,0.0000,0.0000
"18202.0",3,0,0.0000,68,0,0.0000,0.0000
"18203.0",4,0,0.0000,60,0,0.0000,0.0000
"18205.0",2,0,0.0000,32,0,0.0000,0.0000
"18206.0",1,0,0.0000,19,0,0.0000,0.0000
"18208.0",1,0,0.0000,17,0,0.0000,0.0000
"18209.0",1,0,0.0000,8,0,0.0000,0.0000
"18210.0",7,0,0.0000,144,0,0.0000,0.0000
"18211.0",5,0,0.0000,42,0,0.0000,0.0000
"18212.0",2,0,0.0000,55,0,0.0000,0.0000
"18213.0",1,0,0.0000,15,0,0.0000,0.0000
"18216.0",1,0,0.0000,26,0,0.0000,0.0000
"18222.0",1,0,0.0000,19,0,0.0000,0.0000
"18224.0",1,0,0.0000,10,0,0.0000,0.0000
"18229.0",28,0,0.0000,211,0,0.0000,0.0000
"18233.0",1,0,0.0000,1,0,0.0000,0.0000
"18234.0",1,0,0.0000,30,0,0.0000,0.0000
"18235.0",3,0,0.0000,104,0,0.0000,0.0000
"18236.0",12,0,0.0000,98,0,0.0000,0.0000
"18237.0",5,0,0.0000,61,0,0.0000,0.0000
"18238.0",1,0,0.0000,14,0,0.0000,0.0000
"18239.0",6,0,0.0000,125,0,0.0000,0.0000
"18240.0",1,0,0.0000,6,0,0.0000,0.0000
"18242.0",8,0,0.0000,140,0,0.0000,0.0000
"18243.0",1,0,0.0000,26,0,0.0000,0.0000
"18244.0",2,0,0.0000,19,0,0.0000,0.0000
"18246.0",3,0,0.0000,5,0,0.0000,0.0000
"18249.0",1,0,0.0000,8,0,0.0000,0.0000
"18251.0",9,0,0.0000,108,0,0.0000,0.0000
"18253.0",1,0,0.0000,7,0,0.0000,0.0000
"18254.0",1,0,0.0000,16,0,0.0000,0.0000
"18255.0",2,0,0.0000,19,0,0.0000,0.0000
"18259.0",7,0,0.0000,92,0,0.0000,0.0000
"18261.0",2,0,0.0000,21,0,0.0000,0.0000
"18262.0",3,0,0.0000,42,0,0.0000,0.0000
"18264.0",1,0,0.0000,36,0,0.0000,0.0000
"18265.0",2,0,0.0000,46,0,0.0000,0.0000
"18266.0",1,0,0.0000,14,0,0.0000,0.0000
"18271.0",2,0,0.0000,21,0,0.0000,0.0000
"18273.0",4,0,0.0000,4,0,0.0000,0.0000
"18274.0",2,1,0.5000,22,11,0.5000,0.0000
"18275.0",2,0,0.0000,19,0,0.0000,0.0000
"18278.0",2,0,0.0000,24,0,0.0000,0.0000
"18279.0",1,0,0.0000,13,0,0.0000,0.0000
"18281.0",2,0,0.0000,17,0,0.0000,0.0000
"18283.0",22,0,0.0000,986,0,0.0000,0.0000
"18285.0",1,0,0.0000,12,0,0.0000,0.0000
"17545.0",6,0,0.0000,278,0,0.0000,0.0000
"12347.0",8,0,0.0000,253,0,0.0000,0.0000
"12348.0",5,0,0.0000,51,0,0.0000,0.0000
"12350.0",1,0,0.0000,17,0,0.0000,0.0000
"12351.0",1,0,0.0000,21,0,0.0000,0.0000
"12353.0",2,0,0.0000,24,0,0.0000,0.0000
"12354.0",1,0,0.0000,58,0,0.0000,0.0000
"12355.0",2,0,0.0000,35,0,0.0000,0.0000
"12356.0",6,0,0.0000,143,0,0.0000,0.0000
"12357.0",3,0,0.0000,296,0,0.0000,0.0000
"12358.0",5,0,0.0000,77,0,0.0000,0.0000
"12361.0",4,0,0.0000,29,0,0.0000,0.0000
"12363.0",2,0,0.0000,23,0,0.0000,0.0000
"12364.0",4,0,0.0000,85,0,0.0000,0.0000
"12366.0",1,0,0.0000,3,0,0.0000,0.0000
"12367.0",1,0,0.0000,11,0,0.0000,0.0000
"12368.0",1,0,0.0000,18,0,0.0000,0.0000
"12369.0",3,0,0.0000,93,0,0.0000,0.0000
"12370.0",7,0,0.0000,202,0,0.0000,0.0000
"12371.0",5,0,0.0000,167,0,0.0000,0.0000
"12372.0",3,0,0.0000,52,0,0.0000,0.0000
"12373.0",3,0,0.0000,51,0,0.0000,0.0000
"12374.0",4,0,0.0000,83,0,0.0000,0.0000
"12376.0",2,0,0.0000,13,0,0.0000,0.0000
"12377.0",4,0,0.0000,152,0,0.0000,0.0000
"12378.0",2,0,0.0000,301,0,0.0000,0.0000
"12382.0",1,1,1.0000,1,1,1.0000,0.0000
"12386.0",2,0,0.0000,18,0,0.0000,0.0000
"12387.0",1,0,0.0000,9,0,0.0000,0.0000
"12388.0",8,0,0.0000,146,0,0.0000,0.0000
"12389.0",3,0,0.0000,49,0,0.0000,0.0000
"12390.0",1,0,0.0000,32,0,0.0000,0.0000
"12392.0",1,0,0.0000,7,0,0.0000,0.0000
"12394.0",2,0,0.0000,27,0,0.0000,0.0000
"12396.0",1,0,0.0000,65,0,0.0000,0.0000
"12397.0",2,0,0.0000,126,0,0.0000,0.0000
"12398.0",1,0,0.0000,85,0,0.0000,0.0000
"12399.0",7,0,0.0000,110,0,0.0000,0.0000
"12400.0",1,0,0.0000,11,0,0.0000,0.0000
"12401.0",1,0,0.0000,5,0,0.0000,0.0000
"12404.0",1,0,0.0000,1,0,0.0000,0.0000
"12405.0",1,0,0.0000,54,0,0.0000,0.0000
"12407.0",5,0,0.0000,77,0,0.0000,0.0000
"12411.0",1,0,0.0000,22,0,0.0000,0.0000
"12416.0",1,0,0.0000,11,0,0.0000,0.0000
"12419.0",2,0,0.0000,25,0,0.0000,0.0000
"12420.0",1,0,0.0000,29,0,0.0000,0.0000
"12430.0",1,0,0.0000,11,0,0.0000,0.0000
"12432.0",5,0,0.0000,108,0,0.0000,0.0000
"12435.0",6,0,0.0000,112,0,0.0000,0.0000
"12436.0",1,0,0.0000,16,0,0.0000,0.0000
"12438.0",2,0,0.0000,98,0,0.0000,0.0000
"12441.0",1,0,0.0000,22,0,0.0000,0.0000
"12442.0",1,0,0.0000,12,0,0.0000,0.0000
"12443.0",1,0,0.0000,21,0,0.0000,0.0000
"12444.0",5,0,0.0000,177,0,0.0000,0.0000
"12446.0",1,0,0.0000,58,0,0.0000,0.0000
"12447.0",1,0,0.0000,26,0,0.0000,0.0000
"12448.0",1,0,0.0000,22,0,0.0000,0.0000
"12449.0",6,0,0.0000,201,0,0.0000,0.0000
"12453.0",1,0,0.0000,43,0,0.0000,0.0000
"12454.0",9,4,0.4444,72,32,0.4444,0.0000
"12455.0",10,0,0.0000,227,0,0.0000,0.0000
"12458.0",4,0,0.0000,84,0,0.0000,0.0000
"12459.0",1,0,0.0000,23,0,0.0000,0.0000
"12460.0",1,0,0.0000,18,0,0.0000,0.0000
"12461.0",2,0,0.0000,35,0,0.0000,0.0000
"12464.0",8,0,0.0000,29,0,0.0000,0.0000
"12466.0",1,0,0.0000,1,0,0.0000,0.0000
"12467.0",2,1,0.5000,18,9,0.5000,0.0000
"12469.0",2,0,0.0000,76,0,0.0000,0.0000
"12470.0",1,0,0.0000,23,0,0.0000,0.0000
"12475.0",2,0,0.0000,61,0,0.0000,0.0000
"12478.0",1,0,0.0000,36,0,0.0000,0.0000
"12485.0",1,0,0.0000,34,0,0.0000,0.0000
"12486.0",1,0,0.0000,49,0,0.0000,0.0000
"12488.0",3,0,0.0000,55,0,0.0000,0.0000
"12489.0",1,0,0.0000,15,0,0.0000,0.0000
"12491.0",1,0,0.0000,26,0,0.0000,0.0000
"12492.0",3,0,0.0000,42,0,0.0000,0.0000
"12496.0",2,0,0.0000,13,0,0.0000,0.0000
"12498.0",3,0,0.0000,23,0,0.0000,0.0000
"12499.0",1,0,0.0000,27,0,0.0000,0.0000
"12502.0",5,0,0.0000,147,0,0.0000,0.0000
"12506.0",1,0,0.0000,23,0,0.0000,0.0000
"12508.0",2,0,0.0000,69,0,0.0000,0.0000
"12509.0",1,0,0.0000,7,0,0.0000,0.0000
"12512.0",2,0,0.0000,34,0,0.0000,0.0000
"12514.0",2,0,0.0000,84,0,0.0000,0.0000
"12515.0",1,0,0.0000,16,0,0.0000,0.0000
"12516.0",4,0,0.0000,74,0,0.0000,0.0000
"12518.0",5,0,0.0000,124,0,0.0000,0.0000
"12521.0",1,0,0.0000,38,0,0.0000,0.0000
"12522.0",2,0,0.0000,12,0,0.0000,0.0000
"12526.0",3,0,0.0000,71,0,0.0000,0.0000
"12527.0",5,0,0.0000,32,0,0.0000,0.0000
"12532.0",1,0,0.0000,16,0,0.0000,0.0000
"12534.0",1,0,0.0000,63,0,0.0000,0.0000
"12535.0",2,0,0.0000,34,0,0.0000,0.0000
"12537.0",1,0,0.0000,43,0,0.0000,0.0000
"12538.0",2,0,0.0000,34,0,0.0000,0.0000
"12541.0",3,0,0.0000,52,0,0.0000,0.0000
"12543.0",1,0,0.0000,43,0,0.0000,0.0000
"12545.0",2,0,0.0000,50,0,0.0000,0.0000
"12547.0",3,0,0.0000,21,0,0.0000,0.0000
"12548.0",1,0,0.0000,5,0,0.0000,0.0000
"12549.0",6,0,0.0000,49,0,0.0000,0.0000
"12550.0",1,0,0.0000,57,0,0.0000,0.0000
"12551.0",1,0,0.0000,10,0,0.0000,0.0000
"12552.0",2,0,0.0000,20,0,0.0000,0.0000
"12554.0",1,0,0.0000,26,0,0.0000,0.0000
"12555.0",1,0,0.0000,1,0,0.0000,0.0000
"12556.0",2,0,0.0000,121,0,0.0000,0.0000
"12557.0",8,0,0.0000,58,0,0.0000,0.0000
"12558.0",2,1,0.5000,22,11,0.5000,0.0000
"12561.0",1,0,0.0000,16,0,0.0000,0.0000
"12562.0",9,0,0.0000,207,0,0.0000,0.0000
"12563.0",1,0,0.0000,13,0,0.0000,0.0000
"12564.0",1,0,0.0000,21,0,0.0000,0.0000
"12568.0",1,0,0.0000,5,0,0.0000,0.0000
"12570.0",1,0,0.0000,1,0,0.0000,0.0000
"12571.0",2,0,0.0000,34,0,0.0000,0.0000
"12573.0",5,0,0.0000,119,0,0.0000,0.0000
"12574.0",1,0,0.0000,11,0,0.0000,0.0000
"12575.0",2,0,0.0000,38,0,0.0000,0.0000
"12580.0",2,0,0.0000,58,0,0.0000,0.0000
"12581.0",1,0,0.0000,15,0,0.0000,0.0000
"12582.0",4,0,0.0000,103,0,0.0000,0.0000
"12587.0",1,0,0.0000,4,0,0.0000,0.0000
"12591.0",3,0,0.0000,69,0,0.0000,0.0000
"12593.0",3,0,0.0000,21,0,0.0000,0.0000
"12595.0",1,0,0.0000,19,0,0.0000,0.0000
"12596.0",2,0,0.0000,27,0,0.0000,0.0000
"12599.0",13,0,0.0000,133,0,0.0000,0.0000
"12602.0",1,0,0.0000,12,0,0.0000,0.0000
"12603.0",1,0,0.0000,3,0,0.0000,0.0000
"12604.0",2,0,0.0000,16,0,0.0000,0.0000
"12606.0",1,0,0.0000,1,0,0.0000,0.0000
"12607.0",2,1,0.5000,202,101,0.5000,0.0000
"12608.0",1,0,0.0000,16,0,0.0000,0.0000
"12611.0",1,0,0.0000,65,0,0.0000,0.0000
"12614.0",1,0,0.0000,20,0,0.0000,0.0000
"12617.0",1,0,0.0000,42,0,0.0000,0.0000
"12618.0",1,0,0.0000,11,0,0.0000,0.0000
"12620.0",3,0,0.0000,92,0,0.0000,0.0000
"12622.0",1,0,0.0000,11,0,0.0000,0.0000
"12624.0",2,0,0.0000,38,0,0.0000,0.0000
"12627.0",7,0,0.0000,230,0,0.0000,0.0000
"12629.0",2,0,0.0000,45,0,0.0000,0.0000
"12630.0",2,0,0.0000,64,0,0.0000,0.0000
"12634.0",2,0,0.0000,20,0,0.0000,0.0000
"12635.0",4,0,0.0000,179,0,0.0000,0.0000
"12636.0",1,0,0.0000,1,0,0.0000,0.0000
"12638.0",2,0,0.0000,48,0,0.0000,0.0000
"12639.0",3,0,0.0000,64,0,0.0000,0.0000
"12640.0",3,0,0.0000,53,0,0.0000,0.0000
"12641.0",1,0,0.0000,10,0,0.0000,0.0000
"12642.0",3,0,0.0000,47,0,0.0000,0.0000
"12646.0",2,0,0.0000,45,0,0.0000,0.0000
"12650.0",1,0,0.0000,20,0,0.0000,0.0000
"12653.0",3,0,0.0000,86,0,0.0000,0.0000
"12654.0",5,0,0.0000,38,0,0.0000,0.0000
"12655.0",1,0,0.0000,16,0,0.0000,0.0000
"12658.0",1,0,0.0000,36,0,0.0000,0.0000
"12659.0",1,0,0.0000,5,0,0.0000,0.0000
"12660.0",1,0,0.0000,13,0,0.0000,0.0000
"12661.0",1,0,0.0000,11,0,0.0000,0.0000
"12667.0",1,0,0.0000,33,0,0.0000,0.0000
"12671.0",1,0,0.0000,45,0,0.0000,0.0000
"12673.0",3,0,0.0000,74,0,0.0000,0.0000
"12680.0",4,0,0.0000,53,0,0.0000,0.0000
"12684.0",7,0,0.0000,105,0,0.0000,0.0000
"12685.0",6,0,0.0000,157,0,0.0000,0.0000
"12686.0",1,0,0.0000,14,0,0.0000,0.0000
"12687.0",2,0,0.0000,126,0,0.0000,0.0000
"12688.0",1,0,0.0000,171,0,0.0000,0.0000
"12689.0",2,0,0.0000,72,0,0.0000,0.0000
"12690.0",1,0,0.0000,16,0,0.0000,0.0000
"12691.0",7,0,0.0000,39,0,0.0000,0.0000
"12692.0",1,0,0.0000,13,0,0.0000,0.0000
"12695.0",7,0,0.0000,59,0,0.0000,0.0000
"12698.0",1,0,0.0000,16,0,0.0000,0.0000
"12699.0",1,0,0.0000,41,0,0.0000,0.0000
"12701.0",6,0,0.0000,147,0,0.0000,0.0000
"12702.0",1,0,0.0000,12,0,0.0000,0.0000
"12706.0",1,1,1.0000,1,1,1.0000,0.0000
"12707.0",1,0,0.0000,33,0,0.0000,0.0000
"12711.0",2,0,0.0000,60,0,0.0000,0.0000
"12713.0",1,0,0.0000,38,0,0.0000,0.0000
"12714.0",12,0,0.0000,696,0,0.0000,0.0000
"12715.0",1,0,0.0000,21,0,0.0000,0.0000
"12716.0",2,0,0.0000,69,0,0.0000,0.0000
"12718.0",1,0,0.0000,19,0,0.0000,0.0000
"12723.0",5,0,0.0000,69,0,0.0000,0.0000
"12724.0",7,0,0.0000,129,0,0.0000,0.0000
"12725.0",4,0,0.0000,130,0,0.0000,0.0000
"12726.0",11,0,0.0000,179,0,0.0000,0.0000
"12728.0",5,0,0.0000,61,0,0.0000,0.0000
"12729.0",1,0,0.0000,26,0,0.0000,0.0000
"12730.0",1,0,0.0000,47,0,0.0000,0.0000
"12732.0",1,0,0.0000,12,0,0.0000,0.0000
"12734.0",3,0,0.0000,19,0,0.0000,0.0000
"12735.0",2,0,0.0000,43,0,0.0000,0.0000
"12736.0",1,0,0.0000,4,0,0.0000,0.0000
"12737.0",2,0,0.0000,2,0,0.0000,0.0000
"12738.0",1,0,0.0000,22,0,0.0000,0.0000
"12739.0",4,0,0.0000,89,0,0.0000,0.0000
"12740.0",1,0,0.0000,27,0,0.0000,0.0000
"12741.0",2,0,0.0000,16,0,0.0000,0.0000
"12743.0",2,0,0.0000,134,0,0.0000,0.0000
"12745.0",3,0,0.0000,23,0,0.0000,0.0000
"12750.0",1,0,0.0000,15,0,0.0000,0.0000
"12751.0",1,0,0.0000,62,0,0.0000,0.0000
"12752.0",1,0,0.0000,53,0,0.0000,0.0000
"12756.0",1,0,0.0000,4,0,0.0000,0.0000
"12759.0",8,0,0.0000,302,0,0.0000,0.0000
"12760.0",1,0,0.0000,21,0,0.0000,0.0000
"12761.0",2,0,0.0000,27,0,0.0000,0.0000
"12762.0",2,0,0.0000,69,0,0.0000,0.0000
"12763.0",2,0,0.0000,34,0,0.0000,0.0000
"12764.0",1,0,0.0000,45,0,0.0000,0.0000
"12765.0",6,0,0.0000,68,0,0.0000,0.0000
"12767.0",1,0,0.0000,43,0,0.0000,0.0000
"12768.0",2,1,0.5000,20,10,0.5000,0.0000
"12769.0",1,0,0.0000,32,0,0.0000,0.0000
"12772.0",1,0,0.0000,55,0,0.0000,0.0000
"12773.0",2,1,0.5000,12,6,0.5000,0.0000
"12774.0",1,0,0.0000,6,0,0.0000,0.0000
"12776.0",1,0,0.0000,4,0,0.0000,0.0000
"12777.0",1,0,0.0000,26,0,0.0000,0.0000
"12780.0",1,0,0.0000,20,0,0.0000,0.0000
"12784.0",3,0,0.0000,131,0,0.0000,0.0000
"12786.0",1,0,0.0000,18,0,0.0000,0.0000
"12788.0",4,0,0.0000,26,0,0.0000,0.0000
"12789.0",3,0,0.0000,8,0,0.0000,0.0000
"12793.0",3,0,0.0000,51,0,0.0000,0.0000
"12794.0",2,0,0.0000,45,0,0.0000,0.0000
"12795.0",1,0,0.0000,14,0,0.0000,0.0000
"12796.0",1,0,0.0000,7,0,0.0000,0.0000
"12798.0",4,0,0.0000,33,0,0.0000,0.0000
"12799.0",1,0,0.0000,15,0,0.0000,0.0000
"12800.0",3,0,0.0000,34,0,0.0000,0.0000
"12803.0",1,0,0.0000,55,0,0.0000,0.0000
"12804.0",2,0,0.0000,67,0,0.0000,0.0000
"12805.0",4,0,0.0000,58,0,0.0000,0.0000
"12806.0",4,0,0.0000,67,0,0.0000,0.0000
"12808.0",5,0,0.0000,54,0,0.0000,0.0000
"12810.0",2,0,0.0000,32,0,0.0000,0.0000
"12811.0",5,0,0.0000,56,0,0.0000,0.0000
"12812.0",1,0,0.0000,15,0,0.0000,0.0000
"12813.0",3,0,0.0000,45,0,0.0000,0.0000
"12814.0",1,0,0.0000,2,0,0.0000,0.0000
"12815.0",2,0,0.0000,47,0,0.0000,0.0000
"12816.0",2,0,0.0000,29,0,0.0000,0.0000
"12817.0",3,0,0.0000,25,0,0.0000,0.0000
"12819.0",1,0,0.0000,19,0,0.0000,0.0000
"12821.0",2,0,0.0000,13,0,0.0000,0.0000
"12823.0",18,0,0.0000,18,0,0.0000,0.0000
"12824.0",1,0,0.0000,25,0,0.0000,0.0000
"12825.0",2,0,0.0000,24,0,0.0000,0.0000
"12827.0",3,0,0.0000,25,0,0.0000,0.0000
"12828.0",6,0,0.0000,56,0,0.0000,0.0000
"12831.0",3,0,0.0000,22,0,0.0000,0.0000
"12832.0",2,0,0.0000,27,0,0.0000,0.0000
"12833.0",1,0,0.0000,24,0,0.0000,0.0000
"12834.0",1,0,0.0000,18,0,0.0000,0.0000
"12837.0",2,0,0.0000,92,0,0.0000,0.0000
"12842.0",4,0,0.0000,48,0,0.0000,0.0000
"12844.0",4,0,0.0000,103,0,0.0000,0.0000
"12845.0",4,0,0.0000,27,0,0.0000,0.0000
"12846.0",1,0,0.0000,1,0,0.0000,0.0000
"12847.0",2,0,0.0000,126,0,0.0000,0.0000
"12848.0",1,0,0.0000,16,0,0.0000,0.0000
"12849.0",6,0,0.0000,148,0,0.0000,0.0000
"12850.0",1,0,0.0000,2,0,0.0000,0.0000
"12851.0",2,0,0.0000,80,0,0.0000,0.0000
"12855.0",4,0,0.0000,70,0,0.0000,0.0000
"12859.0",1,0,0.0000,21,0,0.0000,0.0000
"12860.0",1,0,0.0000,17,0,0.0000,0.0000
"12861.0",1,0,0.0000,4,0,0.0000,0.0000
"12862.0",2,0,0.0000,133,0,0.0000,0.0000
"12864.0",2,0,0.0000,7,0,0.0000,0.0000
"12866.0",3,0,0.0000,63,0,0.0000,0.0000
"12868.0",8,0,0.0000,146,0,0.0000,0.0000
"12869.0",1,0,0.0000,37,0,0.0000,0.0000
"12871.0",3,0,0.0000,18,0,0.0000,0.0000
"12873.0",3,0,0.0000,35,0,0.0000,0.0000
"12875.0",5,0,0.0000,8,0,0.0000,0.0000
"12877.0",20,0,0.0000,277,0,0.0000,0.0000
"12880.0",2,0,0.0000,36,0,0.0000,0.0000
"12881.0",1,0,0.0000,7,0,0.0000,0.0000
"12882.0",2,0,0.0000,13,0,0.0000,0.0000
"12883.0",4,0,0.0000,42,0,0.0000,0.0000
"12884.0",1,0,0.0000,7,0,0.0000,0.0000
"12887.0",1,0,0.0000,13,0,0.0000,0.0000
"12890.0",2,0,0.0000,139,0,0.0000,0.0000
"12891.0",12,1,0.0833,12,1,0.0833,0.0000
"12892.0",1,0,0.0000,18,0,0.0000,0.0000
"12893.0",1,0,0.0000,34,0,0.0000,0.0000
"12894.0",1,0,0.0000,21,0,0.0000,0.0000
"12896.0",1,1,1.0000,1,1,1.0000,0.0000
"12897.0",4,0,0.0000,14,0,0.0000,0.0000
"12898.0",2,0,0.0000,32,0,0.0000,0.0000
"12899.0",1,0,0.0000,17,0,0.0000,0.0000
"12900.0",1,0,0.0000,13,0,0.0000,0.0000
"12902.0",1,0,0.0000,10,0,0.0000,0.0000
"12903.0",1,0,0.0000,41,0,0.0000,0.0000
"12904.0",2,0,0.0000,72,0,0.0000,0.0000
"12906.0",5,0,0.0000,63,0,0.0000,0.0000
"12908.0",7,2,0.2857,7,2,0.2857,0.0000
"12911.0",1,0,0.0000,248,0,0.0000,0.0000
"12912.0",5,0,0.0000,24,0,0.0000,0.0000
"12913.0",13,0,0.0000,96,0,0.0000,0.0000
"12914.0",1,0,0.0000,9,0,0.0000,0.0000
"12918.0",3,2,0.6667,3,2,0.6667,0.0000
"12920.0",4,0,0.0000,60,0,0.0000,0.0000
"12922.0",1,0,0.0000,28,0,0.0000,0.0000
"12923.0",3,0,0.0000,62,0,0.0000,0.0000
"12925.0",3,0,0.0000,50,0,0.0000,0.0000
"12926.0",4,0,0.0000,274,0,0.0000,0.0000
"12927.0",1,0,0.0000,11,0,0.0000,0.0000
"12928.0",12,0,0.0000,179,0,0.0000,0.0000
"12932.0",8,0,0.0000,95,0,0.0000,0.0000
"12934.0",1,0,0.0000,2,0,0.0000,0.0000
"12937.0",9,0,0.0000,217,0,0.0000,0.0000
"12938.0",1,0,0.0000,9,0,0.0000,0.0000
"12939.0",20,0,0.0000,86,0,0.0000,0.0000
"12941.0",1,0,0.0000,27,0,0.0000,0.0000
"12942.0",3,0,0.0000,91,0,0.0000,0.0000
"12944.0",2,0,0.0000,30,0,0.0000,0.0000
"12945.0",2,0,0.0000,51,0,0.0000,0.0000
"12946.0",1,0,0.0000,20,0,0.0000,0.0000
"12950.0",3,0,0.0000,23,0,0.0000,0.0000
"12953.0",2,0,0.0000,48,0,0.0000,0.0000
"12954.0",1,0,0.0000,10,0,0.0000,0.0000
"12956.0",4,0,0.0000,42,0,0.0000,0.0000
"12958.0",2,0,0.0000,57,0,0.0000,0.0000
"12960.0",4,0,0.0000,70,0,0.0000,0.0000
"12961.0",1,0,0.0000,40,0,0.0000,0.0000
"12962.0",2,0,0.0000,16,0,0.0000,0.0000
"12964.0",1,0,0.0000,26,0,0.0000,0.0000
"12965.0",1,0,0.0000,109,0,0.0000,0.0000
"12966.0",1,0,0.0000,10,0,0.0000,0.0000
"12968.0",1,0,0.0000,5,0,0.0000,0.0000
"12969.0",1,0,0.0000,5,0,0.0000,0.0000
"12970.0",10,0,0.0000,383,0,0.0000,0.0000
"12973.0",1,0,0.0000,6,0,0.0000,0.0000
"12974.0",2,0,0.0000,32,0,0.0000,0.0000
"12976.0",8,0,0.0000,154,0,0.0000,0.0000
"12977.0",4,0,0.0000,59,0,0.0000,0.0000
"12981.0",2,0,0.0000,20,0,0.0000,0.0000
"12983.0",1,0,0.0000,30,0,0.0000,0.0000
"12984.0",1,0,0.0000,4,0,0.0000,0.0000
"12988.0",1,0,0.0000,92,0,0.0000,0.0000
"12990.0",7,0,0.0000,27,0,0.0000,0.0000
"12991.0",3,0,0.0000,45,0,0.0000,0.0000
"12992.0",1,0,0.0000,6,0,0.0000,0.0000
"12996.0",1,0,0.0000,22,0,0.0000,0.0000
"12999.0",3,0,0.0000,28,0,0.0000,0.0000
"13002.0",3,0,0.0000,23,0,0.0000,0.0000
"13003.0",3,0,0.0000,6,0,0.0000,0.0000
"13006.0",1,0,0.0000,4,0,0.0000,0.0000
"13007.0",1,0,0.0000,11,0,0.0000,0.0000
"13009.0",1,0,0.0000,4,0,0.0000,0.0000
"13010.0",2,0,0.0000,12,0,0.0000,0.0000
"13011.0",1,0,0.0000,6,0,0.0000,0.0000
"13016.0",3,0,0.0000,47,0,0.0000,0.0000
"13017.0",1,0,0.0000,1,0,0.0000,0.0000
"13022.0",1,0,0.0000,5,0,0.0000,0.0000
"13023.0",3,0,0.0000,76,0,0.0000,0.0000
"13025.0",1,0,0.0000,13,0,0.0000,0.0000
"13029.0",5,0,0.0000,17,0,0.0000,0.0000
"13030.0",2,0,0.0000,159,0,0.0000,0.0000
"13031.0",5,0,0.0000,435,0,0.0000,0.0000
"13033.0",2,0,0.0000,13,0,0.0000,0.0000
"13034.0",3,0,0.0000,55,0,0.0000,0.0000
"13036.0",1,0,0.0000,6,0,0.0000,0.0000
"13038.0",3,0,0.0000,28,0,0.0000,0.0000
"13039.0",4,0,0.0000,55,0,0.0000,0.0000
"13040.0",2,0,0.0000,43,0,0.0000,0.0000
"13041.0",4,0,0.0000,35,0,0.0000,0.0000
"13045.0",3,0,0.0000,45,0,0.0000,0.0000
"13046.0",3,0,0.0000,56,0,0.0000,0.0000
"13051.0",2,0,0.0000,4,0,0.0000,0.0000
"13052.0",7,0,0.0000,253,0,0.0000,0.0000
"13053.0",1,0,0.0000,17,0,0.0000,0.0000
"13054.0",1,1,1.0000,1,1,1.0000,0.0000
"13056.0",1,0,0.0000,19,0,0.0000,0.0000
"13058.0",3,0,0.0000,8,0,0.0000,0.0000
"13060.0",1,0,0.0000,15,0,0.0000,0.0000
"13061.0",1,0,0.0000,10,0,0.0000,0.0000
"13062.0",1,0,0.0000,11,0,0.0000,0.0000
"13063.0",1,0,0.0000,12,0,0.0000,0.0000
"13064.0",6,0,0.0000,94,0,0.0000,0.0000
"13067.0",3,0,0.0000,32,0,0.0000,0.0000
"13068.0",2,0,0.0000,2,0,0.0000,0.0000
"13071.0",1,0,0.0000,12,0,0.0000,0.0000
"13072.0",1,0,0.0000,7,0,0.0000,0.0000
"13073.0",2,0,0.0000,27,0,0.0000,0.0000
"13075.0",1,0,0.0000,22,0,0.0000,0.0000
"13076.0",1,0,0.0000,9,0,0.0000,0.0000
"13079.0",6,0,0.0000,17,0,0.0000,0.0000
"13083.0",3,0,0.0000,22,0,0.0000,0.0000
"13084.0",2,1,0.5000,4,2,0.5000,0.0000
"13086.0",1,0,0.0000,47,0,0.0000,0.0000
"13087.0",1,0,0.0000,15,0,0.0000,0.0000
"13088.0",1,0,0.0000,20,0,0.0000,0.0000
"13095.0",1,0,0.0000,6,0,0.0000,0.0000
"13096.0",1,0,0.0000,1,0,0.0000,0.0000
"13099.0",1,0,0.0000,1,0,0.0000,0.0000
"13100.0",1,1,1.0000,1,1,1.0000,0.0000
"13101.0",4,0,0.0000,51,0,0.0000,0.0000
"13103.0",3,0,0.0000,33,0,0.0000,0.0000
"13104.0",9,0,0.0000,30,0,0.0000,0.0000
"13105.0",1,0,0.0000,1,0,0.0000,0.0000
"13108.0",2,0,0.0000,45,0,0.0000,0.0000
"13111.0",1,0,0.0000,12,0,0.0000,0.0000
"13114.0",1,0,0.0000,16,0,0.0000,0.0000
"13119.0",1,0,0.0000,11,0,0.0000,0.0000
"13120.0",1,0,0.0000,1,0,0.0000,0.0000
"13122.0",2,0,0.0000,55,0,0.0000,0.0000
"13123.0",2,0,0.0000,45,0,0.0000,0.0000
"13124.0",4,0,0.0000,298,0,0.0000,0.0000
"13125.0",1,0,0.0000,21,0,0.0000,0.0000
"13127.0",1,0,0.0000,15,0,0.0000,0.0000
"13128.0",1,0,0.0000,1,0,0.0000,0.0000
"13129.0",2,0,0.0000,11,0,0.0000,0.0000
"13130.0",1,0,0.0000,2,0,0.0000,0.0000
"13132.0",1,0,0.0000,3,0,0.0000,0.0000
"13133.0",3,0,0.0000,12,0,0.0000,0.0000
"13135.0",2,0,0.0000,18,0,0.0000,0.0000
"13140.0",5,0,0.0000,122,0,0.0000,0.0000
"13142.0",1,0,0.0000,23,0,0.0000,0.0000
"13144.0",2,0,0.0000,6,0,0.0000,0.0000
"13146.0",1,0,0.0000,17,0,0.0000,0.0000
"13147.0",4,0,0.0000,4,0,0.0000,0.0000
"13149.0",4,0,0.0000,86,0,0.0000,0.0000
"13153.0",1,0,0.0000,15,0,0.0000,0.0000
"13155.0",6,0,0.0000,164,0,0.0000,0.0000
"13156.0",3,0,0.0000,104,0,0.0000,0.0000
"13158.0",5,0,0.0000,100,0,0.0000,0.0000
"13160.0",1,0,0.0000,4,0,0.0000,0.0000
"13161.0",2,0,0.0000,34,0,0.0000,0.0000
"13163.0",2,1,0.5000,4,2,0.5000,0.0000
"13165.0",3,0,0.0000,49,0,0.0000,0.0000
"13167.0",5,0,0.0000,81,0,0.0000,0.0000
"13169.0",3,0,0.0000,18,0,0.0000,0.0000
"13170.0",1,0,0.0000,32,0,0.0000,0.0000
"13172.0",1,0,0.0000,1,0,0.0000,0.0000
"13174.0",12,0,0.0000,1132,0,0.0000,0.0000
"13176.0",1,0,0.0000,72,0,0.0000,0.0000
"13177.0",2,0,0.0000,30,0,0.0000,0.0000
"13179.0",1,0,0.0000,34,0,0.0000,0.0000
"13180.0",1,0,0.0000,4,0,0.0000,0.0000
"13181.0",1,0,0.0000,19,0,0.0000,0.0000
"13182.0",1,0,0.0000,11,0,0.0000,0.0000
"13185.0",1,0,0.0000,1,0,0.0000,0.0000
"13188.0",1,0,0.0000,2,0,0.0000,0.0000
"13189.0",2,0,0.0000,29,0,0.0000,0.0000
"13191.0",1,0,0.0000,59,0,0.0000,0.0000
"13193.0",1,0,0.0000,29,0,0.0000,0.0000
"13194.0",2,0,0.0000,10,0,0.0000,0.0000
"13195.0",1,0,0.0000,52,0,0.0000,0.0000
"13197.0",1,0,0.0000,19,0,0.0000,0.0000
"13200.0",4,0,0.0000,46,0,0.0000,0.0000
"13201.0",4,0,0.0000,88,0,0.0000,0.0000
"13204.0",1,0,0.0000,57,0,0.0000,0.0000
"13205.0",1,0,0.0000,1,0,0.0000,0.0000
"13207.0",4,0,0.0000,13,0,0.0000,0.0000
"13210.0",1,0,0.0000,22,0,0.0000,0.0000
"13214.0",7,0,0.0000,229,0,0.0000,0.0000
"13215.0",1,0,0.0000,1,0,0.0000,0.0000
"13216.0",1,0,0.0000,5,0,0.0000,0.0000
"13218.0",1,0,0.0000,5,0,0.0000,0.0000
"13219.0",1,0,0.0000,11,0,0.0000,0.0000
"13220.0",5,0,0.0000,53,0,0.0000,0.0000
"13221.0",2,0,0.0000,66,0,0.0000,0.0000
"13222.0",1,0,0.0000,1,0,0.0000,0.0000
"13223.0",6,0,0.0000,13,0,0.0000,0.0000
"13226.0",2,0,0.0000,28,0,0.0000,0.0000
"13227.0",1,0,0.0000,9,0,0.0000,0.0000
"13228.0",1,0,0.0000,2,0,0.0000,0.0000
"13229.0",1,0,0.0000,10,0,0.0000,0.0000
"13231.0",1,1,1.0000,1,1,1.0000,0.0000
"13232.0",7,0,0.0000,207,0,0.0000,0.0000
"13233.0",4,0,0.0000,76,0,0.0000,0.0000
"13234.0",2,0,0.0000,63,0,0.0000,0.0000
"13237.0",1,0,0.0000,24,0,0.0000,0.0000
"13241.0",1,0,0.0000,42,0,0.0000,0.0000
"13242.0",7,0,0.0000,35,0,0.0000,0.0000
"13243.0",5,0,0.0000,220,0,0.0000,0.0000
"13244.0",1,0,0.0000,27,0,0.0000,0.0000
"13245.0",2,0,0.0000,45,0,0.0000,0.0000
"13247.0",4,0,0.0000,25,0,0.0000,0.0000
"13248.0",2,0,0.0000,26,0,0.0000,0.0000
"13249.0",9,0,0.0000,35,0,0.0000,0.0000
"13251.0",1,0,0.0000,25,0,0.0000,0.0000
"13253.0",4,0,0.0000,75,0,0.0000,0.0000
"13254.0",1,0,0.0000,4,0,0.0000,0.0000
"13256.0",1,0,0.0000,1,0,0.0000,0.0000
"13258.0",5,0,0.0000,46,0,0.0000,0.0000
"13259.0",9,0,0.0000,324,0,0.0000,0.0000
"13260.0",1,0,0.0000,8,0,0.0000,0.0000
"13261.0",2,0,0.0000,9,0,0.0000,0.0000
"13262.0",3,0,0.0000,50,0,0.0000,0.0000
"13263.0",39,0,0.0000,1920,0,0.0000,0.0000
"13264.0",1,0,0.0000,38,0,0.0000,0.0000
"13265.0",5,0,0.0000,91,0,0.0000,0.0000
"13270.0",1,0,0.0000,2,0,0.0000,0.0000
"13272.0",2,0,0.0000,15,0,0.0000,0.0000
"13273.0",1,0,0.0000,16,0,0.0000,0.0000
"13274.0",1,0,0.0000,19,0,0.0000,0.0000
"13275.0",2,0,0.0000,50,0,0.0000,0.0000
"13277.0",7,0,0.0000,23,0,0.0000,0.0000
"13283.0",4,0,0.0000,20,0,0.0000,0.0000
"13285.0",6,0,0.0000,231,0,0.0000,0.0000
"13286.0",1,0,0.0000,49,0,0.0000,0.0000
"13288.0",6,1,0.1667,12,2,0.1667,0.0000
"13289.0",1,0,0.0000,16,0,0.0000,0.0000
"13290.0",3,2,0.6667,3,2,0.6667,0.0000
"13291.0",11,0,0.0000,328,0,0.0000,0.0000
"13294.0",3,0,0.0000,102,0,0.0000,0.0000
"13296.0",6,0,0.0000,53,0,0.0000,0.0000
"13298.0",1,0,0.0000,2,0,0.0000,0.0000
"13301.0",4,0,0.0000,81,0,0.0000,0.0000
"13302.0",2,0,0.0000,3,0,0.0000,0.0000
"13303.0",1,0,0.0000,4,0,0.0000,0.0000
"13305.0",16,0,0.0000,206,0,0.0000,0.0000
"13306.0",1,0,0.0000,4,0,0.0000,0.0000
"13307.0",3,0,0.0000,15,0,0.0000,0.0000
"13309.0",6,0,0.0000,130,0,0.0000,0.0000
"13311.0",2,0,0.0000,26,0,0.0000,0.0000
"13312.0",1,0,0.0000,5,0,0.0000,0.0000
"13315.0",1,0,0.0000,22,0,0.0000,0.0000
"13318.0",3,0,0.0000,20,0,0.0000,0.0000
"13321.0",2,0,0.0000,11,0,0.0000,0.0000
"13322.0",1,0,0.0000,25,0,0.0000,0.0000
"13323.0",5,0,0.0000,21,0,0.0000,0.0000
"13325.0",1,0,0.0000,12,0,0.0000,0.0000
"13326.0",1,0,0.0000,13,0,0.0000,0.0000
"13328.0",1,0,0.0000,17,0,0.0000,0.0000
"13330.0",6,0,0.0000,118,0,0.0000,0.0000
"13331.0",1,0,0.0000,12,0,0.0000,0.0000
"13332.0",1,0,0.0000,21,0,0.0000,0.0000
"13333.0",3,0,0.0000,55,0,0.0000,0.0000
"13335.0",1,1,1.0000,1,1,1.0000,0.0000
"13336.0",1,0,0.0000,51,0,0.0000,0.0000
"13339.0",1,0,0.0000,54,0,0.0000,0.0000
"13340.0",12,0,0.0000,215,0,0.0000,0.0000
"13341.0",1,0,0.0000,42,0,0.0000,0.0000
"13342.0",1,1,1.0000,2,2,1.0000,0.0000
"13344.0",3,0,0.0000,119,0,0.0000,0.0000
"13346.0",6,0,0.0000,6,0,0.0000,0.0000
"13347.0",1,0,0.0000,8,0,0.0000,0.0000
"13348.0",1,0,0.0000,14,0,0.0000,0.0000
"13349.0",1,0,0.0000,16,0,0.0000,0.0000
"13351.0",1,0,0.0000,16,0,0.0000,0.0000
"13353.0",1,1,1.0000,3,3,1.0000,0.0000
"13354.0",1,0,0.0000,51,0,0.0000,0.0000
"13355.0",1,0,0.0000,32,0,0.0000,0.0000
"13356.0",1,0,0.0000,42,0,0.0000,0.0000
"13357.0",5,0,0.0000,399,0,0.0000,0.0000
"13358.0",1,0,0.0000,29,0,0.0000,0.0000
"13361.0",2,0,0.0000,34,0,0.0000,0.0000
"13363.0",3,0,0.0000,102,0,0.0000,0.0000
"13364.0",2,1,0.5000,20,10,0.5000,0.0000
"13366.0",1,0,0.0000,1,0,0.0000,0.0000
"13367.0",1,0,0.0000,20,0,0.0000,0.0000
"13372.0",1,0,0.0000,23,0,0.0000,0.0000
"13373.0",6,0,0.0000,358,0,0.0000,0.0000
"13374.0",2,0,0.0000,17,0,0.0000,0.0000
"13376.0",3,0,0.0000,53,0,0.0000,0.0000
"13378.0",1,1,1.0000,1,1,1.0000,0.0000
"13379.0",3,0,0.0000,97,0,0.0000,0.0000
"13380.0",1,0,0.0000,3,0,0.0000,0.0000
"13382.0",5,0,0.0000,86,0,0.0000,0.0000
"13383.0",1,0,0.0000,1,0,0.0000,0.0000
"13385.0",1,0,0.0000,35,0,0.0000,0.0000
"13386.0",2,0,0.0000,31,0,0.0000,0.0000
"13387.0",1,0,0.0000,73,0,0.0000,0.0000
"13389.0",3,0,0.0000,51,0,0.0000,0.0000
"13390.0",1,0,0.0000,13,0,0.0000,0.0000
"13391.0",1,0,0.0000,1,0,0.0000,0.0000
"13392.0",1,0,0.0000,8,0,0.0000,0.0000
"13395.0",3,0,0.0000,81,0,0.0000,0.0000
"13398.0",2,0,0.0000,39,0,0.0000,0.0000
"13399.0",3,0,0.0000,15,0,0.0000,0.0000
"13401.0",1,1,1.0000,1,1,1.0000,0.0000
"13402.0",4,0,0.0000,96,0,0.0000,0.0000
"13403.0",3,0,0.0000,9,0,0.0000,0.0000
"13404.0",2,0,0.0000,11,0,0.0000,0.0000
"13409.0",1,1,1.0000,1,1,1.0000,0.0000
"13411.0",1,0,0.0000,18,0,0.0000,0.0000
"13412.0",1,0,0.0000,34,0,0.0000,0.0000
"13416.0",3,0,0.0000,26,0,0.0000,0.0000
"13419.0",1,0,0.0000,16,0,0.0000,0.0000
"13423.0",1,0,0.0000,12,0,0.0000,0.0000
"13427.0",6,0,0.0000,52,0,0.0000,0.0000
"13428.0",3,0,0.0000,144,0,0.0000,0.0000
"13429.0",4,0,0.0000,67,0,0.0000,0.0000
"13432.0",2,0,0.0000,111,0,0.0000,0.0000
"13434.0",5,0,0.0000,35,0,0.0000,0.0000
"13436.0",1,0,0.0000,12,0,0.0000,0.0000
"13437.0",7,0,0.0000,167,0,0.0000,0.0000
"13438.0",1,0,0.0000,1,0,0.0000,0.0000
"13439.0",3,0,0.0000,167,0,0.0000,0.0000
"13441.0",2,0,0.0000,38,0,0.0000,0.0000
"13442.0",3,0,0.0000,38,0,0.0000,0.0000
"13444.0",2,0,0.0000,58,0,0.0000,0.0000
"13445.0",1,0,0.0000,7,0,0.0000,0.0000
"13449.0",1,0,0.0000,19,0,0.0000,0.0000
"13452.0",3,0,0.0000,3,0,0.0000,0.0000
"13454.0",1,0,0.0000,23,0,0.0000,0.0000
"13459.0",2,0,0.0000,73,0,0.0000,0.0000
"13460.0",2,0,0.0000,17,0,0.0000,0.0000
"13463.0",1,1,1.0000,1,1,1.0000,0.0000
"13465.0",2,0,0.0000,34,0,0.0000,0.0000
"13467.0",2,0,0.0000,99,0,0.0000,0.0000
"13469.0",1,0,0.0000,6,0,0.0000,0.0000
"13470.0",2,0,0.0000,10,0,0.0000,0.0000
"13471.0",4,0,0.0000,260,0,0.0000,0.0000
"13472.0",2,0,0.0000,28,0,0.0000,0.0000
"13474.0",3,0,0.0000,130,0,0.0000,0.0000
"13475.0",4,0,0.0000,86,0,0.0000,0.0000
"13480.0",2,0,0.0000,41,0,0.0000,0.0000
"13482.0",2,0,0.0000,20,0,0.0000,0.0000
"13483.0",1,0,0.0000,10,0,0.0000,0.0000
"13486.0",3,0,0.0000,69,0,0.0000,0.0000
"13487.0",5,0,0.0000,49,0,0.0000,0.0000
"13489.0",4,0,0.0000,14,0,0.0000,0.0000
"13490.0",1,0,0.0000,8,0,0.0000,0.0000
"13491.0",27,0,0.0000,268,0,0.0000,0.0000
"13492.0",3,0,0.0000,50,0,0.0000,0.0000
"13493.0",2,0,0.0000,8,0,0.0000,0.0000
"13494.0",1,0,0.0000,18,0,0.0000,0.0000
"13498.0",1,0,0.0000,17,0,0.0000,0.0000
"13504.0",1,0,0.0000,22,0,0.0000,0.0000
"13507.0",4,0,0.0000,162,0,0.0000,0.0000
"13508.0",2,0,0.0000,28,0,0.0000,0.0000
"13509.0",8,0,0.0000,49,0,0.0000,0.0000
"13512.0",4,0,0.0000,39,0,0.0000,0.0000
"13514.0",4,0,0.0000,21,0,0.0000,0.0000
"13515.0",6,0,0.0000,76,0,0.0000,0.0000
"13516.0",4,0,0.0000,61,0,0.0000,0.0000
"13518.0",1,0,0.0000,38,0,0.0000,0.0000
"13521.0",3,0,0.0000,436,0,0.0000,0.0000
"13522.0",1,0,0.0000,5,0,0.0000,0.0000
"13524.0",5,0,0.0000,27,0,0.0000,0.0000
"13525.0",2,0,0.0000,6,0,0.0000,0.0000
"13528.0",1,1,1.0000,1,1,1.0000,0.0000
"13529.0",2,0,0.0000,15,0,0.0000,0.0000
"13530.0",1,0,0.0000,18,0,0.0000,0.0000
"13531.0",6,0,0.0000,90,0,0.0000,0.0000
"13532.0",1,0,0.0000,66,0,0.0000,0.0000
"13533.0",3,0,0.0000,76,0,0.0000,0.0000
"13535.0",1,0,0.0000,1,0,0.0000,0.0000
"13536.0",7,0,0.0000,179,0,0.0000,0.0000
"13537.0",2,0,0.0000,42,0,0.0000,0.0000
"13538.0",12,0,0.0000,144,0,0.0000,0.0000
"13540.0",3,0,0.0000,32,0,0.0000,0.0000
"13543.0",2,0,0.0000,47,0,0.0000,0.0000
"13546.0",5,0,0.0000,153,0,0.0000,0.0000
"13547.0",1,0,0.0000,47,0,0.0000,0.0000
"13548.0",3,0,0.0000,187,0,0.0000,0.0000
"13550.0",1,0,0.0000,44,0,0.0000,0.0000
"13551.0",2,0,0.0000,5,0,0.0000,0.0000
"13553.0",1,0,0.0000,94,0,0.0000,0.0000
"13556.0",2,0,0.0000,9,0,0.0000,0.0000
"13558.0",4,0,0.0000,175,0,0.0000,0.0000
"13559.0",2,0,0.0000,2,0,0.0000,0.0000
"13560.0",1,0,0.0000,33,0,0.0000,0.0000
"13561.0",11,0,0.0000,233,0,0.0000,0.0000
"13562.0",8,0,0.0000,196,0,0.0000,0.0000
"13563.0",2,0,0.0000,49,0,0.0000,0.0000
"13565.0",3,0,0.0000,60,0,0.0000,0.0000
"13566.0",5,0,0.0000,374,0,0.0000,0.0000
"13568.0",1,0,0.0000,44,0,0.0000,0.0000
"13569.0",4,0,0.0000,214,0,0.0000,0.0000
"13570.0",1,0,0.0000,27,0,0.0000,0.0000
"13571.0",26,0,0.0000,676,0,0.0000,0.0000
"13572.0",1,0,0.0000,33,0,0.0000,0.0000
"13573.0",6,0,0.0000,89,0,0.0000,0.0000
"13574.0",1,0,0.0000,103,0,0.0000,0.0000
"13575.0",5,0,0.0000,46,0,0.0000,0.0000
"13578.0",1,0,0.0000,9,0,0.0000,0.0000
"13580.0",1,0,0.0000,5,0,0.0000,0.0000
"13581.0",2,0,0.0000,33,0,0.0000,0.0000
"13582.0",2,0,0.0000,11,0,0.0000,0.0000
"13583.0",2,0,0.0000,96,0,0.0000,0.0000
"13586.0",1,0,0.0000,21,0,0.0000,0.0000
"13589.0",6,0,0.0000,52,0,0.0000,0.0000
"13592.0",4,0,0.0000,16,0,0.0000,0.0000
"13595.0",3,0,0.0000,152,0,0.0000,0.0000
"13596.0",2,0,0.0000,166,0,0.0000,0.0000
"13600.0",2,0,0.0000,41,0,0.0000,0.0000
"13601.0",4,0,0.0000,195,0,0.0000,0.0000
"13602.0",4,0,0.0000,58,0,0.0000,0.0000
"13603.0",1,0,0.0000,27,0,0.0000,0.0000
"13605.0",2,0,0.0000,53,0,0.0000,0.0000
"13606.0",3,0,0.0000,43,0,0.0000,0.0000
"13608.0",1,0,0.0000,36,0,0.0000,0.0000
"13609.0",1,0,0.0000,7,0,0.0000,0.0000
"13613.0",5,0,0.0000,59,0,0.0000,0.0000
"13614.0",6,0,0.0000,271,0,0.0000,0.0000
"13616.0",2,0,0.0000,37,0,0.0000,0.0000
"13618.0",1,0,0.0000,13,0,0.0000,0.0000
"13619.0",2,0,0.0000,49,0,0.0000,0.0000
"13620.0",1,0,0.0000,5,0,0.0000,0.0000
"13621.0",1,0,0.0000,19,0,0.0000,0.0000
"13625.0",1,0,0.0000,21,0,0.0000,0.0000
"13628.0",1,0,0.0000,16,0,0.0000,0.0000
"13629.0",19,0,0.0000,87,0,0.0000,0.0000
"13631.0",12,1,0.0833,12,1,0.0833,0.0000
"13633.0",1,1,1.0000,1,1,1.0000,0.0000
"13637.0",3,0,0.0000,101,0,0.0000,0.0000
"13638.0",1,0,0.0000,8,0,0.0000,0.0000
"13639.0",2,0,0.0000,59,0,0.0000,0.0000
"13640.0",1,0,0.0000,4,0,0.0000,0.0000
"13645.0",1,0,0.0000,5,0,0.0000,0.0000
"13649.0",6,0,0.0000,126,0,0.0000,0.0000
"13652.0",5,0,0.0000,159,0,0.0000,0.0000
"13653.0",1,0,0.0000,9,0,0.0000,0.0000
"13654.0",11,0,0.0000,329,0,0.0000,0.0000
"13657.0",2,0,0.0000,16,0,0.0000,0.0000
"13661.0",1,0,0.0000,17,0,0.0000,0.0000
"13664.0",1,1,1.0000,1,1,1.0000,0.0000
"13665.0",3,0,0.0000,106,0,0.0000,0.0000
"13666.0",5,0,0.0000,19,0,0.0000,0.0000
"13667.0",1,0,0.0000,87,0,0.0000,0.0000
"13669.0",3,0,0.0000,14,0,0.0000,0.0000
"13670.0",1,0,0.0000,25,0,0.0000,0.0000
"13671.0",1,0,0.0000,76,0,0.0000,0.0000
"13673.0",2,0,0.0000,65,0,0.0000,0.0000
"13675.0",2,0,0.0000,25,0,0.0000,0.0000
"13677.0",2,0,0.0000,107,0,0.0000,0.0000
"13678.0",1,0,0.0000,16,0,0.0000,0.0000
"13679.0",3,0,0.0000,50,0,0.0000,0.0000
"13681.0",4,0,0.0000,57,0,0.0000,0.0000
"13682.0",1,0,0.0000,3,0,0.0000,0.0000
"13683.0",1,0,0.0000,10,0,0.0000,0.0000
"13685.0",7,0,0.0000,39,0,0.0000,0.0000
"13686.0",3,0,0.0000,34,0,0.0000,0.0000
"13687.0",1,0,0.0000,45,0,0.0000,0.0000
"13688.0",1,0,0.0000,5,0,0.0000,0.0000
"13689.0",2,0,0.0000,9,0,0.0000,0.0000
"13690.0",1,0,0.0000,9,0,0.0000,0.0000
"13691.0",1,0,0.0000,54,0,0.0000,0.0000
"13695.0",16,0,0.0000,96,0,0.0000,0.0000
"13697.0",1,0,0.0000,12,0,0.0000,0.0000
"13698.0",2,0,0.0000,40,0,0.0000,0.0000
"13702.0",1,0,0.0000,5,0,0.0000,0.0000
"13705.0",7,0,0.0000,84,0,0.0000,0.0000
"13706.0",2,0,0.0000,38,0,0.0000,0.0000
"13707.0",5,0,0.0000,155,0,0.0000,0.0000
"13708.0",1,0,0.0000,51,0,0.0000,0.0000
"13710.0",3,0,0.0000,15,0,0.0000,0.0000
"13712.0",2,0,0.0000,33,0,0.0000,0.0000
"13713.0",3,0,0.0000,82,0,0.0000,0.0000
"13714.0",1,0,0.0000,30,0,0.0000,0.0000
"13716.0",1,0,0.0000,21,0,0.0000,0.0000
"13718.0",2,0,0.0000,12,0,0.0000,0.0000
"13719.0",11,0,0.0000,251,0,0.0000,0.0000
"13720.0",4,0,0.0000,43,0,0.0000,0.0000
"13721.0",2,0,0.0000,42,0,0.0000,0.0000
"13723.0",6,0,0.0000,59,0,0.0000,0.0000
"13724.0",1,0,0.0000,42,0,0.0000,0.0000
"13726.0",2,0,0.0000,42,0,0.0000,0.0000
"13728.0",16,0,0.0000,164,0,0.0000,0.0000
"13730.0",2,0,0.0000,43,0,0.0000,0.0000
"13731.0",2,0,0.0000,38,0,0.0000,0.0000
"13732.0",1,0,0.0000,33,0,0.0000,0.0000
"13737.0",1,0,0.0000,30,0,0.0000,0.0000
"13738.0",1,0,0.0000,92,0,0.0000,0.0000
"13739.0",2,0,0.0000,6,0,0.0000,0.0000
"13740.0",5,0,0.0000,95,0,0.0000,0.0000
"13744.0",2,0,0.0000,72,0,0.0000,0.0000
"13746.0",1,0,0.0000,9,0,0.0000,0.0000
"13747.0",2,0,0.0000,6,0,0.0000,0.0000
"13748.0",9,0,0.0000,59,0,0.0000,0.0000
"13749.0",1,1,1.0000,2,2,1.0000,0.0000
"13751.0",1,0,0.0000,9,0,0.0000,0.0000
"13752.0",7,0,0.0000,95,0,0.0000,0.0000
"13753.0",4,0,0.0000,80,0,0.0000,0.0000
"13754.0",3,0,0.0000,21,0,0.0000,0.0000
"13757.0",1,0,0.0000,8,0,0.0000,0.0000
"13759.0",2,0,0.0000,25,0,0.0000,0.0000
"13761.0",6,0,0.0000,122,0,0.0000,0.0000
"13762.0",6,1,0.1667,42,7,0.1667,0.0000
"13764.0",6,0,0.0000,376,0,0.0000,0.0000
"13765.0",1,0,0.0000,17,0,0.0000,0.0000
"13766.0",1,0,0.0000,17,0,0.0000,0.0000
"13770.0",4,0,0.0000,48,0,0.0000,0.0000
"13773.0",2,0,0.0000,19,0,0.0000,0.0000
"13774.0",1,0,0.0000,22,0,0.0000,0.0000
"13775.0",1,0,0.0000,63,0,0.0000,0.0000
"13776.0",8,6,0.7500,8,6,0.7500,0.0000
"13779.0",1,0,0.0000,27,0,0.0000,0.0000
"13780.0",3,0,0.0000,100,0,0.0000,0.0000
"13783.0",4,0,0.0000,10,0,0.0000,0.0000
"13785.0",4,0,0.0000,30,0,0.0000,0.0000
"13788.0",1,0,0.0000,1,0,0.0000,0.0000
"13789.0",1,0,0.0000,18,0,0.0000,0.0000
"13790.0",1,0,0.0000,45,0,0.0000,0.0000
"13792.0",3,0,0.0000,23,0,0.0000,0.0000
"13793.0",1,0,0.0000,7,0,0.0000,0.0000
"13794.0",1,0,0.0000,9,0,0.0000,0.0000
"13795.0",4,0,0.0000,29,0,0.0000,0.0000
"13796.0",1,0,0.0000,22,0,0.0000,0.0000
"13800.0",3,0,0.0000,73,0,0.0000,0.0000
"13801.0",1,0,0.0000,23,0,0.0000,0.0000
"13804.0",9,0,0.0000,169,0,0.0000,0.0000
"13805.0",2,0,0.0000,13,0,0.0000,0.0000
"13806.0",1,0,0.0000,10,0,0.0000,0.0000
"13808.0",5,0,0.0000,76,0,0.0000,0.0000
"13809.0",3,0,0.0000,25,0,0.0000,0.0000
"13812.0",3,0,0.0000,36,0,0.0000,0.0000
"13817.0",2,0,0.0000,24,0,0.0000,0.0000
"13818.0",1,0,0.0000,5,0,0.0000,0.0000
"13822.0",2,0,0.0000,96,0,0.0000,0.0000
"13825.0",2,0,0.0000,40,0,0.0000,0.0000
"13827.0",3,0,0.0000,93,0,0.0000,0.0000
"13828.0",1,0,0.0000,15,0,0.0000,0.0000
"13829.0",2,1,0.5000,2,1,0.5000,0.0000
"13833.0",2,0,0.0000,45,0,0.0000,0.0000
"13837.0",2,0,0.0000,19,0,0.0000,0.0000
"13838.0",10,0,0.0000,472,0,0.0000,0.0000
"13839.0",1,0,0.0000,7,0,0.0000,0.0000
"13840.0",1,0,0.0000,40,0,0.0000,0.0000
"13841.0",1,0,0.0000,1,0,0.0000,0.0000
"13843.0",1,0,0.0000,18,0,0.0000,0.0000
"13844.0",1,0,0.0000,20,0,0.0000,0.0000
"13845.0",1,0,0.0000,9,0,0.0000,0.0000
"13847.0",1,0,0.0000,19,0,0.0000,0.0000
"13848.0",8,0,0.0000,11,0,0.0000,0.0000
"13858.0",1,0,0.0000,11,0,0.0000,0.0000
"13859.0",2,0,0.0000,36,0,0.0000,0.0000
"13864.0",1,0,0.0000,1,0,0.0000,0.0000
"13865.0",4,0,0.0000,30,0,0.0000,0.0000
"13866.0",1,0,0.0000,7,0,0.0000,0.0000
"13867.0",3,0,0.0000,61,0,0.0000,0.0000
"13868.0",2,0,0.0000,33,0,0.0000,0.0000
"13869.0",10,0,0.0000,860,0,0.0000,0.0000
"13875.0",14,0,0.0000,270,0,0.0000,0.0000
"13876.0",1,0,0.0000,7,0,0.0000,0.0000
"13878.0",4,0,0.0000,107,0,0.0000,0.0000
"13879.0",1,0,0.0000,25,0,0.0000,0.0000
"13880.0",17,0,0.0000,229,0,0.0000,0.0000
"13885.0",2,0,0.0000,28,0,0.0000,0.0000
"13886.0",1,0,0.0000,16,0,0.0000,0.0000
"13887.0",1,0,0.0000,19,0,0.0000,0.0000
"13888.0",7,0,0.0000,184,0,0.0000,0.0000
"13891.0",3,0,0.0000,100,0,0.0000,0.0000
"13892.0",6,0,0.0000,36,0,0.0000,0.0000
"13893.0",1,0,0.0000,21,0,0.0000,0.0000
"13896.0",1,0,0.0000,21,0,0.0000,0.0000
"13897.0",3,0,0.0000,59,0,0.0000,0.0000
"13898.0",2,0,0.0000,46,0,0.0000,0.0000
"13899.0",2,0,0.0000,19,0,0.0000,0.0000
"13903.0",1,0,0.0000,10,0,0.0000,0.0000
"13904.0",2,0,0.0000,26,0,0.0000,0.0000
"13906.0",1,0,0.0000,1,0,0.0000,0.0000
"13907.0",1,0,0.0000,4,0,0.0000,0.0000
"13909.0",2,0,0.0000,39,0,0.0000,0.0000
"13910.0",1,1,1.0000,1,1,1.0000,0.0000
"13912.0",1,0,0.0000,7,0,0.0000,0.0000
"13913.0",1,0,0.0000,3,0,0.0000,0.0000
"13915.0",2,1,0.5000,4,2,0.5000,0.0000
"13917.0",2,0,0.0000,18,0,0.0000,0.0000
"13918.0",2,0,0.0000,30,0,0.0000,0.0000
"13923.0",1,0,0.0000,20,0,0.0000,0.0000
"13926.0",1,0,0.0000,11,0,0.0000,0.0000
"13928.0",4,0,0.0000,27,0,0.0000,0.0000
"13930.0",2,0,0.0000,17,0,0.0000,0.0000
"13932.0",1,0,0.0000,16,0,0.0000,0.0000
"13933.0",2,0,0.0000,23,0,0.0000,0.0000
"13934.0",1,0,0.0000,31,0,0.0000,0.0000
"13935.0",3,0,0.0000,80,0,0.0000,0.0000
"13938.0",1,0,0.0000,7,0,0.0000,0.0000
"13940.0",4,0,0.0000,49,0,0.0000,0.0000
"13942.0",1,0,0.0000,1,0,0.0000,0.0000
"13943.0",1,0,0.0000,15,0,0.0000,0.0000
"13944.0",1,0,0.0000,35,0,0.0000,0.0000
"13945.0",2,0,0.0000,51,0,0.0000,0.0000
"13947.0",1,0,0.0000,5,0,0.0000,0.0000
"13949.0",6,0,0.0000,160,0,0.0000,0.0000
"13951.0",3,0,0.0000,39,0,0.0000,0.0000
"13953.0",12,0,0.0000,25,0,0.0000,0.0000
"13955.0",3,0,0.0000,87,0,0.0000,0.0000
"13956.0",5,0,0.0000,152,0,0.0000,0.0000
"13957.0",3,0,0.0000,27,0,0.0000,0.0000
"13959.0",6,0,0.0000,163,0,0.0000,0.0000
"13960.0",2,0,0.0000,12,0,0.0000,0.0000
"13962.0",3,0,0.0000,23,0,0.0000,0.0000
"13966.0",1,0,0.0000,22,0,0.0000,0.0000
"13967.0",2,0,0.0000,6,0,0.0000,0.0000
"13968.0",1,0,0.0000,8,0,0.0000,0.0000
"13970.0",2,0,0.0000,13,0,0.0000,0.0000
"13972.0",2,0,0.0000,15,0,0.0000,0.0000
"13973.0",1,0,0.0000,11,0,0.0000,0.0000
"13976.0",4,0,0.0000,56,0,0.0000,0.0000
"13977.0",1,0,0.0000,13,0,0.0000,0.0000
"13978.0",2,0,0.0000,15,0,0.0000,0.0000
"13986.0",1,0,0.0000,13,0,0.0000,0.0000
"13987.0",2,0,0.0000,46,0,0.0000,0.0000
"13989.0",5,0,0.0000,86,0,0.0000,0.0000
"13990.0",1,0,0.0000,16,0,0.0000,0.0000
"13992.0",3,0,0.0000,11,0,0.0000,0.0000
"13994.0",6,0,0.0000,155,0,0.0000,0.0000
"13996.0",2,0,0.0000,33,0,0.0000,0.0000
"13997.0",3,0,0.0000,46,0,0.0000,0.0000
"13998.0",3,0,0.0000,31,0,0.0000,0.0000
"14002.0",2,0,0.0000,47,0,0.0000,0.0000
"14003.0",1,0,0.0000,16,0,0.0000,0.0000
"14004.0",11,0,0.0000,241,0,0.0000,0.0000
"14005.0",5,0,0.0000,84,0,0.0000,0.0000
"14006.0",7,0,0.0000,77,0,0.0000,0.0000
"14007.0",1,0,0.0000,5,0,0.0000,0.0000
"14012.0",1,0,0.0000,11,0,0.0000,0.0000
"14014.0",3,0,0.0000,76,0,0.0000,0.0000
"14015.0",1,0,0.0000,20,0,0.0000,0.0000
"14017.0",1,0,0.0000,14,0,0.0000,0.0000
"14018.0",1,0,0.0000,13,0,0.0000,0.0000
"14021.0",7,0,0.0000,90,0,0.0000,0.0000
"14022.0",2,0,0.0000,47,0,0.0000,0.0000
"14023.0",2,0,0.0000,31,0,0.0000,0.0000
"14024.0",3,0,0.0000,34,0,0.0000,0.0000
"14026.0",2,0,0.0000,50,0,0.0000,0.0000
"14027.0",1,0,0.0000,6,0,0.0000,0.0000
"14029.0",2,0,0.0000,15,0,0.0000,0.0000
"14033.0",1,0,0.0000,1,0,0.0000,0.0000
"14036.0",1,0,0.0000,38,0,0.0000,0.0000
"14039.0",2,0,0.0000,10,0,0.0000,0.0000
"14041.0",1,0,0.0000,21,0,0.0000,0.0000
"14042.0",1,0,0.0000,21,0,0.0000,0.0000
"14046.0",1,0,0.0000,14,0,0.0000,0.0000
"14050.0",2,0,0.0000,54,0,0.0000,0.0000
"14052.0",2,0,0.0000,125,0,0.0000,0.0000
"14053.0",4,0,0.0000,9,0,0.0000,0.0000
"14054.0",1,0,0.0000,6,0,0.0000,0.0000
"14055.0",3,0,0.0000,33,0,0.0000,0.0000
"14058.0",2,0,0.0000,24,0,0.0000,0.0000
"14059.0",1,0,0.0000,8,0,0.0000,0.0000
"14061.0",3,0,0.0000,19,0,0.0000,0.0000
"14066.0",1,0,0.0000,7,0,0.0000,0.0000
"14067.0",2,0,0.0000,52,0,0.0000,0.0000
"14069.0",2,0,0.0000,42,0,0.0000,0.0000
"14070.0",1,0,0.0000,42,0,0.0000,0.0000
"14072.0",1,0,0.0000,19,0,0.0000,0.0000
"14074.0",1,0,0.0000,6,0,0.0000,0.0000
"14075.0",6,0,0.0000,81,0,0.0000,0.0000
"14076.0",1,0,0.0000,46,0,0.0000,0.0000
"14077.0",6,0,0.0000,56,0,0.0000,0.0000
"14078.0",9,0,0.0000,163,0,0.0000,0.0000
"14079.0",2,0,0.0000,13,0,0.0000,0.0000
"14082.0",2,0,0.0000,65,0,0.0000,0.0000
"14083.0",11,0,0.0000,255,0,0.0000,0.0000
"14084.0",1,0,0.0000,7,0,0.0000,0.0000
"14086.0",1,0,0.0000,1,0,0.0000,0.0000
"14089.0",1,0,0.0000,14,0,0.0000,0.0000
"14090.0",1,0,0.0000,1,0,0.0000,0.0000
"14091.0",2,0,0.0000,13,0,0.0000,0.0000
"14093.0",1,0,0.0000,105,0,0.0000,0.0000
"14095.0",1,0,0.0000,1,0,0.0000,0.0000
"14097.0",2,0,0.0000,40,0,0.0000,0.0000
"14098.0",1,0,0.0000,21,0,0.0000,0.0000
"14100.0",1,0,0.0000,26,0,0.0000,0.0000
"14103.0",1,0,0.0000,1,0,0.0000,0.0000
"14104.0",5,0,0.0000,143,0,0.0000,0.0000
"14106.0",1,0,0.0000,1,0,0.0000,0.0000
"14114.0",7,0,0.0000,74,0,0.0000,0.0000
"14115.0",2,0,0.0000,22,0,0.0000,0.0000
"14116.0",5,0,0.0000,72,0,0.0000,0.0000
"14117.0",1,0,0.0000,3,0,0.0000,0.0000
"14118.0",1,0,0.0000,15,0,0.0000,0.0000
"14120.0",1,1,1.0000,1,1,1.0000,0.0000
"14123.0",1,0,0.0000,24,0,0.0000,0.0000
"14124.0",1,0,0.0000,5,0,0.0000,0.0000
"14125.0",3,0,0.0000,167,0,0.0000,0.0000
"14127.0",6,0,0.0000,117,0,0.0000,0.0000
"14129.0",9,0,0.0000,109,0,0.0000,0.0000
"14130.0",4,0,0.0000,224,0,0.0000,0.0000
"14131.0",1,0,0.0000,52,0,0.0000,0.0000
"14134.0",15,0,0.0000,180,0,0.0000,0.0000
"14138.0",2,0,0.0000,47,0,0.0000,0.0000
"14139.0",4,0,0.0000,69,0,0.0000,0.0000
"14143.0",1,0,0.0000,7,0,0.0000,0.0000
"14144.0",1,0,0.0000,1,0,0.0000,0.0000
"14148.0",2,0,0.0000,17,0,0.0000,0.0000
"14150.0",2,0,0.0000,26,0,0.0000,0.0000
"14153.0",1,0,0.0000,17,0,0.0000,0.0000
"14155.0",1,0,0.0000,6,0,0.0000,0.0000
"14158.0",1,0,0.0000,41,0,0.0000,0.0000
"14160.0",7,0,0.0000,107,0,0.0000,0.0000
"14161.0",7,0,0.0000,310,0,0.0000,0.0000
"14162.0",2,0,0.0000,25,0,0.0000,0.0000
"14163.0",5,0,0.0000,58,0,0.0000,0.0000
"14164.0",2,0,0.0000,29,0,0.0000,0.0000
"14165.0",1,0,0.0000,25,0,0.0000,0.0000
"14166.0",2,0,0.0000,53,0,0.0000,0.0000
"14167.0",8,0,0.0000,121,0,0.0000,0.0000
"14169.0",2,0,0.0000,67,0,0.0000,0.0000
"14170.0",3,0,0.0000,165,0,0.0000,0.0000
"14171.0",2,0,0.0000,64,0,0.0000,0.0000
"14174.0",1,0,0.0000,26,0,0.0000,0.0000
"14178.0",7,0,0.0000,327,0,0.0000,0.0000
"14179.0",2,0,0.0000,165,0,0.0000,0.0000
"14181.0",2,0,0.0000,54,0,0.0000,0.0000
"14183.0",2,0,0.0000,35,0,0.0000,0.0000
"14184.0",1,0,0.0000,24,0,0.0000,0.0000
"14185.0",1,0,0.0000,3,0,0.0000,0.0000
"14186.0",5,0,0.0000,104,0,0.0000,0.0000
"14187.0",1,0,0.0000,8,0,0.0000,0.0000
"14190.0",1,0,0.0000,1,0,0.0000,0.0000
"14192.0",1,0,0.0000,14,0,0.0000,0.0000
"14193.0",3,0,0.0000,64,0,0.0000,0.0000
"14196.0",1,0,0.0000,6,0,0.0000,0.0000
"14197.0",1,0,0.0000,20,0,0.0000,0.0000
"14200.0",1,0,0.0000,21,0,0.0000,0.0000
"14202.0",3,0,0.0000,29,0,0.0000,0.0000
"14203.0",1,0,0.0000,16,0,0.0000,0.0000
"14204.0",4,0,0.0000,232,0,0.0000,0.0000
"14207.0",1,0,0.0000,2,0,0.0000,0.0000
"14208.0",2,0,0.0000,35,0,0.0000,0.0000
"14212.0",2,0,0.0000,21,0,0.0000,0.0000
"14218.0",1,0,0.0000,12,0,0.0000,0.0000
"14219.0",3,0,0.0000,43,0,0.0000,0.0000
"14220.0",4,0,0.0000,38,0,0.0000,0.0000
"14222.0",1,0,0.0000,41,0,0.0000,0.0000
"14224.0",9,0,0.0000,238,0,0.0000,0.0000
"14228.0",3,0,0.0000,38,0,0.0000,0.0000
"14230.0",3,0,0.0000,33,0,0.0000,0.0000
"14234.0",4,0,0.0000,159,0,0.0000,0.0000
"14238.0",3,0,0.0000,13,0,0.0000,0.0000
"14240.0",3,0,0.0000,61,0,0.0000,0.0000
"14241.0",2,0,0.0000,12,0,0.0000,0.0000
"14242.0",2,0,0.0000,16,0,0.0000,0.0000
"14246.0",3,0,0.0000,75,0,0.0000,0.0000
"14248.0",3,0,0.0000,47,0,0.0000,0.0000
"14249.0",12,0,0.0000,291,0,0.0000,0.0000
"14250.0",3,0,0.0000,111,0,0.0000,0.0000
"14251.0",5,0,0.0000,78,0,0.0000,0.0000
"14252.0",1,0,0.0000,10,0,0.0000,0.0000
"14253.0",2,0,0.0000,12,0,0.0000,0.0000
"14254.0",1,0,0.0000,23,0,0.0000,0.0000
"14255.0",4,3,0.7500,4,3,0.7500,0.0000
"14259.0",1,0,0.0000,5,0,0.0000,0.0000
"14260.0",3,0,0.0000,51,0,0.0000,0.0000
"14261.0",2,0,0.0000,52,0,0.0000,0.0000
"14262.0",8,0,0.0000,143,0,0.0000,0.0000
"14263.0",1,0,0.0000,16,0,0.0000,0.0000
"14265.0",4,0,0.0000,79,0,0.0000,0.0000
"14266.0",1,0,0.0000,1,0,0.0000,0.0000
"14268.0",1,0,0.0000,19,0,0.0000,0.0000
"14270.0",1,0,0.0000,29,0,0.0000,0.0000
"14271.0",2,0,0.0000,39,0,0.0000,0.0000
"14272.0",4,0,0.0000,64,0,0.0000,0.0000
"14273.0",4,0,0.0000,29,0,0.0000,0.0000
"14274.0",1,0,0.0000,15,0,0.0000,0.0000
"14275.0",6,0,0.0000,23,0,0.0000,0.0000
"14278.0",1,0,0.0000,13,0,0.0000,0.0000
"14279.0",2,0,0.0000,3,0,0.0000,0.0000
"14280.0",1,0,0.0000,8,0,0.0000,0.0000
"14281.0",1,0,0.0000,7,0,0.0000,0.0000
"14283.0",4,0,0.0000,41,0,0.0000,0.0000
"14289.0",6,0,0.0000,47,0,0.0000,0.0000
"14294.0",1,0,0.0000,23,0,0.0000,0.0000
"14300.0",1,0,0.0000,3,0,0.0000,0.0000
"14302.0",3,0,0.0000,28,0,0.0000,0.0000
"14303.0",2,0,0.0000,22,0,0.0000,0.0000
"14308.0",5,3,0.6000,5,3,0.6000,0.0000
"14310.0",1,0,0.0000,22,0,0.0000,0.0000
"14312.0",11,0,0.0000,180,0,0.0000,0.0000
"14313.0",1,1,1.0000,1,1,1.0000,0.0000
"14317.0",1,0,0.0000,24,0,0.0000,0.0000
"14318.0",1,0,0.0000,9,0,0.0000,0.0000
"14324.0",2,0,0.0000,41,0,0.0000,0.0000
"14325.0",1,0,0.0000,18,0,0.0000,0.0000
"14327.0",6,0,0.0000,106,0,0.0000,0.0000
"14328.0",3,2,0.6667,3,2,0.6667,0.0000
"14330.0",1,0,0.0000,13,0,0.0000,0.0000
"14331.0",2,0,0.0000,28,0,0.0000,0.0000
"14332.0",5,0,0.0000,63,0,0.0000,0.0000
"14335.0",2,0,0.0000,63,0,0.0000,0.0000
"14336.0",4,0,0.0000,90,0,0.0000,0.0000
"14337.0",1,1,1.0000,36,36,1.0000,0.0000
"14340.0",1,0,0.0000,6,0,0.0000,0.0000
"14343.0",4,0,0.0000,238,0,0.0000,0.0000
"14344.0",20,0,0.0000,243,0,0.0000,0.0000
"14345.0",1,0,0.0000,6,0,0.0000,0.0000
"14346.0",5,0,0.0000,146,0,0.0000,0.0000
"14347.0",1,0,0.0000,6,0,0.0000,0.0000
"14348.0",1,0,0.0000,18,0,0.0000,0.0000
"14349.0",1,0,0.0000,31,0,0.0000,0.0000
"14351.0",1,0,0.0000,1,0,0.0000,0.0000
"14352.0",4,0,0.0000,47,0,0.0000,0.0000
"14353.0",3,0,0.0000,25,0,0.0000,0.0000
"14354.0",2,0,0.0000,9,0,0.0000,0.0000
"14355.0",3,0,0.0000,71,0,0.0000,0.0000
"14357.0",1,0,0.0000,41,0,0.0000,0.0000
"14360.0",4,0,0.0000,118,0,0.0000,0.0000
"14361.0",1,0,0.0000,14,0,0.0000,0.0000
"14362.0",1,0,0.0000,41,0,0.0000,0.0000
"14363.0",2,0,0.0000,8,0,0.0000,0.0000
"14364.0",8,0,0.0000,69,0,0.0000,0.0000
"14365.0",2,0,0.0000,51,0,0.0000,0.0000
"14366.0",1,0,0.0000,1,0,0.0000,0.0000
"14368.0",1,0,0.0000,8,0,0.0000,0.0000
"14369.0",2,0,0.0000,26,0,0.0000,0.0000
"14371.0",1,0,0.0000,4,0,0.0000,0.0000
"14373.0",1,0,0.0000,4,0,0.0000,0.0000
"14374.0",1,0,0.0000,7,0,0.0000,0.0000
"14375.0",3,0,0.0000,216,0,0.0000,0.0000
"14376.0",1,0,0.0000,18,0,0.0000,0.0000
"14377.0",2,0,0.0000,11,0,0.0000,0.0000
"14378.0",1,0,0.0000,9,0,0.0000,0.0000
"14379.0",4,0,0.0000,129,0,0.0000,0.0000
"14380.0",2,1,0.5000,2,1,0.5000,0.0000
"14381.0",2,0,0.0000,114,0,0.0000,0.0000
"14383.0",3,0,0.0000,59,0,0.0000,0.0000
"14384.0",1,0,0.0000,3,0,0.0000,0.0000
"14385.0",3,0,0.0000,14,0,0.0000,0.0000
"14386.0",1,0,0.0000,7,0,0.0000,0.0000
"14387.0",3,0,0.0000,140,0,0.0000,0.0000
"14391.0",1,0,0.0000,14,0,0.0000,0.0000
"14392.0",1,0,0.0000,14,0,0.0000,0.0000
"14393.0",1,0,0.0000,5,0,0.0000,0.0000
"14394.0",1,0,0.0000,6,0,0.0000,0.0000
"14396.0",7,0,0.0000,291,0,0.0000,0.0000
"14398.0",2,0,0.0000,53,0,0.0000,0.0000
"14402.0",1,0,0.0000,8,0,0.0000,0.0000
"14405.0",1,0,0.0000,2,0,0.0000,0.0000
"14406.0",1,0,0.0000,8,0,0.0000,0.0000
"14408.0",11,0,0.0000,129,0,0.0000,0.0000
"14411.0",1,0,0.0000,14,0,0.0000,0.0000
"14413.0",4,0,0.0000,99,0,0.0000,0.0000
"14416.0",2,0,0.0000,14,0,0.0000,0.0000
"14417.0",1,0,0.0000,137,0,0.0000,0.0000
"14418.0",3,0,0.0000,124,0,0.0000,0.0000
"14419.0",7,0,0.0000,229,0,0.0000,0.0000
"14424.0",1,0,0.0000,1,0,0.0000,0.0000
"14427.0",4,0,0.0000,44,0,0.0000,0.0000
"14429.0",1,0,0.0000,22,0,0.0000,0.0000
"14432.0",6,0,0.0000,382,0,0.0000,0.0000
"14433.0",1,0,0.0000,77,0,0.0000,0.0000
"14434.0",6,0,0.0000,12,0,0.0000,0.0000
"14435.0",1,0,0.0000,3,0,0.0000,0.0000
"14436.0",2,0,0.0000,11,0,0.0000,0.0000
"14438.0",1,0,0.0000,9,0,0.0000,0.0000
"14439.0",5,0,0.0000,129,0,0.0000,0.0000
"14444.0",1,0,0.0000,13,0,0.0000,0.0000
"14445.0",1,0,0.0000,32,0,0.0000,0.0000
"14446.0",5,0,0.0000,339,0,0.0000,0.0000
"14447.0",6,0,0.0000,106,0,0.0000,0.0000
"14448.0",2,0,0.0000,20,0,0.0000,0.0000
"14449.0",8,0,0.0000,546,0,0.0000,0.0000
"14450.0",7,0,0.0000,76,0,0.0000,0.0000
"14452.0",4,0,0.0000,132,0,0.0000,0.0000
"14453.0",1,0,0.0000,22,0,0.0000,0.0000
"14457.0",1,0,0.0000,4,0,0.0000,0.0000
"14458.0",1,0,0.0000,49,0,0.0000,0.0000
"14463.0",4,0,0.0000,8,0,0.0000,0.0000
"14464.0",2,0,0.0000,4,0,0.0000,0.0000
"14465.0",11,0,0.0000,200,0,0.0000,0.0000
"14466.0",13,0,0.0000,216,0,0.0000,0.0000
"14467.0",12,0,0.0000,308,0,0.0000,0.0000
"14468.0",1,0,0.0000,12,0,0.0000,0.0000
"14469.0",4,0,0.0000,147,0,0.0000,0.0000
"14470.0",3,0,0.0000,60,0,0.0000,0.0000
"14471.0",2,0,0.0000,41,0,0.0000,0.0000
"14472.0",9,0,0.0000,333,0,0.0000,0.0000
"14473.0",2,0,0.0000,7,0,0.0000,0.0000
"14476.0",1,0,0.0000,19,0,0.0000,0.0000
"14478.0",4,0,0.0000,68,0,0.0000,0.0000
"14479.0",4,0,0.0000,149,0,0.0000,0.0000
"14484.0",4,0,0.0000,53,0,0.0000,0.0000
"14485.0",1,0,0.0000,47,0,0.0000,0.0000
"14486.0",2,0,0.0000,6,0,0.0000,0.0000
"14489.0",4,0,0.0000,100,0,0.0000,0.0000
"14490.0",2,0,0.0000,80,0,0.0000,0.0000
"14491.0",2,0,0.0000,21,0,0.0000,0.0000
"14494.0",3,0,0.0000,17,0,0.0000,0.0000
"14498.0",10,0,0.0000,371,0,0.0000,0.0000
"14500.0",3,0,0.0000,7,0,0.0000,0.0000
"14503.0",6,0,0.0000,164,0,0.0000,0.0000
"14504.0",4,0,0.0000,107,0,0.0000,0.0000
"14506.0",7,0,0.0000,472,0,0.0000,0.0000
"14509.0",1,0,0.0000,25,0,0.0000,0.0000
"14512.0",7,0,0.0000,80,0,0.0000,0.0000
"14516.0",1,0,0.0000,37,0,0.0000,0.0000
"14517.0",2,0,0.0000,18,0,0.0000,0.0000
"14518.0",1,0,0.0000,16,0,0.0000,0.0000
"14519.0",2,0,0.0000,39,0,0.0000,0.0000
"14520.0",2,0,0.0000,4,0,0.0000,0.0000
"14522.0",8,0,0.0000,46,0,0.0000,0.0000
"14523.0",1,0,0.0000,12,0,0.0000,0.0000
"14524.0",13,0,0.0000,328,0,0.0000,0.0000
"14526.0",1,0,0.0000,42,0,0.0000,0.0000
"14528.0",1,0,0.0000,18,0,0.0000,0.0000
"14529.0",3,0,0.0000,229,0,0.0000,0.0000
"14531.0",1,0,0.0000,29,0,0.0000,0.0000
"14536.0",1,0,0.0000,19,0,0.0000,0.0000
"14538.0",5,0,0.0000,52,0,0.0000,0.0000
"14539.0",2,0,0.0000,32,0,0.0000,0.0000
"14541.0",14,0,0.0000,181,0,0.0000,0.0000
"14542.0",1,0,0.0000,5,0,0.0000,0.0000
"14544.0",3,0,0.0000,192,0,0.0000,0.0000
"14545.0",1,0,0.0000,23,0,0.0000,0.0000
"14548.0",9,0,0.0000,113,0,0.0000,0.0000
"14549.0",4,0,0.0000,144,0,0.0000,0.0000
"14550.0",4,0,0.0000,98,0,0.0000,0.0000
"14552.0",3,0,0.0000,157,0,0.0000,0.0000
"14554.0",4,0,0.0000,216,0,0.0000,0.0000
"14556.0",3,0,0.0000,203,0,0.0000,0.0000
"14557.0",2,1,0.5000,32,16,0.5000,0.0000
"14559.0",1,0,0.0000,2,0,0.0000,0.0000
"14561.0",3,0,0.0000,69,0,0.0000,0.0000
"14563.0",2,0,0.0000,115,0,0.0000,0.0000
"14566.0",4,0,0.0000,16,0,0.0000,0.0000
"14569.0",4,0,0.0000,35,0,0.0000,0.0000
"14570.0",3,0,0.0000,68,0,0.0000,0.0000
"14571.0",1,0,0.0000,31,0,0.0000,0.0000
"14574.0",1,0,0.0000,11,0,0.0000,0.0000
"14575.0",1,0,0.0000,74,0,0.0000,0.0000
"14576.0",1,0,0.0000,2,0,0.0000,0.0000
"14577.0",7,0,0.0000,185,0,0.0000,0.0000
"14578.0",1,0,0.0000,24,0,0.0000,0.0000
"14579.0",1,0,0.0000,25,0,0.0000,0.0000
"14580.0",1,0,0.0000,1,0,0.0000,0.0000
"14581.0",2,0,0.0000,65,0,0.0000,0.0000
"14582.0",1,0,0.0000,6,0,0.0000,0.0000
"14583.0",8,0,0.0000,506,0,0.0000,0.0000
"14585.0",5,0,0.0000,111,0,0.0000,0.0000
"14588.0",1,0,0.0000,16,0,0.0000,0.0000
"14589.0",1,0,0.0000,6,0,0.0000,0.0000
"14591.0",4,0,0.0000,197,0,0.0000,0.0000
"14592.0",3,0,0.0000,164,0,0.0000,0.0000
"14594.0",2,0,0.0000,84,0,0.0000,0.0000
"14595.0",8,0,0.0000,136,0,0.0000,0.0000
"14596.0",1,0,0.0000,57,0,0.0000,0.0000
"14597.0",6,0,0.0000,103,0,0.0000,0.0000
"14599.0",2,0,0.0000,82,0,0.0000,0.0000
"14600.0",2,0,0.0000,54,0,0.0000,0.0000
"14601.0",1,0,0.0000,7,0,0.0000,0.0000
"14602.0",1,0,0.0000,31,0,0.0000,0.0000
"14603.0",1,0,0.0000,2,0,0.0000,0.0000
"14604.0",1,0,0.0000,23,0,0.0000,0.0000
"14605.0",4,0,0.0000,111,0,0.0000,0.0000
"14610.0",2,0,0.0000,10,0,0.0000,0.0000
"14612.0",1,0,0.0000,14,0,0.0000,0.0000
"14613.0",1,0,0.0000,1,0,0.0000,0.0000
"14614.0",1,0,0.0000,19,0,0.0000,0.0000
"14616.0",5,0,0.0000,5,0,0.0000,0.0000
"14617.0",2,0,0.0000,9,0,0.0000,0.0000
"14622.0",1,0,0.0000,21,0,0.0000,0.0000
"14624.0",6,0,0.0000,51,0,0.0000,0.0000
"14628.0",5,0,0.0000,86,0,0.0000,0.0000
"14630.0",1,0,0.0000,21,0,0.0000,0.0000
"14632.0",1,0,0.0000,8,0,0.0000,0.0000
"14633.0",1,0,0.0000,20,0,0.0000,0.0000
"14635.0",1,0,0.0000,15,0,0.0000,0.0000
"14636.0",2,0,0.0000,28,0,0.0000,0.0000
"14637.0",1,0,0.0000,7,0,0.0000,0.0000
"14638.0",1,0,0.0000,16,0,0.0000,0.0000
"14641.0",1,0,0.0000,7,0,0.0000,0.0000
"14642.0",1,0,0.0000,2,0,0.0000,0.0000
"14647.0",2,0,0.0000,51,0,0.0000,0.0000
"14650.0",1,0,0.0000,4,0,0.0000,0.0000
"14651.0",9,0,0.0000,288,0,0.0000,0.0000
"14652.0",1,0,0.0000,29,0,0.0000,0.0000
"14653.0",12,0,0.0000,386,0,0.0000,0.0000
"14654.0",1,0,0.0000,27,0,0.0000,0.0000
"14656.0",5,0,0.0000,215,0,0.0000,0.0000
"14658.0",2,0,0.0000,29,0,0.0000,0.0000
"14660.0",2,0,0.0000,30,0,0.0000,0.0000
"14661.0",1,0,0.0000,4,0,0.0000,0.0000
"14662.0",7,0,0.0000,253,0,0.0000,0.0000
"14663.0",2,0,0.0000,68,0,0.0000,0.0000
"14664.0",2,0,0.0000,99,0,0.0000,0.0000
"14666.0",1,0,0.0000,14,0,0.0000,0.0000
"14668.0",1,0,0.0000,12,0,0.0000,0.0000
"14669.0",7,0,0.0000,395,0,0.0000,0.0000
"14670.0",3,0,0.0000,188,0,0.0000,0.0000
"14671.0",2,0,0.0000,55,0,0.0000,0.0000
"14672.0",4,0,0.0000,106,0,0.0000,0.0000
"14673.0",7,0,0.0000,163,0,0.0000,0.0000
"14674.0",1,0,0.0000,14,0,0.0000,0.0000
"14675.0",2,0,0.0000,240,0,0.0000,0.0000
"14677.0",1,0,0.0000,14,0,0.0000,0.0000
"14681.0",6,0,0.0000,20,0,0.0000,0.0000
"14682.0",6,0,0.0000,86,0,0.0000,0.0000
"14683.0",1,0,0.0000,21,0,0.0000,0.0000
"14684.0",6,0,0.0000,519,0,0.0000,0.0000
"14687.0",3,0,0.0000,40,0,0.0000,0.0000
"14689.0",1,0,0.0000,13,0,0.0000,0.0000
"14691.0",5,0,0.0000,71,0,0.0000,0.0000
"14694.0",1,0,0.0000,15,0,0.0000,0.0000
"14697.0",2,0,0.0000,22,0,0.0000,0.0000
"14698.0",5,0,0.0000,210,0,0.0000,0.0000
"14699.0",4,0,0.0000,50,0,0.0000,0.0000
"14700.0",5,0,0.0000,170,0,0.0000,0.0000
"14703.0",1,0,0.0000,22,0,0.0000,0.0000
"14704.0",11,0,0.0000,483,0,0.0000,0.0000
"14705.0",1,0,0.0000,1,0,0.0000,0.0000
"14706.0",1,0,0.0000,28,0,0.0000,0.0000
"14707.0",2,0,0.0000,2,0,0.0000,0.0000
"14710.0",13,0,0.0000,442,0,0.0000,0.0000
"14712.0",4,0,0.0000,32,0,0.0000,0.0000
"14715.0",8,0,0.0000,138,0,0.0000,0.0000
"14716.0",3,0,0.0000,100,0,0.0000,0.0000
"14718.0",1,0,0.0000,11,0,0.0000,0.0000
"14720.0",3,0,0.0000,37,0,0.0000,0.0000
"14721.0",1,0,0.0000,27,0,0.0000,0.0000
"14722.0",3,0,0.0000,94,0,0.0000,0.0000
"14723.0",11,0,0.0000,481,0,0.0000,0.0000
"14724.0",1,0,0.0000,43,0,0.0000,0.0000
"14726.0",1,0,0.0000,19,0,0.0000,0.0000
"14728.0",1,0,0.0000,14,0,0.0000,0.0000
"14729.0",3,0,0.0000,208,0,0.0000,0.0000
"14730.0",8,0,0.0000,501,0,0.0000,0.0000
"14731.0",3,0,0.0000,45,0,0.0000,0.0000
"14736.0",2,0,0.0000,100,0,0.0000,0.0000
"14737.0",4,0,0.0000,45,0,0.0000,0.0000
"14741.0",7,0,0.0000,85,0,0.0000,0.0000
"14742.0",1,0,0.0000,34,0,0.0000,0.0000
"14743.0",1,0,0.0000,3,0,0.0000,0.0000
"14746.0",4,0,0.0000,9,0,0.0000,0.0000
"14749.0",1,0,0.0000,18,0,0.0000,0.0000
"14750.0",1,0,0.0000,32,0,0.0000,0.0000
"14751.0",2,0,0.0000,7,0,0.0000,0.0000
"14752.0",1,0,0.0000,5,0,0.0000,0.0000
"14753.0",2,0,0.0000,48,0,0.0000,0.0000
"14757.0",1,0,0.0000,19,0,0.0000,0.0000
"14758.0",7,0,0.0000,136,0,0.0000,0.0000
"14759.0",3,0,0.0000,102,0,0.0000,0.0000
"14761.0",3,0,0.0000,24,0,0.0000,0.0000
"14762.0",2,0,0.0000,30,0,0.0000,0.0000
"14763.0",1,1,1.0000,1,1,1.0000,0.0000
"14765.0",3,0,0.0000,39,0,0.0000,0.0000
"14767.0",1,0,0.0000,18,0,0.0000,0.0000
"14772.0",1,0,0.0000,9,0,0.0000,0.0000
"14774.0",1,0,0.0000,13,0,0.0000,0.0000
"14775.0",3,0,0.0000,80,0,0.0000,0.0000
"14778.0",2,0,0.0000,35,0,0.0000,0.0000
"14779.0",3,0,0.0000,41,0,0.0000,0.0000
"14780.0",2,0,0.0000,27,0,0.0000,0.0000
"14781.0",1,1,1.0000,1,1,1.0000,0.0000
"14782.0",1,0,0.0000,6,0,0.0000,0.0000
"14784.0",3,0,0.0000,27,0,0.0000,0.0000
"14785.0",2,0,0.0000,3,0,0.0000,0.0000
"14786.0",1,0,0.0000,7,0,0.0000,0.0000
"14787.0",1,0,0.0000,15,0,0.0000,0.0000
"14788.0",3,0,0.0000,58,0,0.0000,0.0000
"14789.0",1,0,0.0000,6,0,0.0000,0.0000
"14790.0",10,0,0.0000,145,0,0.0000,0.0000
"14791.0",1,0,0.0000,19,0,0.0000,0.0000
"14792.0",2,1,0.5000,4,2,0.5000,0.0000
"14795.0",1,0,0.0000,6,0,0.0000,0.0000
"14797.0",1,0,0.0000,16,0,0.0000,0.0000
"14799.0",2,0,0.0000,23,0,0.0000,0.0000
"14801.0",1,0,0.0000,59,0,0.0000,0.0000
"14802.0",6,4,0.6667,6,4,0.6667,0.0000
"14803.0",3,0,0.0000,44,0,0.0000,0.0000
"14804.0",1,0,0.0000,12,0,0.0000,0.0000
"14805.0",7,0,0.0000,132,0,0.0000,0.0000
"14806.0",2,0,0.0000,20,0,0.0000,0.0000
"14807.0",2,0,0.0000,40,0,0.0000,0.0000
"14809.0",2,0,0.0000,18,0,0.0000,0.0000
"14810.0",13,0,0.0000,325,0,0.0000,0.0000
"14811.0",1,0,0.0000,28,0,0.0000,0.0000
"14812.0",1,0,0.0000,37,0,0.0000,0.0000
"14813.0",4,0,0.0000,177,0,0.0000,0.0000
"14814.0",1,0,0.0000,32,0,0.0000,0.0000
"14815.0",2,0,0.0000,53,0,0.0000,0.0000
"14816.0",1,0,0.0000,4,0,0.0000,0.0000
"14818.0",6,0,0.0000,107,0,0.0000,0.0000
"14819.0",4,0,0.0000,57,0,0.0000,0.0000
"14820.0",9,0,0.0000,64,0,0.0000,0.0000
"14821.0",7,0,0.0000,72,0,0.0000,0.0000
"14822.0",1,0,0.0000,9,0,0.0000,0.0000
"14823.0",3,0,0.0000,70,0,0.0000,0.0000
"14826.0",2,0,0.0000,10,0,0.0000,0.0000
"14827.0",1,0,0.0000,1,0,0.0000,0.0000
"14830.0",1,0,0.0000,40,0,0.0000,0.0000
"14832.0",3,2,0.6667,3,2,0.6667,0.0000
"14833.0",1,0,0.0000,7,0,0.0000,0.0000
"14835.0",3,1,0.3333,3,1,0.3333,0.0000
"14836.0",3,0,0.0000,6,0,0.0000,0.0000
"14838.0",2,0,0.0000,71,0,0.0000,0.0000
"14839.0",3,0,0.0000,74,0,0.0000,0.0000
"14841.0",14,0,0.0000,300,0,0.0000,0.0000
"14843.0",1,0,0.0000,9,0,0.0000,0.0000
"14845.0",1,0,0.0000,1,0,0.0000,0.0000
"14848.0",1,0,0.0000,11,0,0.0000,0.0000
"14851.0",3,0,0.0000,42,0,0.0000,0.0000
"14855.0",7,0,0.0000,207,0,0.0000,0.0000
"14856.0",3,0,0.0000,66,0,0.0000,0.0000
"14858.0",1,0,0.0000,11,0,0.0000,0.0000
"14862.0",2,0,0.0000,48,0,0.0000,0.0000
"14863.0",1,0,0.0000,11,0,0.0000,0.0000
"14864.0",1,1,1.0000,2,2,1.0000,0.0000
"14865.0",4,0,0.0000,9,0,0.0000,0.0000
"14871.0",9,0,0.0000,201,0,0.0000,0.0000
"14873.0",2,0,0.0000,49,0,0.0000,0.0000
"14874.0",1,0,0.0000,6,0,0.0000,0.0000
"14876.0",2,0,0.0000,13,0,0.0000,0.0000
"14877.0",2,0,0.0000,66,0,0.0000,0.0000
"14879.0",1,0,0.0000,27,0,0.0000,0.0000
"14880.0",3,0,0.0000,47,0,0.0000,0.0000
"14881.0",1,0,0.0000,17,0,0.0000,0.0000
"14884.0",1,0,0.0000,8,0,0.0000,0.0000
"14886.0",1,0,0.0000,18,0,0.0000,0.0000
"14887.0",1,0,0.0000,6,0,0.0000,0.0000
"14888.0",1,0,0.0000,20,0,0.0000,0.0000
"14889.0",1,0,0.0000,10,0,0.0000,0.0000
"14890.0",3,0,0.0000,57,0,0.0000,0.0000
"14891.0",4,0,0.0000,63,0,0.0000,0.0000
"14892.0",1,0,0.0000,13,0,0.0000,0.0000
"14899.0",1,0,0.0000,137,0,0.0000,0.0000
"14900.0",1,0,0.0000,1,0,0.0000,0.0000
"14904.0",4,0,0.0000,144,0,0.0000,0.0000
"14906.0",3,2,0.6667,3,2,0.6667,0.0000
"14908.0",2,0,0.0000,14,0,0.0000,0.0000
"14913.0",8,0,0.0000,247,0,0.0000,0.0000
"14914.0",1,1,1.0000,1,1,1.0000,0.0000
"14917.0",2,0,0.0000,29,0,0.0000,0.0000
"14918.0",9,0,0.0000,141,0,0.0000,0.0000
"14919.0",1,0,0.0000,13,0,0.0000,0.0000
"14920.0",3,0,0.0000,97,0,0.0000,0.0000
"14921.0",2,0,0.0000,78,0,0.0000,0.0000
"14922.0",2,0,0.0000,50,0,0.0000,0.0000
"14923.0",1,0,0.0000,44,0,0.0000,0.0000
"14924.0",3,0,0.0000,31,0,0.0000,0.0000
"14925.0",1,1,1.0000,1,1,1.0000,0.0000
"14927.0",1,0,0.0000,20,0,0.0000,0.0000
"14929.0",2,0,0.0000,34,0,0.0000,0.0000
"14932.0",2,0,0.0000,49,0,0.0000,0.0000
"14933.0",5,1,0.2000,5,1,0.2000,0.0000
"14935.0",2,0,0.0000,26,0,0.0000,0.0000
"14939.0",1,1,1.0000,1,1,1.0000,0.0000
"14940.0",2,0,0.0000,32,0,0.0000,0.0000
"14941.0",1,0,0.0000,7,0,0.0000,0.0000
"14943.0",1,0,0.0000,5,0,0.0000,0.0000
"14945.0",1,0,0.0000,11,0,0.0000,0.0000
"14946.0",1,0,0.0000,3,0,0.0000,0.0000
"14947.0",6,0,0.0000,54,0,0.0000,0.0000
"14951.0",1,0,0.0000,20,0,0.0000,0.0000
"14954.0",2,0,0.0000,126,0,0.0000,0.0000
"14955.0",1,0,0.0000,31,0,0.0000,0.0000
"14956.0",1,0,0.0000,4,0,0.0000,0.0000
"14957.0",2,0,0.0000,29,0,0.0000,0.0000
"14958.0",6,0,0.0000,72,0,0.0000,0.0000
"14960.0",2,0,0.0000,27,0,0.0000,0.0000
"14962.0",4,0,0.0000,14,0,0.0000,0.0000
"14964.0",1,0,0.0000,13,0,0.0000,0.0000
"14965.0",2,0,0.0000,83,0,0.0000,0.0000
"14966.0",6,0,0.0000,160,0,0.0000,0.0000
"14968.0",2,0,0.0000,85,0,0.0000,0.0000
"14969.0",1,0,0.0000,13,0,0.0000,0.0000
"14971.0",3,0,0.0000,160,0,0.0000,0.0000
"14972.0",2,0,0.0000,20,0,0.0000,0.0000
"14973.0",3,0,0.0000,32,0,0.0000,0.0000
"14974.0",1,0,0.0000,21,0,0.0000,0.0000
"14975.0",2,0,0.0000,26,0,0.0000,0.0000
"14977.0",1,0,0.0000,4,0,0.0000,0.0000
"14979.0",1,0,0.0000,53,0,0.0000,0.0000
"14980.0",1,0,0.0000,24,0,0.0000,0.0000
"14982.0",1,0,0.0000,39,0,0.0000,0.0000
"14983.0",1,0,0.0000,30,0,0.0000,0.0000
"14984.0",6,0,0.0000,56,0,0.0000,0.0000
"14985.0",2,0,0.0000,87,0,0.0000,0.0000
"14986.0",2,0,0.0000,100,0,0.0000,0.0000
"14988.0",7,0,0.0000,244,0,0.0000,0.0000
"14989.0",1,0,0.0000,18,0,0.0000,0.0000
"14990.0",2,0,0.0000,43,0,0.0000,0.0000
"14991.0",1,0,0.0000,21,0,0.0000,0.0000
"14992.0",1,0,0.0000,27,0,0.0000,0.0000
"14993.0",1,0,0.0000,10,0,0.0000,0.0000
"14995.0",2,0,0.0000,61,0,0.0000,0.0000
"14996.0",2,0,0.0000,41,0,0.0000,0.0000
"14998.0",4,0,0.0000,127,0,0.0000,0.0000
"14999.0",1,0,0.0000,9,0,0.0000,0.0000
"15000.0",1,0,0.0000,77,0,0.0000,0.0000
"15001.0",2,0,0.0000,54,0,0.0000,0.0000
"15002.0",9,0,0.0000,370,0,0.0000,0.0000
"15004.0",1,0,0.0000,158,0,0.0000,0.0000
"15006.0",2,0,0.0000,207,0,0.0000,0.0000
"15007.0",1,0,0.0000,12,0,0.0000,0.0000
"15008.0",2,0,0.0000,12,0,0.0000,0.0000
"15009.0",3,0,0.0000,182,0,0.0000,0.0000
"15010.0",1,0,0.0000,20,0,0.0000,0.0000
"15011.0",2,0,0.0000,20,0,0.0000,0.0000
"15012.0",3,0,0.0000,255,0,0.0000,0.0000
"15013.0",10,0,0.0000,355,0,0.0000,0.0000
"15014.0",2,0,0.0000,35,0,0.0000,0.0000
"15017.0",1,0,0.0000,20,0,0.0000,0.0000
"15019.0",1,0,0.0000,70,0,0.0000,0.0000
"15020.0",1,0,0.0000,28,0,0.0000,0.0000
"15022.0",5,0,0.0000,154,0,0.0000,0.0000
"15024.0",16,0,0.0000,371,0,0.0000,0.0000
"15025.0",2,0,0.0000,146,0,0.0000,0.0000
"15026.0",5,0,0.0000,140,0,0.0000,0.0000
"15028.0",6,0,0.0000,119,0,0.0000,0.0000
"15035.0",1,0,0.0000,27,0,0.0000,0.0000
"15036.0",3,0,0.0000,127,0,0.0000,0.0000
"15037.0",2,0,0.0000,48,0,0.0000,0.0000
"15040.0",1,0,0.0000,1,0,0.0000,0.0000
"15041.0",2,0,0.0000,107,0,0.0000,0.0000
"15042.0",2,0,0.0000,9,0,0.0000,0.0000
"15043.0",6,0,0.0000,52,0,0.0000,0.0000
"15047.0",1,0,0.0000,22,0,0.0000,0.0000
"15049.0",1,0,0.0000,3,0,0.0000,0.0000
"15052.0",1,0,0.0000,30,0,0.0000,0.0000
"15053.0",3,0,0.0000,71,0,0.0000,0.0000
"15054.0",2,0,0.0000,114,0,0.0000,0.0000
"15055.0",3,0,0.0000,85,0,0.0000,0.0000
"15056.0",1,0,0.0000,7,0,0.0000,0.0000
"15060.0",4,0,0.0000,121,0,0.0000,0.0000
"15062.0",8,0,0.0000,159,0,0.0000,0.0000
"15063.0",1,0,0.0000,5,0,0.0000,0.0000
"15064.0",4,0,0.0000,81,0,0.0000,0.0000
"15068.0",4,0,0.0000,221,0,0.0000,0.0000
"15069.0",1,0,0.0000,70,0,0.0000,0.0000
"15070.0",3,0,0.0000,34,0,0.0000,0.0000
"15071.0",4,0,0.0000,54,0,0.0000,0.0000
"15072.0",1,0,0.0000,13,0,0.0000,0.0000
"15074.0",3,0,0.0000,73,0,0.0000,0.0000
"15075.0",1,0,0.0000,27,0,0.0000,0.0000
"15080.0",2,0,0.0000,31,0,0.0000,0.0000
"15082.0",1,0,0.0000,6,0,0.0000,0.0000
"15083.0",1,0,0.0000,5,0,0.0000,0.0000
"15084.0",2,0,0.0000,31,0,0.0000,0.0000
"15085.0",1,0,0.0000,9,0,0.0000,0.0000
"15086.0",2,0,0.0000,11,0,0.0000,0.0000
"15087.0",1,0,0.0000,15,0,0.0000,0.0000
"15089.0",6,0,0.0000,145,0,0.0000,0.0000
"15090.0",1,0,0.0000,23,0,0.0000,0.0000
"15094.0",2,0,0.0000,5,0,0.0000,0.0000
"15096.0",1,0,0.0000,11,0,0.0000,0.0000
"15098.0",5,2,0.4000,5,2,0.4000,0.0000
"15099.0",1,0,0.0000,23,0,0.0000,0.0000
"15102.0",2,0,0.0000,27,0,0.0000,0.0000
"15103.0",2,0,0.0000,35,0,0.0000,0.0000
"15105.0",9,0,0.0000,151,0,0.0000,0.0000
"15111.0",5,0,0.0000,151,0,0.0000,0.0000
"15112.0",1,0,0.0000,7,0,0.0000,0.0000
"15114.0",12,0,0.0000,231,0,0.0000,0.0000
"15116.0",4,0,0.0000,45,0,0.0000,0.0000
"15118.0",1,0,0.0000,1,0,0.0000,0.0000
"15119.0",1,0,0.0000,14,0,0.0000,0.0000
"15121.0",2,0,0.0000,28,0,0.0000,0.0000
"15123.0",5,0,0.0000,183,0,0.0000,0.0000
"15124.0",4,0,0.0000,31,0,0.0000,0.0000
"15126.0",2,0,0.0000,25,0,0.0000,0.0000
"15127.0",2,0,0.0000,28,0,0.0000,0.0000
"15129.0",23,0,0.0000,207,0,0.0000,0.0000
"15130.0",1,0,0.0000,22,0,0.0000,0.0000
"15131.0",1,0,0.0000,7,0,0.0000,0.0000
"15132.0",5,0,0.0000,52,0,0.0000,0.0000
"15133.0",5,0,0.0000,49,0,0.0000,0.0000
"15134.0",10,0,0.0000,85,0,0.0000,0.0000
"15139.0",2,0,0.0000,13,0,0.0000,0.0000
"15143.0",2,0,0.0000,31,0,0.0000,0.0000
"15145.0",4,0,0.0000,67,0,0.0000,0.0000
"15148.0",1,0,0.0000,20,0,0.0000,0.0000
"15149.0",5,0,0.0000,69,0,0.0000,0.0000
"15151.0",2,0,0.0000,57,0,0.0000,0.0000
"15153.0",1,0,0.0000,22,0,0.0000,0.0000
"15155.0",1,0,0.0000,24,0,0.0000,0.0000
"15156.0",3,0,0.0000,55,0,0.0000,0.0000
"15160.0",4,0,0.0000,23,0,0.0000,0.0000
"15161.0",1,0,0.0000,33,0,0.0000,0.0000
"15163.0",2,0,0.0000,29,0,0.0000,0.0000
"15165.0",1,0,0.0000,54,0,0.0000,0.0000
"15166.0",1,0,0.0000,12,0,0.0000,0.0000
"15167.0",5,0,0.0000,313,0,0.0000,0.0000
"15168.0",1,0,0.0000,5,0,0.0000,0.0000
"15169.0",2,0,0.0000,59,0,0.0000,0.0000
"15170.0",1,0,0.0000,4,0,0.0000,0.0000
"15172.0",5,0,0.0000,110,0,0.0000,0.0000
"15174.0",2,0,0.0000,34,0,0.0000,0.0000
"15175.0",1,0,0.0000,23,0,0.0000,0.0000
"15177.0",1,0,0.0000,26,0,0.0000,0.0000
"15178.0",1,0,0.0000,3,0,0.0000,0.0000
"15180.0",3,0,0.0000,58,0,0.0000,0.0000
"15184.0",4,0,0.0000,85,0,0.0000,0.0000
"15185.0",1,0,0.0000,21,0,0.0000,0.0000
"15186.0",5,0,0.0000,52,0,0.0000,0.0000
"15188.0",1,0,0.0000,23,0,0.0000,0.0000
"15190.0",1,0,0.0000,40,0,0.0000,0.0000
"15191.0",3,0,0.0000,35,0,0.0000,0.0000
"15192.0",5,0,0.0000,106,0,0.0000,0.0000
"15193.0",1,0,0.0000,19,0,0.0000,0.0000
"15195.0",1,0,0.0000,1,0,0.0000,0.0000
"15196.0",2,0,0.0000,43,0,0.0000,0.0000
"15199.0",10,0,0.0000,51,0,0.0000,0.0000
"15200.0",1,0,0.0000,30,0,0.0000,0.0000
"15202.0",8,5,0.6250,8,5,0.6250,0.0000
"15203.0",15,0,0.0000,343,0,0.0000,0.0000
"15204.0",1,0,0.0000,9,0,0.0000,0.0000
"15206.0",4,0,0.0000,9,0,0.0000,0.0000
"15209.0",1,0,0.0000,13,0,0.0000,0.0000
"15210.0",3,0,0.0000,67,0,0.0000,0.0000
"15211.0",2,0,0.0000,75,0,0.0000,0.0000
"15214.0",8,0,0.0000,110,0,0.0000,0.0000
"15216.0",2,0,0.0000,24,0,0.0000,0.0000
"15217.0",1,0,0.0000,28,0,0.0000,0.0000
"15219.0",2,0,0.0000,26,0,0.0000,0.0000
"15225.0",1,0,0.0000,23,0,0.0000,0.0000
"15226.0",1,0,0.0000,8,0,0.0000,0.0000
"15227.0",9,0,0.0000,120,0,0.0000,0.0000
"15229.0",1,0,0.0000,9,0,0.0000,0.0000
"15230.0",2,0,0.0000,23,0,0.0000,0.0000
"15232.0",2,0,0.0000,31,0,0.0000,0.0000
"15233.0",1,0,0.0000,1,0,0.0000,0.0000
"15234.0",1,0,0.0000,14,0,0.0000,0.0000
"15235.0",16,0,0.0000,187,0,0.0000,0.0000
"15236.0",1,0,0.0000,15,0,0.0000,0.0000
"15237.0",4,0,0.0000,99,0,0.0000,0.0000
"15242.0",1,0,0.0000,4,0,0.0000,0.0000
"15243.0",2,0,0.0000,61,0,0.0000,0.0000
"15245.0",8,0,0.0000,148,0,0.0000,0.0000
"15246.0",3,0,0.0000,51,0,0.0000,0.0000
"15250.0",1,0,0.0000,3,0,0.0000,0.0000
"15256.0",2,0,0.0000,10,0,0.0000,0.0000
"15258.0",2,0,0.0000,34,0,0.0000,0.0000
"15259.0",4,0,0.0000,57,0,0.0000,0.0000
"15261.0",4,0,0.0000,92,0,0.0000,0.0000
"15262.0",3,0,0.0000,26,0,0.0000,0.0000
"15263.0",1,0,0.0000,12,0,0.0000,0.0000
"15265.0",4,0,0.0000,193,0,0.0000,0.0000
"15267.0",5,0,0.0000,11,0,0.0000,0.0000
"15269.0",3,0,0.0000,35,0,0.0000,0.0000
"15272.0",6,0,0.0000,307,0,0.0000,0.0000
"15273.0",1,0,0.0000,1,0,0.0000,0.0000
"15274.0",2,0,0.0000,47,0,0.0000,0.0000
"15277.0",2,0,0.0000,26,0,0.0000,0.0000
"15278.0",4,0,0.0000,29,0,0.0000,0.0000
"15280.0",3,0,0.0000,61,0,0.0000,0.0000
"15282.0",1,0,0.0000,27,0,0.0000,0.0000
"15284.0",1,0,0.0000,1,0,0.0000,0.0000
"15285.0",1,0,0.0000,6,0,0.0000,0.0000
"15286.0",1,0,0.0000,3,0,0.0000,0.0000
"15288.0",10,0,0.0000,181,0,0.0000,0.0000
"15292.0",1,0,0.0000,25,0,0.0000,0.0000
"15293.0",1,0,0.0000,19,0,0.0000,0.0000
"15295.0",1,0,0.0000,53,0,0.0000,0.0000
"15300.0",1,0,0.0000,28,0,0.0000,0.0000
"15305.0",1,0,0.0000,5,0,0.0000,0.0000
"15307.0",1,0,0.0000,12,0,0.0000,0.0000
"15310.0",1,0,0.0000,45,0,0.0000,0.0000
"15313.0",1,0,0.0000,1,0,0.0000,0.0000
"15316.0",1,0,0.0000,1,0,0.0000,0.0000
"15318.0",1,0,0.0000,33,0,0.0000,0.0000
"15319.0",1,0,0.0000,16,0,0.0000,0.0000
"15320.0",1,0,0.0000,36,0,0.0000,0.0000
"15324.0",1,0,0.0000,8,0,0.0000,0.0000
"15327.0",1,0,0.0000,10,0,0.0000,0.0000
"15328.0",1,0,0.0000,8,0,0.0000,0.0000
"15330.0",2,0,0.0000,13,0,0.0000,0.0000
"15332.0",6,0,0.0000,189,0,0.0000,0.0000
"15333.0",1,0,0.0000,16,0,0.0000,0.0000
"15334.0",3,0,0.0000,99,0,0.0000,0.0000
"15335.0",1,0,0.0000,36,0,0.0000,0.0000
"15336.0",1,0,0.0000,15,0,0.0000,0.0000
"15338.0",1,0,0.0000,60,0,0.0000,0.0000
"15340.0",1,0,0.0000,7,0,0.0000,0.0000
"15343.0",1,0,0.0000,21,0,0.0000,0.0000
"15348.0",1,0,0.0000,9,0,0.0000,0.0000
"15349.0",2,0,0.0000,72,0,0.0000,0.0000
"15350.0",2,0,0.0000,35,0,0.0000,0.0000
"15352.0",1,0,0.0000,37,0,0.0000,0.0000
"15354.0",7,4,0.5714,7,4,0.5714,0.0000
"15355.0",2,0,0.0000,14,0,0.0000,0.0000
"15356.0",13,0,0.0000,755,0,0.0000,0.0000
"15357.0",1,1,1.0000,1,1,1.0000,0.0000
"15360.0",1,0,0.0000,13,0,0.0000,0.0000
"15361.0",4,0,0.0000,10,0,0.0000,0.0000
"15362.0",2,0,0.0000,40,0,0.0000,0.0000
"15364.0",2,0,0.0000,29,0,0.0000,0.0000
"15366.0",7,0,0.0000,138,0,0.0000,0.0000
"15368.0",2,0,0.0000,8,0,0.0000,0.0000
"15371.0",1,0,0.0000,1,0,0.0000,0.0000
"15374.0",2,0,0.0000,10,0,0.0000,0.0000
"15375.0",1,0,0.0000,6,0,0.0000,0.0000
"15376.0",3,0,0.0000,117,0,0.0000,0.0000
"15378.0",2,0,0.0000,12,0,0.0000,0.0000
"15383.0",1,1,1.0000,1,1,1.0000,0.0000
"15385.0",3,0,0.0000,21,0,0.0000,0.0000
"15386.0",1,0,0.0000,31,0,0.0000,0.0000
"15387.0",1,0,0.0000,20,0,0.0000,0.0000
"15388.0",1,0,0.0000,10,0,0.0000,0.0000
"15389.0",5,0,0.0000,6,0,0.0000,0.0000
"15390.0",2,0,0.0000,77,0,0.0000,0.0000
"15393.0",5,0,0.0000,44,0,0.0000,0.0000
"15395.0",1,0,0.0000,7,0,0.0000,0.0000
"15396.0",2,0,0.0000,16,0,0.0000,0.0000
"15397.0",1,0,0.0000,6,0,0.0000,0.0000
"15399.0",3,0,0.0000,50,0,0.0000,0.0000
"15401.0",2,0,0.0000,14,0,0.0000,0.0000
"15403.0",2,0,0.0000,8,0,0.0000,0.0000
"15404.0",1,0,0.0000,16,0,0.0000,0.0000
"15405.0",2,0,0.0000,30,0,0.0000,0.0000
"15407.0",4,0,0.0000,153,0,0.0000,0.0000
"15408.0",1,0,0.0000,34,0,0.0000,0.0000
"15410.0",10,0,0.0000,162,0,0.0000,0.0000
"15412.0",1,0,0.0000,10,0,0.0000,0.0000
"15414.0",3,0,0.0000,39,0,0.0000,0.0000
"15415.0",1,0,0.0000,48,0,0.0000,0.0000
"15417.0",1,0,0.0000,28,0,0.0000,0.0000
"15418.0",2,0,0.0000,69,0,0.0000,0.0000
"15419.0",1,0,0.0000,8,0,0.0000,0.0000
"15420.0",6,0,0.0000,56,0,0.0000,0.0000
"15421.0",10,0,0.0000,316,0,0.0000,0.0000
"15424.0",3,0,0.0000,33,0,0.0000,0.0000
"15425.0",4,0,0.0000,144,0,0.0000,0.0000
"15427.0",3,0,0.0000,306,0,0.0000,0.0000
"15428.0",4,0,0.0000,44,0,0.0000,0.0000
"15431.0",1,0,0.0000,2,0,0.0000,0.0000
"15435.0",1,0,0.0000,29,0,0.0000,0.0000
"15436.0",3,0,0.0000,329,0,0.0000,0.0000
"15437.0",2,0,0.0000,57,0,0.0000,0.0000
"15438.0",1,0,0.0000,25,0,0.0000,0.0000
"15439.0",4,0,0.0000,57,0,0.0000,0.0000
"15440.0",3,0,0.0000,62,0,0.0000,0.0000
"15441.0",3,0,0.0000,57,0,0.0000,0.0000
"15442.0",1,0,0.0000,2,0,0.0000,0.0000
"15444.0",2,0,0.0000,219,0,0.0000,0.0000
"15445.0",2,0,0.0000,14,0,0.0000,0.0000
"15448.0",2,0,0.0000,49,0,0.0000,0.0000
"15450.0",1,0,0.0000,30,0,0.0000,0.0000
"15451.0",2,0,0.0000,63,0,0.0000,0.0000
"15452.0",6,0,0.0000,202,0,0.0000,0.0000
"15453.0",7,0,0.0000,286,0,0.0000,0.0000
"15454.0",2,0,0.0000,41,0,0.0000,0.0000
"15455.0",1,0,0.0000,2,0,0.0000,0.0000
"15456.0",10,0,0.0000,230,0,0.0000,0.0000
"15457.0",1,0,0.0000,58,0,0.0000,0.0000
"15458.0",2,0,0.0000,13,0,0.0000,0.0000
"15459.0",2,0,0.0000,7,0,0.0000,0.0000
"15460.0",1,0,0.0000,58,0,0.0000,0.0000
"15462.0",4,0,0.0000,41,0,0.0000,0.0000
"15463.0",1,0,0.0000,7,0,0.0000,0.0000
"15464.0",1,0,0.0000,157,0,0.0000,0.0000
"15466.0",4,0,0.0000,265,0,0.0000,0.0000
"15470.0",1,0,0.0000,4,0,0.0000,0.0000
"15471.0",3,0,0.0000,162,0,0.0000,0.0000
"15472.0",1,0,0.0000,76,0,0.0000,0.0000
"15474.0",1,0,0.0000,20,0,0.0000,0.0000
"15475.0",1,0,0.0000,29,0,0.0000,0.0000
"15477.0",1,0,0.0000,2,0,0.0000,0.0000
"15478.0",3,0,0.0000,71,0,0.0000,0.0000
"15479.0",1,0,0.0000,9,0,0.0000,0.0000
"15481.0",1,0,0.0000,38,0,0.0000,0.0000
"15483.0",10,0,0.0000,290,0,0.0000,0.0000
"15486.0",1,0,0.0000,1,0,0.0000,0.0000
"15487.0",1,0,0.0000,14,0,0.0000,0.0000
"15488.0",5,0,0.0000,11,0,0.0000,0.0000
"15492.0",2,0,0.0000,35,0,0.0000,0.0000
"15495.0",1,0,0.0000,20,0,0.0000,0.0000
"15496.0",1,0,0.0000,22,0,0.0000,0.0000
"15499.0",1,0,0.0000,42,0,0.0000,0.0000
"15500.0",4,0,0.0000,68,0,0.0000,0.0000
"15501.0",2,0,0.0000,70,0,0.0000,0.0000
"15503.0",2,0,0.0000,123,0,0.0000,0.0000
"15506.0",6,0,0.0000,278,0,0.0000,0.0000
"15507.0",1,0,0.0000,46,0,0.0000,0.0000
"15508.0",6,0,0.0000,92,0,0.0000,0.0000
"15509.0",1,0,0.0000,29,0,0.0000,0.0000
"15510.0",1,0,0.0000,1,0,0.0000,0.0000
"15511.0",5,0,0.0000,160,0,0.0000,0.0000
"15512.0",4,0,0.0000,32,0,0.0000,0.0000
"15515.0",1,0,0.0000,7,0,0.0000,0.0000
"15516.0",3,0,0.0000,15,0,0.0000,0.0000
"15517.0",1,0,0.0000,27,0,0.0000,0.0000
"15519.0",2,0,0.0000,37,0,0.0000,0.0000
"15520.0",1,0,0.0000,18,0,0.0000,0.0000
"15522.0",2,0,0.0000,57,0,0.0000,0.0000
"15524.0",2,0,0.0000,9,0,0.0000,0.0000
"15526.0",2,0,0.0000,4,0,0.0000,0.0000
"15528.0",1,0,0.0000,26,0,0.0000,0.0000
"15530.0",5,0,0.0000,143,0,0.0000,0.0000
"15531.0",2,0,0.0000,228,0,0.0000,0.0000
"15534.0",1,0,0.0000,8,0,0.0000,0.0000
"15536.0",1,0,0.0000,16,0,0.0000,0.0000
"15537.0",1,0,0.0000,24,0,0.0000,0.0000
"15539.0",1,0,0.0000,41,0,0.0000,0.0000
"15540.0",2,0,0.0000,31,0,0.0000,0.0000
"15541.0",1,0,0.0000,29,0,0.0000,0.0000
"15543.0",2,0,0.0000,58,0,0.0000,0.0000
"15545.0",2,0,0.0000,112,0,0.0000,0.0000
"15546.0",3,1,0.3333,18,6,0.3333,0.0000
"15548.0",1,0,0.0000,23,0,0.0000,0.0000
"15552.0",2,0,0.0000,30,0,0.0000,0.0000
"15553.0",1,0,0.0000,56,0,0.0000,0.0000
"15554.0",1,0,0.0000,14,0,0.0000,0.0000
"15556.0",1,0,0.0000,31,0,0.0000,0.0000
"15557.0",1,0,0.0000,20,0,0.0000,0.0000
"15559.0",1,0,0.0000,62,0,0.0000,0.0000
"15560.0",2,0,0.0000,10,0,0.0000,0.0000
"15562.0",3,0,0.0000,34,0,0.0000,0.0000
"15564.0",2,0,0.0000,4,0,0.0000,0.0000
"15565.0",2,0,0.0000,8,0,0.0000,0.0000
"15566.0",2,0,0.0000,12,0,0.0000,0.0000
"15567.0",1,0,0.0000,7,0,0.0000,0.0000
"15568.0",3,0,0.0000,53,0,0.0000,0.0000
"15569.0",10,0,0.0000,142,0,0.0000,0.0000
"15571.0",14,0,0.0000,635,0,0.0000,0.0000
"15572.0",10,0,0.0000,356,0,0.0000,0.0000
"15573.0",5,0,0.0000,220,0,0.0000,0.0000
"15575.0",1,0,0.0000,3,0,0.0000,0.0000
"15576.0",1,0,0.0000,45,0,0.0000,0.0000
"15577.0",5,0,0.0000,60,0,0.0000,0.0000
"15578.0",1,0,0.0000,13,0,0.0000,0.0000
"15582.0",3,0,0.0000,44,0,0.0000,0.0000
"15583.0",1,0,0.0000,46,0,0.0000,0.0000
"15585.0",1,0,0.0000,31,0,0.0000,0.0000
"15587.0",7,0,0.0000,14,0,0.0000,0.0000
"15588.0",1,0,0.0000,4,0,0.0000,0.0000
"15591.0",3,0,0.0000,7,0,0.0000,0.0000
"15592.0",1,0,0.0000,24,0,0.0000,0.0000
"15593.0",1,0,0.0000,5,0,0.0000,0.0000
"15595.0",1,0,0.0000,4,0,0.0000,0.0000
"15599.0",3,0,0.0000,83,0,0.0000,0.0000
"15604.0",1,0,0.0000,17,0,0.0000,0.0000
"15608.0",5,0,0.0000,105,0,0.0000,0.0000
"15610.0",1,0,0.0000,6,0,0.0000,0.0000
"15612.0",2,0,0.0000,6,0,0.0000,0.0000
"15613.0",1,0,0.0000,27,0,0.0000,0.0000
"15616.0",1,0,0.0000,13,0,0.0000,0.0000
"15617.0",3,0,0.0000,42,0,0.0000,0.0000
"15619.0",1,0,0.0000,3,0,0.0000,0.0000
"15623.0",8,0,0.0000,108,0,0.0000,0.0000
"15624.0",4,0,0.0000,34,0,0.0000,0.0000
"15627.0",2,0,0.0000,24,0,0.0000,0.0000
"15629.0",4,0,0.0000,77,0,0.0000,0.0000
"15631.0",1,0,0.0000,39,0,0.0000,0.0000
"15634.0",2,0,0.0000,34,0,0.0000,0.0000
"15635.0",1,0,0.0000,2,0,0.0000,0.0000
"15636.0",4,0,0.0000,57,0,0.0000,0.0000
"15637.0",5,0,0.0000,41,0,0.0000,0.0000
"15641.0",12,0,0.0000,311,0,0.0000,0.0000
"15642.0",1,0,0.0000,6,0,0.0000,0.0000
"15644.0",4,0,0.0000,238,0,0.0000,0.0000
"15647.0",1,0,0.0000,11,0,0.0000,0.0000
"15649.0",4,0,0.0000,12,0,0.0000,0.0000
"15651.0",5,0,0.0000,60,0,0.0000,0.0000
"15653.0",2,0,0.0000,6,0,0.0000,0.0000
"15654.0",2,0,0.0000,21,0,0.0000,0.0000
"15656.0",4,0,0.0000,47,0,0.0000,0.0000
"15657.0",1,0,0.0000,1,0,0.0000,0.0000
"15659.0",3,0,0.0000,21,0,0.0000,0.0000
"15661.0",8,0,0.0000,44,0,0.0000,0.0000
"15662.0",2,0,0.0000,12,0,0.0000,0.0000
"15663.0",1,0,0.0000,9,0,0.0000,0.0000
"15665.0",5,0,0.0000,288,0,0.0000,0.0000
"15666.0",2,0,0.0000,67,0,0.0000,0.0000
"15667.0",1,0,0.0000,13,0,0.0000,0.0000
"15668.0",1,0,0.0000,1,0,0.0000,0.0000
"15672.0",1,0,0.0000,3,0,0.0000,0.0000
"15675.0",4,0,0.0000,35,0,0.0000,0.0000
"15677.0",3,0,0.0000,72,0,0.0000,0.0000
"15678.0",3,0,0.0000,97,0,0.0000,0.0000
"15679.0",4,0,0.0000,110,0,0.0000,0.0000
"15683.0",2,0,0.0000,26,0,0.0000,0.0000
"15685.0",1,0,0.0000,17,0,0.0000,0.0000
"15686.0",1,0,0.0000,1,0,0.0000,0.0000
"15688.0",1,0,0.0000,27,0,0.0000,0.0000
"15689.0",3,0,0.0000,24,0,0.0000,0.0000
"15690.0",2,0,0.0000,19,0,0.0000,0.0000
"15692.0",1,0,0.0000,12,0,0.0000,0.0000
"15693.0",1,0,0.0000,1,0,0.0000,0.0000
"15695.0",4,0,0.0000,59,0,0.0000,0.0000
"15697.0",1,0,0.0000,14,0,0.0000,0.0000
"15698.0",1,0,0.0000,2,0,0.0000,0.0000
"15699.0",1,0,0.0000,18,0,0.0000,0.0000
"15701.0",4,0,0.0000,237,0,0.0000,0.0000
"15702.0",2,0,0.0000,30,0,0.0000,0.0000
"15703.0",1,0,0.0000,5,0,0.0000,0.0000
"15705.0",1,0,0.0000,6,0,0.0000,0.0000
"15707.0",4,0,0.0000,214,0,0.0000,0.0000
"15709.0",2,0,0.0000,27,0,0.0000,0.0000
"15710.0",1,0,0.0000,110,0,0.0000,0.0000
"15711.0",2,0,0.0000,25,0,0.0000,0.0000
"15714.0",5,0,0.0000,49,0,0.0000,0.0000
"15715.0",5,0,0.0000,38,0,0.0000,0.0000
"15716.0",11,0,0.0000,326,0,0.0000,0.0000
"15717.0",5,0,0.0000,24,0,0.0000,0.0000
"15718.0",1,0,0.0000,18,0,0.0000,0.0000
"15720.0",2,0,0.0000,155,0,0.0000,0.0000
"15721.0",1,0,0.0000,91,0,0.0000,0.0000
"15723.0",4,0,0.0000,129,0,0.0000,0.0000
"15725.0",1,0,0.0000,32,0,0.0000,0.0000
"15726.0",1,0,0.0000,23,0,0.0000,0.0000
"15727.0",15,0,0.0000,694,0,0.0000,0.0000
"15731.0",1,0,0.0000,8,0,0.0000,0.0000
"15733.0",1,0,0.0000,10,0,0.0000,0.0000
"15734.0",4,0,0.0000,43,0,0.0000,0.0000
"15735.0",1,0,0.0000,19,0,0.0000,0.0000
"15739.0",1,0,0.0000,8,0,0.0000,0.0000
"15740.0",1,0,0.0000,9,0,0.0000,0.0000
"15741.0",2,0,0.0000,12,0,0.0000,0.0000
"15742.0",1,0,0.0000,41,0,0.0000,0.0000
"15743.0",4,0,0.0000,88,0,0.0000,0.0000
"15744.0",1,0,0.0000,3,0,0.0000,0.0000
"15748.0",3,0,0.0000,37,0,0.0000,0.0000
"15753.0",1,0,0.0000,1,0,0.0000,0.0000
"15756.0",4,0,0.0000,192,0,0.0000,0.0000
"15757.0",6,0,0.0000,193,0,0.0000,0.0000
"15758.0",1,0,0.0000,9,0,0.0000,0.0000
"15760.0",5,3,0.6000,5,3,0.6000,0.0000
"15761.0",1,0,0.0000,5,0,0.0000,0.0000
"15762.0",2,0,0.0000,37,0,0.0000,0.0000
"15765.0",1,0,0.0000,25,0,0.0000,0.0000
"15767.0",2,2,1.0000,9,9,1.0000,0.0000
"15770.0",1,0,0.0000,18,0,0.0000,0.0000
"15771.0",3,0,0.0000,28,0,0.0000,0.0000
"15772.0",1,0,0.0000,16,0,0.0000,0.0000
"15773.0",2,0,0.0000,47,0,0.0000,0.0000
"15775.0",2,0,0.0000,9,0,0.0000,0.0000
"15776.0",1,0,0.0000,18,0,0.0000,0.0000
"15778.0",1,0,0.0000,17,0,0.0000,0.0000
"15779.0",2,0,0.0000,8,0,0.0000,0.0000
"15780.0",3,0,0.0000,29,0,0.0000,0.0000
"15783.0",1,0,0.0000,14,0,0.0000,0.0000
"15784.0",2,0,0.0000,43,0,0.0000,0.0000
"15787.0",3,0,0.0000,206,0,0.0000,0.0000
"15790.0",1,0,0.0000,35,0,0.0000,0.0000
"15792.0",2,0,0.0000,57,0,0.0000,0.0000
"15794.0",2,0,0.0000,15,0,0.0000,0.0000
"15795.0",8,0,0.0000,131,0,0.0000,0.0000
"15797.0",6,0,0.0000,12,0,0.0000,0.0000
"15798.0",3,0,0.0000,83,0,0.0000,0.0000
"15799.0",4,0,0.0000,155,0,0.0000,0.0000
"15800.0",7,0,0.0000,244,0,0.0000,0.0000
"15802.0",3,2,0.6667,3,2,0.6667,0.0000
"15803.0",4,0,0.0000,51,0,0.0000,0.0000
"15806.0",3,0,0.0000,31,0,0.0000,0.0000
"15813.0",2,0,0.0000,40,0,0.0000,0.0000
"15815.0",5,0,0.0000,49,0,0.0000,0.0000
"15817.0",3,0,0.0000,152,0,0.0000,0.0000
"15818.0",1,0,0.0000,11,0,0.0000,0.0000
"15820.0",1,0,0.0000,17,0,0.0000,0.0000
"15821.0",2,0,0.0000,62,0,0.0000,0.0000
"15824.0",2,0,0.0000,26,0,0.0000,0.0000
"15825.0",1,0,0.0000,20,0,0.0000,0.0000
"15828.0",1,0,0.0000,74,0,0.0000,0.0000
"15829.0",2,0,0.0000,51,0,0.0000,0.0000
"15832.0",1,0,0.0000,54,0,0.0000,0.0000
"15833.0",1,0,0.0000,5,0,0.0000,0.0000
"15835.0",4,0,0.0000,50,0,0.0000,0.0000
"15837.0",2,0,0.0000,52,0,0.0000,0.0000
"15843.0",1,0,0.0000,8,0,0.0000,0.0000
"15844.0",1,0,0.0000,11,0,0.0000,0.0000
"15846.0",1,0,0.0000,29,0,0.0000,0.0000
"15847.0",5,0,0.0000,48,0,0.0000,0.0000
"15848.0",1,0,0.0000,35,0,0.0000,0.0000
"15849.0",1,1,1.0000,1,1,1.0000,0.0000
"15850.0",6,0,0.0000,334,0,0.0000,0.0000
"15851.0",1,0,0.0000,8,0,0.0000,0.0000
"15852.0",3,0,0.0000,33,0,0.0000,0.0000
"15853.0",1,0,0.0000,30,0,0.0000,0.0000
"15854.0",21,0,0.0000,258,0,0.0000,0.0000
"15855.0",6,0,0.0000,95,0,0.0000,0.0000
"15857.0",2,0,0.0000,24,0,0.0000,0.0000
"15859.0",1,0,0.0000,22,0,0.0000,0.0000
"15860.0",17,0,0.0000,368,0,0.0000,0.0000
"15862.0",13,0,0.0000,581,0,0.0000,0.0000
"15863.0",5,0,0.0000,79,0,0.0000,0.0000
"15865.0",5,0,0.0000,127,0,0.0000,0.0000
"15866.0",1,0,0.0000,45,0,0.0000,0.0000
"15868.0",1,0,0.0000,4,0,0.0000,0.0000
"15869.0",3,0,0.0000,35,0,0.0000,0.0000
"15870.0",4,0,0.0000,147,0,0.0000,0.0000
"15871.0",1,0,0.0000,5,0,0.0000,0.0000
"15872.0",4,0,0.0000,215,0,0.0000,0.0000
"15875.0",1,0,0.0000,25,0,0.0000,0.0000
"15876.0",2,0,0.0000,11,0,0.0000,0.0000
"15878.0",2,0,0.0000,51,0,0.0000,0.0000
"15879.0",4,0,0.0000,183,0,0.0000,0.0000
"15883.0",2,0,0.0000,49,0,0.0000,0.0000
"15886.0",4,0,0.0000,62,0,0.0000,0.0000
"15887.0",3,0,0.0000,37,0,0.0000,0.0000
"15890.0",5,0,0.0000,10,0,0.0000,0.0000
"15891.0",1,0,0.0000,62,0,0.0000,0.0000
"15892.0",1,0,0.0000,38,0,0.0000,0.0000
"15893.0",1,0,0.0000,1,0,0.0000,0.0000
"15894.0",2,0,0.0000,79,0,0.0000,0.0000
"15895.0",1,0,0.0000,11,0,0.0000,0.0000
"15896.0",1,1,1.0000,1,1,1.0000,0.0000
"15897.0",2,0,0.0000,24,0,0.0000,0.0000
"15899.0",1,0,0.0000,8,0,0.0000,0.0000
"15902.0",1,0,0.0000,18,0,0.0000,0.0000
"15904.0",1,0,0.0000,30,0,0.0000,0.0000
"15905.0",1,0,0.0000,22,0,0.0000,0.0000
"15907.0",3,0,0.0000,249,0,0.0000,0.0000
"15908.0",2,0,0.0000,41,0,0.0000,0.0000
"15909.0",1,0,0.0000,7,0,0.0000,0.0000
"15910.0",15,0,0.0000,628,0,0.0000,0.0000
"15912.0",9,0,0.0000,95,0,0.0000,0.0000
"15913.0",1,0,0.0000,1,0,0.0000,0.0000
"15914.0",2,0,0.0000,13,0,0.0000,0.0000
"15915.0",1,0,0.0000,146,0,0.0000,0.0000
"15917.0",5,0,0.0000,155,0,0.0000,0.0000
"15918.0",3,0,0.0000,61,0,0.0000,0.0000
"15919.0",2,0,0.0000,192,0,0.0000,0.0000
"15920.0",9,0,0.0000,108,0,0.0000,0.0000
"15921.0",4,0,0.0000,83,0,0.0000,0.0000
"15923.0",1,0,0.0000,42,0,0.0000,0.0000
"15924.0",1,0,0.0000,15,0,0.0000,0.0000
"15925.0",1,0,0.0000,12,0,0.0000,0.0000
"15926.0",1,0,0.0000,7,0,0.0000,0.0000
"15927.0",1,0,0.0000,17,0,0.0000,0.0000
"15928.0",1,0,0.0000,11,0,0.0000,0.0000
"15929.0",1,0,0.0000,1,0,0.0000,0.0000
"15930.0",1,0,0.0000,21,0,0.0000,0.0000
"15931.0",1,0,0.0000,14,0,0.0000,0.0000
"15933.0",3,0,0.0000,74,0,0.0000,0.0000
"15934.0",2,0,0.0000,29,0,0.0000,0.0000
"15936.0",2,0,0.0000,19,0,0.0000,0.0000
"15937.0",1,0,0.0000,7,0,0.0000,0.0000
"15938.0",9,0,0.0000,39,0,0.0000,0.0000
"15940.0",3,2,0.6667,3,2,0.6667,0.0000
"15942.0",1,0,0.0000,14,0,0.0000,0.0000
"15943.0",2,0,0.0000,12,0,0.0000,0.0000
"15944.0",4,0,0.0000,38,0,0.0000,0.0000
"15945.0",4,0,0.0000,30,0,0.0000,0.0000
"15946.0",3,0,0.0000,26,0,0.0000,0.0000
"15947.0",1,0,0.0000,29,0,0.0000,0.0000
"15948.0",3,0,0.0000,95,0,0.0000,0.0000
"15949.0",2,0,0.0000,19,0,0.0000,0.0000
"15952.0",4,0,0.0000,91,0,0.0000,0.0000
"15954.0",1,0,0.0000,20,0,0.0000,0.0000
"15956.0",2,0,0.0000,18,0,0.0000,0.0000
"15957.0",3,0,0.0000,151,0,0.0000,0.0000
"15958.0",4,0,0.0000,74,0,0.0000,0.0000
"15959.0",3,0,0.0000,78,0,0.0000,0.0000
"15961.0",1,0,0.0000,42,0,0.0000,0.0000
"15962.0",1,0,0.0000,58,0,0.0000,0.0000
"15963.0",2,0,0.0000,28,0,0.0000,0.0000
"15964.0",1,0,0.0000,21,0,0.0000,0.0000
"15968.0",1,0,0.0000,85,0,0.0000,0.0000
"15970.0",2,0,0.0000,24,0,0.0000,0.0000
"15972.0",5,0,0.0000,145,0,0.0000,0.0000
"15975.0",1,0,0.0000,24,0,0.0000,0.0000
"15976.0",6,0,0.0000,398,0,0.0000,0.0000
"15977.0",2,0,0.0000,65,0,0.0000,0.0000
"15979.0",1,0,0.0000,22,0,0.0000,0.0000
"15982.0",1,0,0.0000,45,0,0.0000,0.0000
"15983.0",8,0,0.0000,316,0,0.0000,0.0000
"15986.0",2,0,0.0000,25,0,0.0000,0.0000
"15987.0",8,0,0.0000,196,0,0.0000,0.0000
"15988.0",3,0,0.0000,129,0,0.0000,0.0000
"15989.0",2,0,0.0000,88,0,0.0000,0.0000
"15990.0",7,0,0.0000,180,0,0.0000,0.0000
"15991.0",1,0,0.0000,6,0,0.0000,0.0000
"15992.0",3,0,0.0000,54,0,0.0000,0.0000
"15995.0",1,0,0.0000,111,0,0.0000,0.0000
"15997.0",1,1,1.0000,1,1,1.0000,0.0000
"15999.0",1,0,0.0000,1,0,0.0000,0.0000
"16000.0",3,0,0.0000,9,0,0.0000,0.0000
"16002.0",1,0,0.0000,42,0,0.0000,0.0000
"16003.0",10,0,0.0000,203,0,0.0000,0.0000
"16004.0",5,0,0.0000,90,0,0.0000,0.0000
"16006.0",2,0,0.0000,82,0,0.0000,0.0000
"16007.0",7,0,0.0000,666,0,0.0000,0.0000
"16008.0",15,0,0.0000,254,0,0.0000,0.0000
"16009.0",4,0,0.0000,90,0,0.0000,0.0000
"16012.0",5,0,0.0000,241,0,0.0000,0.0000
"16017.0",5,0,0.0000,131,0,0.0000,0.0000
"16018.0",4,0,0.0000,56,0,0.0000,0.0000
"16020.0",3,0,0.0000,46,0,0.0000,0.0000
"16021.0",2,0,0.0000,145,0,0.0000,0.0000
"16022.0",1,0,0.0000,76,0,0.0000,0.0000
"16023.0",3,0,0.0000,101,0,0.0000,0.0000
"16024.0",3,0,0.0000,86,0,0.0000,0.0000
"16025.0",1,0,0.0000,28,0,0.0000,0.0000
"16026.0",1,0,0.0000,32,0,0.0000,0.0000
"16028.0",1,0,0.0000,5,0,0.0000,0.0000
"16030.0",1,0,0.0000,29,0,0.0000,0.0000
"16031.0",2,0,0.0000,100,0,0.0000,0.0000
"16032.0",6,0,0.0000,212,0,0.0000,0.0000
"16035.0",1,0,0.0000,21,0,0.0000,0.0000
"16036.0",4,0,0.0000,140,0,0.0000,0.0000
"16041.0",3,0,0.0000,6,0,0.0000,0.0000
"16043.0",8,0,0.0000,73,0,0.0000,0.0000
"16044.0",1,0,0.0000,19,0,0.0000,0.0000
"16046.0",1,0,0.0000,22,0,0.0000,0.0000
"16047.0",1,0,0.0000,1,0,0.0000,0.0000
"16049.0",6,0,0.0000,501,0,0.0000,0.0000
"16050.0",3,0,0.0000,21,0,0.0000,0.0000
"16051.0",1,0,0.0000,12,0,0.0000,0.0000
"16052.0",1,0,0.0000,34,0,0.0000,0.0000
"16055.0",1,0,0.0000,8,0,0.0000,0.0000
"16056.0",1,0,0.0000,68,0,0.0000,0.0000
"16058.0",1,0,0.0000,2,0,0.0000,0.0000
"16059.0",12,0,0.0000,422,0,0.0000,0.0000
"16060.0",3,0,0.0000,24,0,0.0000,0.0000
"16062.0",8,0,0.0000,185,0,0.0000,0.0000
"16063.0",1,0,0.0000,23,0,0.0000,0.0000
"16064.0",1,0,0.0000,18,0,0.0000,0.0000
"16066.0",5,0,0.0000,102,0,0.0000,0.0000
"16068.0",1,0,0.0000,39,0,0.0000,0.0000
"16069.0",1,0,0.0000,25,0,0.0000,0.0000
"16070.0",2,0,0.0000,33,0,0.0000,0.0000
"16071.0",4,0,0.0000,73,0,0.0000,0.0000
"16072.0",4,0,0.0000,556,0,0.0000,0.0000
"16073.0",2,1,0.5000,2,1,0.5000,0.0000
"16074.0",1,0,0.0000,26,0,0.0000,0.0000
"16078.0",2,0,0.0000,39,0,0.0000,0.0000
"16079.0",3,0,0.0000,21,0,0.0000,0.0000
"16081.0",8,0,0.0000,399,0,0.0000,0.0000
"16082.0",1,0,0.0000,16,0,0.0000,0.0000
"16083.0",4,0,0.0000,71,0,0.0000,0.0000
"16084.0",1,0,0.0000,38,0,0.0000,0.0000
"16087.0",5,0,0.0000,10,0,0.0000,0.0000
"16088.0",2,0,0.0000,6,0,0.0000,0.0000
"16089.0",2,0,0.0000,50,0,0.0000,0.0000
"16090.0",1,0,0.0000,20,0,0.0000,0.0000
"16091.0",2,0,0.0000,18,0,0.0000,0.0000
"16093.0",1,0,0.0000,1,0,0.0000,0.0000
"16095.0",1,0,0.0000,30,0,0.0000,0.0000
"16096.0",4,0,0.0000,66,0,0.0000,0.0000
"16097.0",1,0,0.0000,10,0,0.0000,0.0000
"16098.0",14,0,0.0000,163,0,0.0000,0.0000
"16100.0",1,0,0.0000,37,0,0.0000,0.0000
"16102.0",3,0,0.0000,57,0,0.0000,0.0000
"16105.0",5,0,0.0000,110,0,0.0000,0.0000
"16106.0",1,0,0.0000,6,0,0.0000,0.0000
"16107.0",7,0,0.0000,31,0,0.0000,0.0000
"16110.0",4,0,0.0000,449,0,0.0000,0.0000
"16111.0",1,0,0.0000,75,0,0.0000,0.0000
"16112.0",4,0,0.0000,16,0,0.0000,0.0000
"16113.0",1,0,0.0000,30,0,0.0000,0.0000
"16114.0",1,0,0.0000,8,0,0.0000,0.0000
"16115.0",12,0,0.0000,428,0,0.0000,0.0000
"16119.0",8,0,0.0000,54,0,0.0000,0.0000
"16122.0",6,0,0.0000,64,0,0.0000,0.0000
"16123.0",1,0,0.0000,16,0,0.0000,0.0000
"16125.0",14,0,0.0000,301,0,0.0000,0.0000
"16126.0",15,0,0.0000,384,0,0.0000,0.0000
"16127.0",2,0,0.0000,75,0,0.0000,0.0000
"16129.0",3,0,0.0000,96,0,0.0000,0.0000
"16130.0",4,0,0.0000,55,0,0.0000,0.0000
"16132.0",2,0,0.0000,17,0,0.0000,0.0000
"16135.0",2,0,0.0000,39,0,0.0000,0.0000
"16137.0",1,0,0.0000,28,0,0.0000,0.0000
"16139.0",5,0,0.0000,57,0,0.0000,0.0000
"16141.0",2,0,0.0000,50,0,0.0000,0.0000
"16142.0",1,0,0.0000,37,0,0.0000,0.0000
"16144.0",1,0,0.0000,1,0,0.0000,0.0000
"16146.0",4,0,0.0000,41,0,0.0000,0.0000
"16149.0",3,0,0.0000,30,0,0.0000,0.0000
"16151.0",1,1,1.0000,1,1,1.0000,0.0000
"16152.0",1,0,0.0000,29,0,0.0000,0.0000
"16154.0",1,1,1.0000,1,1,1.0000,0.0000
"16162.0",1,0,0.0000,2,0,0.0000,0.0000
"16165.0",1,0,0.0000,1,0,0.0000,0.0000
"16169.0",4,0,0.0000,85,0,0.0000,0.0000
"16171.0",1,0,0.0000,3,0,0.0000,0.0000
"16172.0",8,0,0.0000,113,0,0.0000,0.0000
"16174.0",7,0,0.0000,65,0,0.0000,0.0000
"16175.0",7,0,0.0000,98,0,0.0000,0.0000
"16178.0",2,0,0.0000,25,0,0.0000,0.0000
"16179.0",1,0,0.0000,11,0,0.0000,0.0000
"16181.0",1,0,0.0000,11,0,0.0000,0.0000
"16182.0",9,0,0.0000,51,0,0.0000,0.0000
"16183.0",4,0,0.0000,41,0,0.0000,0.0000
"16185.0",3,0,0.0000,40,0,0.0000,0.0000
"16189.0",2,0,0.0000,11,0,0.0000,0.0000
"16190.0",8,0,0.0000,119,0,0.0000,0.0000
"16192.0",1,0,0.0000,11,0,0.0000,0.0000
"16193.0",2,0,0.0000,38,0,0.0000,0.0000
"16194.0",1,0,0.0000,8,0,0.0000,0.0000
"16195.0",1,0,0.0000,16,0,0.0000,0.0000
"16196.0",1,0,0.0000,4,0,0.0000,0.0000
"16197.0",9,0,0.0000,93,0,0.0000,0.0000
"16198.0",2,0,0.0000,33,0,0.0000,0.0000
"16199.0",7,0,0.0000,10,0,0.0000,0.0000
"16205.0",7,0,0.0000,200,0,0.0000,0.0000
"16207.0",1,0,0.0000,19,0,0.0000,0.0000
"16208.0",10,0,0.0000,253,0,0.0000,0.0000
"16209.0",9,0,0.0000,67,0,0.0000,0.0000
"16213.0",1,0,0.0000,6,0,0.0000,0.0000
"16214.0",4,0,0.0000,98,0,0.0000,0.0000
"16215.0",1,0,0.0000,14,0,0.0000,0.0000
"16216.0",1,0,0.0000,37,0,0.0000,0.0000
"16219.0",1,0,0.0000,1,0,0.0000,0.0000
"16220.0",1,1,1.0000,1,1,1.0000,0.0000
"16222.0",2,0,0.0000,160,0,0.0000,0.0000
"16223.0",2,0,0.0000,126,0,0.0000,0.0000
"16224.0",5,0,0.0000,116,0,0.0000,0.0000
"16226.0",5,0,0.0000,31,0,0.0000,0.0000
"16230.0",2,0,0.0000,35,0,0.0000,0.0000
"16231.0",4,0,0.0000,101,0,0.0000,0.0000
"16236.0",1,0,0.0000,20,0,0.0000,0.0000
"16237.0",1,0,0.0000,7,0,0.0000,0.0000
"16238.0",1,0,0.0000,6,0,0.0000,0.0000
"16241.0",16,0,0.0000,994,0,0.0000,0.0000
"16243.0",2,0,0.0000,51,0,0.0000,0.0000
"16244.0",2,0,0.0000,154,0,0.0000,0.0000
"16246.0",2,0,0.0000,89,0,0.0000,0.0000
"16247.0",1,0,0.0000,16,0,0.0000,0.0000
"16248.0",1,0,0.0000,7,0,0.0000,0.0000
"16249.0",5,0,0.0000,69,0,0.0000,0.0000
"16250.0",3,0,0.0000,49,0,0.0000,0.0000
"16251.0",1,0,0.0000,20,0,0.0000,0.0000
"16254.0",3,0,0.0000,75,0,0.0000,0.0000
"16257.0",1,0,0.0000,2,0,0.0000,0.0000
"16259.0",3,0,0.0000,93,0,0.0000,0.0000
"16260.0",1,0,0.0000,18,0,0.0000,0.0000
"16261.0",6,0,0.0000,168,0,0.0000,0.0000
"16263.0",1,0,0.0000,24,0,0.0000,0.0000
"16264.0",2,0,0.0000,66,0,0.0000,0.0000
"16266.0",14,0,0.0000,109,0,0.0000,0.0000
"16267.0",1,0,0.0000,7,0,0.0000,0.0000
"16268.0",2,0,0.0000,45,0,0.0000,0.0000
"16270.0",1,0,0.0000,54,0,0.0000,0.0000
"16272.0",1,0,0.0000,25,0,0.0000,0.0000
"16273.0",2,0,0.0000,16,0,0.0000,0.0000
"16274.0",1,0,0.0000,134,0,0.0000,0.0000
"16275.0",3,0,0.0000,111,0,0.0000,0.0000
"16276.0",3,0,0.0000,26,0,0.0000,0.0000
"16277.0",1,0,0.0000,23,0,0.0000,0.0000
"16280.0",1,0,0.0000,16,0,0.0000,0.0000
"16282.0",3,0,0.0000,33,0,0.0000,0.0000
"16284.0",3,0,0.0000,139,0,0.0000,0.0000
"16285.0",1,0,0.0000,31,0,0.0000,0.0000
"16287.0",5,0,0.0000,42,0,0.0000,0.0000
"16288.0",1,0,0.0000,7,0,0.0000,0.0000
"16290.0",4,0,0.0000,131,0,0.0000,0.0000
"16291.0",1,0,0.0000,1,0,0.0000,0.0000
"16294.0",1,0,0.0000,8,0,0.0000,0.0000
"16295.0",4,0,0.0000,79,0,0.0000,0.0000
"16300.0",3,0,0.0000,249,0,0.0000,0.0000
"16301.0",1,0,0.0000,6,0,0.0000,0.0000
"16304.0",1,0,0.0000,25,0,0.0000,0.0000
"16305.0",1,0,0.0000,22,0,0.0000,0.0000
"16307.0",3,0,0.0000,75,0,0.0000,0.0000
"16308.0",7,0,0.0000,7,0,0.0000,0.0000
"16310.0",2,0,0.0000,28,0,0.0000,0.0000
"16311.0",2,0,0.0000,37,0,0.0000,0.0000
"16312.0",1,0,0.0000,10,0,0.0000,0.0000
"16313.0",2,0,0.0000,16,0,0.0000,0.0000
"16314.0",3,0,0.0000,62,0,0.0000,0.0000
"16315.0",2,0,0.0000,23,0,0.0000,0.0000
"16318.0",1,0,0.0000,19,0,0.0000,0.0000
"16319.0",1,0,0.0000,3,0,0.0000,0.0000
"16322.0",2,0,0.0000,37,0,0.0000,0.0000
"16323.0",2,0,0.0000,4,0,0.0000,0.0000
"16324.0",3,0,0.0000,118,0,0.0000,0.0000
"16328.0",1,0,0.0000,16,0,0.0000,0.0000
"16329.0",4,0,0.0000,115,0,0.0000,0.0000
"16331.0",6,0,0.0000,34,0,0.0000,0.0000
"16333.0",22,0,0.0000,45,0,0.0000,0.0000
"16334.0",1,0,0.0000,58,0,0.0000,0.0000
"16336.0",4,0,0.0000,68,0,0.0000,0.0000
"16337.0",1,0,0.0000,10,0,0.0000,0.0000
"16338.0",1,0,0.0000,11,0,0.0000,0.0000
"16339.0",1,0,0.0000,20,0,0.0000,0.0000
"16340.0",3,0,0.0000,377,0,0.0000,0.0000
"16342.0",4,0,0.0000,15,0,0.0000,0.0000
"16343.0",3,0,0.0000,86,0,0.0000,0.0000
"16344.0",4,0,0.0000,46,0,0.0000,0.0000
"16345.0",2,0,0.0000,111,0,0.0000,0.0000
"16346.0",1,0,0.0000,15,0,0.0000,0.0000
"16348.0",8,0,0.0000,266,0,0.0000,0.0000
"16349.0",1,0,0.0000,9,0,0.0000,0.0000
"16352.0",2,0,0.0000,28,0,0.0000,0.0000
"16354.0",5,0,0.0000,142,0,0.0000,0.0000
"16357.0",4,0,0.0000,47,0,0.0000,0.0000
"16361.0",4,0,0.0000,106,0,0.0000,0.0000
"16363.0",1,0,0.0000,5,0,0.0000,0.0000
"16364.0",2,0,0.0000,53,0,0.0000,0.0000
"16366.0",4,0,0.0000,78,0,0.0000,0.0000
"16367.0",3,0,0.0000,229,0,0.0000,0.0000
"16368.0",3,0,0.0000,98,0,0.0000,0.0000
"16369.0",7,0,0.0000,170,0,0.0000,0.0000
"16370.0",4,0,0.0000,228,0,0.0000,0.0000
"16371.0",1,0,0.0000,11,0,0.0000,0.0000
"16373.0",2,0,0.0000,29,0,0.0000,0.0000
"16374.0",5,0,0.0000,358,0,0.0000,0.0000
"16375.0",2,0,0.0000,13,0,0.0000,0.0000
"16377.0",2,0,0.0000,10,0,0.0000,0.0000
"16378.0",3,0,0.0000,23,0,0.0000,0.0000
"16380.0",1,0,0.0000,32,0,0.0000,0.0000
"16381.0",2,0,0.0000,65,0,0.0000,0.0000
"16382.0",2,0,0.0000,44,0,0.0000,0.0000
"16384.0",4,0,0.0000,81,0,0.0000,0.0000
"16385.0",5,0,0.0000,137,0,0.0000,0.0000
"16386.0",3,0,0.0000,147,0,0.0000,0.0000
"16387.0",5,0,0.0000,96,0,0.0000,0.0000
"16388.0",1,0,0.0000,13,0,0.0000,0.0000
"16390.0",3,0,0.0000,21,0,0.0000,0.0000
"16391.0",4,0,0.0000,331,0,0.0000,0.0000
"16392.0",3,0,0.0000,149,0,0.0000,0.0000
"16397.0",1,0,0.0000,11,0,0.0000,0.0000
"16399.0",3,0,0.0000,113,0,0.0000,0.0000
"16400.0",9,0,0.0000,281,0,0.0000,0.0000
"16402.0",2,0,0.0000,117,0,0.0000,0.0000
"16405.0",2,0,0.0000,5,0,0.0000,0.0000
"16407.0",14,0,0.0000,232,0,0.0000,0.0000
"16408.0",1,0,0.0000,45,0,0.0000,0.0000
"16409.0",12,0,0.0000,791,0,0.0000,0.0000
"16410.0",1,0,0.0000,5,0,0.0000,0.0000
"16411.0",4,0,0.0000,207,0,0.0000,0.0000
"16412.0",5,0,0.0000,136,0,0.0000,0.0000
"16413.0",2,0,0.0000,69,0,0.0000,0.0000
"16414.0",5,0,0.0000,64,0,0.0000,0.0000
"16415.0",3,0,0.0000,162,0,0.0000,0.0000
"16417.0",1,0,0.0000,1,0,0.0000,0.0000
"16418.0",5,0,0.0000,169,0,0.0000,0.0000
"16420.0",1,0,0.0000,2,0,0.0000,0.0000
"16421.0",3,0,0.0000,38,0,0.0000,0.0000
"16423.0",1,0,0.0000,18,0,0.0000,0.0000
"16425.0",1,0,0.0000,21,0,0.0000,0.0000
"16426.0",10,0,0.0000,372,0,0.0000,0.0000
"16427.0",2,0,0.0000,9,0,0.0000,0.0000
"16429.0",1,0,0.0000,2,0,0.0000,0.0000
"16430.0",7,0,0.0000,28,0,0.0000,0.0000
"16431.0",3,0,0.0000,83,0,0.0000,0.0000
"16432.0",1,0,0.0000,8,0,0.0000,0.0000
"16433.0",2,0,0.0000,34,0,0.0000,0.0000
"16435.0",3,0,0.0000,126,0,0.0000,0.0000
"16437.0",2,0,0.0000,21,0,0.0000,0.0000
"16438.0",5,0,0.0000,132,0,0.0000,0.0000
"16439.0",1,0,0.0000,9,0,0.0000,0.0000
"16440.0",6,0,0.0000,307,0,0.0000,0.0000
"16442.0",5,0,0.0000,250,0,0.0000,0.0000
"16443.0",1,0,0.0000,1,0,0.0000,0.0000
"16445.0",4,0,0.0000,192,0,0.0000,0.0000
"16447.0",3,0,0.0000,73,0,0.0000,0.0000
"16448.0",2,0,0.0000,52,0,0.0000,0.0000
"16452.0",2,0,0.0000,18,0,0.0000,0.0000
"16453.0",2,0,0.0000,15,0,0.0000,0.0000
"16454.0",8,4,0.5000,8,4,0.5000,0.0000
"16457.0",1,0,0.0000,9,0,0.0000,0.0000
"16458.0",30,0,0.0000,383,0,0.0000,0.0000
"16459.0",1,0,0.0000,5,0,0.0000,0.0000
"16460.0",3,0,0.0000,135,0,0.0000,0.0000
"16461.0",3,0,0.0000,269,0,0.0000,0.0000
"16462.0",4,1,0.2500,4,1,0.2500,0.0000
"16464.0",3,0,0.0000,236,0,0.0000,0.0000
"16468.0",3,0,0.0000,45,0,0.0000,0.0000
"16469.0",5,0,0.0000,205,0,0.0000,0.0000
"16472.0",2,0,0.0000,39,0,0.0000,0.0000
"16475.0",4,0,0.0000,28,0,0.0000,0.0000
"16477.0",11,0,0.0000,260,0,0.0000,0.0000
"16478.0",3,0,0.0000,17,0,0.0000,0.0000
"16479.0",2,0,0.0000,35,0,0.0000,0.0000
"16480.0",1,0,0.0000,53,0,0.0000,0.0000
"16482.0",1,0,0.0000,18,0,0.0000,0.0000
"16483.0",1,0,0.0000,19,0,0.0000,0.0000
"16486.0",1,0,0.0000,7,0,0.0000,0.0000
"16487.0",2,0,0.0000,35,0,0.0000,0.0000
"16489.0",2,0,0.0000,6,0,0.0000,0.0000
"16492.0",1,0,0.0000,23,0,0.0000,0.0000
"16494.0",1,0,0.0000,50,0,0.0000,0.0000
"16495.0",3,0,0.0000,97,0,0.0000,0.0000
"16497.0",23,0,0.0000,337,0,0.0000,0.0000
"16501.0",1,0,0.0000,207,0,0.0000,0.0000
"16502.0",2,0,0.0000,43,0,0.0000,0.0000
"16504.0",1,0,0.0000,86,0,0.0000,0.0000
"16505.0",1,0,0.0000,4,0,0.0000,0.0000
"16506.0",2,0,0.0000,3,0,0.0000,0.0000
"16507.0",1,0,0.0000,43,0,0.0000,0.0000
"16508.0",1,0,0.0000,45,0,0.0000,0.0000
"16509.0",1,0,0.0000,13,0,0.0000,0.0000
"16510.0",6,0,0.0000,131,0,0.0000,0.0000
"16511.0",6,0,0.0000,320,0,0.0000,0.0000
"16512.0",1,1,1.0000,1,1,1.0000,0.0000
"16513.0",4,0,0.0000,35,0,0.0000,0.0000
"16514.0",1,1,1.0000,1,1,1.0000,0.0000
"16515.0",10,0,0.0000,240,0,0.0000,0.0000
"16516.0",1,0,0.0000,6,0,0.0000,0.0000
"16517.0",1,0,0.0000,17,0,0.0000,0.0000
"16519.0",4,0,0.0000,42,0,0.0000,0.0000
"16521.0",3,0,0.0000,239,0,0.0000,0.0000
"16522.0",2,0,0.0000,18,0,0.0000,0.0000
"16524.0",2,0,0.0000,54,0,0.0000,0.0000
"16526.0",2,0,0.0000,35,0,0.0000,0.0000
"16527.0",2,0,0.0000,77,0,0.0000,0.0000
"16528.0",1,0,0.0000,17,0,0.0000,0.0000
"16529.0",4,0,0.0000,129,0,0.0000,0.0000
"16530.0",1,0,0.0000,3,0,0.0000,0.0000
"16532.0",5,0,0.0000,6,0,0.0000,0.0000
"16534.0",1,0,0.0000,36,0,0.0000,0.0000
"16535.0",3,0,0.0000,76,0,0.0000,0.0000
"16537.0",1,0,0.0000,4,0,0.0000,0.0000
"16538.0",3,0,0.0000,43,0,0.0000,0.0000
"16539.0",10,0,0.0000,152,0,0.0000,0.0000
"16540.0",1,0,0.0000,37,0,0.0000,0.0000
"16542.0",2,0,0.0000,14,0,0.0000,0.0000
"16545.0",2,0,0.0000,8,0,0.0000,0.0000
"16547.0",1,0,0.0000,27,0,0.0000,0.0000
"16548.0",1,0,0.0000,6,0,0.0000,0.0000
"16551.0",7,0,0.0000,88,0,0.0000,0.0000
"16552.0",2,0,0.0000,22,0,0.0000,0.0000
"16557.0",2,0,0.0000,11,0,0.0000,0.0000
"16559.0",1,0,0.0000,18,0,0.0000,0.0000
"16561.0",2,0,0.0000,31,0,0.0000,0.0000
"16562.0",1,0,0.0000,34,0,0.0000,0.0000
"16564.0",1,0,0.0000,5,0,0.0000,0.0000
"16567.0",2,0,0.0000,35,0,0.0000,0.0000
"16568.0",2,0,0.0000,5,0,0.0000,0.0000
"16569.0",5,0,0.0000,35,0,0.0000,0.0000
"16574.0",3,0,0.0000,86,0,0.0000,0.0000
"16575.0",1,1,1.0000,1,1,1.0000,0.0000
"16577.0",1,0,0.0000,23,0,0.0000,0.0000
"16578.0",1,0,0.0000,9,0,0.0000,0.0000
"16580.0",1,1,1.0000,2,2,1.0000,0.0000
"16582.0",1,0,0.0000,6,0,0.0000,0.0000
"16583.0",2,0,0.0000,32,0,0.0000,0.0000
"16585.0",2,0,0.0000,18,0,0.0000,0.0000
"16586.0",3,0,0.0000,28,0,0.0000,0.0000
"16587.0",1,0,0.0000,13,0,0.0000,0.0000
"16588.0",4,0,0.0000,71,0,0.0000,0.0000
"16589.0",4,0,0.0000,44,0,0.0000,0.0000
"16591.0",1,0,0.0000,10,0,0.0000,0.0000
"16594.0",1,0,0.0000,53,0,0.0000,0.0000
"16595.0",5,0,0.0000,474,0,0.0000,0.0000
"16596.0",4,0,0.0000,30,0,0.0000,0.0000
"16597.0",1,0,0.0000,7,0,0.0000,0.0000
"16599.0",1,0,0.0000,12,0,0.0000,0.0000
"16601.0",3,0,0.0000,72,0,0.0000,0.0000
"16603.0",2,0,0.0000,34,0,0.0000,0.0000
"16605.0",1,0,0.0000,1,0,0.0000,0.0000
"16606.0",2,0,0.0000,22,0,0.0000,0.0000
"16608.0",2,0,0.0000,122,0,0.0000,0.0000
"16610.0",1,0,0.0000,6,0,0.0000,0.0000
"16613.0",1,0,0.0000,30,0,0.0000,0.0000
"16614.0",3,0,0.0000,49,0,0.0000,0.0000
"16616.0",2,0,0.0000,33,0,0.0000,0.0000
"16617.0",1,0,0.0000,5,0,0.0000,0.0000
"16620.0",6,0,0.0000,94,0,0.0000,0.0000
"16621.0",4,0,0.0000,29,0,0.0000,0.0000
"16624.0",2,0,0.0000,48,0,0.0000,0.0000
"16627.0",1,0,0.0000,20,0,0.0000,0.0000
"16629.0",2,0,0.0000,64,0,0.0000,0.0000
"16632.0",2,0,0.0000,27,0,0.0000,0.0000
"16635.0",1,0,0.0000,25,0,0.0000,0.0000
"16636.0",4,0,0.0000,73,0,0.0000,0.0000
"16640.0",1,0,0.0000,13,0,0.0000,0.0000
"16641.0",2,0,0.0000,36,0,0.0000,0.0000
"16644.0",2,0,0.0000,62,0,0.0000,0.0000
"16645.0",1,0,0.0000,14,0,0.0000,0.0000
"16647.0",4,0,0.0000,33,0,0.0000,0.0000
"16649.0",1,0,0.0000,20,0,0.0000,0.0000
"16650.0",7,0,0.0000,98,0,0.0000,0.0000
"16651.0",1,0,0.0000,6,0,0.0000,0.0000
"16657.0",4,0,0.0000,208,0,0.0000,0.0000
"16659.0",1,0,0.0000,2,0,0.0000,0.0000
"16662.0",1,0,0.0000,29,0,0.0000,0.0000
"16663.0",1,0,0.0000,1,0,0.0000,0.0000
"16664.0",1,0,0.0000,8,0,0.0000,0.0000
"16665.0",1,0,0.0000,9,0,0.0000,0.0000
"16666.0",2,0,0.0000,50,0,0.0000,0.0000
"16667.0",2,0,0.0000,53,0,0.0000,0.0000
"16668.0",13,0,0.0000,53,0,0.0000,0.0000
"16671.0",3,0,0.0000,6,0,0.0000,0.0000
"16673.0",1,0,0.0000,20,0,0.0000,0.0000
"16674.0",2,0,0.0000,98,0,0.0000,0.0000
"16675.0",2,0,0.0000,23,0,0.0000,0.0000
