"invoice_no","invoice_date","stock_code","description","quantity","unit_price","line_total"
"489788","2009-12-02 11:55:00","48111","DOOR MAT 3 SMILEY CATS",2,6.75,13.50
"489788","2009-12-02 11:55:00","84029E","RED WOOLLY HOTTIE WHITE HEART.",2,3.75,7.50
"489788","2009-12-02 11:55:00","22175","PINK OWL SOFT TOY",3,2.95,8.85
"489788","2009-12-02 11:55:00","22112","CHOCOLATE HOT WATER BOTTLE",2,4.95,9.90
"489788","2009-12-02 11:55:00","21663","VINTAGE GLASS SUGAR CADDY",1,5.95,5.95
"489788","2009-12-02 11:55:00","21589","SWALLOW GIANT TUBE MATCHES",2,2.55,5.10
"489788","2009-12-02 11:55:00","21175","GIN + TONIC DIET METAL SIGN",2,2.10,4.20
"489788","2009-12-02 11:55:00","21166","COOK WITH WINE METAL SIGN ",1,1.95,1.95
"489788","2009-12-02 11:55:00","21163","DO NOT TOUCH MY STUFF DOOR HANGER ",1,1.45,1.45
"489788","2009-12-02 11:55:00","20886","BOX OF 9 PEBBLE CANDLES",6,1.95,11.70
"489788","2009-12-02 11:55:00","22114","HOT WATER BOTTLE TEA AND SYMPATHY",2,3.95,7.90
"489788","2009-12-02 11:55:00","84029G","KNITTED UNION FLAG HOT WATER BOTTLE",3,3.75,11.25
"489788","2009-12-02 11:55:00","22176","BLUE OWL SOFT TOY",3,2.95,8.85
"489788","2009-12-02 11:55:00","22315","200 RED + WHITE BENDY STRAWS",1,1.25,1.25
"489788","2009-12-02 11:55:00","72811","SMALL ZINC/GLASS CANDLEHOLDER",4,1.49,5.96
"489788","2009-12-02 11:55:00","22125","UNION JACK HOT WATER BOTTLE ",2,5.95,11.90
"489788","2009-12-02 11:55:00","20713","JUMBO BAG OWLS",1,1.95,1.95
"490636","2009-12-07 12:08:00","22112","CHOCOLATE HOT WATER BOTTLE",4,4.95,19.80
"490636","2009-12-07 12:08:00","22114","HOT WATER BOTTLE TEA AND SYMPATHY",4,3.95,15.80
"490636","2009-12-07 12:08:00","22119"," PEACE WOODEN BLOCK LETTERS",2,6.95,13.90
"490636","2009-12-07 12:08:00","22170","PICTURE FRAME WOOD TRIPLE PORTRAIT",1,6.75,6.75
"490636","2009-12-07 12:08:00","22175","PINK OWL SOFT TOY",5,2.95,14.75
"490636","2009-12-07 12:08:00","22176","BLUE OWL SOFT TOY",5,2.95,14.75
"490636","2009-12-07 12:08:00","22189","CREAM HEART CARD HOLDER",2,3.95,7.90
"490636","2009-12-07 12:08:00","35004S","SET OF 3 SILVER FLYING DUCKS",4,6.35,25.40
"490636","2009-12-07 12:08:00","48111","DOOR MAT 3 SMILEY CATS",4,6.75,27.00
"490636","2009-12-07 12:08:00","48188","DOOR MAT WELCOME PUPPIES",4,6.75,27.00
"490636","2009-12-07 12:08:00","72351B","SET/6 PINK  BUTTERFLY T-LIGHTS",1,2.10,2.10
"490636","2009-12-07 12:08:00","72739C","DARK CHOCOLATE SCENTCANDLE",4,1.25,5.00
"490636","2009-12-07 12:08:00","72756","FAIRY CAKE CANDLES",9,1.49,13.41
"490636","2009-12-07 12:08:00","72811","SMALL ZINC/GLASS CANDLEHOLDER",12,1.49,17.88
"490636","2009-12-07 12:08:00","82585","SWEET VALENCIA CANDLE+CUP",4,1.25,5.00
"490636","2009-12-07 12:08:00","82587","TEXRIO TOMATOES CANDLE+CUP",4,1.25,5.00
"490636","2009-12-07 12:08:00","84050","PINK HEART SHAPE EGG FRYING PAN",2,1.65,3.30
"490636","2009-12-07 12:08:00","84792","ENCHANTED BIRD COATHANGER 5 HOOK",2,4.65,9.30
"490636","2009-12-07 12:08:00","85117","NIGHTINGALE COATHOOK WHITE",1,1.65,1.65
"490636","2009-12-07 12:08:00","21186","WHITE DOVE HONEYCOMB PAPER GARLAND",3,1.65,4.95
"490636","2009-12-07 12:08:00","21175","GIN + TONIC DIET METAL SIGN",1,2.10,2.10
"490636","2009-12-07 12:08:00","21137","BLACK RECORD COVER FRAME",4,3.75,15.00
"490636","2009-12-07 12:08:00","20940","SET/6 GARDEN GNOME T-LIGHT CANDLES",3,2.95,8.85
"490636","2009-12-07 12:08:00","21552","CERAMIC BIRDHOUSE BLACK ROSE  LARGE",2,5.95,11.90
"490636","2009-12-07 12:08:00","21554","CERAMIC BIRDHOUSE RED ROOF LARGE",2,5.95,11.90
"490636","2009-12-07 12:08:00","21584","RETRO SPOT SMALL TUBE MATCHES",1,1.65,1.65
"490636","2009-12-07 12:08:00","21175","GIN + TONIC DIET METAL SIGN",2,2.10,4.20
"490636","2009-12-07 12:08:00","21592","RETRO SPOT  CIGAR BOX MATCHES ",1,1.25,1.25
"490636","2009-12-07 12:08:00","21593","SWALLOW CIGAR BOX MATCHES ",1,1.25,1.25
"490636","2009-12-07 12:08:00","21714","CITRONELLA CANDLE GARDEN POT",2,1.25,2.50
"490636","2009-12-07 12:08:00","21755","LOVE BUILDING BLOCK WORD",3,5.95,17.85
"490636","2009-12-07 12:08:00","21899","KEY FOB , GARAGE DESIGN",12,0.65,7.80
"490636","2009-12-07 12:08:00","21900","KEY FOB , SHED",10,0.65,6.50
"490636","2009-12-07 12:08:00","21901","KEY FOB , BACK DOOR ",10,0.65,6.50
"490636","2009-12-07 12:08:00","21902","KEY FOB , FRONT  DOOR ",10,0.65,6.50
"490636","2009-12-07 12:08:00","22083","PAPER CHAIN KIT RETRO SPOT",4,2.95,11.80
"490636","2009-12-07 12:08:00","21181","PLEASE ONE PERSON  METAL SIGN",1,2.10,2.10
"490636","2009-12-07 12:08:00","21181","PLEASE ONE PERSON  METAL SIGN",2,2.10,4.20
"490636","2009-12-07 12:08:00","21255","FRENCH BOTTLE , LAVENDER",3,1.65,4.95
"490636","2009-12-07 12:08:00","21256","FRENCH BOTTLE, BRASSERIE DES ARTIST",3,1.65,4.95
"490636","2009-12-07 12:08:00","21523","FANCY FONT HOME SWEET HOME DOORMAT",4,6.75,27.00
"490636","2009-12-07 12:08:00","21547","CERAMIC BIRDHOUSE CRESTED TIT SMALL",2,2.95,5.90
"490636","2009-12-07 12:08:00","21549","CERAMIC BIRDHOUSE RED ROOF SMALL",2,2.95,5.90
"490636","2009-12-07 12:08:00","21551","CERAMIC BIRDHOUSE BUTTERFLY LARGE",2,5.95,11.90
"492465","2009-12-17 11:33:00","84029G","KNITTED UNION FLAG HOT WATER BOTTLE",3,3.75,11.25
"492465","2009-12-17 11:33:00","84510C","SET OF 4 POLKADOTS COASTERS",4,1.25,5.00
"492465","2009-12-17 11:33:00","84510F","SET OF 4 NEW ENGLAND COASTERS ",2,1.25,2.50
"492465","2009-12-17 11:33:00","85099C","JUMBO  BAG BAROQUE BLACK WHITE",4,1.95,7.80
"492465","2009-12-17 11:33:00","72351B","SET/6 PINK  BUTTERFLY T-LIGHTS",2,2.10,4.20
"492465","2009-12-17 11:33:00","84510A","SET OF 4 ENGLISH ROSE COASTERS",2,1.25,2.50
"492465","2009-12-17 11:33:00","21754","HOME BUILDING BLOCK WORD",5,5.95,29.75
"492465","2009-12-17 11:33:00","21523","FANCY FONT HOME SWEET HOME DOORMAT",3,6.75,20.25
"492465","2009-12-17 11:33:00","21593","SWALLOW CIGAR BOX MATCHES ",3,1.25,3.75
"492465","2009-12-17 11:33:00","21181","PLEASE ONE PERSON  METAL SIGN",3,2.10,6.30
"492465","2009-12-17 11:33:00","21584","RETRO SPOT SMALL TUBE MATCHES",3,1.65,4.95
"492465","2009-12-17 11:33:00","21755","LOVE BUILDING BLOCK WORD",4,5.95,23.80
"492465","2009-12-17 11:33:00","22112","CHOCOLATE HOT WATER BOTTLE",3,4.95,14.85
"492465","2009-12-17 11:33:00","22114","HOT WATER BOTTLE TEA AND SYMPATHY",3,3.95,11.85
"492465","2009-12-17 11:33:00","22175","PINK OWL SOFT TOY",2,2.95,5.90
"492465","2009-12-17 11:33:00","22189","CREAM HEART CARD HOLDER",4,3.95,15.80
"492465","2009-12-17 11:33:00","35004S","SET OF 3 SILVER FLYING DUCKS",12,1.95,23.40
"C492496","2009-12-17 11:48:00","35004S","SET OF 3 SILVER FLYING DUCKS",-1,6.35,-6.35
"492500","2009-12-17 11:49:00","84050","PINK HEART SHAPE EGG FRYING PAN",4,1.65,6.60
"494915","2010-01-19 17:12:00","21255","FRENCH BOTTLE , LAVENDER",5,1.65,8.25
"494915","2010-01-19 17:12:00","16161E","WRAP BOUDOIR ",50,0.10,5.00
"494915","2010-01-19 17:12:00","16161G","WRAP BAD HAIR DAY",25,0.10,2.50
"494915","2010-01-19 17:12:00","20713","JUMBO BAG OWLS",6,1.95,11.70
"494915","2010-01-19 17:12:00","20718","RED SPOTTY SHOPPER BAG",10,1.25,12.50
"494915","2010-01-19 17:12:00","20798","CLEAR MILKSHAKE GLASS",4,2.10,8.40
"494915","2010-01-19 17:12:00","20941","FROG CANDLE",6,1.25,7.50
"494915","2010-01-19 17:12:00","21067","VINTAGE RED TEATIME MUG",6,1.25,7.50
"494915","2010-01-19 17:12:00","21068","VINTAGE BILLBOARD LOVE/HATE MUG",12,1.25,15.00
"494915","2010-01-19 17:12:00","21122","SET/10 PINK SPOTTY PARTY CANDLES",3,1.25,3.75
"494915","2010-01-19 17:12:00","21123","SET/10 IVORY SPOTTY PARTY CANDLES",1,1.25,1.25
"494915","2010-01-19 17:12:00","21123","SET/10 IVORY SPOTTY PARTY CANDLES",2,1.25,2.50
"494915","2010-01-19 17:12:00","21137","BLACK RECORD COVER FRAME",10,3.75,37.50
"494915","2010-01-19 17:12:00","21175","GIN + TONIC DIET METAL SIGN",12,2.10,25.20
"494915","2010-01-19 17:12:00","21181","PLEASE ONE PERSON  METAL SIGN",12,2.10,25.20
"494915","2010-01-19 17:12:00","21256","FRENCH BOTTLE, BRASSERIE DES ARTIST",4,1.65,6.60
"494915","2010-01-19 17:12:00","21326","AGED GLASS SILVER T-LIGHT HOLDER",12,0.65,7.80
"494915","2010-01-19 17:12:00","21547","CERAMIC BIRDHOUSE CRESTED TIT SMALL",2,2.95,5.90
"494915","2010-01-19 17:12:00","21548","CERAMIC BIRDHOUSE FINCH BLUE ROOF",2,2.95,5.90
"494915","2010-01-19 17:12:00","21550","CERAMIC BIRDHOUSE CRESTED TIT LARGE",1,5.95,5.95
"494915","2010-01-19 17:12:00","21554","CERAMIC BIRDHOUSE RED ROOF LARGE",1,5.95,5.95
"494915","2010-01-19 17:12:00","21589","SWALLOW GIANT TUBE MATCHES",6,2.55,15.30
"494915","2010-01-19 17:12:00","21590","KINGS CHOICE CIGAR BOX MATCHES ",10,1.25,12.50
"494915","2010-01-19 17:12:00","21664","RIDGED GLASS STORAGE JAR CREAM LID",3,3.75,11.25
"494915","2010-01-19 17:12:00","21755","LOVE BUILDING BLOCK WORD",2,5.95,11.90
"494915","2010-01-19 17:12:00","21756","BATH BUILDING BLOCK WORD",4,5.95,23.80
"494915","2010-01-19 17:12:00","21870","I CAN ONLY PLEASE ONE PERSON MUG",6,1.25,7.50
"494915","2010-01-19 17:12:00","21876","POTTERING MUG",6,1.25,7.50
"494915","2010-01-19 17:12:00","21879","HEARTS GIFT TAPE",12,0.65,7.80
"494915","2010-01-19 17:12:00","21908","CHOCOLATE THIS WAY METAL SIGN",12,2.10,25.20
"494915","2010-01-19 17:12:00","21985","PACK OF 12 HEARTS DESIGN TISSUES ",36,0.29,10.44
"494915","2010-01-19 17:12:00","22058","CERAMIC LOVE HEARTS DESIGN MUG",1,1.49,1.49
"494915","2010-01-19 17:12:00","22058","CERAMIC LOVE HEARTS DESIGN MUG",9,1.49,13.41
"494915","2010-01-19 17:12:00","22171","3 HOOK PHOTO SHELF ANTIQUE WHITE",2,8.50,17.00
"494915","2010-01-19 17:12:00","22172","METAL SHELF WITH RAIL ",2,8.50,17.00
"494915","2010-01-19 17:12:00","22189","CREAM HEART CARD HOLDER",6,3.95,23.70
"494915","2010-01-19 17:12:00","22207","FRYING PAN UNION FLAG",3,4.25,12.75
"494915","2010-01-19 17:12:00","35965","FOLKART HEART NAPKIN RINGS",6,2.95,17.70
"494915","2010-01-19 17:12:00","35968","FOLK ART METAL HEART T-LIGHT HOLDER",12,0.38,4.56
"494915","2010-01-19 17:12:00","37340","MULTICOLOUR SPRING FLOWER MUG",12,0.85,10.20
"494915","2010-01-19 17:12:00","37352","BIRD IN TREE MUG ",6,1.25,7.50
"494915","2010-01-19 17:12:00","37461","FUNKY MONKEY MUG",6,1.25,7.50
"494915","2010-01-19 17:12:00","37503","TEA TIME CAKE STAND IN GIFT BOX",2,10.75,21.50
"494915","2010-01-19 17:12:00","48138","DOOR MAT UNION FLAG",10,5.95,59.50
"494915","2010-01-19 17:12:00","48173C","DOOR MAT BLACK FLOCK ",4,6.75,27.00
"494915","2010-01-19 17:12:00","48194","DOORMAT HEARTS",6,6.75,40.50
"494915","2010-01-19 17:12:00","72023F","RED ORGANIC CANDLE IN GLASS",12,1.25,15.00
"494915","2010-01-19 17:12:00","72728","ROSE SCENT CANDLES IN GLASS",9,0.85,7.65
"494915","2010-01-19 17:12:00","72739C","DARK CHOCOLATE SCENTCANDLE",12,1.25,15.00
"494915","2010-01-19 17:12:00","72741","GRAND CHOCOLATECANDLE",9,1.45,13.05
"494915","2010-01-19 17:12:00","82494L","WOODEN FRAME ANTIQUE WHITE ",4,2.95,11.80
"494915","2010-01-19 17:12:00","82578","KITCHEN METAL SIGN",5,0.55,2.75
"494915","2010-01-19 17:12:00","82580","BATHROOM METAL SIGN",4,0.55,2.20
"494915","2010-01-19 17:12:00","82581","TOILET METAL SIGN",3,0.55,1.65
"494915","2010-01-19 17:12:00","82585","SWEET VALENCIA CANDLE+CUP",1,1.25,1.25
"494915","2010-01-19 17:12:00","82585","SWEET VALENCIA CANDLE+CUP",3,1.25,3.75
"494915","2010-01-19 17:12:00","82585","SWEET VALENCIA CANDLE+CUP",4,1.25,5.00
"494915","2010-01-19 17:12:00","82587","TEXRIO TOMATOES CANDLE+CUP",1,1.25,1.25
"494915","2010-01-19 17:12:00","82587","TEXRIO TOMATOES CANDLE+CUP",2,1.25,2.50
"494915","2010-01-19 17:12:00","84029E","RED WOOLLY HOTTIE WHITE HEART.",24,2.95,70.80
"494915","2010-01-19 17:12:00","84050","PINK HEART SHAPE EGG FRYING PAN",1,1.65,1.65
"494915","2010-01-19 17:12:00","84050","PINK HEART SHAPE EGG FRYING PAN",7,1.65,11.55
"494915","2010-01-19 17:12:00","84970S","HANGING HEART ZINC T-LIGHT HOLDER",12,0.85,10.20
"494915","2010-01-19 17:12:00","84978","HANGING HEART JAR T-LIGHT HOLDER",12,1.25,15.00
"494915","2010-01-19 17:12:00","84987","SET OF 36 TEATIME PAPER DOILIES",7,1.45,10.15
"494915","2010-01-19 17:12:00","84988","SET OF 72 PINK HEART PAPER DOILIES",6,1.45,8.70
"494915","2010-01-19 17:12:00","84991","60 TEATIME FAIRY CAKE CASES",8,0.55,4.40
"494915","2010-01-19 17:12:00","84992","72 SWEETHEART FAIRY CAKE CASES",8,0.55,4.40
"494915","2010-01-19 17:12:00","85038","6 CHOCOLATE LOVE HEART T-LIGHTS",10,2.10,21.00
"494915","2010-01-19 17:12:00","85040A","S/4 PINK FLOWER CANDLES IN BOWL",12,1.65,19.80
"494915","2010-01-19 17:12:00","85049C","ROMANTIC PINKS RIBBONS ",4,1.25,5.00
"494915","2010-01-19 17:12:00","85049D","BRIGHT BLUES RIBBONS ",4,1.25,5.00
"494915","2010-01-19 17:12:00","85049H","URBAN BLACK RIBBONS ",4,1.25,5.00
"494915","2010-01-19 17:12:00","85099B","JUMBO BAG RED WHITE SPOTTY ",10,1.95,19.50
"494915","2010-01-19 17:12:00","85099C","JUMBO  BAG BAROQUE BLACK WHITE",7,1.95,13.65
"494915","2010-01-19 17:12:00","85175","CACTI T-LIGHT CANDLES",32,0.42,13.44
"495514","2010-01-25 14:26:00","22085","PAPER CHAIN KIT SKULLS ",2,2.95,5.90
"495514","2010-01-25 14:26:00","22112","CHOCOLATE HOT WATER BOTTLE",2,4.95,9.90
"495514","2010-01-25 14:26:00","22172","METAL SHELF WITH RAIL ",1,8.50,8.50
"495514","2010-01-25 14:26:00","22175","PINK OWL SOFT TOY",3,2.95,8.85
"495514","2010-01-25 14:26:00","22176","BLUE OWL SOFT TOY",3,2.95,8.85
"495514","2010-01-25 14:26:00","22177","5 HOOK BLACKBOARD ORGANISER ",1,9.95,9.95
"495514","2010-01-25 14:26:00","37503","TEA TIME CAKE STAND IN GIFT BOX",1,10.75,10.75
"495514","2010-01-25 14:26:00","48111","DOOR MAT 3 SMILEY CATS",1,6.75,6.75
"495514","2010-01-25 14:26:00","48188","DOOR MAT WELCOME PUPPIES",3,6.75,20.25
"495514","2010-01-25 14:26:00","72351A","SET/6 TURQUOISE BUTTERFLY T-LIGHTS",2,2.10,4.20
"495514","2010-01-25 14:26:00","72351B","SET/6 PINK  BUTTERFLY T-LIGHTS",2,2.10,4.20
"495514","2010-01-25 14:26:00","72728","ROSE SCENT CANDLES IN GLASS",9,0.85,7.65
"495514","2010-01-25 14:26:00","82494L","WOODEN FRAME ANTIQUE WHITE ",2,2.95,5.90
"495514","2010-01-25 14:26:00","21899","KEY FOB , GARAGE DESIGN",6,0.65,3.90
"495514","2010-01-25 14:26:00","82551","LAUNDRY 15C METAL SIGN",2,1.25,2.50
"495514","2010-01-25 14:26:00","85049C","ROMANTIC PINKS RIBBONS ",1,1.25,1.25
"495514","2010-01-25 14:26:00","85049D","BRIGHT BLUES RIBBONS ",1,1.25,1.25
"495514","2010-01-25 14:26:00","85049H","URBAN BLACK RIBBONS ",1,1.25,1.25
"495514","2010-01-25 14:26:00","21900","KEY FOB , SHED",5,0.65,3.25
"495514","2010-01-25 14:26:00","21901","KEY FOB , BACK DOOR ",10,0.65,6.50
"495514","2010-01-25 14:26:00","21902","KEY FOB , FRONT  DOOR ",11,0.65,7.15
"495514","2010-01-25 14:26:00","21663","VINTAGE GLASS SUGAR CADDY",1,5.95,5.95
"C495516","2010-01-25 14:26:00","20752","RETRO BLUE SPOTTY WASHING UP GLOVES",-1,2.10,-2.10
"C495516","2010-01-25 14:26:00","20753","RETRO PINK SPOT WASHING UP GLOVES",-2,2.10,-4.20
"C495516","2010-01-25 14:26:00","20851","ZINC HEART LATTICE TRAY OVAL ",-2,5.95,-11.90
"C495516","2010-01-25 14:26:00","21663","VINTAGE GLASS SUGAR CADDY",-1,5.95,-5.95
"C495516","2010-01-25 14:26:00","35004S","SET OF 3 SILVER FLYING DUCKS",-1,6.35,-6.35
"C495516","2010-01-25 14:26:00","72739C","DARK CHOCOLATE SCENTCANDLE",-13,1.25,-16.25
"497124","2010-02-05 15:24:00","22173","METAL 4 HOOK HANGER FRENCH CHATEAU",4,2.95,11.80
"497124","2010-02-05 15:24:00","22175","PINK OWL SOFT TOY",2,2.95,5.90
"497124","2010-02-05 15:24:00","22177","5 HOOK BLACKBOARD ORGANISER ",4,9.95,39.80
"497124","2010-02-05 15:24:00","22185","SLATE TILE NATURAL HANGING",6,1.65,9.90
"497124","2010-02-05 15:24:00","22188","BLACK HEART CARD HOLDER",5,3.95,19.75
"497124","2010-02-05 15:24:00","22385","JUMBO BAG SPACEBOY DESIGN",10,1.95,19.50
"497124","2010-02-05 15:24:00","22386","JUMBO BAG PINK WITH WHITE SPOTS",10,1.95,19.50
"497124","2010-02-05 15:24:00","22411","JUMBO SHOPPER VINTAGE RED PAISLEY",10,1.95,19.50
"497124","2010-02-05 15:24:00","37503","TEA TIME CAKE STAND IN GIFT BOX",4,10.75,43.00
"497124","2010-02-05 15:24:00","82551","LAUNDRY 15C METAL SIGN",3,1.25,3.75
"497124","2010-02-05 15:24:00","82567","AIRLINE LOUNGE,METAL SIGN",3,2.10,6.30
"497124","2010-02-05 15:24:00","82613A","METAL SIGN,CUPCAKE SINGLE HOOK",5,1.25,6.25
"497124","2010-02-05 15:24:00","82613B","METAL SIGN,CUPCAKE SINGLE HOOK",5,1.25,6.25
"497124","2010-02-05 15:24:00","82613D","METAL SIGN CUPCAKE SINGLE HOOK",5,1.25,6.25
"497124","2010-02-05 15:24:00","84509G","FAIRY CAKE PLACEMATS ",2,3.75,7.50
"497124","2010-02-05 15:24:00","84706B","FAIRY CAKES TABLE CLOCK",2,8.95,17.90
"497124","2010-02-05 15:24:00","84723","CHERRY BLOSSOM CANVAS ART PICTURE",5,7.95,39.75
"497124","2010-02-05 15:24:00","85099B","JUMBO BAG RED WHITE SPOTTY ",10,1.95,19.50
"497124","2010-02-05 15:24:00","85099C","JUMBO  BAG BAROQUE BLACK WHITE",10,1.95,19.50
"497124","2010-02-05 15:24:00","85099F","JUMBO BAG STRAWBERRY",10,1.95,19.50
"497124","2010-02-05 15:24:00","85117","NIGHTINGALE COATHOOK WHITE",3,1.65,4.95
"497124","2010-02-05 15:24:00","85119","WATERING CAN SINGLE HOOK PISTACHIO",6,1.69,10.14
"497124","2010-02-05 15:24:00","84510B","SET OF 4 FAIRY CAKES COASTERS ",2,1.25,2.50
"497124","2010-02-05 15:24:00","20711","JUMBO BAG TOYS ",10,1.95,19.50
"497124","2010-02-05 15:24:00","20713","JUMBO BAG OWLS",10,1.95,19.50
"497124","2010-02-05 15:24:00","21125","SET 6 FOOTBALL CELEBRATION CANDLES",5,1.25,6.25
"497124","2010-02-05 15:24:00","21126","SET OF 6 GIRLS CELEBRATION CANDLES",5,1.25,6.25
"497124","2010-02-05 15:24:00","21173","LOO ROLL  METAL SIGN ",1,1.65,1.65
"497124","2010-02-05 15:24:00","21173","LOO ROLL  METAL SIGN ",2,1.65,3.30
"497124","2010-02-05 15:24:00","21174","POTTERING IN THE SHED METAL SIGN",2,1.95,3.90
"497124","2010-02-05 15:24:00","21232","STRAWBERRY CERAMIC TRINKET BOX",4,1.25,5.00
"497124","2010-02-05 15:24:00","21272","SALLE DE BAIN HOOK",3,1.25,3.75
"497124","2010-02-05 15:24:00","21755","LOVE BUILDING BLOCK WORD",3,5.95,17.85
"497124","2010-02-05 15:24:00","21768","WALL MOUNTED VINTAGE ORGANISER",2,14.95,29.90
"497124","2010-02-05 15:24:00","21899","KEY FOB , GARAGE DESIGN",4,0.65,2.60
"497124","2010-02-05 15:24:00","21900","KEY FOB , SHED",6,0.65,3.90
"497124","2010-02-05 15:24:00","21907","I'M ON HOLIDAY METAL SIGN",3,2.10,6.30
"497124","2010-02-05 15:24:00","21928","JUMBO BAG SCANDINAVIAN PAISLEY",10,1.95,19.50
"497124","2010-02-05 15:24:00","21929","JUMBO BAG PINK VINTAGE PAISLEY",10,1.95,19.50
"497124","2010-02-05 15:24:00","21930","JUMBO STORAGE BAG SKULLS",10,1.95,19.50
"497124","2010-02-05 15:24:00","21931","JUMBO STORAGE BAG SUKI",10,1.95,19.50
"497124","2010-02-05 15:24:00","22168","ORGANISER WOOD ANTIQUE WHITE ",2,8.50,17.00
"497124","2010-02-05 15:24:00","22171","3 HOOK PHOTO SHELF ANTIQUE WHITE",2,8.50,17.00
"497124","2010-02-05 15:24:00","22172","METAL SHELF WITH RAIL ",2,8.50,17.00
"C499462","2010-02-28 11:22:00","20941","FROG CANDLE",-1,1.25,-1.25
"C499462","2010-02-28 11:22:00","21068","VINTAGE BILLBOARD LOVE/HATE MUG",-12,1.25,-15.00
"C499462","2010-02-28 11:22:00","84279B","CHERRY BLOSSOM DECORATIVE FLASK",-1,3.75,-3.75
"C499462","2010-02-28 11:22:00","84625D","WHITE NEWBAROQUE CANDLESTICK CANDLE",-6,2.95,-17.70
"C499462","2010-02-28 11:22:00","84978","HANGING HEART JAR T-LIGHT HOLDER",-1,1.25,-1.25
"499463","2010-02-28 11:24:00","21903","MAN FLU METAL SIGN",12,2.10,25.20
"499463","2010-02-28 11:24:00","21930","JUMBO STORAGE BAG SKULLS",10,1.95,19.50
"499463","2010-02-28 11:24:00","21931","JUMBO STORAGE BAG SUKI",10,1.95,19.50
"499463","2010-02-28 11:24:00","22169","FAMILY ALBUM WHITE PICTURE FRAME",8,7.65,61.20
"499463","2010-02-28 11:24:00","22170","PICTURE FRAME WOOD TRIPLE PORTRAIT",4,6.75,27.00
"499463","2010-02-28 11:24:00","22175","PINK OWL SOFT TOY",2,2.95,5.90
"499463","2010-02-28 11:24:00","22176","BLUE OWL SOFT TOY",3,2.95,8.85
"499463","2010-02-28 11:24:00","22385","JUMBO BAG SPACEBOY DESIGN",10,1.95,19.50
"499463","2010-02-28 11:24:00","20713","JUMBO BAG OWLS",10,1.95,19.50
"499463","2010-02-28 11:24:00","22413","METAL SIGN TAKE IT OR LEAVE IT ",5,2.95,14.75
"499463","2010-02-28 11:24:00","48111","DOOR MAT 3 SMILEY CATS",3,7.49,22.47
"499463","2010-02-28 11:24:00","48188","DOOR MAT WELCOME PUPPIES",3,7.49,22.47
"499463","2010-02-28 11:24:00","84050","PINK HEART SHAPE EGG FRYING PAN",5,1.65,8.25
"499463","2010-02-28 11:24:00","85099B","JUMBO BAG RED WHITE SPOTTY ",10,1.95,19.50
"499463","2010-02-28 11:24:00","85099C","JUMBO  BAG BAROQUE BLACK WHITE",10,1.95,19.50
"499463","2010-02-28 11:24:00","85232B","SET/3 RUSSIAN DOLL STACKING TINS",3,4.95,14.85
"499463","2010-02-28 11:24:00","20711","JUMBO BAG TOYS ",10,1.95,19.50
"499463","2010-02-28 11:24:00","22386","JUMBO BAG PINK WITH WHITE SPOTS",10,1.95,19.50
"499463","2010-02-28 11:24:00","21175","GIN + TONIC DIET METAL SIGN",12,2.10,25.20
"499463","2010-02-28 11:24:00","21181","PLEASE ONE PERSON METAL SIGN",12,2.10,25.20
"499463","2010-02-28 11:24:00","21754","HOME BUILDING BLOCK WORD",5,5.95,29.75
"499463","2010-02-28 11:24:00","21755","LOVE BUILDING BLOCK WORD",3,5.95,17.85
"C501823","2010-03-19 15:27:00","84723","CHERRY BLOSSOM CANVAS ART PICTURE",-5,7.95,-39.75
"502494","2010-03-25 10:33:00","85099C","JUMBO  BAG BAROQUE BLACK WHITE",10,1.95,19.50
"502494","2010-03-25 10:33:00","20711","JUMBO BAG TOYS ",10,1.95,19.50
"502494","2010-03-25 10:33:00","20713","JUMBO BAG OWLS",10,1.95,19.50
"502494","2010-03-25 10:33:00","21166","COOK WITH WINE METAL SIGN ",12,1.95,23.40
"502494","2010-03-25 10:33:00","21870","I CAN ONLY PLEASE ONE PERSON MUG",12,1.25,15.00
"502494","2010-03-25 10:33:00","21874","GIN AND TONIC MUG",12,1.25,15.00
"502494","2010-03-25 10:33:00","21928","JUMBO BAG SCANDINAVIAN PAISLEY",10,1.95,19.50
"502494","2010-03-25 10:33:00","21929","JUMBO BAG PINK VINTAGE PAISLEY",10,1.95,19.50
"502494","2010-03-25 10:33:00","21930","JUMBO STORAGE BAG SKULLS",10,1.95,19.50
"502494","2010-03-25 10:33:00","21931","JUMBO STORAGE BAG SUKI",10,1.95,19.50
"502494","2010-03-25 10:33:00","22172","METAL SHELF WITH RAIL ",2,8.50,17.00
"502494","2010-03-25 10:33:00","22189","CREAM HEART CARD HOLDER",4,3.95,15.80
"502494","2010-03-25 10:33:00","22385","JUMBO BAG SPACEBOY DESIGN",10,1.95,19.50
"502494","2010-03-25 10:33:00","22386","JUMBO BAG PINK WITH WHITE SPOTS",10,1.95,19.50
"502494","2010-03-25 10:33:00","22411","JUMBO SHOPPER VINTAGE RED PAISLEY",10,1.95,19.50
"502494","2010-03-25 10:33:00","22423","REGENCY CAKESTAND 3 TIER",4,12.75,51.00
"502494","2010-03-25 10:33:00","22467","GUMBALL COAT RACK",6,2.55,15.30
"502494","2010-03-25 10:33:00","22485","SET OF 2 WOODEN MARKET CRATES",2,12.75,25.50
"502494","2010-03-25 10:33:00","37461","FUNKY MONKEY MUG",12,1.25,15.00
"502494","2010-03-25 10:33:00","37503","TEA TIME CAKE STAND IN GIFT BOX",2,10.75,21.50
"502494","2010-03-25 10:33:00","85099B","JUMBO BAG RED WHITE SPOTTY ",10,1.95,19.50
"502494","2010-03-25 10:33:00","85099F","JUMBO BAG STRAWBERRY",10,1.95,19.50
"502494","2010-03-25 10:33:00","85232B","SET/3 RUSSIAN DOLL STACKING TINS",3,4.95,14.85
"C504322","2010-04-12 14:56:00","21664","RIDGED GLASS STORAGE JAR CREAM LID",-3,3.75,-11.25
"C504322","2010-04-12 14:56:00","20798","CLEAR MILKSHAKE GLASS",-6,2.10,-12.60
"C504322","2010-04-12 14:56:00","37340","MULTICOLOUR SPRING FLOWER MUG",-1,0.85,-0.85
"C504322","2010-04-12 14:56:00","22172","METAL SHELF WITH RAIL ",-1,8.50,-8.50
"504326","2010-04-12 15:32:00","21931","JUMBO STORAGE BAG SUKI",10,1.95,19.50
"504326","2010-04-12 15:32:00","22172","METAL SHELF WITH RAIL ",3,8.50,25.50
"504326","2010-04-12 15:32:00","22185","SLATE TILE NATURAL HANGING",5,1.65,8.25
"504326","2010-04-12 15:32:00","22385","JUMBO BAG SPACEBOY DESIGN",10,1.95,19.50
"504326","2010-04-12 15:32:00","22386","JUMBO BAG PINK WITH WHITE SPOTS",10,1.95,19.50
"504326","2010-04-12 15:32:00","22411","JUMBO SHOPPER VINTAGE RED PAISLEY",10,1.95,19.50
"504326","2010-04-12 15:32:00","37503","TEA TIME CAKE STAND IN GIFT BOX",3,10.75,32.25
"504326","2010-04-12 15:32:00","85099B","RED RETROSPOT JUMBO BAG ",10,1.95,19.50
"504326","2010-04-12 15:32:00","85099C","JUMBO  BAG BAROQUE BLACK WHITE",10,1.95,19.50
"504326","2010-04-12 15:32:00","85099F","JUMBO BAG STRAWBERRY",10,1.95,19.50
"504326","2010-04-12 15:32:00","20711","JUMBO BAG TOYS ",10,1.95,19.50
"504326","2010-04-12 15:32:00","20712","JUMBO BAG WOODLAND ANIMALS",10,1.95,19.50
"504326","2010-04-12 15:32:00","20713","JUMBO BAG OWLS",10,1.95,19.50
"504326","2010-04-12 15:32:00","21754","HOME BUILDING BLOCK WORD",5,5.95,29.75
"504326","2010-04-12 15:32:00","21755","LOVE BUILDING BLOCK WORD",5,5.95,29.75
"504326","2010-04-12 15:32:00","85232B","SET/3 RUSSIAN DOLL STACKING TINS",6,4.95,29.70
"504326","2010-04-12 15:32:00","21900","KEY FOB , SHED",15,0.65,9.75
"504326","2010-04-12 15:32:00","21901","KEY FOB , BACK DOOR ",15,0.65,9.75
"504326","2010-04-12 15:32:00","21928","JUMBO BAG SCANDINAVIAN PAISLEY",10,1.95,19.50
"504326","2010-04-12 15:32:00","21930","JUMBO STORAGE BAG SKULLS",10,1.95,19.50
"504340","2010-04-12 16:50:00","22178","VICTORIAN GLASS HANGING T-LIGHT",18,1.25,22.50
"504340","2010-04-12 16:50:00","22217","T-LIGHT HOLDER HANGING LACE",12,1.25,15.00
"504340","2010-04-12 16:50:00","22417","PACK OF 60 SPACEBOY CAKE CASES",6,0.55,3.30
"504340","2010-04-12 16:50:00","22461","SAVOY ART DECO CLOCK",2,12.75,25.50
"504340","2010-04-12 16:50:00","22480","RED TEA TOWEL CLASSIC DESIGN",3,1.25,3.75
"504340","2010-04-12 16:50:00","22481","BLACK TEA TOWEL CLASSIC DESIGN",3,1.25,3.75
"504340","2010-04-12 16:50:00","82613D","METAL SIGN CUPCAKE SINGLE HOOK",2,1.25,2.50
"504340","2010-04-12 16:50:00","84249D","FAIRY CAKE GREETINGS CARD",24,0.42,10.08
"504340","2010-04-12 16:50:00","84792","ENCHANTED BIRD COATHANGER 5 HOOK",2,4.65,9.30
"504340","2010-04-12 16:50:00","84937","KASHMIR FOLKART TUMBLERS",1,2.10,2.10
"504340","2010-04-12 16:50:00","84978","HANGING HEART JAR T-LIGHT HOLDER",6,1.25,7.50
"504340","2010-04-12 16:50:00","84987","SET OF 36 TEATIME PAPER DOILIES",5,1.45,7.25
"504340","2010-04-12 16:50:00","84991","60 TEATIME FAIRY CAKE CASES",8,0.55,4.40
"504340","2010-04-12 16:50:00","21518","BANK ACCOUNT  GREETING  CARD ",24,0.42,10.08
"504340","2010-04-12 16:50:00","85231G","ORANGE SCENTED SET/9 T-LIGHTS",2,0.85,1.70
"504340","2010-04-12 16:50:00","16156S","WRAP PINK FAIRY CAKES ",25,0.42,10.50
"504340","2010-04-12 16:50:00","16161U","WRAP,SUKI AND FRIENDS",25,0.42,10.50
"504340","2010-04-12 16:50:00","20846","ZINC HEART LATTICE T-LIGHT HOLDER",4,1.25,5.00
"504340","2010-04-12 16:50:00","20846","ZINC HEART LATTICE T-LIGHT HOLDER",9,1.25,11.25
"504340","2010-04-12 16:50:00","20886","BOX OF 9 PEBBLE CANDLES",4,1.95,7.80
"504340","2010-04-12 16:50:00","21272","SALLE DE BAIN HOOK",2,1.25,2.50
"504340","2010-04-12 16:50:00","21380","WOODEN HAPPY BIRTHDAY GARLAND",3,2.95,8.85
"504340","2010-04-12 16:50:00","21495","SKULLS WRAP",25,0.42,10.50
"504340","2010-04-12 16:50:00","21497","FANCY FONTS BIRTHDAY WRAP",25,0.42,10.50
"504340","2010-04-12 16:50:00","21504","SKULLS GREETING CARD",24,0.42,10.08
"504340","2010-04-12 16:50:00","21506","FANCY FONT BIRTHDAY CARD, ",12,0.42,5.04
"504340","2010-04-12 16:50:00","21507","ELEPHANT, BIRTHDAY CARD, ",24,0.42,10.08
"504340","2010-04-12 16:50:00","21509","COWBOYS AND INDIANS BIRTHDAY CARD ",24,0.42,10.08
"504340","2010-04-12 16:50:00","85231E","STRAWBERRY SCENTED SET/9 T-LIGHTS",2,0.85,1.70
"504340","2010-04-12 16:50:00","21519","GIN & TONIC DIET GREETING CARD ",24,0.42,10.08
"504340","2010-04-12 16:50:00","21520","BOOZE & WOMEN GREETING CARD ",24,0.42,10.08
"504340","2010-04-12 16:50:00","21791","VINTAGE HEADS AND TAILS CARD GAME ",3,1.25,3.75
"504340","2010-04-12 16:50:00","21916","SET 12 RETRO WHITE CHALK STICKS",6,0.42,2.52
"504340","2010-04-12 16:50:00","21967","PACK OF 12 SKULL TISSUES",12,0.29,3.48
"504340","2010-04-12 16:50:00","21975","PACK OF 60 DINOSAUR CAKE CASES",6,0.55,3.30
"504340","2010-04-12 16:50:00","21982","PACK OF 12 SUKI TISSUES ",12,0.29,3.48
"504340","2010-04-12 16:50:00","22023","EMPIRE BIRTHDAY CARD",24,0.42,10.08
"504340","2010-04-12 16:50:00","22025","RING OF ROSES BIRTHDAY CARD",24,0.42,10.08
"504340","2010-04-12 16:50:00","22026","BANQUET BIRTHDAY  CARD  ",24,0.42,10.08
"504340","2010-04-12 16:50:00","22029","SPACEBOY BIRTHDAY CARD",1,0.42,0.42
"504340","2010-04-12 16:50:00","22029","SPACEBOY BIRTHDAY CARD",12,0.42,5.04
"504340","2010-04-12 16:50:00","22030","SWALLOWS GREETING CARD",24,0.42,10.08
"504340","2010-04-12 16:50:00","22031","BOTANICAL LAVENDER BIRTHDAY CARD",12,0.42,5.04
"504340","2010-04-12 16:50:00","22032","BOTANICAL LILY GREETING CARD",12,0.42,5.04
"504340","2010-04-12 16:50:00","22033","BOTANICAL ROSE GREETING CARD",12,0.42,5.04
"504340","2010-04-12 16:50:00","22036","DINOSAUR BIRTHDAY CARD",12,0.42,5.04
"504340","2010-04-12 16:50:00","22037","ROBOT BIRTHDAY CARD",12,0.42,5.04
"504340","2010-04-12 16:50:00","22045","SPACEBOY GIFT WRAP",25,0.42,10.50
"504340","2010-04-12 16:50:00","22047","EMPIRE GIFT WRAP",25,0.42,10.50
"504340","2010-04-12 16:50:00","22048","BIRTHDAY BANQUET GIFT WRAP",25,0.42,10.50
"504340","2010-04-12 16:50:00","22090","PAPER BUNTING RETRO SPOTS",2,2.95,5.90
"504340","2010-04-12 16:50:00","22151","PLACE SETTING WHITE HEART",12,0.42,5.04
"508482","2010-05-16 12:44:00","47590B","PINK HAPPY BIRTHDAY BUNTING",2,5.45,10.90
"508482","2010-05-16 12:44:00","48138","DOOR MAT UNION FLAG",4,7.49,29.96
"508482","2010-05-16 12:44:00","82567","AIRLINE LOUNGE,METAL SIGN",12,2.10,25.20
"508482","2010-05-16 12:44:00","84380","SET OF 3 BUTTERFLY COOKIE CUTTERS",5,1.25,6.25
"508482","2010-05-16 12:44:00","84596B","SMALL DOLLY MIX DESIGN ORANGE BOWL",8,1.25,10.00
"508482","2010-05-16 12:44:00","84596E","SMALL LICORICE DES PINK BOWL",8,1.25,10.00
"508482","2010-05-16 12:44:00","84596K","JELLY BABIES YELLOW SMALL BOWL",8,1.25,10.00
"508482","2010-05-16 12:44:00","84692","BOX OF 24 COCKTAIL PARASOLS",1,0.42,0.42
"508482","2010-05-16 12:44:00","84987","SET OF 36 TEATIME PAPER DOILIES",5,1.45,7.25
"508482","2010-05-16 12:44:00","84988","SET OF 72 PINK HEART PAPER DOILIES",5,1.45,7.25
"508482","2010-05-16 12:44:00","85065","CREAM SWEETHEART TRAYS",1,12.75,12.75
"508482","2010-05-16 12:44:00","85068","CREAM SWEETHEART SHELF + HOOKS",1,7.95,7.95
"508482","2010-05-16 12:44:00","85068","CREAM SWEETHEART SHELF + HOOKS",2,7.95,15.90
"508482","2010-05-16 12:44:00","85099B","JUMBO BAG RED RETROSPOT",10,1.95,19.50
"508482","2010-05-16 12:44:00","85099C","JUMBO  BAG BAROQUE BLACK WHITE",10,1.95,19.50
"508482","2010-05-16 12:44:00","85099F","JUMBO BAG STRAWBERRY",10,1.95,19.50
"508482","2010-05-16 12:44:00","21527","RED RETROSPOT TRADITIONAL TEAPOT ",1,7.95,7.95
"508482","2010-05-16 12:44:00","20658","RED SPOTTY LUGGAGE TAG",7,1.25,8.75
"508482","2010-05-16 12:44:00","20685","DOOR MAT RED SPOT",3,7.49,22.47
"508482","2010-05-16 12:44:00","20711","JUMBO BAG TOYS ",10,1.95,19.50
"508482","2010-05-16 12:44:00","20712","JUMBO BAG WOODLAND ANIMALS",10,1.95,19.50
"508482","2010-05-16 12:44:00","20713","JUMBO BAG OWLS",10,1.95,19.50
"508482","2010-05-16 12:44:00","20716","PARTY FOOD SHOPPER BAG",10,1.25,12.50
"508482","2010-05-16 12:44:00","20717","STRAWBERRY SHOPPER BAG",10,1.25,12.50
"508482","2010-05-16 12:44:00","20718","RED SPOTTY SHOPPER BAG",10,1.25,12.50
"508482","2010-05-16 12:44:00","20914","SET/5 RED SPOTTY LID GLASS BOWLS",4,2.95,11.80
"508482","2010-05-16 12:44:00","21035","SET/2 RED SPOTTY TEA TOWELS ",5,2.95,14.75
"508482","2010-05-16 12:44:00","21059","PARTY INVITES DINOSAURS",6,0.85,5.10
"508482","2010-05-16 12:44:00","21061","PARTY INVITES FOOTBALL",6,0.85,5.10
"508482","2010-05-16 12:44:00","21063","PARTY INVITES JAZZ HEARTS",6,0.85,5.10
"508482","2010-05-16 12:44:00","21067","VINTAGE RED TEATIME MUG",6,1.25,7.50
"508482","2010-05-16 12:44:00","21080","SET/20 RED SPOTTY PAPER NAPKINS ",10,0.85,8.50
"508482","2010-05-16 12:44:00","21154","RED SPOTTY OVEN GLOVE ",5,1.25,6.25
"508482","2010-05-16 12:44:00","21155","RED SPOTTY PEG BAG",4,2.10,8.40
"508482","2010-05-16 12:44:00","21172","PARTY METAL SIGN ",10,1.45,14.50
"508482","2010-05-16 12:44:00","21175","GIN + TONIC DIET METAL SIGN",12,2.10,25.20
"508482","2010-05-16 12:44:00","21210","SET OF 72 RETRO SPOT PAPER  DOILIES",5,1.45,7.25
"508482","2010-05-16 12:44:00","21211","SET OF 72 SKULL PAPER  DOILIES",5,1.45,7.25
"508482","2010-05-16 12:44:00","21212","PACK OF 72 RETRO SPOT CAKE CASES",24,0.55,13.20
"508482","2010-05-16 12:44:00","21214","SET OF 72 IVORY PAPER DOILIES",5,1.45,7.25
"508482","2010-05-16 12:44:00","21215","IVORY PAPER CUP CAKE CASES ",12,0.55,6.60
"508482","2010-05-16 12:44:00","21216","SET 3 RED SPOT TIN TEA,COFFEE,SUGAR",4,4.95,19.80
"508482","2010-05-16 12:44:00","21217","RED SPOTTY ROUND CAKE TINS",1,9.95,9.95
"508482","2010-05-16 12:44:00","21218","RED SPOTTY BISCUIT TIN",3,3.75,11.25
"508482","2010-05-16 12:44:00","21238","RED SPOTTY CUP",8,0.85,6.80
"508482","2010-05-16 12:44:00","21247","SET OF RED SALAD SERVERS ",6,1.49,8.94
"508482","2010-05-16 12:44:00","21358","TOAST ITS - HAPPY BIRTHDAY",5,1.25,6.25
"508482","2010-05-16 12:44:00","21529","RED RETROSPOT TOASTRACK",2,3.45,6.90
"508482","2010-05-16 12:44:00","21531","RED RETROSPOT SUGAR JAM BOWL",4,2.55,10.20
"508482","2010-05-16 12:44:00","21533","RETRO SPOT LARGE MILK JUG",3,4.95,14.85
"508482","2010-05-16 12:44:00","21535","RED RETROSPOT SMALL MILK JUG",3,2.55,7.65
"508482","2010-05-16 12:44:00","21539","RED RETROSPOT BUTTER DISH",3,4.95,14.85
"508482","2010-05-16 12:44:00","21843","RED RETROSPOT CAKE STAND",3,10.95,32.85
"508482","2010-05-16 12:44:00","21868","POTTING SHED TEA MUG",6,1.25,7.50
"508482","2010-05-16 12:44:00","21872","GLAMOROUS  MUG",6,1.25,7.50
"508482","2010-05-16 12:44:00","21930","JUMBO STORAGE BAG SKULLS",10,1.95,19.50
"508482","2010-05-16 12:44:00","21931","JUMBO STORAGE BAG SUKI",10,1.95,19.50
"508482","2010-05-16 12:44:00","21972","SET OF 36 DINOSAUR PAPER DOILIES",5,1.45,7.25
"508482","2010-05-16 12:44:00","21980","PACK OF 12 RED SPOTTY TISSUES ",12,0.29,3.48
"508482","2010-05-16 12:44:00","21987","PACK OF 6 SKULL PAPER CUPS",6,0.65,3.90
"508482","2010-05-16 12:44:00","21988","PACK OF 6 SKULL PAPER PLATES",2,0.85,1.70
"508482","2010-05-16 12:44:00","21988","PACK OF 6 SKULL PAPER PLATES",4,0.85,3.40
"508482","2010-05-16 12:44:00","21989","PACK OF 20 SKULL PAPER NAPKINS",10,0.85,8.50
"508482","2010-05-16 12:44:00","22033","BOTANICAL ROSE GREETING CARD",24,0.42,10.08
"508482","2010-05-16 12:44:00","22073","RED RETROSPOT STORAGE JAR",1,3.75,3.75
"508482","2010-05-16 12:44:00","22073","RED RETROSPOT STORAGE JAR",2,3.75,7.50
"508482","2010-05-16 12:44:00","22094","RED POLKA DOT TISSUE BOX",4,1.25,5.00
"508482","2010-05-16 12:44:00","22170","PICTURE FRAME WOOD TRIPLE PORTRAIT",4,6.75,27.00
"508482","2010-05-16 12:44:00","22199","FRYING PAN RED POLKADOT ",4,4.25,17.00
"508482","2010-05-16 12:44:00","22348","TEA BAG PLATE RED SPOTTY ",6,0.85,5.10
"508482","2010-05-16 12:44:00","22385","JUMBO BAG SPACEBOY DESIGN",10,1.95,19.50
"508482","2010-05-16 12:44:00","22386","JUMBO BAG PINK WITH WHITE SPOTS",10,1.95,19.50
"508482","2010-05-16 12:44:00","22411","JUMBO SHOPPER VINTAGE RED PAISLEY",10,1.95,19.50
"508482","2010-05-16 12:44:00","22413","METAL SIGN TAKE IT OR LEAVE IT ",12,2.95,35.40
"508482","2010-05-16 12:44:00","22416","36 DOILIES SPACEBOY DESIGN ",5,1.45,7.25
"508482","2010-05-16 12:44:00","22424","ENAMEL BREAD BIN CREAM",1,12.75,12.75
"508482","2010-05-16 12:44:00","22425","ENAMEL COLLANDER CREAM",2,4.95,9.90
"508482","2010-05-16 12:44:00","22427","ENAMEL FLOWER JUG CREAM",2,5.95,11.90
"508482","2010-05-16 12:44:00","22429","ENAMEL MEASURING JUG CREAM",2,4.25,8.50
"508482","2010-05-16 12:44:00","22437","SET OF 9 BLACK SKULL BALLOONS",10,0.85,8.50
"508482","2010-05-16 12:44:00","22440","BALLOON WATER BOMB PACK OF 35",10,0.42,4.20
"508482","2010-05-16 12:44:00","22485","SET OF 2 WOODEN MARKET CRATES",2,12.75,25.50
"508482","2010-05-16 12:44:00","22507","MEMO BOARD RETROSPOT  DESIGN",3,4.95,14.85
"508482","2010-05-16 12:44:00","22558","CLOTHES PEGS RETROSPOT PACK 24 ",3,1.25,3.75
"508482","2010-05-16 12:44:00","22585","PACK OF 6 BIRDY GIFT TAGS",1,1.25,1.25
"508482","2010-05-16 12:44:00","22585","PACK OF 6 BIRDY GIFT TAGS",5,1.25,6.25
"508482","2010-05-16 12:44:00","22614","PACK OF 12 SPACEBOY TISSUES",12,0.29,3.48
"508482","2010-05-16 12:44:00","22615","PACK OF 12 CIRCUS PARADE TISSUES ",12,0.29,3.48
"508482","2010-05-16 12:44:00","22616","PACK OF 12 LONDON TISSUES ",12,0.29,3.48
"508482","2010-05-16 12:44:00","22625","RED KITCHEN SCALES",2,8.50,17.00
"508482","2010-05-16 12:44:00","37500","TEA TIME TEAPOT IN GIFT BOX",2,9.95,19.90
"508482","2010-05-16 12:44:00","37503","TEA TIME CAKE STAND IN GIFT BOX",2,10.75,21.50
"508488","2010-05-16 13:14:00","15058A","BLUE WHITE SPOTS GARDEN PARASOL",10,3.95,39.50
"508488","2010-05-16 13:14:00","15058B","PINK WHITE SPOTS GARDEN PARASOL",4,7.95,31.80
"508489","2010-05-16 13:20:00","15058A","BLUE WHITE SPOTS GARDEN PARASOL",10,3.95,39.50
"510997","2010-06-04 14:32:00","22077","6 RIBBONS RUSTIC CHARM",3,1.65,4.95
"510997","2010-06-04 14:32:00","22175","PINK OWL SOFT TOY",3,2.95,8.85
"510997","2010-06-04 14:32:00","22176","BLUE OWL SOFT TOY",3,2.95,8.85
"510997","2010-06-04 14:32:00","22386","JUMBO BAG PINK WITH WHITE SPOTS",10,1.95,19.50
"510997","2010-06-04 14:32:00","22485","SET OF 2 WOODEN MARKET CRATES",2,12.75,25.50
"510997","2010-06-04 14:32:00","22507","MEMO BOARD RETROSPOT  DESIGN",4,4.95,19.80
"510997","2010-06-04 14:32:00","37492B","BLUE YELLOW FLOWER PIGGY BANK",1,4.65,4.65
"510997","2010-06-04 14:32:00","84991","60 TEATIME FAIRY CAKE CASES",10,0.55,5.50
"510997","2010-06-04 14:32:00","85038","6 CHOCOLATE LOVE HEART T-LIGHTS",4,2.10,8.40
"510997","2010-06-04 14:32:00","85049C","ROMANTIC PINKS RIBBONS ",3,1.25,3.75
"510997","2010-06-04 14:32:00","85049D","BRIGHT BLUES RIBBONS ",4,1.25,5.00
"510997","2010-06-04 14:32:00","85049H","URBAN BLACK RIBBONS ",2,1.25,2.50
"510997","2010-06-04 14:32:00","85064","CREAM SWEETHEART LETTER RACK",1,5.45,5.45
"510997","2010-06-04 14:32:00","21754","HOME BUILDING BLOCK WORD",3,5.95,17.85
"510997","2010-06-04 14:32:00","21930","JUMBO STORAGE BAG SKULLS",10,1.95,19.50
"510997","2010-06-04 14:32:00","85099B","JUMBO BAG RED RETROSPOT",10,1.95,19.50
"510997","2010-06-04 14:32:00","85099F","JUMBO BAG STRAWBERRY",10,1.95,19.50
"510997","2010-06-04 14:32:00","85232B","SET/3 RUSSIAN DOLL STACKING TINS",1,4.95,4.95
"510997","2010-06-04 14:32:00","21755","LOVE BUILDING BLOCK WORD",2,5.95,11.90
"510997","2010-06-04 14:32:00","21844","RED RETROSPOT MUG",6,2.95,17.70
"510997","2010-06-04 14:32:00","21907","I'M ON HOLIDAY METAL SIGN",3,2.10,6.30
"510997","2010-06-04 14:32:00","21527","RED RETROSPOT TRADITIONAL TEAPOT ",1,7.95,7.95
"510997","2010-06-04 14:32:00","21523","DOOR MAT FANCY FONT HOME SWEET HOME",1,7.49,7.49
"510997","2010-06-04 14:32:00","21380","WOODEN HAPPY BIRTHDAY GARLAND",3,2.95,8.85
"510997","2010-06-04 14:32:00","21174","POTTERING IN THE SHED METAL SIGN",3,1.95,5.85
"510997","2010-06-04 14:32:00","20713","JUMBO BAG OWLS",10,1.95,19.50
"510997","2010-06-04 14:32:00","20712","JUMBO BAG WOODLAND ANIMALS",10,1.95,19.50
"510997","2010-06-04 14:32:00","20711","JUMBO BAG TOYS ",10,1.95,19.50
"510997","2010-06-04 14:32:00","85065","CREAM SWEETHEART TRAYS",1,12.75,12.75
"510997","2010-06-04 14:32:00","21931","JUMBO STORAGE BAG SUKI",10,1.95,19.50
"510997","2010-06-04 14:32:00","22072","RED RETROSPOT TEA CUP AND SAUCER ",4,3.75,15.00
"C513550","2010-06-25 12:25:00","22170","PICTURE FRAME WOOD TRIPLE PORTRAIT",-1,6.75,-6.75
"513560","2010-06-25 13:37:00","22411","JUMBO SHOPPER VINTAGE RED PAISLEY",10,1.95,19.50
"513560","2010-06-25 13:37:00","22416","SET OF 36 DOILIES SPACEBOY DESIGN ",2,1.45,2.90
"513560","2010-06-25 13:37:00","22423","REGENCY CAKESTAND 3 TIER",2,12.75,25.50
"513560","2010-06-25 13:37:00","22719","GUMBALL MONOCHROME COAT RACK",3,1.25,3.75
"513560","2010-06-25 13:37:00","37503","TEA TIME CAKE STAND IN GIFT BOX",2,10.75,21.50
"513560","2010-06-25 13:37:00","47589","CONGRATULATIONS BUNTING",2,5.45,10.90
"513560","2010-06-25 13:37:00","48138","DOOR MAT UNION FLAG",3,7.49,22.47
"513560","2010-06-25 13:37:00","82551","LAUNDRY 15C METAL SIGN",2,1.25,2.50
"513560","2010-06-25 13:37:00","82580","BATHROOM METAL SIGN",5,0.55,2.75
"513560","2010-06-25 13:37:00","82581","TOILET METAL SIGN",5,0.55,2.75
"513560","2010-06-25 13:37:00","84987","SET OF 36 TEATIME PAPER DOILIES",2,1.45,2.90
"513560","2010-06-25 13:37:00","85099B","JUMBO BAG RED RETROSPOT",10,1.95,19.50
"513560","2010-06-25 13:37:00","85099C","JUMBO  BAG BAROQUE BLACK WHITE",10,1.95,19.50
"513560","2010-06-25 13:37:00","85099F","JUMBO BAG STRAWBERRY",10,1.95,19.50
"513560","2010-06-25 13:37:00","85232B","SET/3 RUSSIAN DOLL STACKING TINS",3,4.95,14.85
"513560","2010-06-25 13:37:00","82578","KITCHEN METAL SIGN",5,0.55,2.75
"513560","2010-06-25 13:37:00","20685","DOOR MAT RED SPOT",2,7.49,14.98
"513560","2010-06-25 13:37:00","20713","JUMBO BAG OWLS",10,1.95,19.50
"513560","2010-06-25 13:37:00","20725","LUNCH BAG RED SPOTTY",5,1.65,8.25
"513560","2010-06-25 13:37:00","20726","LUNCH BAG WOODLAND",4,1.65,6.60
"513560","2010-06-25 13:37:00","20727","LUNCH BAG  BLACK SKULL.",4,1.65,6.60
"513560","2010-06-25 13:37:00","20728","LUNCH BAG CARS BLUE",4,1.65,6.60
"513560","2010-06-25 13:37:00","21063","PARTY INVITES JAZZ HEARTS",3,0.85,2.55
"513560","2010-06-25 13:37:00","21137","BLACK RECORD COVER FRAME",3,3.75,11.25
"513560","2010-06-25 13:37:00","21210","SET OF 72 RETRO SPOT PAPER  DOILIES",2,1.45,2.90
"513560","2010-06-25 13:37:00","21210","SET OF 72 RETRO SPOT PAPER  DOILIES",4,1.45,5.80
"513560","2010-06-25 13:37:00","21211","SET OF 72 SKULL PAPER  DOILIES",2,1.45,2.90
"513560","2010-06-25 13:37:00","21539","RED RETROSPOT BUTTER DISH",1,4.95,4.95
"513560","2010-06-25 13:37:00","21714","CITRONELLA CANDLE GARDEN POT",6,1.25,7.50
"513560","2010-06-25 13:37:00","21754","HOME BUILDING BLOCK WORD",2,5.95,11.90
"513560","2010-06-25 13:37:00","21755","LOVE BUILDING BLOCK WORD",1,5.95,5.95
"513560","2010-06-25 13:37:00","21843","RED RETROSPOT CAKE STAND",1,10.95,10.95
"513560","2010-06-25 13:37:00","21899","KEY FOB , GARAGE DESIGN",5,0.65,3.25
"513560","2010-06-25 13:37:00","21900","KEY FOB , SHED",10,0.65,6.50
"513560","2010-06-25 13:37:00","21901","KEY FOB , BACK DOOR ",10,0.65,6.50
"513560","2010-06-25 13:37:00","21928","JUMBO BAG SCANDINAVIAN PAISLEY",10,1.95,19.50
"513560","2010-06-25 13:37:00","21929","JUMBO BAG PINK VINTAGE PAISLEY",10,1.95,19.50
"513560","2010-06-25 13:37:00","21930","JUMBO STORAGE BAG SKULLS",10,1.95,19.50
"513560","2010-06-25 13:37:00","21931","JUMBO STORAGE BAG SUKI",10,1.95,19.50
"513560","2010-06-25 13:37:00","21972","SET OF 36 DINOSAUR PAPER DOILIES",2,1.45,2.90
"513560","2010-06-25 13:37:00","22090","PAPER BUNTING RETRO SPOTS",1,2.95,2.95
"513560","2010-06-25 13:37:00","22173","METAL 4 HOOK HANGER FRENCH CHATEAU",3,2.95,8.85
"513560","2010-06-25 13:37:00","22175","PINK OWL SOFT TOY",2,2.95,5.90
"513560","2010-06-25 13:37:00","22176","BLUE OWL SOFT TOY",2,2.95,5.90
"513560","2010-06-25 13:37:00","22188","BLACK HEART CARD HOLDER",2,3.95,7.90
"513560","2010-06-25 13:37:00","22382","LUNCH BAG SPACEBOY DESIGN ",4,1.65,6.60
"513560","2010-06-25 13:37:00","22383","LUNCH BAG SUKI  DESIGN ",4,1.65,6.60
"513560","2010-06-25 13:37:00","22384","LUNCH BAG PINK RETROSPOT",4,1.65,6.60
"513560","2010-06-25 13:37:00","22385","JUMBO BAG SPACEBOY DESIGN",10,1.95,19.50
"513560","2010-06-25 13:37:00","22386","JUMBO BAG PINK WITH WHITE SPOTS",10,1.95,19.50
"513561","2010-06-25 13:40:00","22456","NATURAL SLATE CHALKBOARD LARGE ",3,4.95,14.85
"C515155","2010-07-08 15:14:00","22385","JUMBO BAG SPACEBOY DESIGN",-2,1.95,-3.90
"515165","2010-07-08 16:08:00","21882","SKULLS TAPE",1,0.65,0.65
"515165","2010-07-08 16:08:00","17181","CIRCLE OF FRIENDS CANDLE HOLDER",2,2.55,5.10
"515165","2010-07-08 16:08:00","20711","JUMBO BAG TOYS ",10,1.95,19.50
"515165","2010-07-08 16:08:00","20713","JUMBO BAG OWLS",10,1.95,19.50
"515165","2010-07-08 16:08:00","20726","LUNCH BAG WOODLAND",10,1.65,16.50
"515165","2010-07-08 16:08:00","20727","LUNCH BAG  BLACK SKULL.",10,1.65,16.50
"515165","2010-07-08 16:08:00","20728","LUNCH BAG CARS BLUE",10,1.65,16.50
"515165","2010-07-08 16:08:00","21171","BATHROOM METAL SIGN ",4,1.45,5.80
"515165","2010-07-08 16:08:00","21174","POTTERING IN THE SHED METAL SIGN",7,1.95,13.65
"515165","2010-07-08 16:08:00","21179","NO JUNK MAIL METAL SIGN",4,1.25,5.00
"515165","2010-07-08 16:08:00","21203","BUTTERFLIES  HONEYCOMB GARLAND",4,1.65,6.60
"515165","2010-07-08 16:08:00","21206","STRAWBERRY HONEYCOMB  GARLAND ",4,1.65,6.60
"515165","2010-07-08 16:08:00","21207","SKULL AND CROSSBONES  GARLAND ",6,1.65,9.90
"515165","2010-07-08 16:08:00","21272","SALLE DE BAIN HOOK",4,1.25,5.00
"515165","2010-07-08 16:08:00","21327","SKULLS WRITING SET ",6,1.65,9.90
"515165","2010-07-08 16:08:00","21329","DINOSAURS  WRITING SET ",6,1.65,9.90
"515165","2010-07-08 16:08:00","21330","WOODLAND ANIMAL  WRITING SET ",4,1.65,6.60
"515165","2010-07-08 16:08:00","21333","CLASSIC WHITE FRAME",16,2.95,47.20
"515165","2010-07-08 16:08:00","21363","HOME SMALL WOOD LETTERS",2,4.95,9.90
"515165","2010-07-08 16:08:00","21504","SKULLS GREETING CARD",12,0.42,5.04
"515165","2010-07-08 16:08:00","21790","VINTAGE SNAP CARDS",1,0.85,0.85
"515165","2010-07-08 16:08:00","21791","VINTAGE HEADS AND TAILS CARD GAME ",1,1.25,1.25
"515165","2010-07-08 16:08:00","21882","SKULLS TAPE",5,0.65,3.25
"515165","2010-07-08 16:08:00","21899","KEY FOB , GARAGE DESIGN",10,0.65,6.50
"515165","2010-07-08 16:08:00","21907","I'M ON HOLIDAY METAL SIGN",6,2.10,12.60
"515165","2010-07-08 16:08:00","21911","GARDEN METAL SIGN ",5,1.65,8.25
"515165","2010-07-08 16:08:00","21912","VINTAGE SNAKES & LADDERS",1,3.75,3.75
"515165","2010-07-08 16:08:00","21916","SET 12 RETRO WHITE CHALK STICKS",8,0.42,3.36
"515165","2010-07-08 16:08:00","21928","JUMBO BAG SCANDINAVIAN PAISLEY",10,1.95,19.50
"515165","2010-07-08 16:08:00","21930","JUMBO STORAGE BAG SKULLS",10,1.95,19.50
"515165","2010-07-08 16:08:00","21931","JUMBO STORAGE BAG SUKI",10,1.95,19.50
"515165","2010-07-08 16:08:00","21936","RED RETROSPOT PICNIC BAG",4,2.95,11.80
"515165","2010-07-08 16:08:00","21937","STRAWBERRY   PICNIC BAG",3,2.95,8.85
"515165","2010-07-08 16:08:00","21973","SET OF 36 MUSHROOM PAPER DOILIES",6,1.45,8.70
"515165","2010-07-08 16:08:00","22028","PENNY FARTHING BIRTHDAY CARD",12,0.42,5.04
"515165","2010-07-08 16:08:00","22088","PAPER BUNTING COLOURED LACE",3,2.95,8.85
"515165","2010-07-08 16:08:00","22089","PAPER BUNTING VINTAGE PAISLEY",3,2.95,8.85
"515165","2010-07-08 16:08:00","22090","PAPER BUNTING RETRO SPOTS",3,2.95,8.85
"515165","2010-07-08 16:08:00","22185","SLATE TILE NATURAL HANGING",6,1.65,9.90
"515165","2010-07-08 16:08:00","22188","BLACK HEART CARD HOLDER",4,3.95,15.80
"515165","2010-07-08 16:08:00","22212","FOUR HOOK  WHITE LOVEBIRDS",4,2.10,8.40
"515165","2010-07-08 16:08:00","22241","GARLAND WOODEN HAPPY EASTER",2,1.25,2.50
"515165","2010-07-08 16:08:00","22242","HOOK, 5 HANGER , MAGIC TOADSTOOL",4,1.65,6.60
"515165","2010-07-08 16:08:00","22331","WOODLAND PARTY BAG + STICKER SET",3,1.65,4.95
"515165","2010-07-08 16:08:00","22332","SKULLS PARTY BAG + STICKER SET",3,1.65,4.95
"515165","2010-07-08 16:08:00","22334","DINOSAUR PARTY BAG + STICKER SET",3,1.65,4.95
"515165","2010-07-08 16:08:00","22357","KINGS CHOICE BISCUIT TIN",2,4.25,8.50
"515165","2010-07-08 16:08:00","22382","LUNCH BAG SPACEBOY DESIGN ",10,1.65,16.50
"515165","2010-07-08 16:08:00","22383","LUNCH BAG SUKI  DESIGN ",10,1.65,16.50
"515165","2010-07-08 16:08:00","22384","LUNCH BAG PINK RETROSPOT",10,1.65,16.50
"515165","2010-07-08 16:08:00","22385","JUMBO BAG SPACEBOY DESIGN",10,1.95,19.50
"515165","2010-07-08 16:08:00","22386","JUMBO BAG PINK WITH WHITE SPOTS",10,1.95,19.50
"515165","2010-07-08 16:08:00","22457","NATURAL SLATE HEART CHALKBOARD ",4,2.95,11.80
"515165","2010-07-08 16:08:00","22458","CAST IRON HOOK GARDEN FORK",4,2.55,10.20
"515165","2010-07-08 16:08:00","22459","CAST IRON HOOK GARDEN TROWEL",4,2.55,10.20
"515165","2010-07-08 16:08:00","22488","NATURAL SLATE RECTANGLE CHALKBOARD",6,1.65,9.90
"515165","2010-07-08 16:08:00","22585","PACK OF 6 BIRDY GIFT TAGS",3,1.25,3.75
"515165","2010-07-08 16:08:00","22712","CARD DOLLY GIRL ",12,0.42,5.04
"515165","2010-07-08 16:08:00","22713","CARD I LOVE LONDON ",12,0.42,5.04
"515165","2010-07-08 16:08:00","22715","CARD WEDDING DAY",12,0.42,5.04
"515165","2010-07-08 16:08:00","22716","CARD CIRCUS PARADE",12,0.42,5.04
"515165","2010-07-08 16:08:00","35241","ENAMEL BLUE RIM BISCUIT BIN",2,4.95,9.90
"515165","2010-07-08 16:08:00","37502","TEA TIME MUG IN GIFT BOX",3,2.95,8.85
"515165","2010-07-08 16:08:00","47502","POLKADOT CUTLERY 24 PCS IN TRAY",2,12.75,25.50
"515165","2010-07-08 16:08:00","47504H","ENGLISH ROSE SPIRIT LEVEL ",1,1.95,1.95
"515165","2010-07-08 16:08:00","48138","DOORMAT UNION FLAG",2,7.49,14.98
"515165","2010-07-08 16:08:00","72351B","SET/6 PINK  BUTTERFLY T-LIGHTS",1,2.10,2.10
"515165","2010-07-08 16:08:00","72760B","VINTAGE CREAM 3 BASKET CAKE STAND",2,9.95,19.90
"515165","2010-07-08 16:08:00","82551","LAUNDRY 15C METAL SIGN",4,1.25,5.00
"515165","2010-07-08 16:08:00","82552","WASHROOM METAL SIGN",9,1.25,11.25
"515165","2010-07-08 16:08:00","82581","TOILET METAL SIGN",25,0.55,13.75
"515165","2010-07-08 16:08:00","82582","AREA PATROLLED METAL SIGN",4,2.10,8.40
"515165","2010-07-08 16:08:00","82600","NO SINGING METAL SIGN",6,2.10,12.60
"515165","2010-07-08 16:08:00","84247L","FAWN AND MUSHROOM GREETING CARD",12,0.42,5.04
"515165","2010-07-08 16:08:00","84972L","GIANT PINK HEART MEMO HOLDER",4,3.95,15.80
"515165","2010-07-08 16:08:00","84986B","SET OF 36 SILVER PAPER DOILIES",6,1.45,8.70
"515165","2010-07-08 16:08:00","84988","SET OF 72 PINK HEART PAPER DOILIES",2,1.45,2.90
"515165","2010-07-08 16:08:00","85039B","S/4 IVORY MINI ROSE CANDLE IN BOWL",2,1.65,3.30
"515165","2010-07-08 16:08:00","85040A","S/4 PINK FLOWER CANDLES IN BOWL",1,1.65,1.65
"515165","2010-07-08 16:08:00","85040B","SET/4 BLUE FLOWER CANDLES IN BOWL",4,1.65,6.60
"515165","2010-07-08 16:08:00","85049B","LUSH GREENS RIBBONS",4,1.25,5.00
"515165","2010-07-08 16:08:00","85099B","JUMBO BAG RED RETROSPOT",10,1.95,19.50
"515165","2010-07-08 16:08:00","85099C","JUMBO  BAG BAROQUE BLACK WHITE",10,1.95,19.50
"515165","2010-07-08 16:08:00","85099F","JUMBO BAG STRAWBERRY",10,1.95,19.50
"515165","2010-07-08 16:08:00","85150","LADIES & GENTLEMEN METAL SIGN",5,2.55,12.75
"515165","2010-07-08 16:08:00","85152","HAND OVER THE CHOCOLATE   SIGN ",5,2.10,10.50
"515165","2010-07-08 16:08:00","85173","SET/6 FROG PRINCE T-LIGHT CANDLES",1,2.55,2.55
"515165","2010-07-08 16:08:00","85174","S/4 CACTI CANDLES",1,4.95,4.95
"515165","2010-07-08 16:08:00","85232A","SET/3 POLKA DOT STACKING TINS",2,4.95,9.90
"515167","2010-07-08 16:14:00","22170","PICTURE FRAME WOOD TRIPLE PORTRAIT",1,6.75,6.75
"515167","2010-07-08 16:14:00","22528","GARDENERS KNEELING PAD",8,1.25,10.00
"515168","2010-07-08 16:29:00","22431","WATERING CAN BLUE ELEPHANT",1,1.95,1.95
"515168","2010-07-08 16:29:00","15058A","BLUE WHITE SPOTS GARDEN PARASOL",1,7.95,7.95
"515907","2010-07-15 13:13:00","22411","JUMBO SHOPPER VINTAGE RED PAISLEY",10,1.95,19.50
"515907","2010-07-15 13:13:00","22384","LUNCH BAG PINK RETROSPOT",10,1.65,16.50
"515907","2010-07-15 13:13:00","22383","LUNCH BAG SUKI  DESIGN ",10,1.65,16.50
"515907","2010-07-15 13:13:00","22171","3 HOOK PHOTO SHELF ANTIQUE WHITE",2,8.50,17.00
"515907","2010-07-15 13:13:00","22435","SET OF 9 HEART SHAPED BALLOONS",10,1.25,12.50
"515907","2010-07-15 13:13:00","22386","JUMBO BAG PINK WITH WHITE SPOTS",10,1.95,19.50
"515907","2010-07-15 13:13:00","16212","FUNKY GIRLZ ASST MAGNETIC MEMO PAD",3,0.65,1.95
"515907","2010-07-15 13:13:00","16212","FUNKY GIRLZ ASST MAGNETIC MEMO PAD",8,0.65,5.20
"515907","2010-07-15 13:13:00","16216","LETTER SHAPE PENCIL SHARPENER",1,0.16,0.16
"515907","2010-07-15 13:13:00","16218","CARTOON  PENCIL SHARPENERS",2,0.16,0.32
"515907","2010-07-15 13:13:00","20725","LUNCH BAG RED SPOTTY",10,1.65,16.50
"515907","2010-07-15 13:13:00","21172","PARTY METAL SIGN ",5,1.45,7.25
"515907","2010-07-15 13:13:00","21238","RED SPOTTY CUP",8,0.85,6.80
"515907","2010-07-15 13:13:00","21239","PINK  SPOTTY CUP",8,0.85,6.80
"515907","2010-07-15 13:13:00","22489","PACK OF 12 TRADITIONAL CRAYONS",6,0.42,2.52
"515907","2010-07-15 13:13:00","85099B","JUMBO BAG RED RETROSPOT",10,1.95,19.50
"515907","2010-07-15 13:13:00","85099F","JUMBO BAG STRAWBERRY",10,1.95,19.50
"515907","2010-07-15 13:13:00","22070","SMALL RED RETROSPOT MUG IN BOX ",1,3.75,3.75
"515907","2010-07-15 13:13:00","21240","BLUE  SPOTTY CUP",8,0.85,6.80
"515907","2010-07-15 13:13:00","21937","STRAWBERRY   PICNIC BAG",2,2.95,5.90
"515907","2010-07-15 13:13:00","21936","RED RETROSPOT PICNIC BAG",1,2.95,2.95
"515907","2010-07-15 13:13:00","21933","PINK VINTAGE PAISLEY PICNIC BAG",2,2.95,5.90
"515907","2010-07-15 13:13:00","21929","JUMBO BAG PINK VINTAGE PAISLEY",10,1.95,19.50
"515907","2010-07-15 13:13:00","21928","JUMBO BAG SCANDINAVIAN PAISLEY",10,1.95,19.50
"515907","2010-07-15 13:13:00","21829","DINOSAUR KEYRINGS ASSORTED",36,0.21,7.56
"515907","2010-07-15 13:13:00","21790","VINTAGE SNAP CARDS",6,0.85,5.10
"515907","2010-07-15 13:13:00","21670","BLUE SPOT CERAMIC DRAWER KNOB",1,1.25,1.25
"515907","2010-07-15 13:13:00","21669","BLUE STRIPE CERAMIC DRAWER KNOB",1,1.25,1.25
"515907","2010-07-15 13:13:00","21432","SET OF 3 CASES WOODLAND DESIGN",1,5.95,5.95
"515907","2010-07-15 13:13:00","21241","GREEN SPOTTY CUP",8,0.85,6.80
"515907","2010-07-15 13:13:00","85150","LADIES & GENTLEMEN METAL SIGN",5,2.55,12.75
"515907","2010-07-15 13:13:00","85168B","BLACK BAROQUE CARRIAGE CLOCK",1,9.95,9.95
"515907","2010-07-15 13:13:00","85174","S/4 CACTI CANDLES",1,4.95,4.95
"515907","2010-07-15 13:13:00","85174","S/4 CACTI CANDLES",2,4.95,9.90
"515907","2010-07-15 13:13:00","82494L","WOODEN FRAME ANTIQUE WHITE ",3,2.95,8.85
"515907","2010-07-15 13:13:00","22505","MEMO BOARD COTTAGE DESIGN",3,4.95,14.85
"515907","2010-07-15 13:13:00","22512","DOORSTOP RACING CAR DESIGN",1,3.75,3.75
"515907","2010-07-15 13:13:00","22539","MINI JIGSAW DOLLY GIRL",7,0.42,2.94
"515907","2010-07-15 13:13:00","22544","MINI JIGSAW SPACEBOY",7,0.42,2.94
"515907","2010-07-15 13:13:00","22547","MINI JIGSAW DINOSAUR ",6,0.42,2.52
"515907","2010-07-15 13:13:00","22560","TRADITIONAL MODELLING CLAY",24,1.25,30.00
"515907","2010-07-15 13:13:00","22562","MONSTERS STENCIL CRAFT",6,1.25,7.50
"515907","2010-07-15 13:13:00","22563","HAPPY STENCIL CRAFT",6,1.25,7.50
"515907","2010-07-15 13:13:00","22650","CERAMIC PIRATE CHEST MONEY BANK",4,1.45,5.80
"515907","2010-07-15 13:13:00","22666","RECIPE BOX PANTRY YELLOW DESIGN",4,2.95,11.80
"515907","2010-07-15 13:13:00","22667","RECIPE BOX RETRO SPOT DESIGN",4,2.95,11.80
"515907","2010-07-15 13:13:00","22719","GUMBALL MONOCHROME COAT RACK",1,1.25,1.25
"515907","2010-07-15 13:13:00","48138","DOORMAT UNION FLAG",2,7.49,14.98
"515907","2010-07-15 13:13:00","82567","AIRLINE LOUNGE,METAL SIGN",6,2.10,12.60
"515907","2010-07-15 13:13:00","82578","KITCHEN METAL SIGN",6,0.55,3.30
"515907","2010-07-15 13:13:00","82580","BATHROOM METAL SIGN",9,0.55,4.95
"515907","2010-07-15 13:13:00","84279P","CHERRY BLOSSOM  DECORATIVE FLASK",1,3.75,3.75
"515907","2010-07-15 13:13:00","84792","ENCHANTED BIRD COATHANGER 5 HOOK",1,4.65,4.65
"515907","2010-07-15 13:13:00","84840","SWEETHEART CARRY-ALL BASKET",1,8.50,8.50
"515907","2010-07-15 13:13:00","84971S","SMALL HEART FLOWERS HOOK ",24,0.85,20.40
"515907","2010-07-15 13:13:00","84984C","ORIENTAL BLUE CUSHION COVER ",2,4.65,9.30
"515907","2010-07-15 13:13:00","22467","GUMBALL COAT RACK",2,2.55,5.10
"515907","2010-07-15 13:13:00","22444","GROW YOUR OWN PLANT IN A CAN ",24,1.25,30.00
"515907","2010-07-15 13:13:00","22441","GROW YOUR OWN BASIL IN ENAMEL MUG",3,2.10,6.30
"516648","2010-07-22 11:25:00","22719","GUMBALL MONOCHROME COAT RACK",2,1.25,2.50
"C516645","2010-07-22 11:25:00","22467","GUMBALL COAT RACK",-2,2.55,-5.10
"516696","2010-07-22 11:53:00","85232A","SET/3 POLKA DOT STACKING TINS",2,4.95,9.90
"516696","2010-07-22 11:53:00","20674","GREEN SPOTTY BOWL",8,1.25,10.00
"516696","2010-07-22 11:53:00","20675","BLUE SPOTTY BOWL",12,1.25,15.00
"516696","2010-07-22 11:53:00","20676","RED SPOTTY BOWL",8,1.25,10.00
"516696","2010-07-22 11:53:00","20677","PINK SPOTTY BOWL",12,1.25,15.00
"516696","2010-07-22 11:53:00","20711","JUMBO BAG TOYS ",10,1.95,19.50
"516696","2010-07-22 11:53:00","20728","LUNCH BAG CARS BLUE",20,1.65,33.00
"516696","2010-07-22 11:53:00","21121","SET/10 RED SPOTTY PARTY CANDLES",2,1.25,2.50
"516696","2010-07-22 11:53:00","21122","SET/10 PINK SPOTTY PARTY CANDLES",2,1.25,2.50
"516696","2010-07-22 11:53:00","21124","SET/10 BLUE SPOTTY PARTY CANDLES",2,1.25,2.50
"516696","2010-07-22 11:53:00","21216","SET 3 RED SPOT TIN TEA,COFFEE,SUGAR",3,4.95,14.85
"516696","2010-07-22 11:53:00","21242","RED SPOTTY PLATE ",8,1.69,13.52
"516696","2010-07-22 11:53:00","21243","PINK  SPOTTY PLATE ",8,1.69,13.52
"516696","2010-07-22 11:53:00","21244","BLUE  SPOTTY PLATE ",12,1.69,20.28
"516696","2010-07-22 11:53:00","21245","GREEN  SPOTTY PLATE ",8,1.69,13.52
"516696","2010-07-22 11:53:00","21248","DOOR HANGER  MUM + DADS ROOM",4,1.45,5.80
"516696","2010-07-22 11:53:00","21531","RED RETROSPOT SUGAR JAM BOWL",3,2.55,7.65
"516696","2010-07-22 11:53:00","21843","RED RETROSPOT CAKE STAND",1,10.95,10.95
"516696","2010-07-22 11:53:00","21870","I CAN ONLY PLEASE ONE PERSON MUG",6,1.25,7.50
"516696","2010-07-22 11:53:00","21873","IF YOU CAN'T STAND THE HEAT MUG",6,1.25,7.50
"516696","2010-07-22 11:53:00","21875","KINGS CHOICE MUG",6,1.25,7.50
"516696","2010-07-22 11:53:00","21904","HOUSE WRECKING METAL SIGN ",5,2.10,10.50
"516696","2010-07-22 11:53:00","21928","JUMBO BAG SCANDINAVIAN PAISLEY",10,1.95,19.50
"516696","2010-07-22 11:53:00","21929","JUMBO BAG PINK VINTAGE PAISLEY",10,1.95,19.50
"516696","2010-07-22 11:53:00","21931","JUMBO STORAGE BAG SUKI",10,1.95,19.50
"516696","2010-07-22 11:53:00","21937","STRAWBERRY   PICNIC BAG",4,2.95,11.80
"516696","2010-07-22 11:53:00","21972","SET OF 36 DINOSAUR PAPER DOILIES",3,1.45,4.35
"516696","2010-07-22 11:53:00","22072","RED RETROSPOT TEA CUP AND SAUCER ",2,3.75,7.50
"516696","2010-07-22 11:53:00","22120","WELCOME  WOODEN BLOCK LETTERS",1,9.95,9.95
"516696","2010-07-22 11:53:00","22173","METAL 4 HOOK HANGER FRENCH CHATEAU",2,2.95,5.90
"516696","2010-07-22 11:53:00","22185","SLATE TILE NATURAL HANGING",6,1.65,9.90
"516696","2010-07-22 11:53:00","22357","KINGS CHOICE BISCUIT TIN",1,4.25,4.25
"516696","2010-07-22 11:53:00","22382","LUNCH BAG SPACEBOY DESIGN ",10,1.65,16.50
"516696","2010-07-22 11:53:00","22384","LUNCH BAG PINK RETROSPOT",20,1.65,33.00
"516696","2010-07-22 11:53:00","22386","JUMBO BAG PINK WITH WHITE SPOTS",10,1.95,19.50
"516696","2010-07-22 11:53:00","22413","METAL SIGN TAKE IT OR LEAVE IT ",12,2.95,35.40
"516696","2010-07-22 11:53:00","22423","REGENCY CAKESTAND 3 TIER",2,12.75,25.50
"516696","2010-07-22 11:53:00","22457","NATURAL SLATE HEART CHALKBOARD ",6,2.95,17.70
"516696","2010-07-22 11:53:00","22488","NATURAL SLATE RECTANGLE CHALKBOARD",6,1.65,9.90
"516696","2010-07-22 11:53:00","22662","LUNCH BAG DOLLY GIRL DESIGN",10,1.65,16.50
"516696","2010-07-22 11:53:00","22663","JUMBO BAG DOLLY GIRL DESIGN",10,1.95,19.50
"516696","2010-07-22 11:53:00","72760B","VINTAGE CREAM 3 BASKET CAKE STAND",1,9.95,9.95
"516696","2010-07-22 11:53:00","82484","WOOD BLACK BOARD ANT WHITE FINISH",2,6.45,12.90
"516696","2010-07-22 11:53:00","82600","NO SINGING METAL SIGN",12,2.10,25.20
"516696","2010-07-22 11:53:00","85040A","S/4 PINK FLOWER CANDLES IN BOWL",3,1.65,4.95
"516696","2010-07-22 11:53:00","85040B","SET/4 BLUE FLOWER CANDLES IN BOWL",4,1.65,6.60
"516696","2010-07-22 11:53:00","85065","CREAM SWEETHEART TRAYS",1,12.75,12.75
"516696","2010-07-22 11:53:00","85066","CREAM SWEETHEART MINI CHEST",1,12.75,12.75
"516696","2010-07-22 11:53:00","85099C","JUMBO  BAG BAROQUE BLACK WHITE",10,1.95,19.50
"516696","2010-07-22 11:53:00","85099F","JUMBO BAG STRAWBERRY",10,1.95,19.50
"516696","2010-07-22 11:53:00","85150","LADIES & GENTLEMEN METAL SIGN",12,2.55,30.60
"516696","2010-07-22 11:53:00","85232B","SET/3 RUSSIAN DOLL STACKING TINS",4,4.95,19.80
"517712","2010-08-01 11:17:00","85099F","JUMBO BAG STRAWBERRY",10,1.95,19.50
"517712","2010-08-01 11:17:00","20711","JUMBO BAG TOYS ",10,1.95,19.50
"517712","2010-08-01 11:17:00","20725","LUNCH BAG RED SPOTTY",20,1.65,33.00
"517712","2010-08-01 11:17:00","20726","LUNCH BAG WOODLAND",10,1.65,16.50
"517712","2010-08-01 11:17:00","20727","LUNCH BAG  BLACK SKULL.",10,1.65,16.50
"517712","2010-08-01 11:17:00","20770","ABSTRACT CIRCLE JOURNAL ",1,2.55,2.55
"517712","2010-08-01 11:17:00","21033","JUMBO BAG CHARLIE AND LOLA TOYS",10,2.95,29.50
"517712","2010-08-01 11:17:00","21212","PACK OF 72 RETRO SPOT CAKE CASES",12,0.55,6.60
"517712","2010-08-01 11:17:00","21217","RED SPOTTY ROUND CAKE TINS",2,9.95,19.90
"517712","2010-08-01 11:17:00","21272","SALLE DE BAIN HOOK",5,1.25,6.25
"517712","2010-08-01 11:17:00","21533","RETRO SPOT LARGE MILK JUG",3,4.95,14.85
"517712","2010-08-01 11:17:00","21535","RED RETROSPOT SMALL MILK JUG",3,2.55,7.65
"517712","2010-08-01 11:17:00","21768","WALL MOUNTED VINTAGE ORGANISER",1,14.95,14.95
"517712","2010-08-01 11:17:00","21843","RED RETROSPOT CAKE STAND",2,10.95,21.90
"517712","2010-08-01 11:17:00","21868","POTTING SHED TEA MUG",6,1.25,7.50
"517712","2010-08-01 11:17:00","21870","I CAN ONLY PLEASE ONE PERSON MUG",12,1.25,15.00
"517712","2010-08-01 11:17:00","21928","JUMBO BAG SCANDINAVIAN PAISLEY",10,1.95,19.50
"517712","2010-08-01 11:17:00","21930","JUMBO STORAGE BAG SKULLS",10,1.95,19.50
"517712","2010-08-01 11:17:00","21931","JUMBO STORAGE BAG SUKI",10,1.95,19.50
"517712","2010-08-01 11:17:00","21975","PACK OF 60 DINOSAUR CAKE CASES",12,0.55,6.60
"517712","2010-08-01 11:17:00","21987","PACK OF 6 SKULL PAPER CUPS",6,0.65,3.90
"517712","2010-08-01 11:17:00","22030","SWALLOWS GREETING CARD",36,0.42,15.12
"517712","2010-08-01 11:17:00","22036","DINOSAUR BIRTHDAY CARD",12,0.42,5.04
"517712","2010-08-01 11:17:00","22072","RED RETROSPOT TEA CUP AND SAUCER ",2,3.75,7.50
"517712","2010-08-01 11:17:00","22085","PAPER CHAIN KIT SKULLS ",2,2.95,5.90
"517712","2010-08-01 11:17:00","22170","PICTURE FRAME WOOD TRIPLE PORTRAIT",4,6.75,27.00
"517712","2010-08-01 11:17:00","22173","METAL 4 HOOK HANGER FRENCH CHATEAU",8,2.95,23.60
"517712","2010-08-01 11:17:00","22188","BLACK HEART CARD HOLDER",3,3.95,11.85
"517712","2010-08-01 11:17:00","22189","CREAM HEART CARD HOLDER",5,3.95,19.75
"517712","2010-08-01 11:17:00","22383","LUNCH BAG SUKI  DESIGN ",10,1.65,16.50
"517712","2010-08-01 11:17:00","22385","JUMBO BAG SPACEBOY DESIGN",10,1.95,19.50
"517712","2010-08-01 11:17:00","22386","JUMBO BAG PINK WITH WHITE SPOTS",10,1.95,19.50
"517712","2010-08-01 11:17:00","22423","REGENCY CAKESTAND 3 TIER",4,12.75,51.00
"517712","2010-08-01 11:17:00","22444","GROW YOUR OWN PLANT IN A CAN ",25,1.25,31.25
"517712","2010-08-01 11:17:00","22456","NATURAL SLATE CHALKBOARD LARGE ",2,4.95,9.90
"517712","2010-08-01 11:17:00","22528","GARDENERS KNEELING PAD",4,1.25,5.00
"517712","2010-08-01 11:17:00","22650","CERAMIC PIRATE CHEST MONEY BANK",4,1.45,5.80
"517712","2010-08-01 11:17:00","22666","RECIPE BOX PANTRY YELLOW DESIGN",6,2.95,17.70
"517712","2010-08-01 11:17:00","22667","RECIPE BOX RETRO SPOT DESIGN",6,2.95,17.70
"517712","2010-08-01 11:17:00","72760B","VINTAGE CREAM 3 BASKET CAKE STAND",2,9.95,19.90
"517712","2010-08-01 11:17:00","82582","AREA PATROLLED METAL SIGN",5,2.10,10.50
"517712","2010-08-01 11:17:00","84792","ENCHANTED BIRD COATHANGER 5 HOOK",1,4.65,4.65
"517712","2010-08-01 11:17:00","84978","HANGING HEART JAR T-LIGHT HOLDER",12,1.25,15.00
"517712","2010-08-01 11:17:00","85099B","JUMBO BAG RED RETROSPOT",10,1.95,19.50
"517712","2010-08-01 11:17:00","85099C","JUMBO  BAG BAROQUE BLACK WHITE",10,1.95,19.50
"517712","2010-08-01 11:17:00","85232A","SET/3 POLKA DOT STACKING TINS",6,4.95,29.70
"517712","2010-08-01 11:17:00","85232B","SET/3 RUSSIAN DOLL STACKING TINS",6,4.95,29.70
"517718","2010-08-01 11:29:00","84978","HANGING HEART JAR T-LIGHT HOLDER",6,1.25,7.50
"C519397","2010-08-16 16:12:00","21931","JUMBO STORAGE BAG SUKI",-1,1.95,-1.95
"C519397","2010-08-16 16:12:00","22241","GARLAND WOODEN HAPPY EASTER",-2,1.25,-2.50
"C519397","2010-08-16 16:12:00","85099F","JUMBO BAG STRAWBERRY",-1,1.95,-1.95
"519401","2010-08-16 16:54:00","21519","GIN & TONIC DIET GREETING CARD ",24,0.42,10.08
"519401","2010-08-16 16:54:00","21527","RED RETROSPOT TRADITIONAL TEAPOT ",3,7.95,23.85
"519401","2010-08-16 16:54:00","21539","RED RETROSPOT BUTTER DISH",3,4.95,14.85
"519401","2010-08-16 16:54:00","21754","HOME BUILDING BLOCK WORD",3,5.95,17.85
"519401","2010-08-16 16:54:00","21755","LOVE BUILDING BLOCK WORD",4,5.95,23.80
"519401","2010-08-16 16:54:00","21768","WALL MOUNTED VINTAGE ORGANISER",1,14.95,14.95
"519401","2010-08-16 16:54:00","21843","RED RETROSPOT CAKE STAND",2,10.95,21.90
"519401","2010-08-16 16:54:00","21930","JUMBO STORAGE BAG SKULLS",10,1.95,19.50
"519401","2010-08-16 16:54:00","21988","PACK OF 6 SKULL PAPER PLATES",5,0.85,4.25
"519401","2010-08-16 16:54:00","22025","RING OF ROSES BIRTHDAY CARD",12,0.42,5.04
"519401","2010-08-16 16:54:00","22026","BANQUET BIRTHDAY  CARD  ",12,0.42,5.04
"519401","2010-08-16 16:54:00","22029","SPACEBOY BIRTHDAY CARD",12,0.42,5.04
"519401","2010-08-16 16:54:00","22031","BOTANICAL LAVENDER BIRTHDAY CARD",12,0.42,5.04
"519401","2010-08-16 16:54:00","22074","6 RIBBONS SHIMMERING PINKS ",24,0.65,15.60
"519401","2010-08-16 16:54:00","22151","PLACE SETTING WHITE HEART",24,0.42,10.08
"519401","2010-08-16 16:54:00","22169","FAMILY ALBUM WHITE PICTURE FRAME",4,8.50,34.00
"519401","2010-08-16 16:54:00","22188","BLACK HEART CARD HOLDER",3,3.95,11.85
"519401","2010-08-16 16:54:00","22189","CREAM HEART CARD HOLDER",3,3.95,11.85
"519401","2010-08-16 16:54:00","22212","FOUR HOOK  WHITE LOVEBIRDS",6,2.10,12.60
"519401","2010-08-16 16:54:00","22242","HOOK, 5 HANGER , MAGIC TOADSTOOL",6,1.65,9.90
"519401","2010-08-16 16:54:00","22385","JUMBO BAG SPACEBOY DESIGN",10,1.95,19.50
"519401","2010-08-16 16:54:00","22386","JUMBO BAG PINK WITH WHITE SPOTS",10,1.95,19.50
"519401","2010-08-16 16:54:00","22416","SET OF 36 DOILIES SPACEBOY DESIGN ",3,1.45,4.35
"519401","2010-08-16 16:54:00","22505","MEMO BOARD COTTAGE DESIGN",2,4.95,9.90
"519401","2010-08-16 16:54:00","22507","MEMO BOARD RETROSPOT  DESIGN",4,4.95,19.80
"519401","2010-08-16 16:54:00","22666","RECIPE BOX PANTRY YELLOW DESIGN",6,2.95,17.70
"519401","2010-08-16 16:54:00","22698","PINK REGENCY TEACUP AND SAUCER",9,2.95,26.55
"519401","2010-08-16 16:54:00","35241","ENAMEL BLUE RIM BISCUIT BIN",3,4.95,14.85
"519401","2010-08-16 16:54:00","35809A","ENAMEL PINK TEA CONTAINER",24,0.85,20.40
"519401","2010-08-16 16:54:00","35810A","ENAMEL PINK COFFEE CONTAINER",12,0.85,10.20
"519401","2010-08-16 16:54:00","35811A","ENAMEL PINK SUGAR CONTAINER",12,0.85,10.20
"519401","2010-08-16 16:54:00","48138","DOORMAT UNION FLAG",2,7.49,14.98
"519401","2010-08-16 16:54:00","72351A","SET/6 TURQUOISE BUTTERFLY T-LIGHTS",6,2.10,12.60
"519401","2010-08-16 16:54:00","72351B","SET/6 PINK  BUTTERFLY T-LIGHTS",6,2.10,12.60
"519401","2010-08-16 16:54:00","82552","WASHROOM METAL SIGN",2,1.25,2.50
"519401","2010-08-16 16:54:00","82567","AIRLINE LOUNGE,METAL SIGN",12,2.10,25.20
"519401","2010-08-16 16:54:00","82582","AREA PATROLLED METAL SIGN",12,2.10,25.20
"519401","2010-08-16 16:54:00","82613B","METAL SIGN,CUPCAKE SINGLE HOOK",5,1.25,6.25
"519401","2010-08-16 16:54:00","82613D","METAL SIGN CUPCAKE SINGLE HOOK",5,1.25,6.25
"519401","2010-08-16 16:54:00","84249D","FAIRY CAKE GREETINGS CARD",24,0.42,10.08
"519401","2010-08-16 16:54:00","84706D","CHERRY BLOSSOM TABLE CLOCK ",24,1.95,46.80
"519401","2010-08-16 16:54:00","84792","ENCHANTED BIRD COATHANGER 5 HOOK",1,4.65,4.65
"519401","2010-08-16 16:54:00","84987","SET OF 36 TEATIME PAPER DOILIES",2,1.45,2.90
"519401","2010-08-16 16:54:00","85049H","URBAN BLACK RIBBONS ",24,0.42,10.08
"519401","2010-08-16 16:54:00","85066","CREAM SWEETHEART MINI CHEST",2,12.75,25.50
"519401","2010-08-16 16:54:00","85099F","JUMBO BAG STRAWBERRY",10,1.95,19.50
"519401","2010-08-16 16:54:00","85131A","BEADED PEARL HEART WHITE ON STICK",24,0.38,9.12
"519401","2010-08-16 16:54:00","85170A","SET/6 IVORY BIRD T-LIGHT CANDLES",24,0.85,20.40
"519401","2010-08-16 16:54:00","85170D","SET/6 PINK BIRD T-LIGHT CANDLES",24,0.85,20.40
"519401","2010-08-16 16:54:00","21210","SET OF 72 RETRO SPOT PAPER  DOILIES",4,1.45,5.80
"519401","2010-08-16 16:54:00","21154","RED SPOTTY OVEN GLOVE ",5,1.25,6.25
"519401","2010-08-16 16:54:00","21080","SET/20 RED SPOTTY PAPER NAPKINS ",8,0.85,6.80
"519401","2010-08-16 16:54:00","21217","RED SPOTTY ROUND CAKE TINS",2,9.95,19.90
"519401","2010-08-16 16:54:00","21066","VINTAGE RED MUG",36,0.38,13.68
"519401","2010-08-16 16:54:00","21035","SET/2 RED SPOTTY TEA TOWELS ",5,2.95,14.75
"519401","2010-08-16 16:54:00","21011","GLITTER SNOW PEAR TREE DECORATION",36,0.38,13.68
"519401","2010-08-16 16:54:00","21007","ETCHED GLASS DROPLET DECORATION",48,0.38,18.24
"519401","2010-08-16 16:54:00","16169P","WRAP GREEN RUSSIAN FOLKART ",50,0.19,9.50
"519401","2010-08-16 16:54:00","16169N","WRAP BLUE RUSSIAN FOLKART",50,0.19,9.50
"519401","2010-08-16 16:54:00","16169M","WRAP DAISY CARPET ",50,0.19,9.50
"519401","2010-08-16 16:54:00","16169K","WRAP FOLK ART",50,0.19,9.50
"519401","2010-08-16 16:54:00","21067","VINTAGE RED TEATIME MUG",36,0.38,13.68
"519401","2010-08-16 16:54:00","21218","RED SPOTTY BISCUIT TIN",6,3.75,22.50
"519401","2010-08-16 16:54:00","21509","COWBOYS AND INDIANS BIRTHDAY CARD ",12,0.42,5.04
"519401","2010-08-16 16:54:00","21518","BANK ACCOUNT  GREETING  CARD ",12,0.42,5.04
"C521131","2010-09-02 12:49:00","20725","LUNCH BAG RED SPOTTY",-1,1.65,-1.65
"C521131","2010-09-02 12:49:00","21539","RED RETROSPOT BUTTER DISH",-1,4.95,-4.95
"C521131","2010-09-02 12:49:00","22169","FAMILY ALBUM WHITE PICTURE FRAME",-1,7.65,-7.65
"C521131","2010-09-02 12:49:00","22172","METAL SHELF WITH RAIL ",-1,8.50,-8.50
"C521131","2010-09-02 12:49:00","22423","REGENCY CAKESTAND 3 TIER",-1,12.75,-12.75
"C521131","2010-09-02 12:49:00","22456","NATURAL SLATE CHALKBOARD LARGE ",-1,4.95,-4.95
"521150","2010-09-02 13:33:00","21754","HOME BUILDING BLOCK WORD",3,5.95,17.85
"521150","2010-09-02 13:33:00","20711","JUMBO BAG TOYS ",10,1.95,19.50
"521150","2010-09-02 13:33:00","21080","SET/20 RED SPOTTY PAPER NAPKINS ",4,0.85,3.40
"521150","2010-09-02 13:33:00","21121","SET/10 RED SPOTTY PARTY CANDLES",3,1.25,3.75
"521150","2010-09-02 13:33:00","21122","SET/10 PINK SPOTTY PARTY CANDLES",3,1.25,3.75
"521150","2010-09-02 13:33:00","21124","SET/10 BLUE SPOTTY PARTY CANDLES",3,1.25,3.75
"521150","2010-09-02 13:33:00","21125","SET 6 FOOTBALL CELEBRATION CANDLES",5,1.25,6.25
"521150","2010-09-02 13:33:00","21166","COOK WITH WINE METAL SIGN ",12,1.95,23.40
"521150","2010-09-02 13:33:00","21175","GIN + TONIC DIET METAL SIGN",5,2.10,10.50
"521150","2010-09-02 13:33:00","21181","PLEASE ONE PERSON METAL SIGN",12,2.10,25.20
"521150","2010-09-02 13:33:00","21210","SET OF 72 RETRO SPOT PAPER  DOILIES",3,1.45,4.35
"521150","2010-09-02 13:33:00","21754","HOME BUILDING BLOCK WORD",2,5.95,11.90
"521150","2010-09-02 13:33:00","21755","LOVE BUILDING BLOCK WORD",2,5.95,11.90
"521150","2010-09-02 13:33:00","21916","SET 12 RETRO WHITE CHALK STICKS",6,0.42,2.52
"521150","2010-09-02 13:33:00","21928","JUMBO BAG SCANDINAVIAN PAISLEY",10,1.95,19.50
"521150","2010-09-02 13:33:00","21929","JUMBO BAG PINK VINTAGE PAISLEY",10,1.95,19.50
"521150","2010-09-02 13:33:00","21931","JUMBO STORAGE BAG SUKI",10,1.95,19.50
"521150","2010-09-02 13:33:00","22084","PAPER CHAIN KIT EMPIRE",1,2.95,2.95
"521150","2010-09-02 13:33:00","22088","PAPER BUNTING COLOURED LACE",2,2.95,5.90
"521150","2010-09-02 13:33:00","22090","PAPER BUNTING RETRO SPOTS",3,2.95,8.85
"521150","2010-09-02 13:33:00","22168","ORGANISER WOOD ANTIQUE WHITE ",2,8.50,17.00
"521150","2010-09-02 13:33:00","22170","PICTURE FRAME WOOD TRIPLE PORTRAIT",4,6.75,27.00
"521150","2010-09-02 13:33:00","22173","METAL 4 HOOK HANGER FRENCH CHATEAU",8,2.95,23.60
"521150","2010-09-02 13:33:00","22386","JUMBO BAG PINK WITH WHITE SPOTS",20,1.95,39.00
"521150","2010-09-02 13:33:00","22411","JUMBO SHOPPER VINTAGE RED PAISLEY",10,1.95,19.50
"521150","2010-09-02 13:33:00","22413","METAL SIGN TAKE IT OR LEAVE IT ",12,2.95,35.40
"521150","2010-09-02 13:33:00","22423","REGENCY CAKESTAND 3 TIER",5,12.75,63.75
"521150","2010-09-02 13:33:00","22441","GROW YOUR OWN BASIL IN ENAMEL MUG",5,2.10,10.50
"521150","2010-09-02 13:33:00","22663","JUMBO BAG DOLLY GIRL DESIGN",10,1.95,19.50
"521150","2010-09-02 13:33:00","22693","GROW A FLYTRAP OR SUNFLOWER IN TIN",24,1.25,30.00
"521150","2010-09-02 13:33:00","47502","POLKADOT CUTLERY 24 PCS IN TRAY",2,12.75,25.50
"521150","2010-09-02 13:33:00","47590B","PINK HAPPY BIRTHDAY BUNTING",2,5.45,10.90
"521150","2010-09-02 13:33:00","48111","DOORMAT 3 SMILEY CATS",2,7.95,15.90
"521150","2010-09-02 13:33:00","48188","DOORMAT WELCOME PUPPIES",2,7.95,15.90
"521150","2010-09-02 13:33:00","72760B","VINTAGE CREAM 3 BASKET CAKE STAND",1,9.95,9.95
"521150","2010-09-02 13:33:00","82494L","WOODEN FRAME ANTIQUE WHITE ",4,2.95,11.80
"521150","2010-09-02 13:33:00","82551","LAUNDRY 15C METAL SIGN",5,1.45,7.25
"521150","2010-09-02 13:33:00","84987","SET OF 36 TEATIME PAPER DOILIES",6,1.45,8.70
"521150","2010-09-02 13:33:00","84991","60 TEATIME FAIRY CAKE CASES",5,0.55,2.75
"521150","2010-09-02 13:33:00","85064","CREAM SWEETHEART LETTER RACK",2,5.45,10.90
"521150","2010-09-02 13:33:00","85065","CREAM SWEETHEART TRAYS",2,12.75,25.50
"521150","2010-09-02 13:33:00","85099B","JUMBO BAG RED RETROSPOT",10,1.95,19.50
"521150","2010-09-02 13:33:00","85099C","JUMBO  BAG BAROQUE BLACK WHITE",10,1.95,19.50
"521150","2010-09-02 13:33:00","85099F","JUMBO BAG STRAWBERRY",10,1.95,19.50
"521150","2010-09-02 13:33:00","85150","LADIES & GENTLEMEN METAL SIGN",12,2.55,30.60
"521151","2010-09-02 13:36:00","22667","RECIPE BOX RETRO SPOT DESIGN",4,2.95,11.80
"521151","2010-09-02 13:36:00","22666","RECIPE BOX PANTRY YELLOW DESIGN",8,2.95,23.60
"521156","2010-09-02 13:46:00","22485","SET OF 2 WOODEN MARKET CRATES",2,12.75,25.50
"522826","2010-09-17 10:16:00","22752","SET 7 BABUSHKA NESTING BOXES",2,8.50,17.00
"522826","2010-09-17 10:16:00","22815","CARD PSYCHEDELIC APPLES",12,0.42,5.04
"522826","2010-09-17 10:16:00","35810A","ENAMEL PINK COFFEE CONTAINER",12,2.10,25.20
"522826","2010-09-17 10:16:00","72760B","VINTAGE CREAM 3 BASKET CAKE STAND",4,9.95,39.80
"522826","2010-09-17 10:16:00","82484","WOOD BLACK BOARD ANT WHITE FINISH",3,6.45,19.35
"522826","2010-09-17 10:16:00","84029E","RED WOOLLY HOTTIE WHITE HEART.",4,3.75,15.00
"522826","2010-09-17 10:16:00","85099B","JUMBO BAG RED RETROSPOT",10,1.95,19.50
"522826","2010-09-17 10:16:00","85099C","JUMBO  BAG BAROQUE BLACK WHITE",10,1.95,19.50
"522826","2010-09-17 10:16:00","85099F","JUMBO BAG STRAWBERRY",10,1.95,19.50
"522826","2010-09-17 10:16:00","22385","JUMBO BAG SPACEBOY DESIGN",10,1.95,19.50
"522826","2010-09-17 10:16:00","22457","NATURAL SLATE HEART CHALKBOARD ",6,2.95,17.70
"522826","2010-09-17 10:16:00","22715","CARD WEDDING DAY",12,0.42,5.04
"522826","2010-09-17 10:16:00","22411","JUMBO SHOPPER VINTAGE RED PAISLEY",10,1.95,19.50
"522826","2010-09-17 10:16:00","20685","DOORMAT RED SPOT",2,7.95,15.90
"522826","2010-09-17 10:16:00","20712","JUMBO BAG WOODLAND ANIMALS",10,1.95,19.50
"522826","2010-09-17 10:16:00","20713","JUMBO BAG OWLS",10,1.95,19.50
"522826","2010-09-17 10:16:00","20724","RED SPOTTY CHARLOTTE BAG",10,0.85,8.50
"522826","2010-09-17 10:16:00","20727","LUNCH BAG  BLACK SKULL.",10,1.65,16.50
"522826","2010-09-17 10:16:00","20950","SET/6  ANGEL T-LIGHTS WHITE/GOLD",36,0.42,15.12
"522826","2010-09-17 10:16:00","21165","BEWARE OF THE CAT METAL SIGN ",12,1.69,20.28
"522826","2010-09-17 10:16:00","21174","POTTERING IN THE SHED METAL SIGN",12,1.95,23.40
"522826","2010-09-17 10:16:00","21175","GIN + TONIC DIET METAL SIGN",12,2.10,25.20
"522826","2010-09-17 10:16:00","21181","PLEASE ONE PERSON METAL SIGN",12,2.10,25.20
"522826","2010-09-17 10:16:00","21904","HOUSE WRECKING METAL SIGN ",12,2.10,25.20
"522826","2010-09-17 10:16:00","21907","I'M ON HOLIDAY METAL SIGN",12,2.10,25.20
"522826","2010-09-17 10:16:00","21930","JUMBO STORAGE BAG SKULLS",10,1.95,19.50
"522826","2010-09-17 10:16:00","21931","JUMBO STORAGE BAG SUKI",10,1.95,19.50
"522826","2010-09-17 10:16:00","22118","JOY WOODEN BLOCK LETTERS",3,4.95,14.85
"522826","2010-09-17 10:16:00","22185","SLATE TILE NATURAL HANGING",12,1.65,19.80
"522826","2010-09-17 10:16:00","22188","BLACK HEART CARD HOLDER",8,3.95,31.60
"522826","2010-09-17 10:16:00","22189","CREAM HEART CARD HOLDER",8,3.95,31.60
"C525982","2010-10-08 11:24:00","85066","CREAM SWEETHEART MINI CHEST",-1,12.75,-12.75
"C525982","2010-10-08 11:24:00","84706D","CHERRY BLOSSOM TABLE CLOCK ",-1,1.95,-1.95
"C525982","2010-10-08 11:24:00","72008","FROSTED BOX 9 WHITE T-LIGHT CANDLES",-1,0.42,-0.42
"C525982","2010-10-08 11:24:00","35810A","ENAMEL PINK COFFEE CONTAINER",-1,2.10,-2.10
"C525982","2010-10-08 11:24:00","21903","MAN FLU METAL SIGN",-1,2.10,-2.10
"C525982","2010-10-08 11:24:00","21333","CLASSIC WHITE FRAME",-1,2.95,-2.95
"C525982","2010-10-08 11:24:00","20724","RED RETROSPOT CHARLOTTE BAG",-1,0.85,-0.85
"526091","2010-10-08 12:18:00","22423","REGENCY CAKESTAND 3 TIER",1,12.75,12.75
"526091","2010-10-08 12:18:00","22456","NATURAL SLATE CHALKBOARD LARGE ",3,4.95,14.85
"526091","2010-10-08 12:18:00","22457","NATURAL SLATE HEART CHALKBOARD ",3,2.95,8.85
"526091","2010-10-08 12:18:00","22467","GUMBALL COAT RACK",12,2.55,30.60
"526091","2010-10-08 12:18:00","22485","SET OF 2 WOODEN MARKET CRATES",1,12.75,12.75
"526091","2010-10-08 12:18:00","22505","MEMO BOARD COTTAGE DESIGN",6,4.95,29.70
"526091","2010-10-08 12:18:00","22507","MEMO BOARD RETROSPOT  DESIGN",4,4.95,19.80
"526091","2010-10-08 12:18:00","22752","SET 7 BABUSHKA NESTING BOXES",1,8.50,8.50
"526091","2010-10-08 12:18:00","35811A","ENAMEL PINK SUGAR CONTAINER",6,2.10,12.60
"526091","2010-10-08 12:18:00","84792","ENCHANTED BIRD COATHANGER 5 HOOK",2,4.65,9.30
"526091","2010-10-08 12:18:00","85066","CREAM SWEETHEART MINI CHEST",1,12.75,12.75
"526091","2010-10-08 12:18:00","85099B","JUMBO BAG RED RETROSPOT",10,1.95,19.50
"526091","2010-10-08 12:18:00","85099C","JUMBO  BAG BAROQUE BLACK WHITE",10,1.95,19.50
"526091","2010-10-08 12:18:00","85099F","JUMBO BAG STRAWBERRY",10,1.95,19.50
"526091","2010-10-08 12:18:00","85152","HAND OVER THE CHOCOLATE   SIGN ",12,2.10,25.20
"526091","2010-10-08 12:18:00","85232B","SET OF 3 BABUSHKA STACKING TINS",2,4.95,9.90
"526091","2010-10-08 12:18:00","20711","JUMBO BAG TOYS ",10,1.95,19.50
"526091","2010-10-08 12:18:00","20713","JUMBO BAG OWLS",10,1.95,19.50
"526091","2010-10-08 12:18:00","20712","JUMBO BAG WOODLAND ANIMALS",10,1.95,19.50
"526091","2010-10-08 12:18:00","20725","LUNCH BAG RED RETROSPOT",10,1.65,16.50
"526091","2010-10-08 12:18:00","21137","BLACK RECORD COVER FRAME",12,3.75,45.00
"526091","2010-10-08 12:18:00","21166","COOK WITH WINE METAL SIGN ",12,1.95,23.40
"526091","2010-10-08 12:18:00","21181","PLEASE ONE PERSON METAL SIGN",12,2.10,25.20
"526091","2010-10-08 12:18:00","21754","HOME BUILDING BLOCK WORD",2,5.95,11.90
"526091","2010-10-08 12:18:00","21768","WALL MOUNTED VINTAGE ORGANISER",1,14.95,14.95
"526091","2010-10-08 12:18:00","21899","KEY FOB , GARAGE DESIGN",20,0.65,13.00
"526091","2010-10-08 12:18:00","21900","KEY FOB , SHED",20,0.65,13.00
"526091","2010-10-08 12:18:00","21901","KEY FOB , BACK DOOR ",20,0.65,13.00
"526091","2010-10-08 12:18:00","21902","KEY FOB , FRONT  DOOR ",20,0.65,13.00
"526091","2010-10-08 12:18:00","21908","CHOCOLATE THIS WAY METAL SIGN",12,2.10,25.20
"526091","2010-10-08 12:18:00","21916","SET 12 RETRO WHITE CHALK STICKS",6,0.42,2.52
"526091","2010-10-08 12:18:00","21918","SET 12 KIDS COLOUR  CHALK STICKS",4,0.42,1.68
"526091","2010-10-08 12:18:00","21928","JUMBO BAG SCANDINAVIAN PAISLEY",10,1.95,19.50
"526091","2010-10-08 12:18:00","21929","JUMBO BAG PINK VINTAGE PAISLEY",10,1.95,19.50
"526091","2010-10-08 12:18:00","21930","JUMBO STORAGE BAG SKULLS",10,1.95,19.50
"526091","2010-10-08 12:18:00","21931","JUMBO STORAGE BAG SUKI",10,1.95,19.50
"526091","2010-10-08 12:18:00","22042","CHRISTMAS CARD SINGING ANGEL",48,0.19,9.12
"526091","2010-10-08 12:18:00","22044","CHRISTMAS CARD STACK OF PRESENTS",48,0.19,9.12
"526091","2010-10-08 12:18:00","22043","CHRISTMAS CARD SCREEN PRINT ",48,0.19,9.12
"526091","2010-10-08 12:18:00","22151","PLACE SETTING WHITE HEART",24,0.42,10.08
"526091","2010-10-08 12:18:00","22168","ORGANISER WOOD ANTIQUE WHITE ",1,8.50,8.50
"526091","2010-10-08 12:18:00","22171","3 HOOK PHOTO SHELF ANTIQUE WHITE",4,8.50,34.00
"526091","2010-10-08 12:18:00","22385","JUMBO BAG SPACEBOY DESIGN",10,1.95,19.50
"526091","2010-10-08 12:18:00","22386","JUMBO BAG PINK POLKADOT",10,1.95,19.50
"526091","2010-10-08 12:18:00","22411","JUMBO SHOPPER VINTAGE RED PAISLEY",10,1.95,19.50
"C528756","2010-10-24 15:25:00","22467","GUMBALL COAT RACK",-1,2.55,-2.55
"C528756","2010-10-24 15:25:00","22666","RECIPE BOX PANTRY YELLOW DESIGN",-1,2.95,-2.95
"C528756","2010-10-24 15:25:00","35811A","ENAMEL PINK SUGAR CONTAINER",-2,2.10,-4.20
"C528756","2010-10-24 15:25:00","82494L","WOODEN FRAME ANTIQUE WHITE ",-1,2.95,-2.95
"C528756","2010-10-24 15:25:00","85170D","SET/6 PINK BIRD T-LIGHT CANDLES",-1,2.10,-2.10
"528766","2010-10-24 16:13:00","21931","JUMBO STORAGE BAG SUKI",10,1.95,19.50
"528766","2010-10-24 16:13:00","22065","CHRISTMAS PUDDING TRINKET POT ",2,1.45,2.90
"528766","2010-10-24 16:13:00","22071","SMALL WHITE RETROSPOT MUG IN BOX ",3,3.75,11.25
"528766","2010-10-24 16:13:00","22086","PAPER CHAIN KIT 50'S CHRISTMAS ",3,2.95,8.85
"528766","2010-10-24 16:13:00","22186","RED STAR CARD HOLDER",12,2.95,35.40
"528766","2010-10-24 16:13:00","20711","JUMBO BAG TOYS ",10,1.95,19.50
"528766","2010-10-24 16:13:00","22242","5 HOOK HANGER MAGIC TOADSTOOL",2,1.65,3.30
"528766","2010-10-24 16:13:00","22242","5 HOOK HANGER MAGIC TOADSTOOL",5,1.65,8.25
"528766","2010-10-24 16:13:00","22245","HOOK, 1 HANGER ,MAGIC GARDEN",6,0.85,5.10
"528766","2010-10-24 16:13:00","22385","JUMBO BAG SPACEBOY DESIGN",10,1.95,19.50
"528766","2010-10-24 16:13:00","22187","GREEN CHRISTMAS TREE CARD HOLDER",10,4.25,42.50
"528766","2010-10-24 16:13:00","20713","JUMBO BAG OWLS",10,1.95,19.50
"528766","2010-10-24 16:13:00","20956","PORCELAIN T-LIGHT HOLDERS ASSORTED",12,1.25,15.00
"528766","2010-10-24 16:13:00","21165","BEWARE OF THE CAT METAL SIGN ",24,1.69,40.56
"528766","2010-10-24 16:13:00","21166","COOK WITH WINE METAL SIGN ",12,1.95,23.40
"528766","2010-10-24 16:13:00","21175","GIN + TONIC DIET METAL SIGN",12,2.10,25.20
"528766","2010-10-24 16:13:00","21380","WOODEN HAPPY BIRTHDAY GARLAND",4,2.95,11.80
"528766","2010-10-24 16:13:00","21479","WHITE SKULL HOT WATER BOTTLE ",4,3.75,15.00
"528766","2010-10-24 16:13:00","21481","FAWN BLUE HOT WATER BOTTLE",4,2.95,11.80
"528766","2010-10-24 16:13:00","21768","WALL MOUNTED VINTAGE ORGANISER",2,14.95,29.90
"528766","2010-10-24 16:13:00","21928","JUMBO BAG SCANDINAVIAN PAISLEY",10,1.95,19.50
"528766","2010-10-24 16:13:00","21929","JUMBO BAG PINK VINTAGE PAISLEY",10,1.95,19.50
"528766","2010-10-24 16:13:00","22386","JUMBO BAG PINK POLKADOT",10,1.95,19.50
"528766","2010-10-24 16:13:00","22411","JUMBO SHOPPER VINTAGE RED PAISLEY",10,1.95,19.50
"528766","2010-10-24 16:13:00","22413","METAL SIGN TAKE IT OR LEAVE IT ",12,2.95,35.40
"528766","2010-10-24 16:13:00","22419","LIPSTICK PEN RED",12,0.42,5.04
"528766","2010-10-24 16:13:00","22423","REGENCY CAKESTAND 3 TIER",6,12.75,76.50
"528766","2010-10-24 16:13:00","22457","NATURAL SLATE HEART CHALKBOARD ",12,2.95,35.40
"528766","2010-10-24 16:13:00","22585","PACK OF 6 BIRDY GIFT TAGS",7,1.25,8.75
"528766","2010-10-24 16:13:00","22753","SMALL YELLOW BABUSHKA NOTEBOOK ",12,0.85,10.20
"528766","2010-10-24 16:13:00","22754","SMALL RED BABUSHKA NOTEBOOK ",12,0.85,10.20
"528766","2010-10-24 16:13:00","22755","SMALL PURPLE BABUSHKA NOTEBOOK ",12,0.85,10.20
"528766","2010-10-24 16:13:00","22766","PHOTO FRAME CORNICE",4,2.95,11.80
"528766","2010-10-24 16:13:00","22767","TRIPLE PHOTO FRAME CORNICE ",2,9.95,19.90
"528766","2010-10-24 16:13:00","22768","FAMILY PHOTO FRAME CORNICE",1,9.95,9.95
"528766","2010-10-24 16:13:00","22809","SET OF 6 T-LIGHTS SANTA",2,2.95,5.90
"528766","2010-10-24 16:13:00","22810","SET OF 6 T-LIGHTS SNOWMEN",3,2.95,8.85
"528766","2010-10-24 16:13:00","22814","CARD PARTY GAMES ",12,0.42,5.04
"528766","2010-10-24 16:13:00","22851","SET 20 NAPKINS FAIRY CAKES DESIGN ",3,0.85,2.55
"528766","2010-10-24 16:13:00","22904","CALENDAR PAPER CUT DESIGN",12,2.95,35.40
"528766","2010-10-24 16:13:00","22905","CALENDAR IN SEASON DESIGN",12,2.95,35.40
"528766","2010-10-24 16:13:00","22907","PACK OF 20 NAPKINS PANTRY DESIGN",1,0.85,0.85
"528766","2010-10-24 16:13:00","22907","PACK OF 20 NAPKINS PANTRY DESIGN",5,0.85,4.25
"528766","2010-10-24 16:13:00","22910","PAPER CHAIN KIT VINTAGE CHRISTMAS",3,2.95,8.85
"528766","2010-10-24 16:13:00","22983","CARD, BILLBOARD FONT",1,0.42,0.42
"528766","2010-10-24 16:13:00","22983","CARD, BILLBOARD FONT",12,0.42,5.04
"528766","2010-10-24 16:13:00","35400","WOODEN BOX ADVENT CALENDAR ",1,8.95,8.95
"528766","2010-10-24 16:13:00","47590A","BLUE HAPPY BIRTHDAY BUNTING",1,5.45,5.45
"528766","2010-10-24 16:13:00","47599B","BLUE PARTY BAGS ",3,2.10,6.30
"528766","2010-10-24 16:13:00","79191C","RETRO PLASTIC ELEPHANT TRAY",1,0.85,0.85
"528766","2010-10-24 16:13:00","82567","AIRLINE LOUNGE,METAL SIGN",12,2.10,25.20
"528766","2010-10-24 16:13:00","82580","BATHROOM METAL SIGN",25,0.55,13.75
"528766","2010-10-24 16:13:00","82600","NO SINGING METAL SIGN",12,2.10,25.20
"528766","2010-10-24 16:13:00","84030E","ENGLISH ROSE HOT WATER BOTTLE",1,4.25,4.25
"528766","2010-10-24 16:13:00","84030E","ENGLISH ROSE HOT WATER BOTTLE",3,4.25,12.75
"528766","2010-10-24 16:13:00","84692","BOX OF 24 COCKTAIL PARASOLS",10,0.42,4.20
"528766","2010-10-24 16:13:00","84792","ENCHANTED BIRD COATHANGER 5 HOOK",3,4.65,13.95
"528766","2010-10-24 16:13:00","85065","CREAM SWEETHEART TRAYS",5,12.75,63.75
"528766","2010-10-24 16:13:00","85099B","JUMBO BAG RED RETROSPOT",10,1.95,19.50
"528766","2010-10-24 16:13:00","85099C","JUMBO  BAG BAROQUE BLACK WHITE",10,1.95,19.50
"528766","2010-10-24 16:13:00","85099F","JUMBO BAG STRAWBERRY",10,1.95,19.50
"528766","2010-10-24 16:13:00","85150","LADIES & GENTLEMEN METAL SIGN",12,2.55,30.60
"528766","2010-10-24 16:13:00","85174","S/4 CACTI CANDLES",3,4.95,14.85
"531378","2010-11-07 15:58:00","20727","LUNCH BAG  BLACK SKULL.",10,1.65,16.50
"531378","2010-11-07 15:58:00","21169","YOU'RE CONFUSING ME METAL SIGN ",24,1.69,40.56
"531378","2010-11-07 15:58:00","21260","FIRST AID TIN",1,3.25,3.25
"531378","2010-11-07 15:58:00","21327","SKULLS WRITING SET ",4,1.65,6.60
"531378","2010-11-07 15:58:00","21328","BALLOONS  WRITING SET ",4,1.65,6.60
"531378","2010-11-07 15:58:00","21329","DINOSAURS  WRITING SET ",4,1.65,6.60
"531378","2010-11-07 15:58:00","21330","WOODLAND ANIMAL  WRITING SET ",4,1.65,6.60
"531378","2010-11-07 15:58:00","21452","TOADSTOOL MONEY BOX",10,2.95,29.50
"531378","2010-11-07 15:58:00","21455","PAINTED YELLOW WOODEN DAISY",7,0.85,5.95
"531378","2010-11-07 15:58:00","21506","FANCY FONT BIRTHDAY CARD, ",12,0.42,5.04
"531378","2010-11-07 15:58:00","21523","DOORMAT FANCY FONT HOME SWEET HOME",1,7.95,7.95
"531378","2010-11-07 15:58:00","21790","VINTAGE SNAP CARDS",10,0.85,8.50
"531378","2010-11-07 15:58:00","21791","VINTAGE HEADS AND TAILS CARD GAME ",8,1.25,10.00
"531378","2010-11-07 15:58:00","21967","PACK OF 12 SKULL TISSUES",12,0.29,3.48
"531378","2010-11-07 15:58:00","21980","PACK OF 12 RED RETROSPOT TISSUES ",12,0.29,3.48
"531378","2010-11-07 15:58:00","21981","PACK OF 12 WOODLAND TISSUES ",12,0.29,3.48
"531378","2010-11-07 15:58:00","21982","PACK OF 12 SUKI TISSUES ",12,0.29,3.48
"531378","2010-11-07 15:58:00","21986","PACK OF 12 PINK POLKADOT TISSUES",12,0.29,3.48
"531378","2010-11-07 15:58:00","22026","BANQUET BIRTHDAY  CARD  ",12,0.42,5.04
"531378","2010-11-07 15:58:00","22030","SWALLOWS GREETING CARD",12,0.42,5.04
"531378","2010-11-07 15:58:00","22033","BOTANICAL ROSE GREETING CARD",12,0.42,5.04
"531378","2010-11-07 15:58:00","22040","BOTANICAL ROSE GIFT WRAP",15,0.42,6.30
"531378","2010-11-07 15:58:00","22086","PAPER CHAIN KIT 50'S CHRISTMAS ",8,2.95,23.60
"531378","2010-11-07 15:58:00","22243","5 HOOK HANGER RED MAGIC TOADSTOOL",12,1.65,19.80
"531378","2010-11-07 15:58:00","22244","3 HOOK HANGER MAGIC GARDEN",24,1.95,46.80
"531378","2010-11-07 15:58:00","22245","HOOK, 1 HANGER ,MAGIC GARDEN",24,0.85,20.40
"531378","2010-11-07 15:58:00","22382","LUNCH BAG SPACEBOY DESIGN ",10,1.65,16.50
"531378","2010-11-07 15:58:00","22383","LUNCH BAG SUKI  DESIGN ",10,1.65,16.50
"531378","2010-11-07 15:58:00","22384","LUNCH BAG PINK POLKADOT",10,1.65,16.50
"531378","2010-11-07 15:58:00","22386","JUMBO BAG PINK POLKADOT",10,1.95,19.50
"531378","2010-11-07 15:58:00","22442","GROW YOUR OWN FLOWERS SET OF 3",3,7.95,23.85
"531378","2010-11-07 15:58:00","22493","PAINT YOUR OWN CANVAS SET",6,1.65,9.90
"531378","2010-11-07 15:58:00","22494","EMERGENCY FIRST AID TIN ",10,1.25,12.50
"531378","2010-11-07 15:58:00","22495","SET OF 2 ROUND TINS CAMEMBERT ",2,2.95,5.90
"531378","2010-11-07 15:58:00","22614","PACK OF 12 SPACEBOY TISSUES",12,0.29,3.48
"531378","2010-11-07 15:58:00","22652","TRAVEL SEWING KIT",5,1.65,8.25
"531378","2010-11-07 15:58:00","22706","WRAP COWBOYS  ",15,0.42,6.30
"531378","2010-11-07 15:58:00","22714","CARD BIRTHDAY COWBOY",12,0.42,5.04
"531378","2010-11-07 15:58:00","22776","SWEETHEART CAKESTAND 3 TIER",2,9.95,19.90
"531378","2010-11-07 15:58:00","22809","SET OF 6 T-LIGHTS SANTA",2,2.95,5.90
"531378","2010-11-07 15:58:00","22834","HAND WARMER BABUSHKA DESIGN",6,2.10,12.60
"531378","2010-11-07 15:58:00","22867","HAND WARMER BIRD DESIGN",6,2.10,12.60
"531378","2010-11-07 15:58:00","22910","PAPER CHAIN KIT VINTAGE CHRISTMAS",1,2.95,2.95
"531378","2010-11-07 15:58:00","22983","CARD, BILLBOARD FONT",12,0.42,5.04
"531378","2010-11-07 15:58:00","22984","CARD, GINGHAM ROSE ",12,0.42,5.04
"531378","2010-11-07 15:58:00","22985","WRAP, BILLBOARD FONTS DESIGN",15,0.42,6.30
"531378","2010-11-07 15:58:00","22986","GINGHAM ROSE WRAP",15,0.42,6.30
"531378","2010-11-07 15:58:00","84247L","FAWN AND MUSHROOM GREETING CARD",12,0.42,5.04
"531378","2010-11-07 15:58:00","84247N","PACK/12 BLUE FOLKART CARDS",1,2.95,2.95
"531378","2010-11-07 15:58:00","85099B","JUMBO BAG RED RETROSPOT",10,1.95,19.50
"C533279","2010-11-16 15:26:00","20727","LUNCH BAG  BLACK SKULL.",-1,1.65,-1.65
"533288","2010-11-16 15:34:00","22834","HAND WARMER BABUSHKA DESIGN",4,2.10,8.40
"533288","2010-11-16 15:34:00","22835","HOT WATER BOTTLE I AM SO POORLY",2,4.65,9.30
"533288","2010-11-16 15:34:00","22867","HAND WARMER BIRD DESIGN",3,2.10,6.30
"533288","2010-11-16 15:34:00","22910","PAPER CHAIN KIT VINTAGE CHRISTMAS",6,2.95,17.70
"533288","2010-11-16 15:34:00","35400","WOODEN BOX ADVENT CALENDAR ",4,8.95,35.80
"533288","2010-11-16 15:34:00","82494L","WOODEN FRAME ANTIQUE WHITE ",6,2.95,17.70
"533288","2010-11-16 15:34:00","84029E","RED WOOLLY HOTTIE WHITE HEART.",2,3.75,7.50
"533288","2010-11-16 15:34:00","84030E","ENGLISH ROSE HOT WATER BOTTLE",3,4.25,12.75
"533288","2010-11-16 15:34:00","84792","ENCHANTED BIRD COATHANGER 5 HOOK",3,4.65,13.95
"533288","2010-11-16 15:34:00","84840","SWEETHEART CARRY-ALL BASKET",2,8.50,17.00
"533288","2010-11-16 15:34:00","85064","CREAM SWEETHEART LETTER RACK",2,5.45,10.90
"533288","2010-11-16 15:34:00","85066","CREAM SWEETHEART MINI CHEST",2,12.75,25.50
"533288","2010-11-16 15:34:00","85099B","JUMBO BAG RED RETROSPOT",10,1.95,19.50
"533288","2010-11-16 15:34:00","85099C","JUMBO  BAG BAROQUE BLACK WHITE",10,1.95,19.50
"533288","2010-11-16 15:34:00","85175","CACTI T-LIGHT CANDLES",32,0.42,13.44
"533288","2010-11-16 15:34:00","22776","SWEETHEART CAKESTAND 3 TIER",2,9.95,19.90
"533288","2010-11-16 15:34:00","22767","TRIPLE PHOTO FRAME CORNICE ",2,9.95,19.90
"533288","2010-11-16 15:34:00","22766","PHOTO FRAME CORNICE",8,2.95,23.60
"533288","2010-11-16 15:34:00","22652","TRAVEL SEWING KIT",4,1.65,6.60
"533288","2010-11-16 15:34:00","22488","NATURAL SLATE RECTANGLE CHALKBOARD",6,1.65,9.90
"533288","2010-11-16 15:34:00","22457","NATURAL SLATE HEART CHALKBOARD ",6,2.95,17.70
"533288","2010-11-16 15:34:00","22423","REGENCY CAKESTAND 3 TIER",2,12.75,25.50
"533288","2010-11-16 15:34:00","22415","WHITE TISSUE REAM",1,7.95,7.95
"533288","2010-11-16 15:34:00","22185","SLATE TILE NATURAL HANGING",8,1.65,13.20
"533288","2010-11-16 15:34:00","22171","3 HOOK PHOTO SHELF ANTIQUE WHITE",2,8.50,17.00
"533288","2010-11-16 15:34:00","22169","FAMILY ALBUM WHITE PICTURE FRAME",3,8.50,25.50
"533288","2010-11-16 15:34:00","22114","HOT WATER BOTTLE TEA AND SYMPATHY",2,3.95,7.90
"533288","2010-11-16 15:34:00","22112","CHOCOLATE HOT WATER BOTTLE",2,4.95,9.90
"533288","2010-11-16 15:34:00","21931","JUMBO STORAGE BAG SUKI",10,1.95,19.50
"533288","2010-11-16 15:34:00","21930","JUMBO STORAGE BAG SKULLS",10,1.95,19.50
"533288","2010-11-16 15:34:00","21929","JUMBO BAG PINK VINTAGE PAISLEY",10,1.95,19.50
"533288","2010-11-16 15:34:00","21928","JUMBO BAG SCANDINAVIAN PAISLEY",10,1.95,19.50
"533288","2010-11-16 15:34:00","21918","SET 12 KIDS COLOUR  CHALK STICKS",5,0.42,2.10
"533288","2010-11-16 15:34:00","21916","SET 12 RETRO WHITE CHALK STICKS",5,0.42,2.10
"533288","2010-11-16 15:34:00","21901","KEY FOB , BACK DOOR ",10,0.65,6.50
"533288","2010-11-16 15:34:00","21876","POTTERING MUG",6,1.25,7.50
"533288","2010-11-16 15:34:00","21874","GIN AND TONIC MUG",6,1.25,7.50
"533288","2010-11-16 15:34:00","21872","GLAMOROUS  MUG",6,1.25,7.50
"533288","2010-11-16 15:34:00","21870","I CAN ONLY PLEASE ONE PERSON MUG",6,1.25,7.50
"533288","2010-11-16 15:34:00","21769","VINTAGE POST OFFICE CABINET",1,79.95,79.95
"533288","2010-11-16 15:34:00","21755","LOVE BUILDING BLOCK WORD",2,5.95,11.90
"533288","2010-11-16 15:34:00","21754","HOME BUILDING BLOCK WORD",2,5.95,11.90
"533288","2010-11-16 15:34:00","21587","COSY HOUR GIANT TUBE MATCHES",4,2.55,10.20
"533288","2010-11-16 15:34:00","21260","FIRST AID TIN",1,3.25,3.25
"533288","2010-11-16 15:34:00","21181","PLEASE ONE PERSON METAL SIGN",12,2.10,25.20
"537441","2010-12-06 17:26:00","21165","BEWARE OF THE CAT METAL SIGN ",6,1.69,10.14
"537441","2010-12-06 17:26:00","21181","PLEASE ONE PERSON METAL SIGN",12,2.10,25.20
"537441","2010-12-06 17:26:00","21260","FIRST AID TIN",4,3.25,13.00
"537441","2010-12-06 17:26:00","21272","SALLE DE BAIN HOOK",6,1.25,7.50
"537441","2010-12-06 17:26:00","21479","WHITE SKULL HOT WATER BOTTLE ",3,3.75,11.25
"537441","2010-12-06 17:26:00","21790","VINTAGE SNAP CARDS",6,0.85,5.10
"537441","2010-12-06 17:26:00","21870","I CAN ONLY PLEASE ONE PERSON MUG",6,1.25,7.50
"537441","2010-12-06 17:26:00","21872","GLAMOROUS  MUG",6,1.25,7.50
"537441","2010-12-06 17:26:00","21874","GIN AND TONIC MUG",6,1.25,7.50
"537441","2010-12-06 17:26:00","21876","POTTERING MUG",6,1.25,7.50
"537441","2010-12-06 17:26:00","21912","VINTAGE SNAKES & LADDERS",1,3.75,3.75
"537441","2010-12-06 17:26:00","21916","SET 12 RETRO WHITE CHALK STICKS",20,0.42,8.40
"537441","2010-12-06 17:26:00","22086","PAPER CHAIN KIT 50'S CHRISTMAS ",4,2.95,11.80
"537441","2010-12-06 17:26:00","22112","CHOCOLATE HOT WATER BOTTLE",2,4.95,9.90
"537441","2010-12-06 17:26:00","22114","HOT WATER BOTTLE TEA AND SYMPATHY",1,3.95,3.95
"537441","2010-12-06 17:26:00","22169","FAMILY ALBUM WHITE PICTURE FRAME",2,8.50,17.00
"537441","2010-12-06 17:26:00","22170","PICTURE FRAME WOOD TRIPLE PORTRAIT",4,6.75,27.00
"537441","2010-12-06 17:26:00","22173","METAL 4 HOOK HANGER FRENCH CHATEAU",8,2.95,23.60
"537441","2010-12-06 17:26:00","22188","BLACK HEART CARD HOLDER",4,3.95,15.80
"537441","2010-12-06 17:26:00","22212","FOUR HOOK  WHITE LOVEBIRDS",4,2.10,8.40
"537441","2010-12-06 17:26:00","22423","REGENCY CAKESTAND 3 TIER",2,12.75,25.50
"537441","2010-12-06 17:26:00","22494","EMERGENCY FIRST AID TIN ",10,1.25,12.50
"537441","2010-12-06 17:26:00","22544","MINI JIGSAW SPACEBOY",7,0.42,2.94
"537441","2010-12-06 17:26:00","22622","BOX OF VINTAGE ALPHABET BLOCKS",1,9.95,9.95
"537441","2010-12-06 17:26:00","22693","GROW A FLYTRAP OR SUNFLOWER IN TIN",24,1.25,30.00
"537441","2010-12-06 17:26:00","22752","SET 7 BABUSHKA NESTING BOXES",2,8.50,17.00
"537441","2010-12-06 17:26:00","22766","PHOTO FRAME CORNICE",4,2.95,11.80
"537441","2010-12-06 17:26:00","22767","TRIPLE PHOTO FRAME CORNICE ",2,9.95,19.90
"537441","2010-12-06 17:26:00","22768","FAMILY PHOTO FRAME CORNICE",3,9.95,29.85
"537441","2010-12-06 17:26:00","22806","SET OF 6 T-LIGHTS WEDDING CAKE ",6,2.95,17.70
"537441","2010-12-06 17:26:00","22835","HOT WATER BOTTLE I AM SO POORLY",2,4.65,9.30
"537441","2010-12-06 17:26:00","22851","SET 20 NAPKINS FAIRY CAKES DESIGN ",4,0.85,3.40
"537441","2010-12-06 17:26:00","22865","HAND WARMER OWL DESIGN",3,2.10,6.30
"537441","2010-12-06 17:26:00","22866","HAND WARMER SCOTTY DOG DESIGN",3,2.10,6.30
"537441","2010-12-06 17:26:00","22867","HAND WARMER BIRD DESIGN",3,2.10,6.30
"537441","2010-12-06 17:26:00","22910","PAPER CHAIN KIT VINTAGE CHRISTMAS",3,2.95,8.85
"537441","2010-12-06 17:26:00","22983","CARD BILLBOARD FONT",36,0.42,15.12
"537441","2010-12-06 17:26:00","82582","AREA PATROLLED METAL SIGN",24,2.10,50.40
"537441","2010-12-06 17:26:00","84029E","RED WOOLLY HOTTIE WHITE HEART.",3,3.75,11.25
"537441","2010-12-06 17:26:00","85174","S/4 CACTI CANDLES",2,4.95,9.90
"539653","2010-12-20 16:50:00","22904","CALENDAR PAPER CUT DESIGN",4,2.95,11.80
"539653","2010-12-20 16:50:00","82582","AREA PATROLLED METAL SIGN",12,2.10,25.20
"539653","2010-12-20 16:50:00","82613A","METAL SIGN,CUPCAKE SINGLE HOOK",20,1.25,25.00
"539653","2010-12-20 16:50:00","82613B","METAL SIGN,CUPCAKE SINGLE HOOK",20,0.42,8.40
"539653","2010-12-20 16:50:00","82613C","METAL SIGN,CUPCAKE SINGLE HOOK",20,0.42,8.40
"539653","2010-12-20 16:50:00","82613D","METAL SIGN CUPCAKE SINGLE HOOK",20,0.42,8.40
"539653","2010-12-20 16:50:00","84030E","ENGLISH ROSE HOT WATER BOTTLE",2,4.25,8.50
"539653","2010-12-20 16:50:00","84692","BOX OF 24 COCKTAIL PARASOLS",10,0.42,4.20
"539653","2010-12-20 16:50:00","84823","DANISH ROSE FOLDING CHAIR",2,7.95,15.90
"539653","2010-12-20 16:50:00","85150","LADIES & GENTLEMEN METAL SIGN",12,2.55,30.60
"539653","2010-12-20 16:50:00","21137","BLACK RECORD COVER FRAME",2,3.75,7.50
"539653","2010-12-20 16:50:00","21165","BEWARE OF THE CAT METAL SIGN ",24,1.69,40.56
"539653","2010-12-20 16:50:00","21169","YOU'RE CONFUSING ME METAL SIGN ",24,1.69,40.56
"539653","2010-12-20 16:50:00","21174","POTTERING IN THE SHED METAL SIGN",12,1.95,23.40
"539653","2010-12-20 16:50:00","21181","PLEASE ONE PERSON METAL SIGN",12,2.10,25.20
"539653","2010-12-20 16:50:00","21479","WHITE SKULL HOT WATER BOTTLE ",2,3.75,7.50
"539653","2010-12-20 16:50:00","21484","CHICK GREY HOT WATER BOTTLE",2,3.45,6.90
"539653","2010-12-20 16:50:00","21523","DOORMAT FANCY FONT HOME SWEET HOME",2,7.95,15.90
"539653","2010-12-20 16:50:00","21754","HOME BUILDING BLOCK WORD",3,5.95,17.85
"539653","2010-12-20 16:50:00","21755","LOVE BUILDING BLOCK WORD",1,5.95,5.95
"539653","2010-12-20 16:50:00","21755","LOVE BUILDING BLOCK WORD",2,5.95,11.90
"539653","2010-12-20 16:50:00","21916","SET 12 RETRO WHITE CHALK STICKS",8,0.42,3.36
"539653","2010-12-20 16:50:00","22030","SWALLOWS GREETING CARD",72,0.36,25.92
"539653","2010-12-20 16:50:00","22033","BOTANICAL ROSE GREETING CARD",24,0.42,10.08
"539653","2010-12-20 16:50:00","22111","SCOTTIE DOG HOT WATER BOTTLE",2,4.95,9.90
"539653","2010-12-20 16:50:00","22112","CHOCOLATE HOT WATER BOTTLE",2,4.95,9.90
"539653","2010-12-20 16:50:00","22170","PICTURE FRAME WOOD TRIPLE PORTRAIT",4,6.75,27.00
"539653","2010-12-20 16:50:00","22171","3 HOOK PHOTO SHELF ANTIQUE WHITE",2,8.50,17.00
"539653","2010-12-20 16:50:00","22188","BLACK HEART CARD HOLDER",2,3.95,7.90
"539653","2010-12-20 16:50:00","22212","FOUR HOOK  WHITE LOVEBIRDS",4,2.10,8.40
"539653","2010-12-20 16:50:00","22380","TOY TIDY SPACEBOY  ",2,2.10,4.20
"539653","2010-12-20 16:50:00","22423","REGENCY CAKESTAND 3 TIER",2,12.75,25.50
"539653","2010-12-20 16:50:00","22423","REGENCY CAKESTAND 3 TIER",4,12.75,51.00
"539653","2010-12-20 16:50:00","22457","NATURAL SLATE HEART CHALKBOARD ",8,2.95,23.60
"539653","2010-12-20 16:50:00","22652","TRAVEL SEWING KIT",4,1.65,6.60
"539653","2010-12-20 16:50:00","22766","PHOTO FRAME CORNICE",4,2.95,11.80
"539653","2010-12-20 16:50:00","22776","SWEETHEART CAKESTAND 3 TIER",2,9.95,19.90
"539653","2010-12-20 16:50:00","22809","SET OF 6 T-LIGHTS SANTA",1,2.95,2.95
"539653","2010-12-20 16:50:00","22810","SET OF 6 T-LIGHTS SNOWMEN",1,2.95,2.95
"539653","2010-12-20 16:50:00","22834","HAND WARMER BABUSHKA DESIGN",24,0.85,20.40
