"stock_code","monetary_gross","monetary_net"
"10002",7246.25,6362.70
"10002R",41.14,41.14
"10080",133.97,133.97
"10109",1.68,1.68
"10120",149.40,143.10
"10123C",282.06,269.52
"10123G",173.94,107.70
"10124A",24.36,24.36
"10124G",15.12,15.12
"10125",1868.86,1868.86
"10133",2835.73,2823.03
"10134",739.96,727.46
"10135",5084.28,5070.53
"10138",118.70,36.80
"11001",8208.49,7115.10
"15002",0.00,0.00
"15030",73.66,73.66
"15034",1676.40,1560.34
"15036",37167.74,36514.71
"15039",5842.34,5819.39
"15044A",13617.92,13609.87
"15044B",4911.86,4908.91
"15044C",3626.02,3612.07
"15044D",4866.46,4840.31
"15056BL",51562.47,50491.12
"15056N",65959.09,65047.14
"15056P",13740.71,12649.66
"15058A",3808.41,3687.66
"15058B",4734.39,4665.24
"15058C",3544.09,3520.29
"15059A",1619.00,1619.00
"15060B",8835.41,8784.72
"16008",422.96,422.96
"16010",3.84,3.84
"16011",799.32,794.28
"16012",613.05,613.05
"16014",9513.52,9513.52
"16015",711.38,711.38
"16016",1876.65,1876.65
"16020C",199.30,199.30
"16033",1558.92,1501.32
"16043",181.56,113.88
"16044",389.64,389.64
"16045",430.88,430.88
"16046",1403.47,1014.43
"16047",1093.81,679.09
"16048",575.46,575.46
"16049",578.08,578.08
"16050",62.40,62.40
"16051",87.18,87.18
"16052",313.29,303.21
"16053",188.88,128.88
"16054",161.10,148.14
"16119",133.21,133.21
"16151A",72.50,72.50
"16156L",399.00,399.00
"16156N",630.00,630.00
"16156S",6590.12,6528.80
"16161C",45.00,45.00
"16161E",75.00,75.00
"16161G",97.50,97.50
"16161M",439.00,428.50
"16161P",5435.40,5424.90
"16161U",4095.42,4063.92
"16162L",587.07,399.87
"16162M",37.80,37.80
"16168M",599.60,599.60
"16168S",131.80,131.80
"16169A",10.50,10.50
"16169C",567.00,567.00
"16169D",105.00,105.00
"16169E",1892.46,1839.96
"16169F",409.50,409.50
"16169G",10.50,10.50
"16169K",669.25,669.25
"16169M",640.95,640.95
"16169N",626.25,626.25
"16169P",533.75,523.25
"16192",25.80,25.80
"16201A",226.94,223.04
"16201B",115.40,115.40
"16202A",314.45,216.65
"16202B",587.91,443.43
"16202C",259.88,259.88
"16202E",174.86,169.31
"16206B",116.40,116.40
"16207A",684.81,684.81
"16207B",599.34,599.34
"16212",341.97,341.97
"16215",5.20,5.20
"16216",385.10,367.50
"16218",520.66,520.66
"16219",628.09,625.21
"16225",1464.68,1464.68
"16235",1636.32,1608.39
"16236",682.93,677.05
"16237",2507.00,2487.89
"16238",649.66,649.66
"16239",515.94,515.94
"16243B",483.79,483.79
"16244A",665.82,665.82
"16244B",917.19,917.19
"16245A",13.75,13.75
"16248B",101.25,101.25
"16254",352.96,352.96
"16256B",257.64,257.64
"16256C",70.98,65.10
"16258A",404.67,404.25
"16258B",222.78,222.78
"16259",766.09,751.99
"17001",299.35,297.61
"17003",14891.88,14675.68
"17007B",71.40,71.40
"17011A",209.12,209.12
"17011B",11.10,11.10
"17011C",225.70,225.70
"17011D",142.10,142.10
"17011E",80.60,80.60
"17011F",357.25,357.25
"17012A",1025.72,1025.72
"17012B",1144.05,1144.05
"17012C",1153.55,1153.55
"17012D",890.74,890.74
"17012E",357.18,357.18
"17012F",909.85,909.85
"17013B",224.46,224.46
"17013C",89.46,49.14
"17013D",629.34,627.77
"17013F",28.35,28.35
"17014A",228.45,228.45
"17014C",47.18,47.18
"17014D",214.44,214.44
"17014E",39.90,39.90
"17014F",23.70,23.70
"17021",986.04,962.64
"17027A",84.84,84.84
"17028J",2.52,2.52
"17033",868.13,857.69
"17038",283.62,283.62
"17039",862.67,862.67
"17061",2.08,2.08
"17084A",92.82,92.82
"17084G",10.50,10.50
"17084J",96.18,96.18
"17084N",794.66,794.66
"17084P",271.96,271.96
"17084R",1968.45,1968.45
"17090A",182.65,182.65
"17090D",105.20,105.20
"17091A",1316.13,1316.13
"17091B",347.16,347.16
"17091F",35.42,35.42
"17091J",2286.51,2286.51
"17096",1152.53,1152.53
"17107D",826.20,816.00
"17108D",149.10,149.10
"17109A",333.61,333.61
"17109B",899.77,899.77
"17109C",661.23,659.54
"17109D",611.75,610.06
"17129C",59.68,59.68
"17129D",2357.82,2357.82
"17129F",2742.66,2721.04
"17136A",61.78,61.78
"17164B",659.88,659.04
"17164D",449.52,449.52
"17165B",752.73,748.53
"17165D",682.32,676.02
"17174",15.12,15.12
"17178",156.65,156.65
"17181",943.62,943.62
"17191A",123.75,123.75
"18007",1069.26,949.26
"18010",36.80,36.80
"18094C",824.72,823.47
"18096C",438.18,407.58
"18097A",43.35,43.35
"18097B",17.85,17.85
"18097C",4556.14,3984.34
"18098A",5.90,5.90
"18098B",8.85,8.85
"18098C",6588.63,6517.83
"20615",1570.58,1570.58
"20616",662.34,662.34
"20617",1122.10,1122.10
"20618",896.70,896.70
"20619",1462.51,1462.51
"20620",121.42,121.42
"20621",485.44,485.44
"20622",1341.00,1341.00
"20652",1362.57,1362.57
"20653",628.65,628.65
"20654",596.19,596.19
"20655",895.94,895.94
"20657",918.80,918.80
"20658",2841.03,2781.03
"20659",686.21,686.21
"20660",88.75,88.75
"20661",1297.95,1087.65
"20662",548.39,497.39
"20663",461.63,367.78
"20664",219.37,219.37
"20665",5092.73,4998.33
"20666",484.25,416.25
"20667",155.43,155.43
"20668",2617.72,2617.36
"20669",1442.31,1442.31
"20670",461.22,374.82
"20671",1177.37,1177.37
"20672",257.00,257.00
"20673",6.25,6.25
"20674",4948.95,4930.39
"20675",9288.53,9238.72
"20676",15238.34,15081.53
"20677",11565.89,11548.58
"20678",6.60,6.60
"20679",31484.02,31376.92
"20680",19.50,19.50
"20681",5378.55,5278.80
"20682",11207.96,11029.21
"20683",3.25,3.25
"20684",2039.12,2002.62
"20685",72288.30,71655.77
"20686",2188.05,2163.05
"20688",358.90,358.90
"20689",792.20,768.80
"20692",3931.27,3922.77
"20693",213.28,209.03
"20694",836.18,821.18
"20695",877.16,860.16
"20696",774.63,774.63
"20697",101.70,101.70
"20698",124.65,124.65
"20699",1076.32,1076.32
"20700",1830.10,1822.60
"20701",1045.48,1045.48
"20702",3415.40,3368.65
"20703",2048.69,1925.44
"20704",1541.89,1514.09
"20705",1019.83,1017.88
"20707",1573.24,1564.49
"20711",31154.48,31084.17
"20712",45893.24,45445.63
"20713",46171.68,45722.70
"20714",713.39,713.39
"20715",424.00,0.00
"20716",2144.28,2130.53
"20717",9181.43,9029.18
"20718",20555.44,20469.95
"20719",40166.20,40059.38
"20721",0.85,0.85
"20723",29147.30,28989.52
"20724",49877.22,49624.39
"20725",82837.48,81415.78
"20726",44008.72,42510.77
"20727",51406.54,49611.09
"20728",47896.32,46216.67
"20729",2401.34,2373.84
"20730",1499.15,1485.40
"20731",1326.84,1268.54
"20733",1780.70,1564.70
"20734",1861.39,1860.54
"20735",2492.58,2492.58
"20736",236.90,236.90
"20737",3.40,3.40
"20738",1332.89,1332.89
"20739",17.30,17.30
"20747",14237.29,14181.89
"20748",25162.71,25162.71
"20749",23025.58,22923.83
"20750",27796.78,27652.18
"20751",6394.40,6388.10
"20752",3420.70,3414.40
"20753",626.90,622.70
"20754",11560.42,11494.12
"20755",1148.46,1148.46
"20756",886.37,886.37
"20757",925.17,925.17
"20758",985.94,985.09
"20759",918.76,918.76
"20760",1357.12,1357.12
"20761",1637.55,1622.55
"20762",1515.87,1500.87
"20763",798.86,783.86
"20764",2547.64,2532.64
"20765",1425.33,1406.58
"20766",1750.96,1735.96
"20767",1936.70,1918.85
"20768",1710.57,1710.57
"20769",909.15,909.15
"20770",2549.98,2529.88
"20771",1351.40,1336.10
"20772",1975.90,1655.65
"20773",1038.01,1036.36
"20774",1083.61,1081.96
"20775",1103.23,1103.23
"20776",966.77,966.77
"20777",1509.15,1504.20
"20778",996.97,992.02
"20780",1810.32,1804.83
"20781",786.69,753.75
"20782",1434.71,1396.28
"20783",1444.54,1423.42
"20784",6171.04,6131.09
"20785",5686.90,5646.95
"20786",6236.90,6157.00
"20787",4634.75,4634.75
"20791",63.75,0.00
"20793",634.25,600.50
"20794",701.14,655.24
"20795",388.56,373.86
"20796",219.12,219.12
"20798",1746.60,1606.35
"20799",495.16,440.44
"20800",349.72,349.72
"20801",1998.14,1974.14
"20802",2055.63,2007.51
"20803",1068.01,1029.55
"20804",720.47,650.87
"20812",12.75,12.75
"20814",211.39,195.14
"20816",123.60,89.85
"20818",325.75,325.75
"20819",719.27,719.27
"20820",54.45,54.45
"20821",444.14,374.84
"20822",9.30,0.00
"20823",554.22,535.62
"20825",1281.12,1258.62
"20826",290.72,290.72
"20827",209.36,209.36
"20828",11929.96,11853.46
"20829",10299.65,8497.69
"20830",1427.62,1391.88
"20831",1261.08,1248.48
"20832",1251.20,1244.40
"20833",811.80,761.85
"20835",109.06,109.06
"20836",250.00,204.64
"20837",188.07,188.07
"20838",744.31,734.11
"20839",1462.13,1462.13
"20840",1667.35,1301.50
"20845",540.99,540.99
"20846",2285.65,2285.65
"20847",402.45,387.21
"20848",115.05,115.05
"20849",619.96,619.96
"20850",713.80,713.80
"20851",441.44,429.54
"20852",0.00,0.00
"20854",841.59,816.84
"20855",234.30,232.65
"20856",800.38,782.23
"20857",412.50,386.10
"20858",6.60,6.60
"20860",44.10,44.10
"20861",98.70,98.70
"20862",729.75,727.65
"20863",639.87,637.77
"20864",512.95,510.85
"20865",515.49,370.02
"20866",1765.53,1638.33
"20867",1394.56,1394.56
"20868",598.48,598.48
"20869",364.75,364.75
"20870",65.10,63.00
"20871",2242.80,2238.60
"20877",5.88,5.88
"20878",1071.13,1071.13
"20879",103.10,-98.50
"20881",3.40,3.40
"20882",11.80,11.80
"20884",8.40,8.40
"20885",2.95,0.00
"20886",3919.04,3907.34
"20887",219.53,219.53
"20888",595.67,595.67
"20889",404.08,404.08
"20890",390.24,390.24
"20891",456.76,456.76
"20892",1491.00,1284.85
"20893",1406.83,1172.38
"20894",1004.15,987.25
"20895",47.20,47.20
"20896",118.00,118.00
"20897",1083.50,1048.10
"20898",767.79,750.09
"20899",129.80,129.80
"20901",1403.61,1390.91
"20902",2737.09,2737.09
"20903",1502.35,1496.00
"20905",88.90,88.90
"20906",509.33,509.33
"20910",1049.44,1049.44
"20913",1010.39,1010.39
"20914",54821.79,53752.99
"20931",2699.89,2608.59
"20932",1355.89,1300.14
"20933",1413.83,1413.83
"20934",1492.99,1385.49
"20935",613.41,595.71
"20936",982.45,956.70
"20939",10.20,10.20
"20940",372.95,266.75
"20941",1072.94,1031.59
"20942",7.50,6.25
"20943",665.42,664.17
"20950",423.81,423.81
"20952",166.62,47.46
"20953",77.55,77.55
"20954",51.18,51.18
"20956",3629.21,3591.71
"20957",272.07,270.62
"20958",90.30,90.30
"20960",2931.73,2931.73
"20961",5524.64,5409.64
"20963",5623.01,5610.51
"20964",51.00,51.00
"20966",5348.48,5347.23
"20967",4223.59,4148.59
"20968",231.47,231.47
"20969",12977.63,12485.72
"20970",9977.81,9966.56
"20971",33607.64,30868.32
"20972",25758.10,24204.71
"20973",7771.35,7766.80
"20974",9323.93,8926.13
"20975",12587.72,11729.37
"20976",415.98,415.98
"20977",5782.34,5687.34
"20978",6222.97,6200.47
"20979",11210.89,10727.71
"20980",350.87,339.62
"20981",4446.85,4349.10
"20982",4587.67,4552.82
"20983",5830.26,5803.91
"20984",1994.63,1949.87
"20985",3564.45,3510.02
"20986",1888.14,1888.14
"20987",348.55,348.55
"20988",46.80,46.80
"20989",820.21,812.41
"20990",1831.13,1829.18
"20991",918.22,918.22
"20992",3371.18,3371.18
"20993",1362.73,1362.73
"20994",39.95,39.95
"20996",1805.12,1799.24
"20997",1192.53,1192.53
"20998",1247.17,1247.17
"21000",1996.96,1996.96
"21001",1036.95,1036.95
"21002",2546.94,2546.94
"21003",1155.80,1155.80
"21004",803.89,803.89
"21007",978.11,978.11
"21008",5.02,5.02
"21009",1883.73,1864.98
"21010",1222.02,1207.02
"21011",1497.82,1493.47
"21012",6444.32,6433.82
"21014",1118.52,1117.80
"21015",1032.07,1030.91
"21016",626.78,625.10
"21017",713.50,713.50
"21018",189.47,189.47
"21025",513.74,513.74
"21026",939.84,939.84
"21027",527.92,527.92
"21028",550.16,550.16
"21030",309.43,309.43
"21031",198.49,195.99
"21032",293.84,290.09
"21033",13800.55,13769.26
"21034",3914.00,3887.40
"21035",21393.70,20823.05
"21036",2.55,2.55
"21038",391.16,385.26
"21039",3594.19,3553.39
"21040",1240.25,1240.25
"21041",11799.98,11761.63
"21042",9586.17,9480.37
"21043",2322.11,2304.26
"21051",1664.09,1651.49
"21054",3963.50,3945.60
"21055",4788.54,4725.89
"21056",5241.03,4547.13
"21058",2286.86,2276.66
"21059",1403.02,1382.62
"21060",1040.90,1040.90
"21061",1173.85,1163.65
"21062",918.21,918.21
"21063",1375.83,1372.43
"21064",5245.19,5191.64
"21065",1899.12,1855.00
"21066",1559.38,1544.38
"21067",4358.62,4318.86
"21068",4632.03,4533.70
"21069",5899.32,5128.43
"21070",2330.76,2297.44
"21071",5696.94,5683.27
"21076",844.43,843.58
"21077",2125.67,2125.67
"21078",7264.73,7261.33
"21080",28294.38,27860.71
"21081",3.40,3.40
"21082",2156.60,1632.66
"21084",1367.22,1362.66
"21085",1902.24,1902.24
"21086",12050.32,11627.68
"21087",212.94,212.94
"21088",1910.13,1337.61
"21089",124.10,124.10
"21090",2416.15,2402.11
"21091",1920.24,1920.24
"21092",1638.06,1617.66
"21094",17599.50,17104.26
"21095",343.44,343.44
"21096",2851.08,1940.04
"21097",27.20,27.20
"21098",18993.57,18747.18
"21099",1526.68,1448.68
"21100",4725.95,4717.70
"21102",276.41,118.31
"21106",2857.06,2857.06
"21107",7375.99,7375.99
"21108",27491.92,20877.55
"21109",5356.88,5343.38
"21110",10032.29,9993.39
"21111",3881.02,3860.37
"21112",5995.89,5488.59
"21114",7691.85,7616.85
"21115",9157.77,9151.02
"21116",11230.48,11225.53
"21117",502.08,502.08
"21118",104.25,104.25
"21119",82.02,82.02
"21120",33.96,33.96
"21121",18820.00,18577.50
"21122",15074.07,14982.82
"21123",3583.18,3523.18
"21124",12293.11,12231.86
"21125",2334.99,2316.24
"21126",2550.51,2533.01
"21127",1157.46,1151.51
"21128",1218.55,1218.55
"21129",1189.58,1168.73
"21130",1286.16,1282.71
"21131",1287.47,1287.47
"21132",653.22,653.22
"21133",734.61,734.61
"21134",713.73,713.73
"21135",8979.39,8789.83
"21136",17995.39,17666.02
"21137",67286.46,67204.17
"21143",4478.85,4441.80
"21144",354.15,349.59
"21145",1518.39,1502.14
"21146",1573.69,1569.79
"21147",1181.82,1177.62
"21153",4756.88,4735.58
"21154",15210.58,14969.83
"21155",20445.51,19882.82
"21156",17959.59,17813.34
"21157",1966.22,1953.62
"21158",1971.01,1932.84
"21159",1584.30,1549.69
"21160",629.75,599.49
"21161",2000.93,1951.82
"21162",1835.81,1791.05
"21163",1938.50,1892.49
"21164",17364.33,17299.43
"21165",16264.68,16182.09
"21166",39248.38,38281.15
"21167",750.36,739.86
"21169",15086.64,15032.07
"21171",2695.24,2695.24
"21172",12371.60,12260.75
"21173",688.67,668.87
"21174",21373.11,21365.31
"21175",45643.72,41858.14
"21179",3995.73,3991.05
"21181",52398.98,52173.08
"21185",1011.22,966.77
"21186",9335.29,9320.79
"21187",2541.01,2541.01
"21188",3079.08,2989.43
"21189",2531.01,2531.01
"21190",1486.78,1375.13
"21191",4493.52,4493.52
"21192",4929.03,4859.43
"21193",390.38,390.38
"21194",1004.36,997.86
"21195",3226.64,3226.64
"21196",353.08,353.08
"21197",722.06,687.41
"21198",1640.14,1575.43
"21199",1719.94,1699.78
"21200",2405.97,2365.37
"21201",7053.97,7020.82
"21202",1231.06,1156.51
"21203",2813.75,2742.50
"21204",3028.08,2956.83
"21205",2038.94,1985.39
"21206",3316.10,3297.95
"21207",5857.64,5148.39
"21208",1243.93,1226.29
"21209",1719.56,1681.53
"21210",22854.06,22656.51
"21211",3538.63,3521.23
"21212",60260.27,59657.81
"21213",24462.34,24413.39
"21214",3263.44,3261.99
"21215",3068.67,3051.03
"21216",24356.23,24244.48
"21217",34096.63,33612.13
"21218",25169.17,24891.92
"21219",1543.60,1531.10
"21220",1119.05,1119.05
"21221",840.93,840.93
"21222",937.12,937.12
"21223",609.66,609.66
"21224",2946.42,2911.42
"21225",2.50,2.50
"21226",308.60,308.60
"21228",126.39,126.39
"21231",26464.47,26075.54
"21232",57606.43,56656.34
"21238",9323.78,9197.39
"21239",7642.56,7598.49
"21240",7630.50,7592.51
"21241",1981.54,1980.69
"21242",13509.03,13438.05
"21243",10350.81,10323.77
"21244",9143.23,9104.36
"21245",4605.98,4599.22
"21246",4325.96,4286.36
"21247",733.46,733.46
"21248",1406.30,1373.14
"21249",5308.01,5261.61
"21250",1044.60,1044.60
"21251",1914.36,1914.36
"21252",441.67,441.67
"21253",1851.75,1851.75
"21255",1043.06,1021.61
"21256",731.18,731.18
"21257",18386.47,18181.17
"21258",28366.49,27006.34
"21259",15277.88,15098.43
"21260",12453.26,12256.01
"21261",1457.49,1457.49
"21262",3296.94,3208.49
"21263",734.88,730.98
"21264",1053.30,1037.70
"21265",740.93,685.93
"21266",197.80,197.80
"21267",121.90,121.90
"21268",313.74,313.74
"21269",1172.68,1172.68
"21270",1251.61,1251.61
"21272",3516.55,3500.30
"21274",2828.53,2815.78
"21275",1951.06,1812.61
"21276",1573.68,1497.48
"21277",1649.98,1562.18
"21278",1956.65,1636.25
"21279",1899.81,1473.96
"21280",1886.68,1574.68
"21281",1881.40,1497.40
"21282",1675.31,1624.31
"21283",1761.65,1722.65
"21284",1889.99,1839.35
"21285",1492.82,1426.82
"21286",1838.20,1807.60
"21287",1920.18,1920.18
"21288",3078.09,3013.94
"21289",1783.47,1758.47
"21290",5.00,5.00
"21291",2160.79,2103.84
"21292",1447.09,1433.49
"21293",1205.05,1200.85
"21294",1842.12,1842.12
"21298",755.80,656.10
"21299",1094.35,1060.95
"21300",946.00,818.50
"21303",1122.28,1045.83
"21304",642.56,642.56
"21306",382.70,375.38
"21307",727.84,725.74
"21308",757.95,742.05
"21309",325.60,315.65
"21310",209.65,179.70
"21311",603.23,595.40
"21312",1260.59,1235.24
"21313",7203.47,7093.32
"21314",28694.52,26397.72
"21316",1284.03,1275.18
"21317",1725.55,1709.70
"21318",1020.54,980.48
"21319",846.96,790.01
"21320",1100.02,1047.52
"21321",358.35,324.15
"21322",618.45,618.45
"21323",2812.53,2799.78
"21324",3280.72,3140.62
"21326",12849.12,12782.82
"21327",4264.62,4264.62
"21328",6533.86,6533.86
"21329",4885.33,4852.33
"21330",2775.09,2760.24
"21331",1099.62,1061.37
"21332",1845.44,1735.69
"21333",3437.53,3354.89
"21335",1225.04,1140.24
"21336",653.48,538.21
"21337",118.56,118.56
"21338",898.15,898.15
"21339",544.50,544.50
"21340",20499.55,19778.45
"21341",570.48,570.48
"21343",92.00,58.10
"21344",791.84,754.09
"21347",47.60,47.60
"21348",2170.48,2116.23
"21349",4828.46,4774.46
"21350",650.70,644.80
"21351",4386.80,4294.85
"21352",3987.86,3913.61
"21353",177.80,177.80
"21354",3161.67,3161.67
"21355",4453.95,4378.95
"21356",2617.37,2616.12
"21357",2025.10,1965.10
"21358",1522.12,1520.87
"21359",2319.06,2279.26
"21360",2949.47,2929.57
"21361",8300.63,8098.43
"21363",6083.51,5990.86
"21364",3783.79,3770.29
"21365",854.24,854.24
"21366",1677.75,1677.75
"21367",354.10,354.10
"21368",252.33,252.33
"21369",255.72,255.72
"21370",328.59,328.59
"21371",722.62,722.62
"21372",340.79,340.79
"21373",569.63,560.63
"21374",919.34,919.34
"21375",1266.95,1266.95
"21376",982.67,982.67
"21377",990.36,971.16
"21378",856.44,856.44
"21379",955.65,955.65
"21380",15416.49,13814.79
"21381",9290.19,8340.48
"21382",1908.12,1902.12
"21383",1979.96,1924.06
"21384",2153.57,2153.57
"21385",10393.30,10388.20
"21386",764.87,764.87
"21387",21.25,21.25
"21388",336.39,336.39
"21389",2189.25,2163.75
"21390",14256.80,14133.05
"21391",2090.48,2084.18
"21392",1558.05,1079.61
"21393",1206.49,875.71
"21394",1933.99,1925.41
"21395",1463.16,1439.76
"21396",1328.97,1322.72
"21397",2399.94,2384.94
"21398",2435.05,2430.85
"21399",1667.84,1622.45
"21400",236.60,231.56
"21401",340.34,340.34
"21402",385.86,385.44
"21403",605.56,605.56
"21406",17.30,17.30
"21407",7160.41,7151.91
"21408",4073.28,4052.03
"21409",4.25,4.25
"21410",1879.81,1875.56
"21411",9559.49,9525.49
"21412",446.70,442.92
"21413",1200.18,1200.18
"21414",962.38,960.28
"21415",838.63,838.63
"21416",633.42,633.42
"21417",1344.92,1292.42
"21418",692.33,684.68
"21419",619.58,619.58
"21420",368.70,368.70
"21421",2228.41,2220.91
"21422",2789.98,2786.58
"21424",3983.74,3831.84
"21425",1621.72,1530.27
"21426",1955.54,1794.14
"21427",1303.62,1270.02
"21428",12858.81,12692.81
"21429",12777.00,12656.70
"21430",21370.59,21147.81
"21431",2740.92,2737.62
"21432",5573.17,5443.82
"21437",2479.74,2460.99
"21438",1282.44,1267.44
"21439",3098.85,2666.37
"21440",613.87,611.37
"21441",770.71,770.71
"21442",848.27,848.27
"21443",774.61,752.11
"21444",1040.31,1036.56
"21445",2040.88,2025.88
"21446",1906.28,1906.28
"21447",4802.93,4801.68
"21448",1803.59,1803.59
"21450",77.35,17.85
"21452",6379.41,6255.36
"21454",1089.05,1068.65
"21455",1167.84,1153.39
"21456",819.60,818.35
"21457",768.25,768.25
"21458",965.98,965.98
"21459",575.20,540.10
"21460",312.10,296.50
"21461",191.93,182.18
"21462",2620.67,2580.17
"21463",7918.47,7521.12
"21464",2308.00,2218.75
"21465",3294.92,3287.42
"21466",3901.69,3901.69
"21467",3622.23,3603.48
"21468",2586.11,2578.61
"21469",3815.86,3748.36
"21470",4694.68,4660.93
"21471",5866.31,5851.31
"21472",4486.19,4486.19
"21473",3451.77,3371.97
"21474",4329.15,4189.50
"21475",14.95,0.00
"21476",2575.02,2545.12
"21477",3535.38,3278.13
"21478",1045.85,1038.35
"21479",45242.28,44565.10
"21480",1119.49,1101.79
"21481",29447.40,27381.50
"21482",2703.77,2686.07
"21484",22271.01,22113.06
"21485",40040.71,39862.51
"21486",4810.47,4806.72
"21488",11655.01,11655.01
"21489",252.00,252.00
"21490",1373.60,1319.00
"21491",5566.97,5467.52
"21493",294.95,294.95
"21494",9242.72,9237.72
"21495",5140.30,5129.80
"21496",10.50,0.00
"21497",6999.00,6999.00
"21498",10874.60,10832.60
"21499",6071.18,5988.68
"21500",6485.00,6485.00
"21503",740.42,740.00
"21504",2067.36,2062.32
"21506",4882.06,4856.86
"21507",3678.02,3667.94
"21508",3005.67,3000.63
"21509",3778.37,3768.29
"21511",16.80,16.80
"21518",521.92,521.92
"21519",3431.20,3416.08
"21520",455.22,454.38
"21523",51237.58,51190.04
"21524",38788.19,38731.80
"21525",13.50,0.00
"21527",26895.20,25544.74
"21528",6422.65,6209.25
"21529",2031.98,2004.38
"21530",1568.20,1511.16
"21531",11134.49,11041.94
"21532",1481.02,1447.42
"21533",18075.29,17700.29
"21534",5465.53,5321.98
"21535",17796.80,17573.75
"21536",497.98,483.28
"21537",4652.67,4405.67
"21538",1989.02,1981.52
"21539",15012.23,14677.92
"21540",2594.40,2512.90
"21541",1802.58,1773.68
"21542",1758.10,1662.90
"21543",243.05,243.05
"21544",5504.92,5467.52
"21545",1753.19,1747.29
"21547",2034.49,2028.59
"21548",2016.64,1972.39
"21549",1317.93,1297.28
"21550",1693.27,1687.32
"21551",876.95,876.95
"21552",869.55,851.70
"21553",768.94,762.99
"21554",805.65,787.80
"21555",1478.54,1475.99
"21556",5207.72,5194.97
"21557",4580.39,4577.44
"21558",12385.22,12152.27
"21559",22222.02,22105.17
"21560",30.88,30.88
"21561",7786.09,7778.44
"21562",1013.85,1013.85
"21563",7342.55,7290.50
"21564",4811.53,4773.98
"21576",2038.71,2018.46
"21577",6784.54,6748.54
"21578",5850.72,5828.22
"21579",1781.55,1743.30
"21580",1865.01,1851.51
"21581",2297.33,2252.33
"21582",193.05,193.05
"21584",6081.60,6037.05
"21585",1.65,1.65
"21586",6059.55,5965.20
"21587",5218.95,5203.65
"21588",7748.55,7684.80
"21589",2593.65,2563.05
"21590",4153.78,4121.28
"21591",7881.83,7814.33
"21592",6571.21,6541.21
"21593",1630.56,1600.56
"21594",42.12,42.12
"21595",153.90,153.90
"21596",85.28,85.28
"21609",4245.13,4245.13
"21610",1593.99,1593.99
"21611",2253.73,2236.03
"21612",2138.94,2121.24
"21613",1920.30,1920.30
"21614",4623.69,4287.64
"21615",2462.84,2462.84
"21616",2675.91,2675.91
"21617",2300.02,2300.02
"21618",2128.48,2128.48
"21619",2305.54,2305.54
"21620",2462.71,2440.21
"21621",66139.46,65595.46
"21622",21378.41,21165.56
"21623",46018.53,45519.33
"21624",11294.32,11165.57
"21625",8444.60,8444.60
"21626",3274.89,3157.89
"21627",5694.80,5616.10
"21628",4876.06,4816.26
"21629",3129.79,3121.84
"21630",3037.98,3002.18
"21631",1731.40,1731.40
"21632",1379.94,1367.19
"21633",2287.77,2262.27
"21634",1590.38,1439.13
"21635",874.23,829.23
"21636",1037.43,1006.83
"21637",1945.66,1923.16
"21638",2379.68,2362.88
"21639",245.65,238.85
"21640",2409.58,2409.58
"21641",1151.49,1151.49
"21642",2879.51,2707.17
"21643",2628.68,2611.18
"21644",1665.44,1630.44
"21645",1735.95,1686.45
"21647",2143.76,2135.36
"21648",4771.08,4496.68
"21649",1205.03,1193.23
"21650",1500.61,1493.45
"21651",2340.47,2340.47
"21652",1870.03,1829.08
"21653",2734.04,2719.34
"21654",944.21,944.21
"21655",2530.30,2328.38
"21656",2096.23,2093.33
"21657",2400.06,2365.31
"21658",10953.33,10593.60
"21659",2191.70,2131.90
"21661",1743.57,1708.37
"21662",2090.00,2066.20
"21663",571.77,530.12
"21664",1236.81,1210.56
"21665",802.50,802.50
"21666",1198.80,1196.85
"21667",6979.95,6586.20
"21668",16377.59,16271.17
"21669",15563.15,15415.83
"21670",14253.87,14153.87
"21671",13916.17,13678.86
"21672",16468.04,16386.74
"21673",15522.35,15378.40
"21674",680.85,680.85
"21675",1816.77,1806.57
"21676",1000.08,1000.08
"21677",2040.93,2010.33
"21678",487.21,487.21
"21679",4312.55,3659.87
"21680",2788.04,2762.54
"21681",2305.42,2275.57
"21682",2867.97,2848.17
"21683",2907.24,2904.29
"21684",1457.21,1446.16
"21685",44.85,29.90
"21686",2623.33,2373.68
"21687",2122.88,2119.13
"21688",3183.80,3166.10
"21689",1309.93,1309.93
"21690",1052.48,1052.48
"21691",1023.42,1023.42
"21692",1983.21,1968.21
"21693",2910.14,2910.14
"21694",1670.12,1670.12
"21695",2226.56,2223.61
"21696",2336.98,2248.48
"21697",295.08,295.08
"21698",529.68,529.68
"21699",82.44,82.44
"21700",9270.19,9167.34
"21701",0.00,-20.28
"21702",918.68,918.68
"21703",5876.85,5804.61
"21704",13719.78,13207.71
"21705",3408.21,3366.71
"21706",5717.89,5569.39
"21707",4436.28,4436.28
"21708",2604.06,2584.26
"21709",3156.03,3156.03
"21710",2406.11,2371.46
"21711",1699.87,1699.87
"21713",5818.63,5585.63
"21714",8657.41,8587.31
"21715",10407.61,10337.86
"21716",11049.56,11024.06
"21717",4723.31,4679.96
"21718",6088.03,6023.03
"21719",927.44,927.44
"21720",1004.63,994.43
"21721",1129.87,1128.17
"21722",415.80,413.25
"21723",852.31,852.31
"21724",998.08,996.38
"21725",1182.91,1181.21
"21726",992.68,990.98
"21728",2875.62,2850.12
"21729",491.30,491.30
"21730",6116.25,5943.70
"21731",54807.42,53329.72
"21732",3229.97,3219.44
"21733",51842.38,50722.43
"21734",852.73,830.23
"21735",13265.60,10730.00
"21736",444.36,443.19
"21737",7405.17,7405.17
"21738",1525.76,1511.01
"21739",1839.11,1836.16
"21740",912.22,912.22
"21741",2783.60,2781.05
"21742",2742.01,2742.01
"21743",4100.61,3926.56
"21744",3260.28,3242.58
"21745",9422.44,9351.19
"21746",8230.90,8128.40
"21747",2615.67,2478.69
"21749",11630.56,10223.46
"21750",726.50,724.40
"21752",1517.02,1412.37
"21754",50580.87,50295.67
"21755",38081.63,37796.03
"21756",10724.52,10688.82
"21757",567.05,567.05
"21758",1492.07,1492.07
"21759",1580.86,1580.86
"21760",1740.00,1490.00
"21761",1814.75,1784.80
"21763",1157.90,1076.05
"21764",659.15,619.20
"21765",3538.88,3472.13
"21767",29.95,29.95
"21768",8172.39,8129.74
"21769",7954.87,7635.07
"21770",15687.79,15475.39
"21772",12.75,12.75
"21773",2679.84,2648.59
"21774",3100.61,3099.36
"21775",2053.67,2048.67
"21777",10104.87,9969.72
"21779",1097.80,1062.75
"21780",2656.15,2656.15
"21781",11642.19,11041.59
"21784",4801.31,4731.66
"21785",1564.06,1564.06
"21786",3545.77,3516.37
"21787",12466.98,12046.98
"21788",2891.15,2829.30
"21789",2628.46,2550.26
"21790",27055.00,26892.33
"21791",26569.55,25413.30
"21792",2667.66,2528.71
"21793",1690.28,1690.28
"21794",3877.31,3797.96
"21795",3836.91,3824.16
"21796",2794.94,2794.94
"21801",2154.12,2139.00
"21802",2831.44,2831.02
"21803",2832.54,2832.54
"21804",2456.53,2449.03
"21805",1040.46,1040.46
"21806",1279.70,1279.70
"21807",1593.54,1592.70
"21808",3422.31,3267.31
"21809",2653.09,2653.09
"21810",5050.17,4976.42
"21811",5216.39,5197.67
"21812",4921.83,4793.13
"21813",5177.42,5073.47
"21814",1108.91,1108.91
"21815",1235.48,1231.13
"21816",687.43,684.53
"21817",1095.59,1095.59
"21818",2641.78,2641.78
"21819",2320.52,2320.52
"21820",3540.07,3427.57
"21821",3324.35,3275.60
"21822",1584.50,1568.11
"21823",2671.20,2636.40
"21824",2784.76,2749.96
"21825",1078.68,1074.33
"21826",2581.03,2504.78
"21827",1129.84,1113.59
"21828",1509.28,1509.28
"21829",3544.33,3483.64
"21830",3311.25,3063.57
"21832",6840.29,6728.09
"21833",11566.03,11268.53
"21836",1164.03,1149.03
"21837",1960.08,1948.18
"21838",5.45,5.45
"21839",1113.08,1102.18
"21841",1929.69,1916.94
"21842",1360.33,1360.33
"21843",71890.41,66609.21
"21844",16365.03,16223.83
"21845",4340.77,4229.73
"21846",5733.38,5651.53
"21847",902.54,902.54
"21849",1946.68,1826.68
"21850",1470.21,1317.21
"21851",2210.45,2210.45
"21852",20.85,20.85
"21853",30.80,30.80
"21854",10.34,10.34
"21857",20.46,20.46
"21858",20.46,20.46
"21860",10.34,10.34
"21864",5916.06,5874.06
"21865",2569.70,2557.10
"21866",5114.60,5082.10
"21867",1911.53,1911.53
"21868",11973.42,11723.03
"21869",1508.31,1487.06
"21870",8130.31,8009.06
"21871",14794.34,13882.35
"21872",5334.60,5293.13
"21873",2528.27,2428.20
"21874",8908.58,8872.12
"21875",8313.99,8232.46
"21876",8480.03,8367.63
"21877",16509.94,15333.12
"21878",4899.79,4594.98
"21879",807.30,807.30
"21880",1570.12,1554.52
"21881",659.15,659.15
"21882",600.15,600.15
"21883",1383.60,1383.41
"21884",869.86,869.86
"21888",15846.89,15453.14
"21889",19760.66,19566.91
"21890",11556.04,11519.94
"21891",16492.37,16370.55
"21892",11488.14,11420.64
"21893",652.60,652.60
"21894",2272.15,2272.15
"21895",1897.01,1880.01
"21896",5270.00,5241.35
"21897",2694.45,2679.70
"21898",2727.74,2727.74
"21899",4554.01,4510.46
"21900",5963.99,5960.74
"21901",4289.60,4190.15
"21902",3571.47,3533.77
"21903",7243.36,7210.26
"21904",1251.04,1071.34
"21905",2304.29,2300.09
"21906",14665.02,14401.77
"21907",11426.29,11382.19
"21908",20210.72,20143.52
"21910",1464.66,1464.66
"21911",4551.80,4532.00
"21912",17144.69,16859.69
"21913",5014.94,4996.19
"21914",20783.25,20633.25
"21915",45458.43,44462.43
"21916",5290.14,5195.64
"21917",3422.06,3413.24
"21918",6345.08,6327.02
"21919",60.94,60.94
"21922",12774.32,12583.67
"21923",2841.53,2825.63
"21924",2665.52,2586.02
"21925",1674.96,1652.46
"21926",1425.74,1393.24
"21927",1977.93,1896.68
"21928",50931.21,50394.63
"21929",55990.08,55506.11
"21930",31940.88,31929.39
"21931",75314.11,74603.48
"21932",9736.46,9678.16
"21933",10140.40,10052.85
"21934",11394.74,11294.09
"21935",18308.35,18112.20
"21936",25045.21,24653.46
"21937",13504.69,13335.59
"21942",1581.36,1560.96
"21943",753.49,753.49
"21944",1400.92,1397.52
"21945",1754.56,1752.86
"21946",410.13,410.13
"21947",2897.45,2897.45
"21948",3544.41,3544.41
"21949",3645.57,3638.07
"21950",330.21,138.16
"21955",26390.57,26207.29
"21967",4556.59,4556.59
"21972",1671.64,1668.74
"21973",2586.16,2567.31
"21974",11869.34,11667.89
"21975",15655.23,15605.97
"21976",8511.11,8480.86
"21977",29756.11,29638.81
"21980",8844.00,8777.88
"21981",7403.73,7394.04
"21982",11017.48,11006.65
"21983",1973.20,1959.28
"21984",7167.90,7116.18
"21985",9502.58,9457.34
"21986",5103.11,5096.15
"21987",4127.32,3989.27
"21988",6096.15,5727.51
"21989",7608.31,7198.87
"21990",6242.78,6227.78
"21991",2521.10,2506.10
"21992",10053.56,10035.86
"21993",7262.36,7247.36
"22016",166.66,166.66
"22021",2754.17,2714.57
"22023",2214.07,2209.03
"22024",2444.47,2429.35
"22025",1760.06,1755.02
"22026",1842.06,1837.02
"22027",5217.33,5130.21
"22028",2855.97,2845.89
"22029",7787.68,7762.48
"22030",5447.63,5397.23
"22031",578.81,573.77
"22032",457.82,457.82
"22033",719.22,719.22
"22034",711.76,701.68
"22035",1854.26,1833.68
"22036",721.46,694.16
"22037",3265.40,3260.36
"22038",481.00,481.00
"22039",353.00,342.50
"22040",1144.30,1144.30
"22041",22212.97,22109.02
"22042",676.76,666.68
"22043",655.42,650.38
"22044",563.74,558.28
"22045",6034.14,5979.54
"22046",2624.00,2609.72
"22047",3361.50,3272.50
"22048",1166.30,1155.80
"22049",1036.75,1026.25
"22050",1354.00,1333.00
"22051",1317.50,1317.50
"22052",1493.68,1462.18
"22053",4092.86,4089.11
"22054",789.97,766.87
"22055",9627.15,9544.20
"22056",693.90,692.41
"22057",4539.11,4416.93
"22058",841.97,830.05
"22059",7083.43,6986.58
"22060",6097.60,5910.90
"22061",20887.89,19827.54
"22062",1447.81,1439.88
"22063",7179.57,7132.77
"22064",11883.22,11661.97
"22065",7093.69,7038.92
"22066",2803.68,2793.03
"22067",3321.51,3289.31
"22068",2631.21,2608.11
"22069",3411.53,3411.53
"22070",6135.72,5660.93
"22071",4491.06,4242.31
"22072",10947.47,10763.72
"22073",9910.27,9745.99
"22074",2725.09,2705.29
"22075",5290.11,5270.31
"22076",3949.96,3949.96
"22077",35995.18,35802.13
"22078",9160.28,9080.48
"22079",9245.04,9144.39
"22080",6943.63,6875.98
"22081",3110.21,3042.56
"22082",13217.32,13166.17
"22083",45609.23,44185.08
"22084",27277.17,26977.72
"22085",7115.84,5614.09
"22086",158922.40,157208.70
"22087",29441.85,28976.45
"22088",15066.86,14868.81
"22089",11764.55,11590.65
"22090",59207.31,57917.16
"22091",2818.91,2750.16
"22092",637.77,637.77
"22093",1506.53,1453.37
"22094",3042.91,2969.19
"22095",3504.90,3385.02
"22096",991.44,974.10
"22097",1382.71,1367.56
"22098",2201.25,2166.14
"22099",1841.75,1811.75
"22100",844.83,844.83
"22101",4565.82,4437.36
"22102",1358.88,1076.43
"22103",2152.74,1949.43
"22104",1241.90,1241.90
"22105",1652.15,1419.90
"22106",2008.11,1851.36
"22107",6723.88,6389.42
"22108",1419.59,1404.59
"22109",17178.30,16899.54
"22110",12894.41,12884.21
"22111",57080.68,56144.03
"22112",70362.54,69471.06
"22113",23074.08,22952.28
"22114",83898.66,82923.46
"22115",6750.67,6747.72
"22116",1283.07,1255.17
"22117",5363.86,5360.91
"22118",4218.11,4208.21
"22119",5678.28,5636.58
"22120",11339.18,11151.58
"22121",9992.03,9944.43
"22122",3537.81,3537.81
"22123",2166.33,2023.53
"22124",1080.89,1080.89
"22125",4663.58,4348.73
"22126",0.00,0.00
"22127",4307.77,4185.46
"22128",4930.53,4860.53
"22129",3958.40,3943.10
"22130",16278.38,16136.58
"22131",10983.61,10954.51
"22132",3457.74,3447.54
"22133",2697.28,2687.08
"22134",1304.94,1299.90
"22135",1133.20,1123.12
"22136",3654.34,3649.79
"22137",1608.71,1599.86
"22138",48693.11,44630.26
"22139",58154.57,56135.12
"22141",11541.14,11490.74
"22142",7148.84,7122.74
"22143",1051.76,1026.56
"22144",15974.24,15875.54
"22145",2939.32,2926.72
"22146",2923.41,2834.01
"22147",18549.11,17406.31
"22148",7530.28,7405.48
"22149",28189.65,26945.25
"22150",15216.35,13951.55
"22151",12308.07,11975.61
"22152",2791.45,2786.83
"22153",2695.10,2625.38
"22154",3330.48,3244.80
"22155",3039.08,3016.82
"22156",6258.72,6075.31
"22157",1482.45,1400.85
"22158",35924.70,35684.80
"22161",3885.58,3856.70
"22162",4804.65,4769.25
"22163",2901.05,2722.00
"22164",954.19,951.24
"22165",10327.05,10237.80
"22166",5434.89,5371.29
"22167",8281.76,8033.01
"22168",5602.56,5212.41
"22169",22338.26,21581.76
"22170",16631.89,16049.99
"22171",25960.50,24748.40
"22172",4064.64,4030.64
"22173",17977.66,17577.94
"22174",14737.42,14658.22
"22175",5689.14,5665.54
"22176",3872.61,3846.06
"22177",3623.28,3396.28
"22178",59018.89,57741.20
"22179",17336.08,17118.23
"22180",11338.66,10855.46
"22181",1370.43,1334.73
"22182",3083.85,3064.05
"22183",5156.45,5100.25
"22184",4164.94,4030.14
"22185",6725.84,6719.24
"22186",6021.96,5839.66
"22187",7803.38,7611.93
"22188",28899.61,28879.86
"22189",51187.68,51018.95
"22190",3247.41,3245.31
"22191",16668.00,13964.15
"22192",12850.82,12598.37
"22193",17249.87,16930.27
"22194",3506.15,3455.15
"22195",10792.41,10764.06
"22196",7421.68,7385.64
"22197",100772.66,100156.08
"22198",14988.52,14641.22
"22199",8678.99,7607.99
"22200",6967.05,6922.80
"22201",2487.05,2478.55
"22202",5283.40,5167.15
"22203",6552.38,6492.38
"22204",2509.17,2456.67
"22206",23.64,23.64
"22207",15313.28,14988.53
"22208",3548.03,3516.62
"22209",1983.06,1946.70
"22210",2089.28,2064.53
"22211",2419.42,2348.17
"22212",9872.29,9786.19
"22214",1490.28,1490.28
"22215",9612.56,9102.56
"22216",1656.09,1653.54
"22217",3293.60,3223.60
"22218",6324.57,6073.82
"22219",11531.41,11437.52
"22220",7540.83,7055.13
"22221",7065.66,6936.31
"22222",7809.23,7784.48
"22223",4659.07,4654.12
"22224",9038.93,8974.03
"22227",5308.79,5287.34
"22228",1783.79,1743.84
"22229",1046.08,991.68
"22230",1538.26,1500.08
"22231",3084.38,2929.88
"22232",1490.95,1419.73
"22233",1342.87,1241.63
"22236",14979.14,13857.89
"22241",7241.78,7204.47
"22242",7852.47,7758.42
"22243",12243.70,12101.80
"22244",9998.62,9881.62
"22245",4414.15,4387.80
"22246",2890.02,2866.62
"22247",1253.51,1252.76
"22248",1154.27,1136.42
"22249",1788.61,1785.21
"22250",1929.74,1926.34
"22251",2728.59,2704.84
"22252",1183.06,1166.81
"22253",1220.17,1220.17
"22254",2003.40,1913.40
"22255",1405.92,1367.67
"22256",1374.56,1359.56
"22257",447.82,432.82
"22258",1581.33,1512.58
"22259",607.44,603.69
"22260",2216.47,2202.87
"22261",2636.13,2632.73
"22262",2418.62,2404.17
"22263",770.42,738.08
"22264",1438.73,1438.73
"22265",1285.95,1285.95
"22266",1121.92,1117.37
"22267",1327.51,1323.76
"22268",1467.03,1447.72
"22269",1520.76,1489.51
"22270",2962.93,2866.15
"22271",14599.00,13759.80
"22272",4011.77,4008.82
"22273",20969.05,17406.25
"22274",11312.83,11113.73
"22275",8434.71,8392.21
"22276",5397.22,5349.22
"22277",3221.56,3217.36
"22278",8020.01,7878.72
"22279",2572.38,2526.13
"22280",1554.45,1554.45
"22281",4379.47,4284.27
"22282",9432.71,9407.21
"22283",10184.49,10041.39
"22284",4370.23,4327.33
"22285",4467.47,4447.67
"22286",2464.43,2464.43
"22287",1553.84,1549.16
"22288",1635.73,1635.73
"22289",896.21,896.21
"22290",1277.84,1275.74
"22291",4640.56,4570.96
"22292",4017.58,3947.98
"22293",3138.15,3103.35
"22294",21572.16,21408.41
"22295",14563.01,14483.81
"22296",16837.04,16823.84
"22297",19568.65,19224.90
"22299",4713.95,4642.70
"22300",10761.41,10600.76
"22301",13418.27,13226.27
"22302",10941.49,10847.14
"22303",13223.31,12886.86
"22304",4924.01,4879.46
"22305",4863.26,4835.21
"22306",2475.23,2446.53
"22307",1967.81,1918.01
"22308",2896.71,2830.41
"22309",4067.23,4000.93
"22310",3928.59,3907.34
"22311",7934.17,7900.67
"22312",5321.31,5168.86
"22313",3392.60,2745.20
"22314",4461.42,4445.62
"22315",3173.16,3166.91
"22316",1495.24,1493.99
"22317",2331.26,2331.26
"22318",5686.81,5627.81
"22319",1761.07,1711.02
"22320",3699.58,3562.73
"22321",2809.78,2808.93
"22322",2155.42,2142.67
"22323",1982.72,1959.32
"22324",2279.31,2263.71
"22325",4142.63,3905.03
"22326",48100.96,47932.81
"22327",12446.50,12370.20
"22328",38422.58,36604.23
"22329",9392.75,9344.90
"22330",229.05,211.65
"22331",6566.78,6520.58
"22332",6777.05,6084.65
"22333",16264.52,14293.52
"22334",3644.48,3613.13
"22335",6394.44,6101.49
"22336",2455.16,2440.21
"22337",1752.99,1752.99
"22338",2540.73,2480.36
"22339",1535.38,1454.10
"22340",1994.69,1975.64
"22341",6145.18,4286.98
"22342",3013.30,2917.00
"22343",2185.94,2150.24
"22344",988.60,988.60
"22345",822.79,807.49
"22346",715.51,715.51
"22347",3301.91,3301.91
"22348",11499.03,11414.03
"22349",12050.59,11918.47
"22350",9168.32,9163.22
"22351",39.82,39.82
"22352",19778.03,19612.73
"22353",9122.38,9071.38
"22354",9443.70,9312.81
"22355",75252.77,75110.08
"22356",28420.51,27989.77
"22357",10660.73,10462.73
"22358",10318.64,10148.29
"22359",4348.59,4233.54
"22360",8816.30,8291.85
"22361",7829.87,7597.02
"22362",2927.08,2782.53
"22363",2572.49,2172.09
"22364",7440.67,7133.77
"22365",16817.03,16794.38
"22366",19549.54,19339.57
"22367",17262.70,17163.25
"22371",10911.12,10830.11
"22372",3592.78,3558.83
"22374",5926.34,5902.99
"22375",3767.33,3756.73
"22376",3116.27,3116.27
"22377",8098.93,7982.13
"22378",8802.36,8770.86
"22379",41387.90,41258.95
"22380",11391.32,11296.82
"22381",22258.50,22195.75
"22382",36989.64,36602.39
"22383",48501.15,48198.85
"22384",35883.63,35447.13
"22385",35056.85,34331.41
"22386",84879.48,84010.55
"22389",1330.88,1120.88
"22390",1518.82,1518.82
"22391",725.07,725.07
"22393",1629.51,1518.51
"22394",589.23,573.93
"22395",513.66,513.66
"22396",1511.22,1488.72
"22398",3801.01,3673.51
"22399",4809.36,4771.86
"22400",2074.31,2043.92
"22402",3062.75,3037.75
"22403",1350.95,1328.45
"22405",2102.71,2086.65
"22406",3310.92,3255.26
"22407",546.16,508.00
"22408",855.99,816.58
"22409",2408.02,2390.52
"22410",1752.19,1737.19
"22411",69578.29,68763.37
"22412",5620.54,5616.34
"22413",20593.46,20252.91
"22414",8131.94,8115.74
"22415",2520.15,2520.15
"22416",2824.57,2815.87
"22417",11854.31,11791.61
"22418",10936.96,10754.21
"22419",4134.32,4130.18
"22420",1270.63,1270.21
"22421",3177.24,3158.64
"22422",2433.78,2418.18
"22423",383524.39,366979.09
"22424",26152.13,25581.68
"22425",4763.78,4651.23
"22426",6193.30,6056.10
"22427",21075.33,20777.88
"22428",3848.41,3737.21
"22429",10820.79,10633.79
"22430",7606.32,7434.37
"22431",7538.29,7503.19
"22432",7256.34,7221.24
"22433",5538.64,5509.39
"22434",4812.85,4777.75
"22435",6587.40,6432.65
"22436",2736.25,2718.05
"22437",5718.34,5704.74
"22438",2189.79,2189.79
"22439",2766.07,2714.07
"22440",3574.30,3555.82
"22441",6243.64,6222.64
"22442",4876.98,4735.08
"22443",5841.42,5801.67
"22444",16736.64,16592.89
"22445",4480.22,4480.22
"22446",2494.67,2474.57
"22447",1013.63,993.53
"22448",2544.05,2523.95
"22449",4862.37,4822.17
"22450",2936.26,2899.41
"22451",4945.13,4918.33
"22452",4156.45,4118.10
"22453",2473.59,2447.04
"22454",4122.56,4057.66
"22456",25529.24,25012.89
"22457",54300.29,53984.34
"22458",3981.33,3981.33
"22459",3614.52,3614.52
"22460",7405.40,7373.28
"22461",4001.32,3362.87
"22464",14440.06,14051.26
"22465",7911.65,7684.10
"22466",10607.56,10530.76
"22467",29969.83,29301.73
"22468",12855.56,12503.26
"22469",54553.68,54129.03
"22470",57152.76,56124.06
"22471",3120.19,3108.34
"22472",5676.37,5651.62
"22473",3561.40,3561.40
"22474",5564.92,5428.92
"22475",4660.70,4631.00
"22476",6357.75,6308.25
"22477",3746.03,3744.78
"22478",4359.97,4357.47
"22479",2928.68,2928.68
"22480",2995.56,2995.56
"22481",1489.38,1489.38
"22482",2851.77,2851.77
"22483",5800.34,5750.19
"22485",17209.43,17043.68
"22486",1013.91,835.41
"22487",18490.44,17854.84
"22488",13290.51,13209.66
"22489",8207.57,8078.69
"22491",6068.64,5934.36
"22492",29020.39,28837.74
"22493",8108.91,7710.81
"22494",4362.44,4298.69
"22495",3042.31,3024.61
"22496",2201.64,2183.94
"22497",4966.64,4945.39
"22498",8163.03,8163.03
"22499",25401.76,25360.11
"22500",2910.77,2890.97
"22501",41884.47,40726.02
"22502",67195.50,66750.61
"22503",3938.89,3212.54
"22504",9993.11,9660.86
"22505",19469.37,19365.42
"22507",28123.48,28005.38
"22508",12840.40,12742.90
"22509",5620.32,5332.27
"22510",876.78,876.78
"22511",1116.47,1108.97
"22512",1024.11,1024.11
"22513",2113.44,2113.44
"22514",2427.16,2422.96
"22515",2351.00,2342.60
"22516",1910.62,1904.32
"22517",1720.64,1720.64
"22518",3284.22,3284.22
"22519",3382.56,3353.16
"22520",2182.47,2180.77
"22521",2129.54,2127.84
"22522",1996.49,1983.74
"22523",1981.16,1968.41
"22524",3283.55,3266.05
"22525",3351.73,3331.73
"22526",7245.72,7092.72
"22528",8916.99,8860.74
"22529",1011.36,1011.36
"22530",4651.74,4631.58
"22531",3881.12,3881.12
"22532",1120.52,1120.52
"22533",1847.30,1817.06
"22534",6075.32,6016.94
"22535",2015.40,1965.00
"22536",3634.76,3582.32
"22537",2537.04,2516.88
"22538",640.12,640.12
"22539",2385.69,2385.27
"22540",2483.52,2482.26
"22541",536.28,536.28
"22543",1320.73,1320.73
"22544",3899.64,3861.42
"22545",1502.59,1482.01
"22546",1814.17,1813.75
"22547",941.21,940.37
"22548",4935.52,4935.52
"22549",10623.08,10621.63
"22550",8470.28,8140.28
"22551",28630.79,28195.64
"22553",14112.55,13952.50
"22554",25235.76,24992.61
"22555",19339.20,19273.20
"22556",23718.00,23541.45
"22557",19188.01,19075.81
"22558",20614.60,20466.01
"22559",2272.38,2267.38
"22560",18871.78,18680.58
"22561",21187.32,20575.62
"22562",4764.06,4764.06
"22563",7091.30,7087.55
"22564",5305.79,4578.47
"22565",2193.49,2192.64
"22566",2495.94,2495.94
"22567",7342.91,7268.96
"22568",21361.81,20636.65
"22569",21343.65,20173.02
"22570",22519.65,21055.32
"22571",5933.67,5853.50
"22572",3613.97,3611.42
"22573",5068.32,5068.32
"22574",5277.72,5057.88
"22575",8077.57,7917.07
"22576",3213.39,3208.29
"22577",8153.61,8070.56
"22578",7444.00,7331.51
"22579",4351.82,4270.22
"22580",15943.93,15606.18
"22581",3422.98,3421.28
"22582",6624.18,6435.48
"22583",5455.90,5139.70
"22584",14336.17,13910.32
"22585",24003.75,23560.84
"22586",1970.25,1929.45
"22587",2024.07,2024.07
"22588",8797.51,8385.64
"22589",4056.17,4010.27
"22591",4234.16,4019.46
"22592",9183.08,9175.58
"22593",5401.69,5298.01
"22594",5093.54,5092.69
"22595",11270.98,11167.30
"22596",7088.48,7054.36
"22597",3260.93,3232.03
"22598",1381.98,1376.88
"22599",2579.02,2558.62
"22600",4626.44,4602.64
"22601",5078.31,5074.91
"22602",5894.19,5849.99
"22603",3864.53,3853.48
"22604",5402.63,5341.43
"22605",26039.83,25856.78
"22606",16041.14,15578.54
"22607",24834.61,24692.56
"22608",1741.33,1709.40
"22609",2607.98,2509.34
"22610",5450.10,5419.50
"22611",4449.66,4429.86
"22612",4084.05,4069.05
"22613",2537.04,2528.54
"22614",2234.95,2192.68
"22615",1207.67,1202.99
"22616",14400.96,14378.88
"22617",21374.77,20227.22
"22618",7358.86,6132.79
"22619",17229.33,17191.83
"22620",12383.22,12352.82
"22621",14788.07,14674.02
"22622",31648.96,31089.61
"22623",13735.14,13380.09
"22624",30427.98,30213.78
"22625",26673.47,26374.27
"22626",7715.53,7605.03
"22627",15813.61,15687.90
"22628",9684.35,9550.70
"22629",39760.01,39634.16
"22630",35840.02,35291.47
"22631",13689.92,13619.72
"22632",20931.94,20833.14
"22633",18295.98,18214.08
"22634",16871.70,15955.45
"22635",16802.07,15678.67
"22636",14157.68,13781.98
"22637",12608.62,12436.72
"22638",830.34,827.79
"22639",4266.02,4250.72
"22640",900.96,900.96
"22641",803.03,803.03
"22642",2466.24,2466.24
"22643",1129.49,1129.49
"22644",8123.33,7868.88
"22645",13448.97,13323.02
"22646",14122.16,13967.16
"22647",972.76,937.96
"22649",12426.41,12063.61
"22650",3032.31,2978.66
"22651",3085.09,3085.09
"22652",18728.29,18635.89
"22653",7078.06,6992.26
"22654",22331.27,22024.87
"22655",13140.00,10819.50
"22656",9290.00,6921.50
"22657",50.15,50.15
"22659",32528.95,31954.00
"22660",6542.15,6494.45
"22661",6875.06,6861.72
"22662",17122.03,17008.18
"22663",12723.80,12657.50
"22664",3434.00,3408.80
"22665",12006.87,11876.92
"22666",40142.72,39487.17
"22667",13796.55,13403.05
"22668",12559.24,12381.59
"22669",8961.13,8818.88
"22670",5884.78,4544.22
"22671",3023.22,3016.82
"22672",5089.55,5061.50
"22673",1757.66,1639.65
"22674",3171.18,3153.68
"22675",2909.99,2874.99
"22676",2827.57,2813.82
"22677",2492.30,2478.55
"22678",2142.38,2128.63
"22679",1947.04,1934.54
"22680",2089.68,2052.18
"22681",1777.22,1762.41
"22682",1673.11,1659.36
"22683",1695.25,1680.25
"22684",1521.73,1505.48
"22685",1508.53,1496.03
"22686",2233.83,2203.83
"22687",6602.41,6602.41
"22688",4892.04,4892.04
"22689",9561.80,9207.80
"22690",16343.13,16294.83
"22691",5794.94,5129.59
"22692",18828.09,18163.04
"22693",22139.18,22049.18
"22694",12801.40,12453.40
"22695",2318.28,2318.28
"22696",3004.40,3004.40
"22697",36870.36,36363.56
"22698",28035.60,27488.85
"22699",43461.65,42160.50
"22700",3196.53,3165.23
"22701",1686.36,1643.36
"22702",3214.84,3210.89
"22703",1295.70,1295.70
"22704",3576.52,3555.52
"22705",1581.72,1571.22
"22706",1696.18,1675.18
"22707",908.88,908.88
"22708",2151.00,2140.50
"22709",1109.66,1099.16
"22710",2854.88,2791.88
"22711",2241.84,2210.34
"22712",3227.11,3211.57
"22713",3017.96,3009.56
"22714",2298.89,2257.85
"22715",1186.78,1186.78
"22716",2356.39,2351.35
"22717",1087.52,1082.48
"22718",1262.48,1247.36
"22719",2605.11,2574.67
"22720",42919.48,42184.43
"22721",5400.80,5400.80
"22722",28413.62,28271.92
"22723",4839.50,4831.60
"22725",12282.00,12068.25
"22726",40319.68,40042.18
"22727",42384.45,42069.45
"22728",27144.64,26945.89
"22729",13427.56,13296.67
"22730",16783.04,16531.79
"22731",4601.56,4559.06
"22732",5740.09,5740.09
"22733",4770.94,4745.94
"22734",32037.33,31950.63
"22735",2936.38,2936.38
"22736",5242.30,5204.35
"22737",6755.32,6689.32
"22738",9593.46,9386.46
"22739",8690.04,8499.54
"22740",12412.19,12412.19
"22741",9673.95,9630.60
"22742",2723.16,2717.26
"22743",5750.49,5732.79
"22744",5000.85,4837.15
"22745",12709.13,12681.83
"22746",8106.48,8081.28
"22747",5185.40,5160.20
"22748",13130.79,13086.69
"22749",18300.87,18297.12
"22750",12300.69,12263.19
"22751",8926.65,8904.15
"22752",30657.91,28888.21
"22753",2168.33,2158.13
"22754",3453.91,3443.71
"22755",3370.66,3360.46
"22756",1555.69,1540.69
"22757",3436.63,3435.38
"22758",2937.06,2914.56
"22759",17594.72,17551.82
"22760",4972.63,4846.93
"22761",1281.81,1188.01
"22762",4021.49,3776.59
"22763",5771.59,5701.94
"22764",3562.41,3468.61
"22765",3806.30,3791.35
"22766",13448.32,13227.07
"22767",9920.83,9522.83
"22768",11819.25,11444.05
"22769",4114.92,3714.77
"22770",2121.84,2017.19
"22771",12347.05,12309.55
"22772",7332.93,7314.18
"22773",3750.76,3735.76
"22774",4263.41,4228.60
"22775",6760.00,6672.50
"22776",20350.92,19120.57
"22777",4336.29,4286.14
"22778",4417.46,4166.69
"22779",6652.60,6542.10
"22780",6193.09,6086.84
"22781",8487.62,8120.87
"22782",3712.30,3712.30
"22783",6355.43,6355.43
"22784",8521.46,8272.46
"22785",2662.93,2662.93
"22786",1890.86,1890.86
"22788",4275.29,4208.54
"22789",2546.99,2545.04
"22790",3884.00,3884.00
"22791",13471.75,13262.75
"22792",4061.01,4050.81
"22794",3691.20,3651.45
"22795",12886.07,12767.12
"22796",8556.50,7992.65
"22797",4699.88,4288.13
"22798",8443.82,8290.42
"22799",2188.58,2180.08
"22800",5463.17,5388.17
"22801",6380.05,6241.66
"22802",2412.48,2412.48
"22803",2560.03,2560.03
"22804",15274.72,13979.92
"22805",3750.96,3734.71
"22806",1248.14,1113.94
"22807",4916.08,4864.83
"22808",1388.86,1335.76
"22809",8275.68,8125.98
"22810",7370.13,7200.53
"22811",3457.33,3454.38
"22812",13306.59,13214.94
"22813",8251.38,8249.43
"22814",1437.18,1437.18
"22815",1876.62,1876.62
"22816",3463.46,3443.30
"22817",1812.96,1812.96
"22818",3122.24,3061.76
"22819",1783.60,1783.60
"22820",928.28,926.98
"22821",1249.54,1239.14
"22822",3565.29,3553.39
"22823",3655.00,3655.00
"22824",2153.95,2118.00
"22825",846.84,785.64
"22826",6210.00,5692.50
"22827",7150.00,6570.00
"22828",2565.00,2275.00
"22829",2780.84,2692.94
"22830",3898.22,3898.22
"22831",2414.71,2414.71
"22832",2190.75,2115.50
"22833",4313.49,4313.49
"22834",12612.63,12281.38
"22835",32767.40,30818.60
"22837",18485.11,18327.46
"22838",14590.94,12789.19
"22839",11207.03,10984.98
"22840",10414.62,10185.07
"22841",6313.31,6162.26
"22842",5549.06,5414.86
"22843",4118.54,4011.34
"22844",14670.57,14434.27
"22845",8271.42,8183.32
"22846",14599.73,14132.18
"22847",19686.94,18877.44
"22848",6789.65,6581.30
"22849",6702.80,6451.60
"22850",123.60,0.00
"22851",4455.50,4389.20
"22852",2721.32,2700.07
"22853",2488.14,2468.64
"22854",6071.05,6041.35
"22855",6416.92,6401.92
"22856",1139.14,1112.89
"22857",1091.90,1091.90
"22858",2027.58,2011.08
"22859",2276.10,2223.30
"22860",1164.70,1139.95
"22861",564.06,564.06
"22862",3753.44,3736.44
"22863",3330.32,3291.97
"22864",158.76,158.76
"22865",35317.45,35053.10
"22866",33097.08,32812.38
"22867",30066.93,29894.73
"22868",324.31,324.31
"22869",527.91,525.96
"22870",492.19,492.19
"22871",368.18,368.18
"22872",398.35,398.35
"22873",316.35,316.35
"22874",321.74,321.74
"22875",322.20,322.20
"22876",293.84,293.84
"22877",313.18,309.28
"22878",454.72,452.62
"22879",180.15,180.15
"22880",352.39,352.39
"22881",313.89,313.89
"22882",366.91,364.96
"22883",308.20,306.25
"22884",316.62,316.62
"22885",288.97,287.02
"22886",238.22,238.22
"22887",218.42,218.42
"22888",184.52,184.52
"22889",445.26,417.96
"22890",8479.45,7998.10
"22891",3845.39,3683.89
"22892",4407.31,4267.37
"22893",1792.70,1783.88
"22894",5459.61,5442.61
"22895",9205.24,9187.54
"22896",5780.73,5734.83
"22897",3106.24,3045.34
"22898",7753.22,7751.57
"22899",6172.44,6157.99
"22900",24101.48,23548.88
"22902",3921.58,3871.18
"22903",2183.04,1303.04
"22904",12399.81,11513.91
"22905",3372.70,3372.70
"22906",7713.66,7623.36
"22907",8060.19,7882.91
"22908",4801.56,4795.61
"22909",18427.52,18093.30
"22910",72307.13,71121.53
"22911",2615.71,2574.41
"22912",1590.74,1561.04
"22913",2301.31,2281.51
"22914",3012.13,2987.38
"22915",1791.76,1738.84
"22916",1529.11,1521.31
"22917",1549.00,1541.20
"22918",1497.32,1489.52
"22919",1412.03,1404.23
"22920",2371.38,1530.33
"22921",1368.24,1360.44
"22922",1985.70,1741.20
"22923",1424.83,1290.83
"22924",1525.74,1285.49
"22925",3235.27,3187.67
"22926",4547.07,4457.82
"22927",3422.54,3339.24
"22928",2499.53,2463.83
"22929",1459.75,1264.75
"22930",3180.48,2978.88
"22931",2053.09,2053.09
"22932",2050.86,1788.06
"22933",2899.64,2561.84
"22934",1887.74,1878.89
"22935",2169.39,1971.39
"22936",1025.06,827.06
"22937",2706.39,2673.24
"22938",7059.87,6942.87
"22939",3782.75,3713.45
"22940",17103.44,16961.44
"22941",23864.26,23253.96
"22942",10019.87,9407.02
"22943",12961.20,12741.25
"22944",4342.95,4031.74
"22945",8706.19,8429.11
"22946",17532.69,17142.39
"22947",16948.35,16693.91
"22948",2605.07,2589.77
"22949",2973.63,2947.53
"22950",11718.33,10944.68
"22951",6116.48,6000.08
"22952",23482.74,23241.54
"22953",1029.58,1029.58
"22954",337.78,336.53
"22955",3030.48,3030.48
"22956",5058.43,4775.23
"22957",5157.00,5085.10
"22959",4002.96,3855.96
"22960",42926.50,41905.42
"22961",31447.91,31003.31
"22962",3988.21,3916.09
"22963",3406.24,3315.38
"22964",6248.92,6219.52
"22965",4049.76,3944.76
"22966",10764.61,10758.36
"22967",3318.17,3253.27
"22968",12960.44,12711.89
"22969",22799.18,22613.38
"22970",10699.05,10665.45
"22971",6095.01,6057.36
"22972",3518.42,3462.32
"22973",2542.48,2503.28
"22974",3089.08,3056.08
"22975",1905.85,1904.60
"22976",1571.93,1555.68
"22977",1435.26,1434.01
"22978",9949.43,9676.82
"22979",6997.93,6880.38
"22980",4163.08,4039.03
"22981",806.31,797.61
"22982",1780.49,1750.49
"22983",3068.91,2979.99
"22984",1445.96,1445.96
"22985",1908.68,1908.68
"22986",2391.58,2381.08
"22987",106.68,106.68
"22988",12061.68,11928.90
"22989",9688.37,9610.37
"22990",3164.32,2610.62
"22991",8392.94,7195.34
"22992",11803.54,10598.44
"22993",18805.54,18720.54
"22994",1031.64,1019.04
"22995",1184.40,1163.82
"22996",2314.74,2303.82
"22997",1150.96,1118.20
"22998",5884.32,5809.98
"22999",1326.84,1325.58
"23000",1461.80,1445.42
"23001",0.00,0.00
"23002",968.34,914.58
"23003",226.62,226.62
"23004",1026.42,949.14
"23005",2485.38,2484.96
"23006",815.88,783.12
"23007",8434.95,8333.25
"23008",6905.17,6786.52
"23009",4902.49,4902.49
"23010",5314.45,5263.60
"23012",4630.58,4598.98
"23013",4137.23,4113.53
"23014",3887.38,3851.83
"23015",379.76,322.01
"23016",637.65,617.70
"23017",901.16,888.66
"23018",637.12,637.12
"23019",629.05,629.05
"23020",2291.68,2218.03
"23021",525.69,525.69
"23022",820.64,758.24
"23023",464.20,460.90
"23024",673.64,668.66
"23025",851.99,839.51
"23026",1380.95,1351.83
"23027",658.94,658.94
"23028",2763.97,2752.42
"23029",2527.64,2481.44
"23031",2316.80,2283.80
"23032",4100.46,4024.56
"23033",1174.05,1174.05
"23034",1582.39,1573.69
"23035",3484.39,3471.34
"23036",237.34,237.34
"23037",335.03,335.03
"23038",47.81,47.81
"23039",428.62,416.92
"23040",1469.56,1469.56
"23041",1277.96,1178.36
"23042",764.67,698.17
"23043",618.27,618.27
"23044",431.58,431.58
"23045",514.56,431.56
"23046",2131.43,2131.43
"23047",333.50,333.50
"23048",2488.60,2347.50
"23049",4220.93,4196.18
"23050",4809.55,4801.30
"23051",3705.63,3689.13
"23052",7203.93,7195.68
"23053",3918.74,3910.49
"23054",3020.16,3011.91
"23055",1503.64,716.92
"23056",3006.58,1051.51
"23057",1891.20,1159.05
"23058",440.70,440.70
"23059",0.00,0.00
"23060",548.82,548.82
"23061",1487.90,1484.15
"23064",3817.52,2303.47
"23065",3752.08,3739.58
"23066",2311.97,2303.72
"23067",1336.22,1336.22
"23068",2006.61,2006.61
"23069",568.67,568.67
"23070",809.03,809.03
"23071",1230.10,796.10
"23072",1448.52,1064.52
"23073",1731.50,1719.00
"23074",650.52,638.04
"23075",2010.05,1868.95
"23076",10233.36,10198.36
"23077",15775.84,15700.84
"23078",9029.37,8969.37
"23079",2252.30,2127.00
"23080",10314.46,10223.71
"23081",4470.11,4420.61
"23082",9006.84,8903.68
"23083",7765.92,7551.75
"23084",82488.82,82280.42
"23085",3728.76,3600.01
"23086",1535.07,1515.07
"23087",1184.14,1165.39
"23088",1119.38,1119.38
"23089",4936.29,4910.64
"23090",2017.27,2009.80
"23091",3893.14,3849.39
"23092",3947.30,3869.55
"23093",2355.81,2348.34
"23094",2012.34,1987.34
"23096",1866.65,1866.65
"23099",991.80,938.60
"23100",2916.66,2915.41
"23101",1909.64,1909.64
"23102",1154.73,1154.73
"23103",7249.37,7203.17
"23104",1455.34,1455.34
"23106",861.91,827.23
"23107",1099.22,1099.22
"23108",13608.31,13290.71
"23109",7185.14,6946.10
"23110",4620.66,4327.41
"23111",4213.68,3930.48
"23112",5576.86,5337.01
"23113",6041.14,1238.08
"23114",791.90,777.05
"23115",856.64,856.64
"23116",447.18,447.18
"23117",581.71,576.76
"23118",6805.34,6625.34
"23119",1527.69,1505.37
"23120",720.20,689.96
"23121",1042.56,1042.56
"23122",1899.53,1897.04
"23123",813.89,808.91
"23124",907.61,907.61
"23125",706.51,706.51
"23126",5791.80,5712.60
"23127",4011.61,3947.26
"23128",2432.19,2397.54
"23129",4065.82,4061.67
"23130",4229.54,4192.19
"23131",4039.33,4014.43
"23132",5288.12,5265.12
"23133",5907.89,5899.64
"23134",6447.74,6447.74
"23135",5453.56,5453.56
"23136",556.73,556.73
"23137",298.00,298.00
"23138",1261.12,1243.72
"23139",555.02,537.62
"23140",873.66,823.86
"23141",330.82,330.82
"23142",1303.99,1284.44
"23143",323.14,323.14
"23144",4515.68,4479.16
"23145",2039.62,2029.17
"23146",2764.50,2600.40
"23147",2834.45,2812.70
"23148",1880.27,1869.48
"23149",261.37,233.98
"23150",435.39,432.90
"23151",124.25,124.25
"23152",2162.79,2136.54
"23153",1117.75,1102.75
"23154",6763.75,6636.87
"23155",2140.16,2010.45
"23156",3549.36,3499.44
"23157",5254.57,4810.57
"23158",5910.34,5785.54
"23159",4864.31,4812.31
"23160",1937.16,1929.66
"23161",2394.00,2379.00
"23162",5498.14,5498.14
"23163",5080.74,4966.34
"23164",2858.09,2853.14
"23165",5664.22,5509.72
"23166",81985.11,4505.47
"23167",4767.84,4402.65
"23168",5832.92,5767.31
"23169",7496.03,7116.88
"23170",12023.51,10977.21
"23171",10919.08,10772.83
"23172",6895.54,6741.24
"23173",26724.74,26288.34
"23174",13117.62,12772.42
"23175",10179.30,9953.80
"23176",5012.90,4911.65
"23177",6012.78,5967.78
"23178",1035.31,1020.86
"23179",1023.08,1023.08
"23180",770.28,765.33
"23181",1982.89,1949.89
"23182",4568.73,4557.11
"23183",1243.63,1209.88
"23184",5779.50,5715.15
"23185",114.85,114.56
"23186",819.46,810.22
"23187",695.06,678.57
"23188",7795.38,7772.28
"23189",3695.67,3692.78
"23190",2832.66,2829.36
"23191",3765.43,3760.48
"23192",7031.31,7026.36
"23193",4407.99,4362.99
"23194",4475.07,4391.82
"23196",3205.48,3186.63
"23197",2656.26,2620.01
"23198",5784.01,5691.21
"23199",34475.08,33165.83
"23200",15343.00,15099.37
"23201",31541.22,30465.20
"23202",22699.31,22256.85
"23203",46413.74,45337.34
"23204",9851.73,9713.39
"23205",7347.74,7207.49
"23206",23484.66,23385.86
"23207",14656.69,13997.09
"23208",10933.47,10823.62
"23209",22051.43,21985.63
"23210",3791.56,3571.80
"23211",3229.64,3199.64
"23212",3144.15,3069.15
"23213",2354.90,2339.90
"23214",1765.25,1765.25
"23215",7121.00,6906.20
"23216",647.95,647.95
"23217",1660.64,1660.64
"23218",500.25,500.25
"23219",632.60,632.60
"23220",963.87,943.95
"23221",1484.49,1436.35
"23222",746.42,716.54
"23223",830.27,810.35
"23224",677.59,665.97
"23225",1262.74,1183.06
"23226",1714.75,1654.75
"23227",2193.06,2185.56
"23228",2193.70,2043.94
"23229",7142.99,7102.10
"23230",3239.34,3197.34
"23231",3030.18,3030.18
"23232",3436.92,3415.50
"23233",2105.50,2095.00
"23234",5592.18,5545.94
"23235",2005.66,1965.20
"23236",7337.87,7242.50
"23237",4340.73,4271.38
"23238",8426.57,8360.97
"23239",3565.28,3449.48
"23240",17605.44,17398.74
"23241",5279.10,5264.54
"23242",3163.18,3107.02
"23243",24869.76,24314.31
"23244",1775.05,1758.10
"23245",35670.82,35249.32
"23247",7601.98,7483.44
"23249",1577.50,1489.79
"23250",1703.47,1561.67
"23251",2256.05,2183.55
"23252",2369.88,2246.13
"23253",4615.62,4583.72
"23254",7131.27,7048.27
"23255",4342.00,4304.65
"23256",9218.66,8880.66
"23263",5502.80,5444.05
"23264",2984.92,2983.67
"23265",2655.87,2637.12
"23266",2958.00,2943.00
"23267",1636.56,1576.56
"23268",2056.10,2038.70
"23269",1240.56,1240.56
"23270",1679.79,1671.09
"23271",1679.45,1679.45
"23272",601.70,601.70
"23273",1764.26,1757.66
"23274",2139.89,2134.94
"23275",4752.27,4656.86
"23280",1682.24,1680.58
"23281",1025.42,1025.42
"23282",903.00,903.00
"23283",7406.49,7349.04
"23284",40386.43,38785.18
"23285",4759.99,4758.29
"23286",4966.95,4925.30
"23287",1761.28,1717.93
"23288",4626.57,4611.40
"23289",2172.55,2157.55
"23290",3023.55,3011.05
"23291",2237.92,2225.42
"23292",2920.29,2894.04
"23293",7522.08,7495.52
"23294",3878.68,3867.89
"23295",5476.27,5465.48
"23296",6286.45,6252.70
"23297",6907.46,6864.56
"23298",50152.11,49669.30
"23299",3989.34,3959.34
"23300",13638.29,13406.69
"23301",20190.92,20022.02
"23302",2382.13,2327.89
"23303",126.75,126.75
"23304",138.45,138.45
"23305",159.90,159.90
"23306",4426.82,4416.67
"23307",6769.39,6720.99
"23308",3453.61,3453.61
"23309",5294.00,5258.80
"23310",5099.73,5099.73
"23311",7412.15,7358.60
"23312",6405.30,6401.15
"23313",18637.20,18572.85
"23314",5387.40,5324.90
"23315",2293.78,2195.98
"23316",2791.03,2781.08
"23317",2006.97,2006.97
"23318",9979.39,9610.68
"23319",10269.58,10024.61
"23320",7199.62,7162.05
"23321",10078.98,10014.63
"23322",9618.92,9449.07
"23323",3338.86,3332.56
"23324",861.68,794.17
"23325",780.48,750.78
"23326",2474.57,2474.57
"23327",1090.26,1085.54
"23328",19043.69,19014.05
"23329",3281.73,3276.78
"23330",2392.75,2385.25
"23331",1192.28,1192.28
"23332",3829.67,3826.37
"23333",2892.25,2877.25
"23334",1638.00,1638.00
"23335",859.00,834.04
"23336",622.53,622.53
"23337",425.98,425.98
"23338",1010.48,998.00
"23339",489.68,489.68
"23340",4188.71,4188.71
"23341",3165.60,3165.60
"23342",3301.32,3292.82
"23343",18203.32,17697.64
"23344",29908.10,29421.14
"23345",3018.00,3009.25
"23346",3253.93,3246.43
"23347",1154.85,1112.35
"23348",1904.46,1857.20
"23349",5234.81,5189.81
"23350",3735.76,3690.76
"23351",6057.28,5937.40
"23352",2957.39,2927.39
"23353",3951.28,3921.40
"23354",4107.87,4048.11
"23355",33135.05,32518.25
"23356",13713.89,13660.34
"23357",2132.10,2132.10
"23358",2330.61,2086.23
"23359",1898.12,1898.12
"23360",2424.50,2424.50
"23365",1934.71,1934.71
"23366",2126.95,2126.95
"23367",3179.10,3168.70
"23368",1962.70,1958.80
"23369",2108.83,2108.83
"23370",2659.34,2658.09
"23371",2834.34,2834.34
"23372",1980.36,1960.36
"23373",1385.12,1385.12
"23374",1981.58,1968.46
"23375",1141.44,1140.62
"23376",1774.36,1765.00
"23377",716.90,713.78
"23378",2409.57,2409.57
"23379",502.71,502.71
"23380",1155.23,1141.19
"23381",581.14,581.14
"23382",8557.32,8493.57
"23388",3709.83,3709.83
"23389",5314.53,5306.23
"23390",3179.03,3174.88
"23391",1802.34,1802.34
"23392",1784.78,1734.86
"23393",3554.57,3475.82
"23394",2285.30,2285.30
"23395",3958.43,3932.18
"23396",3222.83,3207.83
"23397",6125.40,6065.70
"23398",574.87,574.02
"23399",1951.47,1951.47
"23400",2571.32,2558.82
"23401",2554.23,2535.48
"23402",1266.64,1266.64
"23403",2427.91,2416.66
"23404",5014.94,4871.39
"23405",1494.91,1489.96
"23406",2696.78,2678.03
"23407",2992.14,2932.44
"23408",644.80,615.68
"23409",831.64,805.39
"23410",290.10,281.95
"23411",1220.67,1215.72
"23412",2440.46,2425.46
"23413",1075.22,1025.42
"23414",1409.49,1369.69
"23415",418.76,410.51
"23416",214.29,214.29
"23417",177.24,177.24
"23418",1265.12,1265.12
"23419",1192.40,1190.32
"23420",372.02,372.02
"23421",382.24,382.24
"23422",548.10,548.10
"23423",996.30,977.55
"23424",3052.29,3047.34
"23425",807.45,790.02
"23426",3702.08,3684.74
"23427",3085.26,3062.36
"23428",792.32,776.02
"23429",441.42,441.42
"23430",318.51,318.51
"23431",1229.33,1216.05
"23432",1131.52,1131.52
"23433",1213.99,1174.98
"23434",2143.84,2135.94
"23435",858.56,858.56
"23436",2483.13,2464.38
"23437",2445.01,2442.51
"23438",2276.34,2276.34
"23439",10136.92,10136.92
"23440",299.36,299.36
"23441",9.24,9.24
"23442",83.20,83.20
"23444",1200.00,1185.00
"23445",2191.47,2174.87
"23446",230.25,230.25
"23447",231.90,231.90
"23448",41.25,41.25
"23449",15.00,15.00
"23451",593.34,593.34
"23452",1052.62,1050.67
"23453",620.11,620.11
"23454",807.85,799.55
"23455",572.32,572.32
"23456",634.10,625.80
"23457",601.16,601.16
"23458",762.45,687.70
"23459",412.50,375.00
"23460",1007.08,957.33
"23461",3173.87,3157.27
"23462",1731.93,1381.83
"23463",159.40,159.40
"23464",119.20,119.20
"23465",264.26,264.26
"23466",597.81,589.56
"23467",164.49,164.49
"23468",156.75,156.75
"23469",1454.72,1438.12
"23470",1597.60,1526.90
"23471",637.58,637.58
"23472",1010.94,1010.94
"23473",573.21,573.21
"23474",295.41,295.41
"23475",251.96,251.96
"23476",281.94,281.94
"23477",140.69,140.69
"23478",341.62,341.62
"23479",925.11,925.11
"23480",7319.69,7251.59
"23481",296.13,296.13
"23482",670.89,670.89
"23483",1746.10,1704.86
"23484",611.04,611.04
"23485",5968.84,5561.44
"23486",4411.79,4212.14
"23487",837.16,747.61
"23489",2906.02,2906.02
"23490",2099.91,2088.66
"23491",1931.02,1922.77
"23492",660.26,660.26
"23493",10259.76,10248.36
"23494",6513.12,6126.37
"23495",373.32,373.32
"23496",199.04,199.04
"23497",3803.29,3785.89
"23498",2545.21,2545.21
"23499",649.98,649.98
"23500",2147.86,2147.86
"23501",2332.44,2332.44
"23502",953.84,953.84
"23503",5478.14,5475.64
"23504",3624.05,3624.05
"23505",2064.08,2064.08
"23506",1151.96,1151.96
"23507",1183.16,1183.16
"23508",1313.86,1313.02
"23509",469.72,469.72
"23510",1335.86,1335.86
"23511",1457.60,1447.20
"23512",1029.02,1029.02
"23513",1155.56,1143.08
"23514",1045.64,1033.16
"23515",1254.58,1254.58
"23516",1092.19,1092.19
"23517",1131.88,1131.88
"23518",1005.89,988.55
"23519",829.61,829.61
"23520",615.47,615.47
"23521",938.12,938.12
"23522",802.71,802.71
"23523",1196.19,1173.69
"23524",1673.28,1650.78
"23525",1949.75,1927.25
"23526",7695.98,7600.78
"23527",1462.15,1435.90
"23528",1627.60,1627.60
"23529",2071.67,2071.67
"23530",4631.29,4631.29
"23531",5757.16,5757.16
"23532",949.69,949.69
"23533",1060.94,1060.94
"23534",10896.92,10855.27
"23535",10981.87,10975.92
"23536",3610.23,3586.43
"23537",715.56,715.56
"23538",1385.16,1385.16
"23539",1326.19,1326.19
"23540",1003.58,1003.58
"23541",7493.13,7476.63
"23542",4157.64,4108.94
"23543",7152.05,7152.05
"23544",1015.78,1007.53
"23545",1027.70,1027.70
"23546",1365.00,1365.00
"23547",661.50,661.50
"23548",451.50,451.50
"23549",550.20,550.20
"23550",765.20,765.20
"23551",1050.22,1050.22
"23552",4427.10,4427.10
"23553",6644.45,6644.45
"23554",4880.41,4880.41
"23555",4830.49,4830.49
"23556",4961.97,4949.47
"23557",3992.69,3992.69
"23558",4803.54,4803.54
"23559",1835.54,1835.54
"23560",551.29,551.29
"23561",493.37,493.37
"23562",770.91,770.91
"23564",979.11,979.11
"23565",737.62,731.37
"23566",1394.34,1389.34
"23567",349.41,348.16
"23568",910.52,909.27
"23569",4938.02,4928.12
"23570",7568.74,7568.74
"23571",9512.92,9512.92
"23574",105.00,90.00
"23575",429.30,429.30
"23576",453.73,453.73
"23578",142.24,142.24
"23579",441.35,441.35
"23580",255.34,255.34
"23581",14665.62,14440.86
"23582",11904.60,11681.92
"23583",5743.41,5726.91
"23595",0.00,0.00
"23597",696.44,678.74
"23598",1256.06,1256.06
"23601",39.84,39.84
"23602",5.82,5.82
"23603",99.60,99.60
"23604",13.28,13.28
"23605",23.28,23.28
"23607",26.56,26.56
"23608",23.28,23.28
"23609",5.82,5.82
"23610",12.48,12.48
"23611",199.20,199.20
"23612",16.60,16.60
"23613",54.78,54.78
"23614",173.16,173.16
"23615",19.92,19.92
"23616",39.84,39.84
"23617",11.64,11.64
"23619",19.92,19.92
"23620",49.80,49.80
"23621",29.88,29.88
"23623",46.56,46.56
"23624",19.92,19.92
"23625",89.82,89.82
"23626",214.14,214.14
"23627",34.86,34.86
"23628",5.82,5.82
"23629",119.52,119.52
"23630",7.97,4.98
"23632",62.40,62.40
"23633",14.94,14.94
"23634",29.10,29.10
"23635",24.96,24.96
"23636",52.38,52.38
"23637",54.78,54.78
"23638",11.64,11.64
"23639",26.64,26.64
"23640",44.82,44.82
"23643",6.66,6.66
"23644",33.30,33.30
"23645",44.82,44.82
"23646",39.84,39.84
"23649",9.96,9.96
"23650",19.92,19.92
"23652",11.64,11.64
"23654",24.90,24.90
"23660",585.87,559.47
"23661",450.58,417.58
"23664",1.65,1.65
"23681",2617.53,2617.53
"23691",481.50,481.50
"23692",21.00,21.00
"23694",188.32,188.32
"23695",339.86,339.86
"23697",209.52,209.52
"23702",27.00,27.00
"30086C",3.40,3.40
"35001B",62.82,56.92
"35001G",2787.52,2750.23
"35001P",6.98,3.49
"35001W",3459.14,3392.33
"35004B",8681.50,8316.85
"35004C",18859.05,18432.25
"35004G",1560.81,1538.22
"35004P",948.78,948.78
"35004S",648.40,591.88
"35015",144.32,144.32
"35051B",5.88,5.88
"35071",61.48,61.48
"35085E",44.25,44.25
"35095A",845.55,845.55
"35095B",873.41,873.41
"35096A",316.51,316.51
"35096B",110.35,110.35
"35160",1594.04,1594.04
"35233",37.50,37.50
"35240",424.50,424.50
"35241",1981.59,1922.19
"35265",81.95,81.95
"35271S",87.76,87.76
"35400",17288.10,16508.65
"35443",14.45,14.45
"35471A",649.42,618.17
"35471D",2123.72,2121.22
"35537",5.46,5.46
"35591T",21.25,21.25
"35594",148.16,138.08
"35596",24.65,24.65
"35597A",12.50,12.50
"35597B",425.70,425.70
"35597D",25.28,25.28
"35598A",29.50,29.50
"35598B",956.45,956.45
"35598C",8.85,8.85
"35598D",1525.28,1524.63
"35599B",1121.05,1121.05
"35599D",1866.38,1848.68
"35600A",0.00,0.00
"35600D",519.40,519.40
"35603B",21.84,-28.56
"35603C",49.56,49.56
"35605A",0.00,0.00
"35607A",133.31,133.31
"35607B",65.70,65.70
"35609A",184.27,184.27
"35610A",118.04,118.04
"35610B",144.07,144.07
"35610C",89.21,89.21
"35611B",69.10,69.10
"35633B",24.70,24.70
"35637A",1639.15,1633.20
"35637C",388.93,388.93
"35638A",88.05,88.05
"35638B",358.33,358.33
"35644",40.95,40.95
"35645",386.87,386.87
"35646",1333.00,1333.00
"35647",843.98,843.98
"35648",1604.85,1584.10
"35649",1529.98,1529.98
"35650",14.85,14.85
"35651",1502.49,1482.69
"35652",21.50,21.50
"35653",1425.21,1425.21
"35654",59.40,59.40
"35751C",12.61,12.61
"35751D",5.32,5.32
"35793",258.61,258.61
"35809A",2118.83,2118.83
"35809B",292.60,292.60
"35810A",1927.12,1925.02
"35810B",589.39,578.60
"35811A",944.36,940.16
"35815B",52.54,52.54
"35815P",75.88,75.88
"35816B",63.21,63.21
"35816P",149.98,149.98
"35817B",66.47,66.47
"35817P",226.82,226.82
"35818B",191.72,191.72
"35818C",6.86,6.86
"35818P",275.68,275.68
"35819B",202.41,202.41
"35819P",66.55,66.55
"35821B",57.00,57.00
"35821P",5.90,5.90
"35822B",87.02,87.02
"35822P",43.32,43.32
"35823P",5.90,5.90
"35824B",206.22,206.22
"35824C",117.05,117.05
"35824P",136.44,136.44
"35832",5687.85,5674.30
"35833G",243.32,243.32
"35833P",442.59,442.59
"35837",1.70,1.70
"35838A",192.05,192.05
"35838B",87.55,87.55
"35840",163.26,162.41
"35909A",59.00,59.00
"35909B",47.20,47.20
"35910A",105.30,105.30
"35910B",69.49,69.49
"35911A",623.73,623.73
"35911B",249.82,249.82
"35912B",384.77,384.77
"35913B",102.33,102.33
"35914",426.91,426.91
"35915A",365.76,365.76
"35915B",820.80,820.80
"35915C",1055.88,1055.88
"35916A",180.73,180.73
"35916B",207.89,207.89
"35916C",262.85,262.85
"35918B",12.50,11.25
"35920",317.43,317.43
"35921",468.14,466.89
"35922",789.78,769.98
"35923",1180.83,1176.69
"35924",4544.40,4196.72
"35930",0.38,0.38
"35931",78.12,78.12
"35932",15.63,15.63
"35933",144.20,144.20
"35936",13.68,13.68
"35937",71.44,71.44
"35945",1.95,1.95
"35950",1.25,1.25
"35951",764.47,764.47
"35953",2378.28,2348.28
"35954",1079.17,1079.17
"35955",34.62,34.62
"35957",1703.46,1683.54
"35958",1034.26,1034.26
"35961",10799.89,10799.04
"35962",1611.56,1609.46
"35963",38.38,38.38
"35964",891.99,891.99
"35965",2133.89,2114.93
"35966",129.96,129.96
"35967",666.94,666.56
"35968",462.64,453.14
"35969",708.20,708.20
"35970",17338.89,17216.03
"35971",2262.03,2240.78
"35972",736.51,736.51
"35973",63.75,63.75
"35974",3.75,3.75
"35976B",1.25,-13.75
"35978",0.00,0.00
"35979",377.21,341.81
"35980B",1.52,1.52
"35980C",152.78,136.06
"35981C",329.10,329.10
"35991",262.25,262.25
"35995",4.20,4.20
"35999",2.55,2.55
"37112",41.25,41.25
"37326",7.97,7.97
"37327",1343.79,1342.23
"37330",982.28,959.18
"37333",1064.80,1064.80
"37340",5223.35,4722.13
"37342",2214.31,2168.63
"37343",2125.78,2125.78
"37345",586.00,586.00
"37348",38.25,30.60
"37351",653.31,653.31
"37352",504.55,504.55
"37370",13745.08,13687.66
"37379A",280.90,279.65
"37379B",181.50,181.50
"37399",75.00,75.00
"37408",6.25,6.25
"37409",5.95,5.95
"37410",3557.73,3550.23
"37413",285.27,285.27
"37422",442.48,442.48
"37423",971.53,676.33
"37424",1293.95,1019.39
"37432",3.90,3.90
"37438",3.75,3.75
"37441",1972.20,1970.10
"37444A",693.70,520.71
"37444B",480.76,352.84
"37444C",1005.96,906.12
"37446",5987.10,5865.40
"37447",5204.73,5095.57
"37448",7346.40,7248.54
"37449",24462.02,22227.87
"37450",7647.73,7454.53
"37451",4.95,-3.55
"37461",859.38,858.13
"37462B",124.58,124.16
"37462E",65.97,60.93
"37464",532.29,532.29
"37467",525.58,525.58
"37468",55.05,55.05
"37471",245.30,176.90
"37474",742.52,742.52
"37475",1429.62,1429.62
"37476",3600.92,3600.92
"37477B",41.25,37.50
"37477C",22.50,22.50
"37479B",1180.22,1180.22
"37479P",249.81,249.81
"37481",15.30,15.30
"37482B",1196.57,1196.57
"37482P",1260.30,1260.30
"37483",232.89,230.34
"37484",6.75,6.75
"37485",207.69,207.69
"37487B",19.72,19.72
"37488A",19.77,16.82
"37489A",59.19,59.19
"37489B",30.42,30.42
"37489C",34.57,34.57
"37489D",28.86,28.86
"37491A",85.05,85.05
"37491B",43.66,43.66
"37491C",308.64,308.64
"37491D",103.46,103.46
"37492A",225.59,220.94
"37492B",956.24,908.54
"37492C",481.95,477.30
"37492D",701.63,688.43
"37494A",1112.00,1097.25
"37495",6128.20,5635.00
"37500",7448.15,7308.28
"37501",3796.10,3691.85
"37502",2898.68,2895.73
"37503",27071.86,26556.41
"37506",214.20,214.20
"37508",237.29,237.29
"37509",71.40,68.85
"40001",2263.74,2234.94
"40002",66.30,61.20
"40003",1318.79,1301.69
"40005B",28.05,28.05
"40016",6013.50,6013.50
"40018E",1043.54,1043.54
"40018F",2200.22,2176.82
"40046A",556.57,556.57
"40046C",3.75,3.75
"44089A",17.22,17.22
"44089C",28.56,28.56
"44091A",7.56,7.56
"44091C",41.16,41.16
"44092B",12.75,12.75
"44092C",21.25,21.25
"44217M",236.40,0.00
"44228",40.80,40.80
"44230",5329.06,5251.15
"44234",298.90,298.48
"44235",303.84,303.84
"44236",112.32,112.32
"44241C",61.20,61.20
"44242A",11.98,11.98
"44242B",125.28,125.28
"44265",34.00,34.00
"45008C",1042.54,1042.54
"45013",132.00,132.00
"45014",4.65,4.65
"45016",598.71,553.71
"46000M",3950.95,3918.40
"46000P",909.50,896.75
"46000R",358.15,358.15
"46000S",5061.95,4960.45
"46000U",313.75,313.75
"46037A",7.50,7.50
"46115B",54.34,54.34
"46118",751.76,751.76
"46126A",468.73,468.73
"46137D",138.65,138.65
"46138B",238.23,227.18
"46138D",1.95,1.95
"46307",472.26,472.26
"46775A",2003.71,1986.76
"46775B",84.75,84.75
"46775D",2994.98,2893.33
"46775E",2311.55,2311.55
"46776A",2244.46,2244.46
"46776B",2363.62,2363.62
"46776C",1571.70,1571.70
"46776D",1202.29,1178.43
"46776E",1138.51,1138.51
"46776F",3046.28,3046.28
"47013A",39.87,39.87
"47013C",47.99,46.55
"47016",65.10,65.10
"47021G",712.27,712.27
"47310M",1336.55,1336.55
"47341A",46.25,46.25
"47341B",67.50,67.50
"47343A",206.26,206.26
"47344B",56.16,56.16
"47347B",190.04,190.04
"47348A",62.01,62.01
"47351B",269.90,147.50
"47367B",1142.05,1138.30
"47369A",215.90,215.90
"47369B",238.62,238.62
"47420",68.78,68.78
"47421",583.62,570.18
"47422",500.76,480.18
"47469",676.18,644.98
"47471",365.21,365.21
"47480",2986.28,2961.53
"47481",286.68,286.68
"47502",7404.35,7003.65
"47503A",1414.41,1389.33
"47503E",1204.40,1204.40
"47503F",729.95,728.30
"47503G",445.53,445.53
"47503H",300.71,298.76
"47503J",3412.50,3261.45
"47503K",1485.13,1480.38
"47504E",992.32,992.32
"47504F",199.82,199.82
"47504G",418.18,416.93
"47504H",1285.31,1280.31
"47504J",110.65,78.85
"47504K",3422.52,3393.54
"47505",3723.14,3631.14
"47518F",237.48,237.48
"47552A",23.40,20.10
"47554",2.55,2.55
"47556",2.55,2.55
"47556B",14065.97,13663.37
"47559B",7668.43,7600.93
"47562",390.00,375.80
"47563A",1325.74,1320.74
"47563B",30.00,30.00
"47566",193353.18,192070.08
"47566B",30874.20,26383.70
"47567B",12122.66,12046.61
"47568",5487.26,5442.29
"47569",2.55,0.00
"47570",2649.47,2649.47
"47570B",10730.46,10709.16
"47574A",1143.46,1141.96
"47574B",208.25,208.25
"47578A",321.76,321.76
"47579",484.74,482.64
"47580",4945.29,4891.74
"47581B",1086.79,1074.04
"47583A",663.84,613.94
"47583B",332.60,332.60
"47585A",3452.01,3433.26
"47586A",278.21,278.21
"47587A",1150.12,286.12
"47589",1210.86,1150.91
"47590A",24838.59,23950.79
"47590B",30427.32,30134.27
"47591A",377.38,365.83
"47591B",2422.35,2422.35
"47591C",2258.09,2258.09
"47591D",20696.82,20673.42
"47592A",867.34,867.34
"47592B",165.10,165.10
"47593A",407.74,407.74
"47593B",1765.55,1765.55
"47594A",819.02,774.17
"47594B",1006.43,961.58
"47597",973.56,973.56
"47598",112.24,112.24
"47599A",11519.66,11272.30
"47599B",6848.54,6504.58
"48103",201.73,201.73
"48111",28525.53,28423.13
"48116",22613.35,22589.20
"48129",20465.06,20305.91
"48138",69750.67,69391.26
"48173A",6.75,6.75
"48173C",25971.68,25907.80
"48175",164.08,164.08
"48179",297.69,297.69
"48184",32643.03,32556.96
"48185",51983.00,47304.32
"48187",48828.51,48752.05
"48188",30264.43,30179.08
"48189",9906.82,9839.32
"48194",52668.66,52496.49
"48195",1846.87,1819.87
"48197",7373.33,7373.33
"49031B",0.00,0.00
"51008",8506.45,7452.40
"51012C",215.00,211.25
"51012L",12.50,11.25
"51014A",5325.24,5159.49
"51014C",3183.19,3038.29
"51014L",2430.14,2262.26
"51020A",464.56,463.98
"51020B",488.12,487.54
"62018",12487.90,12487.90
"62043B",75.16,74.33
"62074B",17.64,17.64
"62086A",226.20,226.20
"62094B",950.93,950.93
"62095B",317.57,317.57
"62096A",746.13,746.13
"62096B",605.23,605.23
"62097A",14.75,14.75
"62097B",13.37,13.37
"70006",4783.62,4781.18
"70007",2254.27,2234.47
"71028B",265.07,265.07
"71038",3789.25,3718.40
"71050",17.85,17.85
"71053",22304.73,22056.21
"71101A",5.10,5.10
"71101E",626.13,623.58
"71143",962.60,960.90
"71215",68.10,68.10
"71270",649.59,649.59
"71279",1213.37,1177.97
"71403",937.45,931.55
"71406C",93.32,93.32
"71434B",7.65,7.65
"71459",28804.26,28546.98
"71477",46064.28,38900.16
"71495A",97.98,97.56
"71495B",116.58,116.58
"71496A",171.58,171.58
"71496B",8.67,8.67
"71510",112.05,112.05
"72008",1592.38,1571.80
"72023F",712.19,712.19
"72024U",46.62,46.62
"72038B",0.00,0.00
"72038P",116.50,106.00
"72045D",931.46,79.70
"72051S",322.56,322.56
"72083A",50.40,50.40
"72084B",3.90,3.90
"72122",682.21,682.21
"72127",462.24,460.99
"72128",487.02,487.02
"72129",50.77,50.77
"72130",321.13,321.13
"72131",696.18,664.98
"72132",464.10,464.10
"72133",142.39,142.39
"72134",160.54,160.54
"72140E",160.08,159.23
"72140F",69.18,69.18
"72225C",478.67,464.75
"72225D",220.04,220.04
"72232",1190.92,1190.92
"72267",580.98,580.98
"72349B",6062.76,6037.56
"72351A",8011.55,7944.52
"72351B",11590.14,11368.54
"72369A",136.33,136.33
"72484",1024.55,1024.55
"72487",358.48,358.48
"72529W",1017.02,891.96
"72586",1097.88,1082.76
"72598",1476.38,1457.68
"72606A",94.92,94.92
"72708",9.24,9.24
"72709",62.90,62.90
"72715",39.48,39.48
"72724",47.50,47.50
"72728",547.80,547.80
"72732",0.00,0.00
"72739B",412.43,412.43
"72739C",338.41,307.16
"72740A",187.76,187.76
"72740B",10.12,10.12
"72741",28583.52,28494.22
"72750A",766.85,762.95
"72750B",1053.15,1010.05
"72750C",476.40,476.40
"72750D",226.50,226.50
"72751A",5.95,5.95
"72751B",5.95,5.95
"72751C",5.95,5.95
"72752A",4.25,4.25
"72752B",12.75,12.75
"72753A",713.58,713.58
"72753B",965.51,965.51
"72753C",115.46,115.46
"72753D",302.40,268.80
"72754A",201.24,201.24
"72754B",137.54,137.54
"72754D",1.69,1.69
"72755C",784.00,770.25
"72755D",693.25,693.25
"72756",5486.30,5449.05
"72759",0.00,0.00
"72760B",17645.44,17475.10
"72771B",65.50,65.50
"72771C",63.58,63.58
"72772",639.18,639.18
"72779",81.12,81.12
"72780",419.03,408.83
"72781",231.60,219.00
"72783",96.60,96.60
"72785A",16.80,16.80
"72785B",10.90,10.90
"72789",469.31,431.81
"72793",268.75,262.80
"72796A",18.15,18.15
"72796B",46.20,46.20
"72796C",1.65,1.65
"72798C",66.62,66.62
"72799A",877.80,877.80
"72799B",522.07,522.07
"72799C",895.92,895.92
"72799D",339.19,339.19
"72799E",2958.44,2940.74
"72799F",2318.53,2318.53
"72800A",809.81,809.81
"72800B",1398.28,1393.18
"72800C",995.30,995.30
"72800D",1086.12,1083.57
"72800E",3027.44,3017.96
"72800F",1090.66,1090.66
"72801C",876.05,861.05
"72801D",1035.74,1035.74
"72801E",442.40,442.40
"72801F",292.50,292.50
"72801G",886.42,886.42
"72802A",4040.46,3787.37
"72802B",4655.06,3770.08
"72802C",6386.36,5802.30
"72803A",1608.81,1591.81
"72803B",458.70,450.20
"72805",16.90,16.90
"72807A",5256.35,5184.10
"72807B",5849.11,5687.61
"72807C",10637.39,10071.01
"72811",352.13,352.13
"72812",400.94,400.94
"72814",1002.99,995.49
"72815",1191.72,1161.72
"72816",2049.72,2019.72
"72817",2149.47,2119.47
"72818",1359.95,1334.03
"72819",1332.92,1332.92
"72821",100.65,95.70
"75011",172.51,172.51
"75013B",768.19,765.49
"75049L",14134.10,13325.35
"75131",1559.80,1559.80
"75149N",340.00,340.00
"75172",100.31,100.31
"75178",312.67,312.67
"77079",139.92,139.92
"77081",361.25,360.00
"77101A",1331.46,1331.46
"78026",169.90,169.90
"78027",148.40,148.40
"78033",388.45,370.60
"78034B",29.25,29.25
"78056",39.80,22.80
"78124",996.72,996.72
"79000",11112.21,10940.31
"79026B",135.39,135.39
"79029",5874.49,5825.14
"79030A",627.35,627.35
"79030D",884.39,884.00
"79030G",1767.06,1767.06
"79051A",440.93,440.93
"79062D",19.40,19.40
"79063C",43.65,43.65
"79063D",35.56,35.56
"79065A",39.80,29.85
"79066K",1455.06,1444.86
"79067",7616.70,7554.00
"79070B",22.52,22.52
"79071B",466.20,466.20
"79072",3997.90,3848.65
"79140",6.30,6.30
"79144B",256.88,256.88
"79144C",292.06,292.06
"79149B",12.18,12.18
"79151B",4.62,4.62
"79157B",4.25,4.25
"79157V",4.25,4.25
"79160",2415.96,2371.86
"79161A",150.45,150.45
"79163",1379.49,1374.33
"79164",3818.26,3781.66
"79172D",20.40,20.40
"79190A",429.88,414.40
"79190B",682.78,676.06
"79190D",351.66,349.56
"79191B",443.07,415.87
"79191C",1383.14,1137.49
"79191D",198.49,184.97
"79192A",172.78,162.78
"79301",2.95,-20.00
"79302M",2015.95,2013.00
"79303A",5.90,5.90
"79303B",375.29,375.29
"79303D",356.10,350.20
"79308B",122.40,122.40
"79315W",659.57,659.57
"79320",4774.06,4696.96
"79321",91997.46,91356.76
"79323B",1709.95,98.75
"79323G",2198.76,1154.56
"79323GR",3318.52,2150.02
"79323LP",8651.38,5948.58
"79323P",14377.76,10356.41
"79323S",2235.39,1251.84
"79323W",18712.64,12257.79
"79328",286.14,284.62
"79329",65.94,65.94
"79331",73.60,73.60
"79336",396.73,396.73
"79337",512.11,509.83
"79338",272.59,272.59
"79341",4726.13,2206.53
"79342B",988.09,892.04
"79403",230.59,218.69
"79406",77.34,77.34
"79413",37.50,37.50
"79532",121.25,120.00
"79534",63.80,63.80
"81950B",151.84,150.99
"81950V",18.80,18.80
"81952B",94.52,94.52
"81952V",181.49,181.49
"81953B",4.64,4.64
"81953P",9.57,9.57
"81985A",58.65,58.65
"82001S",13141.70,13101.17
"82011A",361.91,358.16
"82011B",409.80,409.80
"82011C",866.11,866.11
"82011E",7.50,7.50
"82069",183.45,183.45
"82072",6.25,6.25
"82076",468.53,468.53
"82081",566.45,566.45
"82093",416.98,416.98
"82095",903.47,903.47
"82482",46664.10,45595.95
"82483",30054.52,28370.67
"82484",58966.10,58641.10
"82486",39616.78,38761.63
"82494L",54025.01,52576.76
"82545A",38.75,38.75
"82551",8760.69,8752.99
"82552",9974.31,9965.56
"82553",333.56,333.56
"82567",3157.05,3154.95
"82578",3379.13,3371.98
"82580",8233.18,8103.14
"82581",4960.03,4921.37
"82582",15658.86,15417.48
"82583",32953.86,32749.77
"82585",317.17,302.17
"82587",190.62,175.62
"82597",2806.58,2800.69
"82599",6263.58,6256.82
"82600",26851.56,26767.76
"82605",732.34,732.34
"82607A",1162.71,1140.21
"82607C",238.72,238.72
"82607E",126.25,125.00
"82613A",789.90,787.40
"82613B",1476.12,1466.47
"82613C",1263.28,1252.38
"82613D",1814.12,1805.72
"82615",1681.69,1670.69
"82616A",672.12,672.12
"82616B",1160.17,1143.02
"82616C",1256.98,1253.23
"84006",2069.39,2065.14
"84007",438.64,438.64
"84012",2740.19,2638.19
"84016",7193.58,7115.66
"84029C",882.89,882.89
"84029D",214.66,214.66
"84029E",54112.01,53604.31
"84029G",38228.84,38009.14
"84030B",35.67,35.67
"84030C",586.56,556.56
"84030E",11851.19,11795.94
"84031A",6617.98,6546.43
"84031B",4839.28,4775.08
"84032A",12502.94,12387.89
"84032B",9656.90,9488.00
"84033",842.11,815.71
"84050",15733.37,15626.07
"84051",673.91,673.91
"84077",24793.19,24424.55
"84078A",51430.27,46242.62
"84081",441.02,436.77
"84086B",70.80,67.85
"84086C",1209.00,1209.00
"84192",271.10,271.10
"84199",137.37,134.85
"84201B",9.50,9.50
"84201C",1.90,1.90
"84205C",0.38,0.38
"84206A",15.01,15.01
"84206B",1.71,1.71
"84206C",1.90,1.90
"84212",12163.21,12116.41
"84218",527.32,525.37
"84219",386.92,386.92
"84226",60.01,60.01
"84227",47.04,47.04
"84228",182.90,182.48
"84231",199.82,199.82
"84247C",212.40,212.40
"84247E",1253.45,927.50
"84247G",650.94,650.94
"84247H",115.01,82.56
"84247J",19.66,19.66
"84247K",260.46,228.01
"84247L",539.46,534.42
"84247N",311.76,214.41
"84249A",124.84,124.84
"84249D",359.14,349.06
"84250M",29.52,29.52
"84251B",125.79,123.51
"84251C",128.28,128.28
"84251F",108.66,108.66
"84251G",186.72,186.72
"84251J",48.88,48.88
"84255A",4.20,4.20
"84255B",254.32,254.32
"84270",5026.50,4733.10
"84279B",3333.69,3269.94
"84279P",5122.07,4958.51
"84288B",126.75,122.85
"84292",438.06,430.11
"84292B",59.75,59.75
"84306",731.71,731.71
"84311",18.15,18.15
"84313A",280.34,280.34
"84313B",1814.34,1814.34
"84313C",1823.63,1823.63
"84327A",1851.82,1845.06
"84340",112.44,112.44
"84341B",1019.33,1019.33
"84347",86720.63,86362.13
"84352",3779.06,3660.41
"84356",4387.08,4345.38
"84358",1285.33,1285.33
"84360",1022.23,1022.23
"84366",15.00,15.00
"84367",130.05,130.05
"84371",300.50,300.50
"84375",16947.39,16826.49
"84378",16914.04,16797.98
"84380",16334.03,16067.64
"84387A",21.45,21.45
"84388",89.04,85.74
"84396",1689.44,1689.44
"84402B",51.14,51.14
"84402D",371.01,371.01
"84405A",1184.02,1171.27
"84406B",24931.90,24268.80
"84414B",575.33,575.33
"84415A",120.00,120.00
"84415B",140.00,140.00
"84422",481.59,462.02
"84424A",86.25,86.25
"84425A",85.20,85.20
"84427B",72.25,72.25
"84429A",472.16,472.16
"84437A",92.65,92.65
"84447",100.64,100.64
"84450A",29.04,27.36
"84450B",139.70,139.70
"84452",222.72,209.12
"84454",98.81,98.81
"84455",89.62,89.62
"84456",38.25,28.05
"84457",343.26,343.26
"84458",106.25,106.25
"84459A",2500.68,2357.64
"84459B",2780.49,2744.73
"84461",278.08,250.03
"84462",117.37,117.37
"84464",179.10,179.10
"84465",107.47,107.47
"84466",1465.02,1073.17
"84467",30564.22,30484.32
"84469",2408.14,2408.14
"84472",5354.24,5194.34
"84482",319.79,282.29
"84493",111.12,65.76
"84497",436.76,436.76
"84499",324.68,324.68
"84507B",1905.21,1894.16
"84507C",675.13,654.73
"84508A",8109.21,8087.31
"84508B",502.07,486.77
"84508C",314.84,312.29
"84509A",9260.17,9211.42
"84509B",2970.09,2955.09
"84509C",2482.54,2482.54
"84509E",489.89,489.89
"84509F",2494.20,2494.20
"84509G",2283.99,2283.99
"84510A",4209.14,4182.89
"84510B",1680.60,1678.10
"84510C",802.28,802.28
"84510E",237.92,237.92
"84510F",450.50,448.00
"84519A",3088.01,3088.01
"84519B",2261.95,2259.00
"84520B",8061.30,8051.10
"84520D",772.95,762.75
"84522",325.22,325.22
"84526",2843.48,2843.48
"84527",160.97,160.97
"84529A",419.56,419.56
"84529B",104.45,104.45
"84529C",606.73,606.73
"84531A",187.01,187.01
"84531B",172.41,172.41
"84532B",609.06,609.06
"84533B",462.06,462.06
"84534B",953.17,929.37
"84535A",393.71,393.71
"84535B",1924.55,1862.80
"84536A",2737.82,2721.86
"84536B",1986.26,1964.42
"84537B",49.14,49.14
"84539",127.05,127.05
"84546",34.65,34.65
"84548",90.75,90.75
"84549",173.74,173.74
"84550",29.70,29.70
"84551",89.10,89.10
"84555A",136.80,136.80
"84558A",4061.11,3987.36
"84559A",1584.11,1584.11
"84559B",1269.18,1265.78
"84559D",136.93,136.93
"84562A",1683.27,1675.32
"84562B",157.53,157.53
"84563A",975.90,975.90
"84563B",809.88,809.88
"84564",207.86,207.86
"84567",14.85,14.85
"84568",9177.77,8996.12
"84569A",841.13,839.88
"84569B",605.61,604.36
"84569C",731.11,714.86
"84569D",1573.91,1572.66
"84570B",19.80,19.80
"84572",8.49,8.49
"84575A",98.80,92.85
"84575B",23.80,23.80
"84576",410.08,410.08
"84578",1114.14,1114.14
"84580",4875.08,4860.08
"84581",2189.85,2189.85
"84582",72.25,72.25
"84584",865.65,865.65
"84586L",44.25,44.25
"84592",591.95,591.95
"84593",73.75,73.75
"84595B",412.65,412.65
"84595E",794.04,787.46
"84596B",4894.95,4848.23
"84596E",1561.02,1521.02
"84596F",3863.18,3856.46
"84596G",1748.39,1748.39
"84596I",83.13,83.13
"84596J",789.49,781.99
"84596K",666.68,665.43
"84596L",1311.90,1311.90
"84597B",284.59,280.84
"84597C",481.16,476.16
"84598",5157.67,5036.71
"84599",272.60,272.60
"84600",1119.24,1096.39
"84601A",668.98,481.48
"84608",47.70,31.80
"84609",1526.98,1509.98
"84611B",41.65,23.80
"84612B",51.00,51.00
"84613A",102.30,97.65
"84613C",258.06,258.06
"84614A",172.31,160.41
"84614C",17.85,17.85
"84615",829.13,587.45
"84616",1647.49,1527.69
"84617",140.25,140.25
"84619",1801.77,1801.77
"84620",832.77,832.77
"84621",279.87,279.87
"84622",180.25,174.30
"84623",359.53,359.53
"84625A",1487.30,1422.50
"84625B",279.00,268.80
"84625C",1177.35,1073.75
"84625D",852.43,794.58
"84626",45.95,45.95
"84627",297.50,249.90
"84629",237.80,232.85
"84630",15.90,15.90
"84631",1496.97,1473.12
"84632",919.20,859.25
"84637",2041.73,2041.73
"84638",1488.90,1488.90
"84641",0.00,0.00
"84648",12.75,12.75
"84653",1047.46,1047.46
"84656",142.80,142.80
"84657",538.71,538.71
"84658",1338.54,1338.54
"84659A",2173.36,2165.71
"84660A",1001.52,996.98
"84660B",1100.67,1100.67
"84660C",1665.85,1665.85
"84661A",409.48,409.48
"84661B",696.07,696.07
"84661C",255.19,255.19
"84663A",902.99,887.93
"84664",960.30,935.55
"84665",1364.70,1210.00
"84666",892.70,892.70
"84670",2212.40,2134.28
"84671B",363.64,363.64
"84673A",355.67,355.02
"84673B",483.16,482.51
"84674",1258.06,1237.41
"84675",675.77,652.17
"84676",2188.40,2055.85
"84678",1227.01,1204.11
"84679",103.30,97.35
"84680",372.30,356.40
"84682",665.03,647.33
"84683",584.65,583.40
"84684",858.30,807.30
"84685",1946.09,1937.34
"84686",1401.04,1357.64
"84687",1454.72,1417.07
"84688",1602.04,1446.99
"84689",814.15,764.60
"84690",222.60,206.70
"84691",2414.60,2358.50
"84692",11708.97,11611.53
"84705A",65.10,65.10
"84705B",136.51,136.51
"84705C",241.06,241.06
"84705D",149.30,149.30
"84705F",37.20,37.20
"84706A",344.56,344.56
"84706B",207.41,189.51
"84706C",170.80,170.80
"84706D",523.18,521.23
"84706F",217.25,208.30
"84707A",1402.27,1402.27
"84707B",879.38,839.58
"84708B",847.48,847.48
"84709A",148.75,148.75
"84709B",1399.71,1393.76
"84711A",473.45,473.45
"84711B",516.42,516.42
"84712B",1004.85,1004.85
"84715",785.38,785.38
"84720",147.05,147.05
"84721",87.80,87.80
"84723",201.30,153.60
"84725",220.75,220.75
"84726",394.85,394.85
"84731",3.69,3.69
"84732B",18.48,18.48
"84732D",10.89,10.89
"84741C",393.28,393.28
"84743C",11.25,11.25
"84744",193.79,193.79
"84745A",30.24,30.24
"84745B",34.86,34.86
"84746",99.12,99.12
"84748",2330.44,2330.44
"84750A",1564.41,1489.11
"84750B",1327.40,1319.21
"84751B",115.86,107.57
"84753A",112.09,112.09
"84754",2931.12,2775.98
"84755",26811.75,26391.85
"84757",74.75,74.75
"84760L",896.00,896.00
"84760S",434.77,434.77
"84761",923.75,903.35
"84762A",559.96,465.51
"84762B",1101.24,1101.24
"84762C",991.20,991.20
"84763",2027.73,2027.73
"84765",191.21,165.71
"84766",638.00,594.80
"84767",828.74,828.74
"84770",419.25,283.55
"84773",569.35,563.45
"84782A",840.45,763.95
"84782B",127.50,127.50
"84782C",509.90,459.80
"84789",1652.78,1622.78
"84791",1308.66,1290.96
"84792",10912.69,10637.59
"84795A",1933.74,1933.74
"84795B",3257.77,3257.77
"84795C",3251.88,3243.93
"84795D",1690.53,1683.58
"84795E",79.50,79.50
"84796A",3757.96,3757.96
"84796B",8388.52,8388.52
"84797A",5236.63,5236.63
"84797B",2501.14,2467.24
"84798A",455.40,424.80
"84798B",503.10,482.70
"84798C",40.80,40.80
"84799",542.53,507.37
"84800L",977.15,936.59
"84800M",358.91,353.84
"84800S",292.04,289.54
"84801A",427.44,427.44
"84801B",370.20,370.20
"84802A",336.31,336.31
"84802B",399.93,399.93
"84803A",194.35,189.28
"84803B",74.36,54.08
"84804A",405.23,405.23
"84804B",501.97,499.02
"84805A",220.35,220.35
"84805B",555.15,555.15
"84806A",261.91,261.91
"84806B",592.67,592.67
"84807",215.93,215.93
"84809A",510.54,502.14
"84809B",351.60,351.60
"84813",3879.05,3875.10
"84814A",1.95,1.95
"84814B",15.60,15.60
"84815",1345.14,1345.14
"84816",1358.25,996.65
"84817",954.24,866.40
"84818",2641.89,2509.84
"84819",1376.73,1359.73
"84820",970.59,934.89
"84821",762.50,752.30
"84823",1210.00,1170.05
"84824",839.35,823.40
"84826",871.63,769.63
"84827",491.09,491.09
"84828",3803.55,3758.55
"84830",1195.15,1144.30
"84832",7142.18,7131.98
"84836",25247.23,25119.73
"84837",3504.83,3504.83
"84838",321.00,321.00
"84839",9292.40,9213.80
"84840",2666.94,2641.44
"84842",813.25,575.65
"84843",2086.07,2074.17
"84845A",1.25,1.25
"84845C",52.50,48.75
"84845D",51.25,51.25
"84846A",647.90,647.90
"84847",1256.45,888.17
"84849A",966.36,927.49
"84849B",3555.29,3533.32
"84849D",2751.76,2711.20
"84854",2856.94,2852.69
"84855",239.95,239.95
"84856L",1807.11,1807.11
"84856S",1951.93,1948.12
"84857A",68.00,68.00
"84857B",46.80,42.90
"84857C",487.51,485.56
"84858A",140.96,140.96
"84858B",431.00,431.00
"84858C",646.44,646.44
"84859A",666.30,666.30
"84859B",449.49,449.49
"84859C",562.80,562.80
"84864A",108.42,108.42
"84865",829.19,829.19
"84867A",146.53,146.53
"84867B",54.28,54.28
"84868A",13.90,13.90
"84868B",34.75,20.85
"84869",775.83,775.83
"84870B",442.72,435.22
"84870C",458.22,458.22
"84872A",5121.37,5121.37
"84873A",2633.32,2633.32
"84874B",154.82,154.82
"84875A",63.75,63.75
"84875B",545.77,545.77
"84875D",483.75,483.75
"84876B",552.87,552.87
"84876C",26.25,22.50
"84876D",653.54,606.04
"84877A",228.82,228.82
"84877B",712.61,710.11
"84877D",569.95,569.95
"84879",134297.12,133468.97
"84880",10562.18,10483.28
"84881",368.38,362.03
"84882",372.61,372.61
"84884A",7500.68,7496.73
"84886",129.35,129.35
"84891B",119.25,119.25
"84893",186.35,186.35
"84898F",382.10,382.10
"84899E",90.36,89.11
"84899F",276.84,276.84
"84901",576.92,576.92
"84902",437.32,437.32
"84905",1623.57,1623.57
"84906",337.84,335.89
"84907",1178.29,1132.39
"84908A",1320.67,1313.72
"84908B",1348.83,1348.83
"84909A",2810.30,2810.30
"84910A",1402.58,1325.23
"84912A",3732.75,3732.75
"84912B",3932.78,3932.78
"84913A",3911.58,3911.58
"84913B",2702.98,2698.33
"84914A",233.55,233.55
"84915",583.62,583.62
"84916",778.36,778.36
"84917",894.21,894.21
"84918",1564.89,1550.99
"84919",1832.68,1067.58
"84920",1073.41,1073.41
"84921",101.25,101.25
"84922",867.69,867.69
"84923",1958.78,1958.78
"84924A",692.12,692.12
"84924D",299.22,299.22
"84924F",289.95,169.95
"84925A",349.63,349.63
"84925C",71.40,71.40
"84925D",677.45,584.45
"84925E",130.05,130.05
"84925F",888.29,888.29
"84926A",320.57,320.57
"84926B",67.50,67.50
"84926C",222.95,215.45
"84926D",392.81,392.81
"84926E",481.51,481.51
"84926F",325.30,318.34
"84927A",191.05,180.70
"84927D",227.97,187.11
"84927E",245.28,225.72
"84927F",319.39,315.34
"84929",1099.92,931.43
"84931A",657.78,657.78
"84931B",824.41,816.76
"84932A",602.60,602.60
"84932B",401.30,401.30
"84932C",615.40,606.90
"84932D",608.67,608.67
"84933A",314.35,314.35
"84933B",309.15,309.15
"84933C",317.00,317.00
"84934",591.60,590.75
"84937",5961.26,5923.46
"84942",5.07,5.07
"84944",3814.01,3505.81
"84945",18660.07,18507.58
"84946",61703.94,61200.91
"84947",20325.41,20280.87
"84948",476.22,469.62
"84949",20030.25,19236.45
"84950",4721.40,4676.90
"84951A",1208.80,1189.84
"84951B",1307.94,1307.94
"84952A",535.95,535.95
"84952B",745.62,734.37
"84952C",808.37,808.37
"84962",179.85,179.85
"84963A",813.30,813.30
"84963B",591.50,591.50
"84964A",630.00,630.00
"84964B",990.00,990.00
"84965A",1050.00,1050.00
"84965B",1359.95,1359.95
"84966A",275.90,275.90
"84966B",428.00,428.00
"84966C",276.00,276.00
"84967A",254.85,174.90
"84967B",1329.40,1189.45
"84967C",419.85,419.85
"84968A",9075.35,8685.05
"84968B",7993.78,7981.03
"84968C",11004.20,10953.20
"84968D",7004.79,6992.04
"84968E",6106.36,6055.36
"84968F",5312.45,5312.45
"84969",5804.37,5783.12
"84970L",20086.85,20052.65
"84970S",25334.64,25229.44
"84971L",776.50,745.25
"84971S",5953.28,5951.58
"84972L",481.90,481.90
"84974",879.55,869.60
"84975",3491.73,3476.52
"84976",788.62,777.56
"84977",287.66,287.66
"84978",34872.18,34454.46
"84984A",473.99,464.69
"84984B",541.30,532.00
"84984C",460.77,460.77
"84984D",481.82,481.82
"84985A",1257.76,1250.51
"84985B",218.98,218.98
"84986B",712.13,712.13
"84987",12715.42,12617.72
"84988",15097.08,15005.81
"84989A",1460.88,1458.81
"84989B",566.55,566.55
"84990",2118.15,2104.95
"84991",28296.50,28095.35
"84992",18341.23,18165.90
"84993A",818.58,818.58
"84993B",302.48,302.48
"84997A",22930.31,22831.61
"84997B",44833.15,44450.32
"84997C",39876.69,39557.21
"84997D",47862.22,47655.97
"85006",1298.17,733.77
"85007",422.89,408.94
"85008",1155.64,1145.74
"85014A",23252.71,23205.11
"85014B",33300.73,33195.63
"85014C",2373.61,1797.61
"85014D",6721.30,6721.30
"85015",3249.13,3249.13
"85016",2609.26,2591.41
"85017A",984.66,984.66
"85017B",1699.79,1689.59
"85017C",849.23,728.27
"85018A",63.75,63.75
"85018B",63.75,63.75
"85018C",127.20,127.20
"85018D",1038.30,1000.05
"85019A",953.33,923.33
"85019B",1024.94,994.94
"85019C",668.13,587.13
"85020",596.56,596.56
"85023A",56.10,53.55
"85023B",684.90,528.60
"85023C",58.65,56.10
"85024A",1.65,1.65
"85024B",330.90,330.90
"85024C",163.35,161.70
"85025B",1133.35,1126.75
"85025C",1542.72,1539.42
"85026B",598.25,589.75
"85027L",538.50,472.20
"85028L",686.27,640.37
"85028S",666.99,612.09
"85030",531.45,460.80
"85031A",1252.68,1252.68
"85031B",1193.38,1193.38
"85031C",1491.51,1491.51
"85032A",1446.47,1446.47
"85032B",1060.68,1060.68
"85032C",1121.08,1113.28
"85032D",1592.30,1584.50
"85033G",526.55,524.60
"85033S",382.50,381.85
"85034A",2634.27,2596.52
"85034B",2997.13,2997.13
"85034C",2984.57,2898.82
"85035A",2628.45,2494.51
"85035B",2938.10,2938.10
"85035C",2950.76,2938.01
"85036A",2518.41,2512.91
"85036B",1596.14,1570.64
"85036C",1682.36,1450.11
"85038",6671.40,6671.40
"85039A",2652.29,2645.69
"85039B",2895.49,2875.69
"85039C",764.65,761.35
"85040A",4488.19,4413.94
"85040B",3970.65,3873.00
"85041",2581.96,2558.86
"85042",12388.12,11630.72
"85043",4.95,-9.90
"85044",997.05,973.70
"85045",2376.13,2321.63
"85047",7285.56,6834.86
"85048",23783.51,23088.16
"85049A",11960.21,11896.46
"85049B",2741.12,2741.12
"85049C",3867.18,3835.93
"85049D",3029.37,3029.37
"85049E",11265.96,11230.96
"85049F",2702.86,2671.61
"85049G",5429.62,5373.37
"85049H",2481.06,2481.06
"85050",100.80,100.80
"85053",5059.27,4974.81
"85054",2906.13,2885.93
"85055",1755.28,1755.28
"85059",3144.47,3114.47
"85060",1852.81,1805.31
"85061W",6188.46,6167.21
"85062",6934.49,6920.22
"85063",6398.23,5320.58
"85064",8088.50,8068.30
"85065",8314.38,7936.58
"85066",41935.23,40699.83
"85067",8986.72,8784.27
"85068",7196.92,7167.12
"85069",50.85,-50.85
"85070",320.00,195.00
"85071A",1494.97,1046.57
"85071B",1406.39,1400.49
"85071C",1004.64,1004.64
"85071D",615.38,615.38
"85072",66.00,66.00
"85077",11.90,11.90
"85078",1533.84,1533.19
"85079",36.50,36.50
"85080",55.76,55.76
"85081",47.85,47.85
"85083",12.75,-2.55
"85084",808.23,808.23
"85086A",800.86,800.86
"85087",2460.17,2454.27
"85088",883.93,875.53
"85089",385.63,385.63
"85090",737.26,700.06
"85091",610.27,540.57
"85092",710.44,680.44
"85093",1489.68,1485.93
"85094",510.55,509.30
"85095",374.32,374.32
"85096",821.34,817.59
"85097B",455.59,416.99
"85098B",1741.48,1587.33
"85099B",197441.32,195272.50
"85099C",66097.38,65526.50
"85099F",73876.49,73364.25
"85103",2763.26,2483.16
"85104",1160.05,1136.45
"85106",2693.48,2693.48
"85107",2431.37,2431.37
"85109",488.71,357.67
"85110",1151.40,764.04
"85111",1028.38,986.62
"85112",505.29,505.29
"85113",617.10,617.10
"85114A",2779.73,2779.73
"85114B",4853.17,4849.87
"85114C",4201.75,4201.75
"85115B",62.49,62.49
"85116",3272.82,3209.82
"85117",695.19,695.19
"85118",1195.21,1096.54
"85119",570.84,543.80
"85121B",1363.48,1269.98
"85121C",1115.32,1098.32
"85123A",275134.10,265729.30
"85123B",12.08,12.08
"85124A",1331.71,1311.31
"85124B",1069.55,1054.25
"85124C",1298.19,1282.89
"85125",1736.07,1716.27
"85126",1177.72,1110.22
"85127",2738.24,2713.49
"85128",195.81,195.81
"85129A",603.32,588.32
"85129B",372.14,372.14
"85129C",556.61,556.61
"85129D",1536.77,1535.52
"85130A",1272.58,1272.58
"85130B",1031.61,1031.61
"85130C",767.92,767.92
"85130D",1093.42,1093.42
"85131A",2178.03,2165.51
"85131B",1251.30,1251.30
"85131C",432.96,432.96
"85131D",1895.73,1895.73
"85132A",6677.75,6644.00
"85132B",3153.39,3133.49
"85132C",6886.55,6807.15
"85135A",904.98,873.18
"85135B",1673.92,1658.02
"85135C",1816.99,1801.09
"85136A",1535.01,1527.06
"85136B",557.99,550.04
"85136C",1909.63,1781.39
"85141",1305.48,1243.43
"85142",607.66,599.71
"85144",1046.85,1032.35
"85145",809.05,770.80
"85146",634.51,634.51
"85147",301.95,292.05
"85150",21627.46,21562.51
"85151",55.00,55.00
"85152",32351.47,32159.96
"85157",25.44,25.44
"85159A",1686.76,1585.31
"85159B",1796.90,1704.01
"85160A",1922.38,1360.78
"85160B",1162.79,771.38
"85161",1230.05,1192.15
"85162A",1256.79,1226.48
"85162B",1905.15,1905.15
"85162C",1908.30,1908.30
"85163A",1343.69,1343.69
"85163B",1897.72,1884.97
"85164B",2567.69,2554.94
"85165",1586.32,1586.32
"85166A",197.80,194.05
"85166B",929.45,929.45
"85167A",414.10,333.10
"85167B",1494.28,1494.28
"85168A",218.90,218.90
"85168B",955.67,955.67
"85169A",1772.57,1742.57
"85169B",715.58,715.58
"85169C",703.67,673.67
"85169D",793.98,791.48
"85170A",1791.80,1740.28
"85170B",639.04,622.24
"85170C",1370.23,1368.13
"85170D",1820.53,1808.33
"85171",2.55,2.55
"85172",2860.60,2795.92
"85173",2088.87,2076.12
"85174",8780.10,8167.50
"85175",7084.40,6835.58
"85176",2710.50,2697.32
"85177",1587.45,1586.60
"85178",6271.50,5933.65
"85179A",764.39,750.44
"85179B",1113.12,1113.12
"85179C",387.45,387.45
"85180A",1895.31,1825.56
"85180B",1317.69,1317.69
"85183A",2356.75,2338.00
"85183B",2880.02,2748.77
"85184B",41.30,38.35
"85184C",5737.04,5737.04
"85184D",4660.24,2995.32
"85185B",2107.42,2104.47
"85185C",182.90,182.90
"85185D",788.62,788.62
"85185E",11.80,6.70
"85185F",115.05,115.05
"85186A",824.90,819.86
"85186B",5.88,5.88
"85186C",821.20,792.64
"85187",908.01,908.01
"85188A",884.66,861.71
"85188B",753.11,712.31
"85189",1027.01,976.01
"85190",131.87,126.77
"85192S",1.95,1.95
"85194L",1721.37,1693.32
"85194S",995.12,976.73
"85195",273.74,271.64
"85196",878.12,864.92
"85197",963.66,963.66
"85198",1517.76,1517.76
"85199L",2477.81,2460.26
"85199S",3355.57,3345.49
"85200",1384.23,1354.23
"85202",828.72,818.64
"85203",877.32,877.32
"85204",557.18,557.06
"85205A",168.30,168.30
"85205B",790.51,790.51
"85206A",4529.62,4513.12
"85206B",2651.30,2608.40
"85208",971.94,971.94
"85211",556.83,550.30
"85212",1202.50,1202.50
"85213",988.42,987.57
"85214",1081.11,1081.11
"85215",802.79,802.79
"85216",2564.06,2532.21
"85217",2211.79,2149.39
"85218",625.20,620.85
"85220",6875.00,3229.35
"85221",1703.33,1547.41
"85222",1623.96,1621.21
"85224",1190.78,1190.78
"85225",22.50,22.50
"85226A",1016.64,991.89
"85226C",583.42,583.42
"85227",3587.90,3562.40
"85230A",497.04,497.04
"85230B",568.29,568.29
"85230C",6.96,6.96
"85230D",6.96,6.96
"85230E",635.37,635.37
"85230F",726.28,726.28
"85230G",425.76,411.84
"85231B",2187.28,2177.93
"85231E",732.23,722.03
"85231G",1412.18,1393.48
"85231L",866.00,866.00
"85232A",2096.79,1938.39
"85232B",17224.20,15721.45
"85232C",4.95,4.95
"85232D",4294.71,4230.36
"90000A",249.21,249.21
"90000B",271.28,259.38
"90000C",18.69,18.69
"90000D",478.75,478.75
"90001A",76.20,76.20
"90001B",80.49,71.99
"90001C",67.90,67.90
"90001D",101.92,101.92
"90002A",135.00,135.00
"90002B",97.98,97.98
"90002C",155.01,147.51
"90002D",415.23,407.73
"90002E",79.29,68.04
"90003B",241.62,215.37
"90003C",289.33,263.08
"90003D",321.09,294.84
"90003E",203.12,188.12
"90004A",3.75,3.75
"90005A",363.54,363.54
"90010A",616.70,563.00
"90010B",753.29,744.34
"90010E",723.35,687.55
"90011A",82.66,82.66
"90011B",91.57,91.57
"90011C",52.96,52.96
"90011D",29.50,29.50
"90011E",44.27,44.27
"90012A",125.16,125.16
"90012B",126.45,126.45
"90013A",714.79,684.79
"90013B",782.84,782.84
"90013C",575.85,568.35
"90013D",228.72,228.72
"90013E",17.14,17.14
"90014A",701.82,701.82
"90014B",492.37,492.37
"90014C",347.51,347.51
"90016A",266.97,266.97
"90016B",437.28,437.28
"90016C",237.14,237.14
"90018A",493.73,489.48
"90018B",261.24,261.24
"90018C",177.52,173.27
"90019A",550.78,550.78
"90019B",282.79,282.79
"90019C",377.26,377.26
"90020",101.46,101.46
"90021",59.75,59.75
"90022",249.34,226.84
"90023",174.23,174.23
"90024A",42.50,42.50
"90024B",347.98,330.98
"90024C",135.96,135.96
"90024D",144.50,144.50
"90024E",169.96,169.96
"90024F",109.72,109.72
"90025A",7.50,7.50
"90025B",18.83,18.83
"90025C",37.62,37.62
"90025D",29.88,29.88
"90025E",41.75,41.75
"90025F",52.96,52.96
"90026A",118.94,118.94
"90026B",76.14,76.14
"90026C",76.14,76.14
"90026D",85.00,85.00
"90027A",35.34,35.34
"90027B",55.91,55.91
"90027C",70.54,70.54
"90027D",108.96,108.96
"90028",413.08,413.08
"90029",211.78,194.78
"90030A",125.77,125.77
"90030B",392.86,392.86
"90030C",186.95,186.95
"90031",95.80,95.80
"90032",290.59,290.59
"90033",99.01,99.01
"90034",81.06,81.06
"90035A",332.35,332.35
"90035B",380.89,380.89
"90035C",301.00,301.00
"90036A",264.57,264.57
"90036B",151.05,151.05
"90036C",318.76,318.76
"90036D",334.28,334.28
"90036E",574.64,574.64
"90036F",280.99,280.99
"90037A",86.72,86.72
"90037B",83.69,83.69
"90037C",88.81,88.81
"90037D",56.44,56.44
"90038A",204.10,204.10
"90038B",120.88,120.88
"90038C",94.17,94.17
"90039A",48.97,48.97
"90039B",109.23,109.23
"90039C",120.80,120.80
"90039D",242.82,242.82
"90040A",333.60,323.10
"90040B",350.94,350.94
"90040C",192.00,181.50
"90040D",206.74,206.74
"90041",40.84,40.84
"90042A",252.73,252.73
"90042B",48.45,48.45
"90042C",211.17,211.17
"90043",54.51,54.51
"90046",64.35,54.45
"90048",174.23,124.73
"90049",124.41,89.76
"90050",98.62,84.72
"90051",162.79,162.79
"90052",78.31,78.31
"90053",50.46,50.46
"90054",80.94,80.94
"90055",48.01,48.01
"90056",351.38,351.38
"90057",2690.88,2690.88
"90058A",218.88,205.20
"90058B",509.46,495.78
"90059A",284.26,274.36
"90059B",64.99,55.09
"90059C",96.76,86.86
"90059D",170.58,160.68
"90059E",141.97,132.07
"90059F",125.09,115.19
"90060B",35.70,35.70
"90060C",41.65,41.65
"90060D",77.35,77.35
"90060F",231.13,231.13
"90062",3752.34,3688.59
"90063A",203.96,203.96
"90063B",212.84,212.84
"90064A",117.03,117.03
"90064B",93.75,90.00
"90065A",246.17,231.73
"90065B",255.74,255.74
"90066A",33.75,33.75
"90067A",120.73,120.73
"90067B",58.84,58.84
"90068",30.00,30.00
"90069",82.50,82.50
"90070",550.15,496.60
"90071",215.48,215.48
"90072",285.12,285.12
"90073",391.78,391.78
"90074",83.43,83.43
"90075",148.56,148.56
"90076",50.70,48.15
"90077",26.25,26.25
"90078",75.28,75.28
"90079",160.04,160.04
"90081A",248.00,248.00
"90081B",39.60,39.60
"90081C",367.29,367.29
"90082A",440.72,440.72
"90082B",374.65,374.65
"90082C",33.51,33.51
"90082D",801.65,788.95
"90083",61.22,61.22
"90084",54.40,44.20
"90085",298.61,222.11
"90086",227.25,227.25
"90087",307.36,264.86
"90088",89.25,68.00
"90089",117.58,117.58
"90090",236.14,204.69
"90091",2.55,2.55
"90092",97.67,74.72
"90093",180.24,157.29
"90094",288.54,288.54
"90095",27.97,27.97
"90096",408.17,408.17
"90098",452.11,436.81
"90099",185.43,185.43
"90100",96.90,96.90
"90101",218.97,203.67
"90102",17.77,17.77
"90103",191.10,191.10
"90104",167.77,167.77
"90108",145.61,135.11
"90111",7.35,7.35
"90112",109.00,109.00
"90114",814.16,814.16
"90115",478.87,478.87
"90116",376.68,376.68
"90118",194.38,179.08
"90119",319.97,319.97
"90120A",502.36,502.36
"90120B",577.38,577.38
"90120C",665.39,665.39
"90120D",690.01,690.01
"90121B",80.75,68.00
"90122A",369.58,369.58
"90122B",289.68,289.68
"90122C",350.10,350.10
"90123A",219.89,219.89
"90123B",166.58,166.58
"90123C",178.70,178.70
"90123D",207.93,207.93
"90124A",339.86,339.86
"90124B",583.36,583.36
"90124C",301.12,301.12
"90125A",208.94,183.74
"90125B",109.04,109.04
"90125C",107.90,107.90
"90125D",323.28,323.28
"90125E",84.18,84.18
"90126A",43.86,43.86
"90126B",16.96,16.96
"90126C",55.47,55.47
"90127A",24.84,24.84
"90127B",2.50,2.50
"90128A",71.17,71.17
"90128B",26.27,26.27
"90128C",32.58,32.58
"90128D",38.73,38.73
"90129A",487.51,487.51
"90129B",468.15,468.15
"90129C",339.26,339.26
"90129D",213.99,213.99
"90129E",417.13,417.13
"90129F",263.27,263.27
"90130A",111.92,111.92
"90130B",331.93,331.93
"90130C",141.34,141.34
"90130D",58.92,58.92
"90131",76.69,76.69
"90132",71.26,71.26
"90133",383.82,383.82
"90134",706.44,706.44
"90135",59.80,59.80
"90135A",64.69,64.69
"90136",51.09,51.09
"90137",170.99,170.99
"90138",196.83,196.83
"90139",211.73,211.73
"90140",98.30,98.30
"90141A",175.25,175.25
"90141B",100.18,100.18
"90141C",132.73,132.73
"90141D",57.81,57.81
"90141E",65.47,65.47
"90142A",50.90,50.90
"90142B",10.18,10.18
"90142C",10.18,10.18
"90142D",59.68,59.68
"90143",798.26,745.76
"90144",282.65,282.65
"90145",614.22,614.22
"90146",324.23,309.23
"90147",1148.55,1108.75
"90148",369.21,356.46
"90149",425.24,425.24
"90150",105.00,105.00
"90151",153.34,153.34
"90152A",56.88,56.88
"90152B",40.77,40.77
"90152C",41.65,41.65
"90154",448.60,448.60
"90155",294.82,294.82
"90156",185.64,185.64
"90157",308.76,308.76
"90158",663.74,663.74
"90159",213.81,213.81
"90160A",419.22,370.57
"90160B",569.29,569.29
"90160C",791.05,791.05
"90160D",578.89,571.94
"90161A",506.87,506.87
"90161B",1037.67,1037.67
"90161C",1197.77,1197.77
"90161D",1011.19,1011.19
"90162A",91.45,91.45
"90162B",165.20,162.25
"90162C",123.90,123.90
"90162D",94.40,94.40
"90163A",471.42,471.42
"90163B",166.90,166.90
"90164A",375.43,375.43
"90164B",645.18,645.18
"90165A",182.38,182.38
"90165B",212.30,212.30
"90166",257.73,249.23
"90167",1934.48,1716.92
"90168",194.42,176.72
"90169",162.04,146.74
"90170",388.61,368.81
"90171",105.55,105.55
"90173",504.53,497.03
"90174",211.44,180.84
"90175A",1317.80,1246.20
"90175B",517.90,500.00
"90175C",361.60,361.60
"90175D",805.04,805.04
"90176A",114.26,106.76
"90176B",52.74,52.74
"90176C",94.00,79.00
"90176D",90.62,83.12
"90176E",37.46,37.46
"90177A",90.73,73.03
"90177B",138.51,138.51
"90177C",170.86,153.16
"90177D",180.07,162.37
"90177E",141.82,124.12
"90178A",393.87,393.87
"90178B",215.52,215.52
"90179A",94.40,94.40
"90179B",88.97,88.97
"90179C",166.06,154.16
"90180A",487.03,467.13
"90180B",220.46,220.46
"90181A",230.43,230.43
"90181B",462.54,462.54
"90181C",93.86,93.86
"90182A",52.32,52.32
"90182B",35.06,35.06
"90182C",87.88,70.18
"90183A",234.60,216.90
"90183B",163.86,163.86
"90183C",76.14,76.14
"90184A",502.09,502.09
"90184B",839.26,812.41
"90184C",892.48,892.48
"90185A",313.58,258.33
"90185B",381.86,301.11
"90185C",327.17,203.92
"90185D",382.66,369.91
"90186A",265.86,265.86
"90186B",230.32,230.32
"90187A",47.38,47.38
"90187B",121.10,121.10
"90188",109.35,109.35
"90189A",105.28,105.28
"90189B",22.50,22.50
"90190A",206.08,206.08
"90190B",164.86,164.86
"90190C",238.09,238.09
"90191",443.80,443.80
"90192",651.26,641.36
"90194",165.43,165.43
"90195A",761.95,717.20
"90195B",524.63,488.83
"90196A",267.75,255.00
"90196B",292.71,292.71
"90197B",615.34,615.34
"90197D",44.55,44.55
"90198A",904.36,904.36
"90198B",522.55,522.55
"90199A",183.75,171.05
"90199B",349.27,349.27
"90199C",616.68,610.33
"90199D",183.31,183.31
"90200A",997.88,980.88
"90200B",951.65,934.65
"90200C",1184.01,1167.01
"90200D",1910.77,1898.02
"90200E",1037.44,969.44
"90201A",497.23,485.43
"90201B",592.97,554.62
"90201C",439.33,421.63
"90201D",537.89,537.89
"90202A",158.20,140.50
"90202B",114.43,96.73
"90202C",156.37,138.67
"90202D",206.28,188.58
"90203",618.54,611.04
"90204",276.62,263.22
"90205A",100.52,100.52
"90205C",175.92,175.92
"90206A",109.70,109.70
"90206C",701.27,701.27
"90208",555.26,539.96
"90209A",325.50,306.60
"90209B",1007.72,1007.72
"90209C",899.92,887.32
"90210A",234.98,234.98
"90210B",252.83,252.83
"90210C",201.17,201.17
"90210D",266.81,266.81
"90211A",279.59,279.59
"90211B",321.22,309.32
"90212B",220.14,220.14
"90212C",63.75,63.75
"90214A",291.59,284.09
"90214B",97.43,97.43
"90214C",207.52,200.02
"90214D",123.43,123.43
"90214E",183.81,176.31
"90214F",48.79,48.79
"90214G",124.11,115.36
"90214H",105.40,105.40
"90214I",79.48,71.98
"90214J",233.21,225.71
"90214K",204.55,203.30
"90214L",224.18,214.18
"90214M",192.41,192.41
"90214N",104.03,104.03
"90214O",35.61,35.61
"90214P",84.68,77.18
"90214R",134.94,134.94
"90214S",247.93,240.43
"90214T",68.91,68.91
"90214U",4.73,4.73
"90214V",43.23,43.23
"90214W",14.36,14.36
"90214Y",29.53,29.53
"90214Z",33.25,33.25
