"population","frequency_completed"
"Customer",3
"Customer",8
"Customer",5
"Customer",3
"Customer",1
"Customer",1
"Customer",9
"Customer",2
"Customer",1
"Customer",2
"Customer",6
"Customer",2
"Customer",5
"Customer",10
"Customer",6
"Customer",4
"Customer",10
"Customer",2
"Customer",4
"Customer",1
"Customer",1
"Customer",1
"Customer",1
"Customer",3
"Customer",7
"Customer",4
"Customer",3
"Customer",3
"Customer",3
"Customer",2
"Customer",2
"Customer",4
"Customer",2
"Customer",4
"Customer",8
"Customer",3
"Customer",5
"Customer",2
"Customer",1
"Customer",2
"Customer",1
"Customer",8
"Customer",3
"Customer",1
"Customer",6
"Customer",1
"Customer",6
"Customer",2
"Customer",15
"Customer",1
"Customer",2
"Customer",1
"Customer",7
"Customer",1
"Customer",1
"Customer",6
"Customer",2
"Customer",1
"Customer",5
"Customer",5
"Customer",8
"Customer",7
"Customer",3
"Customer",1
"Customer",6
"Customer",4
"Customer",4
"Customer",24
"Customer",1
"Customer",20
"Customer",4
"Customer",2
"Customer",1
"Customer",6
"Customer",12
"Customer",10
"Customer",4
"Customer",2
"Customer",2
"Customer",3
"Customer",8
"Customer",8
"Customer",1
"Customer",25
"Customer",4
"Customer",10
"Customer",3
"Customer",6
"Customer",1
"Customer",38
"Customer",2
"Customer",2
"Customer",2
"Customer",1
"Customer",1
"Customer",1
"Customer",5
"Customer",2
"Customer",1
"Customer",1
"Customer",1
"Customer",5
"Customer",5
"Customer",8
"Customer",1
"Customer",1
"Customer",4
"Customer",9
"Customer",3
"Customer",7
"Customer",4
"Customer",1
"Customer",1
"Customer",1
"Customer",2
"Customer",4
"Customer",8
"Customer",2
"Customer",1
"Customer",5
"Customer",2
"Customer",1
"Customer",71
"Customer",19
"Customer",3
"Customer",29
"Customer",2
"Customer",18
"Customer",9
"Customer",1
"Customer",1
"Customer",7
"Customer",14
"Customer",27
"Customer",19
"Customer",9
"Customer",1
"Customer",1
"Customer",1
"Customer",3
"Customer",1
"Customer",20
"Customer",1
"Customer",3
"Customer",2
"Customer",9
"Customer",1
"Customer",2
"Customer",3
"Customer",3
"Customer",1
"Customer",18
"Customer",1
"Customer",5
"Customer",1
"Customer",4
"Customer",1
"Customer",1
"Customer",4
"Customer",2
"Customer",1
"Customer",7
"Customer",1
"Customer",2
"Customer",1
"Customer",2
"Customer",1
"Customer",4
"Customer",4
"Customer",5
"Customer",2
"Customer",5
"Customer",1
"Customer",2
"Customer",23
"Customer",17
"Customer",3
"Customer",3
"Customer",5
"Customer",6
"Customer",1
"Customer",9
"Customer",2
"Customer",1
"Customer",2
"Customer",1
"Customer",2
"Customer",1
"Customer",1
"Customer",2
"Customer",7
"Customer",32
"Customer",3
"Customer",2
"Customer",1
"Customer",1
"Customer",2
"Customer",2
"Customer",3
"Customer",1
"Customer",5
"Customer",1
"Customer",1
"Customer",1
"Customer",12
"Customer",1
"Customer",2
"Customer",8
"Customer",1
"Customer",2
"Customer",2
"Customer",1
"Customer",9
"Customer",1
"Customer",1
"Customer",1
"Customer",1
"Customer",15
"Customer",1
"Customer",32
"Customer",2
"Customer",2
"Customer",5
"Customer",1
"Customer",2
"Customer",8
"Customer",8
"Customer",4
"Customer",1
"Customer",2
"Customer",1
"Customer",4
"Customer",27
"Customer",9
"Customer",2
"Customer",4
"Customer",1
"Customer",3
"Customer",6
"Customer",1
"Customer",3
"Customer",4
"Customer",3
"Customer",14
"Customer",1
"Customer",2
"Customer",4
"Customer",10
"Customer",13
"Customer",20
"Customer",6
"Customer",1
"Customer",1
"Customer",2
"Customer",3
"Customer",1
"Customer",1
"Customer",9
"Customer",4
"Customer",1
"Customer",1
"Customer",9
"Customer",1
"Customer",8
"Customer",3
"Customer",1
"Customer",1
"Customer",9
"Customer",3
"Customer",35
"Customer",1
"Customer",7
"Customer",2
"Customer",4
"Customer",9
"Customer",6
"Customer",3
"Customer",2
"Customer",2
"Customer",6
"Customer",2
"Customer",7
"Customer",1
"Customer",4
"Customer",12
"Customer",2
"Customer",3
"Customer",3
"Customer",1
"Customer",3
"Customer",11
"Customer",4
"Customer",8
"Customer",2
"Customer",35
"Customer",4
"Customer",8
"Customer",1
"Customer",4
"Customer",2
"Customer",3
"Customer",5
"Customer",1
"Customer",8
"Customer",4
"Customer",1
"Customer",1
"Customer",1
"Customer",1
"Customer",20
"Customer",2
"Customer",11
"Customer",3
"Customer",1
"Customer",1
"Customer",9
"Customer",2
"Customer",7
"Customer",1
"Customer",2
"Customer",3
"Customer",4
"Customer",2
"Customer",10
"Customer",2
"Customer",15
"Customer",4
"Customer",4
"Customer",44
"Customer",51
"Customer",20
"Customer",6
"Customer",6
"Customer",1
"Customer",1
"Customer",1
"Customer",2
"Customer",1
"Customer",6
"Customer",1
"Customer",7
"Customer",3
"Customer",7
"Customer",2
"Customer",3
"Customer",1
"Customer",1
"Customer",4
"Customer",6
"Customer",1
"Customer",4
"Customer",8
"Customer",13
"Customer",1
"Customer",18
"Customer",32
"Customer",3
"Customer",2
"Customer",21
"Customer",1
"Customer",12
"Customer",1
"Customer",2
"Customer",3
"Customer",1
"Customer",2
"Customer",29
"Customer",8
"Customer",4
"Customer",5
"Customer",7
"Customer",3
"Customer",11
"Customer",10
"Customer",5
"Customer",1
"Customer",1
"Customer",17
"Customer",1
"Customer",4
"Customer",3
"Customer",2
"Customer",1
"Customer",1
"Customer",2
"Customer",1
"Customer",1
"Customer",1
"Customer",2
"Customer",8
"Customer",2
"Customer",1
"Customer",26
"Customer",322
"Customer",9
"Customer",1
"Customer",1
"Customer",1
"Customer",6
"Customer",3
"Customer",11
"Customer",1
"Customer",9
"Customer",7
"Customer",8
"Customer",1
"Customer",1
"Customer",2
"Customer",2
"Customer",1
"Customer",6
"Customer",9
"Customer",1
"Customer",1
"Customer",1
"Customer",2
"Customer",1
"Customer",1
"Customer",1
"Customer",1
"Customer",7
"Customer",1
"Customer",1
"Customer",9
"Customer",14
"Customer",1
"Customer",2
"Customer",11
"Customer",4
"Customer",2
"Customer",3
"Customer",1
"Customer",4
"Customer",4
"Customer",3
"Customer",2
"Customer",5
"Customer",2
"Customer",3
"Customer",2
"Customer",1
"Customer",1
"Customer",2
"Customer",4
"Customer",1
"Customer",2
"Customer",1
"Customer",5
"Customer",1
"Customer",2
"Customer",4
"Customer",2
"Customer",1
"Customer",5
"Customer",3
"Customer",2
"Customer",4
"Customer",1
"Customer",3
"Customer",1
"Customer",2
"Customer",2
"Customer",3
"Customer",1
"Customer",1
"Customer",11
"Customer",2
"Customer",2
"Customer",18
"Customer",1
"Customer",2
"Customer",12
"Customer",3
"Customer",6
"Customer",3
"Customer",6
"Customer",3
"Customer",2
"Customer",1
"Customer",1
"Customer",41
"Customer",15
"Customer",2
"Customer",10
"Customer",26
"Customer",7
"Customer",40
"Customer",4
"Customer",28
"Customer",4
"Customer",4
"Customer",2
"Customer",1
"Customer",6
"Customer",1
"Customer",2
"Customer",1
"Customer",11
"Customer",7
"Customer",4
"Customer",6
"Customer",6
"Customer",1
"Customer",1
"Customer",1
"Customer",1
"Customer",2
"Customer",6
"Customer",2
"Customer",4
"Customer",3
"Customer",13
"Customer",8
"Customer",1
"Customer",3
"Customer",3
"Customer",12
"Customer",3
"Customer",2
"Customer",5
"Customer",4
"Customer",20
"Customer",2
"Customer",3
"Customer",2
"Customer",1
"Customer",2
"Customer",4
"Customer",1
"Customer",3
"Customer",2
"Customer",1
"Customer",2
"Customer",4
"Customer",2
"Customer",11
"Customer",1
"Customer",1
"Customer",1
"Customer",2
"Customer",4
"Customer",2
"Customer",1
"Customer",1
"Customer",28
"Customer",1
"Customer",1
"Customer",2
"Customer",2
"Customer",5
"Customer",2
"Customer",5
"Customer",8
"Customer",13
"Customer",1
"Customer",5
"Customer",13
"Customer",1
"Customer",4
"Customer",7
"Customer",6
"Customer",6
"Customer",4
"Customer",74
"Customer",1
"Customer",3
"Customer",12
"Customer",3
"Customer",4
"Customer",1
"Customer",12
"Customer",1
"Customer",2
"Customer",57
"Customer",8
"Customer",8
"Customer",1
"Customer",15
"Customer",4
"Customer",9
"Customer",1
"Customer",20
"Customer",2
"Customer",1
"Customer",3
"Customer",2
"Customer",2
"Customer",2
"Customer",1
"Customer",6
"Customer",9
"Customer",22
"Customer",3
"Customer",15
"Customer",4
"Customer",2
"Customer",1
"Customer",11
"Customer",4
"Customer",13
"Customer",2
"Customer",1
"Customer",4
"Customer",1
"Customer",2
"Customer",12
"Customer",1
"Customer",1
"Customer",1
"Customer",3
"Customer",1
"Customer",1
"Customer",10
"Customer",116
"Customer",4
"Customer",1
"Customer",2
"Customer",6
"Customer",8
"Customer",4
"Customer",5
"Customer",1
"Customer",21
"Customer",2
"Customer",8
"Customer",1
"Customer",1
"Customer",2
"Customer",10
"Customer",5
"Customer",1
"Customer",33
"Customer",7
"Customer",3
"Customer",1
"Customer",8
"Customer",3
"Customer",1
"Customer",1
"Customer",8
"Customer",3
"Customer",3
"Customer",4
"Customer",33
"Customer",3
"Customer",3
"Customer",36
"Customer",4
"Customer",1
"Customer",1
"Customer",3
"Customer",1
"Customer",2
"Customer",1
"Customer",11
"Customer",29
"Customer",11
"Customer",11
"Customer",3
"Customer",1
"Customer",35
"Customer",6
"Customer",2
"Customer",17
"Customer",1
"Customer",3
"Customer",2
"Customer",1
"Customer",9
"Customer",19
"Customer",2
"Customer",5
"Customer",2
"Customer",5
"Customer",9
"Customer",2
"Customer",3
"Customer",3
"Customer",1
"Customer",12
"Customer",3
"Customer",4
"Customer",2
"Customer",4
"Customer",3
"Customer",1
"Customer",11
"Customer",3
"Customer",3
"Customer",23
"Customer",9
"Customer",4
"Customer",34
"Customer",2
"Customer",7
"Customer",1
"Customer",4
"Customer",1
"Customer",3
"Customer",3
"Customer",10
"Customer",1
"Customer",1
"Customer",1
"Customer",1
"Customer",6
"Customer",5
"Customer",2
"Customer",3
"Customer",2
"Customer",38
"Customer",4
"Customer",1
"Customer",1
"Customer",2
"Customer",4
"Customer",1
"Customer",1
"Customer",11
"Customer",57
"Customer",6
"Customer",4
"Customer",28
"Customer",21
"Customer",3
"Customer",1
"Customer",8
"Customer",1
"Customer",1
"Customer",1
"Customer",203
"Customer",23
"Customer",2
"Customer",12
"Customer",55
"Customer",13
"Customer",1
"Customer",1
"Customer",27
"Customer",28
"Customer",1
"Customer",4
"Customer",37
"Customer",3
"Customer",9
"Customer",1
"Customer",2
"Customer",9
"Customer",2
"Customer",3
"Customer",12
"Customer",1
"Customer",1
"Customer",37
"Customer",1
"Customer",10
"Customer",1
"Customer",18
"Customer",9
"Customer",1
"Customer",1
"Customer",1
"Customer",2
"Customer",2
"Customer",4
"Customer",1
"Customer",13
"Customer",1
"Customer",1
"Customer",2
"Customer",1
"Customer",7
"Customer",1
"Customer",3
"Customer",6
"Customer",2
"Customer",13
"Customer",16
"Customer",7
"Customer",8
"Customer",5
"Customer",17
"Customer",1
"Customer",1
"Customer",2
"Customer",7
"Customer",1
"Customer",4
"Customer",26
"Customer",4
"Customer",3
"Customer",3
"Customer",7
"Customer",1
"Customer",3
"Customer",6
"Customer",3
"Customer",9
"Customer",5
"Customer",4
"Customer",1
"Customer",2
"Customer",16
"Customer",1
"Customer",2
"Customer",3
"Customer",2
"Customer",5
"Customer",5
"Customer",3
"Customer",1
"Customer",3
"Customer",1
"Customer",11
"Customer",11
"Customer",2
"Customer",1
"Customer",2
"Customer",21
"Customer",1
"Customer",1
"Customer",1
"Customer",1
"Customer",15
"Customer",10
"Customer",1
"Customer",3
"Customer",4
"Customer",1
"Customer",2
"Customer",3
"Customer",1
"Customer",6
"Customer",1
"Customer",2
"Customer",1
"Customer",7
"Customer",1
"Customer",8
"Customer",66
"Customer",4
"Customer",4
"Customer",7
"Customer",10
"Customer",1
"Customer",1
"Customer",13
"Customer",4
"Customer",8
"Customer",13
"Customer",1
"Customer",10
"Customer",3
"Customer",11
"Customer",7
"Customer",1
"Customer",1
"Customer",4
"Customer",1
"Customer",1
"Customer",5
"Customer",2
"Customer",1
"Customer",6
"Customer",2
"Customer",16
"Customer",2
"Customer",1
"Customer",1
"Customer",1
"Customer",30
"Customer",7
"Customer",4
"Customer",2
"Customer",1
"Customer",2
"Customer",1
"Customer",6
"Customer",5
"Customer",8
"Customer",1
"Customer",7
"Customer",5
"Customer",1
"Customer",2
"Customer",11
"Customer",4
"Customer",2
"Customer",9
"Customer",2
"Customer",1
"Customer",2
"Customer",4
"Customer",1
"Customer",3
"Customer",1
"Customer",5
"Customer",9
"Customer",1
"Customer",2
"Customer",3
"Customer",38
"Customer",1
"Customer",5
"Customer",19
"Customer",36
"Customer",10
"Customer",28
"Customer",1
"Customer",1
"Customer",2
"Customer",1
"Customer",1
"Customer",2
"Customer",5
"Customer",7
"Customer",4
"Customer",1
"Customer",7
"Customer",1
"Customer",4
"Customer",4
"Customer",1
"Customer",6
"Customer",1
"Customer",3
"Customer",5
"Customer",1
"Customer",11
"Customer",5
"Customer",6
"Customer",3
"Customer",4
"Customer",6
"Customer",7
"Customer",1
"Customer",3
"Customer",3
"Customer",4
"Customer",2
"Customer",1
"Customer",4
"Customer",16
"Customer",1
"Customer",3
"Customer",4
"Customer",6
"Customer",5
"Customer",2
"Customer",1
"Customer",12
"Customer",3
"Customer",1
"Customer",10
"Customer",19
"Customer",3
"Customer",58
"Customer",6
"Customer",2
"Customer",1
"Customer",5
"Customer",18
"Customer",1
"Customer",1
"Customer",19
"Customer",1
"Customer",8
"Customer",6
"Customer",1
"Customer",1
"Customer",3
"Customer",5
"Customer",1
"Customer",1
"Customer",4
"Customer",1
"Customer",12
"Customer",1
"Customer",1
"Customer",3
"Customer",1
"Customer",6
"Customer",1
"Customer",1
"Customer",1
"Customer",2
"Customer",1
"Customer",1
"Customer",1
"Customer",1
"Customer",1
"Customer",5
"Customer",1
"Customer",2
"Customer",4
"Customer",2
"Customer",7
"Customer",3
"Customer",1
"Customer",2
"Customer",1
"Customer",1
"Customer",4
"Customer",1
"Customer",1
"Customer",2
"Customer",1
"Customer",6
"Customer",2
"Customer",2
"Customer",3
"Customer",2
"Customer",3
"Customer",1
"Customer",12
"Customer",5
"Customer",1
"Customer",11
"Customer",1
"Customer",2
"Customer",1
"Customer",3
"Customer",3
"Customer",1
"Customer",1
"Customer",1
"Customer",4
"Customer",19
"Customer",3
"Customer",2
"Customer",10
"Customer",2
"Customer",3
"Customer",1
"Customer",4
"Customer",3
"Customer",2
"Customer",5
"Customer",2
"Customer",3
"Customer",106
"Customer",9
"Customer",1
"Customer",1
"Customer",6
"Customer",6
"Customer",4
"Customer",3
"Customer",6
"Customer",31
"Customer",1
"Customer",2
"Customer",8
"Customer",1
"Customer",1
"Customer",1
"Customer",5
"Customer",22
"Customer",6
"Customer",3
"Customer",4
"Customer",2
"Customer",8
"Customer",2
"Customer",4
"Customer",5
"Customer",9
"Customer",1
"Customer",7
"Customer",1
"Customer",3
"Customer",7
"Customer",2
"Customer",3
"Customer",6
"Customer",2
"Customer",1
"Customer",11
"Customer",3
"Customer",12
"Customer",1
"Customer",13
"Customer",11
"Customer",3
"Customer",3
"Customer",1
"Customer",6
"Customer",6
"Customer",2
"Customer",16
"Customer",2
"Customer",2
"Customer",6
"Customer",5
"Customer",6
"Customer",2
"Customer",5
"Customer",2
"Customer",72
"Customer",1
"Customer",2
"Customer",4
"Customer",2
"Customer",8
"Customer",3
"Customer",4
"Customer",5
"Customer",11
"Customer",5
"Customer",4
"Customer",2
"Customer",11
"Customer",2
"Customer",1
"Customer",3
"Customer",11
"Customer",3
"Customer",5
"Customer",23
"Customer",4
"Customer",1
"Customer",27
"Customer",3
"Customer",2
"Customer",1
"Customer",10
"Customer",2
"Customer",6
"Customer",1
"Customer",5
"Customer",4
"Customer",3
"Customer",5
"Customer",5
"Customer",1
"Customer",4
"Customer",5
"Customer",4
"Customer",2
"Customer",7
"Customer",11
"Customer",1
"Customer",4
"Customer",3
"Customer",4
"Customer",6
"Customer",4
"Customer",3
"Customer",1
"Customer",2
"Customer",11
"Customer",3
"Customer",1
"Customer",6
"Customer",5
"Customer",2
"Customer",2
"Customer",12
"Customer",2
"Customer",1
"Customer",6
"Customer",1
"Customer",3
"Customer",35
"Customer",1
"Customer",7
"Customer",2
"Customer",12
"Customer",7
"Customer",3
"Customer",2
"Customer",17
"Customer",2
"Customer",6
"Customer",2
"Customer",5
"Customer",1
"Customer",3
"Customer",8
"Customer",1
"Customer",2
"Customer",22
"Customer",1
"Customer",7
"Customer",13
"Customer",2
"Customer",13
"Customer",4
"Customer",2
"Customer",1
"Customer",11
"Customer",8
"Customer",2
"Customer",36
"Customer",3
"Customer",5
"Customer",4
"Customer",1
"Customer",4
"Customer",1
"Customer",26
"Customer",1
"Customer",6
"Customer",1
"Customer",5
"Customer",28
"Customer",11
"Customer",1
"Customer",5
"Customer",1
"Customer",2
"Customer",2
"Customer",2
"Customer",3
"Customer",3
"Customer",1
"Customer",4
"Customer",9
"Customer",6
"Customer",18
"Customer",7
"Customer",4
"Customer",14
"Customer",2
"Customer",3
"Customer",2
"Customer",2
"Customer",5
"Customer",33
"Customer",2
"Customer",4
"Customer",4
"Customer",1
"Customer",1
"Customer",2
"Customer",3
"Customer",2
"Customer",1
"Customer",1
"Customer",14
"Customer",10
"Customer",1
"Customer",5
"Customer",6
"Customer",8
"Customer",2
"Customer",8
"Customer",1
"Customer",2
"Customer",1
"Customer",1
"Customer",1
"Customer",10
"Customer",1
"Customer",1
"Customer",2
"Customer",7
"Customer",1
"Customer",19
"Customer",7
"Customer",11
"Customer",8
"Customer",15
"Customer",4
"Customer",5
"Customer",3
"Customer",1
"Customer",2
"Customer",1
"Customer",4
"Customer",4
"Customer",10
"Customer",4
"Customer",1
"Customer",2
"Customer",8
"Customer",8
"Customer",6
"Customer",10
"Customer",2
"Customer",5
"Customer",1
"Customer",11
"Customer",6
"Customer",4
"Customer",2
"Customer",9
"Customer",12
"Customer",1
"Customer",1
"Customer",11
"Customer",5
"Customer",3
"Customer",5
"Customer",1
"Customer",35
"Customer",3
"Customer",1
"Customer",1
"Customer",3
"Customer",2
"Customer",1
"Customer",2
"Customer",2
"Customer",2
"Customer",1
"Customer",3
"Customer",12
"Customer",4
"Customer",1
"Customer",1
"Customer",4
"Customer",7
"Customer",3
"Customer",1
"Customer",1
"Customer",2
"Customer",1
"Customer",1
"Customer",5
"Customer",9
"Customer",143
"Customer",16
"Customer",3
"Customer",1
"Customer",2
"Customer",2
"Customer",13
"Customer",1
"Customer",1
"Customer",2
"Customer",9
"Customer",7
"Customer",2
"Customer",5
"Customer",1
"Customer",18
"Customer",3
"Customer",9
"Customer",2
"Customer",3
"Customer",1
"Customer",17
"Customer",1
"Customer",8
"Customer",2
"Customer",11
"Customer",4
"Customer",2
"Customer",10
"Customer",6
"Customer",1
"Customer",8
"Customer",2
"Customer",8
"Customer",16
"Customer",3
"Customer",2
"Customer",2
"Customer",1
"Customer",2
"Customer",4
"Customer",13
"Customer",7
"Customer",1
"Customer",1
"Customer",2
"Customer",5
"Customer",3
"Customer",12
"Customer",7
"Customer",2
"Customer",2
"Customer",1
"Customer",2
"Customer",9
"Customer",11
"Customer",1
"Customer",7
"Customer",4
"Customer",3
"Customer",9
"Customer",23
"Customer",1
"Customer",14
"Customer",2
"Customer",5
"Customer",6
"Customer",5
"Customer",3
"Customer",6
"Customer",1
"Customer",1
"Customer",73
"Customer",2
"Customer",20
"Customer",4
"Customer",9
"Customer",8
"Customer",2
"Customer",1
"Customer",1
"Customer",61
"Customer",4
"Customer",1
"Customer",3
"Customer",3
"Customer",13
"Customer",4
"Customer",14
"Customer",4
"Customer",6
"Customer",6
"Customer",1
"Customer",1
"Customer",1
"Customer",2
"Customer",3
"Customer",1
"Customer",1
"Customer",4
"Customer",1
"Customer",3
"Customer",110
"Customer",9
"Customer",3
"Customer",1
"Customer",19
"Customer",3
"Customer",9
"Customer",2
"Customer",1
"Customer",3
"Customer",5
"Customer",3
"Customer",2
"Customer",2
"Customer",3
"Customer",8
"Customer",3
"Customer",8
"Customer",2
"Customer",2
"Customer",1
"Customer",6
"Customer",3
"Customer",6
"Customer",2
"Customer",7
"Customer",12
"Customer",2
"Customer",1
"Customer",3
"Customer",1
"Customer",1
"Customer",1
"Customer",18
"Customer",2
"Customer",2
"Customer",2
"Customer",7
"Customer",2
"Customer",2
"Customer",10
"Customer",1
"Customer",1
"Customer",1
"Customer",18
"Customer",1
"Customer",1
"Customer",1
"Customer",4
"Customer",1
"Customer",8
"Customer",5
"Customer",1
"Customer",8
"Customer",1
"Customer",1
"Customer",39
"Customer",4
"Customer",11
"Customer",6
"Customer",1
"Customer",2
"Customer",5
"Customer",2
"Customer",9
"Customer",4
"Customer",1
"Customer",4
"Customer",1
"Customer",3
"Customer",2
"Customer",10
"Customer",15
"Customer",17
"Customer",3
"Customer",8
"Customer",7
"Customer",14
"Customer",1
"Customer",3
"Customer",4
"Customer",1
"Customer",17
"Customer",43
"Customer",5
"Customer",14
"Customer",10
"Customer",2
"Customer",1
"Customer",1
"Customer",7
"Customer",6
"Customer",14
"Customer",3
"Customer",6
"Customer",1
"Customer",3
"Customer",6
"Customer",1
"Customer",3
"Customer",2
"Customer",2
"Customer",6
"Customer",15
"Customer",5
"Customer",1
"Customer",2
"Customer",1
"Customer",1
"Customer",1
"Customer",4
"Customer",2
"Customer",20
"Customer",1
"Customer",1
"Customer",2
"Customer",1
"Customer",4
"Customer",2
"Customer",2
"Customer",4
"Customer",4
"Customer",4
"Customer",3
"Customer",1
"Customer",6
"Customer",4
"Customer",1
"Customer",2
"Customer",4
"Customer",11
"Customer",2
"Customer",11
"Customer",1
"Customer",2
"Customer",1
"Customer",3
"Customer",3
"Customer",2
"Customer",1
"Customer",7
"Customer",4
"Customer",15
"Customer",1
"Customer",1
"Customer",1
"Customer",2
"Customer",6
"Customer",1
"Customer",4
"Customer",6
"Customer",4
"Customer",3
"Customer",14
"Customer",12
"Customer",2
"Customer",3
"Customer",5
"Customer",3
"Customer",8
"Customer",6
"Customer",2
"Customer",1
"Customer",3
"Customer",17
"Customer",2
"Customer",3
"Customer",1
"Customer",2
"Customer",1
"Customer",35
"Customer",2
"Customer",14
"Customer",2
"Customer",1
"Customer",2
"Customer",12
"Customer",4
"Customer",1
"Customer",2
"Customer",7
"Customer",5
"Customer",1
"Customer",9
"Customer",21
"Customer",12
"Customer",22
"Customer",1
"Customer",2
"Customer",8
"Customer",5
"Customer",1
"Customer",6
"Customer",3
"Customer",19
"Customer",6
"Customer",14
"Customer",2
"Customer",3
"Customer",3
"Customer",29
"Customer",5
"Customer",9
"Customer",2
"Customer",1
"Customer",11
"Customer",5
"Customer",7
"Customer",1
"Customer",1
"Customer",3
"Customer",2
"Customer",2
"Customer",1
"Customer",5
"Customer",3
"Customer",1
"Customer",11
"Customer",1
"Customer",1
"Customer",3
"Customer",4
"Customer",7
"Customer",2
"Customer",2
"Customer",3
"Customer",8
"Customer",2
"Customer",1
"Customer",3
"Customer",2
"Customer",20
"Customer",44
"Customer",16
"Customer",1
"Customer",3
"Customer",9
"Customer",1
"Customer",6
"Customer",5
"Customer",2
"Customer",35
"Customer",1
"Customer",1
"Customer",2
"Customer",10
"Customer",16
"Customer",1
"Customer",14
"Customer",3
"Customer",13
"Customer",2
"Customer",37
"Customer",2
"Customer",4
"Customer",1
"Customer",3
"Customer",23
"Customer",22
"Customer",2
"Customer",1
"Customer",30
"Customer",3
"Customer",24
"Customer",7
"Customer",15
"Customer",3
"Customer",1
"Customer",2
"Customer",4
"Customer",2
"Customer",1
"Customer",8
"Customer",1
"Customer",1
"Customer",1
"Customer",5
"Customer",1
"Customer",6
"Customer",9
"Customer",1
"Customer",5
"Customer",10
"Customer",2
"Customer",11
"Customer",1
"Customer",32
"Customer",1
"Customer",3
"Customer",16
"Customer",1
"Customer",1
"Customer",2
"Customer",24
"Customer",1
"Customer",1
"Customer",1
"Customer",17
"Customer",2
"Customer",1
"Customer",20
"Customer",1
"Customer",13
"Customer",5
"Customer",5
"Customer",5
"Customer",1
"Customer",11
"Customer",4
"Customer",1
"Customer",33
"Customer",4
"Customer",13
"Customer",16
"Customer",7
"Customer",2
"Customer",5
"Customer",1
"Customer",1
"Customer",2
"Customer",4
"Customer",3
"Customer",1
"Customer",1
"Customer",3
"Customer",4
"Customer",6
"Customer",3
"Customer",9
"Customer",4
"Customer",1
"Customer",11
"Customer",4
"Customer",15
"Customer",24
"Customer",5
"Customer",1
"Customer",2
"Customer",4
"Customer",2
"Customer",4
"Customer",2
"Customer",1
"Customer",1
"Customer",7
"Customer",12
"Customer",9
"Customer",2
"Customer",1
"Customer",2
"Customer",2
"Customer",7
"Customer",1
"Customer",8
"Customer",1
"Customer",144
"Customer",5
"Customer",1
"Customer",20
"Customer",7
"Customer",7
"Customer",2
"Customer",5
"Customer",2
"Customer",1
"Customer",2
"Customer",8
"Customer",2
"Customer",2
"Customer",3
"Customer",2
"Customer",3
"Customer",6
"Customer",1
"Customer",8
"Customer",5
"Customer",13
"Customer",7
"Customer",2
"Customer",33
"Customer",2
"Customer",4
"Customer",2
"Customer",1
"Customer",1
"Customer",5
"Customer",1
"Customer",6
"Customer",16
"Customer",1
"Customer",15
"Customer",1
"Customer",3
"Customer",36
"Customer",6
"Customer",1
"Customer",1
"Customer",9
"Customer",4
"Customer",1
"Customer",10
"Customer",3
"Customer",1
"Customer",4
"Customer",9
"Customer",3
"Customer",1
"Customer",2
"Customer",15
"Customer",16
"Customer",18
"Customer",2
"Customer",1
"Customer",5
"Customer",9
"Customer",5
"Customer",23
"Customer",1
"Customer",3
"Customer",4
"Customer",17
"Customer",1
"Customer",3
"Customer",9
"Customer",4
"Customer",6
"Customer",15
"Customer",3
"Customer",7
"Customer",3
"Customer",4
"Customer",5
"Customer",7
"Customer",4
"Customer",9
"Customer",5
"Customer",2
"Customer",3
"Customer",21
"Customer",3
"Customer",2
"Customer",2
"Customer",17
"Customer",1
"Customer",2
"Customer",3
"Customer",5
"Customer",3
"Customer",12
"Customer",3
"Customer",5
"Customer",1
"Customer",2
"Customer",1
"Customer",5
"Customer",9
"Customer",25
"Customer",1
"Customer",3
"Customer",2
"Customer",8
"Customer",1
"Customer",6
"Customer",4
"Customer",1
"Customer",3
"Customer",1
"Customer",1
"Customer",1
"Customer",2
"Customer",4
"Customer",4
"Customer",1
"Customer",6
"Customer",7
"Customer",8
"Customer",1
"Customer",2
"Customer",1
"Customer",1
"Customer",25
"Customer",4
"Customer",3
"Customer",8
"Customer",7
"Customer",3
"Customer",1
"Customer",6
"Customer",8
"Customer",23
"Customer",16
"Customer",9
"Customer",1
"Customer",4
"Customer",2
"Customer",4
"Customer",82
"Customer",27
"Customer",1
"Customer",4
"Customer",3
"Customer",2
"Customer",3
"Customer",3
"Customer",6
"Customer",10
"Customer",11
"Customer",1
"Customer",2
"Customer",11
"Customer",2
"Customer",8
"Customer",5
"Customer",1
"Customer",1
"Customer",1
"Customer",5
"Customer",7
"Customer",4
"Customer",2
"Customer",2
"Customer",1
"Customer",3
"Customer",6
"Customer",15
"Customer",1
"Customer",2
"Customer",5
"Customer",1
"Customer",12
"Customer",2
"Customer",4
"Customer",3
"Customer",2
"Customer",1
"Customer",18
"Customer",6
"Customer",4
"Customer",20
"Customer",1
"Customer",5
"Customer",1
"Customer",1
"Customer",1
"Customer",3
"Customer",1
"Customer",4
"Customer",3
"Customer",2
"Customer",3
"Customer",2
"Customer",1
"Customer",2
"Customer",3
"Customer",4
"Customer",1
"Customer",1
"Customer",2
"Customer",8
"Customer",2
"Customer",1
"Customer",16
"Customer",1
"Customer",2
"Customer",6
"Customer",1
"Customer",2
"Customer",1
"Customer",1
"Customer",3
"Customer",1
"Customer",2
"Customer",1
"Customer",4
"Customer",2
"Customer",2
"Customer",3
"Customer",1
"Customer",3
"Customer",1
"Customer",3
"Customer",16
"Customer",5
"Customer",13
"Customer",1
"Customer",1
"Customer",1
"Customer",1
"Customer",20
"Customer",7
"Customer",19
"Customer",2
"Customer",8
"Customer",3
"Customer",22
"Customer",1
"Customer",6
"Customer",13
"Customer",1
"Customer",1
"Customer",5
"Customer",11
"Customer",9
"Customer",11
"Customer",1
"Customer",3
"Customer",3
"Customer",8
"Customer",23
"Customer",2
"Customer",1
"Customer",3
"Customer",7
"Customer",4
"Customer",6
"Customer",19
"Customer",3
"Customer",1
"Customer",3
"Customer",17
"Customer",4
"Customer",5
"Customer",1
"Customer",3
"Customer",4
"Customer",6
"Customer",1
"Customer",6
"Customer",1
"Customer",2
"Customer",5
"Customer",1
"Customer",5
"Customer",13
"Customer",11
"Customer",7
"Customer",5
"Customer",1
"Customer",1
"Customer",5
"Customer",6
"Customer",2
"Customer",8
"Customer",7
"Customer",12
"Customer",4
"Customer",1
"Customer",5
"Customer",4
"Customer",9
"Customer",1
"Customer",1
"Customer",2
"Customer",9
"Customer",13
"Customer",12
"Customer",4
"Customer",2
"Customer",11
"Customer",13
"Customer",12
"Customer",1
"Customer",4
"Customer",3
"Customer",2
"Customer",9
"Customer",2
"Customer",2
"Customer",4
"Customer",1
"Customer",7
"Customer",4
"Customer",4
"Customer",4
"Customer",5
"Customer",12
"Customer",2
"Customer",4
"Customer",1
"Customer",2
"Customer",7
"Customer",1
"Customer",4
"Customer",2
"Customer",2
"Customer",7
"Customer",10
"Customer",3
"Customer",3
"Customer",7
"Customer",2
"Customer",10
"Customer",7
"Customer",3
"Customer",2
"Customer",11
"Customer",6
"Customer",4
"Customer",19
"Customer",7
"Customer",11
"Customer",5
"Customer",1
"Customer",3
"Customer",5
"Customer",7
"Customer",6
"Customer",9
"Customer",12
"Customer",1
"Customer",2
"Customer",1
"Customer",2
"Customer",2
"Customer",1
"Customer",8
"Customer",1
"Customer",13
"Customer",17
"Customer",1
"Customer",121
"Customer",1
"Customer",3
"Customer",16
"Customer",1
"Customer",11
"Customer",11
"Customer",26
"Customer",9
"Customer",1
"Customer",2
"Customer",5
"Customer",2
"Customer",11
"Customer",14
"Customer",1
"Customer",39
"Customer",3
"Customer",1
"Customer",11
"Customer",8
"Customer",9
"Customer",4
"Customer",4
"Customer",7
"Customer",3
"Customer",9
"Customer",4
"Customer",6
"Customer",3
"Customer",1
"Customer",3
"Customer",1
"Customer",44
"Customer",3
"Customer",26
"Customer",2
"Customer",2
"Customer",5
"Customer",4
"Customer",2
"Customer",1
"Customer",4
"Customer",3
"Customer",1
"Customer",11
"Customer",13
"Customer",1
"Customer",1
"Customer",1
"Customer",7
"Customer",1
"Customer",1
"Customer",1
"Customer",2
"Customer",1
"Customer",8
"Customer",8
"Customer",5
"Customer",1
"Customer",9
"Customer",1
"Customer",1
"Customer",20
"Customer",4
"Customer",3
"Customer",12
"Customer",2
"Customer",8
"Customer",1
"Customer",6
"Customer",2
"Customer",2
"Customer",2
"Customer",1
"Customer",1
"Customer",1
"Customer",1
"Customer",4
"Customer",184
"Customer",20
"Customer",10
"Customer",10
"Customer",2
"Customer",2
"Customer",1
"Customer",1
"Customer",1
"Customer",5
"Customer",5
"Customer",2
"Customer",7
"Customer",2
"Customer",2
"Customer",9
"Customer",1
"Customer",10
"Customer",6
"Customer",11
"Customer",11
"Customer",1
"Customer",5
"Customer",2
"Customer",1
"Customer",6
"Customer",1
"Customer",1
"Customer",4
"Customer",1
"Customer",2
"Customer",1
"Customer",1
"Customer",9
"Customer",10
"Customer",1
"Customer",1
"Customer",5
"Customer",7
"Customer",3
"Customer",146
"Customer",2
"Customer",15
"Customer",9
"Customer",1
"Customer",9
"Customer",1
"Customer",11
"Customer",1
"Customer",7
"Customer",5
"Customer",6
"Customer",2
"Customer",9
"Customer",2
"Customer",1
"Customer",7
"Customer",2
"Customer",2
"Customer",7
"Customer",1
"Customer",54
"Customer",1
"Customer",7
"Customer",3
"Customer",2
"Customer",4
"Customer",7
"Customer",1
"Customer",2
"Customer",12
"Customer",1
"Customer",1
"Customer",3
"Customer",58
"Customer",6
"Customer",6
"Customer",1
"Customer",6
"Customer",8
"Customer",5
"Customer",3
"Customer",28
"Customer",1
"Customer",4
"Customer",5
"Customer",12
"Customer",7
"Customer",1
"Customer",3
"Customer",8
"Customer",2
"Customer",5
"Customer",4
"Customer",5
"Customer",15
"Customer",29
"Customer",1
"Customer",9
"Customer",1
"Customer",1
"Customer",2
"Customer",5
"Customer",25
"Customer",13
"Customer",11
"Customer",4
"Customer",21
"Customer",4
"Customer",8
"Customer",3
"Customer",1
"Customer",1
"Customer",5
"Customer",3
"Customer",1
"Customer",3
"Customer",11
"Customer",1
"Customer",4
"Customer",1
"Customer",3
"Customer",1
"Customer",3
"Customer",8
"Customer",3
"Customer",19
"Customer",15
"Customer",4
"Customer",55
"Customer",2
"Customer",4
"Customer",9
"Customer",25
"Customer",11
"Customer",7
"Customer",1
"Customer",1
"Customer",14
"Customer",12
"Customer",4
"Customer",1
"Customer",10
"Customer",1
"Customer",1
"Customer",2
"Customer",1
"Customer",2
"Customer",6
"Customer",25
"Customer",3
"Customer",1
"Customer",7
"Customer",3
"Customer",1
"Customer",3
"Customer",2
"Customer",1
"Customer",3
"Customer",11
"Customer",1
"Customer",2
"Customer",17
"Customer",8
"Customer",2
"Customer",1
"Customer",1
"Customer",1
"Customer",3
"Customer",15
"Customer",1
"Customer",2
"Customer",3
"Customer",2
"Customer",1
"Customer",1
"Customer",3
"Customer",2
"Customer",1
"Customer",1
"Customer",3
"Customer",1
"Customer",10
"Customer",1
"Customer",1
"Customer",2
"Customer",10
"Customer",1
"Customer",27
"Customer",1
"Customer",8
"Customer",2
"Customer",17
"Customer",1
"Customer",3
"Customer",1
"Customer",7
"Customer",2
"Customer",2
"Customer",8
"Customer",2
"Customer",13
"Customer",1
"Customer",1
"Customer",4
"Customer",1
"Customer",2
"Customer",1
"Customer",7
"Customer",6
"Customer",4
"Customer",9
"Customer",7
"Customer",1
"Customer",3
"Customer",10
"Customer",24
"Customer",2
"Customer",13
"Customer",7
"Customer",1
"Customer",3
"Customer",1
"Customer",7
"Customer",2
"Customer",3
"Customer",9
"Customer",2
"Customer",3
"Customer",2
"Customer",14
"Customer",4
"Customer",1
"Customer",10
"Customer",1
"Customer",1
"Customer",3
"Customer",1
"Customer",43
"Customer",7
"Customer",3
"Customer",18
"Customer",5
"Customer",11
"Customer",7
"Customer",3
"Customer",7
"Customer",1
"Customer",5
"Customer",1
"Customer",10
"Customer",2
"Customer",1
"Customer",4
"Customer",17
"Customer",16
"Customer",12
"Customer",6
"Customer",6
"Customer",9
"Customer",3
"Customer",2
"Customer",1
"Customer",3
"Customer",2
"Customer",2
"Customer",25
"Customer",1
"Customer",3
"Customer",1
"Customer",14
"Customer",6
"Customer",1
"Customer",3
"Customer",1
"Customer",1
"Customer",1
"Customer",1
"Customer",3
"Customer",4
"Customer",1
"Customer",3
"Customer",3
"Customer",38
"Customer",8
"Customer",8
"Customer",14
"Customer",1
"Customer",1
"Customer",12
"Customer",3
"Customer",5
"Customer",4
"Customer",8
"Customer",16
"Customer",2
"Customer",3
"Customer",4
"Customer",373
"Customer",5
"Customer",8
"Customer",11
"Customer",8
"Customer",2
"Customer",9
"Customer",1
"Customer",3
"Customer",2
"Customer",2
"Customer",1
"Customer",3
"Customer",2
"Customer",1
"Customer",1
"Customer",2
"Customer",6
"Customer",4
"Customer",2
"Customer",4
"Customer",5
"Customer",2
"Customer",12
"Customer",3
"Customer",2
"Customer",2
"Customer",1
"Customer",4
"Customer",1
"Customer",19
"Customer",1
"Customer",1
"Customer",6
"Customer",6
"Customer",4
"Customer",1
"Customer",1
"Customer",32
"Customer",4
"Customer",2
"Customer",1
"Customer",1
"Customer",2
"Customer",6
"Customer",4
"Customer",2
"Customer",22
"Customer",4
"Customer",12
"Customer",1
"Customer",2
"Customer",6
"Customer",6
"Customer",2
"Customer",1
"Customer",12
"Customer",3
"Customer",2
"Customer",3
"Customer",1
"Customer",2
"Customer",6
"Customer",1
"Customer",10
"Customer",1
"Customer",1
"Customer",2
"Customer",1
"Customer",1
"Customer",6
"Customer",2
"Customer",2
"Customer",8
"Customer",7
"Customer",1
"Customer",2
"Customer",1
"Customer",1
"Customer",1
"Customer",5
"Customer",2
"Customer",2
"Customer",4
"Customer",4
"Customer",1
"Customer",1
"Customer",2
"Customer",9
"Customer",6
"Customer",1
"Customer",56
"Customer",2
"Customer",1
"Customer",2
"Customer",3
"Customer",1
"Customer",2
"Customer",3
"Customer",10
"Customer",2
"Customer",13
"Customer",5
"Customer",1
"Customer",3
"Customer",1
"Customer",1
"Customer",12
"Customer",5
"Customer",20
"Customer",16
"Customer",2
"Customer",5
"Customer",10
"Customer",6
"Customer",1
"Customer",8
"Customer",14
"Customer",8
"Customer",10
"Customer",14
"Customer",1
"Customer",3
"Customer",2
"Customer",9
"Customer",93
"Customer",1
"Customer",2
"Customer",2
"Customer",6
"Customer",32
"Customer",2
"Customer",25
"Customer",1
"Customer",4
"Customer",1
"Customer",5
"Customer",9
"Customer",1
"Customer",3
"Customer",2
"Customer",3
"Customer",1
"Customer",5
"Customer",16
"Customer",19
"Customer",4
"Customer",127
"Customer",8
"Customer",1
"Customer",4
"Customer",5
"Customer",1
"Customer",5
"Customer",4
"Customer",1
"Customer",3
"Customer",4
"Customer",1
"Customer",8
"Customer",3
"Customer",1
"Customer",3
"Customer",2
"Customer",52
"Customer",11
"Customer",2
"Customer",12
"Customer",1
"Customer",1
"Customer",2
"Customer",1
"Customer",2
"Customer",1
"Customer",2
"Customer",6
"Customer",1
"Customer",3
"Customer",3
"Customer",23
"Customer",2
"Customer",10
"Customer",1
"Customer",3
"Customer",3
"Customer",1
"Customer",7
"Customer",6
"Customer",2
"Customer",2
"Customer",2
"Customer",9
"Customer",5
"Customer",9
"Customer",3
"Customer",3
"Customer",6
"Customer",5
"Customer",1
"Customer",3
"Customer",12
"Customer",2
"Customer",4
"Customer",8
"Customer",1
"Customer",1
"Customer",1
"Customer",2
"Customer",11
"Customer",5
"Customer",4
"Customer",24
"Customer",2
"Customer",2
"Customer",5
"Customer",23
"Customer",1
"Customer",1
"Customer",5
"Customer",5
"Customer",10
"Customer",2
"Customer",4
"Customer",2
"Customer",1
"Customer",2
"Customer",8
"Customer",7
"Customer",6
"Customer",2
"Customer",29
"Customer",4
"Customer",2
"Customer",1
"Customer",1
"Customer",4
"Customer",13
"Customer",2
"Customer",14
"Customer",1
"Customer",3
"Customer",1
"Customer",3
"Customer",5
"Customer",2
"Customer",34
"Customer",4
"Customer",1
"Customer",1
"Customer",2
"Customer",9
"Customer",1
"Customer",1
"Customer",5
"Customer",1
"Customer",2
"Customer",1
"Customer",1
"Customer",5
"Customer",7
"Customer",2
"Customer",1
"Customer",1
"Customer",1
"Customer",1
"Customer",13
"Customer",3
"Customer",5
"Customer",11
"Customer",3
"Customer",4
"Customer",1
"Customer",5
"Customer",15
"Customer",1
"Customer",46
"Customer",1
"Customer",3
"Customer",5
"Customer",1
"Customer",28
"Customer",1
"Customer",2
"Customer",6
"Customer",5
"Customer",10
"Customer",1
"Customer",7
"Customer",15
"Customer",1
"Customer",2
"Customer",4
"Customer",3
"Customer",6
"Customer",1
"Customer",3
"Customer",2
"Customer",2
"Customer",2
"Customer",8
"Customer",7
"Customer",2
"Customer",1
"Customer",22
"Customer",2
"Customer",6
"Customer",4
"Customer",11
"Customer",5
"Customer",5
"Customer",1
"Customer",1
"Customer",9
"Customer",6
"Customer",1
"Customer",2
"Customer",1
"Customer",2
"Customer",1
"Customer",1
"Customer",16
"Customer",1
"Customer",4
"Customer",3
"Customer",2
"Customer",12
"Customer",11
"Customer",1
"Customer",2
"Customer",3
"Customer",8
"Customer",3
"Customer",3
"Customer",3
"Customer",18
"Customer",1
"Customer",21
"Customer",5
"Customer",8
"Customer",3
"Customer",9
"Customer",2
"Customer",2
"Customer",2
"Customer",4
"Customer",25
"Customer",4
"Customer",3
"Customer",1
"Customer",2
"Customer",4
"Customer",5
"Customer",5
"Customer",3
"Customer",3
"Customer",21
"Customer",24
"Customer",6
"Customer",1
"Customer",2
"Customer",1
"Customer",4
"Customer",2
"Customer",4
"Customer",5
"Customer",3
"Customer",16
"Customer",1
"Customer",3
"Customer",1
"Customer",1
"Customer",1
"Customer",5
"Customer",10
"Customer",5
"Customer",26
"Customer",39
"Customer",1
"Customer",1
"Customer",1
"Customer",1
"Customer",12
"Customer",3
"Customer",23
"Customer",9
"Customer",1
"Customer",17
"Customer",1
"Customer",3
"Customer",9
"Customer",1
"Customer",9
"Customer",1
"Customer",1
"Customer",4
"Customer",1
"Customer",207
"Customer",12
"Customer",1
"Customer",3
"Customer",2
"Customer",1
"Customer",1
"Customer",1
"Customer",1
"Customer",1
"Customer",12
"Customer",2
"Customer",3
"Customer",1
"Customer",8
"Customer",5
"Customer",1
"Customer",1
"Customer",11
"Customer",2
"Customer",3
"Customer",6
"Customer",1
"Customer",3
"Customer",1
"Customer",1
"Customer",1
"Customer",1
"Customer",7
"Customer",1
"Customer",2
"Customer",1
"Customer",1
"Customer",3
"Customer",1
"Customer",3
"Customer",4
"Customer",1
"Customer",2
"Customer",2
"Customer",10
"Customer",1
"Customer",7
"Customer",2
"Customer",13
"Customer",42
"Customer",8
"Customer",1
"Customer",4
"Customer",2
"Customer",2
"Customer",2
"Customer",13
"Customer",7
"Customer",11
"Customer",2
"Customer",11
"Customer",8
"Customer",1
"Customer",8
"Customer",17
"Customer",2
"Customer",1
"Customer",3
"Customer",4
"Customer",2
"Customer",8
"Customer",11
"Customer",5
"Customer",12
"Customer",4
"Customer",3
"Customer",1
"Customer",1
"Customer",1
"Customer",5
"Customer",2
"Customer",1
"Customer",7
"Customer",5
"Customer",11
"Customer",1
"Customer",2
"Customer",1
"Customer",2
"Customer",3
"Customer",8
"Customer",2
"Customer",6
"Customer",2
"Customer",1
"Customer",2
"Customer",4
"Customer",4
"Customer",1
"Customer",1
"Customer",10
"Customer",4
"Customer",1
"Customer",5
"Customer",3
"Customer",1
"Customer",7
"Customer",1
"Customer",2
"Customer",1
"Customer",6
"Customer",10
"Customer",7
"Customer",3
"Customer",3
"Customer",4
"Customer",9
"Customer",3
"Customer",4
"Customer",2
"Customer",2
"Customer",1
"Customer",2
"Customer",2
"Customer",11
"Customer",1
"Customer",3
"Customer",2
"Customer",1
"Customer",4
"Customer",3
"Customer",3
"Customer",1
"Customer",14
"Customer",2
"Customer",2
"Customer",3
"Customer",5
"Customer",2
"Customer",3
"Customer",1
"Customer",2
"Customer",6
"Customer",7
"Customer",2
"Customer",1
"Customer",10
"Customer",1
"Customer",2
"Customer",2
"Customer",1
"Customer",2
"Customer",4
"Customer",1
"Customer",1
"Customer",32
"Customer",4
"Customer",3
"Customer",3
"Customer",3
"Customer",1
"Customer",3
"Customer",1
"Customer",8
"Customer",1
"Customer",1
"Customer",4
"Customer",1
"Customer",3
"Customer",1
"Customer",3
"Customer",1
"Customer",18
"Customer",10
"Customer",6
"Customer",7
"Customer",1
"Customer",1
"Customer",5
"Customer",8
"Customer",1
"Customer",6
"Customer",2
"Customer",9
"Customer",5
"Customer",1
"Customer",1
"Customer",9
"Customer",44
"Customer",1
"Customer",4
"Customer",2
"Customer",12
"Customer",2
"Customer",4
"Customer",5
"Customer",6
"Customer",1
"Customer",6
"Customer",1
"Customer",1
"Customer",5
"Customer",4
"Customer",35
"Customer",18
"Customer",1
"Customer",3
"Customer",1
"Customer",15
"Customer",2
"Customer",1
"Customer",16
"Customer",2
"Customer",16
"Customer",2
"Customer",4
"Customer",2
"Customer",23
"Customer",1
"Customer",12
"Customer",5
"Customer",2
"Customer",10
"Customer",3
"Customer",1
"Customer",6
"Customer",1
"Customer",1
"Customer",6
"Customer",1
"Customer",2
"Customer",1
"Customer",3
"Customer",2
"Customer",20
"Customer",2
"Customer",2
"Customer",26
"Customer",1
"Customer",8
"Customer",12
"Customer",7
"Customer",2
"Customer",1
"Customer",1
"Customer",36
"Customer",1
"Customer",1
"Customer",1
"Customer",1
"Customer",2
"Customer",8
"Customer",3
"Customer",6
"Customer",2
"Customer",2
"Customer",2
"Customer",1
"Customer",3
"Customer",10
"Customer",25
"Customer",14
"Customer",10
"Customer",5
"Customer",6
"Customer",1
"Customer",1
"Customer",5
"Customer",1
"Customer",5
"Customer",8
"Customer",34
"Customer",3
"Customer",1
"Customer",6
"Customer",1
"Customer",3
"Customer",7
"Customer",1
"Customer",3
"Customer",5
"Customer",3
"Customer",1
"Customer",1
"Customer",5
"Customer",1
"Customer",9
"Customer",2
"Customer",2
"Customer",3
"Customer",4
"Customer",30
"Customer",16
"Customer",2
"Customer",1
"Customer",9
"Customer",17
"Customer",9
"Customer",5
"Customer",1
"Customer",1
"Customer",24
"Customer",2
"Customer",1
"Customer",4
"Customer",47
"Customer",1
"Customer",3
"Customer",4
"Customer",1
"Customer",4
"Customer",4
"Customer",17
"Customer",8
"Customer",4
"Customer",9
"Customer",3
"Customer",2
"Customer",17
"Customer",4
"Customer",3
"Customer",1
"Customer",8
"Customer",13
"Customer",2
"Customer",1
"Customer",4
"Customer",5
"Customer",6
"Customer",3
"Customer",29
"Customer",12
"Customer",1
"Customer",3
"Customer",4
"Customer",3
"Customer",5
"Customer",1
"Customer",2
"Customer",4
"Customer",2
"Customer",5
"Customer",5
"Customer",2
"Customer",2
"Customer",1
"Customer",4
"Customer",1
"Customer",8
"Customer",3
"Customer",15
"Customer",8
"Customer",2
"Customer",1
"Customer",4
"Customer",5
"Customer",2
"Customer",1
"Customer",1
"Customer",4
"Customer",2
"Customer",7
"Customer",1
"Customer",9
"Customer",12
"Customer",4
"Customer",3
"Customer",3
"Customer",3
"Customer",4
"Customer",10
"Customer",14
"Customer",2
"Customer",2
"Customer",3
"Customer",1
"Customer",1
"Customer",9
"Customer",1
"Customer",3
"Customer",2
"Customer",4
"Customer",1
"Customer",1
"Customer",23
"Customer",4
"Customer",13
"Customer",1
"Customer",1
"Customer",1
"Customer",2
"Customer",4
"Customer",1
"Customer",1
"Customer",6
"Customer",1
"Customer",4
"Customer",4
"Customer",9
"Customer",2
"Customer",1
"Customer",2
"Customer",12
"Customer",4
"Customer",5
"Customer",5
"Customer",11
"Customer",5
"Customer",1
"Customer",31
"Customer",2
"Customer",1
"Customer",11
"Customer",4
"Customer",3
"Customer",1
"Customer",1
"Customer",15
"Customer",2
"Customer",3
"Customer",5
"Customer",1
"Customer",10
"Customer",1
"Customer",4
"Customer",1
"Customer",2
"Customer",8
"Customer",41
"Customer",1
"Customer",1
"Customer",2
"Customer",1
"Customer",4
"Customer",1
"Customer",4
"Customer",1
"Customer",9
"Customer",3
"Customer",3
"Customer",18
"Customer",11
"Customer",9
"Customer",1
"Customer",9
"Customer",17
"Customer",4
"Customer",6
"Customer",1
"Customer",7
"Customer",1
"Customer",2
"Customer",2
"Customer",8
"Customer",1
"Customer",3
"Customer",34
"Customer",46
"Customer",1
"Customer",3
"Customer",1
"Customer",2
"Customer",6
"Customer",2
"Customer",1
"Customer",7
"Customer",1
"Customer",2
"Customer",3
"Customer",3
"Customer",4
"Customer",1
"Customer",2
"Customer",16
"Customer",5
"Customer",3
"Customer",1
"Customer",6
"Customer",1
"Customer",5
"Customer",2
"Customer",8
"Customer",2
"Customer",8
"Customer",17
"Customer",5
"Customer",3
"Customer",4
"Customer",7
"Customer",3
"Customer",4
"Customer",13
"Customer",30
"Customer",3
"Customer",5
"Customer",21
"Customer",7
"Customer",8
"Customer",7
"Customer",12
"Customer",2
"Customer",6
"Customer",5
"Customer",2
"Customer",3
"Customer",1
"Customer",10
"Customer",1
"Customer",2
"Customer",6
"Customer",2
"Customer",2
"Customer",1
"Customer",4
"Customer",28
"Customer",1
"Customer",2
"Customer",1
"Customer",3
"Customer",1
"Customer",1
"Customer",7
"Customer",4
"Customer",1
"Customer",2
"Customer",34
"Customer",3
"Customer",2
"Customer",9
"Customer",2
"Customer",1
"Customer",1
"Customer",11
"Customer",1
"Customer",5
"Customer",1
"Customer",6
"Customer",1
"Customer",3
"Customer",1
"Customer",21
"Customer",6
"Customer",52
"Customer",2
"Customer",13
"Customer",1
"Customer",17
"Customer",12
"Customer",13
"Customer",5
"Customer",7
"Customer",5
"Customer",1
"Customer",31
"Customer",1
"Customer",3
"Customer",4
"Customer",1
"Customer",4
"Customer",4
"Customer",21
"Customer",1
"Customer",2
"Customer",2
"Customer",2
"Customer",4
"Customer",1
"Customer",5
"Customer",8
"Customer",2
"Customer",2
"Customer",13
"Customer",4
"Customer",3
"Customer",3
"Customer",8
"Customer",5
"Customer",1
"Customer",1
"Customer",1
"Customer",2
"Customer",1
"Customer",2
"Customer",25
"Customer",1
"Customer",4
"Customer",6
"Customer",1
"Customer",12
"Customer",1
"Customer",1
"Customer",10
"Customer",3
"Customer",2
"Customer",1
"Customer",15
"Customer",8
"Customer",9
"Customer",1
"Customer",2
"Customer",1
"Customer",13
"Customer",5
"Customer",3
"Customer",2
"Customer",8
"Customer",4
"Customer",1
"Customer",1
"Customer",1
"Customer",1
"Customer",1
"Customer",1
"Customer",1
"Customer",1
"Customer",1
"Customer",1
"Customer",8
"Customer",3
"Customer",2
"Customer",1
"Customer",2
"Customer",1
"Customer",9
"Customer",15
"Customer",1
"Customer",1
"Customer",1
"Customer",2
"Customer",4
"Customer",4
"Customer",3
"Customer",1
"Customer",3
"Customer",2
"Customer",10
"Customer",3
"Customer",4
"Customer",18
"Customer",1
"Customer",22
"Customer",2
"Customer",3
"Customer",4
"Customer",3
"Customer",4
"Customer",1
"Customer",1
"Customer",2
"Customer",1
"Customer",13
"Customer",1
"Customer",12
"Customer",1
"Customer",5
"Customer",2
"Customer",18
"Customer",5
"Customer",2
"Customer",7
"Customer",1
"Customer",6
"Customer",2
"Customer",3
"Customer",1
"Customer",7
"Customer",21
"Customer",1
"Customer",8
"Customer",30
"Customer",7
"Customer",2
"Customer",8
"Customer",3
"Customer",2
"Customer",7
"Customer",1
"Customer",3
"Customer",7
"Customer",3
"Customer",1
"Customer",7
"Customer",16
"Customer",1
"Customer",3
"Customer",1
"Customer",1
"Customer",10
"Customer",5
"Customer",10
"Customer",2
"Customer",7
"Customer",15
"Customer",4
"Customer",11
"Customer",29
"Customer",5
"Customer",84
"Customer",5
"Customer",3
"Customer",11
"Customer",5
"Customer",4
"Customer",27
"Customer",3
"Customer",2
"Customer",1
"Customer",3
"Customer",3
"Customer",1
"Customer",1
"Customer",15
"Customer",1
"Customer",106
"Customer",1
"Customer",2
"Customer",6
"Customer",27
"Customer",6
"Customer",1
"Customer",4
"Customer",5
"Customer",3
"Customer",2
"Customer",7
"Customer",3
"Customer",8
"Customer",8
"Customer",1
"Customer",8
"Customer",1
"Customer",4
"Customer",6
"Customer",3
"Customer",1
"Customer",1
"Customer",6
"Customer",4
"Customer",1
"Customer",1
"Customer",10
"Customer",1
"Customer",12
"Customer",3
"Customer",1
"Customer",8
"Customer",1
"Customer",1
"Customer",8
"Customer",5
"Customer",3
"Customer",1
"Customer",1
"Customer",2
"Customer",4
"Customer",4
"Customer",1
"Customer",1
"Customer",2
"Customer",10
"Customer",1
"Customer",2
"Customer",3
"Customer",4
"Customer",8
"Customer",1
"Customer",4
"Customer",1
"Customer",12
"Customer",10
"Customer",5
"Customer",2
"Customer",2
"Customer",1
"Customer",2
"Customer",6
"Customer",1
"Customer",11
"Customer",1
"Customer",4
"Customer",1
"Customer",14
"Customer",7
"Customer",1
"Customer",4
"Customer",3
"Customer",22
"Customer",9
"Customer",5
"Customer",1
"Customer",7
"Customer",4
"Customer",3
"Customer",4
"Customer",1
"Customer",4
"Customer",1
"Customer",1
"Customer",12
"Customer",1
"Customer",3
"Customer",1
"Customer",8
"Customer",6
"Customer",5
"Customer",6
"Customer",1
"Customer",4
"Customer",14
"Customer",15
"Customer",2
"Customer",11
"Customer",3
"Customer",4
"Customer",12
"Customer",2
"Customer",56
"Customer",5
"Customer",2
"Customer",4
"Customer",1
"Customer",3
"Customer",5
"Customer",3
"Customer",2
"Customer",1
"Customer",12
"Customer",1
"Customer",19
"Customer",4
"Customer",5
"Customer",2
"Customer",3
"Customer",10
"Customer",1
"Customer",11
"Customer",5
"Customer",20
"Customer",3
"Customer",9
"Customer",4
"Customer",2
"Customer",43
"Customer",1
"Customer",6
"Customer",3
"Customer",1
"Customer",2
"Customer",5
"Customer",66
"Customer",4
"Customer",20
"Customer",1
"Customer",8
"Customer",6
"Customer",7
"Customer",7
"Customer",4
"Customer",8
"Customer",2
"Customer",1
"Customer",13
"Customer",1
"Customer",9
"Customer",4
"Customer",6
"Customer",3
"Customer",26
"Customer",15
"Customer",5
"Customer",2
"Customer",8
"Customer",24
"Customer",1
"Customer",2
"Customer",1
"Customer",1
"Customer",1
"Customer",9
"Customer",2
"Customer",7
"Customer",12
"Customer",5
"Customer",9
"Customer",6
"Customer",3
"Customer",7
"Customer",13
"Customer",1
"Customer",10
"Customer",9
"Customer",33
"Customer",3
"Customer",4
"Customer",1
"Customer",4
"Customer",1
"Customer",1
"Customer",2
"Customer",13
"Customer",1
"Customer",9
"Customer",2
"Customer",2
"Customer",5
"Customer",15
"Customer",5
"Customer",3
"Customer",3
"Customer",6
"Customer",2
"Customer",4
"Customer",7
"Customer",9
"Customer",3
"Customer",8
"Customer",1
"Customer",1
"Customer",1
"Customer",6
"Customer",2
"Customer",16
"Customer",14
"Customer",2
"Customer",2
"Customer",3
"Customer",2
"Customer",1
"Customer",1
"Customer",5
"Customer",3
"Customer",1
"Customer",1
"Customer",7
"Customer",3
"Customer",15
"Customer",3
"Customer",1
"Customer",15
"Customer",3
"Customer",1
"Customer",6
"Customer",1
"Customer",1
"Customer",2
"Customer",12
"Customer",14
"Customer",1
"Customer",2
"Customer",1
"Customer",1
"Customer",8
"Customer",1
"Customer",2
"Customer",1
"Customer",3
"Customer",3
"Customer",1
"Customer",3
"Customer",9
"Customer",1
"Customer",3
"Customer",3
"Customer",8
"Customer",3
"Customer",1
"Customer",2
"Customer",5
"Customer",1
"Customer",1
"Customer",4
"Customer",5
"Customer",15
"Customer",1
"Customer",4
"Customer",4
"Customer",1
"Customer",7
"Customer",1
"Customer",3
"Customer",1
"Customer",1
"Customer",7
"Customer",1
"Customer",1
"Customer",7
"Customer",3
"Customer",7
"Customer",2
"Customer",2
"Customer",2
"Customer",1
"Customer",2
"Customer",3
"Customer",2
"Customer",13
"Customer",5
"Customer",1
"Customer",1
"Customer",6
"Customer",7
"Customer",2
"Customer",2
"Customer",3
"Customer",12
"Customer",24
"Customer",16
"Customer",1
"Customer",4
"Customer",7
"Customer",6
"Customer",11
"Customer",22
"Customer",1
"Customer",7
"Customer",4
"Customer",1
"Customer",1
"Customer",1
"Customer",3
"Customer",7
"Customer",4
"Customer",3
"Customer",4
"Customer",2
"Customer",1
"Customer",11
"Customer",8
"Customer",1
"Customer",9
"Customer",13
"Customer",2
"Customer",38
"Customer",5
"Customer",1
"Customer",6
"Customer",4
"Customer",5
"Customer",16
"Customer",6
"Customer",4
"Customer",6
"Customer",1
"Customer",2
"Customer",15
"Customer",4
"Customer",3
"Customer",3
"Customer",7
"Customer",4
"Customer",1
"Customer",5
"Customer",2
"Customer",5
"Customer",2
"Customer",2
"Customer",2
"Customer",3
"Customer",4
"Customer",1
"Customer",2
"Customer",2
"Customer",7
"Customer",4
"Customer",5
"Customer",3
"Customer",5
"Customer",1
"Customer",4
"Customer",3
"Customer",4
"Customer",3
"Customer",23
"Customer",5
"Customer",14
"Customer",1
"Customer",1
"Customer",2
"Customer",3
"Customer",9
"Customer",23
"Customer",2
"Customer",1
"Customer",1
"Customer",2
"Customer",3
"Customer",14
"Customer",1
"Customer",12
"Customer",1
"Customer",4
"Customer",5
"Customer",2
"Customer",5
"Customer",3
"Customer",9
"Customer",1
"Customer",5
"Customer",8
"Customer",1
"Customer",3
"Customer",107
"Customer",1
"Customer",2
"Customer",1
"Customer",10
"Customer",2
"Customer",3
"Customer",1
"Customer",6
"Customer",3
"Customer",1
"Customer",2
"Customer",12
"Customer",3
"Customer",3
"Customer",2
"Customer",5
"Customer",1
"Customer",6
"Customer",5
"Customer",5
"Customer",1
"Customer",17
"Customer",4
"Customer",1
"Customer",3
"Customer",2
"Customer",2
"Customer",3
"Customer",3
"Customer",2
"Customer",2
"Customer",2
"Customer",11
"Customer",13
"Customer",1
"Customer",30
"Customer",1
"Customer",3
"Customer",3
"Customer",3
"Customer",4
"Customer",3
"Customer",2
"Customer",15
"Customer",7
"Customer",3
"Customer",5
"Customer",11
"Customer",4
"Customer",2
"Customer",4
"Customer",7
"Customer",4
"Customer",1
"Customer",11
"Customer",3
"Customer",2
"Customer",1
"Customer",1
"Customer",1
"Customer",1
"Customer",2
"Customer",5
"Customer",1
"Customer",2
"Customer",3
"Customer",2
"Customer",1
"Customer",2
"Customer",1
"Customer",7
"Customer",1
"Customer",3
"Customer",6
"Customer",23
"Customer",2
"Customer",8
"Customer",9
"Customer",1
"Customer",2
"Customer",11
"Customer",1
"Customer",1
"Customer",2
"Customer",1
"Customer",1
"Customer",1
"Customer",6
"Customer",6
"Customer",4
"Customer",10
"Customer",1
"Customer",1
"Customer",4
"Customer",4
"Customer",6
"Customer",3
"Customer",2
"Customer",28
"Customer",2
"Customer",48
"Customer",2
"Customer",2
"Customer",1
"Customer",4
"Customer",1
"Customer",11
"Customer",5
"Customer",3
"Customer",1
"Customer",2
"Customer",1
"Customer",1
"Customer",3
"Customer",10
"Customer",1
"Customer",1
"Customer",2
"Customer",1
"Customer",4
"Customer",2
"Customer",5
"Customer",1
"Customer",1
"Customer",34
"Customer",18
"Customer",7
"Customer",2
"Customer",33
"Customer",8
"Customer",6
"Customer",17
"Customer",2
"Customer",38
"Customer",1
"Customer",8
"Customer",2
"Customer",1
"Customer",6
"Customer",1
"Customer",4
"Customer",5
"Customer",2
"Customer",2
"Customer",5
"Customer",20
"Customer",10
"Customer",3
"Customer",2
"Customer",3
"Customer",2
"Customer",1
"Customer",1
"Customer",1
"Customer",1
"Customer",1
"Customer",2
"Customer",5
"Customer",2
"Customer",3
"Customer",1
"Customer",4
"Customer",4
"Customer",2
"Customer",1
"Customer",28
"Customer",8
"Customer",1
"Customer",5
"Customer",4
"Customer",1
"Customer",1
"Customer",1
"Customer",13
"Customer",3
"Customer",2
"Customer",2
"Customer",2
"Customer",1
"Customer",2
"Customer",25
"Customer",2
"Customer",7
"Customer",1
"Customer",6
"Customer",9
"Customer",1
"Customer",3
"Customer",1
"Customer",2
"Customer",1
"Customer",5
"Customer",4
"Customer",6
"Customer",4
"Customer",1
"Customer",4
"Customer",2
"Customer",5
"Customer",17
"Customer",1
"Customer",7
"Customer",2
"Customer",1
"Customer",7
"Customer",2
"Customer",6
"Customer",6
"Customer",1
"Customer",4
"Customer",4
"Customer",15
"Customer",4
"Customer",1
"Customer",2
"Customer",3
"Customer",2
"Customer",2
"Customer",1
"Customer",1
"Customer",4
"Customer",3
"Customer",1
"Customer",7
"Customer",1
"Customer",16
"Customer",2
"Customer",8
"Customer",13
"Customer",30
"Customer",4
"Customer",5
"Customer",1
"Customer",7
"Customer",4
"Customer",1
"Customer",1
"Customer",1
"Customer",1
"Customer",2
"Customer",2
"Customer",13
"Customer",2
"Customer",20
"Customer",3
"Customer",20
"Customer",1
"Customer",2
"Customer",2
"Customer",6
"Customer",2
"Customer",12
"Customer",3
"Customer",3
"Customer",7
"Customer",5
"Customer",1
"Customer",55
"Customer",2
"Customer",16
"Customer",1
"Customer",4
"Customer",2
"Customer",4
"Customer",2
"Customer",4
"Customer",5
"Customer",1
"Customer",2
"Customer",4
"Customer",1
"Customer",2
"Customer",7
"Customer",25
"Customer",26
"Customer",4
"Customer",2
"Customer",42
"Customer",3
"Customer",4
"Customer",1
"Customer",14
"Customer",22
"Customer",9
"Customer",13
"Customer",32
"Customer",3
"Customer",2
"Customer",3
"Customer",14
"Customer",5
"Customer",14
"Customer",3
"Customer",1
"Customer",22
"Customer",4
"Customer",1
"Customer",13
"Customer",7
"Customer",4
"Customer",4
"Customer",21
"Customer",3
"Customer",1
"Customer",4
"Customer",1
"Customer",3
"Customer",14
"Customer",5
"Customer",2
"Customer",1
"Customer",2
"Customer",1
"Customer",1
"Customer",13
"Customer",14
"Customer",7
"Customer",17
"Customer",42
"Customer",2
"Customer",14
"Customer",2
"Customer",5
"Customer",1
"Customer",1
"Customer",1
"Customer",29
"Customer",7
"Customer",7
"Customer",2
"Customer",1
"Customer",3
"Customer",1
"Customer",1
"Customer",3
"Customer",2
"Customer",13
"Customer",2
"Customer",2
"Customer",15
"Customer",9
"Customer",4
"Customer",9
"Customer",10
"Customer",3
"Customer",3
"Customer",8
"Customer",16
"Customer",2
"Customer",5
"Customer",2
"Customer",53
"Customer",3
"Customer",2
"Customer",38
"Customer",1
"Customer",5
"Customer",1
"Customer",1
"Customer",4
"Customer",5
"Customer",1
"Customer",6
"Customer",15
"Customer",5
"Customer",1
"Customer",15
"Customer",3
"Customer",1
"Customer",5
"Customer",3
"Customer",2
"Customer",1
"Customer",4
"Customer",2
"Customer",1
"Customer",3
"Customer",4
"Customer",4
"Customer",6
"Customer",2
"Customer",9
"Customer",2
"Customer",2
"Customer",4
"Customer",10
"Customer",36
"Customer",2
"Customer",4
"Customer",13
"Customer",11
"Customer",2
"Customer",1
"Customer",1
"Customer",1
"Customer",7
"Customer",3
"Customer",5
"Customer",1
"Customer",5
"Customer",1
"Customer",2
"Customer",4
"Customer",1
"Customer",5
"Customer",6
"Customer",2
"Customer",6
"Customer",4
"Customer",11
"Customer",4
"Customer",44
"Customer",2
"Customer",12
"Customer",3
"Customer",35
"Customer",2
"Customer",1
"Customer",3
"Customer",2
"Customer",4
"Customer",1
"Customer",1
"Customer",3
"Customer",2
"Customer",2
"Customer",2
"Customer",3
"Customer",1
"Customer",10
"Customer",7
"Customer",3
"Customer",5
"Customer",4
"Customer",3
"Customer",2
"Customer",1
"Customer",3
"Customer",1
"Customer",3
"Customer",4
"Customer",1
"Customer",6
"Customer",6
"Customer",12
"Customer",1
"Customer",11
"Customer",1
"Customer",6
"Customer",1
"Customer",8
"Customer",1
"Customer",3
"Customer",19
"Customer",4
"Customer",4
"Customer",1
"Customer",3
"Customer",3
"Customer",6
"Customer",3
"Customer",11
"Customer",7
"Customer",2
"Customer",3
"Customer",5
"Customer",1
"Customer",2
"Customer",5
"Customer",8
"Customer",3
"Customer",1
"Customer",1
"Customer",3
"Customer",20
"Customer",17
"Customer",7
"Customer",9
"Customer",1
"Customer",1
"Customer",8
"Customer",2
"Customer",15
"Customer",3
"Customer",1
"Customer",11
"Customer",4
"Customer",2
"Customer",16
"Customer",24
"Customer",1
"Customer",3
"Customer",1
"Customer",32
"Customer",3
"Customer",1
"Customer",5
"Customer",3
"Customer",26
"Customer",7
"Customer",3
"Customer",23
"Customer",3
"Customer",9
"Customer",6
"Customer",3
"Customer",2
"Customer",1
"Customer",9
"Customer",3
"Customer",8
"Customer",1
"Customer",9
"Customer",3
"Customer",1
"Customer",33
"Customer",5
"Customer",4
"Customer",7
"Customer",6
"Customer",10
"Customer",3
"Customer",5
"Customer",1
"Customer",20
"Customer",6
"Customer",1
"Customer",2
"Customer",1
"Customer",1
"Customer",8
"Customer",3
"Customer",1
"Customer",1
"Customer",2
"Customer",1
"Customer",7
"Customer",1
"Customer",2
"Customer",3
"Customer",1
"Customer",1
"Customer",2
"Customer",1
"Customer",2
"Customer",3
"Customer",1
"Customer",4
"Customer",3
"Customer",9
"Customer",3
"Customer",1
"Customer",11
"Customer",9
"Customer",23
"Customer",11
"Customer",11
"Customer",2
"Customer",6
"Customer",2
"Customer",1
"Customer",13
"Customer",2
"Customer",9
"Customer",3
"Customer",5
"Customer",2
"Customer",2
"Customer",19
"Customer",7
"Customer",4
"Customer",4
"Customer",2
"Customer",8
"Customer",7
"Customer",1
"Customer",1
"Customer",1
"Customer",3
"Customer",1
"Customer",3
"Customer",3
"Customer",1
"Customer",29
"Customer",6
"Customer",11
"Customer",2
"Customer",6
"Customer",2
"Customer",3
"Customer",3
"Customer",5
"Customer",3
"Customer",9
"Customer",3
"Customer",7
"Customer",1
"Customer",6
"Customer",5
"Customer",4
"Customer",5
"Customer",4
"Customer",1
"Customer",1
"Customer",2
"Customer",1
"Customer",2
"Customer",6
"Customer",5
"Customer",8
"Customer",12
"Customer",5
"Customer",5
"Customer",6
"Customer",7
"Customer",19
"Customer",10
"Customer",4
"Customer",1
"Customer",1
"Customer",5
"Customer",1
"Customer",1
"Customer",1
"Customer",3
"Customer",9
"Customer",1
"Customer",11
"Customer",6
"Customer",13
"Customer",3
"Customer",2
"Customer",1
"Customer",3
"Customer",47
"Customer",14
"Customer",2
"Customer",13
"Customer",1
"Customer",4
"Customer",1
"Customer",10
"Customer",6
"Customer",1
"Customer",2
"Customer",1
"Customer",7
"Customer",6
"Customer",6
"Customer",9
"Customer",3
"Customer",28
"Customer",6
"Customer",1
"Customer",4
"Customer",1
"Customer",13
"Customer",19
"Customer",11
"Customer",1
"Customer",2
"Customer",7
"Customer",11
"Customer",9
"Customer",3
"Customer",1
"Customer",2
"Customer",7
"Customer",1
"Customer",1
"Customer",1
"Customer",2
"Customer",1
"Customer",10
"Customer",1
"Customer",8
"Customer",3
"Customer",2
"Customer",1
"Customer",6
"Customer",8
"Customer",7
"Customer",1
"Customer",1
"Customer",1
"Customer",2
"Customer",1
"Customer",1
"Customer",4
"Customer",3
"Customer",1
"Customer",1
"Customer",9
"Customer",5
"Customer",1
"Customer",1
"Customer",5
"Customer",2
"Customer",12
"Customer",3
"Customer",10
"Customer",1
"Customer",6
"Customer",7
"Customer",25
"Customer",1
"Customer",4
"Customer",4
"Customer",2
"Customer",2
"Customer",4
"Customer",13
"Customer",9
"Customer",1
"Customer",1
"Customer",6
"Customer",1
"Customer",4
"Customer",1
"Customer",1
"Customer",7
"Customer",1
"Customer",19
"Customer",5
"Customer",5
"Customer",17
"Customer",1
"Customer",10
"Customer",4
"Customer",7
"Customer",6
"Customer",2
"Customer",3
"Customer",1
"Customer",3
"Customer",2
"Customer",2
"Customer",3
"Customer",8
"Customer",1
"Customer",4
"Customer",3
"Customer",1
"Customer",1
"Customer",6
"Customer",11
"Customer",3
"Customer",2
"Customer",6
"Customer",2
"Customer",3
"Customer",2
"Customer",2
"Customer",13
"Customer",5
"Customer",7
"Customer",15
"Customer",1
"Customer",9
"Customer",2
"Customer",1
"Customer",1
"Customer",1
"Customer",3
"Customer",1
"Customer",4
"Customer",4
"Customer",1
"Customer",10
"Customer",9
"Customer",3
"Customer",1
"Customer",1
"Customer",1
"Customer",3
"Customer",1
"Customer",13
"Customer",3
"Customer",13
"Customer",6
"Customer",1
"Customer",1
"Customer",2
"Customer",18
"Customer",2
"Customer",21
"Customer",5
"Customer",6
"Customer",3
"Customer",1
"Customer",1
"Customer",3
"Customer",12
"Customer",13
"Customer",2
"Customer",18
"Customer",25
"Customer",2
"Customer",3
"Customer",1
"Customer",8
"Customer",12
"Customer",4
"Customer",32
"Customer",4
"Customer",1
"Customer",12
"Customer",5
"Customer",69
"Customer",5
"Customer",2
"Customer",2
"Customer",1
"Customer",2
"Customer",1
"Customer",2
"Customer",3
"Customer",2
"Customer",1
"Customer",3
"Customer",4
"Customer",5
"Customer",2
"Customer",2
"Customer",6
"Customer",1
"Customer",1
"Customer",11
"Customer",1
"Customer",1
"Customer",2
"Customer",5
"Customer",2
"Customer",11
"Customer",1
"Customer",2
"Customer",1
"Customer",4
"Customer",1
"Customer",2
"Customer",1
"Customer",1
"Customer",2
"Customer",2
"Customer",1
"Customer",1
"Customer",6
"Customer",5
"Customer",1
"Customer",7
"Customer",2
"Customer",3
"Customer",21
"Customer",11
"Customer",9
"Customer",8
"Customer",1
"Customer",2
"Customer",17
"Customer",2
"Customer",3
"Customer",1
"Customer",1
"Customer",5
"Customer",6
"Customer",2
"Customer",2
"Customer",5
"Customer",1
"Customer",1
"Customer",1
"Customer",21
"Customer",11
"Customer",2
"Customer",3
"Customer",2
"Customer",6
"Customer",3
"Customer",1
"Customer",17
"Customer",41
"Customer",1
"Customer",3
"Customer",1
"Customer",1
"Customer",6
"Customer",6
"Customer",5
"Customer",12
"Customer",12
"Customer",3
"Customer",2
"Customer",2
"Customer",1
"Customer",5
"Customer",4
"Customer",1
"Customer",5
"Customer",1
"Customer",3
"Customer",2
"Customer",1
"Customer",4
"Customer",17
"Customer",3
"Customer",18
"Customer",5
"Customer",4
"Customer",6
"Customer",2
"Customer",10
"Customer",26
"Customer",1
"Customer",9
"Customer",5
"Customer",7
"Customer",12
"Customer",1
"Customer",4
"Customer",4
"Customer",1
"Customer",5
"Customer",2
"Customer",5
"Customer",2
"Customer",6
"Customer",5
"Customer",7
"Customer",3
"Customer",27
"Customer",15
"Customer",2
"Customer",1
"Customer",14
"Customer",1
"Customer",4
"Customer",6
"Customer",27
"Customer",7
"Customer",3
"Customer",4
"Customer",4
"Customer",78
"Customer",1
"Customer",1
"Customer",3
"Customer",38
"Customer",8
"Customer",2
"Customer",3
"Customer",1
"Customer",7
"Customer",2
"Customer",11
"Customer",61
"Customer",1
"Customer",2
"Customer",3
"Customer",2
"Customer",1
"Customer",1
"Customer",13
"Customer",3
"Customer",3
"Customer",8
"Customer",1
"Customer",22
"Customer",2
"Customer",21
"Customer",3
"Customer",13
"Customer",1
"Customer",3
"Customer",10
"Customer",5
"Customer",5
"Customer",16
"Customer",2
"Customer",6
"Customer",1
"Customer",22
"Customer",1
"Customer",3
"Customer",18
"Customer",6
"Customer",3
"Customer",11
"Customer",3
"Customer",2
"Customer",13
"Customer",1
"Customer",45
"Customer",5
"Customer",4
"Customer",1
"Customer",9
"Customer",2
"Customer",7
"Customer",1
"Customer",5
"Customer",1
"Customer",5
"Customer",1
"Customer",4
"Customer",1
"Customer",15
"Customer",1
"Customer",2
"Customer",2
"Customer",2
"Customer",41
"Customer",13
"Customer",51
"Customer",7
"Customer",2
"Customer",10
"Customer",1
"Customer",2
"Customer",14
"Customer",2
"Customer",2
"Customer",16
"Customer",3
"Customer",2
"Customer",7
"Customer",3
"Customer",7
"Customer",2
"Customer",1
"Customer",3
"Customer",17
"Customer",11
"Customer",1
"Customer",4
"Customer",2
"Customer",1
"Customer",1
"Customer",2
"Customer",2
"Customer",2
"Customer",1
"Customer",2
"Customer",4
"Customer",2
"Customer",4
"Customer",2
"Customer",1
"Customer",1
"Customer",1
"Customer",2
"Customer",9
"Customer",17
"Customer",3
"Customer",1
"Customer",1
"Customer",3
"Customer",4
"Customer",2
"Customer",1
"Customer",2
"Customer",3
"Customer",2
"Customer",4
"Customer",2
"Customer",18
"Customer",5
"Customer",1
"Customer",2
"Customer",8
"Customer",8
"Customer",2
"Customer",60
"Customer",18
"Customer",3
"Customer",2
"Customer",9
"Customer",6
"Customer",1
"Customer",2
"Customer",15
"Customer",1
"Customer",5
"Customer",5
"Customer",4
"Customer",3
"Customer",3
"Customer",12
"Customer",4
"Customer",8
"Customer",2
"Customer",12
"Customer",3
"Customer",1
"Customer",1
"Customer",5
"Customer",1
"Customer",3
"Customer",2
"Customer",1
"Customer",3
"Customer",6
"Customer",1
"Customer",3
"Customer",1
"Customer",3
"Customer",6
"Customer",2
"Customer",4
"Customer",2
"Customer",9
"Customer",1
"Customer",12
"Customer",4
"Customer",5
"Customer",5
"Customer",2
"Customer",4
"Customer",1
"Customer",1
"Customer",9
"Customer",4
"Customer",7
"Customer",2
"Customer",3
"Customer",1
"Customer",2
"Customer",9
"Customer",1
"Customer",1
"Customer",5
"Customer",10
"Customer",3
"Customer",1
"Customer",1
"Customer",41
"Customer",2
"Customer",7
"Customer",4
"Customer",5
"Customer",43
"Customer",5
"Customer",1
"Customer",6
"Customer",7
"Customer",1
"Customer",1
"Customer",7
"Customer",18
"Customer",3
"Customer",8
"Customer",1
"Customer",11
"Customer",4
"Customer",2
"Customer",13
"Customer",5
"Customer",1
"Customer",1
"Customer",1
"Customer",2
"Customer",14
"Customer",4
"Customer",6
"Customer",1
"Customer",1
"Customer",1
"Customer",4
"Customer",11
"Customer",5
"Customer",28
"Customer",18
"Customer",14
"Customer",1
"Customer",6
"Customer",4
"Customer",1
"Customer",11
"Customer",1
"Customer",1
"Customer",6
"Customer",2
"Customer",7
"Customer",4
"Customer",8
"Customer",1
"Customer",1
"Customer",1
"Customer",10
"Customer",2
"Customer",7
"Customer",7
"Customer",9
"Customer",3
"Customer",1
"Customer",2
"Customer",2
"Customer",6
"Customer",6
"Customer",5
"Customer",2
"Customer",20
"Customer",12
"Customer",3
"Customer",5
"Customer",3
"Customer",1
"Customer",16
"Customer",12
"Customer",4
"Customer",1
"Customer",9
"Customer",5
"Customer",1
"Customer",2
"Customer",14
"Customer",2
"Customer",2
"Customer",17
"Customer",4
"Customer",1
"Customer",5
"Customer",9
"Customer",2
"Customer",10
"Customer",1
"Customer",5
"Customer",6
"Customer",13
"Customer",2
"Customer",70
"Customer",10
"Customer",54
"Customer",2
"Customer",7
"Customer",3
"Customer",5
"Customer",11
"Customer",3
"Customer",1
"Customer",12
"Customer",9
"Customer",1
"Customer",1
"Customer",2
"Customer",20
"Customer",4
"Customer",12
"Customer",1
"Customer",3
"Customer",5
"Customer",27
"Customer",1
"Customer",1
"Customer",2
"Customer",14
"Customer",1
"Customer",6
"Customer",4
"Customer",2
"Customer",11
"Customer",31
"Customer",8
"Customer",4
"Customer",5
"Customer",1
"Customer",2
"Customer",1
"Customer",4
"Customer",5
"Customer",2
"Customer",24
"Customer",1
"Customer",2
"Customer",15
"Customer",10
"Customer",1
"Customer",5
"Customer",7
"Customer",3
"Customer",11
"Customer",7
"Customer",1
"Customer",5
"Customer",1
"Customer",20
"Customer",6
"Customer",8
"Customer",2
"Customer",6
"Customer",26
"Customer",3
"Customer",2
"Customer",13
"Customer",18
"Customer",6
"Customer",2
"Customer",11
"Customer",1
"Customer",7
"Customer",2
"Customer",4
"Customer",1
"Customer",1
"Customer",3
"Customer",9
"Customer",1
"Customer",1
"Customer",4
"Customer",13
"Customer",3
"Customer",56
"Customer",12
"Customer",5
"Customer",6
"Customer",1
"Customer",1
"Customer",4
"Customer",5
"Customer",4
"Customer",2
"Customer",2
"Customer",7
"Customer",17
"Customer",5
"Customer",4
"Customer",3
"Customer",2
"Customer",9
"Customer",1
"Customer",2
"Customer",3
"Customer",1
"Customer",3
"Customer",3
"Customer",2
"Customer",2
"Customer",3
"Customer",1
"Customer",3
"Customer",2
"Customer",4
"Customer",2
"Customer",2
"Customer",20
"Customer",1
"Customer",2
"Customer",1
"Customer",2
"Customer",2
"Customer",7
"Customer",8
"Customer",1
"Customer",20
"Customer",9
"Customer",3
"Customer",10
"Customer",1
"Customer",3
"Customer",2
"Customer",1
"Customer",3
"Customer",4
"Customer",20
"Customer",2
"Customer",47
"Customer",7
"Customer",5
"Customer",2
"Customer",1
"Customer",6
"Customer",6
"Customer",1
"Customer",12
"Customer",1
"Customer",1
"Customer",5
"Customer",2
"Customer",1
"Customer",4
"Customer",1
"Customer",6
"Customer",4
"Customer",5
"Customer",3
"Customer",1
"Customer",1
"Customer",1
"Customer",2
"Customer",3
"Customer",1
"Customer",8
"Customer",13
"Customer",1
"Customer",1
"Customer",211
"Customer",1
"Customer",2
"Customer",1
"Customer",4
"Customer",2
"Customer",30
"Customer",8
"Customer",155
"Customer",6
"Customer",5
"Customer",3
"Customer",6
"Customer",1
"Customer",4
"Customer",23
"Customer",30
"Customer",1
"Customer",4
"Customer",18
"Customer",4
"Customer",12
"Customer",5
"Customer",46
"Customer",3
"Customer",14
"Customer",1
"Customer",7
"Customer",13
"Customer",5
"Customer",1
"Customer",18
"Customer",6
"Customer",1
"Customer",3
"Customer",1
"Customer",3
"Customer",1
"Customer",3
"Customer",1
"Customer",2
"Customer",7
"Customer",20
"Customer",1
"Customer",6
"Customer",1
"Customer",25
"Customer",7
"Customer",2
"Customer",1
"Customer",3
"Customer",1
"Customer",18
"Customer",1
"Customer",1
"Customer",9
"Customer",4
"Customer",1
"Customer",2
"Customer",3
"Customer",1
"Customer",1
"Customer",1
"Customer",13
"Customer",1
"Customer",1
"Customer",5
"Customer",1
"Customer",1
"Customer",1
"Customer",6
"Customer",14
"Customer",1
"Customer",1
"Customer",2
"Customer",3
"Customer",3
"Customer",2
"Customer",54
"Customer",10
"Customer",1
"Customer",3
"Customer",8
"Customer",1
"Customer",5
"Customer",1
"Customer",3
"Customer",12
"Customer",13
"Customer",14
"Customer",3
"Customer",1
"Customer",3
"Customer",7
"Customer",1
"Customer",7
"Customer",1
"Customer",1
"Customer",14
"Customer",4
"Customer",1
"Customer",1
"Customer",3
"Customer",2
"Customer",1
"Customer",1
"Customer",116
"Customer",7
"Customer",4
"Customer",4
"Customer",1
"Customer",19
"Customer",6
"Customer",1
"Customer",1
"Customer",2
"Customer",1
"Customer",3
"Customer",100
"Customer",4
"Customer",4
"Customer",2
"Customer",29
"Customer",10
"Customer",2
"Customer",4
"Customer",20
"Customer",1
"Customer",1
"Customer",1
"Customer",1
"Customer",6
"Customer",24
"Customer",1
"Customer",2
"Customer",4
"Customer",4
"Customer",4
"Customer",1
"Customer",1
"Customer",1
"Customer",5
"Customer",1
"Customer",1
"Customer",5
"Customer",13
"Customer",1
"Customer",6
"Customer",3
"Customer",1
"Customer",1
"Customer",11
"Customer",3
"Customer",3
"Customer",8
"Customer",3
"Customer",3
"Customer",1
"Customer",6
"Customer",4
"Customer",1
"Customer",1
"Customer",2
"Customer",4
"Customer",1
"Customer",23
"Customer",8
"Customer",1
"Customer",2
"Customer",1
"Customer",2
"Customer",1
"Customer",1
"Customer",7
"Customer",4
"Customer",4
"Customer",1
"Customer",1
"Customer",2
"Customer",5
"Customer",2
"Customer",6
"Customer",2
"Customer",1
"Customer",1
"Customer",1
"Customer",2
"Customer",1
"Customer",1
"Customer",1
"Customer",3
"Customer",5
"Customer",11
"Customer",15
"Customer",1
"Customer",4
"Customer",2
"Customer",38
"Customer",2
"Customer",3
"Customer",18
"Customer",1
"Customer",1
"Customer",2
"Customer",3
"Customer",2
"Customer",2
"Customer",7
"Customer",1
"Customer",3
"Customer",1
"Customer",14
"Customer",2
"Customer",3
"Customer",3
"Customer",3
"Customer",2
"Customer",28
"Customer",6
"Customer",2
"Customer",11
"Customer",28
"Customer",3
"Customer",1
"Customer",1
"Customer",11
"Customer",1
"Customer",6
"Customer",1
"Customer",12
"Customer",2
"Customer",20
"Customer",1
"Customer",18
"Customer",4
"Customer",5
"Customer",2
"Customer",3
"Customer",1
"Customer",1
"Customer",3
"Customer",4
"Customer",1
"Customer",16
"Customer",1
"Customer",1
"Customer",1
"Customer",1
"Customer",18
"Customer",8
"Customer",13
"Customer",5
"Customer",6
"Customer",11
"Customer",1
"Customer",1
"Customer",1
"Customer",5
"Customer",145
"Customer",1
"Customer",1
"Customer",1
"Customer",6
"Customer",1
"Customer",3
"Customer",38
"Customer",2
"Customer",1
"Customer",4
"Customer",1
"Customer",1
"Customer",1
"Customer",13
"Customer",1
"Customer",29
"Customer",1
"Customer",1
"Customer",2
"Customer",6
"Customer",3
"Customer",1
"Customer",4
"Customer",1
"Customer",4
"Customer",1
"Customer",1
"Customer",3
"Customer",1
"Customer",1
"Customer",1
"Customer",2
"Customer",10
"Customer",5
"Customer",2
"Customer",1
"Customer",6
"Customer",1
"Customer",2
"Customer",2
"Customer",2
"Customer",19
"Customer",11
"Customer",2
"Customer",2
"Customer",1
"Customer",7
"Customer",3
"Customer",6
"Customer",1
"Customer",1
"Customer",5
"Customer",3
"Customer",2
"Customer",1
"Customer",2
"Customer",1
"Customer",3
"Customer",6
"Customer",1
"Customer",1
"Customer",1
"Customer",1
"Customer",1
"Customer",3
"Customer",16
"Customer",1
"Customer",9
"Customer",9
"Customer",52
"Customer",5
"Customer",2
"Customer",1
"Customer",1
"Customer",9
"Customer",11
"Customer",8
"Customer",6
"Customer",5
"Customer",1
"Customer",2
"Customer",1
"Customer",1
"Customer",1
"Customer",1
"Customer",6
"Customer",3
"Customer",5
"Customer",2
"Customer",1
"Customer",3
"Customer",6
"Customer",1
"Customer",4
"Customer",1
"Customer",17
"Customer",1
"Customer",1
"Customer",1
"Customer",3
"Customer",4
"Customer",3
"Customer",2
"Customer",1
"Customer",1
"Customer",1
"Customer",1
"Customer",7
"Customer",5
"Customer",2
"Customer",1
"Customer",4
"Customer",5
"Customer",1
"Customer",4
"Customer",4
"Customer",17
"Customer",6
"Customer",6
"Customer",1
"Customer",26
"Customer",1
"Customer",26
"Customer",26
"Customer",2
"Customer",2
"Customer",28
"Customer",9
"Customer",28
"Customer",4
"Customer",1
"Customer",1
"Customer",3
"Customer",12
"Customer",5
"Customer",1
"Customer",6
"Customer",1
"Customer",21
"Customer",8
"Customer",1
"Customer",2
"Customer",20
"Customer",3
"Customer",3
"Customer",2
"Customer",1
"Customer",1
"Customer",9
"Customer",7
"Customer",1
"Customer",1
"Customer",2
"Customer",1
"Customer",12
"Customer",6
"Customer",7
"Customer",23
"Customer",2
"Customer",3
"Customer",3
"Customer",1
"Customer",2
"Customer",1
"Customer",1
"Customer",6
"Customer",1
"Customer",3
"Customer",2
"Customer",9
"Customer",4
"Customer",1
"Customer",2
"Customer",6
"Customer",5
"Customer",2
"Customer",1
"Customer",2
"Customer",2
"Customer",2
"Customer",22
"Customer",1
"Customer",1
"Customer",2
"Customer",7
"Stock (SKU)",362
"Stock (SKU)",3
"Stock (SKU)",27
"Stock (SKU)",1
"Stock (SKU)",74
"Stock (SKU)",63
"Stock (SKU)",16
"Stock (SKU)",18
"Stock (SKU)",10
"Stock (SKU)",167
"Stock (SKU)",290
"Stock (SKU)",52
"Stock (SKU)",324
"Stock (SKU)",21
"Stock (SKU)",251
"Stock (SKU)",1
"Stock (SKU)",26
"Stock (SKU)",255
"Stock (SKU)",992
"Stock (SKU)",306
"Stock (SKU)",250
"Stock (SKU)",189
"Stock (SKU)",231
"Stock (SKU)",227
"Stock (SKU)",944
"Stock (SKU)",1150
"Stock (SKU)",382
"Stock (SKU)",149
"Stock (SKU)",156
"Stock (SKU)",123
"Stock (SKU)",4
"Stock (SKU)",454
"Stock (SKU)",85
"Stock (SKU)",4
"Stock (SKU)",112
"Stock (SKU)",83
"Stock (SKU)",93
"Stock (SKU)",65
"Stock (SKU)",106
"Stock (SKU)",39
"Stock (SKU)",50
"Stock (SKU)",13
"Stock (SKU)",3
"Stock (SKU)",74
"Stock (SKU)",59
"Stock (SKU)",31
"Stock (SKU)",105
"Stock (SKU)",32
"Stock (SKU)",8
"Stock (SKU)",4
"Stock (SKU)",35
"Stock (SKU)",10
"Stock (SKU)",39
"Stock (SKU)",8
"Stock (SKU)",5
"Stock (SKU)",36
"Stock (SKU)",56
"Stock (SKU)",419
"Stock (SKU)",2
"Stock (SKU)",9
"Stock (SKU)",33
"Stock (SKU)",39
"Stock (SKU)",440
"Stock (SKU)",318
"Stock (SKU)",30
"Stock (SKU)",14
"Stock (SKU)",101
"Stock (SKU)",11
"Stock (SKU)",1
"Stock (SKU)",44
"Stock (SKU)",9
"Stock (SKU)",149
"Stock (SKU)",34
"Stock (SKU)",1
"Stock (SKU)",60
"Stock (SKU)",59
"Stock (SKU)",56
"Stock (SKU)",48
"Stock (SKU)",1
"Stock (SKU)",9
"Stock (SKU)",5
"Stock (SKU)",21
"Stock (SKU)",22
"Stock (SKU)",12
"Stock (SKU)",14
"Stock (SKU)",16
"Stock (SKU)",76
"Stock (SKU)",46
"Stock (SKU)",38
"Stock (SKU)",3
"Stock (SKU)",88
"Stock (SKU)",98
"Stock (SKU)",128
"Stock (SKU)",165
"Stock (SKU)",310
"Stock (SKU)",260
"Stock (SKU)",580
"Stock (SKU)",236
"Stock (SKU)",21
"Stock (SKU)",8
"Stock (SKU)",28
"Stock (SKU)",28
"Stock (SKU)",8
"Stock (SKU)",12
"Stock (SKU)",40
"Stock (SKU)",35
"Stock (SKU)",10
"Stock (SKU)",101
"Stock (SKU)",15
"Stock (SKU)",55
"Stock (SKU)",23
"Stock (SKU)",457
"Stock (SKU)",6
"Stock (SKU)",12
"Stock (SKU)",2
"Stock (SKU)",2
"Stock (SKU)",4
"Stock (SKU)",1
"Stock (SKU)",20
"Stock (SKU)",95
"Stock (SKU)",126
"Stock (SKU)",113
"Stock (SKU)",116
"Stock (SKU)",29
"Stock (SKU)",107
"Stock (SKU)",3
"Stock (SKU)",2
"Stock (SKU)",31
"Stock (SKU)",5
"Stock (SKU)",16
"Stock (SKU)",2
"Stock (SKU)",8
"Stock (SKU)",6
"Stock (SKU)",4
"Stock (SKU)",76
"Stock (SKU)",2
"Stock (SKU)",1
"Stock (SKU)",71
"Stock (SKU)",55
"Stock (SKU)",43
"Stock (SKU)",1
"Stock (SKU)",18
"Stock (SKU)",2
"Stock (SKU)",20
"Stock (SKU)",187
"Stock (SKU)",70
"Stock (SKU)",66
"Stock (SKU)",26
"Stock (SKU)",28
"Stock (SKU)",117
"Stock (SKU)",51
"Stock (SKU)",8
"Stock (SKU)",178
"Stock (SKU)",76
"Stock (SKU)",86
"Stock (SKU)",24
"Stock (SKU)",13
"Stock (SKU)",17
"Stock (SKU)",15
"Stock (SKU)",39
"Stock (SKU)",12
"Stock (SKU)",40
"Stock (SKU)",146
"Stock (SKU)",34
"Stock (SKU)",81
"Stock (SKU)",28
"Stock (SKU)",57
"Stock (SKU)",89
"Stock (SKU)",7
"Stock (SKU)",24
"Stock (SKU)",65
"Stock (SKU)",12
"Stock (SKU)",72
"Stock (SKU)",9
"Stock (SKU)",98
"Stock (SKU)",26
"Stock (SKU)",12
"Stock (SKU)",3
"Stock (SKU)",211
"Stock (SKU)",2
"Stock (SKU)",3
"Stock (SKU)",374
"Stock (SKU)",197
"Stock (SKU)",121
"Stock (SKU)",105
"Stock (SKU)",137
"Stock (SKU)",196
"Stock (SKU)",14
"Stock (SKU)",33
"Stock (SKU)",128
"Stock (SKU)",174
"Stock (SKU)",81
"Stock (SKU)",120
"Stock (SKU)",189
"Stock (SKU)",120
"Stock (SKU)",353
"Stock (SKU)",138
"Stock (SKU)",26
"Stock (SKU)",123
"Stock (SKU)",49
"Stock (SKU)",44
"Stock (SKU)",31
"Stock (SKU)",350
"Stock (SKU)",46
"Stock (SKU)",24
"Stock (SKU)",367
"Stock (SKU)",214
"Stock (SKU)",48
"Stock (SKU)",143
"Stock (SKU)",36
"Stock (SKU)",2
"Stock (SKU)",463
"Stock (SKU)",693
"Stock (SKU)",967
"Stock (SKU)",761
"Stock (SKU)",1
"Stock (SKU)",715
"Stock (SKU)",4
"Stock (SKU)",342
"Stock (SKU)",593
"Stock (SKU)",1
"Stock (SKU)",176
"Stock (SKU)",1728
"Stock (SKU)",186
"Stock (SKU)",11
"Stock (SKU)",41
"Stock (SKU)",139
"Stock (SKU)",18
"Stock (SKU)",54
"Stock (SKU)",61
"Stock (SKU)",60
"Stock (SKU)",21
"Stock (SKU)",21
"Stock (SKU)",88
"Stock (SKU)",103
"Stock (SKU)",50
"Stock (SKU)",245
"Stock (SKU)",169
"Stock (SKU)",80
"Stock (SKU)",53
"Stock (SKU)",199
"Stock (SKU)",1056
"Stock (SKU)",1415
"Stock (SKU)",1319
"Stock (SKU)",28
"Stock (SKU)",1
"Stock (SKU)",246
"Stock (SKU)",757
"Stock (SKU)",1213
"Stock (SKU)",1576
"Stock (SKU)",1
"Stock (SKU)",1379
"Stock (SKU)",2039
"Stock (SKU)",3056
"Stock (SKU)",1928
"Stock (SKU)",2351
"Stock (SKU)",2067
"Stock (SKU)",121
"Stock (SKU)",102
"Stock (SKU)",73
"Stock (SKU)",294
"Stock (SKU)",117
"Stock (SKU)",203
"Stock (SKU)",19
"Stock (SKU)",1
"Stock (SKU)",75
"Stock (SKU)",1
"Stock (SKU)",108
"Stock (SKU)",183
"Stock (SKU)",766
"Stock (SKU)",909
"Stock (SKU)",471
"Stock (SKU)",358
"Stock (SKU)",56
"Stock (SKU)",852
"Stock (SKU)",122
"Stock (SKU)",64
"Stock (SKU)",78
"Stock (SKU)",95
"Stock (SKU)",63
"Stock (SKU)",81
"Stock (SKU)",146
"Stock (SKU)",136
"Stock (SKU)",74
"Stock (SKU)",193
"Stock (SKU)",146
"Stock (SKU)",155
"Stock (SKU)",179
"Stock (SKU)",149
"Stock (SKU)",79
"Stock (SKU)",201
"Stock (SKU)",140
"Stock (SKU)",161
"Stock (SKU)",117
"Stock (SKU)",120
"Stock (SKU)",112
"Stock (SKU)",84
"Stock (SKU)",169
"Stock (SKU)",90
"Stock (SKU)",98
"Stock (SKU)",61
"Stock (SKU)",87
"Stock (SKU)",56
"Stock (SKU)",39
"Stock (SKU)",37
"Stock (SKU)",33
"Stock (SKU)",33
"Stock (SKU)",1
"Stock (SKU)",22
"Stock (SKU)",48
"Stock (SKU)",29
"Stock (SKU)",22
"Stock (SKU)",84
"Stock (SKU)",27
"Stock (SKU)",5
"Stock (SKU)",111
"Stock (SKU)",116
"Stock (SKU)",85
"Stock (SKU)",61
"Stock (SKU)",3
"Stock (SKU)",13
"Stock (SKU)",7
"Stock (SKU)",30
"Stock (SKU)",65
"Stock (SKU)",9
"Stock (SKU)",26
"Stock (SKU)",1
"Stock (SKU)",19
"Stock (SKU)",8
"Stock (SKU)",14
"Stock (SKU)",9
"Stock (SKU)",607
"Stock (SKU)",481
"Stock (SKU)",83
"Stock (SKU)",79
"Stock (SKU)",158
"Stock (SKU)",5
"Stock (SKU)",10
"Stock (SKU)",22
"Stock (SKU)",18
"Stock (SKU)",63
"Stock (SKU)",119
"Stock (SKU)",94
"Stock (SKU)",24
"Stock (SKU)",169
"Stock (SKU)",27
"Stock (SKU)",12
"Stock (SKU)",24
"Stock (SKU)",23
"Stock (SKU)",28
"Stock (SKU)",5
"Stock (SKU)",107
"Stock (SKU)",47
"Stock (SKU)",123
"Stock (SKU)",73
"Stock (SKU)",1
"Stock (SKU)",11
"Stock (SKU)",16
"Stock (SKU)",37
"Stock (SKU)",50
"Stock (SKU)",29
"Stock (SKU)",33
"Stock (SKU)",191
"Stock (SKU)",153
"Stock (SKU)",71
"Stock (SKU)",53
"Stock (SKU)",7
"Stock (SKU)",127
"Stock (SKU)",5
"Stock (SKU)",85
"Stock (SKU)",11
"Stock (SKU)",2
"Stock (SKU)",2
"Stock (SKU)",3
"Stock (SKU)",1
"Stock (SKU)",308
"Stock (SKU)",8
"Stock (SKU)",19
"Stock (SKU)",13
"Stock (SKU)",4
"Stock (SKU)",3
"Stock (SKU)",38
"Stock (SKU)",78
"Stock (SKU)",79
"Stock (SKU)",4
"Stock (SKU)",14
"Stock (SKU)",75
"Stock (SKU)",53
"Stock (SKU)",12
"Stock (SKU)",67
"Stock (SKU)",116
"Stock (SKU)",86
"Stock (SKU)",4
"Stock (SKU)",47
"Stock (SKU)",47
"Stock (SKU)",43
"Stock (SKU)",2032
"Stock (SKU)",157
"Stock (SKU)",81
"Stock (SKU)",52
"Stock (SKU)",74
"Stock (SKU)",46
"Stock (SKU)",76
"Stock (SKU)",1
"Stock (SKU)",22
"Stock (SKU)",124
"Stock (SKU)",4
"Stock (SKU)",71
"Stock (SKU)",83
"Stock (SKU)",24
"Stock (SKU)",9
"Stock (SKU)",3
"Stock (SKU)",236
"Stock (SKU)",15
"Stock (SKU)",10
"Stock (SKU)",215
"Stock (SKU)",514
"Stock (SKU)",509
"Stock (SKU)",6
"Stock (SKU)",420
"Stock (SKU)",297
"Stock (SKU)",19
"Stock (SKU)",613
"Stock (SKU)",574
"Stock (SKU)",1148
"Stock (SKU)",1397
"Stock (SKU)",658
"Stock (SKU)",823
"Stock (SKU)",903
"Stock (SKU)",76
"Stock (SKU)",485
"Stock (SKU)",557
"Stock (SKU)",709
"Stock (SKU)",58
"Stock (SKU)",513
"Stock (SKU)",576
"Stock (SKU)",641
"Stock (SKU)",246
"Stock (SKU)",291
"Stock (SKU)",204
"Stock (SKU)",22
"Stock (SKU)",9
"Stock (SKU)",57
"Stock (SKU)",103
"Stock (SKU)",32
"Stock (SKU)",433
"Stock (SKU)",32
"Stock (SKU)",12
"Stock (SKU)",335
"Stock (SKU)",83
"Stock (SKU)",127
"Stock (SKU)",94
"Stock (SKU)",90
"Stock (SKU)",184
"Stock (SKU)",64
"Stock (SKU)",70
"Stock (SKU)",49
"Stock (SKU)",1
"Stock (SKU)",102
"Stock (SKU)",83
"Stock (SKU)",118
"Stock (SKU)",299
"Stock (SKU)",189
"Stock (SKU)",186
"Stock (SKU)",82
"Stock (SKU)",87
"Stock (SKU)",44
"Stock (SKU)",81
"Stock (SKU)",124
"Stock (SKU)",77
"Stock (SKU)",92
"Stock (SKU)",51
"Stock (SKU)",39
"Stock (SKU)",50
"Stock (SKU)",574
"Stock (SKU)",1903
"Stock (SKU)",929
"Stock (SKU)",1
"Stock (SKU)",52
"Stock (SKU)",228
"Stock (SKU)",68
"Stock (SKU)",525
"Stock (SKU)",399
"Stock (SKU)",141
"Stock (SKU)",127
"Stock (SKU)",182
"Stock (SKU)",222
"Stock (SKU)",195
"Stock (SKU)",275
"Stock (SKU)",221
"Stock (SKU)",151
"Stock (SKU)",163
"Stock (SKU)",136
"Stock (SKU)",238
"Stock (SKU)",171
"Stock (SKU)",118
"Stock (SKU)",131
"Stock (SKU)",266
"Stock (SKU)",373
"Stock (SKU)",279
"Stock (SKU)",229
"Stock (SKU)",472
"Stock (SKU)",92
"Stock (SKU)",192
"Stock (SKU)",741
"Stock (SKU)",2123
"Stock (SKU)",4
"Stock (SKU)",163
"Stock (SKU)",223
"Stock (SKU)",66
"Stock (SKU)",843
"Stock (SKU)",32
"Stock (SKU)",136
"Stock (SKU)",41
"Stock (SKU)",279
"Stock (SKU)",47
"Stock (SKU)",29
"Stock (SKU)",984
"Stock (SKU)",40
"Stock (SKU)",143
"Stock (SKU)",7
"Stock (SKU)",598
"Stock (SKU)",33
"Stock (SKU)",272
"Stock (SKU)",20
"Stock (SKU)",169
"Stock (SKU)",313
"Stock (SKU)",613
"Stock (SKU)",224
"Stock (SKU)",329
"Stock (SKU)",214
"Stock (SKU)",189
"Stock (SKU)",494
"Stock (SKU)",431
"Stock (SKU)",548
"Stock (SKU)",26
"Stock (SKU)",7
"Stock (SKU)",3
"Stock (SKU)",1
"Stock (SKU)",873
"Stock (SKU)",807
"Stock (SKU)",252
"Stock (SKU)",629
"Stock (SKU)",246
"Stock (SKU)",285
"Stock (SKU)",48
"Stock (SKU)",57
"Stock (SKU)",60
"Stock (SKU)",50
"Stock (SKU)",49
"Stock (SKU)",47
"Stock (SKU)",44
"Stock (SKU)",46
"Stock (SKU)",408
"Stock (SKU)",740
"Stock (SKU)",634
"Stock (SKU)",182
"Stock (SKU)",60
"Stock (SKU)",49
"Stock (SKU)",58
"Stock (SKU)",118
"Stock (SKU)",139
"Stock (SKU)",903
"Stock (SKU)",969
"Stock (SKU)",930
"Stock (SKU)",176
"Stock (SKU)",310
"Stock (SKU)",251
"Stock (SKU)",58
"Stock (SKU)",206
"Stock (SKU)",285
"Stock (SKU)",253
"Stock (SKU)",721
"Stock (SKU)",966
"Stock (SKU)",1425
"Stock (SKU)",114
"Stock (SKU)",772
"Stock (SKU)",260
"Stock (SKU)",972
"Stock (SKU)",77
"Stock (SKU)",1135
"Stock (SKU)",1659
"Stock (SKU)",506
"Stock (SKU)",1814
"Stock (SKU)",44
"Stock (SKU)",369
"Stock (SKU)",144
"Stock (SKU)",128
"Stock (SKU)",123
"Stock (SKU)",111
"Stock (SKU)",201
"Stock (SKU)",217
"Stock (SKU)",22
"Stock (SKU)",95
"Stock (SKU)",150
"Stock (SKU)",22
"Stock (SKU)",45
"Stock (SKU)",118
"Stock (SKU)",149
"Stock (SKU)",126
"Stock (SKU)",236
"Stock (SKU)",66
"Stock (SKU)",145
"Stock (SKU)",205
"Stock (SKU)",144
"Stock (SKU)",238
"Stock (SKU)",282
"Stock (SKU)",121
"Stock (SKU)",137
"Stock (SKU)",1161
"Stock (SKU)",237
"Stock (SKU)",3118
"Stock (SKU)",1481
"Stock (SKU)",200
"Stock (SKU)",291
"Stock (SKU)",802
"Stock (SKU)",928
"Stock (SKU)",897
"Stock (SKU)",176
"Stock (SKU)",159
"Stock (SKU)",107
"Stock (SKU)",133
"Stock (SKU)",43
"Stock (SKU)",312
"Stock (SKU)",2
"Stock (SKU)",37
"Stock (SKU)",31
"Stock (SKU)",1482
"Stock (SKU)",2435
"Stock (SKU)",903
"Stock (SKU)",751
"Stock (SKU)",769
"Stock (SKU)",260
"Stock (SKU)",657
"Stock (SKU)",504
"Stock (SKU)",445
"Stock (SKU)",304
"Stock (SKU)",210
"Stock (SKU)",81
"Stock (SKU)",158
"Stock (SKU)",259
"Stock (SKU)",60
"Stock (SKU)",132
"Stock (SKU)",22
"Stock (SKU)",122
"Stock (SKU)",96
"Stock (SKU)",65
"Stock (SKU)",532
"Stock (SKU)",528
"Stock (SKU)",655
"Stock (SKU)",534
"Stock (SKU)",77
"Stock (SKU)",132
"Stock (SKU)",56
"Stock (SKU)",68
"Stock (SKU)",34
"Stock (SKU)",9
"Stock (SKU)",10
"Stock (SKU)",49
"Stock (SKU)",65
"Stock (SKU)",51
"Stock (SKU)",339
"Stock (SKU)",105
"Stock (SKU)",55
"Stock (SKU)",29
"Stock (SKU)",48
"Stock (SKU)",118
"Stock (SKU)",101
"Stock (SKU)",70
"Stock (SKU)",67
"Stock (SKU)",69
"Stock (SKU)",81
"Stock (SKU)",140
"Stock (SKU)",99
"Stock (SKU)",101
"Stock (SKU)",93
"Stock (SKU)",224
"Stock (SKU)",102
"Stock (SKU)",1
"Stock (SKU)",153
"Stock (SKU)",91
"Stock (SKU)",85
"Stock (SKU)",140
"Stock (SKU)",14
"Stock (SKU)",34
"Stock (SKU)",12
"Stock (SKU)",30
"Stock (SKU)",18
"Stock (SKU)",68
"Stock (SKU)",72
"Stock (SKU)",6
"Stock (SKU)",5
"Stock (SKU)",4
"Stock (SKU)",94
"Stock (SKU)",27
"Stock (SKU)",415
"Stock (SKU)",1066
"Stock (SKU)",47
"Stock (SKU)",74
"Stock (SKU)",93
"Stock (SKU)",66
"Stock (SKU)",57
"Stock (SKU)",18
"Stock (SKU)",14
"Stock (SKU)",81
"Stock (SKU)",175
"Stock (SKU)",643
"Stock (SKU)",495
"Stock (SKU)",643
"Stock (SKU)",555
"Stock (SKU)",201
"Stock (SKU)",30
"Stock (SKU)",50
"Stock (SKU)",222
"Stock (SKU)",28
"Stock (SKU)",43
"Stock (SKU)",12
"Stock (SKU)",13
"Stock (SKU)",12
"Stock (SKU)",419
"Stock (SKU)",29
"Stock (SKU)",3
"Stock (SKU)",26
"Stock (SKU)",4
"Stock (SKU)",133
"Stock (SKU)",171
"Stock (SKU)",42
"Stock (SKU)",178
"Stock (SKU)",158
"Stock (SKU)",9
"Stock (SKU)",217
"Stock (SKU)",341
"Stock (SKU)",349
"Stock (SKU)",211
"Stock (SKU)",222
"Stock (SKU)",73
"Stock (SKU)",101
"Stock (SKU)",286
"Stock (SKU)",401
"Stock (SKU)",167
"Stock (SKU)",77
"Stock (SKU)",77
"Stock (SKU)",60
"Stock (SKU)",47
"Stock (SKU)",22
"Stock (SKU)",22
"Stock (SKU)",64
"Stock (SKU)",50
"Stock (SKU)",61
"Stock (SKU)",71
"Stock (SKU)",61
"Stock (SKU)",46
"Stock (SKU)",98
"Stock (SKU)",88
"Stock (SKU)",125
"Stock (SKU)",651
"Stock (SKU)",532
"Stock (SKU)",152
"Stock (SKU)",323
"Stock (SKU)",150
"Stock (SKU)",690
"Stock (SKU)",105
"Stock (SKU)",4
"Stock (SKU)",29
"Stock (SKU)",261
"Stock (SKU)",588
"Stock (SKU)",176
"Stock (SKU)",48
"Stock (SKU)",43
"Stock (SKU)",151
"Stock (SKU)",115
"Stock (SKU)",77
"Stock (SKU)",181
"Stock (SKU)",127
"Stock (SKU)",118
"Stock (SKU)",91
"Stock (SKU)",121
"Stock (SKU)",151
"Stock (SKU)",157
"Stock (SKU)",1
"Stock (SKU)",453
"Stock (SKU)",240
"Stock (SKU)",1
"Stock (SKU)",150
"Stock (SKU)",624
"Stock (SKU)",67
"Stock (SKU)",52
"Stock (SKU)",36
"Stock (SKU)",82
"Stock (SKU)",22
"Stock (SKU)",118
"Stock (SKU)",66
"Stock (SKU)",19
"Stock (SKU)",31
"Stock (SKU)",106
"Stock (SKU)",147
"Stock (SKU)",143
"Stock (SKU)",95
"Stock (SKU)",99
"Stock (SKU)",119
"Stock (SKU)",465
"Stock (SKU)",997
"Stock (SKU)",814
"Stock (SKU)",279
"Stock (SKU)",237
"Stock (SKU)",109
"Stock (SKU)",36
"Stock (SKU)",240
"Stock (SKU)",95
"Stock (SKU)",133
"Stock (SKU)",136
"Stock (SKU)",26
"Stock (SKU)",36
"Stock (SKU)",146
"Stock (SKU)",232
"Stock (SKU)",336
"Stock (SKU)",211
"Stock (SKU)",4
"Stock (SKU)",409
"Stock (SKU)",194
"Stock (SKU)",167
"Stock (SKU)",65
"Stock (SKU)",65
"Stock (SKU)",88
"Stock (SKU)",44
"Stock (SKU)",27
"Stock (SKU)",23
"Stock (SKU)",171
"Stock (SKU)",305
"Stock (SKU)",217
"Stock (SKU)",187
"Stock (SKU)",275
"Stock (SKU)",254
"Stock (SKU)",142
"Stock (SKU)",210
"Stock (SKU)",319
"Stock (SKU)",319
"Stock (SKU)",285
"Stock (SKU)",90
"Stock (SKU)",94
"Stock (SKU)",1
"Stock (SKU)",85
"Stock (SKU)",45
"Stock (SKU)",92
"Stock (SKU)",930
"Stock (SKU)",57
"Stock (SKU)",1050
"Stock (SKU)",184
"Stock (SKU)",864
"Stock (SKU)",1385
"Stock (SKU)",294
"Stock (SKU)",359
"Stock (SKU)",14
"Stock (SKU)",55
"Stock (SKU)",248
"Stock (SKU)",30
"Stock (SKU)",501
"Stock (SKU)",376
"Stock (SKU)",1
"Stock (SKU)",485
"Stock (SKU)",803
"Stock (SKU)",460
"Stock (SKU)",492
"Stock (SKU)",64
"Stock (SKU)",329
"Stock (SKU)",665
"Stock (SKU)",584
"Stock (SKU)",541
"Stock (SKU)",628
"Stock (SKU)",2
"Stock (SKU)",109
"Stock (SKU)",553
"Stock (SKU)",108
"Stock (SKU)",1128
"Stock (SKU)",1152
"Stock (SKU)",2
"Stock (SKU)",832
"Stock (SKU)",257
"Stock (SKU)",153
"Stock (SKU)",163
"Stock (SKU)",779
"Stock (SKU)",91
"Stock (SKU)",957
"Stock (SKU)",343
"Stock (SKU)",1112
"Stock (SKU)",61
"Stock (SKU)",257
"Stock (SKU)",51
"Stock (SKU)",714
"Stock (SKU)",88
"Stock (SKU)",201
"Stock (SKU)",190
"Stock (SKU)",24
"Stock (SKU)",503
"Stock (SKU)",83
"Stock (SKU)",119
"Stock (SKU)",107
"Stock (SKU)",51
"Stock (SKU)",64
"Stock (SKU)",22
"Stock (SKU)",35
"Stock (SKU)",39
"Stock (SKU)",22
"Stock (SKU)",134
"Stock (SKU)",295
"Stock (SKU)",302
"Stock (SKU)",768
"Stock (SKU)",1224
"Stock (SKU)",4
"Stock (SKU)",523
"Stock (SKU)",73
"Stock (SKU)",362
"Stock (SKU)",294
"Stock (SKU)",205
"Stock (SKU)",464
"Stock (SKU)",380
"Stock (SKU)",136
"Stock (SKU)",172
"Stock (SKU)",203
"Stock (SKU)",16
"Stock (SKU)",352
"Stock (SKU)",1
"Stock (SKU)",238
"Stock (SKU)",260
"Stock (SKU)",284
"Stock (SKU)",88
"Stock (SKU)",286
"Stock (SKU)",365
"Stock (SKU)",476
"Stock (SKU)",94
"Stock (SKU)",5
"Stock (SKU)",9
"Stock (SKU)",9
"Stock (SKU)",218
"Stock (SKU)",97
"Stock (SKU)",148
"Stock (SKU)",113
"Stock (SKU)",145
"Stock (SKU)",194
"Stock (SKU)",169
"Stock (SKU)",191
"Stock (SKU)",169
"Stock (SKU)",139
"Stock (SKU)",212
"Stock (SKU)",223
"Stock (SKU)",1294
"Stock (SKU)",628
"Stock (SKU)",530
"Stock (SKU)",403
"Stock (SKU)",334
"Stock (SKU)",204
"Stock (SKU)",115
"Stock (SKU)",87
"Stock (SKU)",105
"Stock (SKU)",95
"Stock (SKU)",54
"Stock (SKU)",53
"Stock (SKU)",72
"Stock (SKU)",69
"Stock (SKU)",42
"Stock (SKU)",98
"Stock (SKU)",93
"Stock (SKU)",142
"Stock (SKU)",15
"Stock (SKU)",205
"Stock (SKU)",111
"Stock (SKU)",251
"Stock (SKU)",205
"Stock (SKU)",137
"Stock (SKU)",133
"Stock (SKU)",144
"Stock (SKU)",231
"Stock (SKU)",29
"Stock (SKU)",197
"Stock (SKU)",124
"Stock (SKU)",79
"Stock (SKU)",111
"Stock (SKU)",83
"Stock (SKU)",89
"Stock (SKU)",141
"Stock (SKU)",118
"Stock (SKU)",519
"Stock (SKU)",66
"Stock (SKU)",98
"Stock (SKU)",107
"Stock (SKU)",32
"Stock (SKU)",67
"Stock (SKU)",75
"Stock (SKU)",85
"Stock (SKU)",163
"Stock (SKU)",825
"Stock (SKU)",805
"Stock (SKU)",768
"Stock (SKU)",727
"Stock (SKU)",815
"Stock (SKU)",763
"Stock (SKU)",9
"Stock (SKU)",268
"Stock (SKU)",159
"Stock (SKU)",279
"Stock (SKU)",80
"Stock (SKU)",370
"Stock (SKU)",269
"Stock (SKU)",79
"Stock (SKU)",153
"Stock (SKU)",152
"Stock (SKU)",104
"Stock (SKU)",2
"Stock (SKU)",33
"Stock (SKU)",101
"Stock (SKU)",143
"Stock (SKU)",61
"Stock (SKU)",82
"Stock (SKU)",72
"Stock (SKU)",111
"Stock (SKU)",121
"Stock (SKU)",70
"Stock (SKU)",102
"Stock (SKU)",107
"Stock (SKU)",7
"Stock (SKU)",112
"Stock (SKU)",3
"Stock (SKU)",526
"Stock (SKU)",1
"Stock (SKU)",9
"Stock (SKU)",561
"Stock (SKU)",568
"Stock (SKU)",225
"Stock (SKU)",254
"Stock (SKU)",172
"Stock (SKU)",129
"Stock (SKU)",117
"Stock (SKU)",110
"Stock (SKU)",71
"Stock (SKU)",391
"Stock (SKU)",522
"Stock (SKU)",487
"Stock (SKU)",496
"Stock (SKU)",176
"Stock (SKU)",467
"Stock (SKU)",141
"Stock (SKU)",112
"Stock (SKU)",144
"Stock (SKU)",79
"Stock (SKU)",135
"Stock (SKU)",178
"Stock (SKU)",173
"Stock (SKU)",155
"Stock (SKU)",40
"Stock (SKU)",30
"Stock (SKU)",293
"Stock (SKU)",1537
"Stock (SKU)",58
"Stock (SKU)",1761
"Stock (SKU)",29
"Stock (SKU)",265
"Stock (SKU)",28
"Stock (SKU)",164
"Stock (SKU)",131
"Stock (SKU)",177
"Stock (SKU)",66
"Stock (SKU)",190
"Stock (SKU)",193
"Stock (SKU)",182
"Stock (SKU)",217
"Stock (SKU)",486
"Stock (SKU)",488
"Stock (SKU)",153
"Stock (SKU)",287
"Stock (SKU)",62
"Stock (SKU)",38
"Stock (SKU)",2066
"Stock (SKU)",1696
"Stock (SKU)",581
"Stock (SKU)",42
"Stock (SKU)",79
"Stock (SKU)",13
"Stock (SKU)",14
"Stock (SKU)",25
"Stock (SKU)",17
"Stock (SKU)",12
"Stock (SKU)",144
"Stock (SKU)",1
"Stock (SKU)",163
"Stock (SKU)",49
"Stock (SKU)",652
"Stock (SKU)",1
"Stock (SKU)",308
"Stock (SKU)",368
"Stock (SKU)",277
"Stock (SKU)",367
"Stock (SKU)",22
"Stock (SKU)",32
"Stock (SKU)",364
"Stock (SKU)",178
"Stock (SKU)",100
"Stock (SKU)",451
"Stock (SKU)",469
"Stock (SKU)",206
"Stock (SKU)",218
"Stock (SKU)",1888
"Stock (SKU)",1316
"Stock (SKU)",141
"Stock (SKU)",102
"Stock (SKU)",179
"Stock (SKU)",80
"Stock (SKU)",67
"Stock (SKU)",258
"Stock (SKU)",323
"Stock (SKU)",322
"Stock (SKU)",138
"Stock (SKU)",103
"Stock (SKU)",128
"Stock (SKU)",172
"Stock (SKU)",144
"Stock (SKU)",207
"Stock (SKU)",344
"Stock (SKU)",382
"Stock (SKU)",205
"Stock (SKU)",184
"Stock (SKU)",95
"Stock (SKU)",92
"Stock (SKU)",50
"Stock (SKU)",130
"Stock (SKU)",285
"Stock (SKU)",248
"Stock (SKU)",180
"Stock (SKU)",153
"Stock (SKU)",142
"Stock (SKU)",214
"Stock (SKU)",211
"Stock (SKU)",75
"Stock (SKU)",241
"Stock (SKU)",134
"Stock (SKU)",180
"Stock (SKU)",412
"Stock (SKU)",260
"Stock (SKU)",459
"Stock (SKU)",445
"Stock (SKU)",100
"Stock (SKU)",91
"Stock (SKU)",1
"Stock (SKU)",83
"Stock (SKU)",132
"Stock (SKU)",47
"Stock (SKU)",1532
"Stock (SKU)",494
"Stock (SKU)",158
"Stock (SKU)",264
"Stock (SKU)",71
"Stock (SKU)",134
"Stock (SKU)",106
"Stock (SKU)",149
"Stock (SKU)",2
"Stock (SKU)",3
"Stock (SKU)",1
"Stock (SKU)",2
"Stock (SKU)",3
"Stock (SKU)",1
"Stock (SKU)",411
"Stock (SKU)",297
"Stock (SKU)",453
"Stock (SKU)",288
"Stock (SKU)",882
"Stock (SKU)",111
"Stock (SKU)",630
"Stock (SKU)",779
"Stock (SKU)",330
"Stock (SKU)",199
"Stock (SKU)",617
"Stock (SKU)",414
"Stock (SKU)",623
"Stock (SKU)",756
"Stock (SKU)",403
"Stock (SKU)",152
"Stock (SKU)",329
"Stock (SKU)",118
"Stock (SKU)",119
"Stock (SKU)",226
"Stock (SKU)",161
"Stock (SKU)",829
"Stock (SKU)",1124
"Stock (SKU)",548
"Stock (SKU)",838
"Stock (SKU)",818
"Stock (SKU)",20
"Stock (SKU)",247
"Stock (SKU)",85
"Stock (SKU)",290
"Stock (SKU)",106
"Stock (SKU)",113
"Stock (SKU)",624
"Stock (SKU)",838
"Stock (SKU)",689
"Stock (SKU)",474
"Stock (SKU)",407
"Stock (SKU)",145
"Stock (SKU)",263
"Stock (SKU)",424
"Stock (SKU)",771
"Stock (SKU)",974
"Stock (SKU)",111
"Stock (SKU)",344
"Stock (SKU)",830
"Stock (SKU)",298
"Stock (SKU)",963
"Stock (SKU)",1027
"Stock (SKU)",713
"Stock (SKU)",467
"Stock (SKU)",788
"Stock (SKU)",5
"Stock (SKU)",390
"Stock (SKU)",119
"Stock (SKU)",123
"Stock (SKU)",167
"Stock (SKU)",147
"Stock (SKU)",192
"Stock (SKU)",1542
"Stock (SKU)",1619
"Stock (SKU)",1321
"Stock (SKU)",2330
"Stock (SKU)",649
"Stock (SKU)",625
"Stock (SKU)",725
"Stock (SKU)",921
"Stock (SKU)",1046
"Stock (SKU)",657
"Stock (SKU)",221
"Stock (SKU)",149
"Stock (SKU)",204
"Stock (SKU)",240
"Stock (SKU)",67
"Stock (SKU)",298
"Stock (SKU)",267
"Stock (SKU)",269
"Stock (SKU)",18
"Stock (SKU)",733
"Stock (SKU)",480
"Stock (SKU)",171
"Stock (SKU)",210
"Stock (SKU)",808
"Stock (SKU)",1303
"Stock (SKU)",950
"Stock (SKU)",1993
"Stock (SKU)",676
"Stock (SKU)",553
"Stock (SKU)",718
"Stock (SKU)",325
"Stock (SKU)",432
"Stock (SKU)",919
"Stock (SKU)",469
"Stock (SKU)",385
"Stock (SKU)",416
"Stock (SKU)",654
"Stock (SKU)",497
"Stock (SKU)",289
"Stock (SKU)",656
"Stock (SKU)",577
"Stock (SKU)",1
"Stock (SKU)",233
"Stock (SKU)",430
"Stock (SKU)",439
"Stock (SKU)",288
"Stock (SKU)",366
"Stock (SKU)",845
"Stock (SKU)",507
"Stock (SKU)",1101
"Stock (SKU)",686
"Stock (SKU)",142
"Stock (SKU)",111
"Stock (SKU)",129
"Stock (SKU)",94
"Stock (SKU)",362
"Stock (SKU)",135
"Stock (SKU)",635
"Stock (SKU)",45
"Stock (SKU)",30
"Stock (SKU)",94
"Stock (SKU)",555
"Stock (SKU)",128
"Stock (SKU)",126
"Stock (SKU)",89
"Stock (SKU)",473
"Stock (SKU)",208
"Stock (SKU)",261
"Stock (SKU)",102
"Stock (SKU)",115
"Stock (SKU)",115
"Stock (SKU)",116
"Stock (SKU)",128
"Stock (SKU)",87
"Stock (SKU)",74
"Stock (SKU)",724
"Stock (SKU)",34
"Stock (SKU)",261
"Stock (SKU)",104
"Stock (SKU)",458
"Stock (SKU)",159
"Stock (SKU)",520
"Stock (SKU)",127
"Stock (SKU)",356
"Stock (SKU)",694
"Stock (SKU)",458
"Stock (SKU)",274
"Stock (SKU)",252
"Stock (SKU)",276
"Stock (SKU)",267
"Stock (SKU)",320
"Stock (SKU)",256
"Stock (SKU)",512
"Stock (SKU)",477
"Stock (SKU)",287
"Stock (SKU)",358
"Stock (SKU)",376
"Stock (SKU)",1751
"Stock (SKU)",480
"Stock (SKU)",684
"Stock (SKU)",519
"Stock (SKU)",302
"Stock (SKU)",957
"Stock (SKU)",1401
"Stock (SKU)",811
"Stock (SKU)",230
"Stock (SKU)",2018
"Stock (SKU)",848
"Stock (SKU)",619
"Stock (SKU)",553
"Stock (SKU)",1704
"Stock (SKU)",324
"Stock (SKU)",140
"Stock (SKU)",275
"Stock (SKU)",339
"Stock (SKU)",284
"Stock (SKU)",180
"Stock (SKU)",242
"Stock (SKU)",309
"Stock (SKU)",291
"Stock (SKU)",127
"Stock (SKU)",116
"Stock (SKU)",59
"Stock (SKU)",71
"Stock (SKU)",99
"Stock (SKU)",55
"Stock (SKU)",79
"Stock (SKU)",369
"Stock (SKU)",128
"Stock (SKU)",643
"Stock (SKU)",512
"Stock (SKU)",1689
"Stock (SKU)",1721
"Stock (SKU)",996
"Stock (SKU)",1583
"Stock (SKU)",500
"Stock (SKU)",198
"Stock (SKU)",230
"Stock (SKU)",271
"Stock (SKU)",340
"Stock (SKU)",367
"Stock (SKU)",440
"Stock (SKU)",191
"Stock (SKU)",166
"Stock (SKU)",132
"Stock (SKU)",183
"Stock (SKU)",2
"Stock (SKU)",157
"Stock (SKU)",196
"Stock (SKU)",174
"Stock (SKU)",426
"Stock (SKU)",692
"Stock (SKU)",388
"Stock (SKU)",327
"Stock (SKU)",298
"Stock (SKU)",317
"Stock (SKU)",265
"Stock (SKU)",43
"Stock (SKU)",1916
"Stock (SKU)",2094
"Stock (SKU)",572
"Stock (SKU)",504
"Stock (SKU)",70
"Stock (SKU)",704
"Stock (SKU)",197
"Stock (SKU)",107
"Stock (SKU)",1132
"Stock (SKU)",299
"Stock (SKU)",1383
"Stock (SKU)",938
"Stock (SKU)",716
"Stock (SKU)",241
"Stock (SKU)",283
"Stock (SKU)",317
"Stock (SKU)",340
"Stock (SKU)",581
"Stock (SKU)",124
"Stock (SKU)",718
"Stock (SKU)",489
"Stock (SKU)",260
"Stock (SKU)",197
"Stock (SKU)",49
"Stock (SKU)",273
"Stock (SKU)",159
"Stock (SKU)",305
"Stock (SKU)",314
"Stock (SKU)",701
"Stock (SKU)",575
"Stock (SKU)",662
"Stock (SKU)",185
"Stock (SKU)",997
"Stock (SKU)",557
"Stock (SKU)",363
"Stock (SKU)",259
"Stock (SKU)",125
"Stock (SKU)",1816
"Stock (SKU)",566
"Stock (SKU)",410
"Stock (SKU)",138
"Stock (SKU)",172
"Stock (SKU)",209
"Stock (SKU)",146
"Stock (SKU)",462
"Stock (SKU)",345
"Stock (SKU)",364
"Stock (SKU)",566
"Stock (SKU)",1299
"Stock (SKU)",242
"Stock (SKU)",620
"Stock (SKU)",543
"Stock (SKU)",617
"Stock (SKU)",160
"Stock (SKU)",811
"Stock (SKU)",981
"Stock (SKU)",2327
"Stock (SKU)",646
"Stock (SKU)",406
"Stock (SKU)",359
"Stock (SKU)",168
"Stock (SKU)",269
"Stock (SKU)",394
"Stock (SKU)",169
"Stock (SKU)",10
"Stock (SKU)",480
"Stock (SKU)",433
"Stock (SKU)",257
"Stock (SKU)",287
"Stock (SKU)",291
"Stock (SKU)",828
"Stock (SKU)",92
"Stock (SKU)",359
"Stock (SKU)",116
"Stock (SKU)",215
"Stock (SKU)",265
"Stock (SKU)",1150
"Stock (SKU)",270
"Stock (SKU)",156
"Stock (SKU)",403
"Stock (SKU)",175
"Stock (SKU)",401
"Stock (SKU)",643
"Stock (SKU)",275
"Stock (SKU)",185
"Stock (SKU)",193
"Stock (SKU)",297
"Stock (SKU)",158
"Stock (SKU)",164
"Stock (SKU)",424
"Stock (SKU)",474
"Stock (SKU)",368
"Stock (SKU)",388
"Stock (SKU)",431
"Stock (SKU)",413
"Stock (SKU)",188
"Stock (SKU)",182
"Stock (SKU)",173
"Stock (SKU)",243
"Stock (SKU)",257
"Stock (SKU)",298
"Stock (SKU)",113
"Stock (SKU)",86
"Stock (SKU)",148
"Stock (SKU)",142
"Stock (SKU)",119
"Stock (SKU)",57
"Stock (SKU)",131
"Stock (SKU)",72
"Stock (SKU)",241
"Stock (SKU)",243
"Stock (SKU)",306
"Stock (SKU)",105
"Stock (SKU)",168
"Stock (SKU)",168
"Stock (SKU)",161
"Stock (SKU)",117
"Stock (SKU)",236
"Stock (SKU)",204
"Stock (SKU)",153
"Stock (SKU)",787
"Stock (SKU)",301
"Stock (SKU)",810
"Stock (SKU)",656
"Stock (SKU)",313
"Stock (SKU)",373
"Stock (SKU)",250
"Stock (SKU)",383
"Stock (SKU)",214
"Stock (SKU)",158
"Stock (SKU)",149
"Stock (SKU)",216
"Stock (SKU)",382
"Stock (SKU)",300
"Stock (SKU)",261
"Stock (SKU)",195
"Stock (SKU)",121
"Stock (SKU)",119
"Stock (SKU)",76
"Stock (SKU)",78
"Stock (SKU)",264
"Stock (SKU)",222
"Stock (SKU)",225
"Stock (SKU)",861
"Stock (SKU)",706
"Stock (SKU)",833
"Stock (SKU)",969
"Stock (SKU)",202
"Stock (SKU)",527
"Stock (SKU)",646
"Stock (SKU)",396
"Stock (SKU)",540
"Stock (SKU)",167
"Stock (SKU)",144
"Stock (SKU)",163
"Stock (SKU)",118
"Stock (SKU)",214
"Stock (SKU)",266
"Stock (SKU)",223
"Stock (SKU)",300
"Stock (SKU)",269
"Stock (SKU)",137
"Stock (SKU)",249
"Stock (SKU)",388
"Stock (SKU)",119
"Stock (SKU)",167
"Stock (SKU)",389
"Stock (SKU)",174
"Stock (SKU)",180
"Stock (SKU)",305
"Stock (SKU)",272
"Stock (SKU)",116
"Stock (SKU)",152
"Stock (SKU)",224
"Stock (SKU)",1393
"Stock (SKU)",651
"Stock (SKU)",1160
"Stock (SKU)",610
"Stock (SKU)",22
"Stock (SKU)",438
"Stock (SKU)",381
"Stock (SKU)",697
"Stock (SKU)",265
"Stock (SKU)",510
"Stock (SKU)",215
"Stock (SKU)",146
"Stock (SKU)",264
"Stock (SKU)",145
"Stock (SKU)",184
"Stock (SKU)",240
"Stock (SKU)",230
"Stock (SKU)",188
"Stock (SKU)",133
"Stock (SKU)",128
"Stock (SKU)",103
"Stock (SKU)",115
"Stock (SKU)",961
"Stock (SKU)",368
"Stock (SKU)",334
"Stock (SKU)",4
"Stock (SKU)",1119
"Stock (SKU)",494
"Stock (SKU)",280
"Stock (SKU)",1748
"Stock (SKU)",1588
"Stock (SKU)",467
"Stock (SKU)",605
"Stock (SKU)",208
"Stock (SKU)",431
"Stock (SKU)",502
"Stock (SKU)",258
"Stock (SKU)",174
"Stock (SKU)",346
"Stock (SKU)",447
"Stock (SKU)",575
"Stock (SKU)",1159
"Stock (SKU)",690
"Stock (SKU)",294
"Stock (SKU)",433
"Stock (SKU)",287
"Stock (SKU)",248
"Stock (SKU)",435
"Stock (SKU)",546
"Stock (SKU)",1570
"Stock (SKU)",690
"Stock (SKU)",1100
"Stock (SKU)",2154
"Stock (SKU)",2399
"Stock (SKU)",2108
"Stock (SKU)",1250
"Stock (SKU)",2245
"Stock (SKU)",92
"Stock (SKU)",83
"Stock (SKU)",66
"Stock (SKU)",120
"Stock (SKU)",55
"Stock (SKU)",53
"Stock (SKU)",184
"Stock (SKU)",431
"Stock (SKU)",278
"Stock (SKU)",234
"Stock (SKU)",250
"Stock (SKU)",212
"Stock (SKU)",217
"Stock (SKU)",217
"Stock (SKU)",75
"Stock (SKU)",95
"Stock (SKU)",164
"Stock (SKU)",198
"Stock (SKU)",2193
"Stock (SKU)",402
"Stock (SKU)",881
"Stock (SKU)",225
"Stock (SKU)",204
"Stock (SKU)",176
"Stock (SKU)",1103
"Stock (SKU)",586
"Stock (SKU)",509
"Stock (SKU)",234
"Stock (SKU)",407
"Stock (SKU)",354
"Stock (SKU)",3930
"Stock (SKU)",741
"Stock (SKU)",303
"Stock (SKU)",379
"Stock (SKU)",805
"Stock (SKU)",197
"Stock (SKU)",628
"Stock (SKU)",362
"Stock (SKU)",627
"Stock (SKU)",521
"Stock (SKU)",423
"Stock (SKU)",281
"Stock (SKU)",538
"Stock (SKU)",290
"Stock (SKU)",445
"Stock (SKU)",170
"Stock (SKU)",363
"Stock (SKU)",292
"Stock (SKU)",473
"Stock (SKU)",172
"Stock (SKU)",264
"Stock (SKU)",456
"Stock (SKU)",275
"Stock (SKU)",187
"Stock (SKU)",82
"Stock (SKU)",121
"Stock (SKU)",310
"Stock (SKU)",180
"Stock (SKU)",238
"Stock (SKU)",255
"Stock (SKU)",144
"Stock (SKU)",179
"Stock (SKU)",835
"Stock (SKU)",2046
"Stock (SKU)",174
"Stock (SKU)",174
"Stock (SKU)",376
"Stock (SKU)",146
"Stock (SKU)",787
"Stock (SKU)",464
"Stock (SKU)",394
"Stock (SKU)",1098
"Stock (SKU)",413
"Stock (SKU)",2155
"Stock (SKU)",1958
"Stock (SKU)",176
"Stock (SKU)",252
"Stock (SKU)",211
"Stock (SKU)",256
"Stock (SKU)",258
"Stock (SKU)",270
"Stock (SKU)",276
"Stock (SKU)",317
"Stock (SKU)",214
"Stock (SKU)",263
"Stock (SKU)",220
"Stock (SKU)",214
"Stock (SKU)",351
"Stock (SKU)",419
"Stock (SKU)",40
"Stock (SKU)",899
"Stock (SKU)",808
"Stock (SKU)",786
"Stock (SKU)",390
"Stock (SKU)",732
"Stock (SKU)",418
"Stock (SKU)",468
"Stock (SKU)",237
"Stock (SKU)",193
"Stock (SKU)",279
"Stock (SKU)",382
"Stock (SKU)",775
"Stock (SKU)",198
"Stock (SKU)",772
"Stock (SKU)",932
"Stock (SKU)",54
"Stock (SKU)",115
"Stock (SKU)",744
"Stock (SKU)",900
"Stock (SKU)",697
"Stock (SKU)",187
"Stock (SKU)",90
"Stock (SKU)",113
"Stock (SKU)",73
"Stock (SKU)",172
"Stock (SKU)",240
"Stock (SKU)",211
"Stock (SKU)",163
"Stock (SKU)",152
"Stock (SKU)",270
"Stock (SKU)",263
"Stock (SKU)",372
"Stock (SKU)",371
"Stock (SKU)",335
"Stock (SKU)",353
"Stock (SKU)",299
"Stock (SKU)",330
"Stock (SKU)",209
"Stock (SKU)",554
"Stock (SKU)",155
"Stock (SKU)",468
"Stock (SKU)",406
"Stock (SKU)",175
"Stock (SKU)",231
"Stock (SKU)",585
"Stock (SKU)",299
"Stock (SKU)",366
"Stock (SKU)",351
"Stock (SKU)",86
"Stock (SKU)",247
"Stock (SKU)",189
"Stock (SKU)",66
"Stock (SKU)",118
"Stock (SKU)",341
"Stock (SKU)",184
"Stock (SKU)",181
"Stock (SKU)",189
"Stock (SKU)",429
"Stock (SKU)",711
"Stock (SKU)",428
"Stock (SKU)",1299
"Stock (SKU)",1091
"Stock (SKU)",1275
"Stock (SKU)",967
"Stock (SKU)",1196
"Stock (SKU)",1126
"Stock (SKU)",1203
"Stock (SKU)",205
"Stock (SKU)",742
"Stock (SKU)",905
"Stock (SKU)",393
"Stock (SKU)",533
"Stock (SKU)",343
"Stock (SKU)",278
"Stock (SKU)",297
"Stock (SKU)",506
"Stock (SKU)",876
"Stock (SKU)",784
"Stock (SKU)",807
"Stock (SKU)",511
"Stock (SKU)",363
"Stock (SKU)",405
"Stock (SKU)",415
"Stock (SKU)",331
"Stock (SKU)",330
"Stock (SKU)",832
"Stock (SKU)",768
"Stock (SKU)",554
"Stock (SKU)",496
"Stock (SKU)",380
"Stock (SKU)",295
"Stock (SKU)",349
"Stock (SKU)",589
"Stock (SKU)",1084
"Stock (SKU)",295
"Stock (SKU)",308
"Stock (SKU)",483
"Stock (SKU)",238
"Stock (SKU)",208
"Stock (SKU)",304
"Stock (SKU)",415
"Stock (SKU)",412
"Stock (SKU)",796
"Stock (SKU)",438
"Stock (SKU)",291
"Stock (SKU)",144
"Stock (SKU)",189
"Stock (SKU)",429
"Stock (SKU)",417
"Stock (SKU)",535
"Stock (SKU)",388
"Stock (SKU)",247
"Stock (SKU)",643
"Stock (SKU)",374
"Stock (SKU)",746
"Stock (SKU)",170
"Stock (SKU)",201
"Stock (SKU)",287
"Stock (SKU)",195
"Stock (SKU)",109
"Stock (SKU)",273
"Stock (SKU)",368
"Stock (SKU)",188
"Stock (SKU)",826
"Stock (SKU)",944
"Stock (SKU)",243
"Stock (SKU)",712
"Stock (SKU)",842
"Stock (SKU)",875
"Stock (SKU)",571
"Stock (SKU)",542
"Stock (SKU)",1226
"Stock (SKU)",958
"Stock (SKU)",343
"Stock (SKU)",660
"Stock (SKU)",350
"Stock (SKU)",1368
"Stock (SKU)",1334
"Stock (SKU)",664
"Stock (SKU)",779
"Stock (SKU)",858
"Stock (SKU)",499
"Stock (SKU)",485
"Stock (SKU)",489
"Stock (SKU)",600
"Stock (SKU)",74
"Stock (SKU)",275
"Stock (SKU)",87
"Stock (SKU)",69
"Stock (SKU)",141
"Stock (SKU)",96
"Stock (SKU)",611
"Stock (SKU)",742
"Stock (SKU)",883
"Stock (SKU)",83
"Stock (SKU)",491
"Stock (SKU)",283
"Stock (SKU)",270
"Stock (SKU)",830
"Stock (SKU)",381
"Stock (SKU)",597
"Stock (SKU)",54
"Stock (SKU)",37
"Stock (SKU)",7
"Stock (SKU)",1075
"Stock (SKU)",194
"Stock (SKU)",631
"Stock (SKU)",994
"Stock (SKU)",688
"Stock (SKU)",266
"Stock (SKU)",709
"Stock (SKU)",1664
"Stock (SKU)",849
"Stock (SKU)",579
"Stock (SKU)",438
"Stock (SKU)",425
"Stock (SKU)",246
"Stock (SKU)",370
"Stock (SKU)",195
"Stock (SKU)",297
"Stock (SKU)",270
"Stock (SKU)",313
"Stock (SKU)",285
"Stock (SKU)",255
"Stock (SKU)",237
"Stock (SKU)",236
"Stock (SKU)",194
"Stock (SKU)",188
"Stock (SKU)",198
"Stock (SKU)",167
"Stock (SKU)",165
"Stock (SKU)",228
"Stock (SKU)",152
"Stock (SKU)",93
"Stock (SKU)",266
"Stock (SKU)",439
"Stock (SKU)",219
"Stock (SKU)",612
"Stock (SKU)",350
"Stock (SKU)",858
"Stock (SKU)",225
"Stock (SKU)",288
"Stock (SKU)",1356
"Stock (SKU)",1034
"Stock (SKU)",1425
"Stock (SKU)",99
"Stock (SKU)",158
"Stock (SKU)",94
"Stock (SKU)",165
"Stock (SKU)",295
"Stock (SKU)",151
"Stock (SKU)",125
"Stock (SKU)",83
"Stock (SKU)",159
"Stock (SKU)",77
"Stock (SKU)",173
"Stock (SKU)",181
"Stock (SKU)",508
"Stock (SKU)",368
"Stock (SKU)",359
"Stock (SKU)",218
"Stock (SKU)",447
"Stock (SKU)",215
"Stock (SKU)",264
"Stock (SKU)",239
"Stock (SKU)",1385
"Stock (SKU)",297
"Stock (SKU)",835
"Stock (SKU)",295
"Stock (SKU)",549
"Stock (SKU)",1273
"Stock (SKU)",1363
"Stock (SKU)",969
"Stock (SKU)",612
"Stock (SKU)",746
"Stock (SKU)",266
"Stock (SKU)",337
"Stock (SKU)",338
"Stock (SKU)",763
"Stock (SKU)",231
"Stock (SKU)",408
"Stock (SKU)",493
"Stock (SKU)",498
"Stock (SKU)",601
"Stock (SKU)",301
"Stock (SKU)",292
"Stock (SKU)",180
"Stock (SKU)",351
"Stock (SKU)",300
"Stock (SKU)",703
"Stock (SKU)",564
"Stock (SKU)",402
"Stock (SKU)",742
"Stock (SKU)",685
"Stock (SKU)",647
"Stock (SKU)",466
"Stock (SKU)",692
"Stock (SKU)",404
"Stock (SKU)",492
"Stock (SKU)",499
"Stock (SKU)",215
"Stock (SKU)",308
"Stock (SKU)",314
"Stock (SKU)",795
"Stock (SKU)",120
"Stock (SKU)",34
"Stock (SKU)",133
"Stock (SKU)",135
"Stock (SKU)",25
"Stock (SKU)",53
"Stock (SKU)",640
"Stock (SKU)",295
"Stock (SKU)",354
"Stock (SKU)",45
"Stock (SKU)",71
"Stock (SKU)",512
"Stock (SKU)",314
"Stock (SKU)",227
"Stock (SKU)",184
"Stock (SKU)",284
"Stock (SKU)",691
"Stock (SKU)",100
"Stock (SKU)",195
"Stock (SKU)",193
"Stock (SKU)",179
"Stock (SKU)",307
"Stock (SKU)",84
"Stock (SKU)",45
"Stock (SKU)",371
"Stock (SKU)",123
"Stock (SKU)",93
"Stock (SKU)",84
"Stock (SKU)",196
"Stock (SKU)",1
"Stock (SKU)",434
"Stock (SKU)",263
"Stock (SKU)",209
"Stock (SKU)",498
"Stock (SKU)",317
"Stock (SKU)",142
"Stock (SKU)",356
"Stock (SKU)",108
"Stock (SKU)",268
"Stock (SKU)",299
"Stock (SKU)",62
"Stock (SKU)",36
"Stock (SKU)",671
"Stock (SKU)",231
"Stock (SKU)",57
"Stock (SKU)",294
"Stock (SKU)",83
"Stock (SKU)",379
"Stock (SKU)",328
"Stock (SKU)",140
"Stock (SKU)",462
"Stock (SKU)",373
"Stock (SKU)",295
"Stock (SKU)",340
"Stock (SKU)",436
"Stock (SKU)",355
"Stock (SKU)",404
"Stock (SKU)",331
"Stock (SKU)",110
"Stock (SKU)",186
"Stock (SKU)",183
"Stock (SKU)",20
"Stock (SKU)",48
"Stock (SKU)",38
"Stock (SKU)",41
"Stock (SKU)",35
"Stock (SKU)",11
"Stock (SKU)",118
"Stock (SKU)",18
"Stock (SKU)",138
"Stock (SKU)",85
"Stock (SKU)",13
"Stock (SKU)",597
"Stock (SKU)",1011
"Stock (SKU)",450
"Stock (SKU)",271
"Stock (SKU)",260
"Stock (SKU)",402
"Stock (SKU)",307
"Stock (SKU)",238
"Stock (SKU)",179
"Stock (SKU)",498
"Stock (SKU)",395
"Stock (SKU)",346
"Stock (SKU)",482
"Stock (SKU)",152
"Stock (SKU)",162
"Stock (SKU)",1
"Stock (SKU)",523
"Stock (SKU)",160
"Stock (SKU)",146
"Stock (SKU)",244
"Stock (SKU)",427
"Stock (SKU)",33
"Stock (SKU)",67
"Stock (SKU)",139
"Stock (SKU)",165
"Stock (SKU)",111
"Stock (SKU)",50
"Stock (SKU)",221
"Stock (SKU)",169
"Stock (SKU)",2
"Stock (SKU)",1212
"Stock (SKU)",1083
"Stock (SKU)",1054
"Stock (SKU)",27
"Stock (SKU)",57
"Stock (SKU)",46
"Stock (SKU)",30
"Stock (SKU)",39
"Stock (SKU)",31
"Stock (SKU)",28
"Stock (SKU)",30
"Stock (SKU)",23
"Stock (SKU)",28
"Stock (SKU)",45
"Stock (SKU)",21
"Stock (SKU)",37
"Stock (SKU)",36
"Stock (SKU)",50
"Stock (SKU)",34
"Stock (SKU)",39
"Stock (SKU)",35
"Stock (SKU)",29
"Stock (SKU)",28
"Stock (SKU)",23
"Stock (SKU)",39
"Stock (SKU)",260
"Stock (SKU)",230
"Stock (SKU)",295
"Stock (SKU)",182
"Stock (SKU)",192
"Stock (SKU)",411
"Stock (SKU)",367
"Stock (SKU)",298
"Stock (SKU)",471
"Stock (SKU)",422
"Stock (SKU)",723
"Stock (SKU)",201
"Stock (SKU)",82
"Stock (SKU)",463
"Stock (SKU)",194
"Stock (SKU)",445
"Stock (SKU)",829
"Stock (SKU)",485
"Stock (SKU)",1086
"Stock (SKU)",1427
"Stock (SKU)",164
"Stock (SKU)",108
"Stock (SKU)",122
"Stock (SKU)",170
"Stock (SKU)",195
"Stock (SKU)",249
"Stock (SKU)",252
"Stock (SKU)",249
"Stock (SKU)",248
"Stock (SKU)",252
"Stock (SKU)",220
"Stock (SKU)",114
"Stock (SKU)",92
"Stock (SKU)",96
"Stock (SKU)",192
"Stock (SKU)",216
"Stock (SKU)",164
"Stock (SKU)",118
"Stock (SKU)",17
"Stock (SKU)",189
"Stock (SKU)",129
"Stock (SKU)",72
"Stock (SKU)",122
"Stock (SKU)",78
"Stock (SKU)",65
"Stock (SKU)",50
"Stock (SKU)",160
"Stock (SKU)",273
"Stock (SKU)",181
"Stock (SKU)",586
"Stock (SKU)",483
"Stock (SKU)",246
"Stock (SKU)",356
"Stock (SKU)",159
"Stock (SKU)",339
"Stock (SKU)",275
"Stock (SKU)",209
"Stock (SKU)",181
"Stock (SKU)",177
"Stock (SKU)",352
"Stock (SKU)",634
"Stock (SKU)",1144
"Stock (SKU)",119
"Stock (SKU)",50
"Stock (SKU)",186
"Stock (SKU)",256
"Stock (SKU)",214
"Stock (SKU)",284
"Stock (SKU)",1161
"Stock (SKU)",1201
"Stock (SKU)",355
"Stock (SKU)",320
"Stock (SKU)",408
"Stock (SKU)",260
"Stock (SKU)",732
"Stock (SKU)",138
"Stock (SKU)",307
"Stock (SKU)",709
"Stock (SKU)",317
"Stock (SKU)",272
"Stock (SKU)",243
"Stock (SKU)",155
"Stock (SKU)",211
"Stock (SKU)",193
"Stock (SKU)",149
"Stock (SKU)",140
"Stock (SKU)",238
"Stock (SKU)",381
"Stock (SKU)",291
"Stock (SKU)",105
"Stock (SKU)",212
"Stock (SKU)",551
"Stock (SKU)",214
"Stock (SKU)",136
"Stock (SKU)",204
"Stock (SKU)",11
"Stock (SKU)",446
"Stock (SKU)",372
"Stock (SKU)",164
"Stock (SKU)",274
"Stock (SKU)",348
"Stock (SKU)",1073
"Stock (SKU)",218
"Stock (SKU)",266
"Stock (SKU)",408
"Stock (SKU)",222
"Stock (SKU)",534
"Stock (SKU)",222
"Stock (SKU)",278
"Stock (SKU)",1
"Stock (SKU)",192
"Stock (SKU)",54
"Stock (SKU)",221
"Stock (SKU)",243
"Stock (SKU)",173
"Stock (SKU)",184
"Stock (SKU)",133
"Stock (SKU)",103
"Stock (SKU)",111
"Stock (SKU)",246
"Stock (SKU)",223
"Stock (SKU)",209
"Stock (SKU)",18
"Stock (SKU)",24
"Stock (SKU)",22
"Stock (SKU)",21
"Stock (SKU)",28
"Stock (SKU)",77
"Stock (SKU)",27
"Stock (SKU)",22
"Stock (SKU)",25
"Stock (SKU)",11
"Stock (SKU)",54
"Stock (SKU)",62
"Stock (SKU)",30
"Stock (SKU)",137
"Stock (SKU)",157
"Stock (SKU)",155
"Stock (SKU)",200
"Stock (SKU)",74
"Stock (SKU)",88
"Stock (SKU)",191
"Stock (SKU)",16
"Stock (SKU)",20
"Stock (SKU)",8
"Stock (SKU)",28
"Stock (SKU)",41
"Stock (SKU)",54
"Stock (SKU)",28
"Stock (SKU)",23
"Stock (SKU)",25
"Stock (SKU)",25
"Stock (SKU)",36
"Stock (SKU)",25
"Stock (SKU)",99
"Stock (SKU)",186
"Stock (SKU)",205
"Stock (SKU)",162
"Stock (SKU)",278
"Stock (SKU)",164
"Stock (SKU)",130
"Stock (SKU)",39
"Stock (SKU)",40
"Stock (SKU)",46
"Stock (SKU)",48
"Stock (SKU)",1
"Stock (SKU)",42
"Stock (SKU)",117
"Stock (SKU)",24
"Stock (SKU)",99
"Stock (SKU)",85
"Stock (SKU)",78
"Stock (SKU)",136
"Stock (SKU)",32
"Stock (SKU)",44
"Stock (SKU)",20
"Stock (SKU)",31
"Stock (SKU)",61
"Stock (SKU)",48
"Stock (SKU)",80
"Stock (SKU)",277
"Stock (SKU)",344
"Stock (SKU)",257
"Stock (SKU)",106
"Stock (SKU)",257
"Stock (SKU)",139
"Stock (SKU)",297
"Stock (SKU)",246
"Stock (SKU)",1000
"Stock (SKU)",78
"Stock (SKU)",47
"Stock (SKU)",69
"Stock (SKU)",79
"Stock (SKU)",225
"Stock (SKU)",149
"Stock (SKU)",209
"Stock (SKU)",135
"Stock (SKU)",142
"Stock (SKU)",79
"Stock (SKU)",146
"Stock (SKU)",58
"Stock (SKU)",257
"Stock (SKU)",213
"Stock (SKU)",157
"Stock (SKU)",365
"Stock (SKU)",46
"Stock (SKU)",53
"Stock (SKU)",73
"Stock (SKU)",372
"Stock (SKU)",268
"Stock (SKU)",255
"Stock (SKU)",138
"Stock (SKU)",241
"Stock (SKU)",58
"Stock (SKU)",46
"Stock (SKU)",46
"Stock (SKU)",23
"Stock (SKU)",46
"Stock (SKU)",260
"Stock (SKU)",151
"Stock (SKU)",100
"Stock (SKU)",111
"Stock (SKU)",133
"Stock (SKU)",95
"Stock (SKU)",43
"Stock (SKU)",38
"Stock (SKU)",291
"Stock (SKU)",194
"Stock (SKU)",139
"Stock (SKU)",172
"Stock (SKU)",184
"Stock (SKU)",116
"Stock (SKU)",152
"Stock (SKU)",155
"Stock (SKU)",38
"Stock (SKU)",45
"Stock (SKU)",49
"Stock (SKU)",23
"Stock (SKU)",82
"Stock (SKU)",27
"Stock (SKU)",52
"Stock (SKU)",25
"Stock (SKU)",40
"Stock (SKU)",16
"Stock (SKU)",274
"Stock (SKU)",169
"Stock (SKU)",227
"Stock (SKU)",261
"Stock (SKU)",247
"Stock (SKU)",21
"Stock (SKU)",49
"Stock (SKU)",21
"Stock (SKU)",159
"Stock (SKU)",90
"Stock (SKU)",235
"Stock (SKU)",136
"Stock (SKU)",205
"Stock (SKU)",164
"Stock (SKU)",255
"Stock (SKU)",223
"Stock (SKU)",76
"Stock (SKU)",98
"Stock (SKU)",176
"Stock (SKU)",209
"Stock (SKU)",92
"Stock (SKU)",280
"Stock (SKU)",247
"Stock (SKU)",231
"Stock (SKU)",337
"Stock (SKU)",316
"Stock (SKU)",445
"Stock (SKU)",381
"Stock (SKU)",305
"Stock (SKU)",416
"Stock (SKU)",322
"Stock (SKU)",329
"Stock (SKU)",226
"Stock (SKU)",267
"Stock (SKU)",68
"Stock (SKU)",53
"Stock (SKU)",49
"Stock (SKU)",82
"Stock (SKU)",433
"Stock (SKU)",84
"Stock (SKU)",264
"Stock (SKU)",30
"Stock (SKU)",70
"Stock (SKU)",74
"Stock (SKU)",333
"Stock (SKU)",141
"Stock (SKU)",202
"Stock (SKU)",281
"Stock (SKU)",345
"Stock (SKU)",175
"Stock (SKU)",214
"Stock (SKU)",299
"Stock (SKU)",249
"Stock (SKU)",475
"Stock (SKU)",978
"Stock (SKU)",596
"Stock (SKU)",906
"Stock (SKU)",880
"Stock (SKU)",1232
"Stock (SKU)",583
"Stock (SKU)",467
"Stock (SKU)",1036
"Stock (SKU)",740
"Stock (SKU)",668
"Stock (SKU)",1099
"Stock (SKU)",192
"Stock (SKU)",160
"Stock (SKU)",186
"Stock (SKU)",152
"Stock (SKU)",103
"Stock (SKU)",210
"Stock (SKU)",44
"Stock (SKU)",97
"Stock (SKU)",40
"Stock (SKU)",61
"Stock (SKU)",103
"Stock (SKU)",145
"Stock (SKU)",75
"Stock (SKU)",88
"Stock (SKU)",71
"Stock (SKU)",88
"Stock (SKU)",98
"Stock (SKU)",117
"Stock (SKU)",125
"Stock (SKU)",256
"Stock (SKU)",235
"Stock (SKU)",260
"Stock (SKU)",238
"Stock (SKU)",158
"Stock (SKU)",278
"Stock (SKU)",105
"Stock (SKU)",327
"Stock (SKU)",177
"Stock (SKU)",274
"Stock (SKU)",178
"Stock (SKU)",536
"Stock (SKU)",363
"Stock (SKU)",214
"Stock (SKU)",470
"Stock (SKU)",112
"Stock (SKU)",873
"Stock (SKU)",309
"Stock (SKU)",81
"Stock (SKU)",110
"Stock (SKU)",120
"Stock (SKU)",138
"Stock (SKU)",70
"Stock (SKU)",299
"Stock (SKU)",158
"Stock (SKU)",368
"Stock (SKU)",445
"Stock (SKU)",299
"Stock (SKU)",293
"Stock (SKU)",319
"Stock (SKU)",108
"Stock (SKU)",92
"Stock (SKU)",95
"Stock (SKU)",127
"Stock (SKU)",104
"Stock (SKU)",44
"Stock (SKU)",112
"Stock (SKU)",119
"Stock (SKU)",325
"Stock (SKU)",157
"Stock (SKU)",101
"Stock (SKU)",135
"Stock (SKU)",233
"Stock (SKU)",728
"Stock (SKU)",191
"Stock (SKU)",222
"Stock (SKU)",198
"Stock (SKU)",185
"Stock (SKU)",191
"Stock (SKU)",214
"Stock (SKU)",195
"Stock (SKU)",222
"Stock (SKU)",552
"Stock (SKU)",354
"Stock (SKU)",444
"Stock (SKU)",378
"Stock (SKU)",161
"Stock (SKU)",1147
"Stock (SKU)",146
"Stock (SKU)",758
"Stock (SKU)",913
"Stock (SKU)",230
"Stock (SKU)",6
"Stock (SKU)",9
"Stock (SKU)",9
"Stock (SKU)",277
"Stock (SKU)",629
"Stock (SKU)",382
"Stock (SKU)",407
"Stock (SKU)",245
"Stock (SKU)",344
"Stock (SKU)",214
"Stock (SKU)",401
"Stock (SKU)",117
"Stock (SKU)",86
"Stock (SKU)",110
"Stock (SKU)",82
"Stock (SKU)",376
"Stock (SKU)",403
"Stock (SKU)",333
"Stock (SKU)",629
"Stock (SKU)",563
"Stock (SKU)",294
"Stock (SKU)",44
"Stock (SKU)",35
"Stock (SKU)",76
"Stock (SKU)",41
"Stock (SKU)",405
"Stock (SKU)",233
"Stock (SKU)",216
"Stock (SKU)",109
"Stock (SKU)",287
"Stock (SKU)",233
"Stock (SKU)",130
"Stock (SKU)",96
"Stock (SKU)",85
"Stock (SKU)",69
"Stock (SKU)",109
"Stock (SKU)",76
"Stock (SKU)",151
"Stock (SKU)",121
"Stock (SKU)",163
"Stock (SKU)",481
"Stock (SKU)",716
"Stock (SKU)",174
"Stock (SKU)",184
"Stock (SKU)",97
"Stock (SKU)",169
"Stock (SKU)",337
"Stock (SKU)",305
"Stock (SKU)",354
"Stock (SKU)",212
"Stock (SKU)",327
"Stock (SKU)",322
"Stock (SKU)",782
"Stock (SKU)",476
"Stock (SKU)",102
"Stock (SKU)",89
"Stock (SKU)",79
"Stock (SKU)",114
"Stock (SKU)",169
"Stock (SKU)",195
"Stock (SKU)",282
"Stock (SKU)",232
"Stock (SKU)",126
"Stock (SKU)",151
"Stock (SKU)",185
"Stock (SKU)",147
"Stock (SKU)",100
"Stock (SKU)",131
"Stock (SKU)",103
"Stock (SKU)",155
"Stock (SKU)",133
"Stock (SKU)",176
"Stock (SKU)",76
"Stock (SKU)",121
"Stock (SKU)",80
"Stock (SKU)",220
"Stock (SKU)",154
"Stock (SKU)",237
"Stock (SKU)",163
"Stock (SKU)",87
"Stock (SKU)",113
"Stock (SKU)",229
"Stock (SKU)",150
"Stock (SKU)",210
"Stock (SKU)",196
"Stock (SKU)",218
"Stock (SKU)",69
"Stock (SKU)",225
"Stock (SKU)",107
"Stock (SKU)",83
"Stock (SKU)",68
"Stock (SKU)",134
"Stock (SKU)",169
"Stock (SKU)",70
"Stock (SKU)",111
"Stock (SKU)",133
"Stock (SKU)",59
"Stock (SKU)",43
"Stock (SKU)",18
"Stock (SKU)",56
"Stock (SKU)",76
"Stock (SKU)",58
"Stock (SKU)",64
"Stock (SKU)",47
"Stock (SKU)",25
"Stock (SKU)",27
"Stock (SKU)",79
"Stock (SKU)",86
"Stock (SKU)",32
"Stock (SKU)",33
"Stock (SKU)",47
"Stock (SKU)",66
"Stock (SKU)",135
"Stock (SKU)",56
"Stock (SKU)",206
"Stock (SKU)",115
"Stock (SKU)",33
"Stock (SKU)",23
"Stock (SKU)",18
"Stock (SKU)",72
"Stock (SKU)",74
"Stock (SKU)",89
"Stock (SKU)",199
"Stock (SKU)",99
"Stock (SKU)",114
"Stock (SKU)",131
"Stock (SKU)",109
"Stock (SKU)",397
"Stock (SKU)",5
"Stock (SKU)",3
"Stock (SKU)",7
"Stock (SKU)",79
"Stock (SKU)",101
"Stock (SKU)",3
"Stock (SKU)",4
"Stock (SKU)",3
"Stock (SKU)",1
"Stock (SKU)",52
"Stock (SKU)",87
"Stock (SKU)",47
"Stock (SKU)",52
"Stock (SKU)",35
"Stock (SKU)",36
"Stock (SKU)",31
"Stock (SKU)",30
"Stock (SKU)",19
"Stock (SKU)",43
"Stock (SKU)",94
"Stock (SKU)",47
"Stock (SKU)",8
"Stock (SKU)",8
"Stock (SKU)",16
"Stock (SKU)",27
"Stock (SKU)",11
"Stock (SKU)",11
"Stock (SKU)",72
"Stock (SKU)",84
"Stock (SKU)",27
"Stock (SKU)",33
"Stock (SKU)",51
"Stock (SKU)",37
"Stock (SKU)",31
"Stock (SKU)",22
"Stock (SKU)",13
"Stock (SKU)",13
"Stock (SKU)",44
"Stock (SKU)",215
"Stock (SKU)",29
"Stock (SKU)",39
"Stock (SKU)",73
"Stock (SKU)",35
"Stock (SKU)",83
"Stock (SKU)",74
"Stock (SKU)",44
"Stock (SKU)",159
"Stock (SKU)",101
"Stock (SKU)",78
"Stock (SKU)",28
"Stock (SKU)",415
"Stock (SKU)",205
"Stock (SKU)",41
"Stock (SKU)",31
"Stock (SKU)",195
"Stock (SKU)",99
"Stock (SKU)",110
"Stock (SKU)",98
"Stock (SKU)",112
"Stock (SKU)",94
"Stock (SKU)",335
"Stock (SKU)",208
"Stock (SKU)",115
"Stock (SKU)",146
"Stock (SKU)",119
"Stock (SKU)",120
"Stock (SKU)",65
"Stock (SKU)",120
"Stock (SKU)",98
"Stock (SKU)",57
"Stock (SKU)",70
"Stock (SKU)",74
"Stock (SKU)",71
"Stock (SKU)",42
"Stock (SKU)",63
"Stock (SKU)",44
"Stock (SKU)",24
"Stock (SKU)",32
"Stock (SKU)",44
"Stock (SKU)",32
"Stock (SKU)",41
"Stock (SKU)",63
"Stock (SKU)",53
"Stock (SKU)",143
"Stock (SKU)",48
"Stock (SKU)",50
"Stock (SKU)",37
"Stock (SKU)",87
"Stock (SKU)",112
"Stock (SKU)",31
"Stock (SKU)",36
"Stock (SKU)",260
"Stock (SKU)",215
"Stock (SKU)",85
"Stock (SKU)",34
"Stock (SKU)",32
"Stock (SKU)",41
"Stock (SKU)",14
"Stock (SKU)",152
"Stock (SKU)",89
"Stock (SKU)",103
"Stock (SKU)",20
"Stock (SKU)",84
"Stock (SKU)",120
"Stock (SKU)",62
"Stock (SKU)",43
"Stock (SKU)",52
"Stock (SKU)",64
"Stock (SKU)",136
"Stock (SKU)",116
"Stock (SKU)",68
"Stock (SKU)",57
"Stock (SKU)",50
"Stock (SKU)",53
"Stock (SKU)",32
"Stock (SKU)",52
"Stock (SKU)",124
"Stock (SKU)",26
"Stock (SKU)",16
"Stock (SKU)",43
"Stock (SKU)",76
"Stock (SKU)",63
"Stock (SKU)",83
"Stock (SKU)",37
"Stock (SKU)",48
"Stock (SKU)",192
"Stock (SKU)",276
"Stock (SKU)",257
"Stock (SKU)",14
"Stock (SKU)",32
"Stock (SKU)",37
"Stock (SKU)",14
"Stock (SKU)",36
"Stock (SKU)",25
"Stock (SKU)",338
"Stock (SKU)",259
"Stock (SKU)",325
"Stock (SKU)",2
"Stock (SKU)",31
"Stock (SKU)",47
"Stock (SKU)",4
"Stock (SKU)",1
"Stock (SKU)",14
"Stock (SKU)",2
"Stock (SKU)",1
"Stock (SKU)",7
"Stock (SKU)",3
"Stock (SKU)",1
"Stock (SKU)",3
"Stock (SKU)",16
"Stock (SKU)",2
"Stock (SKU)",6
"Stock (SKU)",11
"Stock (SKU)",4
"Stock (SKU)",7
"Stock (SKU)",1
"Stock (SKU)",2
"Stock (SKU)",7
"Stock (SKU)",4
"Stock (SKU)",6
"Stock (SKU)",4
"Stock (SKU)",4
"Stock (SKU)",16
"Stock (SKU)",2
"Stock (SKU)",1
"Stock (SKU)",10
"Stock (SKU)",2
"Stock (SKU)",10
"Stock (SKU)",3
"Stock (SKU)",5
"Stock (SKU)",3
"Stock (SKU)",7
"Stock (SKU)",9
"Stock (SKU)",2
"Stock (SKU)",4
"Stock (SKU)",8
"Stock (SKU)",1
"Stock (SKU)",5
"Stock (SKU)",4
"Stock (SKU)",5
"Stock (SKU)",2
"Stock (SKU)",4
"Stock (SKU)",1
"Stock (SKU)",4
"Stock (SKU)",42
"Stock (SKU)",33
"Stock (SKU)",1
"Stock (SKU)",132
"Stock (SKU)",38
"Stock (SKU)",2
"Stock (SKU)",41
"Stock (SKU)",57
"Stock (SKU)",35
"Stock (SKU)",3
"Stock (SKU)",1
"Stock (SKU)",6
"Stock (SKU)",104
"Stock (SKU)",2
"Stock (SKU)",192
"Stock (SKU)",275
"Stock (SKU)",380
"Stock (SKU)",76
"Stock (SKU)",44
"Stock (SKU)",25
"Stock (SKU)",40
"Stock (SKU)",2
"Stock (SKU)",7
"Stock (SKU)",9
"Stock (SKU)",166
"Stock (SKU)",177
"Stock (SKU)",50
"Stock (SKU)",25
"Stock (SKU)",56
"Stock (SKU)",8
"Stock (SKU)",39
"Stock (SKU)",131
"Stock (SKU)",16
"Stock (SKU)",20
"Stock (SKU)",420
"Stock (SKU)",10
"Stock (SKU)",83
"Stock (SKU)",348
"Stock (SKU)",3
"Stock (SKU)",9
"Stock (SKU)",39
"Stock (SKU)",4
"Stock (SKU)",4
"Stock (SKU)",7
"Stock (SKU)",7
"Stock (SKU)",3
"Stock (SKU)",57
"Stock (SKU)",3
"Stock (SKU)",103
"Stock (SKU)",51
"Stock (SKU)",103
"Stock (SKU)",1
"Stock (SKU)",14
"Stock (SKU)",2
"Stock (SKU)",25
"Stock (SKU)",1
"Stock (SKU)",31
"Stock (SKU)",19
"Stock (SKU)",24
"Stock (SKU)",13
"Stock (SKU)",14
"Stock (SKU)",9
"Stock (SKU)",5
"Stock (SKU)",12
"Stock (SKU)",53
"Stock (SKU)",19
"Stock (SKU)",6
"Stock (SKU)",11
"Stock (SKU)",7
"Stock (SKU)",34
"Stock (SKU)",104
"Stock (SKU)",74
"Stock (SKU)",143
"Stock (SKU)",53
"Stock (SKU)",3
"Stock (SKU)",63
"Stock (SKU)",2
"Stock (SKU)",113
"Stock (SKU)",5
"Stock (SKU)",2
"Stock (SKU)",1
"Stock (SKU)",15
"Stock (SKU)",187
"Stock (SKU)",33
"Stock (SKU)",171
"Stock (SKU)",68
"Stock (SKU)",84
"Stock (SKU)",3
"Stock (SKU)",7
"Stock (SKU)",4
"Stock (SKU)",9
"Stock (SKU)",3
"Stock (SKU)",12
"Stock (SKU)",12
"Stock (SKU)",1
"Stock (SKU)",25
"Stock (SKU)",32
"Stock (SKU)",7
"Stock (SKU)",4
"Stock (SKU)",2
"Stock (SKU)",1
"Stock (SKU)",1
"Stock (SKU)",2
"Stock (SKU)",6
"Stock (SKU)",9
"Stock (SKU)",4
"Stock (SKU)",188
"Stock (SKU)",35
"Stock (SKU)",64
"Stock (SKU)",1
"Stock (SKU)",20
"Stock (SKU)",23
"Stock (SKU)",11
"Stock (SKU)",5
"Stock (SKU)",6
"Stock (SKU)",13
"Stock (SKU)",8
"Stock (SKU)",96
"Stock (SKU)",24
"Stock (SKU)",30
"Stock (SKU)",21
"Stock (SKU)",56
"Stock (SKU)",1
"Stock (SKU)",67
"Stock (SKU)",83
"Stock (SKU)",44
"Stock (SKU)",46
"Stock (SKU)",42
"Stock (SKU)",5
"Stock (SKU)",24
"Stock (SKU)",49
"Stock (SKU)",36
"Stock (SKU)",112
"Stock (SKU)",188
"Stock (SKU)",1
"Stock (SKU)",15
"Stock (SKU)",10
"Stock (SKU)",28
"Stock (SKU)",9
"Stock (SKU)",17
"Stock (SKU)",1
"Stock (SKU)",1
"Stock (SKU)",46
"Stock (SKU)",155
"Stock (SKU)",112
"Stock (SKU)",5
"Stock (SKU)",148
"Stock (SKU)",82
"Stock (SKU)",637
"Stock (SKU)",92
"Stock (SKU)",12
"Stock (SKU)",132
"Stock (SKU)",176
"Stock (SKU)",26
"Stock (SKU)",112
"Stock (SKU)",75
"Stock (SKU)",76
"Stock (SKU)",692
"Stock (SKU)",217
"Stock (SKU)",87
"Stock (SKU)",13
"Stock (SKU)",1
"Stock (SKU)",1
"Stock (SKU)",2
"Stock (SKU)",27
"Stock (SKU)",2
"Stock (SKU)",30
"Stock (SKU)",67
"Stock (SKU)",54
"Stock (SKU)",5
"Stock (SKU)",1
"Stock (SKU)",5
"Stock (SKU)",2
"Stock (SKU)",92
"Stock (SKU)",28
"Stock (SKU)",61
"Stock (SKU)",205
"Stock (SKU)",131
"Stock (SKU)",105
"Stock (SKU)",9
"Stock (SKU)",7
"Stock (SKU)",11
"Stock (SKU)",8
"Stock (SKU)",494
"Stock (SKU)",16
"Stock (SKU)",3
"Stock (SKU)",6
"Stock (SKU)",1
"Stock (SKU)",3
"Stock (SKU)",34
"Stock (SKU)",81
"Stock (SKU)",73
"Stock (SKU)",70
"Stock (SKU)",108
"Stock (SKU)",1
"Stock (SKU)",1
"Stock (SKU)",54
"Stock (SKU)",43
"Stock (SKU)",28
"Stock (SKU)",54
"Stock (SKU)",410
"Stock (SKU)",364
"Stock (SKU)",529
"Stock (SKU)",477
"Stock (SKU)",391
"Stock (SKU)",1
"Stock (SKU)",95
"Stock (SKU)",32
"Stock (SKU)",28
"Stock (SKU)",82
"Stock (SKU)",64
"Stock (SKU)",14
"Stock (SKU)",11
"Stock (SKU)",44
"Stock (SKU)",72
"Stock (SKU)",77
"Stock (SKU)",8
"Stock (SKU)",1
"Stock (SKU)",34
"Stock (SKU)",37
"Stock (SKU)",2
"Stock (SKU)",10
"Stock (SKU)",86
"Stock (SKU)",10
"Stock (SKU)",1
"Stock (SKU)",15
"Stock (SKU)",3
"Stock (SKU)",6
"Stock (SKU)",23
"Stock (SKU)",17
"Stock (SKU)",12
"Stock (SKU)",20
"Stock (SKU)",13
"Stock (SKU)",8
"Stock (SKU)",10
"Stock (SKU)",13
"Stock (SKU)",11
"Stock (SKU)",44
"Stock (SKU)",24
"Stock (SKU)",26
"Stock (SKU)",54
"Stock (SKU)",330
"Stock (SKU)",263
"Stock (SKU)",177
"Stock (SKU)",171
"Stock (SKU)",523
"Stock (SKU)",26
"Stock (SKU)",46
"Stock (SKU)",14
"Stock (SKU)",121
"Stock (SKU)",1
"Stock (SKU)",60
"Stock (SKU)",13
"Stock (SKU)",245
"Stock (SKU)",81
"Stock (SKU)",117
"Stock (SKU)",62
"Stock (SKU)",3
"Stock (SKU)",13
"Stock (SKU)",18
"Stock (SKU)",6
"Stock (SKU)",17
"Stock (SKU)",6
"Stock (SKU)",10
"Stock (SKU)",3
"Stock (SKU)",3
"Stock (SKU)",53
"Stock (SKU)",56
"Stock (SKU)",22
"Stock (SKU)",12
"Stock (SKU)",8
"Stock (SKU)",2
"Stock (SKU)",9
"Stock (SKU)",4
"Stock (SKU)",35
"Stock (SKU)",8
"Stock (SKU)",1
"Stock (SKU)",26
"Stock (SKU)",367
"Stock (SKU)",50
"Stock (SKU)",64
"Stock (SKU)",393
"Stock (SKU)",53
"Stock (SKU)",2
"Stock (SKU)",22
"Stock (SKU)",72
"Stock (SKU)",48
"Stock (SKU)",4
"Stock (SKU)",25
"Stock (SKU)",1
"Stock (SKU)",33
"Stock (SKU)",32
"Stock (SKU)",4
"Stock (SKU)",95
"Stock (SKU)",51
"Stock (SKU)",122
"Stock (SKU)",154
"Stock (SKU)",96
"Stock (SKU)",76
"Stock (SKU)",78
"Stock (SKU)",158
"Stock (SKU)",26
"Stock (SKU)",27
"Stock (SKU)",5
"Stock (SKU)",70
"Stock (SKU)",172
"Stock (SKU)",7
"Stock (SKU)",14
"Stock (SKU)",23
"Stock (SKU)",10
"Stock (SKU)",11
"Stock (SKU)",16
"Stock (SKU)",14
"Stock (SKU)",95
"Stock (SKU)",25
"Stock (SKU)",29
"Stock (SKU)",31
"Stock (SKU)",74
"Stock (SKU)",66
"Stock (SKU)",29
"Stock (SKU)",63
"Stock (SKU)",150
"Stock (SKU)",44
"Stock (SKU)",79
"Stock (SKU)",195
"Stock (SKU)",25
"Stock (SKU)",11
"Stock (SKU)",35
"Stock (SKU)",60
"Stock (SKU)",74
"Stock (SKU)",42
"Stock (SKU)",48
"Stock (SKU)",14
"Stock (SKU)",57
"Stock (SKU)",140
"Stock (SKU)",4
"Stock (SKU)",312
"Stock (SKU)",179
"Stock (SKU)",43
"Stock (SKU)",11
"Stock (SKU)",1
"Stock (SKU)",1
"Stock (SKU)",454
"Stock (SKU)",745
"Stock (SKU)",41
"Stock (SKU)",151
"Stock (SKU)",6
"Stock (SKU)",2676
"Stock (SKU)",879
"Stock (SKU)",351
"Stock (SKU)",410
"Stock (SKU)",1
"Stock (SKU)",78
"Stock (SKU)",232
"Stock (SKU)",129
"Stock (SKU)",27
"Stock (SKU)",69
"Stock (SKU)",55
"Stock (SKU)",344
"Stock (SKU)",36
"Stock (SKU)",6
"Stock (SKU)",6
"Stock (SKU)",148
"Stock (SKU)",29
"Stock (SKU)",27
"Stock (SKU)",76
"Stock (SKU)",690
"Stock (SKU)",882
"Stock (SKU)",70
"Stock (SKU)",285
"Stock (SKU)",162
"Stock (SKU)",1212
"Stock (SKU)",101
"Stock (SKU)",29
"Stock (SKU)",98
"Stock (SKU)",357
"Stock (SKU)",106
"Stock (SKU)",122
"Stock (SKU)",124
"Stock (SKU)",32
"Stock (SKU)",369
"Stock (SKU)",286
"Stock (SKU)",10
"Stock (SKU)",722
"Stock (SKU)",497
"Stock (SKU)",544
"Stock (SKU)",1666
"Stock (SKU)",1
"Stock (SKU)",540
"Stock (SKU)",2
"Stock (SKU)",11
"Stock (SKU)",856
"Stock (SKU)",984
"Stock (SKU)",1282
"Stock (SKU)",699
"Stock (SKU)",279
"Stock (SKU)",1353
"Stock (SKU)",87
"Stock (SKU)",227
"Stock (SKU)",1
"Stock (SKU)",81
"Stock (SKU)",27
"Stock (SKU)",6
"Stock (SKU)",377
"Stock (SKU)",267
"Stock (SKU)",226
"Stock (SKU)",51
"Stock (SKU)",61
"Stock (SKU)",127
"Stock (SKU)",10
"Stock (SKU)",12
"Stock (SKU)",24
"Stock (SKU)",67
"Stock (SKU)",21
"Stock (SKU)",89
"Stock (SKU)",82
"Stock (SKU)",3
"Stock (SKU)",4
"Stock (SKU)",290
"Stock (SKU)",205
"Stock (SKU)",13
"Stock (SKU)",144
"Stock (SKU)",8
"Stock (SKU)",727
"Stock (SKU)",1
"Stock (SKU)",47
"Stock (SKU)",99
"Stock (SKU)",12
"Stock (SKU)",81
"Stock (SKU)",79
"Stock (SKU)",69
"Stock (SKU)",35
"Stock (SKU)",2
"Stock (SKU)",1018
"Stock (SKU)",811
"Stock (SKU)",20
"Stock (SKU)",18
"Stock (SKU)",17
"Stock (SKU)",6
"Stock (SKU)",17
"Stock (SKU)",215
"Stock (SKU)",49
"Stock (SKU)",11
"Stock (SKU)",1
"Stock (SKU)",10
"Stock (SKU)",6
"Stock (SKU)",54
"Stock (SKU)",7
"Stock (SKU)",1
"Stock (SKU)",120
"Stock (SKU)",66
"Stock (SKU)",88
"Stock (SKU)",18
"Stock (SKU)",57
"Stock (SKU)",56
"Stock (SKU)",28
"Stock (SKU)",31
"Stock (SKU)",29
"Stock (SKU)",29
"Stock (SKU)",15
"Stock (SKU)",38
"Stock (SKU)",11
"Stock (SKU)",119
"Stock (SKU)",45
"Stock (SKU)",399
"Stock (SKU)",427
"Stock (SKU)",499
"Stock (SKU)",14
"Stock (SKU)",64
"Stock (SKU)",14
"Stock (SKU)",48
"Stock (SKU)",184
"Stock (SKU)",158
"Stock (SKU)",18
"Stock (SKU)",5
"Stock (SKU)",13
"Stock (SKU)",13
"Stock (SKU)",10
"Stock (SKU)",54
"Stock (SKU)",1
"Stock (SKU)",29
"Stock (SKU)",24
"Stock (SKU)",12
"Stock (SKU)",1
"Stock (SKU)",921
"Stock (SKU)",17
"Stock (SKU)",39
"Stock (SKU)",15
"Stock (SKU)",11
"Stock (SKU)",1
"Stock (SKU)",1
"Stock (SKU)",1
"Stock (SKU)",1
"Stock (SKU)",2
"Stock (SKU)",14
"Stock (SKU)",14
"Stock (SKU)",6
"Stock (SKU)",9
"Stock (SKU)",6
"Stock (SKU)",8
"Stock (SKU)",1
"Stock (SKU)",14
"Stock (SKU)",13
"Stock (SKU)",129
"Stock (SKU)",1
"Stock (SKU)",494
"Stock (SKU)",8
"Stock (SKU)",6
"Stock (SKU)",9
"Stock (SKU)",15
"Stock (SKU)",44
"Stock (SKU)",15
"Stock (SKU)",9
"Stock (SKU)",4
"Stock (SKU)",3
"Stock (SKU)",45
"Stock (SKU)",10
"Stock (SKU)",5
"Stock (SKU)",12
"Stock (SKU)",1
"Stock (SKU)",15
"Stock (SKU)",18
"Stock (SKU)",16
"Stock (SKU)",48
"Stock (SKU)",18
"Stock (SKU)",178
"Stock (SKU)",102
"Stock (SKU)",46
"Stock (SKU)",91
"Stock (SKU)",78
"Stock (SKU)",86
"Stock (SKU)",286
"Stock (SKU)",67
"Stock (SKU)",92
"Stock (SKU)",122
"Stock (SKU)",28
"Stock (SKU)",25
"Stock (SKU)",67
"Stock (SKU)",188
"Stock (SKU)",212
"Stock (SKU)",271
"Stock (SKU)",98
"Stock (SKU)",37
"Stock (SKU)",3
"Stock (SKU)",226
"Stock (SKU)",247
"Stock (SKU)",392
"Stock (SKU)",22
"Stock (SKU)",31
"Stock (SKU)",54
"Stock (SKU)",70
"Stock (SKU)",136
"Stock (SKU)",215
"Stock (SKU)",127
"Stock (SKU)",92
"Stock (SKU)",14
"Stock (SKU)",15
"Stock (SKU)",76
"Stock (SKU)",344
"Stock (SKU)",68
"Stock (SKU)",25
"Stock (SKU)",11
"Stock (SKU)",25
"Stock (SKU)",12
"Stock (SKU)",33
"Stock (SKU)",88
"Stock (SKU)",2
"Stock (SKU)",5
"Stock (SKU)",19
"Stock (SKU)",9
"Stock (SKU)",2
"Stock (SKU)",31
"Stock (SKU)",439
"Stock (SKU)",37
"Stock (SKU)",343
"Stock (SKU)",34
"Stock (SKU)",62
"Stock (SKU)",123
"Stock (SKU)",56
"Stock (SKU)",4
"Stock (SKU)",14
"Stock (SKU)",11
"Stock (SKU)",1
"Stock (SKU)",256
"Stock (SKU)",397
"Stock (SKU)",1
"Stock (SKU)",66
"Stock (SKU)",107
"Stock (SKU)",3
"Stock (SKU)",91
"Stock (SKU)",97
"Stock (SKU)",12
"Stock (SKU)",2
"Stock (SKU)",3
"Stock (SKU)",3
"Stock (SKU)",210
"Stock (SKU)",16
"Stock (SKU)",66
"Stock (SKU)",92
"Stock (SKU)",4
"Stock (SKU)",119
"Stock (SKU)",136
"Stock (SKU)",112
"Stock (SKU)",70
"Stock (SKU)",157
"Stock (SKU)",56
"Stock (SKU)",35
"Stock (SKU)",1
"Stock (SKU)",112
"Stock (SKU)",1
"Stock (SKU)",10
"Stock (SKU)",19
"Stock (SKU)",2
"Stock (SKU)",13
"Stock (SKU)",151
"Stock (SKU)",1140
"Stock (SKU)",59
"Stock (SKU)",62
"Stock (SKU)",85
"Stock (SKU)",171
"Stock (SKU)",266
"Stock (SKU)",57
"Stock (SKU)",350
"Stock (SKU)",17
"Stock (SKU)",7
"Stock (SKU)",9
"Stock (SKU)",21
"Stock (SKU)",21
"Stock (SKU)",13
"Stock (SKU)",80
"Stock (SKU)",36
"Stock (SKU)",36
"Stock (SKU)",21
"Stock (SKU)",9
"Stock (SKU)",18
"Stock (SKU)",16
"Stock (SKU)",34
"Stock (SKU)",10
"Stock (SKU)",20
"Stock (SKU)",46
"Stock (SKU)",6
"Stock (SKU)",6
"Stock (SKU)",7
"Stock (SKU)",259
"Stock (SKU)",34
"Stock (SKU)",48
"Stock (SKU)",71
"Stock (SKU)",2
"Stock (SKU)",11
"Stock (SKU)",3
"Stock (SKU)",19
"Stock (SKU)",23
"Stock (SKU)",28
"Stock (SKU)",48
"Stock (SKU)",2006
"Stock (SKU)",1124
"Stock (SKU)",1176
"Stock (SKU)",1274
"Stock (SKU)",2061
"Stock (SKU)",11
"Stock (SKU)",751
"Stock (SKU)",794
"Stock (SKU)",42
"Stock (SKU)",489
"Stock (SKU)",704
"Stock (SKU)",1336
"Stock (SKU)",913
"Stock (SKU)",798
"Stock (SKU)",1179
"Stock (SKU)",47
"Stock (SKU)",40
"Stock (SKU)",215
"Stock (SKU)",506
"Stock (SKU)",1202
"Stock (SKU)",125
"Stock (SKU)",160
"Stock (SKU)",44
"Stock (SKU)",25
"Stock (SKU)",120
"Stock (SKU)",234
"Stock (SKU)",199
"Stock (SKU)",271
"Stock (SKU)",90
"Stock (SKU)",52
"Stock (SKU)",126
"Stock (SKU)",142
"Stock (SKU)",212
"Stock (SKU)",39
"Stock (SKU)",179
"Stock (SKU)",67
"Stock (SKU)",49
"Stock (SKU)",15
"Stock (SKU)",1145
"Stock (SKU)",1009
"Stock (SKU)",4
"Stock (SKU)",19
"Stock (SKU)",531
"Stock (SKU)",314
"Stock (SKU)",271
"Stock (SKU)",662
"Stock (SKU)",601
"Stock (SKU)",49
"Stock (SKU)",716
"Stock (SKU)",60
"Stock (SKU)",1021
"Stock (SKU)",330
"Stock (SKU)",20
"Stock (SKU)",12
"Stock (SKU)",88
"Stock (SKU)",38
"Stock (SKU)",69
"Stock (SKU)",8
"Stock (SKU)",3
"Stock (SKU)",1
"Stock (SKU)",9
"Stock (SKU)",2
"Stock (SKU)",4
"Stock (SKU)",277
"Stock (SKU)",96
"Stock (SKU)",28
"Stock (SKU)",18
"Stock (SKU)",13
"Stock (SKU)",47
"Stock (SKU)",50
"Stock (SKU)",22
"Stock (SKU)",96
"Stock (SKU)",107
"Stock (SKU)",20
"Stock (SKU)",9
"Stock (SKU)",28
"Stock (SKU)",110
"Stock (SKU)",53
"Stock (SKU)",35
"Stock (SKU)",64
"Stock (SKU)",13
"Stock (SKU)",61
"Stock (SKU)",53
"Stock (SKU)",50
"Stock (SKU)",91
"Stock (SKU)",17
"Stock (SKU)",2
"Stock (SKU)",18
"Stock (SKU)",477
"Stock (SKU)",215
"Stock (SKU)",299
"Stock (SKU)",24
"Stock (SKU)",14
"Stock (SKU)",5
"Stock (SKU)",31
"Stock (SKU)",1
"Stock (SKU)",19
"Stock (SKU)",84
"Stock (SKU)",74
"Stock (SKU)",123
"Stock (SKU)",11
"Stock (SKU)",121
"Stock (SKU)",757
"Stock (SKU)",127
"Stock (SKU)",134
"Stock (SKU)",29
"Stock (SKU)",40
"Stock (SKU)",3
"Stock (SKU)",9
"Stock (SKU)",6
"Stock (SKU)",797
"Stock (SKU)",1248
"Stock (SKU)",1114
"Stock (SKU)",1
"Stock (SKU)",22
"Stock (SKU)",49
"Stock (SKU)",4
"Stock (SKU)",13
"Stock (SKU)",51
"Stock (SKU)",845
"Stock (SKU)",10
"Stock (SKU)",6
"Stock (SKU)",7
"Stock (SKU)",39
"Stock (SKU)",10
"Stock (SKU)",9
"Stock (SKU)",5
"Stock (SKU)",42
"Stock (SKU)",18
"Stock (SKU)",19
"Stock (SKU)",5
"Stock (SKU)",35
"Stock (SKU)",44
"Stock (SKU)",18
"Stock (SKU)",20
"Stock (SKU)",16
"Stock (SKU)",64
"Stock (SKU)",20
"Stock (SKU)",201
"Stock (SKU)",213
"Stock (SKU)",40
"Stock (SKU)",14
"Stock (SKU)",11
"Stock (SKU)",23
"Stock (SKU)",73
"Stock (SKU)",83
"Stock (SKU)",44
"Stock (SKU)",30
"Stock (SKU)",32
"Stock (SKU)",5
"Stock (SKU)",37
"Stock (SKU)",41
"Stock (SKU)",115
"Stock (SKU)",71
"Stock (SKU)",109
"Stock (SKU)",74
"Stock (SKU)",43
"Stock (SKU)",479
"Stock (SKU)",200
"Stock (SKU)",140
"Stock (SKU)",33
"Stock (SKU)",46
"Stock (SKU)",161
"Stock (SKU)",532
"Stock (SKU)",148
"Stock (SKU)",135
"Stock (SKU)",34
"Stock (SKU)",38
"Stock (SKU)",203
"Stock (SKU)",214
"Stock (SKU)",732
"Stock (SKU)",94
"Stock (SKU)",26
"Stock (SKU)",34
"Stock (SKU)",22
"Stock (SKU)",19
"Stock (SKU)",5
"Stock (SKU)",37
"Stock (SKU)",46
"Stock (SKU)",43
"Stock (SKU)",31
"Stock (SKU)",24
"Stock (SKU)",191
"Stock (SKU)",64
"Stock (SKU)",329
"Stock (SKU)",625
"Stock (SKU)",404
"Stock (SKU)",11
"Stock (SKU)",11
"Stock (SKU)",3
"Stock (SKU)",13
"Stock (SKU)",16
"Stock (SKU)",5
"Stock (SKU)",8
"Stock (SKU)",16
"Stock (SKU)",218
"Stock (SKU)",270
"Stock (SKU)",220
"Stock (SKU)",32
"Stock (SKU)",78
"Stock (SKU)",7
"Stock (SKU)",63
"Stock (SKU)",60
"Stock (SKU)",11
"Stock (SKU)",1
"Stock (SKU)",310
"Stock (SKU)",112
"Stock (SKU)",76
"Stock (SKU)",89
"Stock (SKU)",179
"Stock (SKU)",2
"Stock (SKU)",1
"Stock (SKU)",13
"Stock (SKU)",3
"Stock (SKU)",33
"Stock (SKU)",113
"Stock (SKU)",442
"Stock (SKU)",234
"Stock (SKU)",11
"Stock (SKU)",75
"Stock (SKU)",9
"Stock (SKU)",47
"Stock (SKU)",7
"Stock (SKU)",16
"Stock (SKU)",43
"Stock (SKU)",733
"Stock (SKU)",218
"Stock (SKU)",614
"Stock (SKU)",351
"Stock (SKU)",10
"Stock (SKU)",140
"Stock (SKU)",93
"Stock (SKU)",256
"Stock (SKU)",28
"Stock (SKU)",44
"Stock (SKU)",217
"Stock (SKU)",6
"Stock (SKU)",52
"Stock (SKU)",15
"Stock (SKU)",4
"Stock (SKU)",39
"Stock (SKU)",5
"Stock (SKU)",5
"Stock (SKU)",12
"Stock (SKU)",12
"Stock (SKU)",11
"Stock (SKU)",1
"Stock (SKU)",21
"Stock (SKU)",25
"Stock (SKU)",7
"Stock (SKU)",29
"Stock (SKU)",50
"Stock (SKU)",15
"Stock (SKU)",9
"Stock (SKU)",14
"Stock (SKU)",81
"Stock (SKU)",18
"Stock (SKU)",71
"Stock (SKU)",51
"Stock (SKU)",1
"Stock (SKU)",19
"Stock (SKU)",13
"Stock (SKU)",1
"Stock (SKU)",50
"Stock (SKU)",11
"Stock (SKU)",114
"Stock (SKU)",69
"Stock (SKU)",1
"Stock (SKU)",1
"Stock (SKU)",12
"Stock (SKU)",13
"Stock (SKU)",20
"Stock (SKU)",64
"Stock (SKU)",224
"Stock (SKU)",57
"Stock (SKU)",67
"Stock (SKU)",113
"Stock (SKU)",45
"Stock (SKU)",52
"Stock (SKU)",27
"Stock (SKU)",64
"Stock (SKU)",51
"Stock (SKU)",48
"Stock (SKU)",33
"Stock (SKU)",182
"Stock (SKU)",32
"Stock (SKU)",99
"Stock (SKU)",133
"Stock (SKU)",106
"Stock (SKU)",62
"Stock (SKU)",110
"Stock (SKU)",81
"Stock (SKU)",4
"Stock (SKU)",18
"Stock (SKU)",49
"Stock (SKU)",46
"Stock (SKU)",40
"Stock (SKU)",125
"Stock (SKU)",76
"Stock (SKU)",73
"Stock (SKU)",81
"Stock (SKU)",40
"Stock (SKU)",14
"Stock (SKU)",236
"Stock (SKU)",1129
"Stock (SKU)",7
"Stock (SKU)",5
"Stock (SKU)",8
"Stock (SKU)",14
"Stock (SKU)",5
"Stock (SKU)",7
"Stock (SKU)",9
"Stock (SKU)",4
"Stock (SKU)",16
"Stock (SKU)",17
"Stock (SKU)",64
"Stock (SKU)",51
"Stock (SKU)",53
"Stock (SKU)",14
"Stock (SKU)",86
"Stock (SKU)",24
"Stock (SKU)",30
"Stock (SKU)",60
"Stock (SKU)",47
"Stock (SKU)",3
"Stock (SKU)",2
"Stock (SKU)",12
"Stock (SKU)",29
"Stock (SKU)",5
"Stock (SKU)",3
"Stock (SKU)",6
"Stock (SKU)",6
"Stock (SKU)",51
"Stock (SKU)",6
"Stock (SKU)",31
"Stock (SKU)",15
"Stock (SKU)",17
"Stock (SKU)",16
"Stock (SKU)",93
"Stock (SKU)",106
"Stock (SKU)",78
"Stock (SKU)",19
"Stock (SKU)",24
"Stock (SKU)",218
"Stock (SKU)",1259
"Stock (SKU)",4
"Stock (SKU)",1
"Stock (SKU)",36
"Stock (SKU)",61
"Stock (SKU)",29
"Stock (SKU)",48
"Stock (SKU)",43
"Stock (SKU)",171
"Stock (SKU)",6
"Stock (SKU)",27
"Stock (SKU)",6
"Stock (SKU)",16
"Stock (SKU)",48
"Stock (SKU)",27
"Stock (SKU)",7
"Stock (SKU)",18
"Stock (SKU)",124
"Stock (SKU)",106
"Stock (SKU)",519
"Stock (SKU)",71
"Stock (SKU)",113
"Stock (SKU)",132
"Stock (SKU)",83
"Stock (SKU)",5
"Stock (SKU)",131
"Stock (SKU)",182
"Stock (SKU)",61
"Stock (SKU)",53
"Stock (SKU)",10
"Stock (SKU)",10
"Stock (SKU)",3
"Stock (SKU)",31
"Stock (SKU)",39
"Stock (SKU)",27
"Stock (SKU)",19
"Stock (SKU)",16
"Stock (SKU)",18
"Stock (SKU)",24
"Stock (SKU)",17
"Stock (SKU)",17
"Stock (SKU)",11
"Stock (SKU)",19
"Stock (SKU)",19
"Stock (SKU)",9
"Stock (SKU)",10
"Stock (SKU)",20
"Stock (SKU)",32
"Stock (SKU)",9
"Stock (SKU)",21
"Stock (SKU)",9
"Stock (SKU)",99
"Stock (SKU)",1
"Stock (SKU)",3
"Stock (SKU)",53
"Stock (SKU)",21
"Stock (SKU)",79
"Stock (SKU)",215
"Stock (SKU)",95
"Stock (SKU)",54
"Stock (SKU)",74
"Stock (SKU)",29
"Stock (SKU)",32
"Stock (SKU)",51
"Stock (SKU)",29
"Stock (SKU)",353
"Stock (SKU)",7
"Stock (SKU)",634
"Stock (SKU)",1408
"Stock (SKU)",143
"Stock (SKU)",4
"Stock (SKU)",394
"Stock (SKU)",140
"Stock (SKU)",35
"Stock (SKU)",110
"Stock (SKU)",1
"Stock (SKU)",14
"Stock (SKU)",11
"Stock (SKU)",54
"Stock (SKU)",49
"Stock (SKU)",103
"Stock (SKU)",293
"Stock (SKU)",260
"Stock (SKU)",110
"Stock (SKU)",16
"Stock (SKU)",81
"Stock (SKU)",33
"Stock (SKU)",3
"Stock (SKU)",1
"Stock (SKU)",17
"Stock (SKU)",9
"Stock (SKU)",10
"Stock (SKU)",30
"Stock (SKU)",58
"Stock (SKU)",18
"Stock (SKU)",40
"Stock (SKU)",4
"Stock (SKU)",49
"Stock (SKU)",5
"Stock (SKU)",1
"Stock (SKU)",2
"Stock (SKU)",4
"Stock (SKU)",27
"Stock (SKU)",40
"Stock (SKU)",41
"Stock (SKU)",150
"Stock (SKU)",75
"Stock (SKU)",36
"Stock (SKU)",12
"Stock (SKU)",40
"Stock (SKU)",37
"Stock (SKU)",40
"Stock (SKU)",4
"Stock (SKU)",36
"Stock (SKU)",17
"Stock (SKU)",43
"Stock (SKU)",43
"Stock (SKU)",2810
"Stock (SKU)",375
"Stock (SKU)",24
"Stock (SKU)",36
"Stock (SKU)",347
"Stock (SKU)",9
"Stock (SKU)",6
"Stock (SKU)",15
"Stock (SKU)",52
"Stock (SKU)",21
"Stock (SKU)",53
"Stock (SKU)",74
"Stock (SKU)",53
"Stock (SKU)",105
"Stock (SKU)",21
"Stock (SKU)",36
"Stock (SKU)",36
"Stock (SKU)",35
"Stock (SKU)",30
"Stock (SKU)",53
"Stock (SKU)",232
"Stock (SKU)",260
"Stock (SKU)",266
"Stock (SKU)",200
"Stock (SKU)",5
"Stock (SKU)",37
"Stock (SKU)",58
"Stock (SKU)",53
"Stock (SKU)",64
"Stock (SKU)",43
"Stock (SKU)",88
"Stock (SKU)",14
"Stock (SKU)",17
"Stock (SKU)",150
"Stock (SKU)",62
"Stock (SKU)",16
"Stock (SKU)",10
"Stock (SKU)",17
"Stock (SKU)",10
"Stock (SKU)",27
"Stock (SKU)",3
"Stock (SKU)",34
"Stock (SKU)",51
"Stock (SKU)",10
"Stock (SKU)",31
"Stock (SKU)",47
"Stock (SKU)",52
"Stock (SKU)",42
"Stock (SKU)",33
"Stock (SKU)",28
"Stock (SKU)",29
"Stock (SKU)",62
"Stock (SKU)",94
"Stock (SKU)",82
"Stock (SKU)",83
"Stock (SKU)",24
"Stock (SKU)",17
"Stock (SKU)",34
"Stock (SKU)",22
"Stock (SKU)",6
"Stock (SKU)",6
"Stock (SKU)",6
"Stock (SKU)",13
"Stock (SKU)",126
"Stock (SKU)",3
"Stock (SKU)",196
"Stock (SKU)",654
"Stock (SKU)",1769
"Stock (SKU)",680
"Stock (SKU)",36
"Stock (SKU)",693
"Stock (SKU)",275
"Stock (SKU)",135
"Stock (SKU)",125
"Stock (SKU)",39
"Stock (SKU)",44
"Stock (SKU)",42
"Stock (SKU)",2
"Stock (SKU)",9
"Stock (SKU)",6
"Stock (SKU)",2
"Stock (SKU)",2
"Stock (SKU)",3
"Stock (SKU)",4
"Stock (SKU)",5
"Stock (SKU)",4
"Stock (SKU)",3
"Stock (SKU)",3
"Stock (SKU)",11
"Stock (SKU)",4
"Stock (SKU)",208
"Stock (SKU)",138
"Stock (SKU)",191
"Stock (SKU)",110
"Stock (SKU)",113
"Stock (SKU)",133
"Stock (SKU)",342
"Stock (SKU)",1145
"Stock (SKU)",1523
"Stock (SKU)",59
"Stock (SKU)",462
"Stock (SKU)",46
"Stock (SKU)",57
"Stock (SKU)",212
"Stock (SKU)",56
"Stock (SKU)",44
"Stock (SKU)",1426
"Stock (SKU)",17
"Stock (SKU)",16
"Stock (SKU)",16
"Stock (SKU)",21
"Stock (SKU)",161
"Stock (SKU)",25
"Stock (SKU)",80
"Stock (SKU)",812
"Stock (SKU)",1019
"Stock (SKU)",193
"Stock (SKU)",63
"Stock (SKU)",193
"Stock (SKU)",2127
"Stock (SKU)",1460
"Stock (SKU)",207
"Stock (SKU)",99
"Stock (SKU)",670
"Stock (SKU)",1104
"Stock (SKU)",1026
"Stock (SKU)",1167
"Stock (SKU)",37
"Stock (SKU)",21
"Stock (SKU)",99
"Stock (SKU)",712
"Stock (SKU)",935
"Stock (SKU)",72
"Stock (SKU)",90
"Stock (SKU)",254
"Stock (SKU)",167
"Stock (SKU)",175
"Stock (SKU)",317
"Stock (SKU)",120
"Stock (SKU)",10
"Stock (SKU)",10
"Stock (SKU)",4
"Stock (SKU)",80
"Stock (SKU)",49
"Stock (SKU)",47
"Stock (SKU)",26
"Stock (SKU)",58
"Stock (SKU)",10
"Stock (SKU)",38
"Stock (SKU)",11
"Stock (SKU)",1
"Stock (SKU)",20
"Stock (SKU)",42
"Stock (SKU)",95
"Stock (SKU)",126
"Stock (SKU)",29
"Stock (SKU)",40
"Stock (SKU)",27
"Stock (SKU)",33
"Stock (SKU)",29
"Stock (SKU)",102
"Stock (SKU)",85
"Stock (SKU)",106
"Stock (SKU)",161
"Stock (SKU)",152
"Stock (SKU)",161
"Stock (SKU)",134
"Stock (SKU)",32
"Stock (SKU)",49
"Stock (SKU)",139
"Stock (SKU)",153
"Stock (SKU)",197
"Stock (SKU)",181
"Stock (SKU)",137
"Stock (SKU)",199
"Stock (SKU)",166
"Stock (SKU)",90
"Stock (SKU)",129
"Stock (SKU)",382
"Stock (SKU)",295
"Stock (SKU)",267
"Stock (SKU)",114
"Stock (SKU)",434
"Stock (SKU)",255
"Stock (SKU)",92
"Stock (SKU)",293
"Stock (SKU)",1
"Stock (SKU)",40
"Stock (SKU)",83
"Stock (SKU)",236
"Stock (SKU)",517
"Stock (SKU)",718
"Stock (SKU)",342
"Stock (SKU)",501
"Stock (SKU)",402
"Stock (SKU)",891
"Stock (SKU)",314
"Stock (SKU)",562
"Stock (SKU)",334
"Stock (SKU)",1
"Stock (SKU)",378
"Stock (SKU)",204
"Stock (SKU)",107
"Stock (SKU)",211
"Stock (SKU)",89
"Stock (SKU)",469
"Stock (SKU)",342
"Stock (SKU)",181
"Stock (SKU)",280
"Stock (SKU)",257
"Stock (SKU)",931
"Stock (SKU)",175
"Stock (SKU)",197
"Stock (SKU)",1
"Stock (SKU)",4
"Stock (SKU)",147
"Stock (SKU)",165
"Stock (SKU)",141
"Stock (SKU)",112
"Stock (SKU)",1
"Stock (SKU)",1
"Stock (SKU)",162
"Stock (SKU)",8
"Stock (SKU)",23
"Stock (SKU)",22
"Stock (SKU)",2
"Stock (SKU)",85
"Stock (SKU)",152
"Stock (SKU)",146
"Stock (SKU)",78
"Stock (SKU)",29
"Stock (SKU)",53
"Stock (SKU)",20
"Stock (SKU)",24
"Stock (SKU)",152
"Stock (SKU)",108
"Stock (SKU)",49
"Stock (SKU)",67
"Stock (SKU)",40
"Stock (SKU)",114
"Stock (SKU)",4018
"Stock (SKU)",1878
"Stock (SKU)",1858
"Stock (SKU)",88
"Stock (SKU)",57
"Stock (SKU)",59
"Stock (SKU)",71
"Stock (SKU)",20
"Stock (SKU)",23
"Stock (SKU)",77
"Stock (SKU)",35
"Stock (SKU)",48
"Stock (SKU)",120
"Stock (SKU)",242
"Stock (SKU)",203
"Stock (SKU)",2
"Stock (SKU)",181
"Stock (SKU)",61
"Stock (SKU)",81
"Stock (SKU)",39
"Stock (SKU)",48
"Stock (SKU)",53
"Stock (SKU)",5471
"Stock (SKU)",1
"Stock (SKU)",105
"Stock (SKU)",104
"Stock (SKU)",123
"Stock (SKU)",62
"Stock (SKU)",34
"Stock (SKU)",81
"Stock (SKU)",4
"Stock (SKU)",75
"Stock (SKU)",56
"Stock (SKU)",65
"Stock (SKU)",168
"Stock (SKU)",86
"Stock (SKU)",83
"Stock (SKU)",68
"Stock (SKU)",107
"Stock (SKU)",199
"Stock (SKU)",216
"Stock (SKU)",72
"Stock (SKU)",267
"Stock (SKU)",261
"Stock (SKU)",133
"Stock (SKU)",307
"Stock (SKU)",63
"Stock (SKU)",115
"Stock (SKU)",112
"Stock (SKU)",107
"Stock (SKU)",47
"Stock (SKU)",123
"Stock (SKU)",71
"Stock (SKU)",35
"Stock (SKU)",70
"Stock (SKU)",30
"Stock (SKU)",29
"Stock (SKU)",16
"Stock (SKU)",1110
"Stock (SKU)",8
"Stock (SKU)",1460
"Stock (SKU)",1
"Stock (SKU)",82
"Stock (SKU)",89
"Stock (SKU)",35
"Stock (SKU)",37
"Stock (SKU)",34
"Stock (SKU)",20
"Stock (SKU)",13
"Stock (SKU)",46
"Stock (SKU)",57
"Stock (SKU)",66
"Stock (SKU)",66
"Stock (SKU)",59
"Stock (SKU)",12
"Stock (SKU)",38
"Stock (SKU)",14
"Stock (SKU)",60
"Stock (SKU)",15
"Stock (SKU)",52
"Stock (SKU)",151
"Stock (SKU)",93
"Stock (SKU)",71
"Stock (SKU)",88
"Stock (SKU)",84
"Stock (SKU)",58
"Stock (SKU)",107
"Stock (SKU)",151
"Stock (SKU)",1
"Stock (SKU)",153
"Stock (SKU)",150
"Stock (SKU)",357
"Stock (SKU)",446
"Stock (SKU)",306
"Stock (SKU)",143
"Stock (SKU)",313
"Stock (SKU)",72
"Stock (SKU)",45
"Stock (SKU)",40
"Stock (SKU)",99
"Stock (SKU)",67
"Stock (SKU)",141
"Stock (SKU)",171
"Stock (SKU)",7
"Stock (SKU)",351
"Stock (SKU)",67
"Stock (SKU)",183
"Stock (SKU)",27
"Stock (SKU)",67
"Stock (SKU)",2
"Stock (SKU)",19
"Stock (SKU)",159
"Stock (SKU)",2
"Stock (SKU)",152
"Stock (SKU)",109
"Stock (SKU)",105
"Stock (SKU)",74
"Stock (SKU)",68
"Stock (SKU)",17
"Stock (SKU)",2
"Stock (SKU)",147
"Stock (SKU)",131
"Stock (SKU)",17
"Stock (SKU)",71
"Stock (SKU)",74
"Stock (SKU)",51
"Stock (SKU)",272
"Stock (SKU)",486
"Stock (SKU)",105
"Stock (SKU)",208
"Stock (SKU)",224
"Stock (SKU)",155
"Stock (SKU)",21
"Stock (SKU)",61
"Stock (SKU)",318
"Stock (SKU)",183
"Stock (SKU)",87
"Stock (SKU)",75
"Stock (SKU)",121
"Stock (SKU)",80
"Stock (SKU)",169
"Stock (SKU)",68
"Stock (SKU)",188
"Stock (SKU)",165
"Stock (SKU)",3
"Stock (SKU)",5
"Stock (SKU)",47
"Stock (SKU)",50
"Stock (SKU)",61
"Stock (SKU)",11
"Stock (SKU)",144
"Stock (SKU)",83
"Stock (SKU)",442
"Stock (SKU)",48
"Stock (SKU)",68
"Stock (SKU)",1
"Stock (SKU)",1
"Stock (SKU)",67
"Stock (SKU)",62
"Stock (SKU)",46
"Stock (SKU)",388
"Stock (SKU)",107
"Stock (SKU)",260
"Stock (SKU)",116
"Stock (SKU)",140
"Stock (SKU)",562
"Stock (SKU)",1
"Stock (SKU)",225
"Stock (SKU)",21
"Stock (SKU)",21
"Stock (SKU)",2
"Stock (SKU)",34
"Stock (SKU)",10
"Stock (SKU)",10
"Stock (SKU)",10
"Stock (SKU)",11
"Stock (SKU)",14
"Stock (SKU)",11
"Stock (SKU)",19
"Stock (SKU)",34
"Stock (SKU)",11
"Stock (SKU)",25
"Stock (SKU)",35
"Stock (SKU)",32
"Stock (SKU)",22
"Stock (SKU)",1
"Stock (SKU)",57
"Stock (SKU)",30
"Stock (SKU)",34
"Stock (SKU)",35
"Stock (SKU)",15
"Stock (SKU)",15
"Stock (SKU)",7
"Stock (SKU)",5
"Stock (SKU)",8
"Stock (SKU)",8
"Stock (SKU)",6
"Stock (SKU)",77
"Stock (SKU)",79
"Stock (SKU)",56
"Stock (SKU)",17
"Stock (SKU)",2
"Stock (SKU)",40
"Stock (SKU)",28
"Stock (SKU)",20
"Stock (SKU)",16
"Stock (SKU)",30
"Stock (SKU)",14
"Stock (SKU)",56
"Stock (SKU)",31
"Stock (SKU)",20
"Stock (SKU)",51
"Stock (SKU)",28
"Stock (SKU)",34
"Stock (SKU)",4
"Stock (SKU)",4
"Stock (SKU)",32
"Stock (SKU)",21
"Stock (SKU)",4
"Stock (SKU)",22
"Stock (SKU)",10
"Stock (SKU)",13
"Stock (SKU)",11
"Stock (SKU)",6
"Stock (SKU)",2
"Stock (SKU)",3
"Stock (SKU)",6
"Stock (SKU)",5
"Stock (SKU)",7
"Stock (SKU)",8
"Stock (SKU)",9
"Stock (SKU)",7
"Stock (SKU)",6
"Stock (SKU)",8
"Stock (SKU)",6
"Stock (SKU)",10
"Stock (SKU)",12
"Stock (SKU)",16
"Stock (SKU)",24
"Stock (SKU)",12
"Stock (SKU)",10
"Stock (SKU)",36
"Stock (SKU)",16
"Stock (SKU)",9
"Stock (SKU)",24
"Stock (SKU)",18
"Stock (SKU)",5
"Stock (SKU)",16
"Stock (SKU)",4
"Stock (SKU)",5
"Stock (SKU)",20
"Stock (SKU)",10
"Stock (SKU)",15
"Stock (SKU)",16
"Stock (SKU)",28
"Stock (SKU)",15
"Stock (SKU)",12
"Stock (SKU)",10
"Stock (SKU)",13
"Stock (SKU)",8
"Stock (SKU)",22
"Stock (SKU)",13
"Stock (SKU)",9
"Stock (SKU)",5
"Stock (SKU)",11
"Stock (SKU)",12
"Stock (SKU)",24
"Stock (SKU)",34
"Stock (SKU)",36
"Stock (SKU)",21
"Stock (SKU)",25
"Stock (SKU)",6
"Stock (SKU)",33
"Stock (SKU)",6
"Stock (SKU)",26
"Stock (SKU)",6
"Stock (SKU)",7
"Stock (SKU)",8
"Stock (SKU)",6
"Stock (SKU)",6
"Stock (SKU)",11
"Stock (SKU)",5
"Stock (SKU)",10
"Stock (SKU)",17
"Stock (SKU)",10
"Stock (SKU)",14
"Stock (SKU)",38
"Stock (SKU)",13
"Stock (SKU)",29
"Stock (SKU)",48
"Stock (SKU)",16
"Stock (SKU)",23
"Stock (SKU)",40
"Stock (SKU)",33
"Stock (SKU)",27
"Stock (SKU)",4
"Stock (SKU)",3
"Stock (SKU)",8
"Stock (SKU)",18
"Stock (SKU)",109
"Stock (SKU)",13
"Stock (SKU)",14
"Stock (SKU)",12
"Stock (SKU)",12
"Stock (SKU)",16
"Stock (SKU)",16
"Stock (SKU)",2
"Stock (SKU)",16
"Stock (SKU)",6
"Stock (SKU)",2
"Stock (SKU)",5
"Stock (SKU)",35
"Stock (SKU)",73
"Stock (SKU)",30
"Stock (SKU)",34
"Stock (SKU)",6
"Stock (SKU)",8
"Stock (SKU)",7
"Stock (SKU)",5
"Stock (SKU)",5
"Stock (SKU)",13
"Stock (SKU)",24
"Stock (SKU)",3
"Stock (SKU)",36
"Stock (SKU)",32
"Stock (SKU)",25
"Stock (SKU)",3
"Stock (SKU)",51
"Stock (SKU)",15
"Stock (SKU)",9
"Stock (SKU)",29
"Stock (SKU)",46
"Stock (SKU)",53
"Stock (SKU)",14
"Stock (SKU)",26
"Stock (SKU)",22
"Stock (SKU)",2
"Stock (SKU)",10
"Stock (SKU)",25
"Stock (SKU)",38
"Stock (SKU)",3
"Stock (SKU)",49
"Stock (SKU)",55
"Stock (SKU)",25
"Stock (SKU)",12
"Stock (SKU)",29
"Stock (SKU)",4
"Stock (SKU)",30
"Stock (SKU)",49
"Stock (SKU)",21
"Stock (SKU)",6
"Stock (SKU)",20
"Stock (SKU)",111
"Stock (SKU)",60
"Stock (SKU)",63
"Stock (SKU)",29
"Stock (SKU)",42
"Stock (SKU)",41
"Stock (SKU)",42
"Stock (SKU)",58
"Stock (SKU)",40
"Stock (SKU)",9
"Stock (SKU)",31
"Stock (SKU)",26
"Stock (SKU)",30
"Stock (SKU)",19
"Stock (SKU)",13
"Stock (SKU)",12
"Stock (SKU)",14
"Stock (SKU)",20
"Stock (SKU)",30
"Stock (SKU)",16
"Stock (SKU)",18
"Stock (SKU)",17
"Stock (SKU)",10
"Stock (SKU)",36
"Stock (SKU)",17
"Stock (SKU)",5
"Stock (SKU)",3
"Stock (SKU)",5
"Stock (SKU)",2
"Stock (SKU)",2
"Stock (SKU)",10
"Stock (SKU)",6
"Stock (SKU)",6
"Stock (SKU)",7
"Stock (SKU)",73
"Stock (SKU)",62
"Stock (SKU)",51
"Stock (SKU)",34
"Stock (SKU)",59
"Stock (SKU)",41
"Stock (SKU)",16
"Stock (SKU)",49
"Stock (SKU)",24
"Stock (SKU)",8
"Stock (SKU)",5
"Stock (SKU)",7
"Stock (SKU)",36
"Stock (SKU)",96
"Stock (SKU)",3
"Stock (SKU)",4
"Stock (SKU)",3
"Stock (SKU)",15
"Stock (SKU)",17
"Stock (SKU)",18
"Stock (SKU)",7
"Stock (SKU)",17
"Stock (SKU)",9
"Stock (SKU)",13
"Stock (SKU)",5
"Stock (SKU)",5
"Stock (SKU)",4
"Stock (SKU)",1
"Stock (SKU)",1
"Stock (SKU)",5
"Stock (SKU)",41
"Stock (SKU)",33
"Stock (SKU)",45
"Stock (SKU)",19
"Stock (SKU)",58
"Stock (SKU)",18
"Stock (SKU)",9
"Stock (SKU)",8
"Stock (SKU)",9
"Stock (SKU)",7
"Stock (SKU)",5
"Stock (SKU)",4
"Stock (SKU)",7
"Stock (SKU)",21
"Stock (SKU)",14
"Stock (SKU)",24
"Stock (SKU)",63
"Stock (SKU)",20
"Stock (SKU)",25
"Stock (SKU)",29
"Stock (SKU)",45
"Stock (SKU)",25
"Stock (SKU)",43
"Stock (SKU)",76
"Stock (SKU)",100
"Stock (SKU)",75
"Stock (SKU)",11
"Stock (SKU)",20
"Stock (SKU)",16
"Stock (SKU)",14
"Stock (SKU)",24
"Stock (SKU)",9
"Stock (SKU)",25
"Stock (SKU)",35
"Stock (SKU)",27
"Stock (SKU)",35
"Stock (SKU)",31
"Stock (SKU)",111
"Stock (SKU)",24
"Stock (SKU)",23
"Stock (SKU)",73
"Stock (SKU)",27
"Stock (SKU)",51
"Stock (SKU)",32
"Stock (SKU)",62
"Stock (SKU)",27
"Stock (SKU)",20
"Stock (SKU)",41
"Stock (SKU)",7
"Stock (SKU)",4
"Stock (SKU)",6
"Stock (SKU)",7
"Stock (SKU)",3
"Stock (SKU)",14
"Stock (SKU)",19
"Stock (SKU)",24
"Stock (SKU)",25
"Stock (SKU)",22
"Stock (SKU)",21
"Stock (SKU)",11
"Stock (SKU)",9
"Stock (SKU)",9
"Stock (SKU)",16
"Stock (SKU)",29
"Stock (SKU)",14
"Stock (SKU)",14
"Stock (SKU)",24
"Stock (SKU)",5
"Stock (SKU)",9
"Stock (SKU)",6
"Stock (SKU)",13
"Stock (SKU)",31
"Stock (SKU)",24
"Stock (SKU)",14
"Stock (SKU)",25
"Stock (SKU)",47
"Stock (SKU)",50
"Stock (SKU)",26
"Stock (SKU)",34
"Stock (SKU)",32
"Stock (SKU)",35
"Stock (SKU)",33
"Stock (SKU)",31
"Stock (SKU)",7
"Stock (SKU)",15
"Stock (SKU)",20
"Stock (SKU)",8
"Stock (SKU)",2
"Stock (SKU)",31
"Stock (SKU)",15
"Stock (SKU)",36
"Stock (SKU)",22
"Stock (SKU)",53
"Stock (SKU)",21
"Stock (SKU)",44
"Stock (SKU)",26
"Stock (SKU)",11
"Stock (SKU)",14
"Stock (SKU)",51
"Stock (SKU)",4
"Stock (SKU)",84
"Stock (SKU)",49
"Stock (SKU)",16
"Stock (SKU)",31
"Stock (SKU)",31
"Stock (SKU)",16
"Stock (SKU)",99
"Stock (SKU)",84
"Stock (SKU)",98
"Stock (SKU)",150
"Stock (SKU)",91
"Stock (SKU)",54
"Stock (SKU)",54
"Stock (SKU)",46
"Stock (SKU)",57
"Stock (SKU)",23
"Stock (SKU)",16
"Stock (SKU)",25
"Stock (SKU)",24
"Stock (SKU)",34
"Stock (SKU)",37
"Stock (SKU)",22
"Stock (SKU)",24
"Stock (SKU)",12
"Stock (SKU)",57
"Stock (SKU)",68
"Stock (SKU)",10
"Stock (SKU)",97
"Stock (SKU)",66
"Stock (SKU)",21
"Stock (SKU)",24
"Stock (SKU)",14
"Stock (SKU)",23
"Stock (SKU)",21
"Stock (SKU)",26
"Stock (SKU)",28
"Stock (SKU)",7
"Stock (SKU)",104
"Stock (SKU)",40
"Stock (SKU)",69
"Stock (SKU)",50
"Stock (SKU)",67
"Stock (SKU)",27
"Stock (SKU)",48
"Stock (SKU)",53
"Stock (SKU)",27
"Stock (SKU)",88
"Stock (SKU)",83
"Stock (SKU)",68
"Stock (SKU)",64
"Stock (SKU)",43
"Stock (SKU)",18
"Stock (SKU)",33
"Stock (SKU)",50
"Stock (SKU)",86
"Stock (SKU)",24
"Stock (SKU)",2
"Stock (SKU)",24
"Stock (SKU)",8
"Stock (SKU)",10
"Stock (SKU)",18
