"customer_id","recency_days","frequency_completed","monetary_net","first_purchase_date","last_order_date","population","non_cohort_row_number"
"16933",0,9,3017.65,"2009-12-09 15:03:00","2011-12-08 12:54:00","Non-Cohort",4080
"14796",0,27,9971.20,"2009-12-14 15:06:00","2011-12-08 15:31:00","Non-Cohort",2182
"17530",0,12,2786.15,"2009-12-06 16:17:00","2011-12-08 18:42:00","Non-Cohort",4596
"16688",0,4,1260.86,"2011-10-10 12:23:00","2011-12-08 15:24:00","Non-Cohort",3867
"14056",0,23,8063.30,"2011-02-28 15:19:00","2011-12-08 13:36:00","Non-Cohort",1520
"15399",0,3,815.77,"2011-09-21 15:57:00","2011-12-08 13:04:00","Non-Cohort",2717
"17757",0,56,8990.49,"2010-01-13 15:56:00","2011-12-08 15:31:00","Non-Cohort",4796
"17644",0,20,5864.54,"2010-02-16 08:44:00","2011-12-08 13:43:00","Non-Cohort",4699
"16401",0,23,6629.24,"2010-06-02 13:13:00","2011-12-08 18:15:00","Non-Cohort",3611
"17144",0,2,984.57,"2011-09-16 12:50:00","2011-12-08 17:57:00","Non-Cohort",4266
"12433",0,10,16794.14,"2010-08-20 09:23:00","2011-12-09 10:02:00","Non-Cohort",77
"15694",0,23,9719.13,"2009-12-07 15:43:00","2011-12-09 09:44:00","Non-Cohort",2983
"13798",0,110,73177.50,"2009-12-08 16:21:00","2011-12-08 15:51:00","Non-Cohort",1293
"12526",0,3,1172.66,"2011-09-06 14:19:00","2011-12-09 12:09:00","Non-Cohort",164
"13269",0,28,8507.01,"2009-12-02 11:47:00","2011-12-08 14:53:00","Non-Cohort",827
"15804",0,13,3848.55,"2011-05-25 10:12:00","2011-12-09 12:31:00","Non-Cohort",3084
"14730",0,8,1897.57,"2011-03-08 12:49:00","2011-12-08 14:39:00","Non-Cohort",2119
"16833",0,6,2409.04,"2010-03-26 15:31:00","2011-12-08 14:39:00","Non-Cohort",3991
"12423",0,10,2291.19,"2010-08-31 09:31:00","2011-12-09 10:10:00","Non-Cohort",67
"14051",0,37,21441.48,"2009-12-03 11:53:00","2011-12-09 10:20:00","Non-Cohort",1515
"13298",0,1,360.00,"2011-12-08 13:11:00","2011-12-08 13:11:00","Non-Cohort",850
"13536",0,7,3444.39,"2011-09-25 13:30:00","2011-12-08 16:38:00","Non-Cohort",1066
"15189",0,46,17101.13,"2010-07-18 13:37:00","2011-12-08 13:22:00","Non-Cohort",2532
"13077",0,11,2716.15,"2009-12-11 11:17:00","2011-12-08 19:24:00","Non-Cohort",657
"14422",0,19,10200.92,"2009-12-17 12:12:00","2011-12-09 11:26:00","Non-Cohort",1840
"13883",0,14,6321.59,"2009-12-23 10:00:00","2011-12-08 19:20:00","Non-Cohort",1369
"17490",0,9,2595.01,"2010-05-19 12:40:00","2011-12-09 09:08:00","Non-Cohort",4561
"13318",0,3,640.76,"2011-11-02 13:26:00","2011-12-08 18:51:00","Non-Cohort",868
"13081",0,28,55968.97,"2009-12-08 13:58:00","2011-12-08 13:13:00","Non-Cohort",661
"13599",0,33,9435.47,"2009-12-01 12:30:00","2011-12-08 19:26:00","Non-Cohort",1117
"15910",0,15,2661.17,"2010-01-21 11:51:00","2011-12-09 10:51:00","Non-Cohort",3177
"14702",0,29,6298.48,"2009-12-10 20:22:00","2011-12-08 19:29:00","Non-Cohort",2095
"17315",0,41,9467.45,"2010-09-27 12:45:00","2011-12-09 11:58:00","Non-Cohort",4412
"14441",0,11,4426.99,"2010-01-18 10:40:00","2011-12-09 09:07:00","Non-Cohort",1857
"13069",0,38,8358.79,"2010-06-14 14:27:00","2011-12-09 08:39:00","Non-Cohort",650
"17528",0,8,3540.10,"2011-09-29 13:04:00","2011-12-08 13:27:00","Non-Cohort",4594
"13471",0,4,2501.84,"2011-10-23 13:10:00","2011-12-08 15:44:00","Non-Cohort",1004
"17949",0,116,98469.06,"2009-12-02 11:07:00","2011-12-08 18:46:00","Non-Cohort",4959
"17001",0,19,6640.80,"2010-03-25 12:41:00","2011-12-09 09:38:00","Non-Cohort",4136
"17526",0,12,3450.04,"2009-12-17 16:18:00","2011-12-08 18:56:00","Non-Cohort",4592
"13078",0,57,28369.44,"2009-12-01 09:06:00","2011-12-08 18:48:00","Non-Cohort",658
"15156",0,3,961.49,"2011-11-06 12:41:00","2011-12-08 18:22:00","Non-Cohort",2506
"16794",0,15,2029.48,"2010-03-25 15:17:00","2011-12-08 17:54:00","Non-Cohort",3957
"14911",0,373,258522.43,"2009-12-01 11:41:00","2011-12-08 15:54:00","Non-Cohort",2283
"16954",0,20,6037.33,"2010-01-18 14:49:00","2011-12-09 09:46:00","Non-Cohort",4099
"15898",0,25,4930.75,"2009-12-11 16:11:00","2011-12-08 15:23:00","Non-Cohort",3167
"13026",0,9,1697.74,"2009-12-13 11:34:00","2011-12-08 16:58:00","Non-Cohort",611
"12713",0,1,794.55,"2011-12-09 12:16:00","2011-12-09 12:16:00","Non-Cohort",336
"14415",0,23,11803.62,"2009-12-16 14:08:00","2011-12-08 14:38:00","Non-Cohort",1834
"13890",0,14,2858.73,"2009-12-06 15:15:00","2011-12-08 15:36:00","Non-Cohort",1376
"13777",0,61,49228.16,"2009-12-02 09:47:00","2011-12-09 12:25:00","Non-Cohort",1275
"13521",0,3,1070.47,"2011-11-29 15:09:00","2011-12-08 13:50:00","Non-Cohort",1053
"13263",0,38,8650.98,"2010-10-22 17:07:00","2011-12-08 13:59:00","Non-Cohort",821
"13860",0,5,1240.00,"2011-09-14 09:27:00","2011-12-08 12:57:00","Non-Cohort",1348
"15208",0,6,968.02,"2010-10-12 12:17:00","2011-12-08 17:24:00","Non-Cohort",2548
"12680",0,4,790.81,"2011-08-18 15:44:00","2011-12-09 12:50:00","Non-Cohort",306
"17668",0,2,347.75,"2011-11-01 14:45:00","2011-12-08 13:25:00","Non-Cohort",4723
"13098",0,28,28658.88,"2011-01-26 13:46:00","2011-12-08 14:14:00","Non-Cohort",675
"17491",0,17,5636.72,"2010-04-28 11:57:00","2011-12-08 16:18:00","Non-Cohort",4562
"12748",0,322,46671.23,"2009-12-04 17:31:00","2011-12-09 12:20:00","Non-Cohort",367
"15344",0,3,476.58,"2011-09-26 14:48:00","2011-12-09 10:45:00","Non-Cohort",2671
"17364",0,27,11587.05,"2009-12-07 15:28:00","2011-12-09 09:00:00","Non-Cohort",4452
"13102",0,37,11123.30,"2010-05-06 13:12:00","2011-12-08 12:52:00","Non-Cohort",678
"13113",0,37,16250.09,"2010-03-28 16:13:00","2011-12-09 12:49:00","Non-Cohort",688
"14569",0,4,597.33,"2010-04-15 11:49:00","2011-12-08 14:58:00","Non-Cohort",1976
"17754",0,13,4383.08,"2009-12-11 15:52:00","2011-12-09 11:20:00","Non-Cohort",4795
"15951",0,3,974.52,"2010-11-23 18:20:00","2011-12-08 18:57:00","Non-Cohort",3211
"17581",0,43,17543.99,"2009-12-03 12:34:00","2011-12-09 12:21:00","Non-Cohort",4640
"17554",0,5,1952.45,"2011-07-14 20:01:00","2011-12-08 14:15:00","Non-Cohort",4615
"12985",0,2,1215.62,"2011-11-11 12:44:00","2011-12-09 10:46:00","Non-Cohort",575
"14606",0,184,28913.22,"2009-12-03 12:40:00","2011-12-08 19:28:00","Non-Cohort",2007
"17428",0,45,30885.06,"2009-12-01 17:28:00","2011-12-09 09:45:00","Non-Cohort",4507
"17389",0,61,54945.68,"2009-12-04 12:06:00","2011-12-09 09:38:00","Non-Cohort",4475
"16892",0,7,726.05,"2009-12-08 14:20:00","2011-12-08 13:18:00","Non-Cohort",4042
"15484",0,6,4620.90,"2009-12-05 15:18:00","2011-12-08 15:03:00","Non-Cohort",2791
"14653",0,11,3404.80,"2009-12-02 11:51:00","2011-12-08 13:45:00","Non-Cohort",2048
"17673",0,13,4156.63,"2010-03-19 12:17:00","2011-12-08 13:06:00","Non-Cohort",4728
"16358",0,5,2917.10,"2010-11-10 11:36:00","2011-12-08 15:09:00","Non-Cohort",3572
"12518",0,5,1840.89,"2011-08-21 13:18:00","2011-12-09 10:13:00","Non-Cohort",156
"12662",0,20,6091.69,"2010-04-01 09:50:00","2011-12-09 11:59:00","Non-Cohort",289
"15311",0,207,111444.36,"2009-12-01 11:21:00","2011-12-09 12:00:00","Non-Cohort",2642
"16558",0,38,13149.56,"2009-12-03 18:11:00","2011-12-09 10:20:00","Non-Cohort",3756
"13013",0,29,11073.48,"2009-12-14 10:34:00","2011-12-08 15:01:00","Non-Cohort",599
"15755",0,17,5936.95,"2009-12-04 08:24:00","2011-12-08 18:59:00","Non-Cohort",3040
"16626",0,17,4379.65,"2011-03-18 12:27:00","2011-12-09 11:56:00","Non-Cohort",3814
"16705",0,42,42653.14,"2009-12-09 13:34:00","2011-12-09 12:08:00","Non-Cohort",3880
"17924",0,8,3189.53,"2010-10-21 12:17:00","2011-12-08 19:28:00","Non-Cohort",4938
"12476",0,18,11920.12,"2010-07-26 09:04:00","2011-12-08 14:08:00","Non-Cohort",117
"13404",0,2,252.49,"2011-05-11 11:57:00","2011-12-08 15:37:00","Non-Cohort",942
"16322",0,2,326.75,"2011-11-03 14:33:00","2011-12-08 15:41:00","Non-Cohort",3539
"14621",0,9,2878.27,"2009-12-01 13:47:00","2011-12-08 16:22:00","Non-Cohort",2017
"12955",0,11,4734.26,"2011-03-17 09:03:00","2011-12-08 16:29:00","Non-Cohort",551
"18102",0,145,578408.64,"2009-12-01 09:24:00","2011-12-09 11:50:00","Non-Cohort",5081
"17405",0,3,967.22,"2011-07-12 14:17:00","2011-12-08 17:12:00","Non-Cohort",4488
"17243",0,69,20004.03,"2009-12-01 15:36:00","2011-12-08 13:26:00","Non-Cohort",4355
"13426",0,22,8084.38,"2009-12-09 15:16:00","2011-12-09 08:59:00","Non-Cohort",963
"14446",0,5,1195.48,"2010-11-18 12:08:00","2011-12-09 11:34:00","Non-Cohort",1862
"17675",0,70,37067.02,"2009-12-10 16:10:00","2011-12-08 18:03:00","Non-Cohort",4730
"15796",0,17,5066.33,"2009-12-01 12:18:00","2011-12-08 19:55:00","Non-Cohort",3077
"13510",0,11,4488.39,"2009-12-14 13:51:00","2011-12-08 13:46:00","Non-Cohort",1042
"14397",0,19,2556.68,"2011-05-10 12:25:00","2011-12-09 09:57:00","Non-Cohort",1820
"13680",0,12,9899.56,"2009-12-04 14:14:00","2011-12-08 13:47:00","Non-Cohort",1188
"17451",0,7,1648.95,"2011-08-26 11:54:00","2011-12-08 15:02:00","Non-Cohort",4528
"15883",1,2,396.48,"2011-11-06 14:50:00","2011-12-07 17:05:00","Non-Cohort",3155
"12747",1,26,8786.53,"2009-12-07 13:23:00","2011-12-07 14:34:00","Non-Cohort",366
"12437",1,38,11011.85,"2009-12-02 16:24:00","2011-12-08 11:35:00","Non-Cohort",81
"17870",1,13,2748.34,"2010-11-23 11:39:00","2011-12-07 15:07:00","Non-Cohort",4890
"16779",1,53,32522.40,"2009-12-03 13:03:00","2011-12-07 14:54:00","Non-Cohort",3946
"13870",1,15,5689.84,"2010-02-08 12:08:00","2011-12-07 13:23:00","Non-Cohort",1357
"14904",1,4,1630.49,"2010-10-08 12:48:00","2011-12-07 12:55:00","Non-Cohort",2277
"18273",1,4,357.00,"2010-04-28 12:24:00","2011-12-07 13:16:00","Non-Cohort",5243
"12523",1,23,3877.05,"2009-12-02 10:28:00","2011-12-08 11:46:00","Non-Cohort",161
"17677",1,54,34233.35,"2009-12-11 13:19:00","2011-12-08 09:56:00","Non-Cohort",4732
"12347",1,8,4921.53,"2010-10-31 14:20:00","2011-12-07 15:52:00","Non-Cohort",2
"15701",1,4,1529.00,"2011-08-21 12:36:00","2011-12-07 14:39:00","Non-Cohort",2990
"14442",1,7,5272.02,"2010-01-18 12:59:00","2011-12-08 11:53:00","Non-Cohort",1858
"16442",1,5,891.98,"2009-12-13 11:05:00","2011-12-08 11:43:00","Non-Cohort",3649
"13769",1,20,5444.33,"2009-12-16 11:59:00","2011-12-07 15:08:00","Non-Cohort",1270
"16672",1,20,8119.69,"2011-03-18 10:15:00","2011-12-07 16:29:00","Non-Cohort",3854
"14719",1,5,1571.89,"2011-04-04 14:17:00","2011-12-08 12:43:00","Non-Cohort",2111
"13436",1,1,196.89,"2011-12-08 10:33:00","2011-12-08 10:33:00","Non-Cohort",973
"15298",1,23,7958.43,"2009-12-08 17:04:00","2011-12-07 17:17:00","Non-Cohort",2629
"17631",1,7,998.49,"2009-12-09 14:15:00","2011-12-08 09:47:00","Non-Cohort",4688
"16393",1,23,5192.61,"2009-12-01 12:13:00","2011-12-07 12:51:00","Non-Cohort",3603
"16525",1,48,22919.40,"2009-12-02 13:53:00","2011-12-07 15:07:00","Non-Cohort",3724
"17856",1,4,1393.79,"2011-03-03 11:40:00","2011-12-08 09:40:00","Non-Cohort",4878
"14395",1,20,7754.73,"2010-04-18 13:12:00","2011-12-07 14:34:00","Non-Cohort",1818
"14291",1,23,7844.40,"2009-12-09 10:46:00","2011-12-08 10:26:00","Non-Cohort",1730
"15525",1,4,872.82,"2010-11-22 12:10:00","2011-12-07 15:39:00","Non-Cohort",2826
"17830",1,3,398.70,"2011-02-24 10:15:00","2011-12-08 12:28:00","Non-Cohort",4857
"12783",1,4,1295.87,"2011-09-25 15:35:00","2011-12-07 15:56:00","Non-Cohort",401
"13534",1,35,7324.50,"2010-07-07 15:00:00","2011-12-07 14:52:00","Non-Cohort",1065
"16368",1,3,621.44,"2010-09-30 11:30:00","2011-12-07 13:12:00","Non-Cohort",3582
"13468",1,72,12518.01,"2009-12-03 13:32:00","2011-12-08 10:39:00","Non-Cohort",1001
"16210",1,33,33545.52,"2009-12-02 12:54:00","2011-12-08 12:36:00","Non-Cohort",3441
"12358",1,5,3447.07,"2009-12-08 07:59:00","2011-12-08 10:26:00","Non-Cohort",12
"17590",1,3,1466.77,"2011-10-30 14:05:00","2011-12-07 12:55:00","Non-Cohort",4649
"14132",1,11,3580.13,"2011-06-09 12:04:00","2011-12-07 13:35:00","Non-Cohort",1591
"17449",1,13,4849.15,"2009-12-09 14:16:00","2011-12-07 16:56:00","Non-Cohort",4526
"15443",1,14,5054.44,"2010-03-07 12:10:00","2011-12-08 10:40:00","Non-Cohort",2756
"14698",1,5,1217.27,"2011-10-19 12:54:00","2011-12-08 12:26:00","Non-Cohort",2091
"12615",1,8,5186.88,"2009-12-01 12:09:00","2011-12-07 15:02:00","Non-Cohort",245
"14085",1,32,9692.92,"2009-12-08 13:41:00","2011-12-07 13:46:00","Non-Cohort",1547
"18109",1,38,9416.41,"2010-07-01 12:13:00","2011-12-08 11:36:00","Non-Cohort",5088
"15877",1,2,437.83,"2011-11-22 11:18:00","2011-12-08 11:57:00","Non-Cohort",3151
"12950",1,3,1843.00,"2011-11-15 13:48:00","2011-12-07 13:17:00","Non-Cohort",546
"16019",1,27,16503.46,"2009-12-14 14:12:00","2011-12-08 10:06:00","Non-Cohort",3273
"13767",1,73,33480.82,"2009-12-01 10:52:00","2011-12-07 15:00:00","Non-Cohort",1268
"16161",1,43,12279.97,"2010-02-08 11:06:00","2011-12-08 12:10:00","Non-Cohort",3397
"15237",1,4,1412.32,"2011-04-26 15:04:00","2011-12-08 09:46:00","Non-Cohort",2574
"14204",1,4,1024.83,"2009-12-02 13:26:00","2011-12-07 13:38:00","Non-Cohort",1652
"13954",1,2,378.59,"2011-09-30 10:52:00","2011-12-08 12:50:00","Non-Cohort",1429
"18210",1,7,2768.83,"2010-11-22 09:39:00","2011-12-08 11:02:00","Non-Cohort",5184
"15159",1,34,22049.40,"2010-10-04 09:31:00","2011-12-08 12:05:00","Non-Cohort",2509
"14520",1,2,270.60,"2011-02-22 09:15:00","2011-12-08 09:46:00","Non-Cohort",1930
"17097",1,9,1126.86,"2010-10-05 14:09:00","2011-12-07 17:05:00","Non-Cohort",4227
"15214",1,8,1661.44,"2011-04-11 09:46:00","2011-12-08 12:07:00","Non-Cohort",2554
"14138",1,2,965.88,"2011-10-07 09:38:00","2011-12-08 12:44:00","Non-Cohort",1595
"16523",1,28,11760.54,"2009-12-08 14:29:00","2011-12-08 09:06:00","Non-Cohort",3722
"17522",1,5,1066.15,"2011-05-05 16:31:00","2011-12-08 12:31:00","Non-Cohort",4590
"14189",1,16,5453.38,"2010-11-16 09:28:00","2011-12-07 15:55:00","Non-Cohort",1641
"16426",1,10,1863.76,"2011-03-08 15:45:00","2011-12-07 14:01:00","Non-Cohort",3634
"17266",1,5,501.72,"2010-03-09 10:42:00","2011-12-07 14:12:00","Non-Cohort",4374
"12471",1,71,33294.92,"2009-12-02 14:43:00","2011-12-07 15:43:00","Non-Cohort",112
"12569",1,32,3128.99,"2011-04-01 13:47:00","2011-12-07 16:24:00","Non-Cohort",203
"14129",1,9,2591.34,"2010-05-09 14:54:00","2011-12-08 11:02:00","Non-Cohort",1588
"15453",1,7,1371.77,"2011-06-05 12:37:00","2011-12-08 10:59:00","Non-Cohort",2765
"14739",1,25,11555.69,"2009-12-02 13:23:00","2011-12-07 14:32:00","Non-Cohort",2127
"18223",1,26,13504.67,"2009-12-04 12:20:00","2011-12-08 11:51:00","Non-Cohort",5197
"12935",1,15,4182.01,"2010-04-11 15:59:00","2011-12-07 17:25:00","Non-Cohort",531
"17434",1,7,2333.42,"2011-09-15 13:54:00","2011-12-07 13:16:00","Non-Cohort",4513
"17602",1,14,7240.73,"2010-03-30 17:25:00","2011-12-07 13:53:00","Non-Cohort",4660
"16891",1,11,1727.94,"2009-12-04 12:37:00","2011-12-08 11:15:00","Non-Cohort",4041
"14191",1,15,4713.41,"2009-12-11 10:47:00","2011-12-08 09:23:00","Non-Cohort",1643
"13924",1,6,1682.08,"2011-09-28 15:07:00","2011-12-08 09:39:00","Non-Cohort",1401
"18092",1,18,14687.47,"2009-12-04 12:37:00","2011-12-07 13:14:00","Non-Cohort",5072
"14217",1,23,3105.52,"2010-06-30 12:54:00","2011-12-08 11:53:00","Non-Cohort",1664
"13408",1,106,49751.36,"2009-12-04 09:31:00","2011-12-08 09:05:00","Non-Cohort",946
"14251",1,5,2879.70,"2011-10-13 12:46:00","2011-12-08 08:32:00","Non-Cohort",1696
"15950",1,10,6878.71,"2010-01-26 10:54:00","2011-12-08 10:34:00","Non-Cohort",3210
"15471",1,3,1292.01,"2010-06-07 12:17:00","2011-12-07 14:12:00","Non-Cohort",2780
"12621",1,35,21900.70,"2010-02-09 12:01:00","2011-12-08 11:25:00","Non-Cohort",251
"17436",1,5,521.31,"2009-12-07 12:31:00","2011-12-08 12:30:00","Non-Cohort",4514
"14032",1,16,4482.21,"2009-12-14 12:02:00","2011-12-07 15:23:00","Non-Cohort",1496
"13756",1,23,8595.65,"2009-12-15 15:18:00","2011-12-07 16:44:00","Non-Cohort",1257
"13394",1,19,6329.38,"2009-12-01 11:58:00","2011-12-08 11:36:00","Non-Cohort",933
"15520",1,1,343.50,"2011-12-08 10:58:00","2011-12-08 10:58:00","Non-Cohort",2821
"13314",1,3,593.51,"2011-09-27 10:20:00","2011-12-08 12:29:00","Non-Cohort",864
"15187",1,15,4655.08,"2011-05-11 13:49:00","2011-12-08 11:56:00","Non-Cohort",2530
"17735",1,26,16707.98,"2010-07-30 13:25:00","2011-12-07 16:47:00","Non-Cohort",4780
"14135",1,24,8800.80,"2009-12-02 08:58:00","2011-12-08 11:38:00","Non-Cohort",1593
"12558",1,1,0.00,"2011-12-02 10:41:00","2011-12-08 10:14:00","Non-Cohort",193
"14646",1,146,523202.74,"2009-12-02 16:52:00","2011-12-08 12:12:00","Non-Cohort",2042
"12462",1,2,872.01,"2011-02-09 14:44:00","2011-12-07 14:02:00","Non-Cohort",105
"17841",1,211,67275.26,"2009-12-02 15:41:00","2011-12-08 12:07:00","Non-Cohort",4867
"14708",2,5,1763.52,"2010-09-10 10:26:00","2011-12-07 08:21:00","Non-Cohort",2101
"16554",2,8,2407.17,"2009-12-15 09:42:00","2011-12-06 14:52:00","Non-Cohort",3752
"18219",2,17,3297.20,"2009-12-07 13:17:00","2011-12-07 11:43:00","Non-Cohort",5193
"12967",2,3,2472.37,"2010-11-21 11:03:00","2011-12-06 14:19:00","Non-Cohort",560
"13014",2,11,5220.83,"2010-10-03 11:35:00","2011-12-07 09:24:00","Non-Cohort",600
"17730",2,20,7757.35,"2010-04-29 11:48:00","2011-12-06 15:43:00","Non-Cohort",4776
"14794",2,10,1889.15,"2010-08-09 15:44:00","2011-12-07 10:11:00","Non-Cohort",2180
"15498",2,44,24739.06,"2009-12-16 17:27:00","2011-12-07 12:48:00","Non-Cohort",2804
"14503",2,6,3543.26,"2011-06-14 10:00:00","2011-12-06 13:30:00","Non-Cohort",1914
"14910",2,4,389.86,"2011-10-16 11:06:00","2011-12-07 10:06:00","Non-Cohort",2282
"14527",2,121,26359.18,"2009-12-02 12:06:00","2011-12-07 12:19:00","Non-Cohort",1936
"16191",2,24,15155.17,"2009-12-11 12:24:00","2011-12-07 11:26:00","Non-Cohort",3425
"12442",2,1,144.06,"2011-12-06 14:22:00","2011-12-06 14:22:00","Non-Cohort",85
"13104",2,9,1709.10,"2010-02-24 15:06:00","2011-12-06 13:10:00","Non-Cohort",680
"12826",2,12,2784.20,"2009-12-18 10:43:00","2011-12-07 10:25:00","Non-Cohort",439
"14087",2,3,786.72,"2009-12-04 15:27:00","2011-12-07 12:41:00","Non-Cohort",1549
"12583",2,27,12409.04,"2009-12-06 11:57:00","2011-12-07 08:07:00","Non-Cohort",216
"14578",2,1,168.63,"2011-12-06 17:18:00","2011-12-06 17:18:00","Non-Cohort",1983
"16569",2,5,1455.23,"2009-12-16 15:05:00","2011-12-06 15:32:00","Non-Cohort",3765
"17835",2,3,342.24,"2011-11-16 16:30:00","2011-12-07 11:48:00","Non-Cohort",4861
"13668",2,35,12607.68,"2009-12-11 14:28:00","2011-12-07 12:14:00","Non-Cohort",1178
"12820",2,11,2647.94,"2009-12-05 13:37:00","2011-12-06 15:12:00","Non-Cohort",433
"16987",2,11,2487.55,"2009-12-02 14:34:00","2011-12-06 17:26:00","Non-Cohort",4126
"13949",2,6,2427.32,"2011-09-06 11:55:00","2011-12-07 09:35:00","Non-Cohort",1424
"16313",2,2,274.15,"2011-10-21 09:04:00","2011-12-06 13:02:00","Non-Cohort",3531
"13225",2,16,15879.27,"2009-12-17 09:09:00","2011-12-06 13:29:00","Non-Cohort",790
"13089",2,203,109893.24,"2009-12-02 15:44:00","2011-12-07 09:02:00","Non-Cohort",667
"16201",2,5,2070.17,"2010-10-20 12:00:00","2011-12-06 16:02:00","Non-Cohort",3433
"12839",2,26,9529.72,"2009-12-07 09:18:00","2011-12-07 12:33:00","Non-Cohort",451
"13267",2,36,9212.06,"2009-12-07 16:56:00","2011-12-07 11:12:00","Non-Cohort",825
"12989",2,33,12846.80,"2009-12-10 13:27:00","2011-12-06 15:28:00","Non-Cohort",578
"14216",2,5,2142.39,"2010-10-21 15:07:00","2011-12-06 14:56:00","Non-Cohort",1663
"14293",2,9,2809.41,"2009-12-10 10:57:00","2011-12-06 15:17:00","Non-Cohort",1732
"16016",2,11,2053.00,"2010-11-02 13:27:00","2011-12-06 14:35:00","Non-Cohort",3270
"13882",2,5,1131.28,"2011-10-06 15:28:00","2011-12-07 11:16:00","Non-Cohort",1368
"16711",2,9,2751.48,"2009-12-02 13:22:00","2011-12-06 16:32:00","Non-Cohort",3885
"13685",2,7,3119.44,"2011-10-10 12:59:00","2011-12-07 11:41:00","Non-Cohort",1193
"15023",2,20,11477.01,"2010-02-03 15:45:00","2011-12-06 17:23:00","Non-Cohort",2381
"12912",2,5,1662.30,"2011-10-30 11:35:00","2011-12-07 08:55:00","Non-Cohort",512
"13109",2,3,1107.58,"2010-06-06 12:59:00","2011-12-07 12:38:00","Non-Cohort",684
"14673",2,7,3037.32,"2010-10-26 10:14:00","2011-12-06 14:31:00","Non-Cohort",2068
"15622",2,17,7318.08,"2010-01-07 13:24:00","2011-12-06 14:57:00","Non-Cohort",2915
"17049",2,19,9588.83,"2010-03-04 10:23:00","2011-12-07 10:48:00","Non-Cohort",4180
"17091",2,19,7462.15,"2009-12-01 13:40:00","2011-12-07 10:43:00","Non-Cohort",4221
"17705",2,11,2041.50,"2010-05-12 09:47:00","2011-12-06 13:45:00","Non-Cohort",4755
"17232",2,2,417.77,"2011-11-25 12:24:00","2011-12-07 12:21:00","Non-Cohort",4345
"15136",2,4,1282.45,"2011-09-04 16:05:00","2011-12-07 12:26:00","Non-Cohort",2489
"15195",2,1,3861.00,"2011-12-07 12:20:00","2011-12-07 12:20:00","Non-Cohort",2538
"17238",2,32,7331.17,"2009-12-01 10:59:00","2011-12-07 11:35:00","Non-Cohort",4351
"12650",2,1,242.44,"2011-12-06 16:34:00","2011-12-06 16:34:00","Non-Cohort",278
"16458",2,30,5690.89,"2010-05-26 14:38:00","2011-12-07 09:34:00","Non-Cohort",3665
"15969",2,5,1043.85,"2010-07-05 13:10:00","2011-12-07 11:06:00","Non-Cohort",3226
"14868",2,12,4170.06,"2010-10-15 14:52:00","2011-12-06 14:49:00","Non-Cohort",2243
"16000",2,3,12393.70,"2011-12-07 12:14:00","2011-12-07 12:17:00","Non-Cohort",3255
"12720",2,29,6710.49,"2010-07-21 09:46:00","2011-12-07 08:03:00","Non-Cohort",343
"12362",2,10,4665.58,"2011-02-17 10:30:00","2011-12-06 15:40:00","Non-Cohort",16
"15822",2,6,1797.71,"2009-12-06 14:34:00","2011-12-06 14:50:00","Non-Cohort",3101
"18237",2,5,987.10,"2011-07-28 13:05:00","2011-12-07 12:49:00","Non-Cohort",5211
"15568",2,3,758.29,"2011-09-27 14:37:00","2011-12-07 11:27:00","Non-Cohort",2865
"16571",2,10,4025.05,"2010-03-18 09:12:00","2011-12-06 14:07:00","Non-Cohort",3767
"17511",2,60,168504.44,"2009-12-02 10:52:00","2011-12-07 10:12:00","Non-Cohort",4579
"12417",2,20,5889.71,"2009-12-06 10:30:00","2011-12-06 14:52:00","Non-Cohort",62
"13507",2,4,2479.16,"2011-07-17 11:50:00","2011-12-06 13:13:00","Non-Cohort",1039
"12709",2,32,28708.10,"2009-12-09 13:49:00","2011-12-06 16:42:00","Non-Cohort",332
"18272",2,9,4347.33,"2010-03-04 12:53:00","2011-12-07 12:43:00","Non-Cohort",5242
"17042",2,5,1036.58,"2011-04-06 14:53:00","2011-12-07 12:26:00","Non-Cohort",4173
"18154",2,5,932.60,"2010-08-06 09:18:00","2011-12-06 16:41:00","Non-Cohort",5130
"17017",2,29,12397.49,"2009-12-03 13:22:00","2011-12-07 09:32:00","Non-Cohort",4150
"13362",2,7,5357.57,"2010-10-10 15:27:00","2011-12-06 13:57:00","Non-Cohort",908
"17412",2,16,4187.68,"2009-12-02 13:51:00","2011-12-07 11:36:00","Non-Cohort",4494
"14769",2,17,15437.25,"2009-12-16 09:17:00","2011-12-07 10:24:00","Non-Cohort",2156
"12785",2,3,883.31,"2009-12-08 13:56:00","2011-12-07 12:46:00","Non-Cohort",403
"15814",2,6,2531.84,"2010-04-15 14:31:00","2011-12-06 15:01:00","Non-Cohort",3094
"14871",2,9,1228.17,"2009-12-01 11:57:00","2011-12-06 13:42:00","Non-Cohort",2246
"17883",2,7,972.52,"2010-02-25 20:07:00","2011-12-06 17:49:00","Non-Cohort",4899
"14298",2,82,90489.31,"2009-12-11 13:49:00","2011-12-06 15:04:00","Non-Cohort",1735
"14141",2,4,879.03,"2011-08-26 14:40:00","2011-12-07 09:53:00","Non-Cohort",1598
"16076",2,10,2173.53,"2011-05-15 12:31:00","2011-12-06 14:59:00","Non-Cohort",3322
"14282",2,25,7245.76,"2010-02-15 11:22:00","2011-12-06 17:04:00","Non-Cohort",1721
"16539",2,10,3289.66,"2010-06-25 15:24:00","2011-12-07 08:41:00","Non-Cohort",3738
"18225",2,26,12643.25,"2009-12-04 16:51:00","2011-12-06 13:27:00","Non-Cohort",5199
"17857",2,23,25653.84,"2010-03-08 12:09:00","2011-12-06 13:41:00","Non-Cohort",4879
"17503",2,2,558.96,"2011-11-01 11:12:00","2011-12-07 09:18:00","Non-Cohort",4571
"17119",2,2,593.61,"2011-10-11 11:03:00","2011-12-06 14:40:00","Non-Cohort",4246
"14907",2,16,5476.62,"2009-12-08 18:35:00","2011-12-06 14:14:00","Non-Cohort",2279
"17861",2,18,5025.19,"2009-12-10 10:33:00","2011-12-06 16:21:00","Non-Cohort",4882
"16817",2,13,2392.85,"2010-10-04 09:06:00","2011-12-07 11:03:00","Non-Cohort",3977
"13323",2,5,787.85,"2011-09-16 13:23:00","2011-12-06 17:12:00","Non-Cohort",873
"15750",2,18,6362.60,"2009-12-01 16:26:00","2011-12-07 12:34:00","Non-Cohort",3035
"16143",2,12,4511.13,"2009-12-10 09:44:00","2011-12-06 14:13:00","Non-Cohort",3382
"12375",2,2,375.42,"2011-09-02 14:23:00","2011-12-07 11:27:00","Non-Cohort",28
"13743",2,7,1340.15,"2011-03-25 14:46:00","2011-12-07 10:09:00","Non-Cohort",1246
"14534",2,26,5698.37,"2010-03-15 14:16:00","2011-12-07 12:19:00","Non-Cohort",1943
"16678",2,12,3025.24,"2011-03-02 09:24:00","2011-12-07 12:17:00","Non-Cohort",3859
"16495",2,3,648.26,"2011-03-08 16:38:00","2011-12-06 13:20:00","Non-Cohort",3699
"12828",2,6,1018.71,"2011-08-01 16:16:00","2011-12-07 08:45:00","Non-Cohort",441
"14572",2,11,5479.08,"2010-03-28 13:47:00","2011-12-06 14:40:00","Non-Cohort",1978
"15984",2,30,8304.82,"2009-12-01 13:38:00","2011-12-07 12:16:00","Non-Cohort",3241
"15194",2,28,11781.52,"2009-12-03 10:37:00","2011-12-06 15:10:00","Non-Cohort",2537
"13914",3,2,613.95,"2011-11-03 16:28:00","2011-12-06 10:54:00","Non-Cohort",1394
"12478",3,1,545.99,"2011-12-06 09:56:00","2011-12-06 09:56:00","Non-Cohort",119
"13755",3,9,2101.39,"2011-10-07 15:45:00","2011-12-06 12:26:00","Non-Cohort",1256
"15031",3,14,2813.73,"2009-12-08 13:38:00","2011-12-05 14:19:00","Non-Cohort",2389
"13311",3,2,598.57,"2011-07-12 14:26:00","2011-12-05 12:55:00","Non-Cohort",861
"13709",3,18,7492.41,"2010-01-11 10:40:00","2011-12-06 10:28:00","Non-Cohort",1215
"15640",3,29,23340.29,"2009-12-14 16:36:00","2011-12-05 14:35:00","Non-Cohort",2932
"13694",3,143,190391.50,"2009-12-04 15:26:00","2011-12-06 09:32:00","Non-Cohort",1201
"17817",3,6,781.45,"2010-10-13 15:07:00","2011-12-05 14:39:00","Non-Cohort",4848
"14869",3,6,2750.70,"2009-12-16 11:43:00","2011-12-06 10:55:00","Non-Cohort",2244
"13255",3,3,669.91,"2010-07-15 13:20:00","2011-12-06 10:56:00","Non-Cohort",814
"18167",3,3,1361.51,"2011-08-26 11:40:00","2011-12-06 09:49:00","Non-Cohort",5143
"13985",3,22,9982.31,"2010-02-09 13:56:00","2011-12-05 17:06:00","Non-Cohort",1452
"15157",3,5,2597.88,"2009-12-10 14:44:00","2011-12-06 11:28:00","Non-Cohort",2507
"13083",3,3,395.43,"2010-10-10 13:38:00","2011-12-05 15:01:00","Non-Cohort",663
"12766",3,9,8093.14,"2010-10-28 09:29:00","2011-12-06 08:46:00","Non-Cohort",385
"13173",3,11,2370.97,"2009-12-10 12:52:00","2011-12-05 15:51:00","Non-Cohort",744
"14546",3,11,4987.97,"2009-12-06 13:10:00","2011-12-05 16:33:00","Non-Cohort",1955
"16910",3,8,1508.96,"2011-09-09 14:14:00","2011-12-05 12:51:00","Non-Cohort",4059
"14418",3,3,1937.25,"2011-08-23 17:18:00","2011-12-06 11:39:00","Non-Cohort",1836
"16684",3,55,141530.29,"2009-12-07 12:56:00","2011-12-05 14:06:00","Non-Cohort",3864
"16597",3,1,90.04,"2011-12-05 15:44:00","2011-12-05 15:44:00","Non-Cohort",3787
"15550",3,12,1987.85,"2009-12-03 15:15:00","2011-12-05 15:38:00","Non-Cohort",2850
"17728",3,5,4206.16,"2010-09-12 14:58:00","2011-12-06 08:52:00","Non-Cohort",4774
"16528",3,1,244.41,"2011-12-06 12:45:00","2011-12-06 12:45:00","Non-Cohort",3727
"14083",3,11,1082.19,"2009-12-18 11:34:00","2011-12-05 13:14:00","Non-Cohort",1545
"14629",3,2,935.46,"2011-10-23 16:13:00","2011-12-05 16:55:00","Non-Cohort",2025
"16764",3,13,2749.95,"2011-07-19 17:17:00","2011-12-06 11:41:00","Non-Cohort",3932
"16353",3,38,9781.93,"2009-12-07 13:55:00","2011-12-06 12:23:00","Non-Cohort",3568
"18044",3,18,3502.66,"2010-05-28 15:31:00","2011-12-05 14:26:00","Non-Cohort",5034
"17481",3,4,1249.34,"2011-09-07 09:57:00","2011-12-06 12:28:00","Non-Cohort",4552
"15274",3,2,716.57,"2011-11-21 14:17:00","2011-12-05 16:57:00","Non-Cohort",2609
"17611",3,28,8149.93,"2009-12-01 13:29:00","2011-12-06 09:46:00","Non-Cohort",4668
"17659",3,14,3536.33,"2010-11-18 14:20:00","2011-12-06 09:29:00","Non-Cohort",4714
"16904",3,20,4656.56,"2010-10-24 16:03:00","2011-12-05 13:10:00","Non-Cohort",4053
"17914",3,1,329.36,"2011-12-06 11:58:00","2011-12-06 11:58:00","Non-Cohort",4928
"14777",3,1,239.26,"2010-11-01 12:50:00","2011-12-05 13:20:00","Non-Cohort",2164
"14071",3,8,1291.34,"2011-03-20 11:33:00","2011-12-06 12:27:00","Non-Cohort",1534
"16592",3,28,7624.46,"2009-12-18 15:57:00","2011-12-05 13:49:00","Non-Cohort",3782
"14140",3,2,920.05,"2011-11-08 11:20:00","2011-12-06 09:05:00","Non-Cohort",1597
"14696",3,8,2465.30,"2010-10-14 11:43:00","2011-12-05 13:43:00","Non-Cohort",2089
"12957",3,13,8628.42,"2009-12-11 12:01:00","2011-12-05 16:32:00","Non-Cohort",553
"13230",3,30,6065.95,"2010-03-18 20:02:00","2011-12-05 16:03:00","Non-Cohort",795
"17383",3,2,304.09,"2010-09-12 14:54:00","2011-12-05 17:36:00","Non-Cohort",4469
"14198",3,9,1527.58,"2010-01-05 10:07:00","2011-12-05 16:34:00","Non-Cohort",1648
"18198",3,17,5083.06,"2011-01-07 13:39:00","2011-12-05 14:49:00","Non-Cohort",5172
"12716",3,2,963.49,"2011-07-29 13:28:00","2011-12-06 08:55:00","Non-Cohort",339
"12683",3,20,10167.52,"2009-12-13 15:01:00","2011-12-05 16:28:00","Non-Cohort",309
"16379",3,4,2131.90,"2011-09-22 09:33:00","2011-12-05 15:38:00","Non-Cohort",3592
"16133",3,56,22228.88,"2010-03-31 12:21:00","2011-12-06 11:24:00","Non-Cohort",3373
"16929",3,7,1295.39,"2011-07-07 12:39:00","2011-12-06 08:37:00","Non-Cohort",4076
"12479",3,1,423.30,"2011-11-28 13:26:00","2011-12-06 09:25:00","Non-Cohort",120
"13994",3,6,2274.14,"2011-07-14 18:28:00","2011-12-06 11:05:00","Non-Cohort",1460
"15932",3,8,2461.85,"2011-02-23 14:50:00","2011-12-05 17:13:00","Non-Cohort",3195
"17346",3,26,4926.43,"2010-04-18 12:18:00","2011-12-06 12:18:00","Non-Cohort",4436
"14401",3,22,6703.40,"2009-12-14 13:22:00","2011-12-05 13:30:00","Non-Cohort",1822
"13790",3,1,348.80,"2011-12-05 15:48:00","2011-12-05 15:48:00","Non-Cohort",1286
"17884",3,20,2649.47,"2009-12-04 16:22:00","2011-12-06 11:33:00","Non-Cohort",4900
"12971",3,116,15218.05,"2009-12-15 19:04:00","2011-12-06 12:20:00","Non-Cohort",564
"16979",3,9,2787.09,"2010-09-15 14:30:00","2011-12-06 12:21:00","Non-Cohort",4119
"14113",3,16,6156.75,"2009-12-07 10:44:00","2011-12-06 12:18:00","Non-Cohort",1574
"15097",3,3,587.05,"2010-05-05 14:22:00","2011-12-05 14:03:00","Non-Cohort",2451
"12753",3,6,21024.01,"2010-12-12 11:44:00","2011-12-06 11:40:00","Non-Cohort",372
"17744",3,7,2649.14,"2010-11-24 09:34:00","2011-12-06 12:11:00","Non-Cohort",4787
"17666",3,5,2047.80,"2010-06-30 12:03:00","2011-12-06 09:06:00","Non-Cohort",4721
"14562",3,26,6314.30,"2010-02-07 14:10:00","2011-12-06 11:05:00","Non-Cohort",1970
"14608",3,10,3263.44,"2009-12-06 12:34:00","2011-12-05 16:52:00","Non-Cohort",2009
"12367",3,1,150.90,"2011-12-05 16:48:00","2011-12-05 16:48:00","Non-Cohort",21
"14825",3,24,4696.28,"2010-04-06 14:14:00","2011-12-06 11:38:00","Non-Cohort",2206
"15061",3,127,124982.13,"2009-12-01 12:18:00","2011-12-06 12:06:00","Non-Cohort",2418
"14543",3,39,11958.76,"2009-12-01 13:47:00","2011-12-06 10:32:00","Non-Cohort",1952
"13199",3,66,15921.30,"2009-12-05 10:11:00","2011-12-06 12:30:00","Non-Cohort",768
"18005",3,2,226.47,"2011-10-23 14:40:00","2011-12-06 11:51:00","Non-Cohort",5001
"13305",3,16,3616.41,"2010-03-10 14:49:00","2011-12-05 15:15:00","Non-Cohort",855
"17404",3,21,45863.82,"2010-01-07 11:31:00","2011-12-05 16:26:00","Non-Cohort",4487
"16851",3,3,342.45,"2011-10-19 09:48:00","2011-12-05 13:32:00","Non-Cohort",4009
"14121",3,4,2740.30,"2011-10-11 10:39:00","2011-12-06 12:19:00","Non-Cohort",1581
"17593",3,11,8040.52,"2009-12-04 14:35:00","2011-12-06 10:30:00","Non-Cohort",4652
"15690",3,2,239.76,"2011-08-31 11:40:00","2011-12-05 15:59:00","Non-Cohort",2979
"14735",3,55,11899.66,"2009-12-04 11:32:00","2011-12-06 12:09:00","Non-Cohort",2123
"14219",3,3,633.83,"2010-08-03 14:42:00","2011-12-05 16:23:00","Non-Cohort",1666
"15621",3,4,1158.77,"2011-11-18 11:49:00","2011-12-05 14:01:00","Non-Cohort",2914
"15992",3,3,896.60,"2010-09-12 11:52:00","2011-12-06 11:00:00","Non-Cohort",3248
"16949",3,6,1161.27,"2011-01-27 12:11:00","2011-12-06 11:07:00","Non-Cohort",4094
"12921",3,74,33951.65,"2009-12-01 13:43:00","2011-12-06 09:56:00","Non-Cohort",519
"12723",3,5,707.07,"2011-10-05 15:52:00","2011-12-06 10:19:00","Non-Cohort",346
"14547",3,8,3953.95,"2011-10-16 14:35:00","2011-12-06 11:06:00","Non-Cohort",1956
"12877",3,20,2942.14,"2010-01-18 10:23:00","2011-12-06 10:30:00","Non-Cohort",484
"15856",3,52,31871.79,"2009-12-03 14:02:00","2011-12-05 17:09:00","Non-Cohort",3131
"14793",3,2,611.05,"2010-06-22 16:54:00","2011-12-05 16:25:00","Non-Cohort",2179
"12628",3,3,715.61,"2011-10-06 09:28:00","2011-12-05 13:15:00","Non-Cohort",258
"18283",3,22,2658.95,"2010-02-19 17:16:00","2011-12-06 12:02:00","Non-Cohort",5253
"16200",3,12,5594.60,"2009-12-02 15:04:00","2011-12-05 14:40:00","Non-Cohort",3432
"17811",3,47,9351.83,"2010-09-20 11:24:00","2011-12-05 13:46:00","Non-Cohort",4844
"17676",3,10,2409.73,"2010-03-30 10:49:00","2011-12-05 15:16:00","Non-Cohort",4731
"14110",3,33,12959.60,"2009-12-01 09:50:00","2011-12-06 12:26:00","Non-Cohort",1571
"17250",3,2,381.97,"2011-03-23 16:45:00","2011-12-06 12:15:00","Non-Cohort",4362
"12749",3,9,6278.49,"2010-07-06 15:05:00","2011-12-06 09:56:00","Non-Cohort",368
"17218",3,18,3889.39,"2010-01-25 16:12:00","2011-12-05 13:52:00","Non-Cohort",4331
"13079",3,6,419.18,"2010-10-18 14:15:00","2011-12-05 16:53:00","Non-Cohort",659
"18015",3,1,120.03,"2011-12-05 14:49:00","2011-12-05 14:49:00","Non-Cohort",5009
"13881",3,43,44392.50,"2010-03-04 14:41:00","2011-12-06 12:50:00","Non-Cohort",1367
"16620",3,6,1758.93,"2009-12-01 14:35:00","2011-12-06 12:19:00","Non-Cohort",3808
"17706",3,31,19066.07,"2010-01-19 12:13:00","2011-12-05 13:34:00","Non-Cohort",4756
"12994",3,3,902.22,"2011-03-16 08:31:00","2011-12-05 15:43:00","Non-Cohort",583
"15854",3,21,5578.28,"2009-12-10 12:08:00","2011-12-05 13:39:00","Non-Cohort",3129
"15145",3,4,1194.73,"2011-04-05 15:20:00","2011-12-05 17:21:00","Non-Cohort",2497
"16968",3,2,439.43,"2011-08-24 10:51:00","2011-12-05 15:02:00","Non-Cohort",4112
"16057",3,10,3202.07,"2009-12-10 12:38:00","2011-12-05 16:36:00","Non-Cohort",3308
"14655",3,7,3836.73,"2010-04-22 14:29:00","2011-12-06 10:52:00","Non-Cohort",2050
"15907",3,3,881.87,"2011-05-13 13:01:00","2011-12-06 12:21:00","Non-Cohort",3174
"12682",3,51,20648.12,"2009-12-01 09:28:00","2011-12-06 10:00:00","Non-Cohort",308
"16600",3,13,2093.56,"2009-12-18 12:59:00","2011-12-05 16:00:00","Non-Cohort",3789
"17290",3,8,1427.48,"2009-12-13 13:28:00","2011-12-06 12:38:00","Non-Cohort",4392
"14096",3,17,53258.43,"2011-08-30 10:49:00","2011-12-05 17:17:00","Non-Cohort",1558
"12584",3,9,1809.95,"2011-03-04 15:15:00","2011-12-06 09:35:00","Non-Cohort",217
"13021",3,17,4806.66,"2009-12-05 12:02:00","2011-12-05 16:37:00","Non-Cohort",606
"16790",3,6,1520.12,"2011-11-02 11:23:00","2011-12-06 11:53:00","Non-Cohort",3953
"14737",3,4,3554.17,"2010-11-04 11:29:00","2011-12-06 10:16:00","Non-Cohort",2125
"17426",3,13,7606.37,"2010-02-17 13:39:00","2011-12-05 16:12:00","Non-Cohort",4505
"16013",3,84,51615.64,"2009-12-08 10:24:00","2011-12-06 10:36:00","Non-Cohort",3267
"18030",3,2,220.70,"2011-10-28 13:55:00","2011-12-05 16:37:00","Non-Cohort",5022
"16015",3,3,689.41,"2011-10-21 12:56:00","2011-12-06 10:58:00","Non-Cohort",3269
"13001",3,33,24006.60,"2009-12-03 14:43:00","2011-12-05 14:51:00","Non-Cohort",589
"17920",3,54,23563.33,"2009-12-06 10:37:00","2011-12-05 14:29:00","Non-Cohort",4934
"17090",3,13,2986.64,"2010-07-19 16:02:00","2011-12-05 13:44:00","Non-Cohort",4220
"15318",3,1,312.62,"2011-12-06 11:30:00","2011-12-06 11:30:00","Non-Cohort",2649
"12381",4,3,1433.46,"2011-08-12 09:57:00","2011-12-05 12:44:00","Non-Cohort",33
"14060",4,30,8882.30,"2010-03-11 09:47:00","2011-12-05 12:29:00","Non-Cohort",1524
"17827",4,6,2369.42,"2010-03-28 12:20:00","2011-12-04 15:00:00","Non-Cohort",4854
"15358",4,42,16213.65,"2009-12-07 12:19:00","2011-12-05 09:04:00","Non-Cohort",2681
"16513",4,4,874.59,"2011-10-27 14:56:00","2011-12-05 10:18:00","Non-Cohort",3714
"13956",4,5,1019.27,"2011-03-13 12:51:00","2011-12-04 13:20:00","Non-Cohort",1431
"15290",4,26,10355.58,"2010-02-24 10:15:00","2011-12-05 11:39:00","Non-Cohort",2622
"12719",4,2,536.10,"2011-10-05 14:50:00","2011-12-04 13:45:00","Non-Cohort",342
"12673",4,3,1140.02,"2010-11-03 10:46:00","2011-12-04 13:55:00","Non-Cohort",299
"16360",4,6,3349.57,"2011-09-12 13:50:00","2011-12-05 12:16:00","Non-Cohort",3574
"16149",4,3,422.22,"2010-10-06 15:54:00","2011-12-05 11:29:00","Non-Cohort",3388
"12646",4,2,1346.97,"2011-10-21 12:52:00","2011-12-05 10:14:00","Non-Cohort",274
"17131",4,5,2463.17,"2011-09-25 12:42:00","2011-12-04 12:52:00","Non-Cohort",4256
"13417",4,6,1593.89,"2010-02-08 12:39:00","2011-12-05 08:49:00","Non-Cohort",954
"16988",4,2,382.67,"2010-11-25 09:22:00","2011-12-04 16:02:00","Non-Cohort",4127
"18180",4,6,1843.75,"2011-07-20 08:59:00","2011-12-05 08:39:00","Non-Cohort",5155
"15867",4,31,8780.77,"2009-12-14 15:16:00","2011-12-04 13:37:00","Non-Cohort",3142
"12841",4,40,6808.00,"2010-07-08 15:38:00","2011-12-05 11:13:00","Non-Cohort",453
"13736",4,7,2701.27,"2009-12-06 12:07:00","2011-12-04 15:19:00","Non-Cohort",1240
"13704",4,9,2295.31,"2011-09-12 14:40:00","2011-12-04 15:13:00","Non-Cohort",1210
"14075",4,5,1724.87,"2010-08-26 13:42:00","2011-12-05 08:38:00","Non-Cohort",1538
"17173",4,8,3755.65,"2011-07-31 15:26:00","2011-12-04 14:40:00","Non-Cohort",4292
"16535",4,2,952.04,"2010-11-19 13:01:00","2011-12-04 15:18:00","Non-Cohort",3734
"14456",4,9,3000.80,"2011-07-20 13:06:00","2011-12-04 13:59:00","Non-Cohort",1871
"14759",4,3,1625.97,"2011-04-21 10:55:00","2011-12-05 12:03:00","Non-Cohort",2146
"14658",4,2,247.15,"2011-08-14 15:42:00","2011-12-04 15:35:00","Non-Cohort",2053
"17006",4,8,1635.27,"2010-03-05 13:33:00","2011-12-05 12:09:00","Non-Cohort",4140
"16905",4,17,4674.62,"2009-12-10 20:04:00","2011-12-04 14:01:00","Non-Cohort",4054
"15572",4,10,3965.20,"2010-04-14 14:38:00","2011-12-05 10:09:00","Non-Cohort",2869
"12724",4,7,2083.52,"2010-06-22 14:00:00","2011-12-04 16:02:00","Non-Cohort",347
"17402",4,22,4566.41,"2009-12-16 17:40:00","2011-12-05 10:15:00","Non-Cohort",4485
"12913",4,13,6283.24,"2009-12-01 12:18:00","2011-12-05 12:11:00","Non-Cohort",513
"16500",4,9,835.96,"2010-06-14 14:54:00","2011-12-05 12:04:00","Non-Cohort",3703
"15053",4,3,693.95,"2011-03-03 12:06:00","2011-12-05 12:08:00","Non-Cohort",2410
"14931",4,4,864.68,"2011-04-13 09:32:00","2011-12-05 10:19:00","Non-Cohort",2300
"15033",4,10,2538.23,"2011-01-14 13:28:00","2011-12-05 12:40:00","Non-Cohort",2391
"17750",4,9,1694.16,"2011-06-28 15:44:00","2011-12-04 14:09:00","Non-Cohort",4793
"13319",4,58,20974.96,"2009-12-06 14:46:00","2011-12-04 13:34:00","Non-Cohort",869
"15628",4,17,5284.18,"2009-12-13 13:39:00","2011-12-05 10:24:00","Non-Cohort",2921
"14102",4,5,1060.33,"2011-10-26 12:46:00","2011-12-04 15:38:00","Non-Cohort",1564
"14649",4,9,3630.04,"2010-01-20 13:10:00","2011-12-05 12:30:00","Non-Cohort",2044
"16642",4,3,1051.46,"2010-10-20 14:22:00","2011-12-05 11:31:00","Non-Cohort",3827
"17936",4,1,380.13,"2011-12-04 13:32:00","2011-12-04 13:32:00","Non-Cohort",4949
"13126",4,13,3679.03,"2010-03-02 12:24:00","2011-12-05 10:00:00","Non-Cohort",701
"13630",4,7,1995.68,"2011-02-27 12:49:00","2011-12-04 15:16:00","Non-Cohort",1146
"16746",4,42,18010.50,"2009-12-04 13:00:00","2011-12-05 12:33:00","Non-Cohort",3916
"12782",4,11,3770.04,"2010-07-08 13:31:00","2011-12-05 09:16:00","Non-Cohort",400
"17254",4,3,469.48,"2010-11-03 14:00:00","2011-12-05 12:46:00","Non-Cohort",4365
"12925",4,3,729.33,"2010-04-26 10:32:00","2011-12-05 11:11:00","Non-Cohort",523
"16811",4,2,547.07,"2011-11-22 17:19:00","2011-12-05 11:39:00","Non-Cohort",3972
"14194",4,36,18442.87,"2009-12-10 19:18:00","2011-12-05 10:38:00","Non-Cohort",1645
"17579",4,4,744.58,"2010-05-10 14:28:00","2011-12-05 12:28:00","Non-Cohort",4638
"16931",4,23,5032.22,"2010-11-07 13:24:00","2011-12-04 13:15:00","Non-Cohort",4078
"17954",4,19,3697.19,"2009-12-09 13:22:00","2011-12-04 14:15:00","Non-Cohort",4963
"13435",4,9,4431.93,"2010-07-27 16:56:00","2011-12-04 14:59:00","Non-Cohort",972
"16873",4,12,14547.03,"2010-02-09 14:17:00","2011-12-05 12:05:00","Non-Cohort",4027
"15392",4,7,2891.82,"2010-10-04 12:50:00","2011-12-05 11:01:00","Non-Cohort",2710
"16682",4,5,1028.00,"2011-06-05 11:02:00","2011-12-05 12:13:00","Non-Cohort",3862
"12560",4,2,1885.39,"2011-07-19 15:55:00","2011-12-04 13:54:00","Non-Cohort",195
"12490",4,20,8759.64,"2009-12-01 12:52:00","2011-12-04 16:07:00","Non-Cohort",131
"16283",5,8,4256.17,"2010-02-28 13:50:00","2011-12-04 12:08:00","Non-Cohort",3503
"17858",5,30,12458.65,"2009-12-06 15:41:00","2011-12-04 11:56:00","Non-Cohort",4880
"13838",5,10,1690.07,"2010-05-09 11:40:00","2011-12-04 11:00:00","Non-Cohort",1329
"16326",5,24,4601.25,"2010-01-28 13:23:00","2011-12-04 10:11:00","Non-Cohort",3543
"12952",5,4,1382.84,"2011-09-22 16:37:00","2011-12-04 10:35:00","Non-Cohort",548
"14354",5,2,163.62,"2011-11-09 15:36:00","2011-12-04 11:32:00","Non-Cohort",1783
"12827",5,3,430.15,"2011-10-26 15:44:00","2011-12-04 12:17:00","Non-Cohort",440
"13153",5,1,486.22,"2011-12-04 12:14:00","2011-12-04 12:14:00","Non-Cohort",727
"14720",5,3,663.81,"2011-08-05 12:06:00","2011-12-04 12:02:00","Non-Cohort",2112
"13808",5,5,1747.66,"2011-09-04 12:07:00","2011-12-04 12:18:00","Non-Cohort",1302
"17618",5,11,3976.34,"2010-01-24 11:03:00","2011-12-04 11:50:00","Non-Cohort",4675
"16438",5,5,798.35,"2011-09-18 13:31:00","2011-12-04 10:51:00","Non-Cohort",3645
"17114",5,8,739.72,"2011-01-09 11:39:00","2011-12-04 12:17:00","Non-Cohort",4241
"14583",5,8,1660.29,"2010-03-28 15:16:00","2011-12-04 12:32:00","Non-Cohort",1988
"18065",5,28,5816.88,"2009-12-09 16:00:00","2011-12-04 10:30:00","Non-Cohort",5049
"17629",5,10,2425.52,"2010-10-14 13:35:00","2011-12-04 10:56:00","Non-Cohort",4686
"13558",5,4,594.52,"2011-10-02 13:01:00","2011-12-04 11:24:00","Non-Cohort",1082
"13596",5,2,664.11,"2011-11-27 11:57:00","2011-12-04 12:01:00","Non-Cohort",1115
"16561",5,2,511.12,"2011-10-11 09:53:00","2011-12-04 11:50:00","Non-Cohort",3758
"13822",5,2,632.00,"2011-10-30 15:55:00","2011-12-04 12:13:00","Non-Cohort",1315
"16033",5,27,10465.07,"2010-08-11 16:44:00","2011-12-04 12:44:00","Non-Cohort",3286
"15773",5,2,774.52,"2010-10-26 15:27:00","2011-12-04 12:48:00","Non-Cohort",3056
"13953",6,12,6640.68,"2009-12-11 12:58:00","2011-12-02 16:04:00","Non-Cohort",1428
"14865",6,4,92.52,"2009-12-01 16:05:00","2011-12-02 16:25:00","Non-Cohort",2240
"13309",6,6,1706.37,"2010-11-12 12:10:00","2011-12-02 16:34:00","Non-Cohort",859
"14031",6,44,36112.53,"2009-12-03 15:35:00","2011-12-02 17:13:00","Non-Cohort",1495
"12962",6,2,266.39,"2011-08-18 13:38:00","2011-12-02 15:55:00","Non-Cohort",555
"12668",6,9,9842.06,"2010-01-31 15:45:00","2011-12-02 15:10:00","Non-Cohort",294
"14023",6,2,584.07,"2011-04-03 15:50:00","2011-12-02 13:58:00","Non-Cohort",1487
"12695",6,7,1371.12,"2010-02-12 13:22:00","2011-12-02 13:22:00","Non-Cohort",320
"15570",6,25,8672.44,"2010-03-28 14:04:00","2011-12-02 14:47:00","Non-Cohort",2867
"14788",6,3,1156.32,"2010-04-22 18:16:00","2011-12-02 17:06:00","Non-Cohort",2174
"16103",6,22,6002.76,"2010-01-08 12:08:00","2011-12-02 14:16:00","Non-Cohort",3347
"17221",6,5,976.62,"2010-04-11 15:34:00","2011-12-02 13:35:00","Non-Cohort",4334
"12704",6,8,1740.84,"2011-06-23 10:20:00","2011-12-02 13:15:00","Non-Cohort",328
"16989",6,6,1133.25,"2011-07-12 09:11:00","2011-12-02 16:39:00","Non-Cohort",4128
"13868",6,2,3192.54,"2011-11-01 12:45:00","2011-12-02 16:32:00","Non-Cohort",1355
"12970",6,10,1452.54,"2009-12-04 14:19:00","2011-12-02 14:30:00","Non-Cohort",563
"13560",6,1,171.42,"2011-12-02 13:11:00","2011-12-02 13:11:00","Non-Cohort",1084
"15271",6,24,4458.29,"2010-08-05 14:57:00","2011-12-02 14:11:00","Non-Cohort",2606
"14560",6,44,6050.44,"2009-12-02 10:15:00","2011-12-02 15:22:00","Non-Cohort",1968
"13780",6,3,732.07,"2010-10-28 19:51:00","2011-12-02 13:49:00","Non-Cohort",1278
"18055",6,14,10110.59,"2010-10-22 13:27:00","2011-12-02 14:25:00","Non-Cohort",5042
"17567",6,9,4519.16,"2010-09-24 10:48:00","2011-12-02 15:48:00","Non-Cohort",4627
"18245",6,20,6236.23,"2010-03-08 15:26:00","2011-12-02 14:48:00","Non-Cohort",5218
"15123",6,5,4656.17,"2010-03-16 09:49:00","2011-12-02 13:12:00","Non-Cohort",2477
"18174",6,2,162.50,"2010-04-15 12:17:00","2011-12-02 16:56:00","Non-Cohort",5150
"13458",6,16,11850.62,"2010-11-16 14:01:00","2011-12-02 15:29:00","Non-Cohort",992
"17686",6,9,8296.81,"2010-06-24 09:49:00","2011-12-02 15:39:00","Non-Cohort",4740
"14250",6,3,1904.05,"2011-09-11 13:44:00","2011-12-02 14:30:00","Non-Cohort",1695
"13884",6,10,1788.93,"2010-08-26 19:57:00","2011-12-02 16:30:00","Non-Cohort",1370
"15078",6,52,17091.37,"2009-12-04 12:03:00","2011-12-02 15:41:00","Non-Cohort",2433
"13017",6,1,204.00,"2011-12-02 15:53:00","2011-12-02 15:53:00","Non-Cohort",603
"14493",6,10,4993.76,"2010-03-08 08:33:00","2011-12-02 16:14:00","Non-Cohort",1904
"17584",6,6,5294.42,"2010-01-25 08:17:00","2011-12-02 17:12:00","Non-Cohort",4643
"16474",6,7,1750.46,"2011-07-17 14:51:00","2011-12-02 13:02:00","Non-Cohort",3680
"13969",6,35,12820.36,"2010-03-25 13:15:00","2011-12-02 15:11:00","Non-Cohort",1439
"15539",6,1,538.46,"2011-12-02 13:36:00","2011-12-02 13:36:00","Non-Cohort",2839
"14594",6,2,363.33,"2010-12-01 13:54:00","2011-12-02 13:28:00","Non-Cohort",1997
"15769",6,46,84183.52,"2009-12-11 09:58:00","2011-12-02 13:52:00","Non-Cohort",3053
"16359",6,16,2379.40,"2010-02-16 10:39:00","2011-12-02 17:04:00","Non-Cohort",3573
"17086",6,6,2050.08,"2011-10-07 11:22:00","2011-12-02 13:54:00","Non-Cohort",4217
"14428",6,5,1209.37,"2011-01-18 16:39:00","2011-12-02 13:17:00","Non-Cohort",1846
"15547",6,26,9989.15,"2009-12-06 13:40:00","2011-12-02 12:52:00","Non-Cohort",2847
"17450",7,51,233643.91,"2010-09-27 16:59:00","2011-12-01 13:29:00","Non-Cohort",4527
"15434",7,11,2517.11,"2010-01-24 15:35:00","2011-12-01 13:33:00","Non-Cohort",2749
"18097",7,11,4616.77,"2009-12-17 11:06:00","2011-12-02 11:16:00","Non-Cohort",5077
"14732",7,19,5447.52,"2009-12-09 10:48:00","2011-12-01 14:34:00","Non-Cohort",2121
"14299",7,27,12620.28,"2009-12-02 10:58:00","2011-12-01 16:05:00","Non-Cohort",1736
"15531",7,2,1972.39,"2011-11-09 17:47:00","2011-12-01 18:43:00","Non-Cohort",2832
"12359",7,10,8652.34,"2009-12-05 13:32:00","2011-12-02 11:21:00","Non-Cohort",13
"17183",7,6,3286.91,"2011-08-26 15:25:00","2011-12-02 10:07:00","Non-Cohort",4301
"13495",7,10,4790.41,"2009-12-07 12:12:00","2011-12-02 11:21:00","Non-Cohort",1027
"14126",7,4,1109.96,"2010-09-21 14:51:00","2011-12-02 11:45:00","Non-Cohort",1585
"15862",7,13,2507.14,"2009-12-17 11:33:00","2011-12-01 13:28:00","Non-Cohort",3137
"14897",7,8,3100.74,"2009-12-15 17:05:00","2011-12-02 10:32:00","Non-Cohort",2271
"16038",7,3,454.33,"2011-05-22 11:29:00","2011-12-02 12:40:00","Non-Cohort",3291
"16813",7,10,1652.18,"2011-05-19 13:28:00","2011-12-01 14:03:00","Non-Cohort",3973
"12664",7,11,5420.04,"2009-12-13 10:28:00","2011-12-01 17:07:00","Non-Cohort",291
"16242",7,14,7370.50,"2010-03-15 16:02:00","2011-12-01 15:12:00","Non-Cohort",3469
"14292",7,16,8887.90,"2009-12-01 12:19:00","2011-12-02 11:50:00","Non-Cohort",1731
"12762",7,2,1702.52,"2011-11-14 14:23:00","2011-12-02 10:23:00","Non-Cohort",381
"12536",7,1,4151.26,"2011-10-11 14:52:00","2011-12-02 12:43:00","Non-Cohort",174
"12919",7,6,1301.44,"2011-06-23 09:22:00","2011-12-01 13:47:00","Non-Cohort",517
"17115",7,7,2616.29,"2009-12-05 12:13:00","2011-12-01 14:30:00","Non-Cohort",4242
"18144",7,19,4892.95,"2009-12-16 15:57:00","2011-12-02 12:46:00","Non-Cohort",5120
"12465",7,2,673.89,"2011-06-23 13:37:00","2011-12-02 11:34:00","Non-Cohort",108
"17942",7,1,77.50,"2011-12-02 10:45:00","2011-12-02 10:45:00","Non-Cohort",4954
"15060",7,4,293.00,"2011-11-30 14:03:00","2011-12-01 13:47:00","Non-Cohort",2417
"17576",7,41,8534.45,"2009-12-03 16:11:00","2011-12-01 18:12:00","Non-Cohort",4635
"15904",7,1,164.68,"2011-12-01 14:50:00","2011-12-01 14:50:00","Non-Cohort",3171
"12700",7,4,4525.99,"2011-05-08 16:10:00","2011-12-02 10:47:00","Non-Cohort",324
"17386",7,7,2812.77,"2010-11-19 13:40:00","2011-12-02 11:28:00","Non-Cohort",4472
"16240",7,2,3693.81,"2011-09-23 13:44:00","2011-12-01 14:02:00","Non-Cohort",3467
"14092",7,24,7215.64,"2009-12-16 16:24:00","2011-12-02 12:13:00","Non-Cohort",1554
"17321",7,6,1665.21,"2010-05-11 12:10:00","2011-12-01 13:41:00","Non-Cohort",4417
"15500",7,4,1131.56,"2011-09-19 13:47:00","2011-12-01 13:47:00","Non-Cohort",2806
"14766",7,11,6301.88,"2010-06-06 11:11:00","2011-12-01 16:05:00","Non-Cohort",2153
"17157",7,19,5139.45,"2009-12-04 13:00:00","2011-12-02 09:10:00","Non-Cohort",4278
"14440",7,13,5870.13,"2009-12-02 12:13:00","2011-12-01 15:42:00","Non-Cohort",1856
"14895",7,38,24488.82,"2009-12-03 10:58:00","2011-12-02 09:23:00","Non-Cohort",2269
"16899",7,8,1695.77,"2010-11-07 15:00:00","2011-12-02 12:03:00","Non-Cohort",4048
"13297",7,7,4352.67,"2010-06-15 12:35:00","2011-12-02 09:32:00","Non-Cohort",849
"15144",7,29,12006.51,"2009-12-13 11:35:00","2011-12-01 15:12:00","Non-Cohort",2496
"14688",7,28,6666.93,"2010-09-09 12:35:00","2011-12-02 12:26:00","Non-Cohort",2081
"18077",7,18,4078.79,"2009-12-07 11:40:00","2011-12-01 13:32:00","Non-Cohort",5059
"14960",7,2,221.27,"2011-06-21 13:38:00","2011-12-01 12:54:00","Non-Cohort",2323
"12364",7,4,1208.10,"2011-08-19 15:24:00","2011-12-02 10:22:00","Non-Cohort",18
"16966",7,7,2148.97,"2011-04-13 14:17:00","2011-12-01 13:40:00","Non-Cohort",4110
"13705",7,7,1717.19,"2010-03-25 17:19:00","2011-12-02 12:32:00","Non-Cohort",1211
"16789",7,1,80.80,"2011-12-01 15:12:00","2011-12-01 15:12:00","Non-Cohort",3952
"13171",7,3,426.81,"2011-02-13 14:16:00","2011-12-01 15:06:00","Non-Cohort",743
"18282",7,2,176.60,"2011-08-05 13:35:00","2011-12-02 11:43:00","Non-Cohort",5252
"17014",7,3,562.68,"2011-10-04 11:36:00","2011-12-01 14:09:00","Non-Cohort",4147
"16169",7,4,1822.97,"2011-09-25 11:33:00","2011-12-01 15:28:00","Non-Cohort",3404
"17293",7,17,3750.63,"2009-12-03 15:09:00","2011-12-01 14:37:00","Non-Cohort",4395
"12562",7,9,4426.92,"2010-09-30 13:13:00","2011-12-01 17:20:00","Non-Cohort",197
"16011",7,29,5585.86,"2009-12-01 11:04:00","2011-12-01 16:31:00","Non-Cohort",3265
"14367",7,16,9134.12,"2011-03-08 14:12:00","2011-12-01 13:19:00","Non-Cohort",1792
"13183",7,15,7010.88,"2010-03-14 12:32:00","2011-12-02 10:30:00","Non-Cohort",753
"17566",7,2,869.77,"2011-11-14 13:42:00","2011-12-01 19:54:00","Non-Cohort",4626
"16333",7,22,26626.80,"2011-02-03 10:50:00","2011-12-02 12:19:00","Non-Cohort",3550
"12587",7,1,104.00,"2011-12-02 12:47:00","2011-12-02 12:47:00","Non-Cohort",220
"14309",7,11,3747.96,"2010-06-07 10:24:00","2011-12-01 13:33:00","Non-Cohort",1744
"12963",7,12,3162.59,"2010-07-08 14:45:00","2011-12-01 12:55:00","Non-Cohort",556
"12553",7,12,4044.82,"2010-10-12 13:35:00","2011-12-01 16:38:00","Non-Cohort",189
"18122",7,6,1791.84,"2011-07-12 11:37:00","2011-12-01 13:08:00","Non-Cohort",5099
"15028",7,6,962.94,"2010-11-10 14:32:00","2011-12-01 14:06:00","Non-Cohort",2386
"16119",7,8,1720.81,"2009-12-16 11:56:00","2011-12-01 15:11:00","Non-Cohort",3362
"12684",7,6,2073.63,"2011-05-10 12:55:00","2011-12-02 09:53:00","Non-Cohort",310
"12856",7,6,2153.53,"2011-10-07 12:38:00","2011-12-02 10:52:00","Non-Cohort",466
"14262",7,8,2618.23,"2011-04-13 12:23:00","2011-12-01 14:17:00","Non-Cohort",1705
"17350",7,7,1863.82,"2010-02-01 15:38:00","2011-12-01 15:47:00","Non-Cohort",4440
"15602",7,16,2902.16,"2009-12-02 09:35:00","2011-12-01 14:14:00","Non-Cohort",2896
"16440",7,6,3856.97,"2010-08-03 11:32:00","2011-12-02 12:02:00","Non-Cohort",3647
"15948",7,3,1509.09,"2010-10-11 12:16:00","2011-12-01 15:32:00","Non-Cohort",3208
"17768",7,7,3287.78,"2009-12-02 12:26:00","2011-12-01 13:22:00","Non-Cohort",4806
"17495",7,3,759.07,"2010-11-14 11:50:00","2011-12-02 12:08:00","Non-Cohort",4565
"15373",7,17,2881.74,"2010-05-02 11:57:00","2011-12-01 15:05:00","Non-Cohort",2694
"16759",7,3,772.84,"2011-11-09 09:06:00","2011-12-02 12:42:00","Non-Cohort",3927
"14287",7,3,156.23,"2011-05-25 11:41:00","2011-12-01 13:25:00","Non-Cohort",1726
"13352",7,1,339.28,"2011-10-10 13:55:00","2011-12-02 11:58:00","Non-Cohort",899
"15380",8,11,3192.10,"2009-12-01 13:50:00","2011-12-01 12:13:00","Non-Cohort",2700
"16145",8,19,6693.60,"2010-05-04 13:31:00","2011-12-01 10:33:00","Non-Cohort",3384
"13159",8,4,1371.25,"2011-08-16 11:44:00","2011-12-01 11:20:00","Non-Cohort",731
"14258",8,25,31027.35,"2009-12-04 08:36:00","2011-11-30 15:27:00","Non-Cohort",1701
"14733",8,15,14200.78,"2010-11-02 15:42:00","2011-11-30 14:54:00","Non-Cohort",2122
"14618",8,7,1310.52,"2010-06-11 10:11:00","2011-11-30 13:45:00","Non-Cohort",2014
"15172",8,5,1624.05,"2011-04-17 11:56:00","2011-12-01 11:51:00","Non-Cohort",2517
"17381",8,38,36395.47,"2010-06-09 12:55:00","2011-12-01 11:59:00","Non-Cohort",4467
"17288",8,11,2468.43,"2010-11-10 14:44:00","2011-11-30 16:09:00","Non-Cohort",4390
"15676",8,3,3324.09,"2011-03-01 10:19:00","2011-11-30 17:39:00","Non-Cohort",2967
"14047",8,14,3881.11,"2010-02-01 10:05:00","2011-12-01 11:43:00","Non-Cohort",1511
"14388",8,16,6289.95,"2010-01-20 11:54:00","2011-12-01 11:13:00","Non-Cohort",1811
"13115",8,10,5379.45,"2010-02-17 13:06:00","2011-12-01 09:39:00","Non-Cohort",690
"16156",8,20,5931.01,"2009-12-02 17:06:00","2011-12-01 12:42:00","Non-Cohort",3392
"17828",8,4,1074.97,"2011-06-08 08:31:00","2011-12-01 09:34:00","Non-Cohort",4855
"17911",8,1,366.23,"2011-11-30 14:52:00","2011-11-30 14:52:00","Non-Cohort",4925
"18179",8,8,2547.55,"2010-02-14 15:51:00","2011-11-30 16:23:00","Non-Cohort",5154
"15687",8,9,2981.50,"2011-01-13 15:13:00","2011-12-01 08:33:00","Non-Cohort",2977
"12882",8,2,1463.04,"2011-11-06 11:22:00","2011-11-30 16:18:00","Non-Cohort",488
"18158",8,2,451.75,"2011-09-12 09:03:00","2011-11-30 16:19:00","Non-Cohort",5134
"12951",8,15,3164.42,"2010-01-10 12:43:00","2011-12-01 12:14:00","Non-Cohort",547
"14385",8,3,202.11,"2011-11-16 11:55:00","2011-11-30 15:36:00","Non-Cohort",1808
"16376",8,2,965.47,"2011-11-22 16:47:00","2011-12-01 11:38:00","Non-Cohort",3589
"14146",8,12,8208.87,"2010-01-13 16:04:00","2011-12-01 10:18:00","Non-Cohort",1602
"17636",8,1,265.93,"2011-11-20 14:40:00","2011-12-01 08:29:00","Non-Cohort",4692
"17502",8,4,689.10,"2011-11-10 16:39:00","2011-11-30 13:13:00","Non-Cohort",4570
"17340",8,18,19159.01,"2009-12-08 17:34:00","2011-11-30 17:12:00","Non-Cohort",4432
"14188",8,6,2018.91,"2011-02-02 13:46:00","2011-12-01 09:46:00","Non-Cohort",1640
"13410",8,9,2172.51,"2009-12-08 13:43:00","2011-12-01 08:58:00","Non-Cohort",947
"17736",8,3,337.49,"2011-08-18 14:33:00","2011-11-30 15:36:00","Non-Cohort",4781
"16265",8,12,6643.62,"2010-10-28 15:18:00","2011-11-30 16:41:00","Non-Cohort",3487
"17071",8,13,3730.96,"2010-01-24 13:05:00","2011-12-01 09:06:00","Non-Cohort",4202
"15544",8,20,7779.58,"2010-01-28 14:39:00","2011-12-01 09:16:00","Non-Cohort",2844
"16570",8,20,6844.81,"2009-12-03 17:38:00","2011-12-01 08:56:00","Non-Cohort",3766
"13090",8,23,12744.93,"2010-08-02 13:58:00","2011-12-01 12:39:00","Non-Cohort",668
"13365",8,2,2164.32,"2010-11-11 17:24:00","2011-12-01 08:39:00","Non-Cohort",911
"14448",8,2,375.35,"2010-12-10 17:26:00","2011-11-30 13:50:00","Non-Cohort",1864
"14329",8,15,9695.92,"2009-12-16 15:31:00","2011-12-01 08:27:00","Non-Cohort",1759
"13644",8,4,2597.52,"2011-08-26 11:53:00","2011-12-01 08:18:00","Non-Cohort",1159
"14853",8,5,1351.37,"2010-04-13 09:26:00","2011-12-01 09:44:00","Non-Cohort",2228
"15680",8,10,3985.59,"2009-12-02 12:15:00","2011-11-30 13:46:00","Non-Cohort",2971
"13012",8,11,2581.28,"2010-04-26 14:14:00","2011-11-30 13:05:00","Non-Cohort",598
"12714",8,12,12815.71,"2009-12-04 10:00:00","2011-11-30 15:43:00","Non-Cohort",337
"18230",8,9,4197.46,"2010-07-02 10:01:00","2011-11-30 13:22:00","Non-Cohort",5204
"16101",8,4,3167.42,"2010-05-27 12:50:00","2011-11-30 16:54:00","Non-Cohort",3345
"15251",8,21,20118.92,"2010-01-29 12:42:00","2011-11-30 15:02:00","Non-Cohort",2586
"13310",8,5,1492.80,"2010-11-02 17:03:00","2011-12-01 08:23:00","Non-Cohort",860
"13854",8,39,11848.81,"2010-01-08 11:28:00","2011-12-01 09:06:00","Non-Cohort",1343
"17096",8,11,3629.58,"2010-06-02 14:48:00","2011-11-30 15:05:00","Non-Cohort",4226
"14626",8,11,5374.77,"2009-12-10 14:57:00","2011-12-01 08:55:00","Non-Cohort",2022
"13853",8,1,1056.94,"2011-10-13 14:18:00","2011-12-01 08:12:00","Non-Cohort",1342
"16915",8,11,1543.18,"2010-05-19 13:32:00","2011-11-30 16:39:00","Non-Cohort",4064
"17063",8,13,3576.88,"2009-12-01 12:36:00","2011-12-01 08:46:00","Non-Cohort",4194
"12901",8,28,16316.14,"2011-03-14 10:41:00","2011-12-01 10:07:00","Non-Cohort",502
"14875",8,3,2850.50,"2010-09-24 10:28:00","2011-11-30 14:41:00","Non-Cohort",2250
"14713",8,21,5068.96,"2009-12-03 19:22:00","2011-11-30 16:26:00","Non-Cohort",2106
"15654",8,2,922.53,"2011-11-13 15:15:00","2011-11-30 13:08:00","Non-Cohort",2945
"18130",8,3,1045.74,"2011-10-13 15:58:00","2011-12-01 08:41:00","Non-Cohort",5107
"16496",8,6,2293.47,"2010-07-18 13:42:00","2011-12-01 10:31:00","Non-Cohort",3700
"15021",8,12,2422.35,"2010-07-29 16:35:00","2011-12-01 11:53:00","Non-Cohort",2379
"15712",8,12,3467.46,"2009-12-01 11:17:00","2011-11-30 14:09:00","Non-Cohort",3000
"16293",8,15,4253.45,"2009-12-11 09:58:00","2011-12-01 09:13:00","Non-Cohort",3512
"16717",8,14,5987.41,"2009-12-07 15:55:00","2011-11-30 17:42:00","Non-Cohort",3891
"15563",8,6,2764.67,"2010-01-28 11:36:00","2011-12-01 09:36:00","Non-Cohort",2861
"12524",8,17,9759.36,"2010-02-08 14:41:00","2011-11-30 15:31:00","Non-Cohort",162
"14243",8,17,7152.06,"2010-08-20 13:41:00","2011-12-01 11:12:00","Non-Cohort",1689
"15197",8,6,1437.84,"2009-12-11 12:56:00","2011-12-01 08:14:00","Non-Cohort",2540
"17727",8,1,1042.55,"2011-11-24 17:06:00","2011-11-30 15:21:00","Non-Cohort",4773
"12572",8,2,896.72,"2011-10-19 08:20:00","2011-12-01 09:20:00","Non-Cohort",205
"15993",8,7,2728.22,"2011-10-26 16:21:00","2011-12-01 10:45:00","Non-Cohort",3249
"17937",8,7,4301.22,"2010-12-12 14:43:00","2011-12-01 11:45:00","Non-Cohort",4950
"16712",8,13,4225.22,"2010-11-03 15:45:00","2011-11-30 13:48:00","Non-Cohort",3886
"13971",8,14,4593.83,"2010-01-26 09:51:00","2011-12-01 08:27:00","Non-Cohort",1440
"14178",8,7,1580.26,"2011-06-10 12:51:00","2011-12-01 12:01:00","Non-Cohort",1632
"14659",8,9,2456.53,"2011-01-28 12:43:00","2011-12-01 12:17:00","Non-Cohort",2054
"17737",8,2,168.24,"2011-10-12 14:42:00","2011-11-30 15:16:00","Non-Cohort",4782
"15467",8,3,511.88,"2011-07-10 14:42:00","2011-11-30 14:17:00","Non-Cohort",2776
"12528",8,6,1634.28,"2011-01-31 09:05:00","2011-11-30 14:40:00","Non-Cohort",166
"13040",8,2,676.99,"2011-11-06 13:53:00","2011-12-01 10:38:00","Non-Cohort",623
"14860",8,1,168.62,"2011-11-20 14:17:00","2011-12-01 09:44:00","Non-Cohort",2235
"14525",8,17,7952.76,"2009-12-13 14:01:00","2011-12-01 08:53:00","Non-Cohort",1935
"15745",8,4,1071.24,"2011-04-17 13:04:00","2011-12-01 11:18:00","Non-Cohort",3030
"13509",8,7,1099.72,"2010-07-20 12:10:00","2011-12-01 10:10:00","Non-Cohort",1041
"15101",8,6,1303.49,"2010-04-28 15:00:00","2011-12-01 10:18:00","Non-Cohort",2455
"16938",8,9,6162.11,"2010-02-17 14:47:00","2011-12-01 10:20:00","Non-Cohort",4084
"17540",8,6,1582.10,"2010-04-19 09:47:00","2011-12-01 09:00:00","Non-Cohort",4605
"12429",8,8,5792.01,"2010-06-11 13:28:00","2011-11-30 17:22:00","Non-Cohort",73
"14950",8,1,361.25,"2011-11-20 13:48:00","2011-12-01 09:42:00","Non-Cohort",2314
"15046",8,25,7375.83,"2010-01-14 14:29:00","2011-11-30 15:50:00","Non-Cohort",2403
"18059",8,3,296.71,"2011-10-03 09:30:00","2011-11-30 17:02:00","Non-Cohort",5045
"14936",8,12,12378.46,"2010-05-05 12:26:00","2011-11-30 15:07:00","Non-Cohort",2304
"13050",8,34,11525.54,"2009-12-15 15:06:00","2011-11-30 17:28:00","Non-Cohort",633
"14804",8,1,353.27,"2011-12-01 11:20:00","2011-12-01 11:20:00","Non-Cohort",2189
"16956",8,1,292.34,"2011-11-22 08:56:00","2011-11-30 14:28:00","Non-Cohort",4101
"16839",8,44,20420.53,"2010-02-11 15:02:00","2011-12-01 09:03:00","Non-Cohort",3997
"14644",8,7,2077.47,"2009-12-03 16:24:00","2011-11-30 14:58:00","Non-Cohort",2040
"16700",8,25,8747.12,"2009-12-02 10:51:00","2011-12-01 11:00:00","Non-Cohort",3877
"14389",8,5,1821.07,"2009-12-10 19:13:00","2011-12-01 09:19:00","Non-Cohort",1812
"16701",8,26,9614.59,"2009-12-01 19:19:00","2011-12-01 11:10:00","Non-Cohort",3878
"14289",8,6,911.26,"2011-02-23 12:33:00","2011-12-01 11:44:00","Non-Cohort",1728
"17044",8,12,11867.60,"2009-12-07 12:25:00","2011-12-01 08:54:00","Non-Cohort",4175
"15793",8,8,2382.92,"2009-12-01 12:54:00","2011-11-30 15:08:00","Non-Cohort",3074
"15444",8,2,1411.21,"2011-10-30 16:12:00","2011-11-30 17:37:00","Non-Cohort",2757
"13212",8,3,779.33,"2011-10-09 14:48:00","2011-11-30 15:12:00","Non-Cohort",779
"17466",9,2,763.28,"2011-09-22 09:16:00","2011-11-29 13:15:00","Non-Cohort",4541
"15024",9,16,3559.39,"2010-10-11 16:14:00","2011-11-30 12:06:00","Non-Cohort",2382
"12798",9,4,8510.93,"2010-10-14 12:27:00","2011-11-29 15:52:00","Non-Cohort",414
"15903",9,12,8859.82,"2009-12-08 17:04:00","2011-11-30 08:08:00","Non-Cohort",3170
"15206",9,4,420.30,"2011-03-09 08:59:00","2011-11-29 13:41:00","Non-Cohort",2547
"14711",9,11,2809.02,"2011-03-22 13:32:00","2011-11-29 14:58:00","Non-Cohort",2104
"14554",9,4,2279.49,"2011-10-18 13:04:00","2011-11-29 16:44:00","Non-Cohort",1963
"12598",9,10,4072.67,"2010-03-01 09:58:00","2011-11-30 12:18:00","Non-Cohort",231
"13203",9,10,2630.55,"2009-12-17 14:15:00","2011-11-30 10:45:00","Non-Cohort",771
"12488",9,3,1244.66,"2011-09-25 10:34:00","2011-11-30 08:50:00","Non-Cohort",129
"14005",9,5,2874.72,"2011-05-08 10:33:00","2011-11-30 12:41:00","Non-Cohort",1470
"13576",9,28,11167.00,"2009-12-08 15:12:00","2011-11-29 15:34:00","Non-Cohort",1098
"18241",9,21,2954.09,"2010-04-01 11:55:00","2011-11-30 12:10:00","Non-Cohort",5215
"12670",9,7,3426.39,"2010-02-11 10:13:00","2011-11-29 15:23:00","Non-Cohort",296
"16241",9,16,3989.81,"2010-10-25 13:40:00","2011-11-30 11:08:00","Non-Cohort",3468
"13999",9,29,9438.01,"2009-12-05 12:42:00","2011-11-29 13:40:00","Non-Cohort",1464
"16852",9,2,144.91,"2011-06-16 15:49:00","2011-11-29 13:22:00","Non-Cohort",4010
"14156",9,144,297775.01,"2009-12-01 12:30:00","2011-11-30 10:54:00","Non-Cohort",1612
"13147",9,4,712.80,"2011-09-01 12:28:00","2011-11-29 13:59:00","Non-Cohort",722
"16657",9,4,874.43,"2011-03-30 12:02:00","2011-11-30 11:48:00","Non-Cohort",3842
"16775",9,16,2739.24,"2010-09-23 17:34:00","2011-11-29 15:22:00","Non-Cohort",3942
"12787",9,4,799.18,"2010-10-22 14:57:00","2011-11-30 08:44:00","Non-Cohort",405
"15297",9,3,635.04,"2011-10-07 09:42:00","2011-11-29 16:32:00","Non-Cohort",2628
"12953",9,2,828.81,"2010-07-05 13:37:00","2011-11-30 09:24:00","Non-Cohort",549
"14963",9,12,3117.72,"2010-07-02 12:43:00","2011-11-30 12:16:00","Non-Cohort",2326
"13068",9,2,344.00,"2011-01-24 08:20:00","2011-11-29 15:00:00","Non-Cohort",649
"14755",9,25,9851.45,"2009-12-03 16:51:00","2011-11-30 11:24:00","Non-Cohort",2142
"12464",9,8,957.05,"2011-02-03 13:30:00","2011-11-29 13:33:00","Non-Cohort",107
"12966",9,1,160.18,"2011-11-30 12:38:00","2011-11-30 12:38:00","Non-Cohort",559
"18161",9,6,1797.20,"2010-11-25 15:55:00","2011-11-29 15:38:00","Non-Cohort",5137
"13211",9,10,2596.32,"2009-12-06 14:37:00","2011-11-29 14:43:00","Non-Cohort",778
"13428",9,3,478.54,"2010-07-13 13:20:00","2011-11-29 14:20:00","Non-Cohort",965
"13658",9,9,5772.07,"2010-02-05 13:17:00","2011-11-30 10:13:00","Non-Cohort",1171
"14824",9,10,3952.51,"2010-03-12 13:07:00","2011-11-29 14:20:00","Non-Cohort",2205
"17468",9,3,194.80,"2010-11-29 17:25:00","2011-11-29 15:33:00","Non-Cohort",4542
"14390",9,13,6079.48,"2010-10-10 14:30:00","2011-11-29 13:49:00","Non-Cohort",1813
"14235",9,9,4666.99,"2010-03-30 13:36:00","2011-11-29 13:26:00","Non-Cohort",1682
"14893",9,3,1785.01,"2010-04-01 09:03:00","2011-11-30 12:31:00","Non-Cohort",2267
"15611",9,24,2837.37,"2010-01-25 14:50:00","2011-11-30 12:36:00","Non-Cohort",2905
"15239",9,2,764.34,"2011-09-22 09:53:00","2011-11-29 14:14:00","Non-Cohort",2576
"16549",9,34,12759.25,"2009-12-03 17:59:00","2011-11-29 15:06:00","Non-Cohort",3747
"15615",9,47,21282.07,"2009-12-02 15:28:00","2011-11-29 14:42:00","Non-Cohort",2909
"14088",9,16,63731.63,"2010-10-14 19:46:00","2011-11-29 16:16:00","Non-Cohort",1550
"15394",9,11,5251.40,"2009-12-15 19:05:00","2011-11-30 11:49:00","Non-Cohort",2712
"13784",9,14,2897.18,"2010-09-15 12:27:00","2011-11-30 09:33:00","Non-Cohort",1282
"16115",9,12,2553.80,"2010-05-14 11:59:00","2011-11-30 11:32:00","Non-Cohort",3359
"16782",9,38,9552.62,"2009-12-09 11:58:00","2011-11-29 13:20:00","Non-Cohort",3948
"16062",9,8,2863.45,"2010-06-21 13:32:00","2011-11-30 12:15:00","Non-Cohort",3311
"15113",9,3,3339.12,"2011-10-16 15:27:00","2011-11-30 08:23:00","Non-Cohort",2467
"14723",9,11,1801.36,"2009-12-04 11:22:00","2011-11-29 15:23:00","Non-Cohort",2114
"17101",9,7,2507.05,"2010-06-07 15:12:00","2011-11-29 13:57:00","Non-Cohort",4230
"15152",9,14,5202.38,"2010-01-07 15:15:00","2011-11-30 12:32:00","Non-Cohort",2503
"14540",9,11,3699.74,"2009-12-07 13:00:00","2011-11-30 10:15:00","Non-Cohort",1949
"14785",9,2,77.40,"2011-11-24 13:40:00","2011-11-29 13:21:00","Non-Cohort",2171
"14432",9,6,2248.50,"2011-09-11 14:09:00","2011-11-30 08:04:00","Non-Cohort",1849
"15073",9,8,2357.04,"2010-01-27 08:48:00","2011-11-30 10:44:00","Non-Cohort",2428
"15089",9,6,2420.84,"2011-08-03 14:14:00","2011-11-29 16:31:00","Non-Cohort",2443
"13198",9,8,4912.28,"2010-10-01 13:27:00","2011-11-29 15:17:00","Non-Cohort",767
"17682",9,11,4050.28,"2010-03-08 09:49:00","2011-11-29 15:59:00","Non-Cohort",4737
"12494",9,9,1451.92,"2010-05-12 13:52:00","2011-11-30 09:21:00","Non-Cohort",135
"14349",9,1,133.50,"2011-11-29 15:39:00","2011-11-29 15:39:00","Non-Cohort",1778
"16295",9,4,1328.55,"2011-10-06 10:45:00","2011-11-30 08:17:00","Non-Cohort",3514
"13647",9,8,3033.78,"2010-04-15 12:55:00","2011-11-30 12:00:00","Non-Cohort",1161
"14062",9,24,25416.28,"2009-12-10 14:28:00","2011-11-30 10:04:00","Non-Cohort",1526
"15790",9,1,218.75,"2011-11-29 14:53:00","2011-11-29 14:53:00","Non-Cohort",3072
"12630",9,2,1030.88,"2011-10-27 10:41:00","2011-11-30 10:48:00","Non-Cohort",259
"15782",9,4,3985.65,"2009-12-17 17:50:00","2011-11-30 10:49:00","Non-Cohort",3065
"16479",9,2,300.83,"2011-11-29 13:04:00","2011-11-29 13:40:00","Non-Cohort",3684
"16361",9,4,891.21,"2011-09-29 13:13:00","2011-11-30 12:32:00","Non-Cohort",3575
"15414",9,3,774.90,"2011-04-11 13:45:00","2011-11-30 09:50:00","Non-Cohort",2731
"18058",9,3,774.06,"2010-02-10 09:38:00","2011-11-30 08:38:00","Non-Cohort",5044
"15039",9,93,38853.04,"2009-12-10 11:39:00","2011-11-30 11:31:00","Non-Cohort",2396
"14836",9,3,102.45,"2011-11-09 13:26:00","2011-11-29 16:45:00","Non-Cohort",2215
"15540",10,2,460.68,"2010-11-29 11:10:00","2011-11-28 13:51:00","Non-Cohort",2840
"14125",10,3,2720.63,"2011-09-22 15:40:00","2011-11-29 12:47:00","Non-Cohort",1584
"14480",10,4,1295.27,"2009-12-21 16:32:00","2011-11-28 16:35:00","Non-Cohort",1892
"17019",10,11,3526.29,"2009-12-02 10:34:00","2011-11-28 13:06:00","Non-Cohort",4152
"17359",10,2,284.46,"2010-03-01 14:48:00","2011-11-28 14:37:00","Non-Cohort",4448
"17237",10,4,994.13,"2010-11-23 11:45:00","2011-11-28 15:02:00","Non-Cohort",4350
"14290",10,8,4221.43,"2009-12-08 11:44:00","2011-11-28 14:02:00","Non-Cohort",1729
"18118",10,29,6155.47,"2010-11-23 13:36:00","2011-11-29 11:32:00","Non-Cohort",5096
"14209",10,15,4937.37,"2009-12-07 17:52:00","2011-11-29 10:18:00","Non-Cohort",1657
"13844",10,1,361.62,"2011-11-28 13:21:00","2011-11-28 13:21:00","Non-Cohort",1333
"17306",10,21,9751.77,"2010-11-01 11:38:00","2011-11-29 12:14:00","Non-Cohort",4406
"17772",10,3,360.75,"2010-11-12 11:31:00","2011-11-29 11:05:00","Non-Cohort",4810
"13590",10,18,6284.74,"2009-12-01 13:37:00","2011-11-28 12:54:00","Non-Cohort",1109
"12727",10,10,4890.53,"2010-02-23 09:54:00","2011-11-29 11:46:00","Non-Cohort",349
"14866",10,17,20507.59,"2010-09-21 15:14:00","2011-11-29 11:45:00","Non-Cohort",2241
"16168",10,66,10279.02,"2009-12-03 12:38:00","2011-11-29 12:45:00","Non-Cohort",3403
"16347",10,11,3415.56,"2010-03-12 12:41:00","2011-11-28 13:14:00","Non-Cohort",3562
"15601",10,30,14150.84,"2009-12-01 14:53:00","2011-11-28 15:15:00","Non-Cohort",2895
"16744",10,7,1291.91,"2011-06-19 15:13:00","2011-11-28 13:06:00","Non-Cohort",3914
"14511",10,5,1267.41,"2011-07-29 12:13:00","2011-11-28 17:05:00","Non-Cohort",1921
"13657",10,2,382.14,"2011-05-22 12:35:00","2011-11-29 12:32:00","Non-Cohort",1170
"14550",10,4,1345.06,"2010-08-13 12:05:00","2011-11-29 12:12:00","Non-Cohort",1959
"14321",10,7,2198.58,"2010-08-23 12:56:00","2011-11-29 09:47:00","Non-Cohort",1753
"17711",10,2,385.10,"2011-02-23 11:32:00","2011-11-29 11:40:00","Non-Cohort",4760
"16818",10,11,3317.97,"2011-05-18 11:42:00","2011-11-29 10:41:00","Non-Cohort",3978
"13238",10,6,986.73,"2010-04-28 15:02:00","2011-11-28 15:30:00","Non-Cohort",801
"13467",10,2,1071.91,"2011-11-03 16:56:00","2011-11-29 10:01:00","Non-Cohort",1000
"15148",10,1,301.29,"2011-11-29 08:21:00","2011-11-29 08:21:00","Non-Cohort",2500
"13137",10,16,7586.94,"2010-07-25 15:40:00","2011-11-29 12:09:00","Non-Cohort",712
"14667",10,54,20153.04,"2009-12-02 12:38:00","2011-11-29 11:30:00","Non-Cohort",2062
"13928",10,4,464.57,"2011-07-29 15:59:00","2011-11-29 10:33:00","Non-Cohort",1405
"17655",10,9,2909.18,"2010-10-19 10:20:00","2011-11-29 11:34:00","Non-Cohort",4710
"14173",10,6,566.95,"2009-12-09 12:46:00","2011-11-29 11:54:00","Non-Cohort",1627
"15783",10,1,246.30,"2011-11-29 09:50:00","2011-11-29 09:50:00","Non-Cohort",3066
"17806",10,1,546.04,"2011-11-28 14:12:00","2011-11-28 14:12:00","Non-Cohort",4840
"13196",10,7,3059.64,"2010-04-01 12:54:00","2011-11-28 13:54:00","Non-Cohort",765
"13429",10,4,1006.80,"2011-09-25 15:59:00","2011-11-29 09:10:00","Non-Cohort",966
"16992",10,13,5460.10,"2010-02-11 12:36:00","2011-11-29 11:50:00","Non-Cohort",4130
"14180",10,33,5909.00,"2010-06-09 14:56:00","2011-11-29 10:56:00","Non-Cohort",1634
"17523",10,4,652.74,"2011-11-20 13:40:00","2011-11-28 13:20:00","Non-Cohort",4591
"17419",10,18,6100.65,"2010-01-25 13:19:00","2011-11-28 13:47:00","Non-Cohort",4500
"15619",10,1,336.40,"2011-11-29 08:14:00","2011-11-29 08:14:00","Non-Cohort",2912
"14419",10,7,1254.64,"2010-11-22 11:09:00","2011-11-29 11:22:00","Non-Cohort",1837
"15218",10,22,11393.26,"2010-01-26 10:47:00","2011-11-29 11:48:00","Non-Cohort",2558
"12451",10,8,12506.53,"2010-06-28 12:58:00","2011-11-29 08:40:00","Non-Cohort",94
"13188",10,1,114.60,"2011-11-28 15:28:00","2011-11-28 15:28:00","Non-Cohort",758
"13496",10,2,617.93,"2010-12-15 10:17:00","2011-11-29 10:58:00","Non-Cohort",1028
"14408",10,11,4102.27,"2009-12-07 12:18:00","2011-11-29 11:41:00","Non-Cohort",1828
"12654",10,5,529.98,"2011-02-17 13:16:00","2011-11-29 10:10:00","Non-Cohort",282
"13389",10,3,797.96,"2011-04-21 12:12:00","2011-11-28 14:01:00","Non-Cohort",928
"17188",10,13,4361.83,"2009-12-08 19:16:00","2011-11-28 13:53:00","Non-Cohort",4306
"12657",10,4,1008.06,"2011-09-22 11:40:00","2011-11-28 15:47:00","Non-Cohort",284
"14961",10,22,16328.90,"2009-12-04 11:32:00","2011-11-29 09:42:00","Non-Cohort",2324
"14701",10,15,4423.96,"2010-01-24 12:15:00","2011-11-29 12:38:00","Non-Cohort",2094
"16800",10,1,1162.65,"2011-11-28 14:06:00","2011-11-28 14:06:00","Non-Cohort",3961
"15838",10,34,72738.93,"2009-12-15 09:51:00","2011-11-28 14:00:00","Non-Cohort",3116
"14452",10,4,658.95,"2010-07-06 13:13:00","2011-11-29 12:06:00","Non-Cohort",1868
"13349",10,1,197.32,"2011-11-29 08:07:00","2011-11-29 08:07:00","Non-Cohort",896
"17929",10,12,3073.60,"2009-12-09 11:40:00","2011-11-28 16:01:00","Non-Cohort",4942
"17658",10,2,485.88,"2011-05-12 15:23:00","2011-11-29 11:47:00","Non-Cohort",4713
"13030",10,2,752.44,"2010-12-06 14:31:00","2011-11-28 14:30:00","Non-Cohort",615
"14597",10,6,2184.63,"2010-09-28 13:17:00","2011-11-28 13:13:00","Non-Cohort",2000
"13266",10,19,5965.30,"2009-12-17 10:52:00","2011-11-28 14:39:00","Non-Cohort",824
"12627",10,6,4082.53,"2011-07-22 13:59:00","2011-11-29 12:07:00","Non-Cohort",257
"12660",10,1,227.10,"2011-11-28 13:26:00","2011-11-28 13:26:00","Non-Cohort",287
"14901",10,12,1912.70,"2010-07-29 11:11:00","2011-11-28 17:09:00","Non-Cohort",2274
"18101",10,5,622.01,"2010-02-03 13:52:00","2011-11-28 13:37:00","Non-Cohort",5080
"13950",10,4,728.56,"2011-04-07 11:29:00","2011-11-28 14:44:00","Non-Cohort",1425
"14601",10,1,213.96,"2011-11-29 09:48:00","2011-11-29 09:48:00","Non-Cohort",2003
"17379",10,1,389.72,"2011-11-28 13:56:00","2011-11-28 13:56:00","Non-Cohort",4465
"15351",11,10,3320.50,"2010-10-03 12:18:00","2011-11-27 12:52:00","Non-Cohort",2676
"15555",11,36,10866.36,"2009-12-06 11:58:00","2011-11-27 16:19:00","Non-Cohort",2855
"18112",11,4,773.36,"2010-06-06 12:40:00","2011-11-27 14:43:00","Non-Cohort",5091
"17031",11,6,2773.85,"2010-05-07 14:52:00","2011-11-28 10:23:00","Non-Cohort",4163
"15436",11,3,1067.75,"2011-04-19 16:52:00","2011-11-27 16:05:00","Non-Cohort",2751
"15861",11,12,4177.10,"2010-01-28 19:41:00","2011-11-27 15:59:00","Non-Cohort",3136
"15009",11,3,1259.43,"2011-11-14 17:40:00","2011-11-27 13:35:00","Non-Cohort",2369
"17739",11,18,7718.14,"2009-12-07 10:48:00","2011-11-28 09:12:00","Non-Cohort",4784
"12427",11,3,582.37,"2010-12-03 10:44:00","2011-11-28 10:48:00","Non-Cohort",71
"18041",11,38,7936.04,"2010-01-14 10:04:00","2011-11-28 11:39:00","Non-Cohort",5031
"15022",11,5,1133.44,"2010-01-31 16:02:00","2011-11-28 12:35:00","Non-Cohort",2380
"13418",11,31,11242.22,"2009-12-11 12:51:00","2011-11-28 10:23:00","Non-Cohort",955
"15571",11,14,3892.35,"2009-12-06 12:10:00","2011-11-28 10:02:00","Non-Cohort",2868
"12674",11,4,1796.26,"2011-05-16 09:10:00","2011-11-28 12:22:00","Non-Cohort",300
"15561",11,8,1856.54,"2010-02-14 12:22:00","2011-11-28 11:07:00","Non-Cohort",2860
"16094",11,11,3599.16,"2009-12-11 13:33:00","2011-11-28 12:45:00","Non-Cohort",3338
"14215",11,9,3238.53,"2009-12-08 09:35:00","2011-11-28 12:19:00","Non-Cohort",1662
"16923",11,32,12572.15,"2010-01-31 11:14:00","2011-11-27 13:00:00","Non-Cohort",4071
"18001",11,6,924.14,"2009-12-02 15:38:00","2011-11-27 16:02:00","Non-Cohort",5000
"16005",11,10,2332.62,"2010-09-15 13:21:00","2011-11-27 13:47:00","Non-Cohort",3259
"13258",11,5,1009.43,"2010-11-04 12:45:00","2011-11-28 09:31:00","Non-Cohort",816
"13546",11,5,1086.24,"2010-10-11 17:23:00","2011-11-27 14:50:00","Non-Cohort",1073
"15514",11,18,5272.01,"2009-12-04 16:37:00","2011-11-27 14:40:00","Non-Cohort",2817
"16900",11,3,869.20,"2011-10-07 13:17:00","2011-11-28 10:50:00","Non-Cohort",4049
"18096",11,6,1638.16,"2010-07-14 14:30:00","2011-11-28 12:44:00","Non-Cohort",5076
"16024",11,3,478.71,"2010-10-24 11:40:00","2011-11-27 13:26:00","Non-Cohort",3277
"14954",11,2,462.12,"2010-01-05 16:38:00","2011-11-27 14:30:00","Non-Cohort",2318
"16877",11,6,846.62,"2011-05-15 16:13:00","2011-11-27 13:47:00","Non-Cohort",4029
"17068",11,47,8945.53,"2010-03-28 14:26:00","2011-11-27 13:14:00","Non-Cohort",4199
"14741",11,7,1713.09,"2010-10-18 09:33:00","2011-11-28 08:48:00","Non-Cohort",2129
"13758",11,14,8544.29,"2009-12-01 10:06:00","2011-11-28 11:11:00","Non-Cohort",1259
"13610",11,14,2070.71,"2010-01-05 14:12:00","2011-11-27 15:38:00","Non-Cohort",1127
"17411",11,5,1316.53,"2009-12-03 12:02:00","2011-11-27 14:25:00","Non-Cohort",4493
"15054",11,2,302.10,"2011-10-30 14:33:00","2011-11-27 15:02:00","Non-Cohort",2411
"12906",11,5,2919.81,"2011-09-22 15:03:00","2011-11-28 09:55:00","Non-Cohort",507
"13991",11,6,846.54,"2011-07-19 12:58:00","2011-11-27 16:18:00","Non-Cohort",1457
"17299",11,6,993.23,"2010-08-15 16:00:00","2011-11-28 12:01:00","Non-Cohort",4401
"17231",11,25,6958.83,"2009-12-07 16:38:00","2011-11-27 15:18:00","Non-Cohort",4344
"15511",11,5,900.53,"2011-09-15 15:05:00","2011-11-28 09:43:00","Non-Cohort",2814
"14470",11,3,712.04,"2010-10-05 12:39:00","2011-11-28 10:31:00","Non-Cohort",1883
"15987",11,8,1535.99,"2010-11-25 12:56:00","2011-11-27 15:38:00","Non-Cohort",3244
"16364",11,2,705.79,"2011-07-25 14:35:00","2011-11-28 11:27:00","Non-Cohort",3578
"15714",11,5,783.96,"2010-06-02 12:08:00","2011-11-28 11:26:00","Non-Cohort",3002
"17852",11,5,657.81,"2009-12-08 12:51:00","2011-11-28 12:36:00","Non-Cohort",4876
"14093",11,1,433.86,"2011-11-27 16:27:00","2011-11-27 16:27:00","Non-Cohort",1555
"17885",11,1,156.34,"2011-11-27 14:40:00","2011-11-27 14:40:00","Non-Cohort",4901
"17651",11,16,5635.05,"2010-07-01 12:17:00","2011-11-28 10:29:00","Non-Cohort",4706
"17595",11,2,386.69,"2011-11-02 16:19:00","2011-11-27 16:08:00","Non-Cohort",4654
"17988",11,13,475.74,"2009-12-07 13:35:00","2011-11-28 11:00:00","Non-Cohort",4991
"15721",11,1,471.40,"2011-11-28 12:14:00","2011-11-28 12:14:00","Non-Cohort",3009
"13004",11,36,11143.99,"2009-12-15 09:44:00","2011-11-28 11:27:00","Non-Cohort",592
"18229",11,28,10150.51,"2009-12-03 14:42:00","2011-11-28 09:48:00","Non-Cohort",5203
"14577",12,7,1364.15,"2009-12-11 12:09:00","2011-11-27 12:47:00","Non-Cohort",1982
"13571",12,26,4537.26,"2009-12-08 13:02:00","2011-11-27 10:47:00","Non-Cohort",1094
"15747",12,9,2497.86,"2010-01-18 11:21:00","2011-11-27 12:26:00","Non-Cohort",3032
"17769",12,17,6944.96,"2010-01-19 11:33:00","2011-11-27 11:18:00","Non-Cohort",4807
"18156",12,2,675.64,"2010-12-05 12:29:00","2011-11-27 12:24:00","Non-Cohort",5132
"13064",12,6,1666.84,"2010-04-27 10:08:00","2011-11-27 12:31:00","Non-Cohort",646
"16942",12,9,1878.51,"2011-04-26 11:59:00","2011-11-27 12:40:00","Non-Cohort",4088
"16983",12,11,3479.48,"2010-09-19 12:38:00","2011-11-27 12:10:00","Non-Cohort",4122
"14859",12,5,1703.94,"2010-06-03 10:26:00","2011-11-27 11:18:00","Non-Cohort",2234
"13232",12,7,1327.75,"2011-04-10 13:48:00","2011-11-27 10:39:00","Non-Cohort",796
"14878",12,25,3807.10,"2010-02-21 11:14:00","2011-11-27 11:15:00","Non-Cohort",2252
"17812",12,7,911.99,"2010-06-27 13:34:00","2011-11-27 11:47:00","Non-Cohort",4845
"17365",12,15,8160.30,"2010-02-01 10:22:00","2011-11-27 12:13:00","Non-Cohort",4453
"13782",12,13,1778.13,"2009-12-06 12:52:00","2011-11-27 11:54:00","Non-Cohort",1280
"18145",12,11,5592.04,"2009-12-08 12:30:00","2011-11-27 11:22:00","Non-Cohort",5121
"16407",12,14,2761.65,"2010-10-03 13:56:00","2011-11-27 11:05:00","Non-Cohort",3617
"17864",12,5,876.57,"2010-10-08 11:49:00","2011-11-27 11:15:00","Non-Cohort",4885
"17236",12,12,1929.26,"2010-03-07 13:00:00","2011-11-27 12:00:00","Non-Cohort",4349
"13149",13,4,1676.06,"2011-02-23 13:57:00","2011-11-25 13:09:00","Non-Cohort",724
"14710",13,13,1899.79,"2009-12-03 17:12:00","2011-11-25 14:53:00","Non-Cohort",2103
"15473",13,8,1740.00,"2010-09-21 09:14:00","2011-11-25 15:15:00","Non-Cohort",2782
"14946",13,1,100.90,"2011-11-25 13:33:00","2011-11-25 13:33:00","Non-Cohort",2310
"16327",13,16,10103.22,"2009-12-14 13:06:00","2011-11-25 13:23:00","Non-Cohort",3544
"17562",13,7,1107.38,"2011-06-19 13:06:00","2011-11-25 14:21:00","Non-Cohort",4622
"15186",13,5,1403.20,"2010-01-12 10:14:00","2011-11-25 14:58:00","Non-Cohort",2529
"12438",13,2,2466.85,"2011-07-22 13:29:00","2011-11-25 13:28:00","Non-Cohort",82
"17557",13,4,575.46,"2009-12-07 10:15:00","2011-11-25 12:57:00","Non-Cohort",4618
"13048",13,9,4000.08,"2010-01-27 12:55:00","2011-11-25 13:23:00","Non-Cohort",631
"14111",13,4,688.60,"2011-04-12 11:36:00","2011-11-25 13:44:00","Non-Cohort",1572
"16814",13,36,11906.45,"2010-04-11 12:45:00","2011-11-25 13:27:00","Non-Cohort",3974
"13332",13,1,350.90,"2011-11-25 13:30:00","2011-11-25 13:30:00","Non-Cohort",881
"13437",13,7,3408.06,"2011-06-02 14:30:00","2011-11-25 14:00:00","Non-Cohort",974
"17813",13,5,1641.79,"2011-09-29 15:57:00","2011-11-25 16:13:00","Non-Cohort",4846
"17329",13,5,998.53,"2009-12-03 16:09:00","2011-11-25 14:24:00","Non-Cohort",4422
"15428",14,4,762.75,"2009-12-17 17:46:00","2011-11-24 16:54:00","Non-Cohort",2743
"15872",14,4,729.25,"2010-06-07 14:53:00","2011-11-25 11:55:00","Non-Cohort",3147
"17345",14,10,1466.33,"2009-12-01 15:34:00","2011-11-24 15:03:00","Non-Cohort",4435
"14591",14,4,1320.21,"2011-05-10 14:09:00","2011-11-24 13:57:00","Non-Cohort",1994
"16856",14,3,358.49,"2010-09-23 13:11:00","2011-11-25 08:59:00","Non-Cohort",4013
"16719",14,14,3363.87,"2009-12-13 10:59:00","2011-11-25 09:27:00","Non-Cohort",3892
"15134",14,10,1596.29,"2010-10-13 12:44:00","2011-11-25 08:55:00","Non-Cohort",2487
"15117",14,8,2484.32,"2010-03-15 13:39:00","2011-11-25 08:12:00","Non-Cohort",2471
"17323",14,12,1535.56,"2010-01-10 11:58:00","2011-11-24 17:29:00","Non-Cohort",4418
"13719",14,11,2782.10,"2010-05-17 14:36:00","2011-11-24 15:26:00","Non-Cohort",1224
"18172",14,52,17289.23,"2009-12-11 09:58:00","2011-11-25 11:12:00","Non-Cohort",5148
"17302",14,5,1119.93,"2011-02-07 10:14:00","2011-11-25 09:36:00","Non-Cohort",4403
"12620",14,3,1303.41,"2011-05-19 12:10:00","2011-11-25 10:20:00","Non-Cohort",250
"13184",14,10,1615.45,"2011-02-22 17:25:00","2011-11-25 12:02:00","Non-Cohort",754
"16885",14,4,683.35,"2010-11-19 12:51:00","2011-11-24 13:40:00","Non-Cohort",4036
"17348",14,9,2430.99,"2010-03-10 12:13:00","2011-11-25 11:25:00","Non-Cohort",4438
"12937",14,9,3097.61,"2009-12-03 15:43:00","2011-11-24 15:05:00","Non-Cohort",533
"13525",14,2,628.78,"2011-04-05 15:36:00","2011-11-25 12:01:00","Non-Cohort",1057
"17624",14,4,1568.63,"2009-12-20 12:35:00","2011-11-25 10:52:00","Non-Cohort",4681
"12531",14,2,1737.05,"2010-01-22 14:17:00","2011-11-25 11:12:00","Non-Cohort",169
"13589",14,6,1120.74,"2009-12-06 10:26:00","2011-11-25 12:10:00","Non-Cohort",1108
"16566",14,5,614.01,"2011-02-20 10:29:00","2011-11-24 16:34:00","Non-Cohort",3762
"14756",14,3,2563.46,"2010-10-11 11:50:00","2011-11-24 18:13:00","Non-Cohort",2143
"16609",14,7,5450.96,"2011-04-01 10:11:00","2011-11-24 13:32:00","Non-Cohort",3797
"18188",14,6,3263.19,"2010-03-26 11:37:00","2011-11-24 16:46:00","Non-Cohort",5163
"15953",14,18,3295.49,"2009-12-03 14:00:00","2011-11-24 15:32:00","Non-Cohort",3213
"17458",14,2,529.58,"2010-11-23 11:43:00","2011-11-24 13:01:00","Non-Cohort",4533
"17767",14,2,413.05,"2010-10-25 16:22:00","2011-11-24 14:42:00","Non-Cohort",4805
"12705",14,13,10906.00,"2009-12-03 10:26:00","2011-11-24 13:17:00","Non-Cohort",329
"16668",14,13,862.42,"2010-03-18 18:25:00","2011-11-24 17:43:00","Non-Cohort",3850
"17975",14,24,6591.88,"2010-08-06 11:24:00","2011-11-24 13:27:00","Non-Cohort",4982
"18184",14,1,49.80,"2011-11-24 15:28:00","2011-11-24 15:28:00","Non-Cohort",5159
"15725",14,1,415.25,"2011-11-24 14:51:00","2011-11-24 14:51:00","Non-Cohort",3012
"15382",14,12,13646.50,"2009-12-04 14:13:00","2011-11-25 10:58:00","Non-Cohort",2702
"14709",14,25,8866.48,"2009-12-05 15:26:00","2011-11-24 15:41:00","Non-Cohort",2102
"14277",14,8,3959.82,"2009-12-03 17:52:00","2011-11-24 15:01:00","Non-Cohort",1718
"17385",14,1,256.11,"2011-11-25 11:02:00","2011-11-25 11:02:00","Non-Cohort",4471
"17247",14,1,280.09,"2011-11-24 15:21:00","2011-11-24 15:21:00","Non-Cohort",4359
"14703",14,1,318.17,"2011-11-25 09:23:00","2011-11-25 09:23:00","Non-Cohort",2096
"13995",14,14,3836.26,"2009-12-18 12:43:00","2011-11-24 14:22:00","Non-Cohort",1461
"16616",14,2,500.42,"2011-07-05 13:38:00","2011-11-24 16:31:00","Non-Cohort",3804
"13978",14,2,196.79,"2011-10-25 15:04:00","2011-11-25 11:36:00","Non-Cohort",1446
"12784",14,2,1511.15,"2010-06-28 13:06:00","2011-11-24 12:53:00","Non-Cohort",402
"14805",14,7,1082.55,"2010-03-28 12:34:00","2011-11-24 16:20:00","Non-Cohort",2190
"14966",14,6,1064.26,"2009-12-15 13:48:00","2011-11-25 12:20:00","Non-Cohort",2329
"13579",14,5,1371.14,"2010-02-18 13:53:00","2011-11-25 08:41:00","Non-Cohort",1100
"17516",14,6,947.50,"2010-11-26 12:50:00","2011-11-24 16:51:00","Non-Cohort",4584
"12681",14,44,26679.24,"2009-12-13 13:31:00","2011-11-25 11:33:00","Non-Cohort",307
"13207",14,4,535.86,"2010-04-06 16:37:00","2011-11-24 14:52:00","Non-Cohort",774
"15737",14,8,1121.21,"2011-04-11 10:01:00","2011-11-25 11:21:00","Non-Cohort",3022
"17422",15,11,3341.65,"2010-06-23 10:19:00","2011-11-23 13:27:00","Non-Cohort",4502
"15858",15,13,3509.91,"2009-12-10 11:42:00","2011-11-24 12:48:00","Non-Cohort",3133
"16482",15,1,220.62,"2011-11-24 12:33:00","2011-11-24 12:33:00","Non-Cohort",3687
"12388",15,8,3901.11,"2010-05-06 12:54:00","2011-11-24 12:30:00","Non-Cohort",37
"16824",15,3,686.24,"2010-11-11 12:21:00","2011-11-24 12:38:00","Non-Cohort",3983
"14987",15,8,1469.05,"2009-12-02 14:56:00","2011-11-24 09:59:00","Non-Cohort",2349
"15270",15,21,7241.19,"2009-12-17 15:02:00","2011-11-24 09:24:00","Non-Cohort",2605
"14335",15,2,454.86,"2011-09-04 13:07:00","2011-11-23 13:41:00","Non-Cohort",1765
"14744",15,14,3648.63,"2010-05-18 14:06:00","2011-11-23 12:51:00","Non-Cohort",2132
"12757",15,9,4161.75,"2011-05-12 19:01:00","2011-11-24 12:30:00","Non-Cohort",376
"17463",15,7,2515.26,"2010-04-29 17:57:00","2011-11-23 13:40:00","Non-Cohort",4538
"13139",15,8,8193.83,"2010-09-28 09:12:00","2011-11-23 13:54:00","Non-Cohort",714
"13899",15,2,388.52,"2011-03-10 09:30:00","2011-11-23 13:40:00","Non-Cohort",1384
"15743",15,4,775.96,"2011-06-08 10:14:00","2011-11-23 17:19:00","Non-Cohort",3028
"17671",15,5,1720.53,"2010-11-29 11:53:00","2011-11-24 12:21:00","Non-Cohort",4726
"16271",15,8,3361.87,"2010-03-07 12:03:00","2011-11-24 12:12:00","Non-Cohort",3492
"16173",15,6,1406.57,"2011-09-02 15:23:00","2011-11-24 10:53:00","Non-Cohort",3408
"13588",15,9,2449.53,"2011-03-29 15:53:00","2011-11-24 10:42:00","Non-Cohort",1107
"15916",15,13,3014.04,"2009-12-10 15:01:00","2011-11-23 13:46:00","Non-Cohort",3181
"15005",15,56,13410.90,"2009-12-01 13:20:00","2011-11-24 12:25:00","Non-Cohort",2365
"16343",15,3,614.12,"2010-10-28 14:15:00","2011-11-23 17:45:00","Non-Cohort",3559
"16660",15,7,1422.35,"2010-01-14 11:09:00","2011-11-23 14:53:00","Non-Cohort",3844
"15594",15,5,1767.53,"2011-04-19 10:08:00","2011-11-24 08:53:00","Non-Cohort",2888
"12619",15,9,3048.95,"2010-05-28 12:52:00","2011-11-23 14:52:00","Non-Cohort",249
"17469",15,17,4958.34,"2009-12-16 15:06:00","2011-11-23 13:15:00","Non-Cohort",4543
"14675",15,2,1015.58,"2010-11-16 12:22:00","2011-11-23 12:58:00","Non-Cohort",2070
"13831",15,18,6571.14,"2009-12-10 14:50:00","2011-11-23 15:41:00","Non-Cohort",1323
"14410",15,11,2119.08,"2010-09-28 15:46:00","2011-11-24 11:16:00","Non-Cohort",1830
"16653",15,2,1166.92,"2011-09-29 13:38:00","2011-11-23 14:51:00","Non-Cohort",3838
"17410",15,5,1214.72,"2011-05-08 15:21:00","2011-11-23 15:46:00","Non-Cohort",4492
"15393",15,5,891.34,"2009-12-15 17:56:00","2011-11-23 16:48:00","Non-Cohort",2711
"12421",15,6,869.60,"2010-07-22 13:57:00","2011-11-24 09:07:00","Non-Cohort",65
"12557",15,8,18096.14,"2009-12-17 10:39:00","2011-11-23 16:59:00","Non-Cohort",192
"16189",15,2,215.48,"2011-09-15 15:21:00","2011-11-24 11:47:00","Non-Cohort",3423
"15034",15,14,8200.25,"2010-05-11 13:30:00","2011-11-24 12:11:00","Non-Cohort",2392
"13277",15,7,523.30,"2010-06-18 08:45:00","2011-11-24 09:21:00","Non-Cohort",832
"15502",15,12,8076.45,"2010-06-03 11:12:00","2011-11-24 12:48:00","Non-Cohort",2807
"17228",15,13,2820.03,"2010-03-12 11:54:00","2011-11-24 10:24:00","Non-Cohort",4341
"17133",15,12,12972.09,"2010-03-21 12:31:00","2011-11-24 12:27:00","Non-Cohort",4258
"14607",15,20,17226.23,"2009-12-15 11:25:00","2011-11-24 10:35:00","Non-Cohort",2008
"13174",15,11,7972.46,"2009-12-04 15:40:00","2011-11-23 14:35:00","Non-Cohort",745
"15482",15,18,9891.12,"2009-12-02 16:59:00","2011-11-24 10:46:00","Non-Cohort",2789
"15632",15,8,3147.31,"2011-03-10 08:29:00","2011-11-24 09:51:00","Non-Cohort",2925
"17135",15,10,1705.46,"2010-05-09 16:03:00","2011-11-23 16:48:00","Non-Cohort",4260
"18084",15,3,176.03,"2010-11-16 08:09:00","2011-11-23 13:57:00","Non-Cohort",5065
"15398",15,2,1339.63,"2011-09-22 14:56:00","2011-11-23 16:47:00","Non-Cohort",2716
"15253",15,8,2033.29,"2010-05-02 11:17:00","2011-11-23 16:22:00","Non-Cohort",2588
"12395",15,15,4220.82,"2010-04-16 10:16:00","2011-11-24 12:20:00","Non-Cohort",43
"12948",15,9,2306.18,"2009-12-02 12:28:00","2011-11-23 17:10:00","Non-Cohort",544
"17139",15,25,19473.91,"2010-01-11 11:31:00","2011-11-24 10:12:00","Non-Cohort",4263
"13350",15,2,810.72,"2011-09-21 13:33:00","2011-11-23 16:33:00","Non-Cohort",897
"16596",15,4,458.98,"2009-12-10 13:09:00","2011-11-24 10:02:00","Non-Cohort",3786
"14539",15,2,537.48,"2011-10-26 12:03:00","2011-11-24 09:50:00","Non-Cohort",1948
"13018",15,35,9742.81,"2010-03-01 12:34:00","2011-11-23 13:28:00","Non-Cohort",604
"17809",15,20,10014.58,"2009-12-02 14:52:00","2011-11-23 13:00:00","Non-Cohort",4842
"17725",15,11,3371.13,"2011-03-17 19:47:00","2011-11-23 16:34:00","Non-Cohort",4772
"16157",15,3,644.24,"2011-09-28 11:48:00","2011-11-24 11:41:00","Non-Cohort",3393
"14640",15,10,3446.33,"2010-01-22 15:44:00","2011-11-24 11:00:00","Non-Cohort",2036
"17034",15,5,1231.82,"2010-07-14 12:55:00","2011-11-23 15:14:00","Non-Cohort",4166
"14099",15,20,5685.71,"2009-12-10 11:55:00","2011-11-23 13:53:00","Non-Cohort",1561
"13638",15,1,122.64,"2011-11-24 10:38:00","2011-11-24 10:38:00","Non-Cohort",1153
"16722",16,22,8168.31,"2009-12-03 19:23:00","2011-11-22 13:28:00","Non-Cohort",3895
"14912",16,5,1829.78,"2010-04-28 09:41:00","2011-11-23 09:20:00","Non-Cohort",2284
"17500",16,3,1138.00,"2011-11-10 09:08:00","2011-11-22 14:25:00","Non-Cohort",4568
"12452",16,1,348.57,"2011-11-23 08:05:00","2011-11-23 08:05:00","Non-Cohort",95
"14049",16,13,12848.40,"2010-04-01 14:52:00","2011-11-23 12:20:00","Non-Cohort",1513
"17759",16,5,1260.63,"2010-05-05 11:40:00","2011-11-22 16:02:00","Non-Cohort",4798
"13488",16,23,14131.81,"2010-01-25 10:13:00","2011-11-22 14:41:00","Non-Cohort",1020
"12936",16,4,1012.90,"2011-09-22 13:51:00","2011-11-22 17:32:00","Non-Cohort",532
"15634",16,2,554.65,"2010-11-21 15:30:00","2011-11-22 16:28:00","Non-Cohort",2927
"14768",16,2,139.50,"2011-08-04 13:25:00","2011-11-22 12:54:00","Non-Cohort",2155
"16185",16,3,644.72,"2010-05-24 11:04:00","2011-11-23 09:41:00","Non-Cohort",3419
"12656",16,8,5636.78,"2010-05-26 09:00:00","2011-11-22 13:42:00","Non-Cohort",283
"16670",16,20,7786.66,"2009-12-10 15:28:00","2011-11-23 09:34:00","Non-Cohort",3852
"13650",16,10,3098.50,"2010-01-26 08:44:00","2011-11-23 12:22:00","Non-Cohort",1163
"14020",16,4,1213.26,"2010-06-28 15:29:00","2011-11-23 09:22:00","Non-Cohort",1484
"17338",16,17,11777.49,"2010-03-10 16:09:00","2011-11-22 14:23:00","Non-Cohort",4430
"15949",16,2,364.72,"2011-09-29 17:34:00","2011-11-23 09:09:00","Non-Cohort",3209
"14790",16,10,2526.62,"2009-12-11 14:37:00","2011-11-23 09:28:00","Non-Cohort",2176
"14334",16,12,4292.98,"2010-05-20 10:04:00","2011-11-23 10:01:00","Non-Cohort",1764
"16422",16,107,59939.52,"2009-12-01 13:52:00","2011-11-22 14:00:00","Non-Cohort",3630
"14505",16,19,11590.04,"2009-12-09 14:48:00","2011-11-22 15:45:00","Non-Cohort",1916
"17360",16,6,1170.56,"2010-10-01 12:07:00","2011-11-22 13:11:00","Non-Cohort",4449
"14205",16,9,2156.30,"2010-03-07 12:20:00","2011-11-23 10:55:00","Non-Cohort",1653
"16020",16,3,851.01,"2011-10-05 13:54:00","2011-11-23 11:18:00","Non-Cohort",3274
"16066",16,5,1521.04,"2011-08-07 14:33:00","2011-11-23 11:54:00","Non-Cohort",3314
"16985",16,23,10545.76,"2009-12-10 13:34:00","2011-11-22 13:33:00","Non-Cohort",4124
"15901",16,6,667.89,"2010-06-14 12:39:00","2011-11-23 12:43:00","Non-Cohort",3169
"13569",16,4,725.04,"2010-10-07 13:05:00","2011-11-22 13:07:00","Non-Cohort",1092
"13742",16,12,3079.27,"2011-01-23 14:59:00","2011-11-23 11:07:00","Non-Cohort",1245
"13448",16,12,8312.52,"2009-12-06 12:14:00","2011-11-23 12:33:00","Non-Cohort",982
"13322",16,1,199.48,"2011-11-22 14:21:00","2011-11-22 14:21:00","Non-Cohort",872
"12920",16,4,486.64,"2009-12-14 15:58:00","2011-11-22 15:05:00","Non-Cohort",518
"17297",16,1,128.18,"2011-11-22 14:43:00","2011-11-22 14:43:00","Non-Cohort",4399
"12775",16,7,1516.32,"2010-10-26 14:24:00","2011-11-22 16:33:00","Non-Cohort",393
"15150",16,13,8967.44,"2010-06-14 12:01:00","2011-11-22 12:52:00","Non-Cohort",2502
"12474",16,29,10886.75,"2010-02-11 09:41:00","2011-11-22 14:39:00","Non-Cohort",115
"17519",16,15,4769.22,"2009-12-01 09:57:00","2011-11-22 16:43:00","Non-Cohort",4587
"17685",16,12,5439.95,"2010-02-11 13:44:00","2011-11-23 11:36:00","Non-Cohort",4739
"16261",16,6,1041.16,"2010-09-23 16:40:00","2011-11-22 17:23:00","Non-Cohort",3485
"18249",16,1,95.34,"2011-11-22 15:07:00","2011-11-22 15:07:00","Non-Cohort",5221
"15811",16,7,3345.25,"2010-11-16 16:46:00","2011-11-22 15:29:00","Non-Cohort",3091
"17010",16,1,185.46,"2011-11-21 14:49:00","2011-11-23 11:04:00","Non-Cohort",4144
"14336",16,4,1614.91,"2011-03-08 16:48:00","2011-11-23 11:40:00","Non-Cohort",1766
"14506",16,7,2960.25,"2010-04-19 08:27:00","2011-11-22 13:02:00","Non-Cohort",1917
"14581",16,2,409.65,"2010-06-13 15:48:00","2011-11-23 12:39:00","Non-Cohort",1986
"16164",16,3,802.53,"2011-10-28 09:12:00","2011-11-22 15:04:00","Non-Cohort",3400
"12586",16,4,2045.67,"2009-12-16 13:15:00","2011-11-22 16:24:00","Non-Cohort",219
"13940",16,4,839.14,"2011-07-18 16:05:00","2011-11-22 15:15:00","Non-Cohort",1417
"16079",16,3,1352.00,"2011-10-30 13:06:00","2011-11-23 12:48:00","Non-Cohort",3325
"16255",16,15,4457.59,"2010-01-24 12:21:00","2011-11-23 12:40:00","Non-Cohort",3480
"13502",16,5,774.60,"2010-06-09 10:52:00","2011-11-23 10:39:00","Non-Cohort",1034
"13986",16,1,320.46,"2011-11-22 15:00:00","2011-11-22 15:00:00","Non-Cohort",1453
"16633",16,6,2878.15,"2011-04-19 14:36:00","2011-11-22 13:41:00","Non-Cohort",3820
"15727",16,15,9371.71,"2010-01-24 12:12:00","2011-11-23 12:36:00","Non-Cohort",3013
"17700",16,14,6640.72,"2009-12-01 11:37:00","2011-11-23 11:51:00","Non-Cohort",4750
"12483",16,19,4007.93,"2010-01-31 13:28:00","2011-11-22 17:02:00","Non-Cohort",124
"15977",16,2,1054.73,"2011-10-31 16:24:00","2011-11-22 13:29:00","Non-Cohort",3234
"17371",16,6,651.37,"2009-12-08 12:25:00","2011-11-22 13:30:00","Non-Cohort",4458
"15965",16,13,2758.19,"2009-12-03 11:45:00","2011-11-22 16:44:00","Non-Cohort",3223
"15105",17,9,3094.91,"2010-03-23 12:18:00","2011-11-21 16:54:00","Non-Cohort",2459
"15406",17,4,891.77,"2010-09-12 13:06:00","2011-11-21 16:14:00","Non-Cohort",2723
"15699",17,1,309.65,"2011-11-22 08:26:00","2011-11-22 08:26:00","Non-Cohort",2988
"13363",17,3,1623.86,"2010-10-26 11:07:00","2011-11-22 12:40:00","Non-Cohort",909
"13832",17,2,598.64,"2010-10-13 14:41:00","2011-11-22 12:31:00","Non-Cohort",1324
"16311",17,2,616.26,"2011-10-21 13:13:00","2011-11-22 08:54:00","Non-Cohort",3529
"15497",17,9,8643.46,"2009-12-18 15:08:00","2011-11-22 11:51:00","Non-Cohort",2803
"18274",17,1,0.00,"2011-11-09 17:03:00","2011-11-22 10:18:00","Non-Cohort",5244
"18139",17,6,8438.34,"2011-11-21 14:06:00","2011-11-22 10:44:00","Non-Cohort",5116
"13862",17,9,2534.04,"2010-11-15 13:43:00","2011-11-21 16:24:00","Non-Cohort",1350
"13268",17,10,3105.66,"2011-03-17 13:20:00","2011-11-22 11:34:00","Non-Cohort",826
"13456",17,6,1737.82,"2011-05-16 15:34:00","2011-11-22 09:18:00","Non-Cohort",990
"15115",17,2,528.10,"2009-12-07 11:20:00","2011-11-21 14:59:00","Non-Cohort",2469
"16107",17,7,3204.16,"2011-06-09 18:42:00","2011-11-22 09:40:00","Non-Cohort",3351
"15163",17,2,304.47,"2011-05-31 15:22:00","2011-11-21 13:10:00","Non-Cohort",2511
"12904",17,2,496.06,"2011-06-20 13:18:00","2011-11-21 14:34:00","Non-Cohort",505
"17253",17,1,178.26,"2011-11-21 12:59:00","2011-11-21 12:59:00","Non-Cohort",4364
"13282",17,4,1228.89,"2010-10-29 14:11:00","2011-11-21 15:33:00","Non-Cohort",837
"15106",17,5,1407.73,"2011-03-15 12:52:00","2011-11-22 09:16:00","Non-Cohort",2460
"13246",17,11,3242.00,"2010-07-02 13:36:00","2011-11-21 16:50:00","Non-Cohort",808
"15093",17,23,13034.15,"2009-12-08 12:46:00","2011-11-21 13:09:00","Non-Cohort",2447
"17432",17,9,1728.99,"2009-12-03 19:13:00","2011-11-21 17:33:00","Non-Cohort",4511
"13681",17,4,827.83,"2011-07-07 15:21:00","2011-11-22 11:13:00","Non-Cohort",1189
"16748",17,14,3632.29,"2009-12-10 12:28:00","2011-11-22 10:17:00","Non-Cohort",3918
"15132",17,5,977.93,"2011-03-22 12:02:00","2011-11-21 17:10:00","Non-Cohort",2485
"16369",17,7,2654.48,"2010-04-07 16:52:00","2011-11-21 16:25:00","Non-Cohort",3583
"15971",17,18,4925.48,"2009-12-08 09:46:00","2011-11-22 12:50:00","Non-Cohort",3228
"14515",17,12,3693.70,"2010-06-07 12:37:00","2011-11-22 11:37:00","Non-Cohort",1925
"16365",17,15,3156.94,"2009-12-11 12:41:00","2011-11-22 11:24:00","Non-Cohort",3579
"15681",17,14,2480.20,"2010-05-24 14:18:00","2011-11-21 13:25:00","Non-Cohort",2972
"17453",17,2,486.72,"2011-10-06 17:02:00","2011-11-22 09:42:00","Non-Cohort",4529
"13403",17,3,229.50,"2009-12-16 13:23:00","2011-11-22 08:28:00","Non-Cohort",941
"14030",17,20,7405.10,"2009-12-01 13:38:00","2011-11-21 16:48:00","Non-Cohort",1494
"17075",17,10,2216.28,"2009-12-14 11:24:00","2011-11-22 11:58:00","Non-Cohort",4206
"16330",17,7,615.68,"2010-02-15 12:36:00","2011-11-22 12:24:00","Non-Cohort",3547
"17600",17,1,161.67,"2011-11-22 09:43:00","2011-11-22 09:43:00","Non-Cohort",4658
"16607",17,25,5375.18,"2010-04-29 14:01:00","2011-11-22 10:24:00","Non-Cohort",3795
"13499",17,5,1146.96,"2011-03-15 08:52:00","2011-11-22 11:21:00","Non-Cohort",1031
"12878",17,2,841.64,"2011-03-18 14:02:00","2011-11-21 14:30:00","Non-Cohort",485
"16532",17,5,8756.64,"2010-03-29 10:26:00","2011-11-22 11:08:00","Non-Cohort",3731
"13247",17,4,501.12,"2011-09-18 11:31:00","2011-11-22 10:59:00","Non-Cohort",809
"14482",17,12,4141.06,"2010-08-26 14:13:00","2011-11-21 13:14:00","Non-Cohort",1894
"17100",17,2,971.74,"2011-11-21 16:36:00","2011-11-21 16:36:00","Non-Cohort",4229
"14467",17,12,2203.24,"2009-12-02 12:44:00","2011-11-22 12:48:00","Non-Cohort",1881
"17155",17,7,892.46,"2009-12-03 11:34:00","2011-11-22 12:38:00","Non-Cohort",4276
"14424",17,1,322.08,"2011-11-22 11:48:00","2011-11-22 11:48:00","Non-Cohort",1842
"15845",17,11,4273.65,"2010-01-26 14:44:00","2011-11-22 09:42:00","Non-Cohort",3122
"17625",17,8,5978.90,"2009-12-15 11:49:00","2011-11-21 13:36:00","Non-Cohort",4682
"14297",17,4,1290.48,"2011-03-10 08:31:00","2011-11-22 09:06:00","Non-Cohort",1734
"17324",17,12,2018.07,"2009-12-18 15:29:00","2011-11-22 10:34:00","Non-Cohort",4419
"14834",17,7,2184.21,"2010-10-28 17:37:00","2011-11-22 10:30:00","Non-Cohort",2213
"14551",17,7,856.64,"2010-01-27 12:06:00","2011-11-21 13:36:00","Non-Cohort",1960
"14657",17,6,1440.24,"2010-09-30 19:57:00","2011-11-22 12:47:00","Non-Cohort",2052
"13739",17,2,292.20,"2010-06-30 10:25:00","2011-11-21 13:35:00","Non-Cohort",1242
"16655",17,13,6423.26,"2010-01-31 15:40:00","2011-11-22 11:25:00","Non-Cohort",3840
"17313",17,1,2288.13,"2011-11-08 15:45:00","2011-11-22 09:23:00","Non-Cohort",4410
"16352",17,2,494.44,"2011-11-02 08:44:00","2011-11-22 10:32:00","Non-Cohort",3567
"17073",17,4,1444.84,"2011-08-22 14:37:00","2011-11-22 11:47:00","Non-Cohort",4204
"16128",17,11,3748.40,"2009-12-01 11:50:00","2011-11-22 11:14:00","Non-Cohort",3370
"12504",17,4,321.00,"2010-04-22 10:24:00","2011-11-21 16:02:00","Non-Cohort",145
"15179",17,13,7426.82,"2009-12-03 12:27:00","2011-11-21 12:53:00","Non-Cohort",2523
"15116",17,4,1352.75,"2011-05-19 08:50:00","2011-11-22 12:25:00","Non-Cohort",2470
"14883",18,6,756.64,"2011-05-12 09:49:00","2011-11-21 10:23:00","Non-Cohort",2257
"13823",18,7,3358.55,"2009-12-15 14:34:00","2011-11-21 10:22:00","Non-Cohort",1316
"16710",18,22,5908.60,"2009-12-04 13:41:00","2011-11-20 14:50:00","Non-Cohort",3884
"15850",18,6,1006.75,"2009-12-13 13:27:00","2011-11-20 14:14:00","Non-Cohort",3125
"16411",18,4,756.39,"2010-10-07 15:09:00","2011-11-20 13:23:00","Non-Cohort",3621
"15988",18,3,736.39,"2010-02-21 11:36:00","2011-11-20 13:23:00","Non-Cohort",3245
"13189",18,2,260.68,"2011-08-16 13:12:00","2011-11-21 10:39:00","Non-Cohort",759
"12349",18,3,3654.54,"2009-12-04 12:49:00","2011-11-21 09:51:00","Non-Cohort",4
"14587",18,9,1577.39,"2011-01-12 13:16:00","2011-11-21 11:34:00","Non-Cohort",1992
"18110",18,2,362.03,"2010-10-24 14:21:00","2011-11-20 12:59:00","Non-Cohort",5089
"12795",18,1,318.48,"2011-11-21 10:27:00","2011-11-21 10:27:00","Non-Cohort",412
"12597",18,4,3067.13,"2011-03-16 14:00:00","2011-11-20 13:33:00","Non-Cohort",230
"14553",18,9,1793.10,"2010-07-18 12:07:00","2011-11-20 13:20:00","Non-Cohort",1962
"17227",18,12,1878.93,"2010-01-15 15:05:00","2011-11-21 10:51:00","Non-Cohort",4340
"13673",18,2,387.44,"2011-11-07 15:40:00","2011-11-21 12:11:00","Non-Cohort",1182
"13142",18,1,307.09,"2011-11-20 16:07:00","2011-11-20 16:07:00","Non-Cohort",717
"12658",18,1,632.05,"2011-11-21 10:22:00","2011-11-21 10:22:00","Non-Cohort",285
"15426",18,9,2138.86,"2010-05-02 15:10:00","2011-11-20 15:36:00","Non-Cohort",2741
"16713",18,32,13943.36,"2009-12-15 12:49:00","2011-11-21 12:36:00","Non-Cohort",3887
"16666",18,2,217.71,"2010-03-28 15:13:00","2011-11-20 14:01:00","Non-Cohort",3848
"15645",18,3,1042.15,"2010-10-10 12:51:00","2011-11-21 11:55:00","Non-Cohort",2937
"17664",18,4,1166.23,"2010-03-29 17:17:00","2011-11-21 11:29:00","Non-Cohort",4719
"15533",18,3,746.92,"2011-09-11 15:41:00","2011-11-20 15:35:00","Non-Cohort",2834
"17758",18,12,4964.03,"2010-05-20 13:18:00","2011-11-20 14:45:00","Non-Cohort",4797
"15567",18,1,186.01,"2011-11-21 10:48:00","2011-11-21 10:48:00","Non-Cohort",2864
"15671",18,7,2635.49,"2011-03-14 09:37:00","2011-11-21 12:43:00","Non-Cohort",2962
"16406",18,3,509.66,"2010-02-24 11:51:00","2011-11-21 11:57:00","Non-Cohort",3616
"16139",18,5,1111.15,"2009-12-03 13:51:00","2011-11-21 08:37:00","Non-Cohort",3378
"15738",18,41,13015.42,"2009-12-10 15:52:00","2011-11-21 08:26:00","Non-Cohort",3023
"14984",18,6,1260.51,"2010-01-11 13:22:00","2011-11-20 14:28:00","Non-Cohort",2347
"13565",18,3,414.80,"2010-10-24 15:51:00","2011-11-20 14:33:00","Non-Cohort",1088
"13430",18,2,652.07,"2011-09-14 14:26:00","2011-11-21 08:19:00","Non-Cohort",967
"17561",18,4,703.02,"2009-12-06 13:29:00","2011-11-20 12:53:00","Non-Cohort",4621
"17738",18,13,4145.36,"2010-03-19 10:07:00","2011-11-20 15:05:00","Non-Cohort",4783
"14447",18,6,1711.73,"2010-11-04 13:32:00","2011-11-21 08:28:00","Non-Cohort",1863
"15527",18,23,5166.04,"2009-12-15 17:31:00","2011-11-21 12:17:00","Non-Cohort",2828
"18080",18,2,1231.50,"2011-04-11 10:10:00","2011-11-21 08:02:00","Non-Cohort",5062
"14359",18,3,882.58,"2011-09-13 09:03:00","2011-11-20 13:17:00","Non-Cohort",1786
"12984",18,1,97.50,"2011-11-21 12:37:00","2011-11-21 12:37:00","Non-Cohort",574
"17888",18,25,1312.31,"2009-12-21 16:34:00","2011-11-21 10:18:00","Non-Cohort",4904
"17425",18,2,759.17,"2011-10-10 11:37:00","2011-11-20 15:30:00","Non-Cohort",4504
"16212",18,4,1284.56,"2010-02-07 15:26:00","2011-11-20 13:00:00","Non-Cohort",3443
"14449",18,8,2230.96,"2010-09-29 13:15:00","2011-11-21 12:06:00","Non-Cohort",1865
"17384",18,3,507.55,"2010-08-29 16:01:00","2011-11-20 15:48:00","Non-Cohort",4470
"14426",18,17,11103.97,"2010-03-04 14:36:00","2011-11-21 11:47:00","Non-Cohort",1844
"15044",18,32,15653.61,"2009-12-16 15:13:00","2011-11-20 13:20:00","Non-Cohort",2401
"18127",18,4,556.13,"2010-11-01 13:56:00","2011-11-20 14:05:00","Non-Cohort",5104
"16399",18,3,628.42,"2010-11-15 15:03:00","2011-11-20 16:12:00","Non-Cohort",3609
"15857",18,2,570.48,"2010-10-05 16:43:00","2011-11-21 12:18:00","Non-Cohort",3132
"16366",18,4,1548.13,"2009-12-16 10:39:00","2011-11-21 08:19:00","Non-Cohort",3580
"13427",18,6,1006.53,"2009-12-17 13:44:00","2011-11-20 13:02:00","Non-Cohort",964
"16533",18,3,1014.19,"2011-10-02 15:07:00","2011-11-20 13:08:00","Non-Cohort",3732
"18040",18,2,357.20,"2011-04-08 08:27:00","2011-11-20 14:20:00","Non-Cohort",5030
"13167",18,5,1113.15,"2010-11-14 12:58:00","2011-11-21 12:24:00","Non-Cohort",739
"14300",18,1,43.20,"2011-11-21 08:57:00","2011-11-21 08:57:00","Non-Cohort",1737
"13200",18,4,870.09,"2011-08-05 14:50:00","2011-11-20 15:35:00","Non-Cohort",769
"14704",19,9,1720.58,"2010-03-25 17:21:00","2011-11-20 12:20:00","Non-Cohort",2097
"17555",19,5,1045.74,"2010-05-02 16:02:00","2011-11-20 12:22:00","Non-Cohort",4616
"12778",19,9,1541.68,"2010-04-16 09:57:00","2011-11-20 11:30:00","Non-Cohort",396
"16784",19,5,892.33,"2010-03-28 12:55:00","2011-11-20 12:20:00","Non-Cohort",3950
"16506",19,2,90.30,"2011-10-30 15:50:00","2011-11-20 12:17:00","Non-Cohort",3708
"14881",19,1,255.40,"2011-11-20 11:06:00","2011-11-20 11:06:00","Non-Cohort",2255
"14664",19,2,636.24,"2011-11-06 14:56:00","2011-11-20 10:59:00","Non-Cohort",2059
"15906",19,10,2442.44,"2010-09-15 12:17:00","2011-11-20 12:24:00","Non-Cohort",3173
"12702",19,1,201.00,"2011-11-20 10:36:00","2011-11-20 10:36:00","Non-Cohort",326
"13118",19,9,2334.10,"2010-09-26 15:46:00","2011-11-20 12:46:00","Non-Cohort",693
"14116",19,5,1382.74,"2011-08-10 12:44:00","2011-11-20 10:29:00","Non-Cohort",1577
"14159",19,20,7526.62,"2009-12-03 12:31:00","2011-11-20 12:36:00","Non-Cohort",1615
"12540",19,32,19159.29,"2009-12-07 16:56:00","2011-11-20 11:31:00","Non-Cohort",177
"16762",19,3,1207.24,"2011-07-18 12:52:00","2011-11-20 11:43:00","Non-Cohort",3930
"17387",19,2,746.81,"2011-11-06 11:25:00","2011-11-20 11:00:00","Non-Cohort",4473
"14157",19,5,946.24,"2010-03-03 16:49:00","2011-11-20 11:32:00","Non-Cohort",1613
"14477",19,7,1960.61,"2009-12-23 10:17:00","2011-11-20 11:11:00","Non-Cohort",1890
"15963",19,2,470.76,"2011-10-25 13:05:00","2011-11-20 11:33:00","Non-Cohort",3221
"14052",19,2,466.66,"2010-11-14 11:37:00","2011-11-20 12:30:00","Non-Cohort",1516
"14595",19,8,2164.45,"2010-01-20 13:59:00","2011-11-20 12:12:00","Non-Cohort",1998
"13988",19,8,4708.64,"2010-03-24 11:05:00","2011-11-20 10:15:00","Non-Cohort",1454
"15919",19,2,525.69,"2010-12-06 11:26:00","2011-11-20 11:28:00","Non-Cohort",3184
"16464",19,3,1298.66,"2011-07-20 13:53:00","2011-11-20 12:11:00","Non-Cohort",3671
"14502",19,11,2307.14,"2011-01-30 15:52:00","2011-11-20 11:50:00","Non-Cohort",1913
"15465",19,32,11670.90,"2009-12-10 09:42:00","2011-11-20 10:11:00","Non-Cohort",2774
"12697",20,3,739.02,"2011-06-23 15:44:00","2011-11-18 16:17:00","Non-Cohort",322
"18276",20,6,1620.67,"2009-12-10 17:14:00","2011-11-18 17:01:00","Non-Cohort",5246
"16463",20,4,1383.70,"2011-05-19 14:45:00","2011-11-18 14:01:00","Non-Cohort",3670
"17650",20,1,166.08,"2011-11-18 14:52:00","2011-11-18 14:52:00","Non-Cohort",4705
"16279",20,9,5685.38,"2010-04-22 14:09:00","2011-11-18 15:00:00","Non-Cohort",3499
"14315",20,8,3168.72,"2010-03-15 12:49:00","2011-11-18 15:35:00","Non-Cohort",1749
"14903",20,5,2729.18,"2011-03-06 11:50:00","2011-11-18 16:07:00","Non-Cohort",2276
"13895",20,6,3923.62,"2009-12-03 13:09:00","2011-11-18 17:15:00","Non-Cohort",1380
"12444",20,5,4085.46,"2011-06-21 14:00:00","2011-11-18 13:23:00","Non-Cohort",87
"13381",20,12,8185.02,"2009-12-01 15:18:00","2011-11-18 16:59:00","Non-Cohort",922
"16924",20,3,722.64,"2011-09-16 12:54:00","2011-11-18 12:53:00","Non-Cohort",4072
"17301",20,2,294.39,"2010-03-25 13:16:00","2011-11-18 13:43:00","Non-Cohort",4402
"13094",20,13,1990.98,"2010-11-15 14:15:00","2011-11-18 14:07:00","Non-Cohort",672
"16350",20,9,2222.49,"2010-10-07 16:33:00","2011-11-18 15:53:00","Non-Cohort",3565
"14073",20,1,139.54,"2011-11-07 15:49:00","2011-11-18 16:14:00","Non-Cohort",1536
"16560",20,8,3010.73,"2009-12-08 12:05:00","2011-11-18 17:05:00","Non-Cohort",3757
"15088",20,2,1140.27,"2011-10-03 14:05:00","2011-11-18 13:14:00","Non-Cohort",2442
"12779",20,14,6158.60,"2009-12-03 07:25:00","2011-11-18 17:10:00","Non-Cohort",397
"13516",20,4,1685.26,"2010-10-18 08:52:00","2011-11-18 13:15:00","Non-Cohort",1048
"17621",20,6,3029.32,"2010-10-04 09:37:00","2011-11-18 17:11:00","Non-Cohort",4678
"17961",20,100,2850.29,"2009-12-01 14:48:00","2011-11-18 16:55:00","Non-Cohort",4970
"14285",20,8,3284.42,"2009-12-08 14:13:00","2011-11-18 14:50:00","Non-Cohort",1724
"14820",20,9,1274.76,"2010-01-31 12:49:00","2011-11-18 15:41:00","Non-Cohort",2202
"17904",20,1,168.32,"2011-11-18 12:57:00","2011-11-18 13:57:00","Non-Cohort",4919
"14902",20,3,1000.27,"2010-06-04 12:35:00","2011-11-18 17:09:00","Non-Cohort",2275
"13880",20,17,4293.86,"2010-05-26 14:29:00","2011-11-18 13:44:00","Non-Cohort",1366
"13091",20,2,-1343.24,"2009-12-08 12:25:00","2011-11-18 16:48:00","Non-Cohort",669
"12498",20,3,349.70,"2011-10-13 09:30:00","2011-11-18 12:53:00","Non-Cohort",139
"15368",20,2,722.74,"2010-11-10 15:52:00","2011-11-18 14:42:00","Non-Cohort",2690
"14342",20,6,843.74,"2010-08-24 13:03:00","2011-11-18 13:21:00","Non-Cohort",1772
"13960",20,2,230.22,"2011-09-29 12:39:00","2011-11-18 15:27:00","Non-Cohort",1433
"12578",20,4,3956.45,"2010-09-22 11:19:00","2011-11-18 13:30:00","Non-Cohort",211
"15494",20,5,3702.60,"2009-12-10 20:16:00","2011-11-18 14:51:00","Non-Cohort",2801
"17779",20,3,633.92,"2011-07-19 12:19:00","2011-11-18 14:15:00","Non-Cohort",4816
"15933",20,3,1107.46,"2011-09-14 12:05:00","2011-11-18 13:14:00","Non-Cohort",3196
"16042",21,8,2183.10,"2010-09-12 12:00:00","2011-11-17 17:50:00","Non-Cohort",3294
"12449",21,5,4274.89,"2010-09-27 09:37:00","2011-11-17 13:46:00","Non-Cohort",92
"16134",21,5,2119.99,"2010-06-17 09:48:00","2011-11-18 10:05:00","Non-Cohort",3374
"12391",21,6,2699.24,"2010-02-15 10:12:00","2011-11-18 12:07:00","Non-Cohort",39
"12847",21,2,1609.00,"2010-11-17 12:44:00","2011-11-17 13:16:00","Non-Cohort",458
"16945",21,33,8530.66,"2009-12-09 11:33:00","2011-11-18 11:39:00","Non-Cohort",4091
"17163",21,4,699.78,"2010-02-02 10:39:00","2011-11-18 08:57:00","Non-Cohort",4284
"15287",21,5,854.58,"2009-12-02 12:13:00","2011-11-17 15:34:00","Non-Cohort",2619
"13815",21,8,6547.79,"2010-02-12 10:26:00","2011-11-17 14:19:00","Non-Cohort",1309
"13894",21,3,535.97,"2011-02-02 12:54:00","2011-11-17 13:35:00","Non-Cohort",1379
"14849",21,43,15186.60,"2010-01-10 11:40:00","2011-11-18 10:58:00","Non-Cohort",2224
"15983",21,8,3110.37,"2009-12-06 12:52:00","2011-11-17 17:34:00","Non-Cohort",3240
"13117",21,18,2253.96,"2010-03-26 13:50:00","2011-11-18 12:02:00","Non-Cohort",692
"12539",21,7,11186.75,"2009-12-23 13:00:00","2011-11-17 13:30:00","Non-Cohort",176
"14593",21,12,3602.31,"2009-12-09 12:57:00","2011-11-18 12:48:00","Non-Cohort",1996
"16531",21,11,2263.58,"2010-09-24 09:49:00","2011-11-17 16:29:00","Non-Cohort",3730
"14434",21,6,1372.80,"2011-09-28 15:31:00","2011-11-18 08:56:00","Non-Cohort",1851
"16009",21,4,972.11,"2011-07-03 11:26:00","2011-11-17 16:51:00","Non-Cohort",3263
"13941",21,15,9826.63,"2009-12-16 16:10:00","2011-11-18 09:43:00","Non-Cohort",1418
"12380",21,8,7171.00,"2010-02-15 12:05:00","2011-11-18 11:27:00","Non-Cohort",32
"15864",21,7,2014.22,"2010-11-23 15:02:00","2011-11-17 13:32:00","Non-Cohort",3139
"17095",21,7,2520.75,"2009-12-15 12:32:00","2011-11-17 16:40:00","Non-Cohort",4225
"12406",21,5,6072.21,"2010-01-11 14:04:00","2011-11-17 19:22:00","Non-Cohort",52
"14034",21,3,509.09,"2011-07-05 13:06:00","2011-11-17 14:02:00","Non-Cohort",1498
"17286",21,3,389.18,"2010-11-04 13:43:00","2011-11-18 12:47:00","Non-Cohort",4388
"12603",21,1,613.20,"2011-11-18 10:42:00","2011-11-18 10:42:00","Non-Cohort",236
"13160",21,1,91.80,"2011-11-17 13:07:00","2011-11-17 13:07:00","Non-Cohort",732
"14234",21,4,754.12,"2011-10-13 13:58:00","2011-11-17 17:53:00","Non-Cohort",1681
"17799",21,20,6121.78,"2009-12-13 16:03:00","2011-11-17 15:16:00","Non-Cohort",4835
"14416",21,2,490.22,"2011-10-28 15:10:00","2011-11-17 15:22:00","Non-Cohort",1835
"17797",21,8,1971.87,"2009-12-15 14:30:00","2011-11-17 13:21:00","Non-Cohort",4833
"17760",21,6,739.14,"2010-02-28 12:15:00","2011-11-18 10:56:00","Non-Cohort",4799
"12781",21,2,671.72,"2011-02-28 08:43:00","2011-11-18 09:50:00","Non-Cohort",399
"13828",21,1,209.49,"2011-11-17 16:02:00","2011-11-17 16:02:00","Non-Cohort",1321
"12647",21,35,13919.74,"2010-01-13 15:06:00","2011-11-17 12:56:00","Non-Cohort",275
"16414",21,5,551.21,"2010-01-14 10:21:00","2011-11-18 09:42:00","Non-Cohort",3624
"12931",21,57,71546.97,"2009-12-01 11:46:00","2011-11-18 12:39:00","Non-Cohort",527
"16871",21,6,2761.49,"2011-03-14 10:31:00","2011-11-17 19:27:00","Non-Cohort",4025
"16656",21,30,16307.72,"2009-12-04 12:59:00","2011-11-17 14:43:00","Non-Cohort",3841
"17080",21,7,955.41,"2010-07-01 16:03:00","2011-11-17 12:59:00","Non-Cohort",4211
"14641",21,1,110.46,"2011-11-18 10:42:00","2011-11-18 10:42:00","Non-Cohort",2037
"12618",21,1,137.31,"2011-11-18 11:10:00","2011-11-18 11:10:00","Non-Cohort",248
"14362",21,1,151.50,"2011-11-17 15:08:00","2011-11-17 15:08:00","Non-Cohort",1789
"14508",21,5,804.07,"2010-06-17 13:02:00","2011-11-17 19:48:00","Non-Cohort",1919
"13962",21,3,362.80,"2010-09-30 10:35:00","2011-11-18 08:47:00","Non-Cohort",1434
"13313",21,12,3423.27,"2009-12-02 13:53:00","2011-11-17 16:48:00","Non-Cohort",863
"18034",21,3,753.35,"2010-11-29 12:36:00","2011-11-18 12:22:00","Non-Cohort",5025
"18061",21,28,6075.31,"2009-12-04 11:36:00","2011-11-18 11:20:00","Non-Cohort",5046
"12445",21,2,370.48,"2010-10-15 12:28:00","2011-11-17 18:43:00","Non-Cohort",88
"15267",21,5,1717.36,"2011-06-10 10:24:00","2011-11-17 15:59:00","Non-Cohort",2602
"17159",21,5,2095.44,"2010-03-04 14:53:00","2011-11-18 10:52:00","Non-Cohort",4280
"16511",21,6,1758.49,"2010-03-01 12:21:00","2011-11-18 10:41:00","Non-Cohort",3712
"15530",21,5,1808.68,"2010-07-15 11:10:00","2011-11-18 12:25:00","Non-Cohort",2831
"17985",21,1,631.35,"2011-11-17 14:24:00","2011-11-17 14:24:00","Non-Cohort",4988
"12997",21,8,2065.11,"2009-12-17 16:14:00","2011-11-17 15:47:00","Non-Cohort",585
"16070",21,2,852.15,"2011-11-07 16:36:00","2011-11-17 15:50:00","Non-Cohort",3317
"13138",21,7,1261.26,"2010-11-08 11:45:00","2011-11-17 16:51:00","Non-Cohort",713
"15081",21,12,1837.12,"2010-06-22 10:25:00","2011-11-17 17:08:00","Non-Cohort",2436
"15435",21,1,149.29,"2011-11-17 16:39:00","2011-11-17 16:39:00","Non-Cohort",2750
"18221",21,6,1370.34,"2010-11-14 15:46:00","2011-11-17 14:40:00","Non-Cohort",5195
"17397",21,3,1198.28,"2010-10-19 13:20:00","2011-11-17 14:08:00","Non-Cohort",4481
"13396",21,2,1325.29,"2011-01-24 13:37:00","2011-11-18 09:42:00","Non-Cohort",935
"16204",22,3,913.71,"2009-12-08 17:44:00","2011-11-16 13:40:00","Non-Cohort",3435
"13131",22,7,3279.77,"2010-02-09 09:47:00","2011-11-16 13:21:00","Non-Cohort",706
"12993",22,8,1191.26,"2010-02-18 10:35:00","2011-11-16 15:49:00","Non-Cohort",582
"12567",22,15,10425.44,"2010-02-11 10:30:00","2011-11-17 11:02:00","Non-Cohort",201
"16804",22,3,536.99,"2011-03-14 15:48:00","2011-11-16 16:43:00","Non-Cohort",3965
"13926",22,1,223.85,"2011-11-16 13:16:00","2011-11-16 13:16:00","Non-Cohort",1403
"12910",22,13,5747.02,"2010-03-28 13:10:00","2011-11-16 14:28:00","Non-Cohort",510
"16298",22,7,1080.00,"2010-09-23 15:23:00","2011-11-17 11:59:00","Non-Cohort",3517
"12991",22,3,764.82,"2010-11-15 13:43:00","2011-11-16 15:34:00","Non-Cohort",580
"13447",22,3,1104.23,"2011-11-04 10:10:00","2011-11-16 13:38:00","Non-Cohort",981
"17716",22,24,15671.32,"2009-12-02 17:18:00","2011-11-17 12:00:00","Non-Cohort",4764
"18263",22,3,1211.08,"2011-04-01 11:48:00","2011-11-16 16:19:00","Non-Cohort",5234
"15805",22,30,9668.62,"2009-12-10 12:57:00","2011-11-16 16:32:00","Non-Cohort",3085
"14332",22,5,1917.41,"2010-10-19 13:01:00","2011-11-17 11:54:00","Non-Cohort",1762
"12626",22,9,5722.35,"2011-01-17 11:01:00","2011-11-16 16:06:00","Non-Cohort",256
"17896",22,1,256.32,"2011-11-16 13:59:00","2011-11-16 13:59:00","Non-Cohort",4912
"14112",22,13,5524.51,"2009-12-17 17:56:00","2011-11-17 12:30:00","Non-Cohort",1573
"13629",22,19,13370.86,"2010-02-11 17:34:00","2011-11-16 13:21:00","Non-Cohort",1145
"13028",22,2,659.68,"2011-10-25 14:09:00","2011-11-17 11:10:00","Non-Cohort",613
"13939",22,7,1533.66,"2010-04-06 12:43:00","2011-11-16 13:33:00","Non-Cohort",1416
"12500",22,18,5494.31,"2010-02-04 15:05:00","2011-11-16 16:20:00","Non-Cohort",141
"12712",22,21,5801.78,"2009-12-09 10:46:00","2011-11-17 09:15:00","Non-Cohort",335
"17461",22,3,735.82,"2011-11-10 12:01:00","2011-11-17 10:21:00","Non-Cohort",4536
"16278",22,3,1056.59,"2010-07-28 15:40:00","2011-11-16 16:09:00","Non-Cohort",3498
"18006",22,4,969.51,"2009-12-17 12:27:00","2011-11-16 16:52:00","Non-Cohort",5002
"13500",22,4,1436.30,"2010-11-03 13:16:00","2011-11-16 15:35:00","Non-Cohort",1032
"14898",22,14,3242.60,"2009-12-03 16:40:00","2011-11-16 14:54:00","Non-Cohort",2272
"12477",22,9,20173.64,"2010-03-26 14:01:00","2011-11-17 09:51:00","Non-Cohort",118
"17368",22,14,2145.39,"2009-12-15 17:45:00","2011-11-16 15:26:00","Non-Cohort",4455
"15051",22,9,3911.91,"2009-12-01 13:29:00","2011-11-16 15:38:00","Non-Cohort",2408
"15432",22,2,301.26,"2010-06-16 14:34:00","2011-11-16 16:30:00","Non-Cohort",2747
"16085",22,12,2318.91,"2010-01-20 14:03:00","2011-11-16 13:24:00","Non-Cohort",3331
"13308",22,4,1652.47,"2010-04-22 09:22:00","2011-11-17 09:31:00","Non-Cohort",858
"13285",22,6,3364.59,"2010-03-25 14:26:00","2011-11-16 13:19:00","Non-Cohort",840
"16912",22,15,4420.86,"2009-12-09 12:32:00","2011-11-16 15:51:00","Non-Cohort",4061
"12610",22,4,1705.99,"2011-08-05 13:52:00","2011-11-17 09:34:00","Non-Cohort",240
"13871",22,17,7804.95,"2009-12-20 13:09:00","2011-11-17 10:49:00","Non-Cohort",1358
"14851",22,3,829.41,"2010-03-19 11:52:00","2011-11-16 14:20:00","Non-Cohort",2226
"14109",22,1,80.20,"2011-09-28 10:18:00","2011-11-16 13:51:00","Non-Cohort",1570
"16809",22,9,1725.48,"2010-04-13 15:34:00","2011-11-16 15:45:00","Non-Cohort",3970
"16186",22,26,8676.23,"2009-12-09 15:36:00","2011-11-17 12:43:00","Non-Cohort",3420
"12481",22,14,10889.15,"2010-04-11 13:10:00","2011-11-17 08:29:00","Non-Cohort",122
"15657",22,1,30.00,"2011-11-17 12:19:00","2011-11-17 12:19:00","Non-Cohort",2948
"13575",22,5,732.07,"2011-06-16 14:24:00","2011-11-16 13:14:00","Non-Cohort",1097
"15489",22,8,2327.36,"2010-01-15 16:58:00","2011-11-17 08:53:00","Non-Cohort",2796
"17613",22,14,4494.77,"2011-02-07 11:20:00","2011-11-17 10:51:00","Non-Cohort",4670
"15529",22,12,4753.66,"2010-11-10 14:26:00","2011-11-17 11:29:00","Non-Cohort",2830
"15506",22,6,2030.33,"2010-08-19 12:38:00","2011-11-17 12:11:00","Non-Cohort",2810
"17147",22,9,3069.15,"2010-01-11 09:38:00","2011-11-17 12:32:00","Non-Cohort",4269
"17330",22,4,423.80,"2010-03-02 09:20:00","2011-11-17 08:56:00","Non-Cohort",4423
"16869",22,4,797.32,"2011-06-17 13:01:00","2011-11-17 12:02:00","Non-Cohort",4023
"16638",22,15,2375.88,"2010-08-18 13:33:00","2011-11-17 11:09:00","Non-Cohort",3824
"15967",22,12,2943.60,"2009-12-01 13:28:00","2011-11-16 15:41:00","Non-Cohort",3225
"17596",22,13,4478.11,"2009-12-15 13:21:00","2011-11-16 14:11:00","Non-Cohort",4655
"14948",22,6,1066.57,"2011-05-04 14:52:00","2011-11-16 17:16:00","Non-Cohort",2312
"18075",22,20,5579.91,"2010-07-29 11:47:00","2011-11-16 15:21:00","Non-Cohort",5058
"16999",22,2,484.82,"2011-09-26 15:43:00","2011-11-16 13:53:00","Non-Cohort",4135
"15124",22,4,450.82,"2010-02-26 10:49:00","2011-11-17 10:09:00","Non-Cohort",2478
"12356",22,6,5611.73,"2010-10-11 09:42:00","2011-11-17 08:40:00","Non-Cohort",10
"18123",23,3,666.64,"2010-07-14 12:47:00","2011-11-15 14:23:00","Non-Cohort",5100
"16916",23,4,896.12,"2010-10-20 12:56:00","2011-11-16 12:08:00","Non-Cohort",4065
"15556",23,1,279.77,"2011-11-15 16:08:00","2011-11-15 16:08:00","Non-Cohort",2856
"15679",23,4,781.28,"2011-06-10 08:24:00","2011-11-15 16:19:00","Non-Cohort",2970
"17198",23,3,692.22,"2010-12-03 14:54:00","2011-11-16 10:39:00","Non-Cohort",4315
"14507",23,11,3104.80,"2009-12-10 17:04:00","2011-11-16 12:21:00","Non-Cohort",1918
"16557",23,2,281.85,"2011-07-25 13:28:00","2011-11-15 14:04:00","Non-Cohort",3755
"13614",23,6,2332.74,"2010-06-06 13:42:00","2011-11-15 14:47:00","Non-Cohort",1131
"14666",23,1,179.95,"2011-11-15 12:57:00","2011-11-15 12:57:00","Non-Cohort",2061
"12933",23,8,1576.88,"2009-12-10 16:39:00","2011-11-15 16:38:00","Non-Cohort",529
"13449",23,1,291.88,"2011-11-16 08:28:00","2011-11-16 08:28:00","Non-Cohort",983
"16469",23,5,803.90,"2010-07-13 13:17:00","2011-11-16 12:25:00","Non-Cohort",3675
"15955",23,22,8050.23,"2010-02-23 16:36:00","2011-11-15 14:15:00","Non-Cohort",3215
"13066",23,2,430.90,"2011-11-07 17:06:00","2011-11-15 13:39:00","Non-Cohort",647
"14057",23,22,8276.10,"2009-12-03 13:17:00","2011-11-16 10:32:00","Non-Cohort",1521
"17220",23,21,4451.41,"2010-01-20 11:57:00","2011-11-15 13:47:00","Non-Cohort",4333
"14286",23,7,8396.70,"2009-12-04 08:40:00","2011-11-16 10:34:00","Non-Cohort",1725
"14544",23,3,2938.53,"2010-08-26 16:00:00","2011-11-15 15:06:00","Non-Cohort",1953
"16855",23,2,328.40,"2011-10-27 16:31:00","2011-11-16 12:03:00","Non-Cohort",4012
"15110",23,6,1482.95,"2010-08-11 15:49:00","2011-11-16 11:16:00","Non-Cohort",2464
"17357",23,2,384.39,"2011-11-15 16:29:00","2011-11-15 16:30:00","Non-Cohort",4446
"16669",23,2,1344.48,"2011-09-22 14:13:00","2011-11-16 12:26:00","Non-Cohort",3851
"15720",23,2,739.22,"2010-06-07 15:40:00","2011-11-15 14:48:00","Non-Cohort",3008
"17680",23,3,462.50,"2010-07-16 16:07:00","2011-11-16 12:42:00","Non-Cohort",4735
"17153",23,1,213.78,"2011-11-15 13:42:00","2011-11-15 13:42:00","Non-Cohort",4274
"14714",23,4,896.40,"2010-01-21 11:06:00","2011-11-15 13:07:00","Non-Cohort",2107
"12415",23,24,143107.02,"2010-06-30 08:30:00","2011-11-15 14:22:00","Non-Cohort",60
"15584",23,6,1265.70,"2010-02-07 12:16:00","2011-11-16 10:55:00","Non-Cohort",2879
"17564",23,3,454.01,"2011-09-20 14:00:00","2011-11-15 13:27:00","Non-Cohort",4624
"12890",23,2,706.02,"2010-11-17 14:05:00","2011-11-15 17:26:00","Non-Cohort",494
"12731",23,17,25540.21,"2010-03-02 09:23:00","2011-11-16 11:59:00","Non-Cohort",353
"15900",23,4,876.67,"2010-05-26 11:27:00","2011-11-16 12:19:00","Non-Cohort",3168
"12640",23,3,994.58,"2011-09-19 12:01:00","2011-11-16 11:52:00","Non-Cohort",268
"18181",23,5,1166.61,"2009-12-04 15:30:00","2011-11-15 15:08:00","Non-Cohort",5156
"15269",23,3,1225.36,"2010-11-14 12:58:00","2011-11-16 09:32:00","Non-Cohort",2604
"14522",23,8,1748.42,"2010-01-24 13:55:00","2011-11-15 13:24:00","Non-Cohort",1932
"16245",23,3,1352.36,"2011-03-28 09:30:00","2011-11-16 10:14:00","Non-Cohort",3472
"17549",23,2,148.86,"2011-10-19 10:05:00","2011-11-16 09:59:00","Non-Cohort",4611
"13816",23,2,483.04,"2011-10-06 14:37:00","2011-11-16 08:38:00","Non-Cohort",1310
"16008",23,15,5339.13,"2010-03-19 11:07:00","2011-11-16 10:32:00","Non-Cohort",3262
"17377",23,78,17184.23,"2009-12-02 12:39:00","2011-11-16 11:17:00","Non-Cohort",4464
"17521",23,5,1276.81,"2010-10-01 11:49:00","2011-11-15 14:00:00","Non-Cohort",4589
"18246",23,3,758.82,"2010-04-09 10:19:00","2011-11-16 11:49:00","Non-Cohort",5219
"13835",24,7,1044.82,"2010-03-04 08:26:00","2011-11-14 15:37:00","Non-Cohort",1327
"16423",24,1,346.12,"2011-11-15 09:21:00","2011-11-15 09:21:00","Non-Cohort",3631
"12883",24,4,703.47,"2011-09-11 15:18:00","2011-11-15 09:32:00","Non-Cohort",489
"15125",24,24,16124.33,"2010-03-31 13:29:00","2011-11-14 13:57:00","Non-Cohort",2479
"13058",24,3,271.40,"2011-07-11 12:01:00","2011-11-15 12:43:00","Non-Cohort",640
"16478",24,3,331.00,"2011-10-05 12:02:00","2011-11-14 15:51:00","Non-Cohort",3683
"16747",24,2,826.96,"2011-10-03 10:18:00","2011-11-14 13:37:00","Non-Cohort",3917
"17652",24,12,4737.13,"2011-03-03 14:05:00","2011-11-14 12:55:00","Non-Cohort",4707
"13846",24,4,1290.34,"2010-11-05 09:47:00","2011-11-15 12:07:00","Non-Cohort",1335
"15839",24,3,1020.74,"2011-07-14 16:35:00","2011-11-14 13:25:00","Non-Cohort",3117
"12676",24,10,2333.09,"2010-08-13 13:29:00","2011-11-15 12:25:00","Non-Cohort",302
"14533",24,11,3185.12,"2010-04-08 12:13:00","2011-11-15 12:05:00","Non-Cohort",1942
"17793",24,1,300.34,"2011-11-14 14:24:00","2011-11-14 14:24:00","Non-Cohort",4829
"14725",24,4,1196.46,"2010-06-23 11:34:00","2011-11-15 12:42:00","Non-Cohort",2116
"15524",24,2,591.40,"2010-04-12 09:19:00","2011-11-15 12:09:00","Non-Cohort",2825
"14715",24,8,1809.55,"2010-01-19 12:18:00","2011-11-15 12:10:00","Non-Cohort",2108
"16519",24,4,436.96,"2010-03-01 13:51:00","2011-11-14 15:41:00","Non-Cohort",3719
"13236",24,2,727.27,"2011-08-25 08:58:00","2011-11-15 12:50:00","Non-Cohort",800
"13577",24,11,3346.62,"2009-12-14 16:10:00","2011-11-14 15:19:00","Non-Cohort",1099
"17974",24,6,1739.09,"2010-10-28 20:03:00","2011-11-15 11:37:00","Non-Cohort",4981
"15660",24,15,2554.84,"2010-02-05 16:01:00","2011-11-14 16:58:00","Non-Cohort",2951
"17081",24,6,949.39,"2010-02-22 13:19:00","2011-11-14 12:56:00","Non-Cohort",4212
"16341",24,7,3832.29,"2010-04-09 10:30:00","2011-11-15 09:12:00","Non-Cohort",3557
"18043",24,3,529.29,"2010-12-08 12:35:00","2011-11-15 12:48:00","Non-Cohort",5033
"17510",24,2,514.56,"2010-10-15 10:20:00","2011-11-15 10:00:00","Non-Cohort",4578
"14953",24,4,960.42,"2010-09-30 12:16:00","2011-11-14 14:59:00","Non-Cohort",2317
"12374",24,3,2669.22,"2010-04-30 14:01:00","2011-11-14 15:37:00","Non-Cohort",27
"13735",24,13,9422.36,"2009-12-13 13:31:00","2011-11-15 11:14:00","Non-Cohort",1239
"17235",24,8,1562.98,"2010-06-04 17:01:00","2011-11-14 15:51:00","Non-Cohort",4348
"16504",24,1,465.88,"2011-11-14 15:18:00","2011-11-14 15:18:00","Non-Cohort",3706
"15419",24,1,135.86,"2011-11-15 09:23:00","2011-11-15 09:23:00","Non-Cohort",2735
"15532",24,10,3653.35,"2010-06-08 14:52:00","2011-11-14 14:51:00","Non-Cohort",2833
"18259",24,7,3941.90,"2009-12-08 08:38:00","2011-11-15 12:34:00","Non-Cohort",5230
"15758",24,1,205.25,"2011-11-15 10:48:00","2011-11-15 10:48:00","Non-Cohort",3043
"14680",24,58,53080.02,"2009-12-04 12:36:00","2011-11-14 16:59:00","Non-Cohort",2074
"17777",24,3,647.56,"2011-08-31 14:35:00","2011-11-15 12:02:00","Non-Cohort",4814
"15458",24,2,370.44,"2010-11-02 19:50:00","2011-11-14 13:08:00","Non-Cohort",2769
"15781",24,3,333.56,"2011-02-07 09:15:00","2011-11-14 14:57:00","Non-Cohort",3064
"16207",24,1,394.38,"2011-11-14 13:51:00","2011-11-14 13:51:00","Non-Cohort",3438
"16878",24,1,0.00,"2011-09-16 17:39:00","2011-11-15 08:52:00","Non-Cohort",4030
"15058",24,16,3354.73,"2010-02-24 14:07:00","2011-11-14 14:57:00","Non-Cohort",2415
"17314",24,17,4514.70,"2009-12-03 11:25:00","2011-11-15 09:41:00","Non-Cohort",4411
"16639",24,4,1659.85,"2010-10-26 18:23:00","2011-11-14 13:47:00","Non-Cohort",3825
"15050",24,5,4032.27,"2010-08-16 12:00:00","2011-11-14 16:17:00","Non-Cohort",2407
"13692",24,5,3022.95,"2010-10-15 13:28:00","2011-11-15 11:17:00","Non-Cohort",1199
"12642",24,3,905.26,"2011-08-24 09:23:00","2011-11-14 15:03:00","Non-Cohort",270
"15981",24,21,9284.07,"2010-03-29 10:07:00","2011-11-15 08:00:00","Non-Cohort",3238
"15582",24,3,682.91,"2011-05-03 13:36:00","2011-11-15 09:55:00","Non-Cohort",2878
"13455",24,6,2080.88,"2009-12-09 08:58:00","2011-11-15 11:21:00","Non-Cohort",989
"13632",24,8,3632.36,"2010-04-07 10:59:00","2011-11-15 10:51:00","Non-Cohort",1148
"16898",25,5,820.86,"2010-05-12 12:18:00","2011-11-13 15:44:00","Non-Cohort",4047
"12865",25,4,3303.31,"2010-08-20 12:20:00","2011-11-13 14:31:00","Non-Cohort",474
"17287",25,21,3810.61,"2009-12-03 12:45:00","2011-11-13 13:27:00","Non-Cohort",4389
"13379",25,3,572.56,"2011-07-26 12:26:00","2011-11-13 13:45:00","Non-Cohort",920
"18211",25,5,600.07,"2011-03-06 12:09:00","2011-11-14 08:10:00","Non-Cohort",5185
"13549",25,8,1003.72,"2010-11-17 12:17:00","2011-11-14 09:20:00","Non-Cohort",1075
"13178",25,21,13997.89,"2009-12-16 14:00:00","2011-11-13 16:14:00","Non-Cohort",749
"13146",25,1,228.91,"2011-11-13 15:29:00","2011-11-13 15:29:00","Non-Cohort",721
"17720",25,10,2613.06,"2010-05-10 09:58:00","2011-11-13 15:04:00","Non-Cohort",4767
"15168",25,1,106.56,"2011-11-14 11:26:00","2011-11-14 11:26:00","Non-Cohort",2515
"18082",25,1,680.84,"2011-11-14 12:45:00","2011-11-14 12:45:00","Non-Cohort",5064
"16720",25,3,556.69,"2009-12-17 17:54:00","2011-11-13 16:22:00","Non-Cohort",3893
"12938",25,1,114.14,"2011-11-14 11:21:00","2011-11-14 11:21:00","Non-Cohort",534
"14499",25,7,2083.44,"2010-08-27 11:57:00","2011-11-13 13:01:00","Non-Cohort",1910
"12508",25,2,397.88,"2011-11-10 16:27:00","2011-11-13 15:37:00","Non-Cohort",148
"12428",25,8,6366.00,"2011-03-01 09:33:00","2011-11-14 08:22:00","Non-Cohort",72
"14530",25,16,5968.62,"2010-01-21 11:25:00","2011-11-14 10:38:00","Non-Cohort",1939
"15411",25,4,1336.43,"2011-06-10 12:30:00","2011-11-13 15:19:00","Non-Cohort",2728
"14862",25,2,841.20,"2011-07-14 11:20:00","2011-11-14 10:01:00","Non-Cohort",2237
"14784",25,3,449.93,"2010-11-15 09:49:00","2011-11-13 13:30:00","Non-Cohort",2170
"15365",25,13,3791.98,"2010-02-04 16:43:00","2011-11-14 08:29:00","Non-Cohort",2687
"18069",25,11,4434.17,"2010-02-28 16:14:00","2011-11-13 16:05:00","Non-Cohort",5053
"18117",25,1,314.40,"2011-11-14 12:47:00","2011-11-14 12:47:00","Non-Cohort",5095
"15291",25,39,13077.44,"2009-12-03 11:09:00","2011-11-14 11:02:00","Non-Cohort",2623
"14227",25,15,6324.76,"2010-02-08 09:38:00","2011-11-13 15:48:00","Non-Cohort",1674
"13603",25,1,164.34,"2011-11-13 15:57:00","2011-11-13 15:57:00","Non-Cohort",1121
"16936",25,2,548.29,"2010-11-19 11:54:00","2011-11-14 11:04:00","Non-Cohort",4082
"17538",25,1,98.42,"2011-11-14 12:12:00","2011-11-14 12:12:00","Non-Cohort",4603
"13700",25,13,2569.72,"2010-02-07 10:53:00","2011-11-13 13:00:00","Non-Cohort",1206
"14494",25,3,401.46,"2009-12-08 13:25:00","2011-11-14 09:21:00","Non-Cohort",1905
"16726",25,7,2063.88,"2010-10-24 16:09:00","2011-11-13 14:53:00","Non-Cohort",3898
"12689",25,2,1139.61,"2011-08-04 10:04:00","2011-11-14 08:31:00","Non-Cohort",314
"14382",25,2,1187.68,"2010-11-14 16:27:00","2011-11-13 16:18:00","Non-Cohort",1805
"17663",25,17,5081.04,"2009-12-03 18:29:00","2011-11-14 08:56:00","Non-Cohort",4718
"15203",25,15,4400.18,"2009-12-08 18:06:00","2011-11-14 08:16:00","Non-Cohort",2545
"15863",25,5,355.10,"2009-12-17 10:20:00","2011-11-14 12:49:00","Non-Cohort",3138
"15449",25,3,971.22,"2011-03-23 10:43:00","2011-11-13 15:02:00","Non-Cohort",2761
"16303",25,7,7823.72,"2010-03-18 14:12:00","2011-11-14 10:49:00","Non-Cohort",3522
"15787",25,3,933.26,"2011-10-09 13:11:00","2011-11-13 14:55:00","Non-Cohort",3070
"16930",25,3,378.89,"2011-10-02 14:25:00","2011-11-13 16:13:00","Non-Cohort",4077
"13451",25,11,7017.97,"2010-03-21 16:01:00","2011-11-13 15:58:00","Non-Cohort",985
"14684",25,6,1430.03,"2010-11-14 14:07:00","2011-11-14 11:33:00","Non-Cohort",2078
"12867",25,13,7782.91,"2009-12-16 16:25:00","2011-11-13 15:30:00","Non-Cohort",476
"14044",26,10,3057.00,"2010-01-24 15:14:00","2011-11-13 12:05:00","Non-Cohort",1508
"17041",26,6,1639.40,"2010-04-18 14:25:00","2011-11-13 11:21:00","Non-Cohort",4172
"17790",26,20,2779.41,"2010-06-13 13:30:00","2011-11-13 11:30:00","Non-Cohort",4826
"17838",26,13,5134.49,"2010-03-19 09:53:00","2011-11-13 11:38:00","Non-Cohort",4864
"14661",26,1,107.95,"2011-11-13 11:51:00","2011-11-13 11:51:00","Non-Cohort",2056
"13450",26,13,4117.54,"2010-04-15 19:15:00","2011-11-13 11:54:00","Non-Cohort",984
"13984",26,12,1461.32,"2009-12-07 11:51:00","2011-11-13 12:38:00","Non-Cohort",1451
"14882",26,14,3345.05,"2010-03-30 15:02:00","2011-11-13 12:47:00","Non-Cohort",2256
"13170",26,1,108.81,"2011-11-13 12:19:00","2011-11-13 12:19:00","Non-Cohort",742
"15599",26,3,1250.06,"2010-09-20 10:15:00","2011-11-13 11:44:00","Non-Cohort",2893
"13892",26,6,1267.65,"2010-05-13 10:32:00","2011-11-13 11:50:00","Non-Cohort",1377
"16416",26,9,2937.88,"2010-02-23 12:00:00","2011-11-13 12:50:00","Non-Cohort",3626
"17211",26,13,3728.80,"2009-12-13 13:17:00","2011-11-13 12:03:00","Non-Cohort",4324
"14487",26,7,1253.52,"2010-11-25 13:36:00","2011-11-13 12:17:00","Non-Cohort",1899
"15429",26,2,364.90,"2011-09-25 13:42:00","2011-11-13 12:28:00","Non-Cohort",2744
"16332",27,11,1977.05,"2010-04-29 13:41:00","2011-11-11 14:22:00","Non-Cohort",3549
"17054",27,5,1353.83,"2011-04-08 13:14:00","2011-11-11 12:56:00","Non-Cohort",4185
"15608",27,5,1785.98,"2010-10-20 10:10:00","2011-11-11 13:20:00","Non-Cohort",2902
"17052",27,1,399.09,"2011-11-11 14:50:00","2011-11-11 14:50:00","Non-Cohort",4183
"17088",27,4,1991.01,"2011-03-31 09:48:00","2011-11-11 14:23:00","Non-Cohort",4219
"15492",27,2,659.46,"2011-09-26 14:02:00","2011-11-11 14:53:00","Non-Cohort",2799
"15692",27,1,191.04,"2011-11-11 14:12:00","2011-11-11 14:12:00","Non-Cohort",2981
"18014",27,1,154.27,"2011-11-11 15:28:00","2011-11-11 15:28:00","Non-Cohort",5008
"16433",27,2,384.52,"2010-10-27 12:26:00","2011-11-11 14:09:00","Non-Cohort",3641
"12517",27,4,2263.65,"2011-06-02 15:13:00","2011-11-11 13:57:00","Non-Cohort",155
"17069",27,14,5441.35,"2009-12-03 12:27:00","2011-11-11 17:13:00","Non-Cohort",4200
"16460",27,3,811.23,"2011-09-19 10:15:00","2011-11-11 13:46:00","Non-Cohort",3667
"13557",27,13,2980.08,"2009-12-08 17:41:00","2011-11-11 15:24:00","Non-Cohort",1081
"17191",27,15,4284.84,"2009-12-01 16:34:00","2011-11-11 16:58:00","Non-Cohort",4309
"13732",27,1,491.86,"2011-11-11 15:49:00","2011-11-11 15:49:00","Non-Cohort",1237
"12480",27,7,4805.10,"2010-07-20 13:21:00","2011-11-11 14:52:00","Non-Cohort",121
"12685",27,6,2575.08,"2011-09-07 10:28:00","2011-11-11 13:46:00","Non-Cohort",311
"12691",27,6,1044.40,"2010-10-15 12:00:00","2011-11-11 16:49:00","Non-Cohort",316
"12726",27,11,3690.60,"2010-03-25 16:25:00","2011-11-11 13:35:00","Non-Cohort",348
"16671",27,3,1692.27,"2011-06-28 11:20:00","2011-11-11 13:40:00","Non-Cohort",3853
"12384",28,2,406.16,"2011-08-10 11:23:00","2011-11-11 08:39:00","Non-Cohort",35
"13817",28,2,328.98,"2010-12-23 11:46:00","2011-11-10 17:49:00","Non-Cohort",1311
"17295",28,3,547.00,"2011-10-06 12:22:00","2011-11-11 10:49:00","Non-Cohort",4397
"13727",28,8,1061.40,"2009-12-09 13:25:00","2011-11-11 09:46:00","Non-Cohort",1232
"15463",28,1,126.14,"2011-11-10 12:57:00","2011-11-10 12:57:00","Non-Cohort",2772
"14662",28,7,1376.43,"2009-12-03 16:47:00","2011-11-11 12:13:00","Non-Cohort",2057
"18135",28,10,1229.22,"2010-03-15 13:13:00","2011-11-10 19:32:00","Non-Cohort",5112
"14863",28,1,266.76,"2011-11-10 15:04:00","2011-11-10 15:04:00","Non-Cohort",2238
"13606",28,3,276.75,"2011-02-01 11:42:00","2011-11-10 17:46:00","Non-Cohort",1123
"16126",28,15,14644.60,"2009-12-02 13:34:00","2011-11-10 16:03:00","Non-Cohort",3368
"17901",28,3,260.08,"2010-07-06 10:54:00","2011-11-10 17:29:00","Non-Cohort",4917
"14829",28,7,1402.97,"2010-09-29 13:14:00","2011-11-10 16:16:00","Non-Cohort",2209
"14226",28,6,2950.38,"2010-09-24 14:32:00","2011-11-11 11:34:00","Non-Cohort",1673
"13810",28,2,827.51,"2011-10-14 12:57:00","2011-11-11 08:33:00","Non-Cohort",1304
"14765",28,3,254.11,"2011-06-16 19:49:00","2011-11-10 19:53:00","Non-Cohort",2152
"17977",28,2,1453.55,"2010-11-04 14:26:00","2011-11-10 13:28:00","Non-Cohort",4983
"13148",28,26,7990.11,"2009-12-07 15:26:00","2011-11-10 15:23:00","Non-Cohort",723
"17653",28,4,1175.88,"2011-08-11 15:24:00","2011-11-10 14:26:00","Non-Cohort",4708
"17442",28,15,4517.70,"2010-02-15 15:54:00","2011-11-10 14:54:00","Non-Cohort",4520
"17162",28,10,1707.21,"2011-02-07 12:27:00","2011-11-11 11:34:00","Non-Cohort",4283
"16863",28,3,812.82,"2010-10-26 10:03:00","2011-11-10 15:23:00","Non-Cohort",4019
"18209",28,1,139.10,"2011-11-11 12:07:00","2011-11-11 12:07:00","Non-Cohort",5183
"13460",28,2,183.44,"2011-10-21 09:50:00","2011-11-10 17:17:00","Non-Cohort",994
"16386",28,3,1068.16,"2010-11-17 11:19:00","2011-11-11 12:28:00","Non-Cohort",3597
"16434",28,12,2658.99,"2010-01-17 14:51:00","2011-11-10 14:28:00","Non-Cohort",3642
"15238",28,3,1056.54,"2011-06-08 16:00:00","2011-11-10 14:28:00","Non-Cohort",2575
"18217",28,4,902.80,"2010-07-01 15:39:00","2011-11-10 13:18:00","Non-Cohort",5191
"14712",28,4,1328.07,"2010-10-17 14:49:00","2011-11-10 12:59:00","Non-Cohort",2105
"14789",28,1,197.64,"2011-11-11 08:59:00","2011-11-11 08:59:00","Non-Cohort",2175
"12617",28,1,352.98,"2011-11-10 14:39:00","2011-11-10 14:39:00","Non-Cohort",247
"15289",28,5,1570.71,"2010-03-28 11:45:00","2011-11-10 13:49:00","Non-Cohort",2621
"14064",28,15,2967.57,"2010-01-21 13:22:00","2011-11-10 13:14:00","Non-Cohort",1528
"16907",28,9,1470.89,"2010-07-01 17:30:00","2011-11-10 18:04:00","Non-Cohort",4056
"16791",28,15,3852.31,"2009-12-03 18:08:00","2011-11-10 19:12:00","Non-Cohort",3954
"17109",28,8,1276.35,"2010-07-30 12:42:00","2011-11-10 16:59:00","Non-Cohort",4236
"15355",28,2,277.05,"2011-10-17 15:22:00","2011-11-10 13:44:00","Non-Cohort",2679
"16903",28,3,1009.45,"2010-10-20 14:42:00","2011-11-10 15:32:00","Non-Cohort",4052
"14466",28,13,4267.15,"2009-12-13 15:44:00","2011-11-10 14:07:00","Non-Cohort",1880
"12844",28,4,648.60,"2010-04-25 11:51:00","2011-11-10 13:31:00","Non-Cohort",456
"17512",28,18,5432.27,"2009-12-10 19:35:00","2011-11-11 12:11:00","Non-Cohort",4580
"12600",28,20,4343.60,"2009-12-07 13:37:00","2011-11-11 10:29:00","Non-Cohort",233
"17015",28,3,1838.61,"2011-06-07 13:19:00","2011-11-11 10:45:00","Non-Cohort",4148
"12589",28,6,2752.17,"2010-01-19 12:26:00","2011-11-11 10:19:00","Non-Cohort",222
"15557",28,1,468.91,"2011-11-11 12:46:00","2011-11-11 12:46:00","Non-Cohort",2857
"15830",28,1,547.70,"2011-11-02 10:40:00","2011-11-10 13:35:00","Non-Cohort",3108
"15184",28,4,685.39,"2009-12-16 12:06:00","2011-11-10 13:41:00","Non-Cohort",2527
"16743",28,14,4165.90,"2010-04-22 13:21:00","2011-11-10 13:13:00","Non-Cohort",3913
"14748",28,10,2208.89,"2009-12-01 11:56:00","2011-11-10 18:33:00","Non-Cohort",2135
"17932",28,3,1331.57,"2011-05-12 13:58:00","2011-11-10 19:49:00","Non-Cohort",4945
"12599",28,13,2026.72,"2010-05-11 10:42:00","2011-11-10 13:34:00","Non-Cohort",232
"15111",28,5,2442.37,"2010-04-26 13:12:00","2011-11-10 16:58:00","Non-Cohort",2465
"17573",28,3,362.90,"2011-09-07 10:36:00","2011-11-10 13:01:00","Non-Cohort",4632
"14035",28,9,2790.50,"2010-04-06 12:39:00","2011-11-11 10:03:00","Non-Cohort",1499
"12538",28,2,640.45,"2010-11-26 13:02:00","2011-11-10 17:16:00","Non-Cohort",175
"14944",29,19,9574.92,"2010-02-17 08:47:00","2011-11-10 09:10:00","Non-Cohort",2309
"12981",29,2,372.22,"2011-07-29 14:14:00","2011-11-10 12:00:00","Non-Cohort",571
"16003",29,10,5613.83,"2009-12-03 18:51:00","2011-11-10 09:57:00","Non-Cohort",3257
"16025",29,1,439.66,"2011-11-10 11:45:00","2011-11-10 11:45:00","Non-Cohort",3278
"14921",29,2,1316.07,"2011-05-22 12:51:00","2011-11-09 13:17:00","Non-Cohort",2293
"16628",29,7,2313.09,"2010-03-08 12:24:00","2011-11-10 12:45:00","Non-Cohort",3816
"18236",29,12,1795.35,"2010-04-15 13:39:00","2011-11-10 08:06:00","Non-Cohort",5210
"15452",29,6,1785.11,"2010-07-16 14:23:00","2011-11-10 12:13:00","Non-Cohort",2764
"17059",29,9,4846.87,"2010-01-26 14:43:00","2011-11-10 12:27:00","Non-Cohort",4190
"17011",29,3,536.70,"2010-02-26 09:47:00","2011-11-09 13:30:00","Non-Cohort",4145
"17690",29,20,6954.30,"2010-02-03 14:26:00","2011-11-09 15:17:00","Non-Cohort",4741
"12541",29,3,841.18,"2011-03-04 09:32:00","2011-11-10 10:40:00","Non-Cohort",178
"12544",29,1,299.70,"2011-11-03 16:15:00","2011-11-10 11:12:00","Non-Cohort",181
"14968",29,2,497.49,"2010-09-07 13:28:00","2011-11-09 13:58:00","Non-Cohort",2331
"16953",29,1,20.80,"2011-11-09 15:54:00","2011-11-09 15:54:00","Non-Cohort",4098
"16996",29,9,2044.16,"2010-10-18 12:24:00","2011-11-09 16:43:00","Non-Cohort",4132
"14240",29,3,1247.49,"2010-10-12 12:48:00","2011-11-09 13:45:00","Non-Cohort",1686
"15485",29,7,4663.92,"2009-12-01 17:31:00","2011-11-09 14:31:00","Non-Cohort",2792
"15785",29,16,5825.33,"2009-12-15 16:28:00","2011-11-10 12:08:00","Non-Cohort",3068
"16516",29,1,101.70,"2011-11-09 14:59:00","2011-11-09 14:59:00","Non-Cohort",3716
"15114",29,12,3400.12,"2010-10-14 16:44:00","2011-11-09 15:05:00","Non-Cohort",2468
"16218",29,13,3872.30,"2010-05-27 16:09:00","2011-11-10 09:59:00","Non-Cohort",3449
"13983",29,21,6638.85,"2009-12-09 13:53:00","2011-11-10 11:06:00","Non-Cohort",1450
"15986",29,2,354.42,"2010-11-23 10:02:00","2011-11-09 15:17:00","Non-Cohort",3243
"12659",29,1,73.68,"2011-11-10 11:53:00","2011-11-10 11:53:00","Non-Cohort",286
"18125",29,4,1130.10,"2011-01-27 15:02:00","2011-11-10 12:29:00","Non-Cohort",5102
"13522",29,1,125.80,"2011-11-09 15:11:00","2011-11-09 15:11:00","Non-Cohort",1054
"12532",29,1,313.83,"2011-11-09 13:47:00","2011-11-09 13:47:00","Non-Cohort",170
"12708",29,18,4381.72,"2009-12-18 10:25:00","2011-11-10 09:52:00","Non-Cohort",331
"17867",29,14,835.22,"2009-12-02 13:02:00","2011-11-09 14:15:00","Non-Cohort",4888
"17791",29,1,106.10,"2011-11-10 12:09:00","2011-11-10 12:09:00","Non-Cohort",4827
"17702",29,6,2999.94,"2010-11-04 12:09:00","2011-11-09 16:03:00","Non-Cohort",4752
"13992",29,3,219.50,"2010-09-02 17:04:00","2011-11-09 15:23:00","Non-Cohort",1458
"15597",29,2,554.52,"2010-05-13 13:10:00","2011-11-10 11:46:00","Non-Cohort",2891
"16986",29,11,4888.75,"2010-02-04 14:46:00","2011-11-10 11:55:00","Non-Cohort",4125
"17038",29,2,743.17,"2010-10-20 16:04:00","2011-11-09 13:50:00","Non-Cohort",4169
"15450",29,1,429.84,"2011-11-09 17:11:00","2011-11-09 17:11:00","Non-Cohort",2762
"17197",29,1,1013.01,"2011-11-10 10:32:00","2011-11-10 10:32:00","Non-Cohort",4314
"13209",29,13,8438.06,"2010-01-24 14:30:00","2011-11-09 13:54:00","Non-Cohort",776
"17416",29,22,17221.47,"2009-12-14 16:29:00","2011-11-10 12:47:00","Non-Cohort",4497
"17537",29,2,887.67,"2011-02-09 13:37:00","2011-11-10 10:56:00","Non-Cohort",4602
"13695",30,16,2770.73,"2010-05-11 11:07:00","2011-11-08 14:26:00","Non-Cohort",1202
"13867",30,3,1005.09,"2011-05-05 17:28:00","2011-11-08 15:48:00","Non-Cohort",1354
"17865",30,46,25584.75,"2009-12-01 10:49:00","2011-11-09 12:08:00","Non-Cohort",4886
"12949",30,22,15391.00,"2009-12-03 15:56:00","2011-11-09 11:25:00","Non-Cohort",545
"12849",30,6,3015.98,"2010-04-27 13:44:00","2011-11-08 13:41:00","Non-Cohort",460
"17022",30,2,260.00,"2010-10-03 10:27:00","2011-11-08 17:09:00","Non-Cohort",4155
"14108",30,4,1041.21,"2009-12-01 18:07:00","2011-11-09 10:41:00","Non-Cohort",1569
"13623",30,10,2456.73,"2009-12-02 11:36:00","2011-11-09 12:00:00","Non-Cohort",1140
"16602",30,2,711.63,"2010-11-16 09:13:00","2011-11-08 16:18:00","Non-Cohort",3791
"12613",30,9,6033.82,"2009-12-14 13:10:00","2011-11-08 13:30:00","Non-Cohort",243
"13975",30,12,5224.85,"2010-02-02 11:10:00","2011-11-08 13:19:00","Non-Cohort",1444
"17515",30,9,1602.51,"2010-06-07 13:29:00","2011-11-08 14:04:00","Non-Cohort",4583
"13272",30,2,276.56,"2011-09-11 12:06:00","2011-11-08 14:00:00","Non-Cohort",829
"17637",30,2,547.06,"2011-08-16 13:25:00","2011-11-08 12:51:00","Non-Cohort",4693
"13384",30,11,6635.09,"2010-07-27 12:22:00","2011-11-09 11:04:00","Non-Cohort",925
"13643",30,10,2112.17,"2009-12-08 12:48:00","2011-11-08 15:37:00","Non-Cohort",1158
"14691",30,5,2114.33,"2011-05-11 09:55:00","2011-11-09 12:30:00","Non-Cohort",2084
"17160",30,17,10201.36,"2009-12-04 10:57:00","2011-11-08 14:05:00","Non-Cohort",4281
"15275",30,1,609.19,"2011-11-02 11:20:00","2011-11-08 17:54:00","Non-Cohort",2610
"15027",30,10,2974.04,"2010-03-25 14:39:00","2011-11-09 10:16:00","Non-Cohort",2385
"14284",30,3,1282.85,"2010-02-24 12:06:00","2011-11-09 08:11:00","Non-Cohort",1723
"13110",30,12,2896.17,"2009-12-01 14:14:00","2011-11-08 14:30:00","Non-Cohort",685
"16751",30,1,1764.72,"2011-11-09 10:48:00","2011-11-09 10:48:00","Non-Cohort",3921
"15356",30,13,3239.57,"2010-10-13 13:12:00","2011-11-08 13:11:00","Non-Cohort",2680
"15043",30,6,2855.32,"2010-06-24 15:50:00","2011-11-08 14:26:00","Non-Cohort",2400
"13046",30,3,949.25,"2010-09-09 13:09:00","2011-11-09 08:36:00","Non-Cohort",629
"16837",30,11,3167.73,"2011-04-08 08:48:00","2011-11-08 14:27:00","Non-Cohort",3995
"16880",30,8,1813.21,"2010-08-03 13:54:00","2011-11-09 11:33:00","Non-Cohort",4031
"12472",30,19,14169.69,"2009-12-09 10:47:00","2011-11-09 11:33:00","Non-Cohort",113
"13029",30,5,1927.30,"2010-07-04 13:46:00","2011-11-09 09:13:00","Non-Cohort",614
"16284",30,3,1018.48,"2010-11-11 13:27:00","2011-11-08 16:12:00","Non-Cohort",3504
"16618",30,5,2630.64,"2011-01-21 11:55:00","2011-11-08 13:52:00","Non-Cohort",3806
"14676",30,12,8285.49,"2010-03-10 09:30:00","2011-11-08 13:29:00","Non-Cohort",2071
"15153",30,1,329.25,"2011-11-08 17:09:00","2011-11-08 17:09:00","Non-Cohort",2504
"18177",30,9,2189.07,"2009-12-15 18:57:00","2011-11-08 14:44:00","Non-Cohort",5152
"14214",30,5,1000.23,"2011-03-07 12:26:00","2011-11-09 10:31:00","Non-Cohort",1661
"17633",30,7,1974.89,"2010-11-15 14:55:00","2011-11-08 13:25:00","Non-Cohort",4690
"15513",30,35,25959.16,"2010-01-13 14:59:00","2011-11-08 16:21:00","Non-Cohort",2816
"15103",30,2,703.36,"2011-09-14 13:54:00","2011-11-08 14:53:00","Non-Cohort",2457
"12893",30,1,176.55,"2011-11-09 12:34:00","2011-11-09 12:34:00","Non-Cohort",496
"13804",30,9,3161.12,"2010-09-29 10:26:00","2011-11-09 12:32:00","Non-Cohort",1299
"16205",30,7,1813.51,"2010-06-15 11:58:00","2011-11-09 09:32:00","Non-Cohort",3436
"12990",30,7,955.50,"2010-03-30 11:36:00","2011-11-08 13:01:00","Non-Cohort",579
"16041",30,3,3166.40,"2011-07-21 16:27:00","2011-11-09 12:25:00","Non-Cohort",3293
"18164",30,1,394.70,"2011-11-02 12:56:00","2011-11-08 17:49:00","Non-Cohort",5140
"18216",30,1,481.75,"2011-11-08 16:55:00","2011-11-08 16:55:00","Non-Cohort",5190
"16767",30,15,7950.41,"2010-04-28 16:49:00","2011-11-09 09:42:00","Non-Cohort",3935
"13993",31,19,6690.36,"2009-12-03 11:57:00","2011-11-07 13:00:00","Non-Cohort",1459
"16187",31,15,6841.24,"2011-02-28 13:34:00","2011-11-08 09:50:00","Non-Cohort",3421
"18016",31,7,1954.56,"2010-01-27 16:00:00","2011-11-07 13:25:00","Non-Cohort",5010
"13710",31,3,509.52,"2010-04-06 12:54:00","2011-11-08 08:16:00","Non-Cohort",1216
"16348",31,8,1742.08,"2010-10-05 13:57:00","2011-11-07 15:44:00","Non-Cohort",3563
"12721",31,8,3555.83,"2010-08-25 11:07:00","2011-11-08 12:13:00","Non-Cohort",344
"16505",31,1,777.60,"2011-11-08 12:14:00","2011-11-08 12:14:00","Non-Cohort",3707
"17289",31,9,2032.30,"2010-03-08 12:52:00","2011-11-08 12:01:00","Non-Cohort",4391
"13717",31,8,1748.05,"2010-08-11 09:40:00","2011-11-07 14:13:00","Non-Cohort",1222
"15066",31,1,760.59,"2011-10-17 13:25:00","2011-11-08 09:56:00","Non-Cohort",2422
"14360",31,4,2118.03,"2011-09-06 11:58:00","2011-11-08 09:12:00","Non-Cohort",1787
"14232",31,5,2043.93,"2011-03-20 12:44:00","2011-11-08 12:17:00","Non-Cohort",1679
"18036",31,11,1545.49,"2009-12-18 12:04:00","2011-11-07 14:40:00","Non-Cohort",5027
"13587",31,4,1308.10,"2010-02-14 13:17:00","2011-11-08 11:17:00","Non-Cohort",1106
"14929",31,2,836.69,"2010-10-14 12:22:00","2011-11-07 17:21:00","Non-Cohort",2298
"15763",31,2,1048.67,"2011-09-23 12:10:00","2011-11-08 09:44:00","Non-Cohort",3047
"17043",31,8,2593.65,"2009-12-09 15:20:00","2011-11-07 15:33:00","Non-Cohort",4174
"12832",31,2,383.03,"2011-09-02 13:48:00","2011-11-07 13:30:00","Non-Cohort",445
"17964",31,2,463.21,"2010-12-02 13:32:00","2011-11-08 10:44:00","Non-Cohort",4973
"14050",31,2,746.36,"2011-08-25 13:46:00","2011-11-08 10:00:00","Non-Cohort",1514
"17219",31,2,259.13,"2010-10-19 11:29:00","2011-11-08 11:25:00","Non-Cohort",4332
"17158",31,5,1962.30,"2010-03-07 15:50:00","2011-11-07 15:15:00","Non-Cohort",4279
"14623",31,10,1983.55,"2010-04-16 17:12:00","2011-11-07 13:56:00","Non-Cohort",2019
"15249",31,18,9147.15,"2010-03-26 14:51:00","2011-11-08 11:45:00","Non-Cohort",2584
"13324",31,18,10421.37,"2010-05-25 10:23:00","2011-11-07 15:51:00","Non-Cohort",874
"16637",31,4,1124.59,"2011-04-28 10:20:00","2011-11-07 13:17:00","Non-Cohort",3823
"15330",31,2,714.96,"2011-10-10 12:30:00","2011-11-07 17:50:00","Non-Cohort",2660
"18150",31,3,566.58,"2011-05-22 10:47:00","2011-11-07 16:49:00","Non-Cohort",5126
"13329",31,8,4672.82,"2009-12-04 15:41:00","2011-11-08 10:29:00","Non-Cohort",879
"16732",31,4,3966.79,"2009-12-08 13:04:00","2011-11-08 09:54:00","Non-Cohort",3903
"17886",31,6,1562.60,"2009-12-14 10:51:00","2011-11-08 10:09:00","Non-Cohort",4902
"14700",31,5,3076.06,"2010-08-11 12:19:00","2011-11-07 14:40:00","Non-Cohort",2093
"14524",31,13,2909.86,"2010-10-19 11:44:00","2011-11-08 12:29:00","Non-Cohort",1934
"16362",31,6,816.96,"2010-09-28 09:24:00","2011-11-07 13:01:00","Non-Cohort",3576
"15957",31,3,921.25,"2010-10-15 12:11:00","2011-11-08 12:14:00","Non-Cohort",3217
"15573",31,5,1180.47,"2009-12-10 14:19:00","2011-11-08 11:38:00","Non-Cohort",2870
"13634",32,15,4434.16,"2010-01-10 14:26:00","2011-11-06 13:40:00","Non-Cohort",1149
"17608",32,4,488.06,"2010-04-11 13:37:00","2011-11-06 13:06:00","Non-Cohort",4665
"16771",32,10,3921.10,"2009-12-09 11:52:00","2011-11-06 13:28:00","Non-Cohort",3939
"12357",32,2,17437.66,"2010-11-16 10:05:00","2011-11-06 16:07:00","Non-Cohort",11
"17831",32,1,35.40,"2011-11-06 15:09:00","2011-11-06 15:09:00","Non-Cohort",4858
"18170",32,9,2878.00,"2010-01-08 14:10:00","2011-11-06 14:35:00","Non-Cohort",5146
"14517",32,2,330.45,"2011-07-21 11:42:00","2011-11-06 14:20:00","Non-Cohort",1927
"15696",32,13,3732.12,"2010-01-24 14:36:00","2011-11-06 14:02:00","Non-Cohort",2985
"15522",32,2,397.99,"2011-09-13 12:26:00","2011-11-07 11:26:00","Non-Cohort",2823
"14387",32,3,1727.60,"2011-08-22 14:13:00","2011-11-07 12:29:00","Non-Cohort",1810
"17623",32,7,2365.77,"2009-12-14 14:36:00","2011-11-07 11:32:00","Non-Cohort",4680
"15025",32,2,971.84,"2010-05-20 13:28:00","2011-11-06 15:20:00","Non-Cohort",2383
"16232",32,7,2692.02,"2010-06-07 14:04:00","2011-11-07 11:12:00","Non-Cohort",3460
"12638",32,2,681.49,"2010-03-10 10:30:00","2011-11-06 13:11:00","Non-Cohort",266
"17082",32,6,4732.03,"2009-12-15 11:25:00","2011-11-06 15:17:00","Non-Cohort",4213
"15493",32,9,4078.64,"2010-02-23 11:14:00","2011-11-07 12:04:00","Non-Cohort",2800
"15526",32,2,148.44,"2011-11-06 15:01:00","2011-11-06 15:04:00","Non-Cohort",2827
"13523",32,6,4325.07,"2010-11-02 14:55:00","2011-11-06 15:11:00","Non-Cohort",1055
"16053",32,6,3606.14,"2010-04-08 11:11:00","2011-11-07 11:21:00","Non-Cohort",3304
"17164",32,7,2466.40,"2011-03-11 14:26:00","2011-11-07 09:14:00","Non-Cohort",4285
"15870",32,4,857.46,"2010-09-19 16:22:00","2011-11-07 10:58:00","Non-Cohort",3145
"13824",32,12,3273.36,"2010-03-12 15:17:00","2011-11-07 12:41:00","Non-Cohort",1317
"14174",32,1,134.46,"2011-11-06 13:17:00","2011-11-06 13:17:00","Non-Cohort",1628
"17761",32,1,712.78,"2011-11-07 10:23:00","2011-11-07 10:23:00","Non-Cohort",4800
"16357",32,4,868.37,"2010-11-23 18:52:00","2011-11-06 16:04:00","Non-Cohort",3571
"17107",32,10,15595.37,"2010-01-31 15:47:00","2011-11-07 08:41:00","Non-Cohort",4234
"13759",32,2,659.41,"2011-09-29 15:40:00","2011-11-06 14:47:00","Non-Cohort",1260
"14039",32,2,267.28,"2010-05-13 10:15:00","2011-11-06 13:48:00","Non-Cohort",1503
"15618",32,4,747.03,"2011-07-26 10:13:00","2011-11-07 08:34:00","Non-Cohort",2911
"13155",32,6,1370.48,"2010-08-05 09:30:00","2011-11-06 15:41:00","Non-Cohort",728
"14080",32,5,1075.73,"2009-12-02 15:01:00","2011-11-07 11:09:00","Non-Cohort",1543
"13097",32,27,12811.56,"2009-12-01 13:31:00","2011-11-07 10:43:00","Non-Cohort",674
"16372",32,5,1260.31,"2010-04-11 15:20:00","2011-11-06 13:08:00","Non-Cohort",3586
"16488",32,3,492.20,"2011-07-14 11:46:00","2011-11-06 13:42:00","Non-Cohort",3693
"15427",32,3,1430.54,"2011-10-23 14:47:00","2011-11-06 14:29:00","Non-Cohort",2742
"12408",32,8,3859.64,"2010-07-29 13:27:00","2011-11-07 12:27:00","Non-Cohort",54
"17430",32,4,622.57,"2010-08-17 11:52:00","2011-11-07 09:24:00","Non-Cohort",4509
"16612",32,9,3243.48,"2009-12-03 15:54:00","2011-11-07 07:38:00","Non-Cohort",3800
"15719",32,31,10117.22,"2009-12-01 12:47:00","2011-11-07 12:29:00","Non-Cohort",3007
"13527",33,12,4507.59,"2010-01-21 12:37:00","2011-11-06 12:04:00","Non-Cohort",1059
"16676",33,6,2328.50,"2010-10-17 13:07:00","2011-11-06 12:01:00","Non-Cohort",3858
"13532",33,1,210.31,"2011-11-06 12:25:00","2011-11-06 12:25:00","Non-Cohort",1063
"12838",33,10,2953.46,"2010-04-26 09:59:00","2011-11-06 12:20:00","Non-Cohort",450
"12645",33,8,3175.10,"2010-02-09 10:49:00","2011-11-06 12:38:00","Non-Cohort",273
"16466",33,15,3642.09,"2010-03-07 14:31:00","2011-11-06 11:35:00","Non-Cohort",3672
"15952",33,4,781.91,"2011-04-28 12:55:00","2011-11-06 11:18:00","Non-Cohort",3212
"15407",33,4,1046.74,"2011-02-07 13:18:00","2011-11-06 11:55:00","Non-Cohort",2724
"13772",33,8,3080.52,"2010-02-23 13:55:00","2011-11-06 11:43:00","Non-Cohort",1272
"16243",33,2,409.10,"2011-10-16 12:09:00","2011-11-06 12:32:00","Non-Cohort",3470
"15017",33,1,125.58,"2011-11-06 10:33:00","2011-11-06 10:33:00","Non-Cohort",2376
"14404",33,13,2625.13,"2009-12-20 14:40:00","2011-11-06 12:30:00","Non-Cohort",1825
"16445",33,4,583.16,"2010-10-24 12:39:00","2011-11-06 12:32:00","Non-Cohort",3652
"15345",34,1,367.69,"2011-10-25 11:28:00","2011-11-04 13:24:00","Non-Cohort",2672
"15598",34,2,543.02,"2010-10-08 09:20:00","2011-11-04 13:14:00","Non-Cohort",2892
"16318",34,1,328.15,"2011-11-04 13:05:00","2011-11-04 13:05:00","Non-Cohort",3535
"16887",34,3,658.17,"2009-12-01 13:41:00","2011-11-04 14:07:00","Non-Cohort",4038
"14412",34,3,1417.49,"2010-10-11 12:33:00","2011-11-04 13:14:00","Non-Cohort",1832
"15329",34,11,2737.18,"2009-12-14 12:18:00","2011-11-04 12:56:00","Non-Cohort",2659
"12577",34,8,1550.75,"2009-12-03 19:31:00","2011-11-04 13:28:00","Non-Cohort",210
"13938",34,1,71.66,"2011-11-04 14:37:00","2011-11-04 14:37:00","Non-Cohort",1415
"16555",34,6,285.89,"2010-07-22 13:39:00","2011-11-04 14:31:00","Non-Cohort",3753
"14592",34,3,557.94,"2011-10-06 18:08:00","2011-11-04 16:35:00","Non-Cohort",1995
"14971",34,3,1097.98,"2011-10-27 13:33:00","2011-11-04 17:07:00","Non-Cohort",2334
"12928",34,12,4304.89,"2010-06-08 10:16:00","2011-11-04 14:24:00","Non-Cohort",524
"17084",34,3,4997.96,"2010-11-08 12:00:00","2011-11-04 14:54:00","Non-Cohort",4215
"14842",34,4,2456.80,"2011-02-04 15:32:00","2011-11-04 13:09:00","Non-Cohort",2219
"16012",34,5,2978.59,"2010-06-28 11:39:00","2011-11-04 13:25:00","Non-Cohort",3266
"17703",34,4,1094.84,"2010-10-17 16:16:00","2011-11-04 15:51:00","Non-Cohort",4753
"15468",34,3,1387.48,"2010-11-12 09:39:00","2011-11-04 13:11:00","Non-Cohort",2777
"17274",34,2,573.22,"2010-11-09 12:06:00","2011-11-04 13:16:00","Non-Cohort",4380
"14567",34,2,1524.46,"2011-08-01 13:48:00","2011-11-04 13:57:00","Non-Cohort",1975
"17233",34,3,560.86,"2009-12-15 12:03:00","2011-11-04 14:06:00","Non-Cohort",4346
"15707",34,4,916.98,"2011-09-14 14:19:00","2011-11-04 14:35:00","Non-Cohort",2996
"12484",34,9,5490.80,"2009-12-03 10:57:00","2011-11-04 15:18:00","Non-Cohort",125
"18205",35,2,517.36,"2011-09-26 12:02:00","2011-11-03 13:22:00","Non-Cohort",5179
"16914",35,1,183.76,"2011-11-03 15:27:00","2011-11-03 15:27:00","Non-Cohort",4063
"17076",35,6,1242.75,"2009-12-04 12:12:00","2011-11-03 17:53:00","Non-Cohort",4207
"13592",35,4,247.96,"2011-03-20 14:01:00","2011-11-04 09:49:00","Non-Cohort",1111
"14636",35,2,609.85,"2011-03-16 09:52:00","2011-11-03 16:12:00","Non-Cohort",2032
"15010",35,1,308.94,"2011-11-04 12:42:00","2011-11-04 12:42:00","Non-Cohort",2370
"14150",35,2,658.64,"2010-12-15 10:04:00","2011-11-04 10:05:00","Non-Cohort",1606
"13925",35,4,616.65,"2011-07-28 12:09:00","2011-11-03 13:00:00","Non-Cohort",1402
"18022",35,5,1506.62,"2010-06-11 13:59:00","2011-11-04 12:45:00","Non-Cohort",5016
"13721",35,2,741.54,"2010-11-09 17:59:00","2011-11-03 14:05:00","Non-Cohort",1226
"14856",35,3,1290.53,"2011-10-14 09:35:00","2011-11-03 14:53:00","Non-Cohort",2231
"17979",35,4,709.11,"2011-03-25 11:34:00","2011-11-04 12:05:00","Non-Cohort",4984
"15521",35,16,6780.39,"2010-01-05 10:19:00","2011-11-03 13:52:00","Non-Cohort",2822
"15605",35,9,1738.55,"2010-01-14 14:03:00","2011-11-03 14:17:00","Non-Cohort",2899
"15252",35,5,2053.06,"2010-04-07 10:24:00","2011-11-03 13:30:00","Non-Cohort",2587
"18081",35,3,343.45,"2011-07-29 11:56:00","2011-11-03 16:30:00","Non-Cohort",5063
"16014",35,5,1091.03,"2010-01-31 12:43:00","2011-11-04 11:23:00","Non-Cohort",3268
"17193",35,9,2254.60,"2009-12-02 10:02:00","2011-11-04 12:47:00","Non-Cohort",4311
"18035",35,5,1260.23,"2010-11-19 13:42:00","2011-11-04 12:39:00","Non-Cohort",5026
"17930",35,13,4242.92,"2010-03-04 10:41:00","2011-11-04 10:23:00","Non-Cohort",4943
"15612",35,2,195.15,"2011-10-09 12:49:00","2011-11-03 14:52:00","Non-Cohort",2906
"17634",35,9,2358.59,"2011-01-06 12:45:00","2011-11-03 13:09:00","Non-Cohort",4691
"14913",35,8,4073.13,"2010-08-11 08:40:00","2011-11-04 08:29:00","Non-Cohort",2285
"12397",35,2,2214.90,"2011-07-27 14:21:00","2011-11-04 09:52:00","Non-Cohort",45
"15722",35,11,5107.85,"2010-03-09 13:58:00","2011-11-04 11:43:00","Non-Cohort",3010
"17351",35,12,1964.38,"2009-12-10 18:43:00","2011-11-03 18:45:00","Non-Cohort",4441
"16409",35,12,5652.74,"2009-12-13 15:38:00","2011-11-03 16:45:00","Non-Cohort",3619
"17203",35,10,5564.09,"2010-11-16 12:52:00","2011-11-04 12:27:00","Non-Cohort",4318
"12944",35,2,604.51,"2010-12-20 10:41:00","2011-11-04 11:04:00","Non-Cohort",540
"12352",35,9,1609.21,"2010-11-12 10:20:00","2011-11-03 14:37:00","Non-Cohort",6
"15809",35,7,862.88,"2010-06-22 14:23:00","2011-11-04 12:05:00","Non-Cohort",3089
"17403",35,2,382.87,"2010-09-15 12:29:00","2011-11-03 15:18:00","Non-Cohort",4486
"12576",35,8,2003.87,"2010-07-01 13:46:00","2011-11-04 10:11:00","Non-Cohort",209
"17078",35,2,375.86,"2011-11-03 18:49:00","2011-11-03 19:17:00","Non-Cohort",4209
"16729",35,21,7045.41,"2011-04-12 14:22:00","2011-11-03 19:11:00","Non-Cohort",3900
"12431",35,25,9963.66,"2010-01-15 09:04:00","2011-11-04 11:55:00","Non-Cohort",75
"13168",35,5,1831.68,"2010-06-15 15:00:00","2011-11-03 12:56:00","Non-Cohort",740
"18104",36,1,754.64,"2011-11-02 14:07:00","2011-11-02 14:07:00","Non-Cohort",5083
"15551",36,7,1629.01,"2010-06-07 15:05:00","2011-11-03 12:37:00","Non-Cohort",2851
"13904",36,2,332.64,"2011-02-18 11:18:00","2011-11-02 13:41:00","Non-Cohort",1388
"13636",36,5,941.62,"2011-02-27 14:29:00","2011-11-03 10:30:00","Non-Cohort",1151
"12808",36,5,748.70,"2010-09-03 10:24:00","2011-11-03 10:05:00","Non-Cohort",421
"14974",36,1,89.94,"2011-11-02 13:01:00","2011-11-02 13:01:00","Non-Cohort",2337
"16706",36,3,531.35,"2011-08-17 15:53:00","2011-11-02 13:50:00","Non-Cohort",3881
"16841",36,12,3841.16,"2010-01-12 11:32:00","2011-11-03 11:51:00","Non-Cohort",3999
"17800",36,9,1186.21,"2011-01-09 13:50:00","2011-11-02 12:57:00","Non-Cohort",4836
"13271",36,1,172.37,"2011-11-02 14:31:00","2011-11-02 14:43:00","Non-Cohort",828
"17947",36,1,176.68,"2011-11-02 13:05:00","2011-11-02 13:05:00","Non-Cohort",4957
"15998",36,16,8186.19,"2009-12-01 11:45:00","2011-11-03 12:45:00","Non-Cohort",3253
"14815",36,2,778.50,"2011-10-03 11:36:00","2011-11-03 11:36:00","Non-Cohort",2197
"17816",36,6,96.11,"2009-12-15 15:27:00","2011-11-03 11:34:00","Non-Cohort",4847
"14098",36,1,147.35,"2011-11-03 10:13:00","2011-11-03 10:13:00","Non-Cohort",1560
"13316",36,10,12818.42,"2010-03-10 10:01:00","2011-11-02 13:40:00","Non-Cohort",866
"15227",36,9,2488.49,"2010-03-16 08:23:00","2011-11-03 11:59:00","Non-Cohort",2565
"16221",36,9,2011.97,"2010-08-10 13:32:00","2011-11-03 11:43:00","Non-Cohort",3452
"14528",36,1,364.22,"2011-11-02 17:09:00","2011-11-02 17:09:00","Non-Cohort",1937
"17999",36,3,528.46,"2010-11-26 13:16:00","2011-11-02 15:56:00","Non-Cohort",4998
"15651",36,5,1259.06,"2010-04-22 13:26:00","2011-11-03 08:41:00","Non-Cohort",2942
"13728",36,16,2855.17,"2009-12-09 17:13:00","2011-11-03 10:49:00","Non-Cohort",1233
"16367",36,3,1350.48,"2010-11-21 13:23:00","2011-11-02 13:13:00","Non-Cohort",3581
"16337",36,1,151.05,"2011-11-03 10:03:00","2011-11-03 10:03:00","Non-Cohort",3553
"12594",37,14,4862.51,"2010-03-03 13:51:00","2011-11-02 12:20:00","Non-Cohort",227
"16971",37,1,357.21,"2011-11-01 15:06:00","2011-11-01 15:06:00","Non-Cohort",4115
"17966",37,10,1963.92,"2010-01-18 13:24:00","2011-11-02 10:26:00","Non-Cohort",4975
"17965",37,29,6879.70,"2009-12-14 13:19:00","2011-11-02 09:31:00","Non-Cohort",4974
"15847",37,5,822.57,"2010-03-08 08:47:00","2011-11-01 14:41:00","Non-Cohort",3123
"17719",37,15,5367.80,"2011-03-29 11:29:00","2011-11-02 10:36:00","Non-Cohort",4766
"16884",37,4,1070.97,"2010-05-18 12:00:00","2011-11-02 11:52:00","Non-Cohort",4035
"13477",37,11,2806.12,"2010-01-25 11:52:00","2011-11-02 12:04:00","Non-Cohort",1010
"12830",37,6,6814.64,"2011-06-21 10:53:00","2011-11-02 11:54:00","Non-Cohort",443
"15065",37,5,3304.71,"2010-10-25 09:13:00","2011-11-02 09:45:00","Non-Cohort",2421
"17696",37,27,7380.89,"2009-12-10 17:09:00","2011-11-01 13:43:00","Non-Cohort",4746
"14383",37,3,1247.69,"2011-06-29 10:18:00","2011-11-01 15:53:00","Non-Cohort",1806
"18270",37,3,406.30,"2010-10-03 10:49:00","2011-11-01 13:57:00","Non-Cohort",5240
"16308",37,7,5120.00,"2009-12-15 15:48:00","2011-11-02 11:24:00","Non-Cohort",3527
"15423",37,3,219.14,"2010-03-28 13:42:00","2011-11-01 14:01:00","Non-Cohort",2739
"18105",37,1,113.48,"2011-11-02 12:04:00","2011-11-02 12:04:00","Non-Cohort",5084
"15576",37,1,921.37,"2011-11-02 12:03:00","2011-11-02 12:03:00","Non-Cohort",2873
"16043",37,8,1856.59,"2010-08-15 11:26:00","2011-11-02 12:50:00","Non-Cohort",3295
"12522",38,2,156.72,"2011-10-19 14:41:00","2011-10-31 15:30:00","Non-Cohort",160
"16830",38,4,1183.70,"2009-12-13 12:11:00","2011-11-01 11:35:00","Non-Cohort",3988
"14995",38,2,231.98,"2011-03-04 13:14:00","2011-11-01 11:39:00","Non-Cohort",2356
"13697",38,1,151.30,"2011-11-01 09:14:00","2011-11-01 09:14:00","Non-Cohort",1203
"12491",38,1,424.40,"2011-11-01 12:18:00","2011-11-01 12:18:00","Non-Cohort",132
"18226",38,26,11749.58,"2010-03-05 10:05:00","2011-11-01 09:57:00","Non-Cohort",5200
"13726",38,2,1079.66,"2011-08-31 11:06:00","2011-11-01 10:49:00","Non-Cohort",1231
"16969",38,3,650.41,"2011-06-01 12:10:00","2011-10-31 13:12:00","Non-Cohort",4113
"18257",38,12,4490.45,"2010-02-18 16:20:00","2011-10-31 14:48:00","Non-Cohort",5228
"16150",38,10,3761.27,"2009-12-01 14:02:00","2011-11-01 09:29:00","Non-Cohort",3389
"17166",38,2,189.49,"2011-05-20 08:18:00","2011-11-01 09:46:00","Non-Cohort",4287
"13982",38,9,3927.49,"2010-01-20 14:04:00","2011-10-31 16:24:00","Non-Cohort",1449
"13461",38,6,4138.50,"2010-04-21 16:01:00","2011-11-01 09:01:00","Non-Cohort",995
"13327",38,19,8914.42,"2009-12-18 15:35:00","2011-11-01 10:21:00","Non-Cohort",877
"16960",38,8,1967.48,"2010-03-02 13:36:00","2011-11-01 11:35:00","Non-Cohort",4105
"16029",38,106,97066.71,"2009-12-08 11:23:00","2011-11-01 10:27:00","Non-Cohort",3282
"14738",38,9,1763.64,"2009-12-07 10:21:00","2011-10-31 12:57:00","Non-Cohort",2126
"16648",38,3,653.00,"2010-04-28 14:58:00","2011-11-01 09:52:00","Non-Cohort",3833
"12588",38,3,698.98,"2010-04-21 12:22:00","2011-10-31 15:01:00","Non-Cohort",221
"14485",38,1,162.80,"2011-11-01 12:25:00","2011-11-01 12:25:00","Non-Cohort",1897
"14345",38,1,108.98,"2011-11-01 09:51:00","2011-11-01 09:51:00","Non-Cohort",1774
"13292",38,5,987.79,"2010-07-01 14:36:00","2011-11-01 10:04:00","Non-Cohort",846
"14167",38,8,1274.29,"2010-01-27 16:07:00","2011-10-31 14:29:00","Non-Cohort",1623
"17396",38,13,8159.10,"2010-09-24 13:04:00","2011-10-31 14:12:00","Non-Cohort",4480
"13032",38,9,2790.00,"2010-09-05 14:01:00","2011-11-01 09:56:00","Non-Cohort",616
"17733",38,2,692.19,"2011-03-23 09:54:00","2011-11-01 08:16:00","Non-Cohort",4778
"15974",38,7,3429.55,"2011-02-24 10:10:00","2011-10-31 13:13:00","Non-Cohort",3231
"16825",38,5,1826.89,"2010-06-23 13:14:00","2011-11-01 11:51:00","Non-Cohort",3984
"16018",38,4,698.13,"2009-12-07 13:57:00","2011-10-31 14:13:00","Non-Cohort",3272
"16127",38,2,801.31,"2009-12-13 12:19:00","2011-10-31 13:58:00","Non-Cohort",3369
"15018",38,3,456.26,"2010-12-07 10:47:00","2011-11-01 12:47:00","Non-Cohort",2377
"17951",39,4,1322.88,"2010-10-31 15:15:00","2011-10-31 12:30:00","Non-Cohort",4961
"15667",39,1,301.32,"2011-10-31 10:56:00","2011-10-31 10:56:00","Non-Cohort",2958
"13617",39,8,1263.80,"2010-08-01 15:23:00","2011-10-30 13:50:00","Non-Cohort",1134
"16049",39,6,1852.15,"2010-07-11 13:53:00","2011-10-30 13:19:00","Non-Cohort",3300
"15669",39,4,677.69,"2011-03-21 09:13:00","2011-10-30 16:03:00","Non-Cohort",2960
"13607",39,2,1058.11,"2010-11-02 11:48:00","2011-10-30 16:17:00","Non-Cohort",1124
"18067",39,1,396.33,"2011-10-30 15:58:00","2011-10-30 15:58:00","Non-Cohort",5051
"13186",39,3,1539.69,"2011-08-03 09:09:00","2011-10-31 11:40:00","Non-Cohort",756
"12909",39,8,3034.77,"2010-02-24 12:14:00","2011-10-31 12:43:00","Non-Cohort",509
"12581",39,1,179.71,"2011-10-31 08:56:00","2011-10-31 08:56:00","Non-Cohort",214
"15385",39,3,942.08,"2010-01-31 13:02:00","2011-10-30 15:11:00","Non-Cohort",2704
"13145",39,7,1124.77,"2010-04-19 11:11:00","2011-10-31 12:45:00","Non-Cohort",720
"14295",39,4,2309.06,"2009-12-09 13:06:00","2011-10-30 15:50:00","Non-Cohort",1733
"15478",39,3,1940.98,"2010-05-13 18:49:00","2011-10-30 14:19:00","Non-Cohort",2786
"12571",39,2,519.61,"2011-08-10 12:35:00","2011-10-31 10:19:00","Non-Cohort",204
"14808",39,8,2277.80,"2011-06-20 12:53:00","2011-10-31 12:21:00","Non-Cohort",2192
"15376",39,3,1221.56,"2011-05-01 13:45:00","2011-10-30 15:04:00","Non-Cohort",2697
"13103",39,3,709.64,"2010-05-11 14:41:00","2011-10-31 09:38:00","Non-Cohort",679
"14158",39,1,507.66,"2011-10-30 15:08:00","2011-10-30 15:08:00","Non-Cohort",1614
"13813",39,8,2308.42,"2009-12-06 10:16:00","2011-10-31 10:38:00","Non-Cohort",1307
"17213",39,13,4766.03,"2009-12-08 12:51:00","2011-10-30 14:53:00","Non-Cohort",4326
"13544",39,6,781.70,"2010-03-05 11:31:00","2011-10-31 11:57:00","Non-Cohort",1072
"13651",39,2,193.95,"2010-11-23 09:44:00","2011-10-31 12:11:00","Non-Cohort",1164
"15360",39,1,427.93,"2011-10-31 09:35:00","2011-10-31 09:35:00","Non-Cohort",2683
"16190",39,8,2723.55,"2009-12-14 11:59:00","2011-10-30 15:59:00","Non-Cohort",3424
"17796",39,7,1236.39,"2010-10-14 13:37:00","2011-10-30 15:38:00","Non-Cohort",4832
"13421",39,8,4033.95,"2010-02-14 12:59:00","2011-10-30 14:21:00","Non-Cohort",958
"15748",39,3,609.81,"2010-09-16 16:52:00","2011-10-30 12:51:00","Non-Cohort",3033
"12552",39,1,317.82,"2011-10-31 12:11:00","2011-10-31 12:11:00","Non-Cohort",188
"15752",39,9,3916.46,"2010-09-08 11:56:00","2011-10-31 11:37:00","Non-Cohort",3037
"16836",39,4,782.37,"2010-05-14 12:52:00","2011-10-31 10:05:00","Non-Cohort",3994
"17447",39,2,541.53,"2011-09-29 10:10:00","2011-10-30 14:18:00","Non-Cohort",4524
"17373",39,7,1167.50,"2010-02-28 14:17:00","2011-10-30 15:28:00","Non-Cohort",4460
"17372",40,27,4264.33,"2009-12-03 18:41:00","2011-10-30 11:37:00","Non-Cohort",4459
"14582",40,1,114.11,"2011-10-30 11:56:00","2011-10-30 11:56:00","Non-Cohort",1987
"14810",40,13,2354.03,"2010-10-06 13:12:00","2011-10-30 11:19:00","Non-Cohort",2194
"14179",40,2,701.57,"2011-10-18 14:00:00","2011-10-30 12:07:00","Non-Cohort",1633
"17609",40,11,1740.01,"2010-04-09 16:54:00","2011-10-30 12:28:00","Non-Cohort",4666
"16235",40,8,1980.61,"2010-08-26 12:10:00","2011-10-30 10:56:00","Non-Cohort",3463
"14040",40,35,12340.13,"2009-12-01 12:14:00","2011-10-30 12:42:00","Non-Cohort",1504
"15860",40,17,2358.80,"2009-12-06 12:31:00","2011-10-30 11:25:00","Non-Cohort",3135
"17255",40,4,781.70,"2010-09-19 15:53:00","2011-10-30 12:18:00","Non-Cohort",4366
"15059",40,19,3394.45,"2009-12-06 10:57:00","2011-10-30 11:35:00","Non-Cohort",2416
"13278",40,4,1425.35,"2010-04-08 11:59:00","2011-10-30 11:49:00","Non-Cohort",833
"15708",40,9,3840.73,"2010-10-10 11:33:00","2011-10-30 10:54:00","Non-Cohort",2997
"14077",40,6,615.08,"2010-11-09 16:01:00","2011-10-30 12:35:00","Non-Cohort",1540
"17018",40,6,2287.70,"2009-12-05 10:27:00","2011-10-30 11:42:00","Non-Cohort",4151
"15370",40,8,3713.51,"2010-10-25 12:08:00","2011-10-30 10:58:00","Non-Cohort",2691
"13524",40,5,680.18,"2011-05-04 12:26:00","2011-10-30 12:34:00","Non-Cohort",1056
"16601",40,3,675.83,"2010-03-26 13:39:00","2011-10-30 11:09:00","Non-Cohort",3790
"15865",40,5,2241.42,"2010-01-05 13:58:00","2011-10-30 12:43:00","Non-Cohort",3140
"13566",40,5,1684.75,"2010-03-10 12:22:00","2011-10-30 11:59:00","Non-Cohort",1089
"17837",41,8,1502.48,"2011-06-29 16:44:00","2011-10-28 16:15:00","Non-Cohort",4863
"17839",41,1,318.15,"2011-10-28 17:27:00","2011-10-28 17:27:00","Non-Cohort",4865
"12678",41,15,32165.13,"2010-01-07 16:46:00","2011-10-28 13:04:00","Non-Cohort",304
"12895",41,2,347.30,"2011-09-14 08:35:00","2011-10-28 13:51:00","Non-Cohort",498
"17418",41,3,670.06,"2010-11-17 13:42:00","2011-10-28 13:00:00","Non-Cohort",4499
"13812",41,3,485.00,"2011-08-26 12:54:00","2011-10-28 14:27:00","Non-Cohort",1306
"16102",41,3,1842.14,"2011-08-03 12:50:00","2011-10-28 13:19:00","Non-Cohort",3346
"17272",41,4,2144.53,"2011-03-22 12:05:00","2011-10-28 16:37:00","Non-Cohort",4379
"14221",41,17,6506.59,"2009-12-04 10:28:00","2011-10-28 13:42:00","Non-Cohort",1668
"15038",42,9,1106.63,"2010-10-10 14:35:00","2011-10-27 14:42:00","Non-Cohort",2395
"17669",42,10,6142.35,"2010-04-01 18:48:00","2011-10-28 08:53:00","Non-Cohort",4724
"17545",42,6,1409.86,"2010-05-11 10:04:00","2011-10-27 14:04:00","Non-Cohort",4609
"15096",42,1,219.39,"2011-10-28 10:27:00","2011-10-28 10:27:00","Non-Cohort",2450
"14474",42,2,1248.94,"2010-05-09 12:12:00","2011-10-27 12:57:00","Non-Cohort",1887
"16680",42,3,821.45,"2010-06-23 09:30:00","2011-10-27 17:35:00","Non-Cohort",3860
"14498",42,10,3900.83,"2010-06-07 16:05:00","2011-10-28 12:09:00","Non-Cohort",1909
"14004",42,11,6258.45,"2010-09-30 09:39:00","2011-10-27 14:40:00","Non-Cohort",1469
"14239",42,21,4203.72,"2009-12-05 12:36:00","2011-10-27 14:40:00","Non-Cohort",1685
"15288",42,10,3706.53,"2010-02-12 15:27:00","2011-10-27 16:58:00","Non-Cohort",2620
"13791",42,2,1047.68,"2011-06-24 16:38:00","2011-10-27 14:38:00","Non-Cohort",1287
"18287",42,7,4127.89,"2009-12-01 14:19:00","2011-10-28 09:29:00","Non-Cohort",5257
"12432",42,4,4359.32,"2011-06-20 13:27:00","2011-10-28 11:43:00","Non-Cohort",76
"12430",42,1,216.40,"2011-10-27 15:09:00","2011-10-27 15:09:00","Non-Cohort",74
"16843",42,35,19528.78,"2009-12-10 11:40:00","2011-10-28 09:06:00","Non-Cohort",4001
"14716",42,3,543.28,"2010-09-21 12:07:00","2011-10-27 17:29:00","Non-Cohort",2109
"18261",42,2,324.24,"2011-09-05 09:34:00","2011-10-27 15:36:00","Non-Cohort",5232
"15014",42,2,257.67,"2011-06-16 19:40:00","2011-10-27 20:07:00","Non-Cohort",2373
"16026",42,1,236.09,"2011-10-27 13:53:00","2011-10-27 13:53:00","Non-Cohort",3279
"14218",42,1,169.48,"2011-10-28 10:00:00","2011-10-28 10:00:00","Non-Cohort",1665
"13654",42,11,6308.00,"2009-12-02 11:43:00","2011-10-27 16:24:00","Non-Cohort",1167
"17459",42,2,657.30,"2011-10-10 17:00:00","2011-10-27 13:25:00","Non-Cohort",4534
"14357",42,1,225.12,"2011-10-27 16:23:00","2011-10-27 16:23:00","Non-Cohort",1785
"13538",42,12,3103.13,"2010-02-02 12:47:00","2011-10-27 16:34:00","Non-Cohort",1068
"16847",42,2,614.89,"2010-03-31 13:32:00","2011-10-27 13:29:00","Non-Cohort",4005
"15469",42,3,834.40,"2010-09-27 10:09:00","2011-10-27 19:16:00","Non-Cohort",2778
"17895",43,1,95.45,"2011-10-26 17:00:00","2011-10-26 17:00:00","Non-Cohort",4911
"15296",43,12,10204.13,"2010-01-21 13:48:00","2011-10-26 16:33:00","Non-Cohort",2627
"15791",43,5,3541.79,"2010-03-08 09:41:00","2011-10-27 10:14:00","Non-Cohort",3073
"15821",43,2,570.96,"2011-10-09 13:28:00","2011-10-26 15:48:00","Non-Cohort",3100
"15990",43,7,1997.75,"2010-02-28 12:30:00","2011-10-26 15:58:00","Non-Cohort",3246
"14690",43,4,764.59,"2010-10-25 12:20:00","2011-10-26 15:39:00","Non-Cohort",2083
"14752",43,1,389.64,"2011-10-27 11:55:00","2011-10-27 11:55:00","Non-Cohort",2139
"17878",43,3,1378.93,"2010-11-09 13:50:00","2011-10-27 11:24:00","Non-Cohort",4896
"16325",43,12,3470.90,"2009-12-04 13:21:00","2011-10-26 16:29:00","Non-Cohort",3542
"16345",43,2,1178.79,"2010-08-13 17:13:00","2011-10-26 16:03:00","Non-Cohort",3561
"16690",43,4,336.08,"2010-09-14 15:00:00","2011-10-27 10:58:00","Non-Cohort",3869
"14233",43,7,2766.96,"2010-03-05 16:35:00","2011-10-27 09:25:00","Non-Cohort",1680
"15320",43,1,267.13,"2011-10-26 13:27:00","2011-10-26 13:27:00","Non-Cohort",2651
"17414",43,6,2249.52,"2009-12-03 16:49:00","2011-10-27 12:13:00","Non-Cohort",4495
"14598",43,2,221.97,"2010-05-19 13:07:00","2011-10-26 13:19:00","Non-Cohort",2001
"17672",43,6,5592.19,"2010-03-08 13:17:00","2011-10-27 10:56:00","Non-Cohort",4727
"15835",43,4,954.09,"2011-01-13 10:35:00","2011-10-26 15:47:00","Non-Cohort",3113
"15659",43,3,532.49,"2010-02-24 13:32:00","2011-10-27 09:23:00","Non-Cohort",2950
"14764",43,1,250.55,"2011-10-24 11:54:00","2011-10-27 10:46:00","Non-Cohort",2151
"16415",43,3,696.76,"2010-02-01 12:30:00","2011-10-26 13:35:00","Non-Cohort",3625
"17684",43,1,239.41,"2011-10-27 11:10:00","2011-10-27 11:10:00","Non-Cohort",4738
"14379",43,4,1265.16,"2010-08-16 15:31:00","2011-10-26 16:43:00","Non-Cohort",1803
"12456",43,3,2553.89,"2011-03-30 09:12:00","2011-10-26 14:41:00","Non-Cohort",99
"13107",43,9,5109.62,"2009-12-08 18:43:00","2011-10-26 14:52:00","Non-Cohort",683
"15786",43,5,8379.65,"2010-06-21 10:13:00","2011-10-27 10:53:00","Non-Cohort",3069
"13416",43,3,940.80,"2009-12-03 13:02:00","2011-10-27 08:56:00","Non-Cohort",953
"12448",43,1,365.45,"2011-10-26 13:46:00","2011-10-26 13:46:00","Non-Cohort",91
"17175",43,4,1430.94,"2011-02-16 14:56:00","2011-10-26 15:31:00","Non-Cohort",4294
"15240",44,12,4327.51,"2009-12-05 14:57:00","2011-10-26 09:50:00","Non-Cohort",2577
"16056",44,1,650.75,"2011-10-25 15:19:00","2011-10-25 15:19:00","Non-Cohort",3307
"17712",44,1,522.91,"2011-10-26 12:28:00","2011-10-26 12:28:00","Non-Cohort",4761
"13601",44,4,1159.99,"2010-06-11 15:03:00","2011-10-25 17:31:00","Non-Cohort",1119
"16258",44,15,11833.52,"2010-03-10 14:19:00","2011-10-25 13:30:00","Non-Cohort",3483
"15656",44,4,748.50,"2011-02-28 15:32:00","2011-10-25 14:56:00","Non-Cohort",2947
"16225",44,15,2813.81,"2010-02-07 12:41:00","2011-10-26 08:30:00","Non-Cohort",3455
"17917",44,3,335.03,"2010-12-12 12:08:00","2011-10-25 13:20:00","Non-Cohort",4931
"15836",44,1,117.47,"2011-10-20 17:13:00","2011-10-25 15:37:00","Non-Cohort",3114
"15630",44,3,1475.45,"2010-03-05 14:30:00","2011-10-25 15:36:00","Non-Cohort",2923
"18079",44,5,4203.93,"2010-08-05 12:19:00","2011-10-25 15:27:00","Non-Cohort",5061
"13340",44,12,22100.56,"2010-02-22 14:54:00","2011-10-25 13:15:00","Non-Cohort",887
"16110",44,4,1781.59,"2010-07-05 13:04:00","2011-10-25 14:35:00","Non-Cohort",3354
"16188",44,5,1077.71,"2010-10-27 11:50:00","2011-10-26 12:19:00","Non-Cohort",3422
"15215",44,7,1496.46,"2010-04-06 11:21:00","2011-10-26 12:28:00","Non-Cohort",2555
"15158",44,2,437.66,"2010-11-03 13:46:00","2011-10-25 13:53:00","Non-Cohort",2508
"12812",44,1,229.64,"2011-10-26 09:54:00","2011-10-26 09:54:00","Non-Cohort",425
"16071",44,4,1076.80,"2010-02-22 14:48:00","2011-10-26 11:14:00","Non-Cohort",3318
"17470",44,11,2626.47,"2010-07-19 16:16:00","2011-10-26 12:42:00","Non-Cohort",4544
"14341",44,18,4428.17,"2009-12-01 12:20:00","2011-10-25 15:48:00","Non-Cohort",1771
"16208",44,10,3440.45,"2010-02-24 14:24:00","2011-10-26 11:36:00","Non-Cohort",3439
"16750",44,5,623.93,"2011-04-21 16:53:00","2011-10-26 12:48:00","Non-Cohort",3920
"13182",44,1,121.18,"2011-10-25 13:46:00","2011-10-25 13:46:00","Non-Cohort",752
"16418",44,5,1028.74,"2010-10-13 12:31:00","2011-10-26 12:39:00","Non-Cohort",3628
"17423",44,3,1084.17,"2010-11-11 12:26:00","2011-10-25 16:49:00","Non-Cohort",4503
"17024",44,3,95.85,"2011-07-05 09:31:00","2011-10-25 13:47:00","Non-Cohort",4156
"18045",44,1,178.34,"2011-10-25 13:07:00","2011-10-25 13:07:00","Non-Cohort",5035
"17928",44,3,313.16,"2010-05-17 15:30:00","2011-10-25 13:52:00","Non-Cohort",4941
"15516",44,3,62.43,"2011-10-24 11:33:00","2011-10-26 10:51:00","Non-Cohort",2818
"14754",44,6,1543.73,"2010-01-18 11:04:00","2011-10-26 12:01:00","Non-Cohort",2141
"12879",44,3,552.57,"2011-09-09 12:11:00","2011-10-26 12:24:00","Non-Cohort",486
"13047",45,23,8110.09,"2009-12-16 11:43:00","2011-10-24 14:02:00","Non-Cohort",630
"12398",45,1,1435.66,"2011-10-25 10:27:00","2011-10-25 10:27:00","Non-Cohort",46
"17004",45,4,2324.36,"2010-10-11 15:43:00","2011-10-24 14:25:00","Non-Cohort",4138
"15142",45,6,2608.97,"2010-07-27 09:05:00","2011-10-24 12:51:00","Non-Cohort",2494
"14997",45,4,771.38,"2010-02-22 12:11:00","2011-10-24 13:28:00","Non-Cohort",2358
"16728",45,4,1048.28,"2011-03-20 13:28:00","2011-10-24 14:36:00","Non-Cohort",3899
"14952",45,32,17347.25,"2009-12-03 15:34:00","2011-10-24 13:50:00","Non-Cohort",2316
"16444",45,17,3558.63,"2010-03-24 14:06:00","2011-10-24 13:50:00","Non-Cohort",3651
"18240",45,1,422.58,"2011-10-24 13:06:00","2011-10-24 13:06:00","Non-Cohort",5214
"12940",45,2,862.44,"2011-09-13 10:16:00","2011-10-24 14:04:00","Non-Cohort",536
"14139",45,4,1086.80,"2010-06-15 09:17:00","2011-10-24 13:34:00","Non-Cohort",1596
"13652",45,5,2262.05,"2010-02-25 17:37:00","2011-10-25 08:51:00","Non-Cohort",1165
"13165",45,3,1451.16,"2010-10-22 17:04:00","2011-10-24 15:05:00","Non-Cohort",737
"15068",45,4,1174.90,"2010-03-28 13:18:00","2011-10-24 14:47:00","Non-Cohort",2424
"12463",45,4,1165.63,"2011-04-12 12:47:00","2011-10-24 13:43:00","Non-Cohort",106
"15806",45,3,784.58,"2011-03-08 09:24:00","2011-10-24 14:35:00","Non-Cohort",3086
"13176",45,1,481.49,"2011-10-24 15:43:00","2011-10-24 15:43:00","Non-Cohort",747
"16023",45,3,719.81,"2011-03-18 13:32:00","2011-10-24 16:34:00","Non-Cohort",3276
"18147",45,2,179.34,"2011-08-23 12:22:00","2011-10-25 11:46:00","Non-Cohort",5123
"16708",45,1,656.63,"2011-10-25 12:20:00","2011-10-25 12:20:00","Non-Cohort",3882
"13481",45,11,3803.09,"2009-12-04 12:37:00","2011-10-25 09:07:00","Non-Cohort",1013
"15844",45,1,130.74,"2011-10-24 15:19:00","2011-10-24 15:19:00","Non-Cohort",3121
"15801",45,3,1042.19,"2011-08-22 09:53:00","2011-10-24 13:52:00","Non-Cohort",3082
"14001",45,9,4228.85,"2010-08-03 12:49:00","2011-10-25 10:31:00","Non-Cohort",1466
"17344",45,2,443.86,"2009-12-11 11:20:00","2011-10-24 12:56:00","Non-Cohort",4434
"17317",45,3,2524.02,"2011-09-11 12:45:00","2011-10-24 17:26:00","Non-Cohort",4413
"16742",46,13,1870.07,"2009-12-16 17:22:00","2011-10-24 11:58:00","Non-Cohort",3912
"17836",46,1,109.83,"2011-10-23 16:13:00","2011-10-23 16:13:00","Non-Cohort",4862
"16017",46,5,1545.58,"2010-01-05 12:06:00","2011-10-23 12:56:00","Non-Cohort",3271
"15277",46,2,476.34,"2010-10-10 16:02:00","2011-10-24 10:08:00","Non-Cohort",2612
"14731",46,3,380.02,"2011-05-11 13:06:00","2011-10-23 15:54:00","Non-Cohort",2120
"14312",46,11,3090.29,"2010-07-23 15:05:00","2011-10-24 09:46:00","Non-Cohort",1747
"17111",46,2,459.58,"2010-10-10 15:21:00","2011-10-23 15:59:00","Non-Cohort",4238
"15592",46,1,388.58,"2011-10-24 08:59:00","2011-10-24 08:59:00","Non-Cohort",2886
"14145",46,7,7006.05,"2010-04-08 09:47:00","2011-10-24 12:10:00","Non-Cohort",1601
"16686",46,16,4861.72,"2009-12-06 15:48:00","2011-10-23 13:49:00","Non-Cohort",3866
"13598",46,5,749.21,"2010-02-26 11:22:00","2011-10-23 14:35:00","Non-Cohort",1116
"12546",46,2,1001.50,"2011-09-23 09:44:00","2011-10-24 12:09:00","Non-Cohort",183
"14504",46,4,673.26,"2011-03-06 14:38:00","2011-10-23 16:00:00","Non-Cohort",1915
"14019",46,3,1398.96,"2011-07-24 15:39:00","2011-10-24 10:13:00","Non-Cohort",1483
"16491",46,2,1524.31,"2010-10-22 15:42:00","2011-10-24 10:18:00","Non-Cohort",3695
"17186",46,2,144.00,"2011-10-10 12:52:00","2011-10-24 10:20:00","Non-Cohort",4304
"16768",47,9,1637.52,"2009-12-07 11:47:00","2011-10-23 10:38:00","Non-Cohort",3936
"15000",47,1,490.52,"2011-10-23 11:42:00","2011-10-23 11:42:00","Non-Cohort",2361
"16007",47,7,3053.06,"2010-06-14 13:18:00","2011-10-23 11:05:00","Non-Cohort",3261
"14800",47,17,6890.73,"2010-09-30 14:38:00","2011-10-23 12:46:00","Non-Cohort",2186
"13974",48,2,663.52,"2010-05-06 17:55:00","2011-10-21 14:41:00","Non-Cohort",1443
"15819",48,10,3911.28,"2010-03-18 11:08:00","2011-10-21 14:50:00","Non-Cohort",3098
"15677",48,3,1305.63,"2010-09-02 12:08:00","2011-10-21 15:36:00","Non-Cohort",2968
"17361",48,5,871.79,"2010-02-01 14:30:00","2011-10-21 15:43:00","Non-Cohort",4450
"13157",48,9,5667.71,"2010-03-08 11:59:00","2011-10-21 13:50:00","Non-Cohort",729
"17940",48,14,28389.58,"2009-12-03 12:31:00","2011-10-21 13:27:00","Non-Cohort",4952
"15728",48,2,409.80,"2010-09-21 14:46:00","2011-10-21 14:03:00","Non-Cohort",3014
"15740",48,1,154.88,"2011-10-21 14:29:00","2011-10-21 14:29:00","Non-Cohort",3025
"14147",48,9,2019.30,"2010-03-09 13:43:00","2011-10-21 13:36:00","Non-Cohort",1603
"15321",48,12,6573.40,"2009-12-17 18:46:00","2011-10-21 13:58:00","Non-Cohort",2652
"16177",49,8,2141.61,"2010-03-02 14:03:00","2011-10-20 12:57:00","Non-Cohort",3411
"17571",49,5,1629.66,"2010-06-15 12:50:00","2011-10-20 15:57:00","Non-Cohort",4630
"15587",49,7,1522.08,"2010-08-05 08:44:00","2011-10-20 13:37:00","Non-Cohort",2882
"13519",49,2,331.26,"2010-09-23 11:45:00","2011-10-20 15:56:00","Non-Cohort",1051
"16153",49,11,5047.09,"2010-05-26 12:41:00","2011-10-21 10:50:00","Non-Cohort",3391
"15129",49,23,6860.18,"2010-04-08 17:15:00","2011-10-20 14:40:00","Non-Cohort",2483
"17125",49,1,230.50,"2011-10-20 14:41:00","2011-10-20 14:41:00","Non-Cohort",4251
"15807",49,5,1807.57,"2010-02-11 15:32:00","2011-10-20 14:10:00","Non-Cohort",3087
"13917",49,2,272.04,"2011-06-01 12:46:00","2011-10-21 09:56:00","Non-Cohort",1396
"17092",49,11,5479.76,"2010-02-02 16:42:00","2011-10-20 19:51:00","Non-Cohort",4222
"14427",49,4,1263.52,"2010-03-18 09:49:00","2011-10-20 14:23:00","Non-Cohort",1845
"16918",49,16,3131.31,"2009-12-03 12:27:00","2011-10-21 12:50:00","Non-Cohort",4067
"13573",49,6,903.07,"2010-03-12 16:06:00","2011-10-20 14:33:00","Non-Cohort",1096
"12403",49,2,947.36,"2010-07-06 11:39:00","2011-10-21 10:51:00","Non-Cohort",50
"17603",49,4,1671.18,"2009-12-10 09:44:00","2011-10-20 19:19:00","Non-Cohort",4661
"13136",49,13,6119.75,"2009-12-08 17:27:00","2011-10-20 19:13:00","Non-Cohort",711
"13761",49,6,1952.17,"2010-02-21 11:08:00","2011-10-20 14:01:00","Non-Cohort",1262
"16497",49,23,6695.28,"2009-12-03 14:11:00","2011-10-21 10:55:00","Non-Cohort",3701
"14967",49,6,1982.61,"2009-12-03 14:07:00","2011-10-21 11:06:00","Non-Cohort",2330
"15565",49,2,173.16,"2011-09-30 10:44:00","2011-10-20 14:33:00","Non-Cohort",2863
"17169",49,3,1129.88,"2010-05-10 13:00:00","2011-10-20 19:15:00","Non-Cohort",4289
"18228",49,2,769.20,"2011-09-21 10:48:00","2011-10-20 19:21:00","Non-Cohort",5202
"12556",49,2,599.56,"2011-07-11 13:35:00","2011-10-20 13:06:00","Non-Cohort",191
"15121",49,2,457.72,"2011-02-24 12:41:00","2011-10-20 14:51:00","Non-Cohort",2475
"13725",49,8,1809.81,"2011-02-04 12:18:00","2011-10-21 10:03:00","Non-Cohort",1230
"17832",49,1,155.37,"2011-10-21 11:43:00","2011-10-21 11:43:00","Non-Cohort",4859
"14484",49,4,1070.98,"2009-12-17 10:57:00","2011-10-20 14:11:00","Non-Cohort",1896
"16394",49,5,1412.06,"2011-02-23 10:58:00","2011-10-20 19:16:00","Non-Cohort",3604
"16099",49,7,1568.25,"2010-03-03 11:13:00","2011-10-20 13:13:00","Non-Cohort",3343
"13366",49,1,56.16,"2011-10-20 13:37:00","2011-10-20 13:37:00","Non-Cohort",912
"13918",49,2,1212.84,"2011-03-31 18:05:00","2011-10-21 12:25:00","Non-Cohort",1397
"15620",49,4,1909.93,"2010-10-26 11:32:00","2011-10-20 19:17:00","Non-Cohort",2913
"16846",49,3,842.41,"2010-03-10 12:03:00","2011-10-20 13:55:00","Non-Cohort",4004
"15286",49,1,240.55,"2011-10-21 11:08:00","2011-10-21 11:08:00","Non-Cohort",2618
"14585",49,5,1143.27,"2010-10-19 12:17:00","2011-10-20 14:33:00","Non-Cohort",1990
"17420",49,6,943.68,"2010-11-03 13:09:00","2011-10-20 14:52:00","Non-Cohort",4501
"13897",49,3,1160.72,"2010-01-31 13:48:00","2011-10-20 14:30:00","Non-Cohort",1382
"12407",49,5,1507.12,"2011-03-20 13:21:00","2011-10-21 10:11:00","Non-Cohort",53
"14175",50,8,7350.44,"2010-03-22 10:43:00","2011-10-19 13:42:00","Non-Cohort",1629
"14306",50,6,3141.50,"2010-01-31 13:42:00","2011-10-19 13:23:00","Non-Cohort",1742
"15006",50,2,752.83,"2010-09-12 13:03:00","2011-10-19 15:08:00","Non-Cohort",2366
"18149",50,7,1553.96,"2010-03-14 12:41:00","2011-10-20 12:04:00","Non-Cohort",5125
"14631",50,6,2023.17,"2010-08-09 14:45:00","2011-10-20 11:17:00","Non-Cohort",2027
"17764",50,5,1513.57,"2009-12-03 14:28:00","2011-10-20 11:03:00","Non-Cohort",4803
"15826",50,4,2583.13,"2010-05-20 17:00:00","2011-10-19 13:24:00","Non-Cohort",3105
"13245",50,2,989.22,"2010-10-03 14:03:00","2011-10-20 11:40:00","Non-Cohort",807
"15754",50,9,3001.86,"2010-02-22 13:31:00","2011-10-20 11:44:00","Non-Cohort",3039
"15803",50,4,1929.66,"2010-02-01 16:29:00","2011-10-19 14:56:00","Non-Cohort",3083
"14273",50,4,559.97,"2011-04-11 13:24:00","2011-10-19 13:20:00","Non-Cohort",1715
"16260",50,1,1035.45,"2011-10-20 09:40:00","2011-10-20 09:40:00","Non-Cohort",3484
"17354",50,4,3133.96,"2010-10-07 13:22:00","2011-10-20 10:34:00","Non-Cohort",4444
"16170",50,20,6813.67,"2010-02-18 13:50:00","2011-10-20 08:21:00","Non-Cohort",3405
"14776",50,15,3339.02,"2010-09-19 14:12:00","2011-10-19 15:34:00","Non-Cohort",2163
"13422",50,1,2601.55,"2011-10-06 13:42:00","2011-10-19 13:45:00","Non-Cohort",959
"14638",50,1,443.60,"2011-10-20 10:10:00","2011-10-20 10:10:00","Non-Cohort",2034
"12370",50,7,3956.56,"2010-02-09 09:41:00","2011-10-19 14:51:00","Non-Cohort",23
"16826",50,1,341.70,"2011-10-19 14:05:00","2011-10-19 14:05:00","Non-Cohort",3985
"14923",50,1,749.10,"2011-10-20 11:51:00","2011-10-20 11:51:00","Non-Cohort",2294
"13669",50,3,413.55,"2010-10-28 15:05:00","2011-10-20 09:32:00","Non-Cohort",1179
"15664",50,4,1199.53,"2010-02-28 12:50:00","2011-10-20 10:57:00","Non-Cohort",2955
"14257",50,9,5942.00,"2010-03-01 15:36:00","2011-10-19 13:38:00","Non-Cohort",1700
"15301",50,17,6867.44,"2010-09-15 15:41:00","2011-10-20 09:57:00","Non-Cohort",2632
"14488",50,1,1047.43,"2011-10-03 09:30:00","2011-10-19 14:39:00","Non-Cohort",1900
"18252",50,7,1457.19,"2009-12-08 17:16:00","2011-10-20 12:43:00","Non-Cohort",5224
"17462",50,2,662.94,"2011-02-28 17:01:00","2011-10-19 13:36:00","Non-Cohort",4537
"17824",50,1,298.40,"2011-10-19 14:14:00","2011-10-19 14:14:00","Non-Cohort",4852
"14261",50,2,1163.45,"2011-09-22 10:47:00","2011-10-20 10:04:00","Non-Cohort",1704
"16593",50,8,1051.24,"2009-12-05 10:44:00","2011-10-20 12:41:00","Non-Cohort",3783
"14799",50,2,338.15,"2009-12-02 11:18:00","2011-10-19 16:16:00","Non-Cohort",2185
"12596",50,2,450.27,"2011-04-11 13:22:00","2011-10-19 13:02:00","Non-Cohort",229
"17007",50,7,1107.60,"2010-09-28 13:51:00","2011-10-20 10:47:00","Non-Cohort",4141
"14495",50,3,166.30,"2010-02-18 08:49:00","2011-10-20 12:28:00","Non-Cohort",1906
"15604",51,1,216.39,"2011-10-18 14:47:00","2011-10-18 14:47:00","Non-Cohort",2898
"16730",51,3,702.79,"2011-01-24 14:01:00","2011-10-18 14:11:00","Non-Cohort",3901
"16621",51,4,813.48,"2011-03-07 11:32:00","2011-10-19 11:38:00","Non-Cohort",3809
"16131",51,12,9866.27,"2009-12-02 10:09:00","2011-10-19 11:53:00","Non-Cohort",3371
"13491",51,27,4467.66,"2009-12-07 08:24:00","2011-10-19 08:32:00","Non-Cohort",1023
"15220",51,6,1758.92,"2011-03-04 10:24:00","2011-10-19 12:39:00","Non-Cohort",2560
"16515",51,10,3179.06,"2010-06-17 12:17:00","2011-10-18 13:10:00","Non-Cohort",3715
"14381",51,2,625.94,"2010-09-14 16:15:00","2011-10-18 17:10:00","Non-Cohort",1804
"14107",51,11,4853.70,"2009-12-09 14:20:00","2011-10-19 12:12:00","Non-Cohort",1568
"13849",51,5,3443.80,"2010-03-25 12:03:00","2011-10-19 10:59:00","Non-Cohort",1338
"16123",51,1,307.78,"2011-10-19 09:18:00","2011-10-19 09:18:00","Non-Cohort",3366
"15853",51,1,110.80,"2011-10-19 10:38:00","2011-10-19 10:38:00","Non-Cohort",3128
"16734",51,3,646.76,"2011-08-17 15:00:00","2011-10-18 13:44:00","Non-Cohort",3905
"12360",51,6,3612.89,"2010-02-22 09:32:00","2011-10-18 15:22:00","Non-Cohort",14
"15610",51,1,112.46,"2011-10-19 10:36:00","2011-10-19 10:36:00","Non-Cohort",2904
"16940",51,8,6245.41,"2009-12-08 13:08:00","2011-10-18 13:15:00","Non-Cohort",4086
"14229",51,7,2468.99,"2010-08-25 11:47:00","2011-10-19 10:04:00","Non-Cohort",1676
"14639",51,9,4946.81,"2010-02-16 12:35:00","2011-10-18 15:06:00","Non-Cohort",2035
"17934",51,3,1049.15,"2010-10-29 12:23:00","2011-10-19 11:16:00","Non-Cohort",4947
"15140",51,8,3239.44,"2010-09-23 13:07:00","2011-10-18 14:07:00","Non-Cohort",2492
"12759",51,8,4618.74,"2009-12-04 10:47:00","2011-10-18 14:49:00","Non-Cohort",378
"17973",51,1,337.04,"2011-10-19 10:34:00","2011-10-19 10:34:00","Non-Cohort",4980
"17262",51,11,2488.76,"2009-12-15 11:26:00","2011-10-18 12:56:00","Non-Cohort",4371
"18019",51,1,38.45,"2011-10-19 12:10:00","2011-10-19 12:10:00","Non-Cohort",5013
"13805",51,2,924.60,"2011-08-02 15:29:00","2011-10-18 14:50:00","Non-Cohort",1300
"13637",51,3,803.05,"2011-04-27 13:06:00","2011-10-18 13:32:00","Non-Cohort",1152
"17148",51,1,124.88,"2011-10-19 09:59:00","2011-10-19 09:59:00","Non-Cohort",4270
"14861",51,10,1318.40,"2009-12-08 12:12:00","2011-10-18 12:54:00","Non-Cohort",2236
"12679",51,4,896.67,"2011-03-01 12:26:00","2011-10-18 13:43:00","Non-Cohort",305
"16470",51,11,2411.90,"2009-12-11 12:21:00","2011-10-19 12:11:00","Non-Cohort",3676
"12611",51,1,1193.32,"2011-10-18 13:12:00","2011-10-18 13:12:00","Non-Cohort",241
"12863",51,6,2775.55,"2010-04-29 13:54:00","2011-10-18 14:15:00","Non-Cohort",472
"14015",52,1,917.34,"2011-10-18 10:02:00","2011-10-18 10:02:00","Non-Cohort",1479
"17206",52,1,204.24,"2011-10-17 13:25:00","2011-10-17 13:25:00","Non-Cohort",4321
"13015",52,11,6459.08,"2010-04-15 16:35:00","2011-10-17 13:19:00","Non-Cohort",601
"14798",52,8,715.11,"2010-03-01 08:38:00","2011-10-18 10:58:00","Non-Cohort",2184
"16848",52,4,1411.62,"2010-10-03 11:01:00","2011-10-18 08:42:00","Non-Cohort",4006
"15327",52,1,208.75,"2011-10-18 11:55:00","2011-10-18 11:55:00","Non-Cohort",2658
"13919",52,4,1218.03,"2010-06-17 09:30:00","2011-10-17 15:24:00","Non-Cohort",1398
"16737",52,2,835.20,"2010-05-11 09:53:00","2011-10-17 13:03:00","Non-Cohort",3908
"12454",52,4,4098.96,"2010-10-14 17:33:00","2011-10-17 15:07:00","Non-Cohort",97
"16389",52,4,1362.27,"2011-03-01 15:47:00","2011-10-17 14:41:00","Non-Cohort",3600
"14830",52,1,188.03,"2011-10-17 14:29:00","2011-10-17 14:29:00","Non-Cohort",2210
"15678",52,3,1825.94,"2010-07-05 12:49:00","2011-10-18 09:25:00","Non-Cohort",2969
"15505",52,5,3497.14,"2011-07-07 13:33:00","2011-10-18 07:56:00","Non-Cohort",2809
"12794",52,2,860.41,"2011-09-02 12:01:00","2011-10-17 14:54:00","Non-Cohort",411
"17679",52,7,3166.56,"2009-12-03 17:32:00","2011-10-18 07:43:00","Non-Cohort",4734
"16363",52,1,109.36,"2011-10-17 14:14:00","2011-10-17 14:14:00","Non-Cohort",3577
"17612",52,18,5168.28,"2009-12-08 18:30:00","2011-10-17 14:59:00","Non-Cohort",4669
"13265",52,5,2092.66,"2011-03-11 09:54:00","2011-10-17 15:02:00","Non-Cohort",823
"15637",52,5,797.59,"2009-12-15 17:54:00","2011-10-18 08:28:00","Non-Cohort",2929
"17244",52,5,1826.04,"2009-12-06 11:27:00","2011-10-17 15:19:00","Non-Cohort",4356
"17785",52,3,403.38,"2010-05-23 13:01:00","2011-10-17 13:43:00","Non-Cohort",4821
"16932",52,3,412.55,"2010-05-17 14:15:00","2011-10-17 14:12:00","Non-Cohort",4079
"13594",52,2,508.42,"2010-01-07 13:25:00","2011-10-18 10:19:00","Non-Cohort",1113
"14211",52,18,4301.69,"2009-12-09 12:48:00","2011-10-17 13:23:00","Non-Cohort",1659
"16249",52,5,1800.07,"2011-04-14 13:50:00","2011-10-18 10:07:00","Non-Cohort",3476
"16140",52,3,1416.46,"2010-09-24 12:03:00","2011-10-18 10:58:00","Non-Cohort",3379
"14841",52,14,7163.00,"2009-12-02 16:49:00","2011-10-17 15:03:00","Non-Cohort",2218
"17520",53,1,546.81,"2011-10-17 12:04:00","2011-10-17 12:04:00","Non-Cohort",4588
"15545",53,2,288.97,"2010-12-03 17:28:00","2011-10-16 13:24:00","Non-Cohort",2845
"16563",53,6,4402.36,"2009-12-01 18:35:00","2011-10-17 11:51:00","Non-Cohort",3760
"16052",53,1,362.06,"2011-10-16 15:13:00","2011-10-16 15:13:00","Non-Cohort",3303
"13875",53,14,4814.37,"2009-12-17 10:30:00","2011-10-17 09:36:00","Non-Cohort",1361
"13760",53,5,1358.64,"2010-04-25 13:10:00","2011-10-16 16:13:00","Non-Cohort",1261
"16542",53,2,257.32,"2010-11-03 14:44:00","2011-10-17 10:47:00","Non-Cohort",3740
"12475",53,2,1065.64,"2010-10-26 08:49:00","2011-10-17 10:10:00","Non-Cohort",116
"16652",53,16,17312.83,"2010-03-17 10:22:00","2011-10-17 11:43:00","Non-Cohort",3837
"15091",53,3,1023.11,"2009-12-01 12:18:00","2011-10-17 10:47:00","Non-Cohort",2445
"17527",53,4,888.86,"2011-05-05 13:43:00","2011-10-17 12:32:00","Non-Cohort",4593
"13750",53,11,3563.60,"2010-04-01 14:49:00","2011-10-17 12:16:00","Non-Cohort",1251
"12473",53,3,2545.27,"2011-06-01 10:15:00","2011-10-17 11:27:00","Non-Cohort",114
"17734",53,6,1442.32,"2010-03-07 13:55:00","2011-10-17 12:33:00","Non-Cohort",4779
"16412",53,5,593.19,"2010-02-04 13:46:00","2011-10-17 12:35:00","Non-Cohort",3622
"15012",53,3,646.26,"2010-05-12 11:49:00","2011-10-17 12:22:00","Non-Cohort",2371
"14443",53,5,2063.65,"2010-11-25 14:18:00","2011-10-17 10:10:00","Non-Cohort",1859
"17534",53,5,1668.83,"2010-02-25 16:55:00","2011-10-17 12:47:00","Non-Cohort",4599
"18042",53,2,281.15,"2010-06-16 10:53:00","2011-10-17 11:49:00","Non-Cohort",5032
"15335",53,1,170.22,"2011-10-17 12:50:00","2011-10-17 12:50:00","Non-Cohort",2664
"17205",53,3,999.35,"2010-05-24 15:36:00","2011-10-17 12:46:00","Non-Cohort",4320
"13923",53,1,351.13,"2011-10-17 12:33:00","2011-10-17 12:33:00","Non-Cohort",1400
"17201",53,4,1117.00,"2010-02-10 12:26:00","2011-10-17 11:55:00","Non-Cohort",4317
"16674",54,2,304.24,"2011-09-02 13:59:00","2011-10-16 11:31:00","Non-Cohort",3856
"15440",54,3,383.68,"2011-05-15 11:30:00","2011-10-16 12:16:00","Non-Cohort",2754
"15994",54,3,1172.34,"2010-03-14 11:55:00","2011-10-16 12:28:00","Non-Cohort",3250
"14780",54,2,447.68,"2011-09-21 15:15:00","2011-10-16 12:46:00","Non-Cohort",2167
"16934",54,6,2062.89,"2010-03-28 12:43:00","2011-10-16 12:40:00","Non-Cohort",4081
"13034",54,3,756.82,"2010-11-03 15:22:00","2011-10-16 12:21:00","Non-Cohort",617
"16206",54,13,2572.17,"2009-12-14 13:50:00","2011-10-16 10:41:00","Non-Cohort",3437
"13878",54,4,2416.90,"2010-04-14 13:50:00","2011-10-16 12:19:00","Non-Cohort",1364
"13814",55,3,2239.07,"2010-06-30 14:12:00","2011-10-14 16:57:00","Non-Cohort",1308
"17986",55,1,20.80,"2011-10-14 14:22:00","2011-10-14 14:22:00","Non-Cohort",4989
"13006",55,1,81.57,"2011-10-14 13:49:00","2011-10-14 13:49:00","Non-Cohort",594
"12744",55,8,13158.16,"2010-04-27 16:19:00","2011-10-14 14:54:00","Non-Cohort",363
"16081",55,8,4278.96,"2010-02-03 12:46:00","2011-10-14 13:06:00","Non-Cohort",3327
"17892",55,3,244.10,"2011-07-07 12:56:00","2011-10-14 16:49:00","Non-Cohort",4908
"17180",55,11,2216.12,"2010-01-21 17:43:00","2011-10-14 15:46:00","Non-Cohort",4299
"16121",56,5,1430.14,"2010-05-23 10:52:00","2011-10-13 12:59:00","Non-Cohort",3364
"14976",56,6,749.86,"2011-01-17 11:09:00","2011-10-13 16:33:00","Non-Cohort",2339
"17614",56,1,386.32,"2011-10-13 16:01:00","2011-10-13 16:01:00","Non-Cohort",4671
"17771",56,4,386.93,"2010-04-29 13:21:00","2011-10-14 11:43:00","Non-Cohort",4809
"13858",56,1,216.17,"2011-10-13 16:17:00","2011-10-13 16:17:00","Non-Cohort",1346
"14555",56,6,2294.88,"2009-12-18 11:39:00","2011-10-13 16:24:00","Non-Cohort",1964
"12631",56,6,3292.27,"2010-01-15 14:50:00","2011-10-13 13:53:00","Non-Cohort",260
"14624",56,6,814.07,"2010-04-14 10:44:00","2011-10-13 13:44:00","Non-Cohort",2020
"18160",56,3,1003.88,"2010-11-18 16:33:00","2011-10-13 15:50:00","Non-Cohort",5136
"15606",56,17,4733.47,"2010-03-02 14:48:00","2011-10-13 13:32:00","Non-Cohort",2900
"17181",56,3,309.85,"2010-04-23 11:21:00","2011-10-13 14:48:00","Non-Cohort",4300
"16413",56,2,522.03,"2010-11-29 12:49:00","2011-10-14 12:08:00","Non-Cohort",3623
"13911",56,20,4200.04,"2010-03-01 16:31:00","2011-10-13 15:43:00","Non-Cohort",1392
"16430",56,6,1102.94,"2010-01-27 12:45:00","2011-10-13 14:47:00","Non-Cohort",3638
"13213",56,11,3834.62,"2010-05-20 14:50:00","2011-10-14 11:42:00","Non-Cohort",780
"14937",56,3,1617.63,"2011-08-01 14:16:00","2011-10-14 12:29:00","Non-Cohort",2305
"16773",56,3,421.24,"2009-12-06 15:01:00","2011-10-13 14:37:00","Non-Cohort",3940
"16950",56,10,3482.59,"2010-01-24 11:26:00","2011-10-14 09:06:00","Non-Cohort",4095
"16239",56,6,1450.90,"2010-09-02 19:17:00","2011-10-14 08:29:00","Non-Cohort",3466
"14421",56,6,2456.62,"2010-01-17 11:30:00","2011-10-13 13:24:00","Non-Cohort",1839
"14089",56,1,158.75,"2011-10-14 10:38:00","2011-10-14 10:38:00","Non-Cohort",1551
"15272",56,6,2030.95,"2010-02-14 13:39:00","2011-10-13 12:59:00","Non-Cohort",2607
"15367",56,11,5005.73,"2009-12-10 14:20:00","2011-10-13 14:13:00","Non-Cohort",2689
"16793",56,1,243.84,"2011-10-13 15:08:00","2011-10-13 15:08:00","Non-Cohort",3956
"14975",56,2,472.39,"2010-10-14 14:11:00","2011-10-13 14:08:00","Non-Cohort",2338
"16224",56,5,1616.54,"2010-11-17 13:14:00","2011-10-13 17:51:00","Non-Cohort",3454
"12446",57,1,1002.31,"2011-10-13 12:50:00","2011-10-13 12:50:00","Non-Cohort",89
"17279",57,1,187.83,"2011-10-13 11:58:00","2011-10-13 11:58:00","Non-Cohort",4383
"18277",57,5,1159.35,"2010-08-02 10:26:00","2011-10-12 15:22:00","Non-Cohort",5247
"13487",57,5,846.87,"2009-12-05 10:25:00","2011-10-13 12:07:00","Non-Cohort",1019
"13827",57,3,409.80,"2011-07-19 15:38:00","2011-10-13 12:38:00","Non-Cohort",1320
"14852",57,18,6108.88,"2010-03-05 14:51:00","2011-10-12 13:20:00","Non-Cohort",2227
"12667",57,1,460.13,"2011-10-12 17:00:00","2011-10-12 17:00:00","Non-Cohort",293
"14537",57,2,635.45,"2010-03-26 13:44:00","2011-10-13 10:54:00","Non-Cohort",1946
"13035",57,3,1328.95,"2010-10-04 15:41:00","2011-10-13 12:23:00","Non-Cohort",618
"12612",57,1,607.59,"2011-09-26 15:35:00","2011-10-13 12:12:00","Non-Cohort",242
"12876",57,4,3738.59,"2010-04-28 13:26:00","2011-10-13 12:26:00","Non-Cohort",483
"16753",57,1,223.92,"2011-10-12 13:14:00","2011-10-12 13:14:00","Non-Cohort",3922
"14775",57,3,1011.90,"2010-12-02 16:38:00","2011-10-12 15:27:00","Non-Cohort",2162
"17509",57,8,6069.24,"2011-10-07 13:14:00","2011-10-13 12:16:00","Non-Cohort",4577
"17724",57,3,995.65,"2011-07-24 13:26:00","2011-10-13 10:53:00","Non-Cohort",4771
"13865",57,4,501.56,"2011-02-23 12:04:00","2011-10-12 13:31:00","Non-Cohort",1352
"13930",57,2,337.34,"2011-07-26 11:00:00","2011-10-13 09:45:00","Non-Cohort",1407
"12457",57,7,2032.31,"2010-09-30 17:59:00","2011-10-12 13:46:00","Non-Cohort",100
"12607",57,1,0.00,"2011-10-10 16:06:00","2011-10-12 16:17:00","Non-Cohort",238
"16770",57,9,1746.83,"2010-08-22 16:08:00","2011-10-13 12:21:00","Non-Cohort",3938
"13464",57,6,3083.89,"2010-03-19 13:40:00","2011-10-12 15:01:00","Non-Cohort",997
"15831",57,3,740.64,"2011-01-19 14:44:00","2011-10-12 13:14:00","Non-Cohort",3109
"15281",58,16,8317.62,"2010-10-08 12:14:00","2011-10-12 09:10:00","Non-Cohort",2615
"17064",58,3,855.45,"2011-01-16 16:10:00","2011-10-12 10:18:00","Non-Cohort",4195
"13520",58,11,5337.25,"2009-12-17 11:11:00","2011-10-12 10:20:00","Non-Cohort",1052
"15421",58,10,3805.34,"2009-12-07 15:10:00","2011-10-12 09:20:00","Non-Cohort",2737
"13359",58,2,901.96,"2010-11-01 15:05:00","2011-10-11 16:48:00","Non-Cohort",905
"16171",58,1,73.20,"2011-10-11 14:51:00","2011-10-11 14:51:00","Non-Cohort",3406
"13842",58,18,5294.39,"2010-02-16 15:54:00","2011-10-12 10:51:00","Non-Cohort",1332
"17863",58,12,5360.48,"2010-02-25 12:01:00","2011-10-11 13:45:00","Non-Cohort",4884
"18171",58,9,2414.51,"2010-01-05 10:46:00","2011-10-12 09:13:00","Non-Cohort",5147
"16086",58,10,2685.65,"2009-12-02 13:20:00","2011-10-11 13:09:00","Non-Cohort",3332
"14959",58,4,684.97,"2011-02-16 13:00:00","2011-10-11 16:28:00","Non-Cohort",2322
"15199",58,10,3122.40,"2010-05-13 10:14:00","2011-10-11 15:12:00","Non-Cohort",2542
"17190",58,7,1529.73,"2010-03-05 13:21:00","2011-10-12 11:33:00","Non-Cohort",4308
"13627",58,7,2217.55,"2010-03-09 14:03:00","2011-10-11 14:20:00","Non-Cohort",1143
"16203",58,6,940.09,"2010-07-23 13:09:00","2011-10-12 12:31:00","Non-Cohort",3434
"14535",58,9,5803.79,"2010-02-24 15:03:00","2011-10-11 16:24:00","Non-Cohort",1944
"12836",58,15,6520.58,"2009-12-01 14:19:00","2011-10-11 15:10:00","Non-Cohort",448
"17489",58,2,376.64,"2011-05-11 11:34:00","2011-10-12 08:56:00","Non-Cohort",4560
"12602",58,1,153.12,"2011-10-12 11:22:00","2011-10-12 11:22:00","Non-Cohort",235
"13208",58,8,1951.82,"2009-12-03 13:25:00","2011-10-11 16:25:00","Non-Cohort",775
"14541",58,14,2491.38,"2010-01-07 11:59:00","2011-10-12 10:08:00","Non-Cohort",1950
"15840",58,2,345.66,"2011-06-20 11:42:00","2011-10-12 09:08:00","Non-Cohort",3118
"16120",58,6,2952.51,"2010-10-13 15:07:00","2011-10-11 14:22:00","Non-Cohort",3363
"12633",58,7,5073.21,"2010-07-02 11:44:00","2011-10-12 11:40:00","Non-Cohort",262
"14761",58,3,447.92,"2010-09-21 14:22:00","2011-10-12 12:10:00","Non-Cohort",2148
"13690",58,1,172.25,"2011-10-11 15:03:00","2011-10-11 15:03:00","Non-Cohort",1198
"14642",58,1,96.12,"2011-10-12 11:08:00","2011-10-12 11:08:00","Non-Cohort",2038
"17913",58,14,3425.09,"2009-12-03 13:02:00","2011-10-12 10:45:00","Non-Cohort",4927
"13283",59,4,373.36,"2010-03-09 14:36:00","2011-10-11 09:50:00","Non-Cohort",838
"14201",59,10,1134.14,"2010-04-30 13:00:00","2011-10-10 13:27:00","Non-Cohort",1651
"13517",59,3,2109.07,"2011-06-13 08:44:00","2011-10-11 11:43:00","Non-Cohort",1049
"13980",59,5,722.02,"2010-02-21 14:18:00","2011-10-10 13:34:00","Non-Cohort",1448
"15886",59,4,1052.87,"2010-04-20 15:03:00","2011-10-10 14:25:00","Non-Cohort",3158
"14857",59,7,3578.93,"2010-03-15 11:00:00","2011-10-11 09:23:00","Non-Cohort",2232
"16861",59,5,928.89,"2010-07-19 11:44:00","2011-10-11 09:05:00","Non-Cohort",4017
"16136",59,4,921.08,"2010-02-14 12:49:00","2011-10-11 09:10:00","Non-Cohort",3376
"12824",59,1,397.12,"2011-10-11 12:49:00","2011-10-11 12:49:00","Non-Cohort",437
"17552",59,12,2744.63,"2010-03-22 09:19:00","2011-10-10 17:00:00","Non-Cohort",4613
"16385",59,5,881.35,"2010-03-18 12:45:00","2011-10-10 13:12:00","Non-Cohort",3596
"14451",59,12,3215.50,"2010-01-17 10:35:00","2011-10-10 13:38:00","Non-Cohort",1867
"17620",59,1,81.44,"2011-10-11 12:08:00","2011-10-11 12:08:00","Non-Cohort",4677
"13224",59,2,2147.85,"2011-07-11 14:10:00","2011-10-10 15:00:00","Non-Cohort",789
"12530",59,9,3329.86,"2010-03-07 14:37:00","2011-10-11 12:34:00","Non-Cohort",168
"17214",59,6,974.12,"2010-12-15 15:14:00","2011-10-10 13:17:00","Non-Cohort",4327
"13666",59,5,127.05,"2009-12-04 10:48:00","2011-10-10 15:39:00","Non-Cohort",1176
"15553",59,1,428.93,"2011-10-10 14:02:00","2011-10-10 14:02:00","Non-Cohort",2853
"16776",59,2,592.51,"2010-10-20 12:13:00","2011-10-10 13:04:00","Non-Cohort",3943
"12772",59,1,752.47,"2011-10-11 09:19:00","2011-10-11 09:19:00","Non-Cohort",390
"17284",59,7,2547.70,"2010-11-15 17:14:00","2011-10-10 14:38:00","Non-Cohort",4386
"15211",59,2,894.41,"2010-12-09 16:08:00","2011-10-10 13:31:00","Non-Cohort",2551
"14356",59,2,666.94,"2011-09-19 14:43:00","2011-10-10 17:16:00","Non-Cohort",1784
"15706",59,4,1001.81,"2011-08-15 14:32:00","2011-10-11 10:14:00","Non-Cohort",2995
"15128",59,5,1735.93,"2010-10-05 16:46:00","2011-10-10 13:54:00","Non-Cohort",2482
"14529",59,3,578.61,"2011-08-21 14:10:00","2011-10-10 15:27:00","Non-Cohort",1938
"17589",59,18,13661.22,"2010-03-07 13:48:00","2011-10-10 16:58:00","Non-Cohort",4648
"12371",59,4,3347.38,"2010-03-04 18:23:00","2011-10-11 10:43:00","Non-Cohort",24
"18088",60,1,166.03,"2011-10-09 13:41:00","2011-10-09 13:41:00","Non-Cohort",5069
"15756",60,4,528.01,"2011-04-04 14:00:00","2011-10-09 13:30:00","Non-Cohort",3041
"16518",60,4,938.27,"2010-06-01 13:31:00","2011-10-09 15:04:00","Non-Cohort",3718
"13473",60,8,2410.98,"2009-12-15 19:02:00","2011-10-10 11:20:00","Non-Cohort",1006
"16380",60,1,1743.15,"2011-10-09 15:40:00","2011-10-09 15:40:00","Non-Cohort",3593
"16179",60,1,215.83,"2011-10-10 09:41:00","2011-10-10 09:41:00","Non-Cohort",3413
"13193",60,1,112.08,"2011-10-09 14:30:00","2011-10-09 14:30:00","Non-Cohort",763
"16921",60,3,409.21,"2010-04-18 15:34:00","2011-10-09 16:22:00","Non-Cohort",4069
"16595",60,5,1757.75,"2010-01-17 12:12:00","2011-10-09 13:15:00","Non-Cohort",3785
"14801",60,1,189.34,"2011-10-09 15:24:00","2011-10-09 15:24:00","Non-Cohort",2187
"14514",60,9,4375.79,"2009-12-13 13:21:00","2011-10-09 16:05:00","Non-Cohort",1924
"14128",60,3,909.36,"2010-06-06 14:05:00","2011-10-10 12:00:00","Non-Cohort",1587
"17648",60,5,2208.42,"2010-11-19 16:41:00","2011-10-10 09:41:00","Non-Cohort",4703
"13260",60,1,557.62,"2011-10-09 13:21:00","2011-10-09 13:21:00","Non-Cohort",818
"18169",60,1,202.65,"2011-10-10 12:18:00","2011-10-10 12:18:00","Non-Cohort",5145
"14665",60,7,2172.33,"2010-04-26 11:17:00","2011-10-10 11:54:00","Non-Cohort",2060
"17025",60,5,1349.67,"2010-03-08 13:37:00","2011-10-10 09:06:00","Non-Cohort",4157
"15193",60,1,499.32,"2011-10-10 08:23:00","2011-10-10 08:23:00","Non-Cohort",2536
"16685",60,2,324.24,"2011-10-09 13:44:00","2011-10-09 13:58:00","Non-Cohort",3865
"13373",60,6,7587.19,"2009-12-06 12:34:00","2011-10-10 10:51:00","Non-Cohort",917
"14027",60,1,104.82,"2011-10-10 09:01:00","2011-10-10 09:01:00","Non-Cohort",1491
"16982",60,1,384.06,"2011-10-10 12:28:00","2011-10-10 12:28:00","Non-Cohort",4121
"15304",60,9,782.30,"2010-10-14 10:24:00","2011-10-10 10:23:00","Non-Cohort",2635
"18126",60,1,198.58,"2011-10-10 12:19:00","2011-10-10 12:19:00","Non-Cohort",5103
"16395",60,14,3438.66,"2009-12-06 12:23:00","2011-10-10 12:50:00","Non-Cohort",3605
"13259",61,9,1398.79,"2010-01-10 10:26:00","2011-10-09 10:48:00","Non-Cohort",817
"16248",61,1,152.94,"2011-10-09 11:32:00","2011-10-09 11:32:00","Non-Cohort",3475
"16104",61,9,2511.21,"2009-12-06 10:41:00","2011-10-09 10:23:00","Non-Cohort",3348
"14029",62,2,467.66,"2011-07-18 16:57:00","2011-10-07 14:46:00","Non-Cohort",1493
"13763",62,3,5181.99,"2010-09-30 17:39:00","2011-10-07 15:13:00","Non-Cohort",1264
"15874",62,21,11135.00,"2010-01-07 13:56:00","2011-10-07 12:58:00","Non-Cohort",3149
"16354",62,5,1119.46,"2010-04-27 13:33:00","2011-10-07 14:28:00","Non-Cohort",3569
"12492",62,3,607.21,"2010-11-01 14:58:00","2011-10-07 15:15:00","Non-Cohort",133
"13689",62,2,1259.50,"2010-09-21 10:27:00","2011-10-07 13:21:00","Non-Cohort",1197
"12885",62,3,1158.27,"2011-08-08 11:45:00","2011-10-07 13:40:00","Non-Cohort",491
"18136",62,5,1531.71,"2010-09-14 15:50:00","2011-10-07 15:40:00","Non-Cohort",5113
"15766",63,3,799.66,"2010-01-26 15:55:00","2011-10-06 17:03:00","Non-Cohort",3050
"14844",63,10,6688.43,"2010-04-12 12:50:00","2011-10-07 10:41:00","Non-Cohort",2221
"13876",63,1,122.70,"2011-10-07 10:22:00","2011-10-07 10:22:00","Non-Cohort",1362
"15841",63,9,2716.50,"2009-12-10 08:29:00","2011-10-06 18:31:00","Non-Cohort",3119
"13276",63,5,1871.21,"2010-03-07 14:05:00","2011-10-07 12:44:00","Non-Cohort",831
"12740",63,1,427.60,"2011-10-07 10:44:00","2011-10-07 10:44:00","Non-Cohort",359
"14501",63,2,190.31,"2011-01-24 10:43:00","2011-10-06 20:15:00","Non-Cohort",1912
"12939",63,20,25264.80,"2010-01-12 11:27:00","2011-10-06 14:33:00","Non-Cohort",535
"15815",63,5,2100.60,"2011-03-25 08:43:00","2011-10-07 12:42:00","Non-Cohort",3095
"18194",63,6,4084.20,"2010-01-28 15:30:00","2011-10-06 19:54:00","Non-Cohort",5169
"15937",63,1,145.35,"2011-10-06 15:48:00","2011-10-06 15:48:00","Non-Cohort",3198
"13049",63,4,1384.14,"2010-11-03 15:39:00","2011-10-06 15:31:00","Non-Cohort",632
"12703",63,4,802.18,"2010-01-24 12:05:00","2011-10-06 19:23:00","Non-Cohort",327
"15264",63,2,844.20,"2010-06-27 13:29:00","2011-10-06 13:49:00","Non-Cohort",2599
"13023",63,3,1251.03,"2010-06-29 09:51:00","2011-10-06 16:27:00","Non-Cohort",608
"13055",63,4,2292.51,"2010-10-06 08:17:00","2011-10-06 18:57:00","Non-Cohort",637
"16160",63,2,1009.45,"2011-09-15 10:53:00","2011-10-06 18:30:00","Non-Cohort",3396
"13504",63,1,295.93,"2011-10-06 13:20:00","2011-10-06 13:20:00","Non-Cohort",1036
"14557",63,1,0.00,"2011-09-15 15:48:00","2011-10-06 20:36:00","Non-Cohort",1966
"15300",63,1,496.44,"2011-10-06 17:08:00","2011-10-06 17:08:00","Non-Cohort",2631
"13348",63,1,233.76,"2011-10-06 17:28:00","2011-10-06 17:28:00","Non-Cohort",895
"12519",63,2,595.19,"2010-08-20 08:21:00","2011-10-07 09:26:00","Non-Cohort",157
"15322",63,2,1314.15,"2010-08-20 13:10:00","2011-10-06 20:38:00","Non-Cohort",2653
"12923",63,3,769.17,"2010-05-13 14:55:00","2011-10-06 16:20:00","Non-Cohort",521
"15518",63,15,4081.59,"2009-12-20 12:21:00","2011-10-06 13:05:00","Non-Cohort",2820
"14518",63,1,174.37,"2011-10-06 14:43:00","2011-10-06 14:43:00","Non-Cohort",1928
"16455",63,11,3917.92,"2010-03-30 10:31:00","2011-10-07 12:17:00","Non-Cohort",3662
"15315",63,2,551.54,"2011-08-15 15:17:00","2011-10-06 12:51:00","Non-Cohort",2646
"14792",63,1,0.00,"2011-10-06 18:34:00","2011-10-07 09:19:00","Non-Cohort",2178
"16184",63,6,1155.54,"2011-05-12 13:33:00","2011-10-06 17:43:00","Non-Cohort",3418
"17921",63,10,2354.21,"2010-07-15 20:05:00","2011-10-06 18:56:00","Non-Cohort",4935
"12420",63,1,600.39,"2011-10-07 08:55:00","2011-10-07 08:55:00","Non-Cohort",64
"16432",63,1,287.40,"2011-10-06 13:59:00","2011-10-06 13:59:00","Non-Cohort",3640
"16454",63,2,7.45,"2010-04-07 15:54:00","2011-10-06 16:57:00","Non-Cohort",3661
"13279",63,1,126.30,"2011-09-22 17:24:00","2011-10-06 18:51:00","Non-Cohort",834
"12394",63,2,1080.48,"2011-05-06 14:01:00","2011-10-07 08:08:00","Non-Cohort",42
"13317",63,19,6068.53,"2009-12-13 11:11:00","2011-10-06 19:21:00","Non-Cohort",867
"16909",63,1,364.14,"2011-09-28 16:45:00","2011-10-06 18:06:00","Non-Cohort",4058
"15306",63,9,3480.98,"2010-02-18 17:12:00","2011-10-06 12:56:00","Non-Cohort",2637
"14067",63,2,374.70,"2011-09-04 12:00:00","2011-10-07 10:21:00","Non-Cohort",1530
"16875",63,11,4053.20,"2010-01-05 09:16:00","2011-10-06 19:20:00","Non-Cohort",4028
"16477",63,11,4094.37,"2010-08-12 09:43:00","2011-10-07 09:44:00","Non-Cohort",3682
"13419",63,1,221.06,"2011-10-07 12:49:00","2011-10-07 12:49:00","Non-Cohort",956
"13169",63,3,840.08,"2010-05-26 15:58:00","2011-10-07 12:11:00","Non-Cohort",741
"14462",63,12,2204.69,"2010-10-03 14:13:00","2011-10-07 09:22:00","Non-Cohort",1876
"14333",63,1,351.45,"2011-10-03 10:38:00","2011-10-06 19:25:00","Non-Cohort",1763
"16842",63,3,1260.44,"2011-02-10 14:51:00","2011-10-06 17:38:00","Non-Cohort",4000
"13771",63,9,5726.07,"2010-02-25 12:37:00","2011-10-06 14:18:00","Non-Cohort",1271
"14819",63,4,456.41,"2009-12-21 15:54:00","2011-10-06 13:41:00","Non-Cohort",2201
"16462",63,3,102.00,"2011-03-01 08:58:00","2011-10-06 18:16:00","Non-Cohort",3669
"17030",63,1,146.87,"2011-10-07 08:49:00","2011-10-07 08:49:00","Non-Cohort",4162
"13806",63,1,256.38,"2011-10-07 11:43:00","2011-10-07 11:43:00","Non-Cohort",1301
"16316",63,13,5533.31,"2010-08-03 14:38:00","2011-10-06 13:48:00","Non-Cohort",3533
"13845",64,1,312.98,"2011-10-06 08:25:00","2011-10-06 08:25:00","Non-Cohort",1334
"16040",64,7,2383.70,"2010-04-09 10:12:00","2011-10-05 13:47:00","Non-Cohort",3292
"16803",64,1,332.30,"2011-10-05 14:28:00","2011-10-05 14:28:00","Non-Cohort",3964
"14538",64,5,1370.84,"2010-01-25 15:42:00","2011-10-06 10:31:00","Non-Cohort",1947
"15416",64,7,4562.87,"2010-02-01 11:55:00","2011-10-06 09:38:00","Non-Cohort",2733
"13602",64,4,1025.17,"2010-05-28 11:49:00","2011-10-06 11:47:00","Non-Cohort",1120
"15762",64,2,583.75,"2011-09-23 15:17:00","2011-10-05 16:15:00","Non-Cohort",3046
"15244",64,3,850.18,"2010-02-11 14:48:00","2011-10-05 13:19:00","Non-Cohort",2580
"17222",64,6,1563.61,"2010-01-10 15:24:00","2011-10-05 13:58:00","Non-Cohort",4335
"14317",64,1,508.58,"2011-10-06 10:44:00","2011-10-06 10:44:00","Non-Cohort",1750
"15048",64,4,377.52,"2010-12-06 12:15:00","2011-10-05 14:55:00","Non-Cohort",2405
"15837",64,2,777.01,"2010-08-11 10:16:00","2011-10-06 09:01:00","Non-Cohort",3115
"18033",64,1,93.82,"2011-10-05 17:28:00","2011-10-05 17:28:00","Non-Cohort",5024
"16758",64,1,369.34,"2011-10-05 14:47:00","2011-10-05 14:47:00","Non-Cohort",3926
"16895",64,5,1102.90,"2010-02-12 11:07:00","2011-10-06 12:15:00","Non-Cohort",4044
"13947",64,1,90.60,"2011-10-05 14:42:00","2011-10-05 14:42:00","Non-Cohort",1423
"13591",64,7,2081.19,"2009-12-14 15:44:00","2011-10-06 12:26:00","Non-Cohort",1110
"17382",64,8,902.28,"2010-05-19 11:33:00","2011-10-05 13:05:00","Non-Cohort",4468
"14054",64,1,92.46,"2011-10-05 15:49:00","2011-10-05 15:49:00","Non-Cohort",1518
"17647",64,3,331.66,"2010-02-08 14:39:00","2011-10-05 15:38:00","Non-Cohort",4702
"17483",64,4,591.73,"2010-10-21 12:43:00","2011-10-05 13:10:00","Non-Cohort",4554
"12789",64,3,225.35,"2010-01-15 12:06:00","2011-10-05 13:34:00","Non-Cohort",407
"13177",64,2,512.20,"2010-10-05 10:35:00","2011-10-06 09:56:00","Non-Cohort",748
"14396",64,7,1969.38,"2009-12-02 14:21:00","2011-10-05 16:09:00","Non-Cohort",1819
"13351",65,1,323.94,"2011-10-04 12:55:00","2011-10-04 12:55:00","Non-Cohort",898
"15757",65,6,2940.36,"2010-06-10 13:47:00","2011-10-05 12:14:00","Non-Cohort",3042
"17957",65,1,110.72,"2011-10-04 14:58:00","2011-10-04 14:58:00","Non-Cohort",4966
"16059",65,12,3053.57,"2010-05-19 13:04:00","2011-10-05 09:56:00","Non-Cohort",3309
"16106",65,1,108.38,"2011-10-05 10:37:00","2011-10-05 10:37:00","Non-Cohort",3350
"15739",65,1,449.12,"2011-10-04 13:42:00","2011-10-04 13:42:00","Non-Cohort",3024
"15228",65,6,5570.52,"2010-07-28 10:21:00","2011-10-04 13:56:00","Non-Cohort",2566
"16374",65,5,1709.55,"2010-04-30 13:10:00","2011-10-04 15:21:00","Non-Cohort",3587
"12843",65,28,6219.07,"2009-12-13 11:41:00","2011-10-05 12:09:00","Non-Cohort",455
"13483",65,1,140.34,"2011-10-05 11:53:00","2011-10-05 11:53:00","Non-Cohort",1015
"18053",65,3,527.77,"2010-06-30 12:36:00","2011-10-04 17:31:00","Non-Cohort",5041
"15730",65,5,1708.18,"2010-10-04 14:15:00","2011-10-05 12:31:00","Non-Cohort",3016
"15339",65,7,1627.27,"2010-02-08 13:38:00","2011-10-04 12:51:00","Non-Cohort",2666
"13552",65,22,6588.63,"2010-02-19 13:28:00","2011-10-04 15:19:00","Non-Cohort",1077
"12512",65,2,132.18,"2011-10-04 14:53:00","2011-10-04 14:55:00","Non-Cohort",151
"15127",65,2,711.50,"2010-07-08 10:07:00","2011-10-05 10:30:00","Non-Cohort",2481
"13792",65,3,383.95,"2010-10-13 11:05:00","2011-10-04 14:31:00","Non-Cohort",1288
"15276",65,4,601.30,"2010-10-01 12:24:00","2011-10-04 16:39:00","Non-Cohort",2611
"17667",65,9,3883.80,"2010-02-23 09:57:00","2011-10-04 14:32:00","Non-Cohort",4722
"15181",65,5,957.65,"2009-12-08 19:02:00","2011-10-04 13:58:00","Non-Cohort",2524
"13989",65,5,2026.06,"2010-05-25 12:13:00","2011-10-05 09:47:00","Non-Cohort",1455
"13801",66,1,324.80,"2011-10-04 10:15:00","2011-10-04 10:15:00","Non-Cohort",1296
"15930",66,1,426.63,"2011-10-03 14:52:00","2011-10-03 14:52:00","Non-Cohort",3193
"16556",66,17,7610.23,"2009-12-07 10:51:00","2011-10-04 11:36:00","Non-Cohort",3754
"15299",66,9,5550.52,"2010-01-12 11:34:00","2011-10-03 14:19:00","Non-Cohort",2630
"14651",66,9,2025.52,"2010-03-18 11:39:00","2011-10-03 15:52:00","Non-Cohort",2046
"14184",66,1,452.89,"2011-10-04 12:43:00","2011-10-04 12:43:00","Non-Cohort",1636
"12413",66,4,861.50,"2010-11-02 13:26:00","2011-10-04 09:00:00","Non-Cohort",58
"15255",66,9,3647.37,"2009-12-03 09:10:00","2011-10-04 12:43:00","Non-Cohort",2590
"15241",66,11,3032.31,"2010-02-23 13:59:00","2011-10-04 09:05:00","Non-Cohort",2578
"16882",66,3,705.12,"2011-01-26 17:43:00","2011-10-04 10:42:00","Non-Cohort",4033
"16253",66,7,7222.20,"2009-12-08 17:24:00","2011-10-04 09:09:00","Non-Cohort",3479
"16881",66,1,432.00,"2011-10-04 10:33:00","2011-10-04 10:33:00","Non-Cohort",4032
"16183",66,4,1077.81,"2010-10-28 14:43:00","2011-10-03 14:59:00","Non-Cohort",3417
"13431",66,8,3289.24,"2010-02-18 11:53:00","2011-10-03 13:49:00","Non-Cohort",968
"13364",66,1,0.00,"2011-09-29 18:13:00","2011-10-04 09:48:00","Non-Cohort",910
"16441",66,5,1002.23,"2010-03-22 18:00:00","2011-10-03 17:48:00","Non-Cohort",3648
"12637",66,12,8071.16,"2010-06-14 13:36:00","2011-10-03 13:46:00","Non-Cohort",265
"16667",67,2,567.18,"2011-02-28 12:57:00","2011-10-02 15:26:00","Non-Cohort",3849
"16774",67,8,1560.88,"2010-02-16 16:53:00","2011-10-03 12:41:00","Non-Cohort",3941
"13344",67,3,2511.69,"2011-03-07 10:28:00","2011-10-03 09:45:00","Non-Cohort",891
"12886",67,2,1351.09,"2011-05-04 11:21:00","2011-10-03 10:09:00","Non-Cohort",492
"13635",67,4,2948.22,"2009-12-01 09:46:00","2011-10-03 10:55:00","Non-Cohort",1150
"14970",67,12,3593.40,"2010-02-14 13:37:00","2011-10-02 13:44:00","Non-Cohort",2333
"14193",67,3,1210.19,"2010-11-08 12:31:00","2011-10-03 09:34:00","Non-Cohort",1644
"18116",67,13,2130.89,"2010-10-24 15:29:00","2011-10-03 11:00:00","Non-Cohort",5094
"13505",67,4,3522.88,"2011-04-21 12:07:00","2011-10-03 12:14:00","Non-Cohort",1037
"15164",68,9,2011.21,"2010-01-18 13:34:00","2011-10-02 12:05:00","Non-Cohort",2512
"15774",68,6,1287.09,"2010-02-21 12:57:00","2011-10-02 12:04:00","Non-Cohort",3057
"16693",68,5,1179.48,"2010-02-21 12:42:00","2011-10-02 11:10:00","Non-Cohort",3871
"15579",68,5,1215.38,"2010-10-03 14:37:00","2011-10-02 12:45:00","Non-Cohort",2876
"16591",68,1,213.50,"2011-10-02 10:43:00","2011-10-02 10:43:00","Non-Cohort",3781
"17506",69,1,294.29,"2011-09-25 11:39:00","2011-09-30 12:54:00","Non-Cohort",4574
"18008",69,23,19759.08,"2010-01-06 12:35:00","2011-09-30 15:17:00","Non-Cohort",5003
"13320",69,6,2144.45,"2010-08-18 10:29:00","2011-09-30 12:52:00","Non-Cohort",870
"13347",69,1,291.36,"2011-09-30 13:28:00","2011-09-30 13:28:00","Non-Cohort",894
"15834",69,7,3613.04,"2010-10-11 14:05:00","2011-09-30 14:41:00","Non-Cohort",3112
"16613",69,1,618.59,"2011-09-30 15:52:00","2011-09-30 15:52:00","Non-Cohort",3801
"12694",69,3,1659.45,"2010-10-14 19:39:00","2011-09-30 13:06:00","Non-Cohort",319
"12842",69,4,1917.99,"2009-12-02 08:15:00","2011-09-30 15:33:00","Non-Cohort",454
"16404",69,1,430.30,"2009-12-07 12:32:00","2011-09-30 14:55:00","Non-Cohort",3614
"15185",69,1,310.62,"2011-09-30 14:06:00","2011-09-30 14:06:00","Non-Cohort",2528
"14916",70,8,2888.21,"2010-04-01 10:57:00","2011-09-30 09:20:00","Non-Cohort",2288
"16268",70,2,617.65,"2011-09-29 18:30:00","2011-09-29 18:30:00","Non-Cohort",3490
"16589",70,4,612.36,"2010-09-15 14:56:00","2011-09-29 14:50:00","Non-Cohort",3780
"14681",70,6,875.15,"2010-02-24 08:54:00","2011-09-29 15:52:00","Non-Cohort",2075
"13886",70,1,243.56,"2011-09-29 13:17:00","2011-09-29 13:17:00","Non-Cohort",1372
"18204",70,3,1960.95,"2011-05-31 15:26:00","2011-09-29 16:44:00","Non-Cohort",5178
"17572",70,10,652.21,"2009-12-15 10:00:00","2011-09-29 17:53:00","Non-Cohort",4631
"13764",70,6,2908.67,"2010-03-07 12:56:00","2011-09-30 12:03:00","Non-Cohort",1265
"12458",70,4,1502.49,"2010-08-09 10:33:00","2011-09-29 15:25:00","Non-Cohort",101
"16574",70,3,1301.78,"2010-02-19 11:46:00","2011-09-29 13:39:00","Non-Cohort",3770
"15062",70,8,2585.62,"2010-04-08 15:41:00","2011-09-29 16:51:00","Non-Cohort",2419
"14164",70,2,1631.77,"2011-09-20 12:18:00","2011-09-30 12:24:00","Non-Cohort",1620
"13354",70,1,743.53,"2011-09-29 13:17:00","2011-09-29 13:17:00","Non-Cohort",900
"12728",70,5,926.17,"2010-11-21 11:34:00","2011-09-29 15:31:00","Non-Cohort",350
"13095",70,1,74.40,"2011-09-30 12:03:00","2011-09-30 12:03:00","Non-Cohort",673
"12718",70,1,202.25,"2011-09-29 16:38:00","2011-09-29 16:38:00","Non-Cohort",341
"17376",70,4,453.64,"2010-07-05 11:11:00","2011-09-30 12:36:00","Non-Cohort",4463
"16233",70,9,1678.26,"2009-12-02 13:23:00","2011-09-29 17:27:00","Non-Cohort",3461
"13503",70,5,1706.79,"2010-02-16 13:49:00","2011-09-29 13:23:00","Non-Cohort",1035
"13092",70,12,2007.33,"2010-02-10 08:44:00","2011-09-30 11:18:00","Non-Cohort",670
"17905",70,13,2159.07,"2010-01-28 17:54:00","2011-09-29 17:33:00","Non-Cohort",4920
"13972",70,2,190.25,"2011-05-22 11:34:00","2011-09-30 11:54:00","Non-Cohort",1441
"12822",70,2,918.98,"2011-09-13 13:46:00","2011-09-30 10:04:00","Non-Cohort",435
"14409",70,9,3276.09,"2010-05-21 16:45:00","2011-09-29 18:18:00","Non-Cohort",1829
"14305",70,3,1803.76,"2011-07-27 14:14:00","2011-09-29 15:29:00","Non-Cohort",1741
"15593",70,1,199.80,"2011-09-30 11:46:00","2011-09-30 11:46:00","Non-Cohort",2887
"15175",71,1,224.14,"2011-09-29 11:31:00","2011-09-29 11:31:00","Non-Cohort",2519
"18192",71,1,957.97,"2011-09-29 09:53:00","2011-09-29 09:53:00","Non-Cohort",5167
"17894",71,18,2248.44,"2010-08-27 14:13:00","2011-09-29 09:23:00","Non-Cohort",4910
"15036",71,3,429.56,"2011-06-13 12:19:00","2011-09-28 15:42:00","Non-Cohort",2394
"13321",71,2,567.36,"2011-09-14 15:18:00","2011-09-28 15:24:00","Non-Cohort",871
"18265",71,2,801.51,"2011-07-04 15:26:00","2011-09-28 14:10:00","Non-Cohort",5236
"13061",71,1,248.61,"2011-09-28 16:04:00","2011-09-28 16:04:00","Non-Cohort",643
"16650",71,7,1916.11,"2010-07-08 14:18:00","2011-09-29 09:51:00","Non-Cohort",3835
"17783",71,3,376.96,"2010-07-15 12:50:00","2011-09-28 16:07:00","Non-Cohort",4819
"18242",71,8,3605.21,"2010-01-11 08:49:00","2011-09-28 13:43:00","Non-Cohort",5216
"16281",71,3,3416.52,"2010-01-26 13:41:00","2011-09-28 14:57:00","Non-Cohort",3501
"15348",71,1,158.04,"2011-09-28 13:17:00","2011-09-28 13:17:00","Non-Cohort",2674
"17819",71,12,5977.25,"2009-12-13 15:24:00","2011-09-29 10:52:00","Non-Cohort",4850
"17427",71,1,100.80,"2011-09-29 11:29:00","2011-09-29 11:29:00","Non-Cohort",4506
"14947",71,6,1049.79,"2010-03-25 11:29:00","2011-09-28 15:48:00","Non-Cohort",2311
"16321",71,7,265.50,"2009-12-01 10:33:00","2011-09-28 14:55:00","Non-Cohort",3538
"14609",71,10,1366.20,"2010-02-09 09:48:00","2011-09-28 12:54:00","Non-Cohort",2010
"12372",71,3,1196.04,"2011-02-16 12:46:00","2011-09-29 12:12:00","Non-Cohort",25
"16182",71,9,9971.65,"2010-03-09 09:34:00","2011-09-28 13:23:00","Non-Cohort",3416
"15030",71,8,1967.16,"2010-03-04 17:10:00","2011-09-29 10:50:00","Non-Cohort",2388
"12393",71,6,2376.75,"2010-10-07 13:49:00","2011-09-28 15:41:00","Non-Cohort",41
"17513",71,3,1158.80,"2010-08-17 15:08:00","2011-09-28 16:42:00","Non-Cohort",4581
"18235",71,3,1796.48,"2011-05-06 13:35:00","2011-09-29 08:27:00","Non-Cohort",5209
"13741",71,3,666.33,"2011-05-06 13:43:00","2011-09-29 09:19:00","Non-Cohort",1244
"14475",71,4,1025.12,"2010-10-27 09:20:00","2011-09-29 10:46:00","Non-Cohort",1888
"17950",71,7,1156.21,"2010-01-04 17:39:00","2011-09-28 15:18:00","Non-Cohort",4960
"14978",71,10,3076.39,"2010-04-28 10:50:00","2011-09-28 13:07:00","Non-Cohort",2341
"13901",71,15,5599.34,"2010-01-05 09:29:00","2011-09-28 14:48:00","Non-Cohort",1386
"16181",72,1,305.54,"2011-09-27 13:38:00","2011-09-27 13:38:00","Non-Cohort",3415
"17591",72,8,2328.37,"2010-01-17 16:09:00","2011-09-27 13:42:00","Non-Cohort",4650
"15827",72,28,3247.09,"2010-01-08 11:25:00","2011-09-27 15:35:00","Non-Cohort",3106
"16493",72,7,2110.12,"2010-03-26 13:05:00","2011-09-28 11:13:00","Non-Cohort",3697
"13397",72,10,3103.07,"2010-01-20 09:50:00","2011-09-28 10:56:00","Non-Cohort",936
"17656",72,5,1674.69,"2011-08-03 10:45:00","2011-09-27 13:04:00","Non-Cohort",4711
"13979",72,7,3284.23,"2009-12-03 10:02:00","2011-09-27 13:32:00","Non-Cohort",1447
"12579",72,1,374.72,"2011-09-22 17:15:00","2011-09-27 13:57:00","Non-Cohort",212
"13016",72,3,789.89,"2011-08-08 15:00:00","2011-09-27 14:08:00","Non-Cohort",602
"16681",72,7,1921.84,"2010-03-08 14:10:00","2011-09-28 11:11:00","Non-Cohort",3861
"13134",72,6,2422.28,"2010-10-19 13:21:00","2011-09-28 09:22:00","Non-Cohort",709
"17370",72,4,446.18,"2011-06-23 11:50:00","2011-09-28 10:14:00","Non-Cohort",4457
"16122",72,6,895.62,"2010-10-10 15:26:00","2011-09-27 15:34:00","Non-Cohort",3365
"12566",72,1,292.70,"2011-09-14 14:30:00","2011-09-28 09:57:00","Non-Cohort",200
"17002",72,7,2565.60,"2010-03-08 15:46:00","2011-09-27 16:48:00","Non-Cohort",4137
"13515",72,6,1265.82,"2010-03-05 11:58:00","2011-09-28 11:26:00","Non-Cohort",1047
"15674",72,12,6217.85,"2009-12-08 17:08:00","2011-09-27 15:17:00","Non-Cohort",2965
"12455",72,9,5722.95,"2009-12-18 12:33:00","2011-09-27 15:31:00","Non-Cohort",98
"14934",72,5,2471.07,"2010-09-24 12:08:00","2011-09-28 09:45:00","Non-Cohort",2302
"13866",73,1,145.67,"2011-09-26 14:54:00","2011-09-26 14:54:00","Non-Cohort",1353
"17674",73,2,551.04,"2010-12-06 10:20:00","2011-09-26 13:35:00","Non-Cohort",4729
"17788",73,2,1112.95,"2011-08-02 10:38:00","2011-09-27 10:09:00","Non-Cohort",4824
"13639",73,2,1346.27,"2010-09-29 10:05:00","2011-09-26 13:36:00","Non-Cohort",1154
"13233",73,4,1176.46,"2010-01-14 14:10:00","2011-09-26 13:25:00","Non-Cohort",797
"13434",73,5,1666.86,"2010-02-22 09:54:00","2011-09-26 14:30:00","Non-Cohort",971
"14272",73,4,920.81,"2010-05-06 14:01:00","2011-09-27 10:08:00","Non-Cohort",1714
"16629",73,2,408.63,"2011-09-04 16:12:00","2011-09-27 10:34:00","Non-Cohort",3817
"15154",73,3,1314.17,"2010-08-18 17:41:00","2011-09-26 16:43:00","Non-Cohort",2505
"13555",73,13,8798.99,"2010-01-19 13:20:00","2011-09-27 12:36:00","Non-Cohort",1079
"14908",73,2,381.90,"2010-09-02 16:39:00","2011-09-26 12:56:00","Non-Cohort",2280
"14473",73,2,234.34,"2011-03-02 13:56:00","2011-09-26 15:10:00","Non-Cohort",1886
"18278",73,2,414.20,"2010-10-31 12:13:00","2011-09-27 11:58:00","Non-Cohort",5248
"15958",73,4,462.12,"2010-06-07 10:59:00","2011-09-26 13:41:00","Non-Cohort",3218
"14101",73,13,9942.13,"2010-03-28 13:36:00","2011-09-27 12:28:00","Non-Cohort",1563
"12987",73,5,1298.51,"2010-01-20 09:57:00","2011-09-27 12:03:00","Non-Cohort",576
"16778",73,2,245.94,"2011-03-10 15:21:00","2011-09-26 13:48:00","Non-Cohort",3945
"16468",73,3,787.52,"2010-08-15 13:10:00","2011-09-26 14:13:00","Non-Cohort",3674
"14818",73,6,1153.56,"2010-03-02 12:48:00","2011-09-27 11:01:00","Non-Cohort",2200
"16573",73,2,648.41,"2011-02-22 15:14:00","2011-09-27 11:17:00","Non-Cohort",3769
"16266",73,14,1757.95,"2010-02-04 16:21:00","2011-09-27 12:08:00","Non-Cohort",3488
"17805",73,2,927.03,"2010-04-08 14:36:00","2011-09-27 11:49:00","Non-Cohort",4839
"13514",73,4,815.90,"2010-01-26 15:11:00","2011-09-27 09:39:00","Non-Cohort",1046
"17997",73,8,1520.47,"2011-06-28 17:28:00","2011-09-26 16:13:00","Non-Cohort",4997
"17480",73,2,876.92,"2010-09-21 12:31:00","2011-09-27 10:21:00","Non-Cohort",4551
"15243",73,2,927.28,"2010-09-30 17:28:00","2011-09-26 14:12:00","Non-Cohort",2579
"17061",73,11,5116.13,"2011-04-21 13:29:00","2011-09-27 11:24:00","Non-Cohort",4192
"12823",74,18,6501.50,"2010-01-29 12:52:00","2011-09-26 07:35:00","Non-Cohort",436
"13670",74,1,349.70,"2011-09-25 15:25:00","2011-09-25 15:25:00","Non-Cohort",1180
"14152",74,7,1975.44,"2010-02-18 13:57:00","2011-09-25 12:54:00","Non-Cohort",1608
"17154",74,1,329.34,"2011-09-25 13:42:00","2011-09-25 13:42:00","Non-Cohort",4275
"16198",74,2,1030.04,"2010-09-28 13:59:00","2011-09-25 14:58:00","Non-Cohort",3431
"16342",74,4,322.41,"2011-06-13 10:10:00","2011-09-25 14:36:00","Non-Cohort",3558
"12412",74,6,2389.03,"2010-06-18 13:22:00","2011-09-26 10:16:00","Non-Cohort",57
"14806",74,2,303.43,"2010-09-26 15:50:00","2011-09-25 15:32:00","Non-Cohort",2191
"18066",74,3,1440.40,"2010-10-20 11:42:00","2011-09-25 15:30:00","Non-Cohort",5050
"16603",74,2,482.47,"2011-09-09 13:02:00","2011-09-26 10:06:00","Non-Cohort",3792
"13390",74,1,544.08,"2011-09-26 08:38:00","2011-09-26 08:38:00","Non-Cohort",929
"15626",74,3,1049.37,"2010-10-14 17:16:00","2011-09-26 10:03:00","Non-Cohort",2919
"14757",74,1,420.50,"2011-09-25 14:36:00","2011-09-25 14:36:00","Non-Cohort",2144
"16383",74,7,2828.94,"2010-02-04 13:18:00","2011-09-26 12:45:00","Non-Cohort",3594
"13927",74,2,689.96,"2010-09-28 16:12:00","2011-09-26 12:00:00","Non-Cohort",1404
"12348",74,5,1658.40,"2010-09-27 14:59:00","2011-09-25 13:13:00","Non-Cohort",3
"18155",74,3,347.82,"2011-02-21 10:36:00","2011-09-25 13:32:00","Non-Cohort",5131
"12545",74,2,832.39,"2011-03-25 12:04:00","2011-09-25 13:39:00","Non-Cohort",182
"15312",74,12,2916.49,"2009-12-16 09:23:00","2011-09-25 13:10:00","Non-Cohort",2643
"16594",74,1,181.09,"2011-09-25 14:08:00","2011-09-25 14:08:00","Non-Cohort",3784
"15366",74,7,2389.08,"2010-02-26 10:10:00","2011-09-25 15:01:00","Non-Cohort",2688
"16689",75,2,355.10,"2011-09-18 13:29:00","2011-09-25 11:39:00","Non-Cohort",3868
"13787",75,6,1173.70,"2010-01-14 10:13:00","2011-09-25 12:06:00","Non-Cohort",1284
"15799",75,4,1421.34,"2010-10-17 14:26:00","2011-09-25 12:46:00","Non-Cohort",3080
"16480",75,1,769.29,"2011-09-25 11:40:00","2011-09-25 11:40:00","Non-Cohort",3685
"14561",75,3,1080.76,"2011-06-08 13:26:00","2011-09-25 12:39:00","Non-Cohort",1969
"17498",75,1,272.22,"2011-09-25 12:25:00","2011-09-25 12:25:00","Non-Cohort",4566
"13336",76,1,795.12,"2011-09-23 14:05:00","2011-09-23 14:05:00","Non-Cohort",883
"16485",76,5,2130.19,"2009-12-06 12:28:00","2011-09-23 15:50:00","Non-Cohort",3690
"15475",76,1,454.11,"2011-09-23 15:20:00","2011-09-23 15:20:00","Non-Cohort",2784
"15549",76,8,2292.91,"2010-01-11 13:16:00","2011-09-23 16:22:00","Non-Cohort",2849
"14880",76,3,690.59,"2011-02-24 12:27:00","2011-09-23 13:42:00","Non-Cohort",2254
"15978",76,3,3272.62,"2010-03-05 14:39:00","2011-09-23 15:21:00","Non-Cohort",3235
"16872",76,6,1213.13,"2010-09-02 17:36:00","2011-09-23 16:05:00","Non-Cohort",4026
"14652",76,1,114.18,"2011-09-23 14:21:00","2011-09-23 14:21:00","Non-Cohort",2047
"14014",76,3,1948.21,"2010-05-12 09:04:00","2011-09-23 13:18:00","Non-Cohort",1478
"12516",77,4,2288.62,"2010-04-19 14:14:00","2011-09-23 09:13:00","Non-Cohort",154
"12995",77,1,200.72,"2011-09-15 15:44:00","2011-09-23 09:20:00","Non-Cohort",584
"13220",77,5,1336.09,"2010-05-13 10:35:00","2011-09-22 13:38:00","Non-Cohort",785
"16715",77,2,625.52,"2010-05-26 12:35:00","2011-09-22 18:15:00","Non-Cohort",3889
"16984",77,9,10206.40,"2010-03-07 15:34:00","2011-09-22 18:21:00","Non-Cohort",4123
"13486",77,3,1122.41,"2011-07-07 17:19:00","2011-09-22 13:13:00","Non-Cohort",1018
"17388",77,11,2675.37,"2009-12-10 11:45:00","2011-09-23 10:31:00","Non-Cohort",4474
"15744",77,1,34.80,"2011-09-23 09:52:00","2011-09-23 09:52:00","Non-Cohort",3029
"14854",77,11,4282.37,"2010-01-22 09:48:00","2011-09-22 17:00:00","Non-Cohort",2229
"17037",77,1,1253.22,"2011-09-13 12:49:00","2011-09-22 17:20:00","Non-Cohort",4168
"14038",77,5,3000.93,"2010-02-04 08:56:00","2011-09-22 13:37:00","Non-Cohort",1502
"15067",77,5,3850.13,"2010-04-11 15:54:00","2011-09-22 13:20:00","Non-Cohort",2423
"12609",77,9,3021.86,"2009-12-20 13:30:00","2011-09-22 16:34:00","Non-Cohort",239
"16978",77,3,768.88,"2010-02-11 16:27:00","2011-09-23 12:50:00","Non-Cohort",4118
"17311",77,6,3490.66,"2010-02-03 12:38:00","2011-09-22 14:11:00","Non-Cohort",4408
"16236",77,1,432.20,"2011-09-22 14:10:00","2011-09-22 14:10:00","Non-Cohort",3464
"17079",77,1,118.80,"2011-09-22 15:34:00","2011-09-22 15:34:00","Non-Cohort",4210
"15075",77,1,773.03,"2011-09-23 12:27:00","2011-09-23 12:27:00","Non-Cohort",2430
"13127",77,1,259.17,"2011-09-23 10:26:00","2011-09-23 10:26:00","Non-Cohort",702
"12930",77,2,409.90,"2011-06-21 13:25:00","2011-09-22 15:18:00","Non-Cohort",526
"18189",77,3,1396.58,"2010-03-24 09:57:00","2011-09-23 12:40:00","Non-Cohort",5164
"12425",77,2,1680.81,"2010-09-17 14:10:00","2011-09-22 17:31:00","Non-Cohort",69
"16735",78,14,5578.86,"2009-12-08 09:24:00","2011-09-22 11:49:00","Non-Cohort",3906
"16213",78,1,159.00,"2011-09-22 10:03:00","2011-09-22 10:03:00","Non-Cohort",3444
"17460",78,16,1937.10,"2010-01-22 13:25:00","2011-09-22 10:58:00","Non-Cohort",4535
"13946",78,6,1745.43,"2009-12-04 11:07:00","2011-09-21 13:33:00","Non-Cohort",1422
"15603",78,2,74.73,"2010-03-01 16:02:00","2011-09-22 10:04:00","Non-Cohort",2897
"14951",78,1,311.69,"2011-09-21 15:15:00","2011-09-21 15:15:00","Non-Cohort",2315
"17475",78,1,194.37,"2011-09-21 14:55:00","2011-09-21 14:55:00","Non-Cohort",4548
"13959",78,6,1064.77,"2010-07-16 15:11:00","2011-09-21 15:06:00","Non-Cohort",1432
"15201",78,7,1525.90,"2010-04-07 14:50:00","2011-09-22 09:53:00","Non-Cohort",2544
"12604",78,2,236.18,"2011-03-23 12:06:00","2011-09-21 14:08:00","Non-Cohort",237
"17172",78,3,915.49,"2009-12-13 11:46:00","2011-09-22 09:36:00","Non-Cohort",4291
"15433",78,2,417.87,"2011-03-17 14:12:00","2011-09-21 16:24:00","Non-Cohort",2748
"13529",78,2,307.76,"2011-05-19 11:50:00","2011-09-22 09:15:00","Non-Cohort",1060
"12854",78,7,2899.32,"2009-12-11 12:55:00","2011-09-22 12:15:00","Non-Cohort",465
"12550",78,1,824.83,"2011-09-21 14:35:00","2011-09-21 14:35:00","Non-Cohort",187
"15810",78,8,2724.80,"2009-12-22 10:24:00","2011-09-22 09:38:00","Non-Cohort",3090
"12520",78,5,2294.51,"2011-03-11 11:35:00","2011-09-21 15:23:00","Non-Cohort",158
"16627",78,1,322.80,"2011-09-21 14:38:00","2011-09-21 14:38:00","Non-Cohort",3815
"17731",78,6,1347.08,"2010-02-09 12:37:00","2011-09-21 15:02:00","Non-Cohort",4777
"14887",78,1,1862.00,"2011-09-21 15:32:00","2011-09-21 15:32:00","Non-Cohort",2261
"17027",78,9,1268.93,"2009-12-10 12:10:00","2011-09-22 12:24:00","Non-Cohort",4159
"12409",78,7,23090.47,"2010-05-23 15:21:00","2011-09-22 10:38:00","Non-Cohort",55
"13038",79,3,908.46,"2011-02-22 11:43:00","2011-09-20 14:37:00","Non-Cohort",621
"13908",79,4,2297.05,"2011-03-08 12:04:00","2011-09-21 11:49:00","Non-Cohort",1391
"15888",79,3,396.45,"2010-07-01 11:51:00","2011-09-21 09:44:00","Non-Cohort",3159
"17415",79,1,507.84,"2011-09-21 12:50:00","2011-09-21 12:50:00","Non-Cohort",4496
"16777",79,5,1261.43,"2010-03-17 12:42:00","2011-09-20 13:41:00","Non-Cohort",3944
"13356",79,1,768.24,"2011-09-20 14:33:00","2011-09-20 14:33:00","Non-Cohort",902
"12701",79,6,2248.41,"2010-03-16 13:23:00","2011-09-21 10:47:00","Non-Cohort",325
"15026",79,5,1044.09,"2010-09-17 13:52:00","2011-09-20 13:52:00","Non-Cohort",2384
"17873",79,18,5849.63,"2009-12-16 15:11:00","2011-09-20 16:41:00","Non-Cohort",4892
"16928",79,26,3678.43,"2010-02-03 12:30:00","2011-09-20 15:10:00","Non-Cohort",4075
"12435",79,6,13925.93,"2009-12-02 13:58:00","2011-09-21 09:06:00","Non-Cohort",79
"12390",79,1,504.84,"2011-09-21 09:33:00","2011-09-21 09:33:00","Non-Cohort",38
"16584",79,5,3077.97,"2010-02-16 10:41:00","2011-09-20 13:45:00","Non-Cohort",3776
"16428",80,3,635.54,"2010-07-30 12:10:00","2011-09-19 16:31:00","Non-Cohort",3636
"15341",80,2,2401.02,"2010-05-28 07:45:00","2011-09-20 09:40:00","Non-Cohort",2668
"16211",80,3,1086.34,"2010-09-27 15:24:00","2011-09-19 16:23:00","Non-Cohort",3442
"12752",80,1,4366.78,"2011-09-19 13:32:00","2011-09-19 13:32:00","Non-Cohort",371
"15504",80,4,381.50,"2010-02-12 12:34:00","2011-09-19 13:45:00","Non-Cohort",2808
"18017",80,4,688.00,"2010-10-04 15:11:00","2011-09-19 16:15:00","Non-Cohort",5011
"13228",80,1,358.00,"2011-09-19 14:28:00","2011-09-19 14:28:00","Non-Cohort",793
"16527",80,2,1232.94,"2010-10-11 13:25:00","2011-09-19 16:21:00","Non-Cohort",3726
"14236",80,5,1543.44,"2010-07-22 14:27:00","2011-09-20 09:13:00","Non-Cohort",1683
"17848",80,30,3525.71,"2009-12-06 13:19:00","2011-09-19 16:49:00","Non-Cohort",4873
"13375",80,2,1786.48,"2010-09-21 08:12:00","2011-09-19 16:01:00","Non-Cohort",918
"16215",80,1,242.35,"2011-09-20 10:18:00","2011-09-20 10:18:00","Non-Cohort",3446
"16624",80,2,810.57,"2011-05-26 14:20:00","2011-09-20 12:39:00","Non-Cohort",3812
"17628",80,1,75.75,"2011-09-19 15:21:00","2011-09-19 15:21:00","Non-Cohort",4685
"15675",80,4,542.04,"2010-10-31 14:14:00","2011-09-19 13:48:00","Non-Cohort",2966
"15764",80,8,4453.28,"2010-08-18 13:58:00","2011-09-19 16:16:00","Non-Cohort",3048
"16080",81,4,472.90,"2010-09-15 14:19:00","2011-09-19 10:42:00","Non-Cohort",3326
"12379",81,4,1468.27,"2010-06-23 12:49:00","2011-09-19 10:09:00","Non-Cohort",31
"17802",81,10,4808.94,"2009-12-13 13:39:00","2011-09-18 14:56:00","Non-Cohort",4838
"16906",81,7,1410.07,"2010-05-13 13:23:00","2011-09-19 11:49:00","Non-Cohort",4055
"13562",81,8,4838.18,"2010-01-14 16:33:00","2011-09-19 10:51:00","Non-Cohort",1086
"12527",81,5,717.51,"2010-06-28 15:37:00","2011-09-19 11:55:00","Non-Cohort",165
"17058",81,3,1179.89,"2011-04-14 09:18:00","2011-09-19 10:13:00","Non-Cohort",4189
"13774",81,1,345.00,"2011-09-19 12:06:00","2011-09-19 12:06:00","Non-Cohort",1273
"13067",81,3,508.51,"2010-09-19 13:43:00","2011-09-18 13:38:00","Non-Cohort",648
"13325",81,1,675.30,"2011-09-19 10:36:00","2011-09-19 10:36:00","Non-Cohort",875
"16370",81,4,1301.91,"2011-04-28 16:40:00","2011-09-18 15:55:00","Non-Cohort",3584
"18232",81,4,582.47,"2011-05-26 16:30:00","2011-09-19 11:49:00","Non-Cohort",5206
"12497",81,3,5996.50,"2010-03-05 09:39:00","2011-09-19 12:29:00","Non-Cohort",138
"18094",81,13,6322.62,"2009-12-11 13:57:00","2011-09-19 09:28:00","Non-Cohort",5074
"13334",81,5,6195.05,"2010-02-25 10:49:00","2011-09-18 15:21:00","Non-Cohort",882
"15947",82,1,1708.24,"2011-09-18 10:46:00","2011-09-18 10:46:00","Non-Cohort",3207
"13563",83,2,777.53,"2011-07-22 17:21:00","2011-09-16 14:45:00","Non-Cohort",1087
"12871",83,3,744.02,"2010-09-26 10:34:00","2011-09-16 15:07:00","Non-Cohort",479
"15410",83,10,4685.72,"2010-04-19 08:57:00","2011-09-16 14:47:00","Non-Cohort",2727
"14124",83,1,419.58,"2011-09-16 13:32:00","2011-09-16 13:32:00","Non-Cohort",1583
"15099",83,1,410.48,"2011-09-16 13:13:00","2011-09-16 13:13:00","Non-Cohort",2453
"15523",83,16,17119.24,"2009-12-02 15:16:00","2011-09-16 16:29:00","Non-Cohort",2824
"15975",83,1,371.01,"2011-09-16 13:33:00","2011-09-16 13:33:00","Non-Cohort",3232
"14420",84,4,1627.72,"2010-01-17 12:41:00","2011-09-15 16:57:00","Non-Cohort",1838
"13141",84,17,7524.13,"2009-12-09 13:34:00","2011-09-16 09:54:00","Non-Cohort",716
"12434",84,3,1062.48,"2010-11-23 13:38:00","2011-09-16 12:38:00","Non-Cohort",78
"14894",84,3,1412.21,"2009-12-02 10:42:00","2011-09-15 13:51:00","Non-Cohort",2268
"12513",84,1,532.79,"2011-08-19 10:51:00","2011-09-16 12:45:00","Non-Cohort",152
"17047",84,6,2289.23,"2009-12-08 08:48:00","2011-09-15 13:27:00","Non-Cohort",4178
"12616",84,3,937.35,"2010-11-16 11:38:00","2011-09-15 17:02:00","Non-Cohort",246
"17786",84,2,266.85,"2011-01-26 14:35:00","2011-09-15 12:51:00","Non-Cohort",4822
"12722",84,4,886.33,"2011-07-12 11:55:00","2011-09-15 14:50:00","Non-Cohort",345
"15205",84,2,653.24,"2011-08-04 16:07:00","2011-09-15 19:36:00","Non-Cohort",2546
"14177",84,13,2204.74,"2010-02-26 11:59:00","2011-09-16 09:52:00","Non-Cohort",1631
"17898",84,4,299.18,"2010-05-21 17:22:00","2011-09-15 14:56:00","Non-Cohort",4914
"15466",84,4,1560.46,"2009-12-03 12:28:00","2011-09-15 14:08:00","Non-Cohort",2775
"15417",84,1,508.80,"2011-09-15 15:26:00","2011-09-15 15:26:00","Non-Cohort",2734
"17594",84,4,2497.88,"2010-04-14 08:53:00","2011-09-15 16:34:00","Non-Cohort",4653
"14105",84,5,5703.98,"2009-12-18 16:57:00","2011-09-15 16:13:00","Non-Cohort",1566
"16108",84,4,2171.93,"2010-03-18 14:14:00","2011-09-16 11:51:00","Non-Cohort",3352
"16709",84,14,9056.01,"2009-12-09 13:16:00","2011-09-16 10:56:00","Non-Cohort",3883
"15122",84,11,4451.22,"2010-03-30 14:05:00","2011-09-15 16:27:00","Non-Cohort",2476
"13518",85,1,627.16,"2011-09-15 10:29:00","2011-09-15 10:29:00","Non-Cohort",1050
"13877",85,3,446.33,"2010-01-19 10:53:00","2011-09-14 15:49:00","Non-Cohort",1363
"17033",85,4,1332.79,"2010-11-07 12:55:00","2011-09-14 14:34:00","Non-Cohort",4165
"14915",85,11,1752.65,"2009-12-03 10:17:00","2011-09-15 10:27:00","Non-Cohort",2287
"13662",85,11,2166.63,"2010-02-19 13:21:00","2011-09-15 12:04:00","Non-Cohort",1174
"13539",85,7,1531.26,"2010-04-28 12:04:00","2011-09-15 10:18:00","Non-Cohort",1069
"16048",85,4,800.09,"2010-06-08 12:36:00","2011-09-15 10:12:00","Non-Cohort",3299
"17347",85,1,228.96,"2011-09-14 13:12:00","2011-09-14 13:12:00","Non-Cohort",4437
"17333",85,1,494.25,"2011-09-15 10:11:00","2011-09-15 10:11:00","Non-Cohort",4426
"13931",85,11,5250.78,"2009-12-03 10:26:00","2011-09-15 10:03:00","Non-Cohort",1408
"16036",86,4,2556.84,"2010-03-29 14:47:00","2011-09-13 14:53:00","Non-Cohort",3289
"18173",86,5,2696.36,"2010-04-06 10:43:00","2011-09-14 11:26:00","Non-Cohort",5149
"15343",86,1,364.50,"2011-09-13 13:55:00","2011-09-13 13:55:00","Non-Cohort",2670
"18251",86,9,26278.86,"2009-12-22 12:01:00","2011-09-13 15:03:00","Non-Cohort",5223
"17640",86,6,3107.59,"2010-03-23 09:15:00","2011-09-14 09:13:00","Non-Cohort",4696
"14753",86,2,869.51,"2010-09-05 11:04:00","2011-09-13 14:50:00","Non-Cohort",2140
"16229",86,6,2835.36,"2010-01-22 12:27:00","2011-09-13 17:16:00","Non-Cohort",3458
"16745",86,17,7157.10,"2011-02-01 11:31:00","2011-09-14 11:58:00","Non-Cohort",3915
"14660",86,2,285.74,"2011-08-31 10:40:00","2011-09-14 11:34:00","Non-Cohort",2055
"12756",86,1,112.08,"2011-09-14 09:31:00","2011-09-14 09:31:00","Non-Cohort",375
"14163",86,5,2594.62,"2010-09-03 17:15:00","2011-09-13 15:18:00","Non-Cohort",1619
"16959",86,1,117.35,"2011-09-13 15:03:00","2011-09-13 15:03:00","Non-Cohort",4104
"13850",87,1,1586.81,"2011-08-02 14:04:00","2011-09-12 18:00:00","Non-Cohort",1339
"15673",87,9,6199.37,"2010-02-22 14:28:00","2011-09-12 16:12:00","Non-Cohort",2964
"17433",87,2,569.96,"2010-11-19 13:37:00","2011-09-12 14:24:00","Non-Cohort",4512
"15216",87,2,486.09,"2010-03-31 09:52:00","2011-09-13 11:41:00","Non-Cohort",2556
"16451",87,3,1009.40,"2009-12-04 15:11:00","2011-09-13 09:17:00","Non-Cohort",3658
"16098",87,14,4010.70,"2009-12-15 09:40:00","2011-09-13 09:59:00","Non-Cohort",3342
"16141",87,2,955.94,"2010-10-18 14:12:00","2011-09-12 13:11:00","Non-Cohort",3380
"15996",87,7,1370.50,"2010-11-07 15:49:00","2011-09-12 15:14:00","Non-Cohort",3251
"12884",87,1,309.05,"2011-09-12 13:10:00","2011-09-12 13:10:00","Non-Cohort",490
"17919",87,2,1840.32,"2010-09-27 10:40:00","2011-09-12 13:41:00","Non-Cohort",4933
"14500",87,3,356.85,"2011-06-03 10:08:00","2011-09-12 16:45:00","Non-Cohort",1911
"16475",87,4,544.30,"2011-03-11 09:39:00","2011-09-12 14:37:00","Non-Cohort",3681
"14276",87,7,1933.73,"2010-02-17 13:10:00","2011-09-12 17:49:00","Non-Cohort",1717
"12924",87,12,2415.20,"2009-12-09 12:40:00","2011-09-12 13:55:00","Non-Cohort",522
"16796",88,1,305.62,"2011-09-11 14:01:00","2011-09-11 14:01:00","Non-Cohort",3958
"12965",88,1,769.81,"2011-09-11 15:31:00","2011-09-11 15:31:00","Non-Cohort",558
"18255",88,2,303.15,"2010-09-09 16:31:00","2011-09-11 13:16:00","Non-Cohort",5227
"14307",88,10,4279.97,"2009-12-07 13:06:00","2011-09-12 09:38:00","Non-Cohort",1743
"15980",88,7,6496.28,"2010-06-01 14:40:00","2011-09-12 09:41:00","Non-Cohort",3237
"18215",88,5,2223.99,"2010-03-26 13:03:00","2011-09-11 16:05:00","Non-Cohort",5189
"13611",88,10,3259.43,"2009-12-03 07:57:00","2011-09-11 14:51:00","Non-Cohort",1128
"16209",88,9,4146.78,"2010-06-11 11:58:00","2011-09-12 11:58:00","Non-Cohort",3440
"13372",89,1,328.64,"2011-09-11 12:46:00","2011-09-11 12:46:00","Non-Cohort",916
"15939",89,15,8992.09,"2010-11-30 12:07:00","2011-09-11 11:30:00","Non-Cohort",3200
"14837",89,9,3445.82,"2010-01-24 10:20:00","2011-09-11 10:58:00","Non-Cohort",2216
"15035",89,1,252.73,"2011-09-11 11:08:00","2011-09-11 11:08:00","Non-Cohort",2393
"15636",89,4,1444.58,"2010-05-19 11:37:00","2011-09-11 11:17:00","Non-Cohort",2928
"16384",89,4,1358.95,"2010-04-28 14:01:00","2011-09-11 11:19:00","Non-Cohort",3595
"14212",89,2,2190.14,"2010-09-20 11:48:00","2011-09-11 12:45:00","Non-Cohort",1660
"12635",89,4,2624.41,"2010-09-09 10:50:00","2011-09-11 11:04:00","Non-Cohort",264
"13124",89,4,4641.66,"2010-11-19 15:50:00","2011-09-11 12:45:00","Non-Cohort",699
"14628",90,5,1998.00,"2010-01-25 14:40:00","2011-09-09 14:58:00","Non-Cohort",2024
"16723",90,4,1231.36,"2009-12-04 13:23:00","2011-09-09 13:01:00","Non-Cohort",3896
"15652",90,5,1397.44,"2010-08-11 16:58:00","2011-09-09 14:22:00","Non-Cohort",2943
"14210",90,16,5509.37,"2010-01-06 10:17:00","2011-09-09 12:55:00","Non-Cohort",1658
"13249",91,9,1608.93,"2010-01-24 12:11:00","2011-09-08 13:26:00","Non-Cohort",811
"12535",91,2,716.35,"2011-06-06 12:47:00","2011-09-09 08:48:00","Non-Cohort",173
"15198",91,5,559.45,"2010-01-19 10:01:00","2011-09-08 14:42:00","Non-Cohort",2541
"15400",91,8,1252.80,"2010-05-28 08:33:00","2011-09-08 13:57:00","Non-Cohort",2718
"14223",91,3,975.23,"2011-03-20 16:02:00","2011-09-08 13:38:00","Non-Cohort",1670
"16027",91,15,1882.34,"2010-01-08 13:21:00","2011-09-09 10:47:00","Non-Cohort",3280
"14414",91,8,2387.48,"2010-11-30 10:12:00","2011-09-09 12:09:00","Non-Cohort",1833
"13441",91,2,720.90,"2010-10-04 10:38:00","2011-09-09 09:38:00","Non-Cohort",977
"16309",91,2,686.67,"2011-04-13 11:46:00","2011-09-09 12:26:00","Non-Cohort",3528
"13848",91,8,3015.00,"2009-12-09 16:17:00","2011-09-08 12:58:00","Non-Cohort",1337
"16031",91,2,547.90,"2011-04-06 14:23:00","2011-09-08 13:07:00","Non-Cohort",3284
"12592",91,4,1723.64,"2010-07-08 14:06:00","2011-09-08 15:04:00","Non-Cohort",225
"13244",92,1,121.74,"2011-09-08 11:46:00","2011-09-08 11:46:00","Non-Cohort",806
"15885",92,13,1707.57,"2010-01-21 12:47:00","2011-09-07 14:56:00","Non-Cohort",3157
"13889",92,6,1855.73,"2010-01-22 14:32:00","2011-09-08 09:13:00","Non-Cohort",1375
"18093",92,8,4429.61,"2010-03-31 10:27:00","2011-09-07 15:43:00","Non-Cohort",5073
"18222",92,1,443.00,"2011-09-08 10:45:00","2011-09-08 10:45:00","Non-Cohort",5196
"15488",92,5,431.92,"2010-05-05 13:03:00","2011-09-08 10:11:00","Non-Cohort",2795
"13330",92,6,2796.10,"2010-02-23 10:12:00","2011-09-08 12:27:00","Non-Cohort",880
"15653",92,2,877.44,"2011-08-16 09:50:00","2011-09-08 10:49:00","Non-Cohort",2944
"13210",93,1,353.48,"2011-09-07 08:18:00","2011-09-07 08:18:00","Non-Cohort",777
"15462",93,4,737.05,"2010-09-20 10:23:00","2011-09-06 13:11:00","Non-Cohort",2771
"13130",93,1,64.00,"2011-09-06 15:30:00","2011-09-06 15:30:00","Non-Cohort",705
"15071",93,4,1455.56,"2010-05-18 12:45:00","2011-09-07 11:43:00","Non-Cohort",2426
"16175",93,7,1836.44,"2010-05-25 12:01:00","2011-09-06 14:32:00","Non-Cohort",3410
"13122",93,2,922.39,"2011-04-13 14:12:00","2011-09-06 15:53:00","Non-Cohort",697
"17339",93,3,243.36,"2010-07-18 13:08:00","2011-09-06 13:29:00","Non-Cohort",4431
"14208",94,2,567.05,"2010-06-06 13:11:00","2011-09-06 12:48:00","Non-Cohort",1656
"18196",94,4,1455.27,"2010-03-17 14:55:00","2011-09-05 16:22:00","Non-Cohort",5170
"16172",94,8,1884.55,"2010-07-14 15:34:00","2011-09-05 13:22:00","Non-Cohort",3407
"13158",94,5,1508.18,"2010-11-16 17:12:00","2011-09-06 11:58:00","Non-Cohort",730
"16400",94,9,3059.85,"2009-12-08 12:38:00","2011-09-06 12:27:00","Non-Cohort",3610
"15491",94,6,3090.85,"2011-04-18 10:04:00","2011-09-05 15:56:00","Non-Cohort",2798
"13744",94,2,1080.52,"2011-02-20 14:08:00","2011-09-05 15:19:00","Non-Cohort",1247
"13192",94,6,2544.53,"2010-01-22 08:37:00","2011-09-05 14:13:00","Non-Cohort",762
"17560",94,9,1895.80,"2010-02-17 12:11:00","2011-09-06 09:18:00","Non-Cohort",4620
"17309",94,3,320.39,"2010-02-04 15:49:00","2011-09-05 15:20:00","Non-Cohort",4407
"12502",95,5,2995.87,"2011-02-03 10:41:00","2011-09-05 11:52:00","Non-Cohort",143
"16551",95,7,2237.12,"2009-12-13 16:12:00","2011-09-05 09:38:00","Non-Cohort",3749
"17722",95,5,3476.82,"2010-11-29 09:44:00","2011-09-04 15:22:00","Non-Cohort",4769
"13851",95,8,4516.76,"2010-01-29 11:54:00","2011-09-05 12:36:00","Non-Cohort",1340
"13240",95,8,1378.04,"2010-02-25 13:17:00","2011-09-04 14:08:00","Non-Cohort",803
"12422",95,12,3639.35,"2009-12-18 12:44:00","2011-09-05 09:48:00","Non-Cohort",66
"17229",95,2,318.76,"2011-07-20 12:38:00","2011-09-04 13:56:00","Non-Cohort",4342
"15307",95,1,205.30,"2011-09-05 11:38:00","2011-09-05 11:38:00","Non-Cohort",2638
"14565",95,5,3683.87,"2010-08-23 09:48:00","2011-09-05 12:37:00","Non-Cohort",1973
"17050",95,10,4348.46,"2010-01-26 14:54:00","2011-09-04 13:48:00","Non-Cohort",4181
"16820",95,1,497.61,"2011-09-05 12:06:00","2011-09-05 12:06:00","Non-Cohort",3980
"14965",95,2,596.09,"2011-09-04 13:15:00","2011-09-04 13:20:00","Non-Cohort",2328
"13748",95,9,2064.35,"2009-12-01 16:44:00","2011-09-05 09:45:00","Non-Cohort",1249
"12816",95,2,452.20,"2011-06-16 13:24:00","2011-09-05 12:41:00","Non-Cohort",429
"15364",95,2,913.19,"2011-03-30 13:39:00","2011-09-05 09:46:00","Non-Cohort",2686
"13548",95,3,901.44,"2010-08-25 13:44:00","2011-09-04 14:50:00","Non-Cohort",1074
"16761",96,1,316.62,"2011-09-04 11:15:00","2011-09-04 11:15:00","Non-Cohort",3929
"17774",96,9,3259.39,"2010-02-08 16:06:00","2011-09-04 12:49:00","Non-Cohort",4812
"12851",96,2,280.76,"2010-08-19 15:13:00","2011-09-04 12:41:00","Non-Cohort",462
"12710",96,3,1004.57,"2011-05-22 14:05:00","2011-09-04 12:00:00","Non-Cohort",333
"14463",97,4,786.57,"2010-07-28 11:35:00","2011-09-02 15:20:00","Non-Cohort",1877
"14171",97,2,498.79,"2009-12-09 13:50:00","2011-09-02 16:43:00","Non-Cohort",1625
"16808",98,2,288.42,"2011-03-10 19:05:00","2011-09-01 19:34:00","Non-Cohort",3969
"14436",98,2,271.70,"2010-06-04 11:32:00","2011-09-02 10:13:00","Non-Cohort",1853
"13099",98,1,207.36,"2011-09-01 17:40:00","2011-09-01 17:40:00","Non-Cohort",676
"16092",98,6,1515.49,"2010-05-09 16:10:00","2011-09-02 11:46:00","Non-Cohort",3336
"13470",98,2,165.00,"2011-08-16 17:06:00","2011-09-01 14:57:00","Non-Cohort",1003
"13045",98,3,808.92,"2010-08-10 13:02:00","2011-09-01 15:04:00","Non-Cohort",628
"18027",98,1,115.31,"2011-09-02 10:38:00","2011-09-02 10:38:00","Non-Cohort",5019
"16456",98,13,6000.94,"2010-03-29 11:16:00","2011-09-01 13:50:00","Non-Cohort",3663
"15829",98,2,636.14,"2011-07-22 10:23:00","2011-09-01 16:45:00","Non-Cohort",3107
"13376",98,3,869.76,"2011-04-19 13:03:00","2011-09-01 16:16:00","Non-Cohort",919
"12739",98,2,2421.23,"2010-11-10 14:27:00","2011-09-01 17:45:00","Non-Cohort",358
"17588",99,7,2901.65,"2010-03-12 12:34:00","2011-08-31 13:37:00","Non-Cohort",4647
"13631",99,11,3021.77,"2011-03-17 17:13:00","2011-09-01 09:57:00","Non-Cohort",1147
"15260",99,25,8677.88,"2009-12-06 11:45:00","2011-08-31 13:55:00","Non-Cohort",2595
"16780",99,3,596.40,"2010-10-28 19:41:00","2011-08-31 16:09:00","Non-Cohort",3947
"16180",99,13,16170.27,"2010-06-23 13:19:00","2011-08-31 16:28:00","Non-Cohort",3414
"13466",99,5,952.25,"2010-03-21 13:50:00","2011-08-31 15:29:00","Non-Cohort",999
"15625",99,9,3203.25,"2010-06-15 15:23:00","2011-08-31 16:13:00","Non-Cohort",2918
"12436",99,1,429.01,"2011-09-01 12:09:00","2011-09-01 12:09:00","Non-Cohort",80
"17747",99,1,64.65,"2011-08-19 08:13:00","2011-08-31 13:29:00","Non-Cohort",4790
"17320",99,6,2444.85,"2010-01-21 16:29:00","2011-08-31 13:31:00","Non-Cohort",4416
"15596",100,9,2621.27,"2010-07-28 11:46:00","2011-08-31 10:55:00","Non-Cohort",2890
"15866",100,1,211.89,"2011-08-30 14:09:00","2011-08-30 14:09:00","Non-Cohort",3141
"17298",100,5,933.32,"2010-03-08 08:56:00","2011-08-30 16:43:00","Non-Cohort",4400
"16083",100,4,2351.42,"2010-11-16 11:53:00","2011-08-31 10:47:00","Non-Cohort",3329
"14513",100,6,770.91,"2010-05-20 17:57:00","2011-08-31 11:25:00","Non-Cohort",1923
"12814",101,1,85.92,"2011-08-30 12:11:00","2011-08-30 12:11:00","Non-Cohort",427
"14078",101,9,1551.82,"2010-03-28 15:05:00","2011-08-30 12:16:00","Non-Cohort",1541
"13778",102,4,1116.54,"2010-05-23 13:34:00","2011-08-28 15:25:00","Non-Cohort",1276
"16816",102,4,417.06,"2010-12-16 17:01:00","2011-08-28 14:16:00","Non-Cohort",3976
"16806",102,4,736.21,"2011-04-14 19:59:00","2011-08-28 15:27:00","Non-Cohort",3967
"15095",103,10,3135.74,"2010-01-21 09:37:00","2011-08-28 12:01:00","Non-Cohort",2449
"15325",103,8,1596.26,"2010-02-16 13:30:00","2011-08-28 11:55:00","Non-Cohort",2656
"13301",103,4,600.19,"2011-02-20 13:13:00","2011-08-28 11:25:00","Non-Cohort",853
"14472",103,9,2118.72,"2010-01-19 13:09:00","2011-08-28 11:01:00","Non-Cohort",1885
"15569",103,10,3583.45,"2010-02-28 10:55:00","2011-08-28 10:15:00","Non-Cohort",2866
"15641",104,12,5345.55,"2009-12-06 15:31:00","2011-08-26 14:04:00","Non-Cohort",2933
"15074",104,3,1553.13,"2010-08-29 11:47:00","2011-08-26 14:45:00","Non-Cohort",2429
"13489",104,4,449.52,"2011-02-18 10:42:00","2011-08-26 13:16:00","Non-Cohort",1021
"14055",105,3,1520.96,"2009-12-16 15:11:00","2011-08-25 15:04:00","Non-Cohort",1519
"16429",105,1,284.55,"2011-08-25 13:54:00","2011-08-25 13:54:00","Non-Cohort",3637
"18200",105,1,150.35,"2011-08-25 18:45:00","2011-08-25 18:45:00","Non-Cohort",5174
"17146",105,13,5788.39,"2010-02-02 09:39:00","2011-08-26 12:44:00","Non-Cohort",4268
"17189",105,5,953.63,"2009-12-02 11:45:00","2011-08-25 19:39:00","Non-Cohort",4307
"16859",105,7,1657.74,"2010-03-04 12:37:00","2011-08-25 14:12:00","Non-Cohort",4015
"16641",105,2,554.50,"2010-01-07 12:22:00","2011-08-26 12:49:00","Non-Cohort",3826
"12624",105,2,569.13,"2011-06-15 12:34:00","2011-08-25 15:04:00","Non-Cohort",254
"13003",105,3,149.05,"2011-05-09 08:23:00","2011-08-26 10:50:00","Non-Cohort",591
"12715",105,1,263.36,"2011-08-25 15:22:00","2011-08-25 15:22:00","Non-Cohort",338
"15663",105,1,138.14,"2011-08-25 15:50:00","2011-08-25 15:50:00","Non-Cohort",2954
"17844",106,1,51.56,"2011-08-25 11:27:00","2011-08-25 11:27:00","Non-Cohort",4870
"14196",106,1,335.52,"2011-08-25 10:25:00","2011-08-25 10:25:00","Non-Cohort",1647
"17256",106,5,498.93,"2010-04-18 13:40:00","2011-08-24 13:30:00","Non-Cohort",4367
"15812",106,12,5186.17,"2009-12-15 13:40:00","2011-08-24 14:19:00","Non-Cohort",3092
"14314",106,2,221.90,"2010-10-05 08:00:00","2011-08-25 10:39:00","Non-Cohort",1748
"14687",106,3,1402.06,"2010-06-06 10:36:00","2011-08-25 11:59:00","Non-Cohort",2080
"13000",106,4,965.00,"2009-12-14 17:03:00","2011-08-25 10:43:00","Non-Cohort",588
"16340",106,3,1496.24,"2010-06-06 13:26:00","2011-08-24 14:53:00","Non-Cohort",3556
"14973",106,3,1314.45,"2011-04-28 12:22:00","2011-08-24 15:51:00","Non-Cohort",2336
"17134",106,3,625.30,"2010-09-23 18:32:00","2011-08-25 09:53:00","Non-Cohort",4259
"12649",106,8,2060.50,"2010-01-12 17:24:00","2011-08-24 14:41:00","Non-Cohort",277
"17869",106,7,813.64,"2010-06-10 13:47:00","2011-08-24 16:16:00","Non-Cohort",4889
"16503",106,11,3597.89,"2010-06-21 14:07:00","2011-08-25 11:46:00","Non-Cohort",3705
"16536",106,1,538.17,"2011-08-21 15:54:00","2011-08-24 13:20:00","Non-Cohort",3735
"14407",106,5,2096.08,"2011-03-08 11:59:00","2011-08-24 14:02:00","Non-Cohort",1827
"16093",106,1,17.00,"2011-08-25 11:09:00","2011-08-25 11:09:00","Non-Cohort",3337
"15800",106,7,1227.07,"2010-03-31 13:17:00","2011-08-24 14:23:00","Non-Cohort",3081
"15263",106,1,156.51,"2011-08-25 10:26:00","2011-08-25 10:26:00","Non-Cohort",2598
"13411",106,1,213.55,"2011-08-24 13:57:00","2011-08-24 13:57:00","Non-Cohort",948
"17268",107,11,1733.89,"2009-12-08 11:46:00","2011-08-24 10:06:00","Non-Cohort",4376
"16302",107,1,212.82,"2011-08-05 09:44:00","2011-08-24 09:25:00","Non-Cohort",3521
"14301",107,4,1956.23,"2010-02-11 13:07:00","2011-08-24 09:04:00","Non-Cohort",1738
"14523",107,1,241.09,"2011-08-23 13:13:00","2011-08-23 13:13:00","Non-Cohort",1933
"13140",107,5,1054.92,"2010-08-05 19:05:00","2011-08-23 15:33:00","Non-Cohort",715
"13425",107,5,3362.73,"2010-05-09 14:35:00","2011-08-23 17:13:00","Non-Cohort",962
"17242",107,5,2889.28,"2010-01-24 10:27:00","2011-08-23 14:55:00","Non-Cohort",4354
"12853",107,11,3728.50,"2010-02-05 11:57:00","2011-08-24 11:00:00","Non-Cohort",464
"18018",107,4,156.69,"2010-10-15 11:05:00","2011-08-23 17:37:00","Non-Cohort",5012
"13593",107,14,5444.81,"2010-03-02 16:36:00","2011-08-23 13:35:00","Non-Cohort",1112
"16550",108,18,8550.92,"2009-12-02 11:24:00","2011-08-23 11:12:00","Non-Cohort",3748
"14265",108,4,1373.35,"2010-04-06 14:39:00","2011-08-22 13:32:00","Non-Cohort",1707
"17083",108,9,4035.08,"2009-12-11 13:41:00","2011-08-22 15:43:00","Non-Cohort",4214
"16952",108,5,795.83,"2009-12-11 13:52:00","2011-08-22 13:03:00","Non-Cohort",4097
"14930",108,6,5126.74,"2010-04-12 11:22:00","2011-08-23 10:31:00","Non-Cohort",2299
"14045",108,16,9334.23,"2010-01-08 10:08:00","2011-08-22 15:27:00","Non-Cohort",1509
"13933",108,2,608.79,"2011-07-14 13:35:00","2011-08-22 14:03:00","Non-Cohort",1410
"12593",108,3,382.10,"2011-05-05 09:29:00","2011-08-23 12:43:00","Non-Cohort",226
"17585",108,7,2064.71,"2010-08-18 16:39:00","2011-08-22 13:30:00","Non-Cohort",4644
"14364",108,8,3717.35,"2011-05-12 12:56:00","2011-08-23 11:01:00","Non-Cohort",1790
"14460",109,9,919.60,"2009-12-15 19:06:00","2011-08-21 14:19:00","Non-Cohort",1874
"12363",109,2,552.00,"2011-04-11 13:29:00","2011-08-22 10:18:00","Non-Cohort",17
"15313",109,1,52.00,"2011-08-21 16:02:00","2011-08-21 16:02:00","Non-Cohort",2644
"14013",109,5,1006.22,"2009-12-07 18:09:00","2011-08-21 15:01:00","Non-Cohort",1477
"14224",109,9,1841.71,"2010-06-13 13:46:00","2011-08-21 13:24:00","Non-Cohort",1671
"17029",110,7,2137.30,"2010-02-14 10:19:00","2011-08-21 11:06:00","Non-Cohort",4161
"14246",110,3,1474.06,"2011-04-08 08:25:00","2011-08-21 11:50:00","Non-Cohort",1692
"14566",110,4,4092.00,"2010-06-24 10:34:00","2011-08-21 11:05:00","Non-Cohort",1974
"12968",111,1,135.95,"2011-08-19 15:44:00","2011-08-19 15:44:00","Non-Cohort",561
"16828",111,1,113.50,"2011-08-19 13:24:00","2011-08-19 13:24:00","Non-Cohort",3986
"15938",111,9,734.81,"2010-06-01 09:42:00","2011-08-19 12:56:00","Non-Cohort",3199
"14772",111,1,139.26,"2011-08-19 15:04:00","2011-08-19 15:04:00","Non-Cohort",2159
"13242",111,7,699.40,"2010-02-09 13:12:00","2011-08-19 12:53:00","Non-Cohort",804
"15232",112,2,612.06,"2011-07-22 12:21:00","2011-08-18 16:27:00","Non-Cohort",2570
"13273",112,1,138.98,"2011-08-18 14:02:00","2011-08-18 14:02:00","Non-Cohort",830
"15396",112,2,796.38,"2010-05-05 09:04:00","2011-08-19 10:56:00","Non-Cohort",2714
"16582",112,1,313.62,"2011-08-18 17:02:00","2011-08-18 17:02:00","Non-Cohort",3775
"15472",112,1,371.56,"2011-08-18 15:17:00","2011-08-18 15:17:00","Non-Cohort",2781
"17045",112,5,827.68,"2010-10-06 14:52:00","2011-08-18 17:09:00","Non-Cohort",4176
"14745",112,12,2471.06,"2010-03-12 10:33:00","2011-08-19 10:05:00","Non-Cohort",2133
"16419",112,8,1450.95,"2010-02-09 13:26:00","2011-08-19 12:33:00","Non-Cohort",3629
"15797",112,5,2806.08,"2010-01-27 13:12:00","2011-08-18 17:04:00","Non-Cohort",3078
"12418",112,4,2016.95,"2010-03-19 14:47:00","2011-08-19 11:08:00","Non-Cohort",63
"17742",112,11,2098.48,"2009-12-01 13:16:00","2011-08-18 15:28:00","Non-Cohort",4785
"12688",113,1,4873.81,"2011-08-18 08:49:00","2011-08-18 08:49:00","Non-Cohort",313
"12729",113,1,417.01,"2011-08-18 11:40:00","2011-08-18 11:40:00","Non-Cohort",351
"15541",113,1,85.13,"2011-08-17 14:58:00","2011-08-17 14:58:00","Non-Cohort",2841
"18248",113,2,783.02,"2011-06-06 13:18:00","2011-08-18 06:14:00","Non-Cohort",5220
"18073",113,12,3846.74,"2011-05-26 19:38:00","2011-08-17 14:02:00","Non-Cohort",5057
"13027",113,19,17143.20,"2010-01-20 10:41:00","2011-08-18 09:39:00","Non-Cohort",612
"16755",113,7,2846.13,"2009-12-09 14:25:00","2011-08-17 13:21:00","Non-Cohort",3923
"13655",113,6,2261.66,"2010-04-27 09:59:00","2011-08-17 14:25:00","Non-Cohort",1168
"17070",113,2,437.42,"2010-10-25 15:57:00","2011-08-17 17:01:00","Non-Cohort",4201
"18178",113,11,6054.49,"2010-02-18 14:25:00","2011-08-18 06:34:00","Non-Cohort",5153
"17398",114,3,653.38,"2011-03-29 13:04:00","2011-08-17 09:48:00","Non-Cohort",4482
"17048",114,7,1991.45,"2010-01-18 13:55:00","2011-08-16 14:51:00","Non-Cohort",4179
"15734",114,4,2263.30,"2010-06-10 14:25:00","2011-08-17 10:50:00","Non-Cohort",3020
"14323",114,2,574.26,"2011-04-15 11:44:00","2011-08-17 11:37:00","Non-Cohort",1755
"12641",114,1,145.90,"2011-08-16 13:26:00","2011-08-16 13:26:00","Non-Cohort",269
"14918",115,9,5955.81,"2010-04-08 11:18:00","2011-08-16 11:50:00","Non-Cohort",2290
"15480",115,3,3592.25,"2010-02-01 14:52:00","2011-08-15 14:32:00","Non-Cohort",2788
"16927",115,3,543.05,"2010-12-13 11:57:00","2011-08-16 11:10:00","Non-Cohort",4074
"16961",115,3,773.01,"2009-12-04 09:37:00","2011-08-15 13:46:00","Non-Cohort",4106
"15342",115,1,391.76,"2011-08-02 10:19:00","2011-08-15 16:20:00","Non-Cohort",2669
"15002",115,9,4138.08,"2010-01-12 11:40:00","2011-08-16 10:44:00","Non-Cohort",2362
"14006",115,7,2196.67,"2010-02-25 09:45:00","2011-08-16 09:39:00","Non-Cohort",1471
"15768",115,34,15307.26,"2009-12-03 12:10:00","2011-08-16 10:48:00","Non-Cohort",3052
"16902",115,1,1706.88,"2011-08-15 14:17:00","2011-08-15 14:17:00","Non-Cohort",4051
"16292",116,5,1171.46,"2010-04-14 13:29:00","2011-08-14 14:30:00","Non-Cohort",3511
"12758",116,7,9779.00,"2009-12-01 14:40:00","2011-08-15 10:22:00","Non-Cohort",377
"17252",116,2,348.91,"2011-06-06 16:41:00","2011-08-15 09:45:00","Non-Cohort",4363
"15624",116,4,588.13,"2011-03-28 13:32:00","2011-08-15 11:38:00","Non-Cohort",2917
"13116",116,1,485.19,"2011-07-24 14:33:00","2011-08-14 14:36:00","Non-Cohort",691
"13799",116,9,2039.82,"2010-03-05 16:39:00","2011-08-15 12:07:00","Non-Cohort",1294
"15683",116,2,524.54,"2010-08-23 12:01:00","2011-08-14 12:56:00","Non-Cohort",2974
"13720",116,4,799.90,"2011-03-30 09:17:00","2011-08-15 12:46:00","Non-Cohort",1225
"18143",116,2,1000.16,"2011-07-21 10:44:00","2011-08-15 12:07:00","Non-Cohort",5119
"17958",116,2,973.88,"2009-12-11 15:37:00","2011-08-15 12:19:00","Non-Cohort",4967
"16272",116,1,411.70,"2011-08-15 10:53:00","2011-08-15 10:54:00","Non-Cohort",3493
"13621",116,1,213.85,"2011-08-15 08:26:00","2011-08-15 08:26:00","Non-Cohort",1138
"17122",118,4,570.50,"2010-07-28 09:34:00","2011-08-12 14:33:00","Non-Cohort",4248
"14855",118,7,6520.30,"2010-04-08 10:30:00","2011-08-12 14:02:00","Non-Cohort",2230
"12399",118,7,1842.30,"2010-03-05 08:45:00","2011-08-12 13:15:00","Non-Cohort",47
"14406",118,1,156.75,"2011-08-12 16:54:00","2011-08-12 16:54:00","Non-Cohort",1826
"15192",119,5,1666.39,"2010-01-29 10:13:00","2011-08-12 11:41:00","Non-Cohort",2535
"15689",119,3,521.03,"2010-04-01 09:53:00","2011-08-12 09:37:00","Non-Cohort",2978
"17642",119,5,1824.49,"2009-12-05 16:01:00","2011-08-12 09:11:00","Non-Cohort",4698
"13645",119,1,252.10,"2011-08-11 16:11:00","2011-08-11 16:11:00","Non-Cohort",1160
"17248",119,2,500.54,"2010-08-15 11:55:00","2011-08-11 13:34:00","Non-Cohort",4360
"13873",119,8,1031.02,"2010-03-03 12:31:00","2011-08-12 10:08:00","Non-Cohort",1360
"13722",119,10,5629.16,"2010-03-03 14:13:00","2011-08-11 15:26:00","Non-Cohort",1227
"16045",119,8,3187.03,"2010-07-29 12:50:00","2011-08-12 12:41:00","Non-Cohort",3297
"13888",119,7,2001.59,"2010-05-13 11:57:00","2011-08-12 10:13:00","Non-Cohort",1374
"13307",119,3,273.34,"2010-04-26 13:28:00","2011-08-11 17:14:00","Non-Cohort",857
"16317",119,5,2179.76,"2010-05-04 10:17:00","2011-08-12 12:46:00","Non-Cohort",3534
"12693",120,7,1352.42,"2010-07-05 13:56:00","2011-08-11 09:16:00","Non-Cohort",318
"17429",120,5,1342.16,"2010-10-06 12:30:00","2011-08-11 10:13:00","Non-Cohort",4508
"13388",120,3,1135.70,"2010-04-15 10:18:00","2011-08-10 13:35:00","Non-Cohort",927
"14346",120,5,2315.75,"2010-07-30 10:44:00","2011-08-11 09:47:00","Non-Cohort",1775
"17994",121,11,2213.58,"2010-03-29 10:37:00","2011-08-10 11:43:00","Non-Cohort",4995
"13355",121,1,674.70,"2011-08-09 14:48:00","2011-08-09 14:48:00","Non-Cohort",901
"13162",121,16,9116.94,"2009-12-04 13:59:00","2011-08-09 15:59:00","Non-Cohort",734
"15247",121,3,967.11,"2010-06-20 14:08:00","2011-08-09 12:52:00","Non-Cohort",2583
"13217",121,4,266.12,"2010-02-22 12:49:00","2011-08-09 15:32:00","Non-Cohort",782
"12929",121,1,105.10,"2011-02-01 12:08:00","2011-08-09 14:30:00","Non-Cohort",525
"13280",121,7,2267.83,"2010-03-05 09:07:00","2011-08-09 13:14:00","Non-Cohort",835
"14024",121,3,645.74,"2010-11-14 10:51:00","2011-08-10 11:30:00","Non-Cohort",1488
"16788",122,5,1927.28,"2010-02-07 12:40:00","2011-08-08 14:53:00","Non-Cohort",3951
"14127",122,6,1900.08,"2010-10-10 11:53:00","2011-08-09 10:49:00","Non-Cohort",1586
"15985",122,7,2610.28,"2010-05-27 15:51:00","2011-08-08 16:31:00","Non-Cohort",3242
"13869",122,10,7996.87,"2010-01-17 14:53:00","2011-08-08 13:53:00","Non-Cohort",1356
"16951",122,3,1262.75,"2011-02-08 14:58:00","2011-08-08 13:25:00","Non-Cohort",4096
"17085",122,28,7705.27,"2009-12-06 12:16:00","2011-08-08 14:15:00","Non-Cohort",4216
"13752",123,7,1579.83,"2010-06-30 10:23:00","2011-08-07 14:16:00","Non-Cohort",1253
"14331",123,2,462.66,"2011-07-27 15:14:00","2011-08-07 13:17:00","Non-Cohort",1761
"17331",123,1,175.20,"2011-08-08 11:55:00","2011-08-08 11:55:00","Non-Cohort",4424
"14053",123,4,572.30,"2010-08-10 11:02:00","2011-08-07 14:27:00","Non-Cohort",1517
"13248",124,2,465.68,"2011-06-03 13:05:00","2011-08-07 12:40:00","Non-Cohort",810
"14079",124,1,375.10,"2011-08-07 12:10:00","2011-08-07 12:10:00","Non-Cohort",1542
"17400",125,8,4623.28,"2009-12-17 15:41:00","2011-08-05 15:38:00","Non-Cohort",4483
"16174",125,7,2246.75,"2010-04-15 15:12:00","2011-08-05 13:26:00","Non-Cohort",3409
"13082",125,21,7268.92,"2009-12-22 15:37:00","2011-08-05 16:16:00","Non-Cohort",662
"13218",126,1,62.64,"2011-08-04 16:59:00","2011-08-04 16:59:00","Non-Cohort",783
"15254",126,3,1073.40,"2009-12-01 14:20:00","2011-08-04 15:04:00","Non-Cohort",2589
"13402",126,4,1226.85,"2010-05-24 10:56:00","2011-08-04 15:51:00","Non-Cohort",940
"13513",126,3,796.99,"2010-02-22 16:36:00","2011-08-05 11:50:00","Non-Cohort",1045
"16572",126,3,999.70,"2011-03-09 12:04:00","2011-08-04 16:34:00","Non-Cohort",3768
"17267",126,2,317.20,"2011-08-04 17:19:00","2011-08-04 17:22:00","Non-Cohort",4375
"14778",126,2,730.86,"2011-02-04 11:43:00","2011-08-04 15:23:00","Non-Cohort",2165
"17457",126,14,5799.01,"2009-12-07 14:52:00","2011-08-05 12:48:00","Non-Cohort",4532
"18099",126,1,168.31,"2011-08-04 15:52:00","2011-08-04 15:52:00","Non-Cohort",5078
"14344",126,20,2993.05,"2010-03-23 15:47:00","2011-08-04 13:51:00","Non-Cohort",1773
"17723",126,7,3378.40,"2010-11-29 10:35:00","2011-08-04 18:37:00","Non-Cohort",4770
"17692",126,12,2947.04,"2010-06-17 11:14:00","2011-08-04 14:01:00","Non-Cohort",4742
"16835",127,6,1389.76,"2010-05-19 08:41:00","2011-08-03 13:50:00","Non-Cohort",3993
"12917",127,6,4329.50,"2009-12-09 14:22:00","2011-08-03 16:42:00","Non-Cohort",516
"15133",127,5,1806.90,"2010-07-07 12:31:00","2011-08-04 10:44:00","Non-Cohort",2486
"14972",127,2,145.07,"2010-11-23 16:17:00","2011-08-03 14:54:00","Non-Cohort",2335
"17514",127,2,522.00,"2010-02-08 14:00:00","2011-08-03 15:45:00","Non-Cohort",4582
"16324",127,3,408.59,"2011-06-15 14:26:00","2011-08-03 12:58:00","Non-Cohort",3541
"12643",127,11,7334.30,"2010-04-07 14:16:00","2011-08-03 12:56:00","Non-Cohort",271
"12750",128,1,275.88,"2011-08-03 09:13:00","2011-08-03 09:13:00","Non-Cohort",369
"15374",128,2,307.32,"2010-03-25 12:03:00","2011-08-03 09:59:00","Non-Cohort",2695
"13106",128,2,586.46,"2010-10-22 13:10:00","2011-08-03 11:50:00","Non-Cohort",682
"14076",128,1,118.67,"2011-08-02 15:19:00","2011-08-02 15:19:00","Non-Cohort",1539
"17053",128,1,496.38,"2011-08-01 10:23:00","2011-08-03 10:55:00","Non-Cohort",4184
"17353",128,4,3155.55,"2010-01-26 11:38:00","2011-08-02 17:19:00","Non-Cohort",4443
"17887",128,1,111.35,"2011-08-02 17:29:00","2011-08-02 17:29:00","Non-Cohort",4903
"12378",129,2,5416.32,"2010-05-26 14:07:00","2011-08-02 10:34:00","Non-Cohort",30
"14133",129,4,895.84,"2009-12-06 12:10:00","2011-08-02 11:34:00","Non-Cohort",1592
"17282",129,5,2308.54,"2010-06-09 12:07:00","2011-08-01 14:29:00","Non-Cohort",4385
"17615",129,6,714.30,"2010-08-11 12:54:00","2011-08-01 14:06:00","Non-Cohort",4672
"15120",129,1,343.82,"2011-07-29 09:48:00","2011-08-02 10:05:00","Non-Cohort",2474
"14403",129,6,1822.76,"2010-03-10 14:00:00","2011-08-01 12:57:00","Non-Cohort",1824
"13075",129,1,919.61,"2011-08-02 10:19:00","2011-08-02 10:19:00","Non-Cohort",655
"12644",129,4,1797.54,"2010-01-14 13:02:00","2011-08-02 10:33:00","Non-Cohort",272
"17553",129,4,3757.60,"2010-04-08 09:44:00","2011-08-02 10:00:00","Non-Cohort",4614
"12942",130,3,675.60,"2010-12-09 09:34:00","2011-07-31 14:39:00","Non-Cohort",538
"17941",130,4,1433.28,"2010-01-06 15:37:00","2011-08-01 08:30:00","Non-Cohort",4953
"12534",130,1,981.18,"2011-08-01 10:26:00","2011-08-01 10:26:00","Non-Cohort",172
"15438",130,1,156.58,"2011-07-31 14:19:00","2011-07-31 14:19:00","Non-Cohort",2753
"14885",131,3,1496.12,"2010-08-31 10:11:00","2011-07-31 12:05:00","Non-Cohort",2259
"17695",131,5,1720.54,"2010-01-28 09:27:00","2011-07-31 10:40:00","Non-Cohort",4745
"18064",132,11,4427.98,"2010-02-01 15:01:00","2011-07-29 16:39:00","Non-Cohort",5048
"15776",132,1,241.62,"2011-07-29 13:46:00","2011-07-29 13:46:00","Non-Cohort",3059
"17926",132,5,1035.49,"2010-05-09 14:07:00","2011-07-29 14:39:00","Non-Cohort",4939
"15639",133,3,1028.33,"2010-04-13 13:11:00","2011-07-28 14:30:00","Non-Cohort",2931
"15942",133,1,337.44,"2011-07-29 09:01:00","2011-07-29 09:01:00","Non-Cohort",3203
"15245",133,8,4610.84,"2010-04-23 14:23:00","2011-07-28 18:56:00","Non-Cohort",2581
"12453",133,1,707.09,"2011-07-28 14:08:00","2011-07-28 14:08:00","Non-Cohort",96
"17931",133,14,3270.91,"2010-02-16 15:47:00","2011-07-28 18:33:00","Non-Cohort",4944
"18268",133,6,1451.22,"2009-12-11 10:27:00","2011-07-28 19:13:00","Non-Cohort",5239
"12507",133,4,1461.31,"2010-05-04 09:23:00","2011-07-28 17:09:00","Non-Cohort",147
"16147",133,5,2367.02,"2010-02-05 12:26:00","2011-07-29 09:57:00","Non-Cohort",3386
"15118",133,1,244.80,"2011-07-28 14:54:00","2011-07-28 14:54:00","Non-Cohort",2472
"15746",133,1,182.96,"2011-07-28 15:21:00","2011-07-28 15:27:00","Non-Cohort",3031
"12743",133,2,540.13,"2011-07-28 16:06:00","2011-07-28 16:21:00","Non-Cohort",362
"14002",133,2,529.73,"2011-07-06 14:59:00","2011-07-28 15:55:00","Non-Cohort",1467
"14143",133,1,115.80,"2011-07-29 09:48:00","2011-07-29 09:48:00","Non-Cohort",1599
"15149",133,4,1524.61,"2010-02-28 11:13:00","2011-07-29 10:58:00","Non-Cohort",2501
"13414",133,6,2482.24,"2009-12-08 17:10:00","2011-07-29 11:45:00","Non-Cohort",951
"13420",134,2,140.35,"2011-06-22 11:35:00","2011-07-28 12:10:00","Non-Cohort",957
"18151",134,6,1853.94,"2010-03-04 10:47:00","2011-07-28 11:35:00","Non-Cohort",5127
"15261",134,4,1508.00,"2010-10-01 11:59:00","2011-07-27 15:20:00","Non-Cohort",2596
"17649",134,3,1542.44,"2010-08-24 13:01:00","2011-07-28 10:50:00","Non-Cohort",4704
"16696",134,4,657.90,"2011-04-05 15:20:00","2011-07-27 14:23:00","Non-Cohort",3874
"17693",135,1,187.02,"2011-07-25 15:48:00","2011-07-26 17:12:00","Non-Cohort",4743
"13492",135,3,1269.84,"2011-05-09 10:06:00","2011-07-26 14:25:00","Non-Cohort",1024
"16447",135,3,727.10,"2010-02-17 14:09:00","2011-07-27 12:45:00","Non-Cohort",3654
"13730",135,2,752.60,"2011-07-01 12:47:00","2011-07-27 08:35:00","Non-Cohort",1235
"13194",135,2,472.78,"2010-10-14 11:54:00","2011-07-27 09:01:00","Non-Cohort",764
"13296",136,6,792.51,"2010-05-11 14:29:00","2011-07-25 13:46:00","Non-Cohort",848
"15855",136,6,1052.72,"2010-08-20 17:15:00","2011-07-26 10:20:00","Non-Cohort",3130
"14692",136,12,1705.64,"2010-04-01 14:04:00","2011-07-25 15:08:00","Non-Cohort",2085
"15372",136,8,5954.42,"2010-02-14 11:24:00","2011-07-25 16:39:00","Non-Cohort",2693
"13037",137,12,3842.55,"2009-12-03 17:04:00","2011-07-24 15:46:00","Non-Cohort",620
"16178",137,2,612.60,"2010-11-03 14:46:00","2011-07-24 16:05:00","Non-Cohort",3412
"14100",137,1,191.95,"2011-07-25 11:01:00","2011-07-25 11:01:00","Non-Cohort",1562
"17040",137,2,463.25,"2010-06-07 15:08:00","2011-07-25 10:19:00","Non-Cohort",4171
"12864",137,2,299.57,"2010-07-19 17:22:00","2011-07-24 13:03:00","Non-Cohort",473
"13802",137,19,25491.56,"2010-02-16 10:11:00","2011-07-24 13:26:00","Non-Cohort",1297
"17935",137,7,652.64,"2009-12-04 14:33:00","2011-07-24 13:18:00","Non-Cohort",4948
"12763",137,2,494.08,"2010-12-05 15:46:00","2011-07-24 14:12:00","Non-Cohort",382
"16948",138,7,868.77,"2010-02-21 13:48:00","2011-07-24 12:46:00","Non-Cohort",4093
"12916",138,7,4455.93,"2010-01-24 11:26:00","2011-07-24 10:35:00","Non-Cohort",515
"16305",138,1,361.22,"2011-07-24 12:18:00","2011-07-24 12:18:00","Non-Cohort",3524
"17312",138,3,644.30,"2011-07-03 13:12:00","2011-07-24 11:52:00","Non-Cohort",4409
"17265",138,2,550.01,"2011-06-12 12:00:00","2011-07-24 10:49:00","Non-Cohort",4373
"15704",139,6,3663.86,"2010-05-05 14:51:00","2011-07-22 13:35:00","Non-Cohort",2993
"18262",139,3,577.54,"2010-04-16 09:05:00","2011-07-22 16:04:00","Non-Cohort",5233
"16866",140,3,207.74,"2011-07-01 12:34:00","2011-07-22 10:06:00","Non-Cohort",4021
"16654",140,8,1477.77,"2010-04-06 13:29:00","2011-07-21 15:23:00","Non-Cohort",3839
"14400",140,3,1703.00,"2010-03-18 12:11:00","2011-07-21 18:05:00","Non-Cohort",1821
"15623",140,8,2437.05,"2009-12-10 14:46:00","2011-07-21 17:26:00","Non-Cohort",2916
"18146",140,2,160.35,"2011-05-03 16:35:00","2011-07-22 12:08:00","Non-Cohort",5122
"17660",140,2,342.22,"2009-12-02 16:02:00","2011-07-21 13:37:00","Non-Cohort",4715
"17962",141,4,651.51,"2010-01-13 15:24:00","2011-07-20 14:16:00","Non-Cohort",4971
"14259",141,1,120.00,"2011-07-21 10:44:00","2011-07-21 10:44:00","Non-Cohort",1702
"17694",141,3,1695.97,"2010-05-26 08:27:00","2011-07-21 12:00:00","Non-Cohort",4744
"15108",141,3,1150.75,"2011-04-26 10:54:00","2011-07-21 10:24:00","Non-Cohort",2462
"16112",142,4,195.74,"2011-01-05 11:47:00","2011-07-19 14:28:00","Non-Cohort",3356
"17866",142,3,1131.00,"2009-12-14 16:01:00","2011-07-20 11:09:00","Non-Cohort",4887
"16807",142,6,2064.88,"2010-02-26 15:52:00","2011-07-20 12:00:00","Non-Cohort",3968
"12875",142,5,1356.99,"2010-01-11 12:37:00","2011-07-19 15:30:00","Non-Cohort",482
"12521",142,1,545.68,"2011-07-20 10:51:00","2011-07-20 10:51:00","Non-Cohort",159
"12468",142,5,3192.55,"2010-01-19 12:13:00","2011-07-19 13:42:00","Non-Cohort",109
"12510",142,7,2989.33,"2009-12-04 13:47:00","2011-07-20 10:15:00","Non-Cohort",150
"15713",142,4,814.84,"2009-12-16 09:41:00","2011-07-19 13:34:00","Non-Cohort",3001
"12947",143,6,1407.29,"2010-12-01 16:21:00","2011-07-19 10:06:00","Non-Cohort",543
"18087",143,16,13563.62,"2009-12-01 09:43:00","2011-07-18 13:49:00","Non-Cohort",5068
"12840",143,7,4013.87,"2010-02-03 14:51:00","2011-07-19 09:29:00","Non-Cohort",452
"14117",143,1,90.00,"2011-07-19 09:49:00","2011-07-19 09:49:00","Non-Cohort",1578
"16398",144,2,1631.15,"2011-03-31 09:38:00","2011-07-18 10:14:00","Non-Cohort",3608
"14758",144,7,2864.97,"2010-04-08 08:27:00","2011-07-18 08:21:00","Non-Cohort",2145
"12833",144,1,417.38,"2011-07-17 13:46:00","2011-07-17 13:46:00","Non-Cohort",446
"13821",144,6,1355.38,"2010-01-04 13:36:00","2011-07-18 09:49:00","Non-Cohort",1314
"17984",144,5,1148.69,"2009-12-01 11:51:00","2011-07-17 15:59:00","Non-Cohort",4987
"16054",144,4,2090.68,"2010-04-01 18:37:00","2011-07-17 13:08:00","Non-Cohort",3305
"15716",145,11,2482.74,"2009-12-07 12:42:00","2011-07-17 11:59:00","Non-Cohort",3004
"13967",145,2,166.30,"2010-11-08 13:24:00","2011-07-17 12:02:00","Non-Cohort",1438
"17948",146,1,358.56,"2011-07-15 12:58:00","2011-07-15 12:58:00","Non-Cohort",4958
"15004",146,1,1220.38,"2011-07-15 14:05:00","2011-07-15 14:05:00","Non-Cohort",2364
"14958",146,6,941.99,"2009-12-03 16:02:00","2011-07-15 14:20:00","Non-Cohort",2321
"14722",146,3,489.52,"2010-08-10 13:28:00","2011-07-15 14:58:00","Non-Cohort",2113
"17259",147,6,1452.39,"2010-02-22 13:38:00","2011-07-14 15:01:00","Non-Cohort",4369
"14461",147,13,6660.62,"2010-01-18 12:48:00","2011-07-14 17:11:00","Non-Cohort",1875
"17440",147,4,314.26,"2010-06-08 14:40:00","2011-07-15 10:36:00","Non-Cohort",4518
"12815",147,2,863.46,"2011-05-25 13:34:00","2011-07-15 10:21:00","Non-Cohort",428
"14891",147,4,1106.73,"2010-09-29 12:41:00","2011-07-14 18:08:00","Non-Cohort",2265
"12653",148,3,4160.83,"2010-07-01 09:56:00","2011-07-14 10:41:00","Non-Cohort",281
"15256",148,2,170.40,"2010-05-27 11:41:00","2011-07-14 11:47:00","Non-Cohort",2591
"13667",148,1,299.05,"2011-07-13 15:42:00","2011-07-13 15:42:00","Non-Cohort",1177
"14847",148,3,1320.60,"2010-05-24 12:29:00","2011-07-14 10:52:00","Non-Cohort",2223
"12915",148,4,885.20,"2010-04-29 19:36:00","2011-07-14 11:34:00","Non-Cohort",514
"12405",148,1,1390.39,"2011-07-14 08:52:00","2011-07-14 08:52:00","Non-Cohort",51
"15402",148,6,1816.22,"2010-04-27 12:12:00","2011-07-14 12:17:00","Non-Cohort",2720
"18121",148,2,653.30,"2011-07-08 12:14:00","2011-07-13 12:53:00","Non-Cohort",5098
"16998",149,5,394.50,"2010-09-21 14:39:00","2011-07-13 09:44:00","Non-Cohort",4134
"15795",149,8,1979.87,"2010-01-18 11:31:00","2011-07-13 10:43:00","Non-Cohort",3076
"14483",149,2,249.20,"2009-12-03 10:16:00","2011-07-13 09:45:00","Non-Cohort",1895
"15895",149,1,179.17,"2011-07-13 10:27:00","2011-07-13 10:27:00","Non-Cohort",3165
"16450",149,3,1475.73,"2009-12-10 19:05:00","2011-07-13 11:47:00","Non-Cohort",3657
"12717",150,3,1058.91,"2010-04-28 14:34:00","2011-07-11 14:47:00","Non-Cohort",340
"14267",150,3,1259.19,"2009-12-08 19:09:00","2011-07-12 11:11:00","Non-Cohort",1709
"18142",150,2,1014.90,"2011-05-08 12:31:00","2011-07-11 13:34:00","Non-Cohort",5118
"18193",150,3,1176.55,"2010-09-23 13:33:00","2011-07-12 10:56:00","Non-Cohort",5168
"15577",150,5,396.03,"2009-12-13 16:17:00","2011-07-11 17:03:00","Non-Cohort",2874
"12669",150,2,1427.73,"2011-03-28 10:15:00","2011-07-12 09:54:00","Non-Cohort",295
"14548",150,9,2541.29,"2009-12-06 14:00:00","2011-07-12 12:19:00","Non-Cohort",1957
"13675",150,2,486.82,"2011-02-28 12:14:00","2011-07-11 12:57:00","Non-Cohort",1184
"15265",150,4,3345.64,"2009-12-01 17:08:00","2011-07-11 14:46:00","Non-Cohort",2600
"17337",150,4,1896.06,"2011-02-02 17:06:00","2011-07-11 14:56:00","Non-Cohort",4429
"13745",150,2,761.27,"2010-06-11 17:19:00","2011-07-11 14:21:00","Non-Cohort",1248
"13754",151,3,447.05,"2010-09-28 15:29:00","2011-07-11 11:51:00","Non-Cohort",1255
"13678",151,1,232.60,"2011-07-11 10:14:00","2011-07-11 10:14:00","Non-Cohort",1186
"14552",151,3,507.93,"2010-04-26 13:44:00","2011-07-11 12:49:00","Non-Cohort",1961
"17126",151,9,1996.03,"2010-08-31 13:41:00","2011-07-10 13:52:00","Non-Cohort",4252
"17444",151,2,2389.10,"2011-06-20 09:04:00","2011-07-11 10:33:00","Non-Cohort",4522
"15045",151,2,633.66,"2011-03-27 11:44:00","2011-07-11 11:33:00","Non-Cohort",2402
"17787",152,4,1817.54,"2010-12-03 13:43:00","2011-07-10 11:24:00","Non-Cohort",4823
"18024",152,2,236.78,"2011-07-10 12:28:00","2011-07-10 12:40:00","Non-Cohort",5017
"13955",153,3,544.07,"2010-11-29 17:35:00","2011-07-08 17:19:00","Non-Cohort",1430
"15920",153,8,565.19,"2009-12-14 13:09:00","2011-07-08 15:25:00","Non-Cohort",3185
"13338",153,4,2173.62,"2010-01-05 12:25:00","2011-07-08 14:53:00","Non-Cohort",885
"14016",153,11,11279.71,"2010-01-08 14:12:00","2011-07-08 14:27:00","Non-Cohort",1480
"15182",153,11,2942.75,"2010-01-29 14:48:00","2011-07-08 13:37:00","Non-Cohort",2525
"14905",153,8,1939.69,"2009-12-03 14:36:00","2011-07-08 13:36:00","Non-Cohort",2278
"18037",153,15,167.42,"2009-12-01 13:48:00","2011-07-08 13:39:00","Non-Cohort",5028
"18013",154,2,187.29,"2011-07-07 14:08:00","2011-07-07 14:11:00","Non-Cohort",5007
"16091",154,2,315.06,"2011-05-25 09:18:00","2011-07-08 08:45:00","Non-Cohort",3335
"16581",154,1,70.44,"2011-06-10 10:05:00","2011-07-07 15:50:00","Non-Cohort",3774
"14021",154,7,1716.58,"2010-04-26 11:22:00","2011-07-07 15:46:00","Non-Cohort",1485
"18072",154,1,12.24,"2011-06-07 10:44:00","2011-07-07 17:22:00","Non-Cohort",5056
"14264",154,6,1475.86,"2010-04-07 13:21:00","2011-07-08 10:20:00","Non-Cohort",1706
"13699",154,2,711.40,"2010-06-07 13:03:00","2011-07-07 16:51:00","Non-Cohort",1205
"14459",154,2,5375.74,"2010-02-26 13:26:00","2011-07-07 13:35:00","Non-Cohort",1873
"12648",154,4,1024.00,"2010-01-07 18:38:00","2011-07-08 11:55:00","Non-Cohort",276
"12461",154,1,626.88,"2011-07-08 10:23:00","2011-07-08 10:23:00","Non-Cohort",104
"14104",154,5,740.53,"2010-05-28 16:11:00","2011-07-08 12:50:00","Non-Cohort",1565
"13302",154,2,159.20,"2010-07-01 12:32:00","2011-07-07 17:56:00","Non-Cohort",854
"12450",155,5,666.95,"2010-08-22 13:11:00","2011-07-06 14:41:00","Non-Cohort",93
"12977",155,4,513.88,"2010-07-16 16:25:00","2011-07-06 16:40:00","Non-Cohort",568
"16919",155,24,4837.56,"2010-08-19 15:28:00","2011-07-06 13:35:00","Non-Cohort",4068
"12980",155,21,15909.39,"2009-12-02 11:26:00","2011-07-07 11:42:00","Non-Cohort",570
"15512",155,4,331.58,"2010-02-01 13:23:00","2011-07-07 10:20:00","Non-Cohort",2815
"15581",155,34,4350.06,"2009-12-02 12:19:00","2011-07-06 14:04:00","Non-Cohort",2877
"13583",155,2,1445.03,"2010-01-29 13:53:00","2011-07-07 10:40:00","Non-Cohort",1102
"13291",155,11,3270.79,"2010-02-11 18:36:00","2011-07-07 10:36:00","Non-Cohort",845
"18203",156,4,482.52,"2009-12-08 13:19:00","2011-07-05 13:07:00","Non-Cohort",5177
"14352",156,4,1078.96,"2011-03-11 14:58:00","2011-07-05 15:41:00","Non-Cohort",1781
"17341",156,5,1272.21,"2010-06-17 18:17:00","2011-07-06 12:33:00","Non-Cohort",4433
"13253",156,4,2951.11,"2010-01-05 12:13:00","2011-07-06 10:09:00","Non-Cohort",813
"15889",156,8,1396.60,"2009-12-10 12:21:00","2011-07-06 11:10:00","Non-Cohort",3160
"15334",156,3,347.87,"2011-06-19 13:51:00","2011-07-06 11:22:00","Non-Cohort",2663
"16829",156,2,513.32,"2010-11-16 18:11:00","2011-07-06 10:48:00","Non-Cohort",3987
"14645",156,3,840.24,"2010-03-15 11:33:00","2011-07-06 09:15:00","Non-Cohort",2041
"17046",156,5,1906.07,"2010-03-29 13:46:00","2011-07-05 14:24:00","Non-Cohort",4177
"16146",156,4,946.38,"2010-09-17 10:46:00","2011-07-05 14:20:00","Non-Cohort",3385
"16338",156,1,214.80,"2011-07-05 13:56:00","2011-07-05 13:56:00","Non-Cohort",3554
"13826",157,1,179.55,"2011-06-16 13:48:00","2011-07-04 16:27:00","Non-Cohort",1319
"15349",157,2,463.91,"2011-06-05 15:46:00","2011-07-04 16:06:00","Non-Cohort",2675
"17464",157,3,816.54,"2010-03-30 13:15:00","2011-07-04 13:19:00","Non-Cohort",4539
"14338",157,3,894.10,"2010-06-21 10:32:00","2011-07-04 16:00:00","Non-Cohort",1768
"16344",157,4,842.42,"2010-02-09 12:16:00","2011-07-04 15:50:00","Non-Cohort",3560
"15646",157,5,762.31,"2010-10-25 13:06:00","2011-07-05 09:53:00","Non-Cohort",2938
"13085",157,8,2289.58,"2009-12-01 07:45:00","2011-07-05 12:11:00","Non-Cohort",665
"17105",158,2,665.78,"2011-02-06 14:46:00","2011-07-03 15:53:00","Non-Cohort",4233
"17781",158,2,188.02,"2011-03-31 19:54:00","2011-07-03 16:00:00","Non-Cohort",4818
"17765",158,4,524.00,"2010-09-17 12:45:00","2011-07-04 12:41:00","Non-Cohort",4804
"13833",158,2,700.41,"2010-10-31 14:11:00","2011-07-03 13:27:00","Non-Cohort",1325
"15007",158,1,156.91,"2011-07-03 16:00:00","2011-07-03 16:00:00","Non-Cohort",2367
"17899",158,1,154.55,"2011-07-03 14:58:00","2011-07-03 14:58:00","Non-Cohort",4915
"17939",159,1,99.14,"2011-07-03 12:27:00","2011-07-03 12:27:00","Non-Cohort",4951
"16498",160,2,86.12,"2011-06-30 19:52:00","2011-07-01 15:07:00","Non-Cohort",3702
"12922",160,1,405.38,"2011-07-01 15:35:00","2011-07-01 15:35:00","Non-Cohort",520
"15483",160,10,810.68,"2010-01-24 15:42:00","2011-07-01 13:07:00","Non-Cohort",2790
"17123",161,3,966.67,"2010-05-16 11:52:00","2011-07-01 10:47:00","Non-Cohort",4249
"17505",161,5,2435.48,"2010-04-13 16:33:00","2011-07-01 12:50:00","Non-Cohort",4573
"17891",161,1,203.86,"2011-06-30 20:08:00","2011-06-30 20:08:00","Non-Cohort",4907
"14803",161,3,845.55,"2011-02-20 13:21:00","2011-06-30 13:58:00","Non-Cohort",2188
"15578",161,1,127.10,"2011-06-30 13:03:00","2011-06-30 13:03:00","Non-Cohort",2875
"16801",162,4,842.33,"2011-03-11 13:56:00","2011-06-29 15:33:00","Non-Cohort",3962
"14327",162,6,1894.93,"2010-01-08 14:04:00","2011-06-29 13:58:00","Non-Cohort",1758
"12424",162,4,3289.78,"2009-12-07 14:43:00","2011-06-30 12:06:00","Non-Cohort",68
"15537",162,1,110.92,"2011-06-29 13:10:00","2011-06-29 13:10:00","Non-Cohort",2837
"16553",162,33,16500.12,"2010-02-11 18:46:00","2011-06-29 15:42:00","Non-Cohort",3751
"17408",162,3,164.89,"2010-07-13 14:02:00","2011-06-29 12:53:00","Non-Cohort",4490
"17391",163,2,508.80,"2011-06-28 12:21:00","2011-06-29 09:58:00","Non-Cohort",4476
"13300",164,3,1267.21,"2010-05-14 15:56:00","2011-06-28 11:59:00","Non-Cohort",852
"15146",164,2,1313.66,"2011-02-21 13:07:00","2011-06-28 12:09:00","Non-Cohort",2498
"14351",164,1,51.00,"2011-06-28 11:56:00","2011-06-28 11:56:00","Non-Cohort",1780
"13656",164,4,1053.35,"2010-04-23 12:50:00","2011-06-28 10:31:00","Non-Cohort",1169
"16473",164,4,469.58,"2010-11-30 16:29:00","2011-06-28 09:10:00","Non-Cohort",3679
"17900",164,2,15.00,"2011-06-02 14:28:00","2011-06-28 12:09:00","Non-Cohort",4916
"14481",164,5,2284.69,"2010-01-31 12:43:00","2011-06-28 10:38:00","Non-Cohort",1893
"16545",164,2,689.82,"2010-11-29 10:39:00","2011-06-28 10:37:00","Non-Cohort",3743
"17110",164,3,499.90,"2010-04-08 13:32:00","2011-06-27 12:58:00","Non-Cohort",4237
"15976",164,6,1680.31,"2010-06-06 14:01:00","2011-06-27 13:00:00","Non-Cohort",3233
"12493",165,2,362.79,"2011-05-26 14:53:00","2011-06-27 10:17:00","Non-Cohort",134
"14795",165,1,131.45,"2011-06-26 13:04:00","2011-06-26 13:04:00","Non-Cohort",2181
"15644",165,4,803.54,"2011-03-23 15:37:00","2011-06-26 14:54:00","Non-Cohort",2936
"17969",165,20,2235.54,"2009-12-06 13:41:00","2011-06-26 13:00:00","Non-Cohort",4976
"13453",165,3,758.99,"2010-11-02 13:23:00","2011-06-27 09:34:00","Non-Cohort",987
"12548",165,1,67.20,"2011-06-26 15:35:00","2011-06-26 15:35:00","Non-Cohort",185
"17980",165,4,1012.72,"2010-11-11 14:42:00","2011-06-27 12:01:00","Non-Cohort",4985
"15104",166,2,968.64,"2011-03-02 14:16:00","2011-06-26 11:35:00","Non-Cohort",2458
"15665",167,5,3987.07,"2010-03-14 15:07:00","2011-06-24 14:57:00","Non-Cohort",2956
"12809",167,3,1333.74,"2010-03-02 14:19:00","2011-06-24 15:15:00","Non-Cohort",422
"15258",168,2,623.16,"2011-05-06 14:16:00","2011-06-24 12:30:00","Non-Cohort",2593
"17204",168,9,5263.69,"2010-06-10 11:37:00","2011-06-23 13:54:00","Non-Cohort",4319
"17704",168,2,885.19,"2011-04-14 09:28:00","2011-06-24 09:40:00","Non-Cohort",4754
"14656",168,5,790.00,"2010-04-15 12:10:00","2011-06-23 13:51:00","Non-Cohort",2051
"13856",168,11,1058.88,"2010-03-30 15:40:00","2011-06-24 10:03:00","Non-Cohort",1345
"14584",168,8,1725.16,"2010-02-17 14:01:00","2011-06-23 18:33:00","Non-Cohort",1989
"13937",168,2,867.38,"2010-11-02 12:37:00","2011-06-23 16:35:00","Non-Cohort",1414
"13929",168,11,3318.10,"2010-01-14 07:25:00","2011-06-23 15:26:00","Non-Cohort",1406
"15379",168,8,4806.44,"2010-11-04 11:59:00","2011-06-23 13:13:00","Non-Cohort",2699
"17709",169,5,671.01,"2010-04-15 14:48:00","2011-06-23 11:55:00","Non-Cohort",4759
"17630",169,2,503.60,"2011-04-21 14:03:00","2011-06-23 11:58:00","Non-Cohort",4687
"16647",169,4,541.90,"2010-06-13 15:52:00","2011-06-23 11:47:00","Non-Cohort",3832
"17877",169,1,237.61,"2011-06-22 13:00:00","2011-06-22 13:00:00","Non-Cohort",4895
"15384",169,4,2021.14,"2010-04-26 12:38:00","2011-06-23 10:57:00","Non-Cohort",2703
"14643",169,5,1654.69,"2009-12-11 11:52:00","2011-06-22 14:41:00","Non-Cohort",2039
"15041",169,2,288.98,"2010-09-21 13:16:00","2011-06-22 16:16:00","Non-Cohort",2398
"14998",169,4,753.18,"2010-04-13 16:07:00","2011-06-22 17:30:00","Non-Cohort",2359
"16287",169,5,1006.98,"2010-01-19 09:46:00","2011-06-23 09:08:00","Non-Cohort",3507
"15130",169,1,330.11,"2011-06-23 10:15:00","2011-06-23 10:15:00","Non-Cohort",2484
"16247",169,1,114.56,"2011-06-22 14:23:00","2011-06-22 14:23:00","Non-Cohort",3474
"16114",170,1,135.75,"2011-06-22 10:13:00","2011-06-22 10:13:00","Non-Cohort",3358
"13936",170,3,924.36,"2010-10-21 14:21:00","2011-06-21 17:44:00","Non-Cohort",1413
"17960",170,3,135.08,"2010-03-08 12:22:00","2011-06-21 14:15:00","Non-Cohort",4969
"15412",170,1,190.53,"2011-06-21 15:24:00","2011-06-21 15:24:00","Non-Cohort",2729
"16214",170,4,2038.25,"2010-09-30 13:57:00","2011-06-22 11:30:00","Non-Cohort",3445
"15700",171,2,664.03,"2011-06-19 15:36:00","2011-06-20 16:53:00","Non-Cohort",2989
"16320",171,6,5618.79,"2010-01-27 13:29:00","2011-06-20 15:25:00","Non-Cohort",3537
"15389",171,5,2733.80,"2010-01-27 12:44:00","2011-06-20 16:18:00","Non-Cohort",2708
"16526",171,2,717.21,"2010-05-04 16:34:00","2011-06-21 12:02:00","Non-Cohort",3725
"15825",171,1,532.94,"2011-06-20 13:27:00","2011-06-20 13:27:00","Non-Cohort",3104
"16739",171,2,772.23,"2010-06-21 09:38:00","2011-06-20 17:15:00","Non-Cohort",3910
"15280",171,3,397.52,"2010-05-17 14:17:00","2011-06-20 17:14:00","Non-Cohort",2614
"15507",171,1,475.86,"2011-06-21 11:19:00","2011-06-21 11:19:00","Non-Cohort",2811
"18260",172,23,9737.10,"2009-12-15 13:50:00","2011-06-20 12:37:00","Non-Cohort",5231
"15076",172,3,1425.84,"2010-07-05 14:11:00","2011-06-20 08:23:00","Non-Cohort",2431
"15016",172,5,612.89,"2010-06-14 13:06:00","2011-06-20 12:06:00","Non-Cohort",2375
"12837",172,2,662.66,"2010-05-19 15:10:00","2011-06-19 16:07:00","Non-Cohort",449
"13568",172,1,187.05,"2011-06-19 14:42:00","2011-06-19 14:42:00","Non-Cohort",1091
"17897",172,9,2027.54,"2010-05-12 16:03:00","2011-06-20 11:23:00","Non-Cohort",4913
"13343",172,1,253.93,"2011-06-15 12:24:00","2011-06-20 11:37:00","Non-Cohort",890
"15921",172,4,765.61,"2010-03-09 11:03:00","2011-06-20 11:03:00","Non-Cohort",3186
"15535",172,6,955.12,"2010-09-16 20:04:00","2011-06-19 16:02:00","Non-Cohort",2836
"18062",172,6,1523.37,"2010-04-21 08:55:00","2011-06-19 14:47:00","Non-Cohort",5047
"14162",173,2,289.36,"2011-02-20 12:32:00","2011-06-19 11:36:00","Non-Cohort",1618
"16805",173,4,1076.34,"2009-12-14 15:17:00","2011-06-19 11:23:00","Non-Cohort",3966
"13618",173,1,177.34,"2011-06-19 11:09:00","2011-06-19 11:09:00","Non-Cohort",1135
"16484",173,2,379.40,"2011-06-02 10:39:00","2011-06-19 12:06:00","Non-Cohort",3689
"17879",173,1,178.52,"2011-06-19 12:36:00","2011-06-19 12:36:00","Non-Cohort",4897
"13005",173,4,935.03,"2010-09-08 12:52:00","2011-06-19 10:53:00","Non-Cohort",593
"17616",173,4,734.40,"2010-09-14 10:43:00","2011-06-19 10:11:00","Non-Cohort",4673
"16050",173,3,300.70,"2010-11-03 15:55:00","2011-06-19 11:44:00","Non-Cohort",3301
"15909",173,1,191.94,"2011-06-19 10:38:00","2011-06-19 10:38:00","Non-Cohort",3176
"14491",174,2,340.93,"2010-12-02 12:10:00","2011-06-17 15:22:00","Non-Cohort",1902
"18168",175,16,3352.30,"2009-12-03 17:29:00","2011-06-16 19:21:00","Non-Cohort",5144
"12908",175,5,1386.00,"2010-03-19 15:59:00","2011-06-16 15:39:00","Non-Cohort",508
"13951",175,3,674.45,"2011-02-18 15:21:00","2011-06-16 16:43:00","Non-Cohort",1426
"14245",175,2,1677.48,"2011-03-21 10:41:00","2011-06-16 14:33:00","Non-Cohort",1691
"14037",175,6,755.95,"2009-12-07 11:39:00","2011-06-16 13:57:00","Non-Cohort",1501
"15219",175,2,685.45,"2010-03-01 11:33:00","2011-06-16 16:57:00","Non-Cohort",2559
"18165",176,1,302.46,"2011-06-15 13:23:00","2011-06-15 13:23:00","Non-Cohort",5141
"14222",176,1,683.17,"2011-06-15 16:42:00","2011-06-15 16:42:00","Non-Cohort",1669
"16276",176,3,2629.39,"2010-04-11 12:02:00","2011-06-16 09:34:00","Non-Cohort",3496
"17536",176,3,364.83,"2010-01-26 12:00:00","2011-06-15 13:23:00","Non-Cohort",4601
"16257",176,1,21.95,"2011-06-16 10:11:00","2011-06-16 10:11:00","Non-Cohort",3482
"17446",176,2,120.90,"2011-02-02 14:40:00","2011-06-16 10:42:00","Non-Cohort",4523
"15585",176,1,455.30,"2011-06-16 08:38:00","2011-06-16 08:38:00","Non-Cohort",2880
"12818",177,1,1157.88,"2011-03-23 12:06:00","2011-06-14 13:54:00","Non-Cohort",431
"17179",177,6,1507.26,"2010-05-26 11:22:00","2011-06-14 16:48:00","Non-Cohort",4298
"17749",177,3,1026.18,"2010-06-11 14:56:00","2011-06-14 15:45:00","Non-Cohort",4792
"16461",177,3,1539.83,"2010-03-03 13:57:00","2011-06-15 12:07:00","Non-Cohort",3668
"15912",177,9,1074.70,"2009-12-10 12:58:00","2011-06-14 14:29:00","Non-Cohort",3179
"16644",177,2,833.78,"2011-05-11 12:53:00","2011-06-15 12:39:00","Non-Cohort",3829
"15574",177,6,1059.44,"2010-09-01 14:37:00","2011-06-15 12:01:00","Non-Cohort",2871
"15069",178,1,1109.53,"2011-06-13 14:16:00","2011-06-13 14:16:00","Non-Cohort",2425
"13080",178,4,260.83,"2010-04-09 13:07:00","2011-06-13 14:59:00","Non-Cohort",660
"13476",178,5,1915.77,"2010-03-05 09:39:00","2011-06-14 12:00:00","Non-Cohort",1009
"14231",178,4,1131.97,"2010-09-15 09:52:00","2011-06-13 15:35:00","Non-Cohort",1678
"15643",178,3,647.40,"2011-03-02 14:34:00","2011-06-13 17:19:00","Non-Cohort",2935
"17349",178,5,772.41,"2010-03-18 14:26:00","2011-06-13 14:29:00","Non-Cohort",4439
"13663",178,5,2013.61,"2010-03-03 10:11:00","2011-06-13 15:44:00","Non-Cohort",1175
"14823",179,3,321.43,"2011-05-29 12:48:00","2011-06-12 13:12:00","Non-Cohort",2204
"12732",179,1,218.26,"2011-06-13 11:33:00","2011-06-13 11:33:00","Non-Cohort",354
"14573",179,13,2113.42,"2010-01-08 16:34:00","2011-06-13 11:15:00","Non-Cohort",1979
"17795",179,2,342.83,"2011-03-20 12:02:00","2011-06-13 12:36:00","Non-Cohort",4831
"18281",180,2,201.14,"2010-05-11 10:49:00","2011-06-12 10:53:00","Non-Cohort",5251
"14450",180,7,1128.44,"2010-04-08 12:09:00","2011-06-12 10:46:00","Non-Cohort",1866
"15098",181,3,39619.50,"2011-06-10 15:22:00","2011-06-10 15:39:00","Non-Cohort",2452
"15609",182,1,270.03,"2011-06-08 13:00:00","2011-06-10 09:55:00","Non-Cohort",2903
"16113",182,1,161.38,"2011-06-09 16:16:00","2011-06-09 16:16:00","Non-Cohort",3357
"17234",182,1,149.89,"2011-06-10 11:20:00","2011-06-10 11:20:00","Non-Cohort",4347
"13462",182,5,1145.60,"2009-12-14 09:48:00","2011-06-09 19:53:00","Non-Cohort",996
"16614",182,3,1179.79,"2010-05-10 15:18:00","2011-06-10 11:36:00","Non-Cohort",3802
"13686",182,3,409.04,"2010-11-03 13:44:00","2011-06-10 09:10:00","Non-Cohort",1194
"13900",182,6,1608.09,"2010-03-25 13:46:00","2011-06-09 19:26:00","Non-Cohort",1385
"13533",182,3,269.09,"2011-03-17 12:47:00","2011-06-10 11:54:00","Non-Cohort",1064
"12802",183,5,2120.42,"2010-05-25 09:34:00","2011-06-09 09:44:00","Non-Cohort",418
"13811",183,2,519.75,"2011-04-14 18:40:00","2011-06-09 09:54:00","Non-Cohort",1305
"16832",183,5,417.61,"2010-09-07 12:35:00","2011-06-08 15:36:00","Non-Cohort",3990
"14241",183,2,333.70,"2010-01-12 15:11:00","2011-06-09 11:46:00","Non-Cohort",1687
"15780",183,3,475.28,"2010-12-17 11:43:00","2011-06-09 12:01:00","Non-Cohort",3063
"16955",184,6,1072.06,"2009-12-01 12:44:00","2011-06-08 10:36:00","Non-Cohort",4100
"17874",184,6,658.26,"2011-03-29 11:25:00","2011-06-07 12:54:00","Non-Cohort",4893
"17707",184,8,605.05,"2009-12-07 12:19:00","2011-06-07 15:03:00","Non-Cohort",4757
"17124",184,1,294.24,"2011-06-07 14:02:00","2011-06-07 14:02:00","Non-Cohort",4250
"14375",184,3,1106.82,"2010-06-16 14:34:00","2011-06-07 13:44:00","Non-Cohort",1799
"17409",184,10,7793.51,"2009-12-11 12:17:00","2011-06-08 10:36:00","Non-Cohort",4491
"14625",184,11,4429.18,"2009-12-11 14:10:00","2011-06-07 15:40:00","Non-Cohort",2021
"17987",184,5,889.92,"2010-06-07 11:23:00","2011-06-07 14:22:00","Non-Cohort",4990
"17854",184,6,1068.50,"2009-12-08 11:13:00","2011-06-07 16:21:00","Non-Cohort",4877
"16763",184,2,947.75,"2009-12-01 15:26:00","2011-06-07 14:24:00","Non-Cohort",3931
"14622",184,1,320.58,"2011-06-08 12:42:00","2011-06-08 12:42:00","Non-Cohort",2018
"12383",184,5,1617.31,"2010-12-22 14:28:00","2011-06-08 08:02:00","Non-Cohort",34
"17026",184,3,175.83,"2010-10-18 15:22:00","2011-06-07 14:28:00","Non-Cohort",4158
"13395",184,3,1180.23,"2010-10-14 13:00:00","2011-06-07 15:04:00","Non-Cohort",934
"12891",185,11,819.50,"2010-02-18 14:32:00","2011-06-07 12:31:00","Non-Cohort",495
"14867",185,16,2910.41,"2009-12-05 15:47:00","2011-06-07 11:39:00","Non-Cohort",2242
"14542",185,1,103.25,"2011-06-07 08:19:00","2011-06-07 08:19:00","Non-Cohort",1951
"16611",185,6,1776.63,"2010-03-10 16:07:00","2011-06-06 15:46:00","Non-Cohort",3799
"15386",185,1,394.14,"2011-06-06 13:47:00","2011-06-06 13:47:00","Non-Cohort",2705
"12868",185,8,2043.76,"2010-11-12 10:05:00","2011-06-07 10:42:00","Non-Cohort",477
"16520",185,6,2131.68,"2010-03-02 16:40:00","2011-06-06 13:24:00","Non-Cohort",3720
"16963",186,1,110.55,"2011-06-05 13:48:00","2011-06-05 13:48:00","Non-Cohort",4107
"16883",186,19,2236.11,"2009-12-04 12:07:00","2011-06-05 12:51:00","Non-Cohort",4034
"15852",186,3,257.26,"2010-07-01 10:16:00","2011-06-06 11:22:00","Non-Cohort",3127
"16849",186,1,124.57,"2011-06-06 09:16:00","2011-06-06 09:16:00","Non-Cohort",4007
"13682",186,1,59.50,"2011-06-05 14:06:00","2011-06-05 14:06:00","Non-Cohort",1190
"17708",187,4,884.18,"2010-10-12 12:13:00","2011-06-05 10:12:00","Non-Cohort",4758
"14512",187,7,1215.97,"2009-12-07 13:49:00","2011-06-05 12:39:00","Non-Cohort",1922
"14682",187,6,1514.81,"2010-02-05 14:47:00","2011-06-05 12:12:00","Non-Cohort",2076
"16967",188,1,319.02,"2011-06-03 14:24:00","2011-06-03 14:24:00","Non-Cohort",4111
"15405",188,2,659.84,"2010-05-12 15:56:00","2011-06-03 14:44:00","Non-Cohort",2722
"15508",188,6,1000.27,"2011-04-18 15:31:00","2011-06-03 15:43:00","Non-Cohort",2812
"13885",188,2,506.80,"2011-05-23 08:52:00","2011-06-03 15:07:00","Non-Cohort",1371
"16659",188,1,39.12,"2011-06-03 15:03:00","2011-06-03 15:03:00","Non-Cohort",3843
"12590",189,1,9330.48,"2010-04-12 07:20:00","2011-06-02 14:25:00","Non-Cohort",223
"17375",189,4,632.95,"2010-10-04 09:14:00","2011-06-02 17:30:00","Non-Cohort",4462
"14453",189,1,119.93,"2011-06-02 14:15:00","2011-06-02 14:15:00","Non-Cohort",1869
"17531",189,3,1194.47,"2009-12-08 17:30:00","2011-06-02 19:17:00","Non-Cohort",4597
"16529",189,4,1986.80,"2010-06-27 13:29:00","2011-06-02 17:23:00","Non-Cohort",3728
"12601",189,6,565.76,"2010-10-31 10:57:00","2011-06-03 10:17:00","Non-Cohort",234
"16117",189,3,650.05,"2010-04-27 11:50:00","2011-06-03 11:42:00","Non-Cohort",3361
"16230",189,2,542.03,"2011-05-03 15:12:00","2011-06-03 10:06:00","Non-Cohort",3459
"15658",189,8,1964.14,"2009-12-03 11:19:00","2011-06-02 15:22:00","Non-Cohort",2949
"13294",189,3,1689.53,"2010-03-03 12:54:00","2011-06-03 08:54:00","Non-Cohort",847
"15918",190,3,582.88,"2010-03-18 11:40:00","2011-06-02 11:42:00","Non-Cohort",3183
"14377",190,2,617.05,"2011-03-22 13:38:00","2011-06-01 13:32:00","Non-Cohort",1801
"13062",190,1,346.98,"2011-06-01 15:12:00","2011-06-01 15:12:00","Non-Cohort",644
"16424",190,2,392.06,"2010-11-22 11:24:00","2011-06-01 13:40:00","Non-Cohort",3632
"17578",190,7,1003.73,"2010-06-28 11:55:00","2011-06-02 11:42:00","Non-Cohort",4637
"13475",190,4,1431.78,"2011-02-14 12:36:00","2011-06-01 13:52:00","Non-Cohort",1008
"16449",190,2,674.69,"2011-03-04 12:15:00","2011-06-02 11:07:00","Non-Cohort",3656
"17472",190,4,922.35,"2010-03-21 13:27:00","2011-06-01 14:57:00","Non-Cohort",4546
"17820",190,1,156.56,"2010-11-30 17:43:00","2011-06-01 15:14:00","Non-Cohort",4851
"14740",190,11,4068.86,"2010-02-25 11:40:00","2011-06-01 15:17:00","Non-Cohort",2128
"13070",191,4,743.90,"2009-12-02 12:23:00","2011-05-31 13:45:00","Non-Cohort",651
"12790",191,2,518.45,"2010-10-25 13:04:00","2011-05-31 14:14:00","Non-Cohort",408
"18231",191,28,6815.47,"2010-01-10 12:13:00","2011-05-31 14:18:00","Non-Cohort",5205
"17454",191,10,1532.64,"2010-01-15 15:40:00","2011-05-31 13:58:00","Non-Cohort",4530
"13398",191,2,670.34,"2010-09-17 09:34:00","2011-05-31 13:17:00","Non-Cohort",937
"16810",191,2,786.14,"2010-10-15 15:32:00","2011-05-31 15:32:00","Non-Cohort",3971
"18190",191,5,735.67,"2009-12-22 12:05:00","2011-05-31 14:48:00","Non-Cohort",5165
"16483",191,1,139.35,"2011-05-31 13:08:00","2011-05-31 13:08:00","Non-Cohort",3688
"17051",193,4,706.49,"2010-03-21 14:55:00","2011-05-29 14:13:00","Non-Cohort",4182
"15925",193,1,207.15,"2011-05-29 15:35:00","2011-05-29 15:35:00","Non-Cohort",3188
"16567",193,2,865.60,"2011-01-07 09:31:00","2011-05-29 13:57:00","Non-Cohort",3763
"15897",193,2,208.59,"2011-05-29 13:32:00","2011-05-29 13:50:00","Non-Cohort",3166
"17152",194,4,1830.50,"2010-10-10 12:40:00","2011-05-29 12:19:00","Non-Cohort",4273
"16889",194,6,2526.65,"2010-05-23 10:46:00","2011-05-29 11:05:00","Non-Cohort",4039
"12426",194,2,1167.41,"2010-02-15 08:41:00","2011-05-29 12:26:00","Non-Cohort",70
"12999",195,3,455.88,"2011-04-08 10:26:00","2011-05-27 13:24:00","Non-Cohort",587
"16034",195,6,908.37,"2010-10-26 13:00:00","2011-05-27 16:17:00","Non-Cohort",3287
"16323",195,2,353.66,"2010-05-11 09:48:00","2011-05-27 14:48:00","Non-Cohort",3540
"13135",196,2,3371.45,"2010-08-05 17:28:00","2011-05-27 10:52:00","Non-Cohort",710
"14828",196,13,9803.46,"2009-12-07 11:19:00","2011-05-27 10:16:00","Non-Cohort",2208
"13659",196,12,4706.43,"2010-02-17 09:05:00","2011-05-26 19:56:00","Non-Cohort",1172
"14280",196,1,134.04,"2011-05-27 10:37:00","2011-05-27 10:37:00","Non-Cohort",1720
"16838",196,4,1126.66,"2010-02-14 15:27:00","2011-05-26 13:13:00","Non-Cohort",3996
"17550",196,9,2165.54,"2010-02-07 15:07:00","2011-05-26 14:09:00","Non-Cohort",4612
"16275",196,3,2151.11,"2010-03-08 14:41:00","2011-05-27 12:41:00","Non-Cohort",3495
"14816",196,1,271.85,"2011-05-26 13:16:00","2011-05-26 13:16:00","Non-Cohort",2198
"15729",197,3,154.70,"2010-11-01 13:44:00","2011-05-25 16:43:00","Non-Cohort",3015
"12974",197,2,408.95,"2010-05-23 11:45:00","2011-05-26 09:33:00","Non-Cohort",565
"14009",197,3,1090.23,"2010-09-03 12:08:00","2011-05-25 15:47:00","Non-Cohort",1473
"12547",197,3,299.58,"2010-07-27 13:55:00","2011-05-26 12:38:00","Non-Cohort",184
"16356",197,6,414.42,"2010-06-06 11:26:00","2011-05-26 11:51:00","Non-Cohort",3570
"14985",197,2,292.01,"2010-12-16 19:51:00","2011-05-25 14:29:00","Non-Cohort",2348
"13479",197,4,808.50,"2010-08-19 16:18:00","2011-05-25 16:49:00","Non-Cohort",1012
"16448",197,2,361.12,"2010-08-25 16:58:00","2011-05-25 16:28:00","Non-Cohort",3655
"14705",198,1,179.00,"2011-05-25 12:39:00","2011-05-25 12:39:00","Non-Cohort",2098
"15882",198,8,1096.31,"2009-12-10 15:33:00","2011-05-25 11:35:00","Non-Cohort",3154
"17955",198,6,949.90,"2010-02-12 16:27:00","2011-05-25 12:00:00","Non-Cohort",4964
"15314",198,3,800.65,"2010-10-07 15:41:00","2011-05-24 14:39:00","Non-Cohort",2645
"15042",198,2,315.45,"2010-04-23 14:01:00","2011-05-24 16:25:00","Non-Cohort",2399
"17770",198,5,1143.27,"2011-03-02 13:35:00","2011-05-25 12:34:00","Non-Cohort",4808
"14817",199,7,3539.21,"2009-12-08 18:52:00","2011-05-23 13:35:00","Non-Cohort",2199
"13737",199,1,339.60,"2011-05-23 16:32:00","2011-05-23 16:32:00","Non-Cohort",1241
"18202",199,3,1396.99,"2011-02-01 13:36:00","2011-05-24 12:12:00","Non-Cohort",5176
"13223",199,6,969.12,"2010-02-12 13:27:00","2011-05-23 13:03:00","Non-Cohort",788
"17715",200,2,489.60,"2010-04-26 12:17:00","2011-05-23 12:32:00","Non-Cohort",4763
"15724",200,3,299.80,"2010-11-04 10:22:00","2011-05-22 14:40:00","Non-Cohort",3011
"14647",200,2,506.04,"2010-07-04 13:27:00","2011-05-22 13:40:00","Non-Cohort",2043
"15705",200,1,143.10,"2011-05-22 15:37:00","2011-05-22 15:37:00","Non-Cohort",2994
"15292",200,1,178.39,"2011-05-22 15:00:00","2011-05-22 15:00:00","Non-Cohort",2624
"13339",200,1,860.12,"2011-05-23 08:31:00","2011-05-23 08:31:00","Non-Cohort",886
"13227",201,1,257.70,"2011-05-22 11:47:00","2011-05-22 11:47:00","Non-Cohort",792
"14195",201,6,2401.40,"2010-03-15 17:12:00","2011-05-22 10:29:00","Non-Cohort",1646
"17176",201,3,902.32,"2010-01-31 15:49:00","2011-05-22 12:41:00","Non-Cohort",4295
"18048",202,3,394.93,"2010-08-03 13:03:00","2011-05-20 14:58:00","Non-Cohort",5037
"13243",202,5,1220.38,"2010-03-18 13:10:00","2011-05-20 13:14:00","Non-Cohort",805
"16226",202,5,672.17,"2010-10-22 11:19:00","2011-05-20 14:41:00","Non-Cohort",3456
"13151",202,3,2385.66,"2010-03-22 09:40:00","2011-05-20 12:55:00","Non-Cohort",726
"13887",203,1,349.55,"2011-05-19 17:22:00","2011-05-19 17:22:00","Non-Cohort",1373
"17455",203,1,131.70,"2011-05-20 12:31:00","2011-05-20 12:31:00","Non-Cohort",4531
"13762",203,5,2165.76,"2010-01-10 12:13:00","2011-05-19 15:23:00","Non-Cohort",1263
"15648",203,2,584.75,"2011-03-17 18:59:00","2011-05-19 15:53:00","Non-Cohort",2939
"14620",203,2,393.28,"2011-03-01 08:30:00","2011-05-19 14:14:00","Non-Cohort",2016
"13391",203,1,59.80,"2011-05-20 10:50:00","2011-05-20 10:50:00","Non-Cohort",930
"12353",203,2,406.76,"2010-10-27 12:44:00","2011-05-19 17:47:00","Non-Cohort",7
"13405",203,5,1181.56,"2009-12-15 14:13:00","2011-05-19 16:31:00","Non-Cohort",943
"12897",204,4,514.25,"2010-06-14 11:58:00","2011-05-19 12:13:00","Non-Cohort",500
"17871",204,5,1068.95,"2010-01-15 14:48:00","2011-05-19 11:32:00","Non-Cohort",4891
"17245",204,2,371.63,"2010-01-19 15:39:00","2011-05-19 10:43:00","Non-Cohort",4357
"14896",204,8,1727.30,"2009-12-06 12:42:00","2011-05-19 10:20:00","Non-Cohort",2270
"13531",204,6,1433.07,"2009-12-03 15:20:00","2011-05-18 16:56:00","Non-Cohort",1062
"17504",205,18,9238.42,"2010-02-08 09:22:00","2011-05-17 12:59:00","Non-Cohort",4572
"14000",205,5,1877.59,"2009-12-02 09:50:00","2011-05-17 13:44:00","Non-Cohort",1465
"16116",205,1,592.88,"2011-05-12 12:01:00","2011-05-18 09:23:00","Non-Cohort",3360
"18218",205,4,1086.14,"2010-02-17 15:11:00","2011-05-17 14:16:00","Non-Cohort",5192
"12690",205,1,335.01,"2011-05-18 09:09:00","2011-05-18 09:09:00","Non-Cohort",315
"17556",205,2,300.67,"2010-11-25 17:00:00","2011-05-18 10:48:00","Non-Cohort",4617
"16446",205,1,2.90,"2011-05-18 09:52:00","2011-05-18 09:52:00","Non-Cohort",3653
"13572",205,1,1384.25,"2011-05-18 11:59:00","2011-05-18 11:59:00","Non-Cohort",1095
"13976",206,4,1192.36,"2010-02-09 13:08:00","2011-05-17 09:13:00","Non-Cohort",1445
"14320",206,5,1204.12,"2010-01-21 11:44:00","2011-05-17 09:24:00","Non-Cohort",1752
"14489",206,4,1574.93,"2010-04-06 09:52:00","2011-05-16 14:51:00","Non-Cohort",1901
"14888",206,1,369.20,"2011-05-16 14:58:00","2011-05-16 14:58:00","Non-Cohort",2262
"15813",207,2,1303.91,"2011-04-14 09:09:00","2011-05-16 08:13:00","Non-Cohort",3093
"17263",207,1,63.44,"2011-05-15 14:32:00","2011-05-15 14:32:00","Non-Cohort",4372
"15333",207,1,1028.56,"2011-05-15 13:27:00","2011-05-15 13:27:00","Non-Cohort",2662
"14689",208,1,112.80,"2011-05-15 11:22:00","2011-05-15 11:22:00","Non-Cohort",2082
"14873",209,2,854.13,"2010-03-16 10:51:00","2011-05-13 13:52:00","Non-Cohort",2248
"12770",210,2,2981.45,"2010-04-07 10:44:00","2011-05-13 09:33:00","Non-Cohort",388
"16006",210,2,332.82,"2010-11-17 12:03:00","2011-05-12 13:12:00","Non-Cohort",3260
"17970",210,1,562.79,"2011-05-12 20:03:00","2011-05-12 20:03:00","Non-Cohort",4977
"13952",210,14,12790.89,"2009-12-16 09:41:00","2011-05-12 19:27:00","Non-Cohort",1427
"12857",210,6,3684.25,"2010-01-25 15:37:00","2011-05-13 10:20:00","Non-Cohort",467
"13052",211,7,3118.48,"2010-02-23 12:31:00","2011-05-11 14:12:00","Non-Cohort",635
"17889",211,7,746.42,"2010-03-31 10:54:00","2011-05-11 16:26:00","Non-Cohort",4905
"16244",211,2,1522.75,"2010-12-02 11:41:00","2011-05-12 10:18:00","Non-Cohort",3471
"13837",211,2,266.59,"2011-01-26 12:15:00","2011-05-12 12:10:00","Non-Cohort",1328
"14988",211,7,2038.65,"2010-04-16 13:34:00","2011-05-12 12:05:00","Non-Cohort",2350
"16943",211,3,816.73,"2011-01-25 14:00:00","2011-05-12 11:57:00","Non-Cohort",4089
"14288",211,1,413.85,"2011-05-10 13:22:00","2011-05-11 15:17:00","Non-Cohort",1727
"12976",211,8,3156.38,"2010-02-12 15:46:00","2011-05-12 09:55:00","Non-Cohort",567
"13235",211,1,1031.07,"2011-05-11 17:13:00","2011-05-11 17:13:00","Non-Cohort",799
"15732",211,10,1499.42,"2010-02-04 10:10:00","2011-05-11 14:24:00","Non-Cohort",3018
"18133",211,1,931.50,"2011-05-11 14:14:00","2011-05-11 14:14:00","Non-Cohort",5110
"12625",211,4,4627.38,"2010-04-22 11:33:00","2011-05-12 09:54:00","Non-Cohort",255
"16431",212,3,623.28,"2011-02-15 14:02:00","2011-05-10 14:09:00","Non-Cohort",3639
"14920",212,3,1607.17,"2010-05-23 15:25:00","2011-05-11 10:32:00","Non-Cohort",2292
"15079",212,11,3546.75,"2009-12-08 11:22:00","2011-05-11 12:45:00","Non-Cohort",2434
"13990",212,1,311.30,"2011-05-10 15:19:00","2011-05-10 15:19:00","Non-Cohort",1456
"14149",212,1,259.43,"2011-05-03 09:44:00","2011-05-11 12:34:00","Non-Cohort",1605
"15063",212,1,370.80,"2011-05-10 13:25:00","2011-05-10 13:25:00","Non-Cohort",2420
"12821",213,2,220.80,"2010-04-07 15:14:00","2011-05-09 15:51:00","Non-Cohort",434
"14699",213,4,702.60,"2010-07-02 12:04:00","2011-05-09 14:54:00","Non-Cohort",2092
"12888",213,2,313.77,"2011-03-29 14:31:00","2011-05-09 16:02:00","Non-Cohort",493
"16306",213,7,1094.72,"2010-10-01 09:36:00","2011-05-10 12:12:00","Non-Cohort",3525
"15381",213,5,1887.62,"2010-05-05 14:35:00","2011-05-10 11:55:00","Non-Cohort",2701
"18120",213,1,111.15,"2011-05-09 13:45:00","2011-05-09 13:45:00","Non-Cohort",5097
"17597",213,5,3425.29,"2010-05-05 15:33:00","2011-05-10 11:54:00","Non-Cohort",4656
"12355",213,2,947.61,"2010-05-21 11:59:00","2011-05-09 13:49:00","Non-Cohort",9
"15092",214,3,773.16,"2010-09-03 12:33:00","2011-05-08 14:10:00","Non-Cohort",2446
"14353",214,3,376.50,"2010-10-04 12:38:00","2011-05-08 16:06:00","Non-Cohort",1782
"16756",214,7,1287.42,"2010-03-09 15:56:00","2011-05-09 09:33:00","Non-Cohort",3924
"13561",215,11,1803.40,"2010-02-28 13:42:00","2011-05-08 12:39:00","Non-Cohort",1085
"13642",215,4,459.45,"2010-10-03 12:23:00","2011-05-08 12:34:00","Non-Cohort",1157
"14161",215,7,2996.93,"2009-12-13 11:46:00","2011-05-08 11:41:00","Non-Cohort",1617
"15552",216,2,252.52,"2010-03-26 16:17:00","2011-05-06 14:47:00","Non-Cohort",2852
"12414",216,4,442.41,"2010-09-02 12:22:00","2011-05-06 14:51:00","Non-Cohort",59
"17604",216,6,942.38,"2010-01-27 12:19:00","2011-05-06 13:43:00","Non-Cohort",4662
"13723",216,6,1194.08,"2010-04-07 14:32:00","2011-05-06 17:04:00","Non-Cohort",1228
"18078",216,4,725.53,"2010-03-21 15:50:00","2011-05-06 14:32:00","Non-Cohort",5060
"14423",217,3,914.96,"2010-01-14 11:49:00","2011-05-05 15:12:00","Non-Cohort",1841
"15668",217,1,76.32,"2011-05-06 10:39:00","2011-05-06 10:39:00","Non-Cohort",2959
"17174",217,1,59.90,"2011-05-06 11:47:00","2011-05-06 11:47:00","Non-Cohort",4293
"18227",217,2,93.75,"2010-08-12 16:45:00","2011-05-06 12:23:00","Non-Cohort",5201
"14199",217,4,916.50,"2010-06-27 12:13:00","2011-05-05 13:44:00","Non-Cohort",1649
"18183",217,2,600.52,"2011-03-10 10:08:00","2011-05-05 17:47:00","Non-Cohort",5158
"16457",217,1,208.36,"2011-05-05 13:19:00","2011-05-05 13:19:00","Non-Cohort",3664
"15235",217,16,2772.76,"2010-11-16 12:48:00","2011-05-06 09:44:00","Non-Cohort",2572
"16319",217,1,404.40,"2011-05-06 11:27:00","2011-05-06 11:27:00","Non-Cohort",3536
"14697",217,2,188.61,"2011-05-05 15:29:00","2011-05-05 15:39:00","Non-Cohort",2090
"17548",217,4,486.48,"2010-11-08 16:19:00","2011-05-06 10:00:00","Non-Cohort",4610
"17849",217,8,1063.76,"2010-03-14 15:17:00","2011-05-05 13:46:00","Non-Cohort",4874
"15759",217,7,810.98,"2009-12-02 10:08:00","2011-05-05 15:13:00","Non-Cohort",3044
"14393",217,1,67.95,"2011-05-05 18:16:00","2011-05-05 18:16:00","Non-Cohort",1816
"15147",218,1,608.65,"2011-04-13 15:57:00","2011-05-05 11:20:00","Non-Cohort",2499
"16109",218,3,923.58,"2010-01-10 10:37:00","2011-05-05 09:17:00","Non-Cohort",3353
"16610",218,1,75.66,"2011-05-04 13:13:00","2011-05-04 13:13:00","Non-Cohort",3798
"17374",218,3,711.21,"2010-11-09 17:14:00","2011-05-05 09:05:00","Non-Cohort",4461
"14340",218,1,134.70,"2011-05-05 09:44:00","2011-05-05 09:44:00","Non-Cohort",1770
"18239",218,6,1712.26,"2010-10-13 10:11:00","2011-05-05 12:38:00","Non-Cohort",5213
"13711",218,9,1632.61,"2009-12-01 14:01:00","2011-05-05 10:31:00","Non-Cohort",1217
"17394",218,1,203.87,"2011-05-04 13:22:00","2011-05-04 13:22:00","Non-Cohort",4478
"16990",218,2,344.00,"2010-10-13 11:42:00","2011-05-05 08:30:00","Non-Cohort",4129
"16227",218,3,948.82,"2010-06-22 13:28:00","2011-05-04 16:27:00","Non-Cohort",3457
"13731",218,2,610.59,"2011-04-07 10:10:00","2011-05-04 14:33:00","Non-Cohort",1236
"17646",218,12,3843.16,"2009-12-16 09:37:00","2011-05-04 13:17:00","Non-Cohort",4701
"18220",219,6,1771.70,"2009-12-15 11:42:00","2011-05-04 11:23:00","Non-Cohort",5194
"17443",219,1,534.24,"2011-05-04 10:47:00","2011-05-04 10:47:00","Non-Cohort",4521
"17501",220,2,288.60,"2011-05-03 09:46:00","2011-05-03 09:47:00","Non-Cohort",4569
"16055",220,1,134.80,"2011-05-03 09:26:00","2011-05-03 09:26:00","Non-Cohort",3306
"16634",222,6,1198.30,"2010-01-21 09:30:00","2011-05-01 12:09:00","Non-Cohort",3821
"14304",222,3,1523.81,"2010-05-18 10:50:00","2011-05-01 11:50:00","Non-Cohort",1740
"14022",224,2,792.15,"2010-08-10 09:38:00","2011-04-28 14:39:00","Non-Cohort",1486
"17893",224,1,107.21,"2011-04-28 13:50:00","2011-04-28 13:50:00","Non-Cohort",4909
"16163",224,6,1822.03,"2009-12-02 10:00:00","2011-04-28 19:43:00","Non-Cohort",3399
"14311",224,2,435.90,"2010-05-21 10:28:00","2011-04-28 19:49:00","Non-Cohort",1746
"17991",224,3,298.65,"2010-04-27 12:46:00","2011-04-28 15:58:00","Non-Cohort",4993
"15210",224,3,1176.19,"2010-05-13 14:42:00","2011-04-28 16:11:00","Non-Cohort",2550
"14271",225,2,214.18,"2010-10-26 17:01:00","2011-04-28 12:47:00","Non-Cohort",1713
"13229",225,1,160.95,"2011-04-28 12:07:00","2011-04-28 12:07:00","Non-Cohort",794
"15223",225,5,1117.10,"2009-12-05 11:19:00","2011-04-28 11:31:00","Non-Cohort",2562
"15143",225,2,563.63,"2010-10-03 13:58:00","2011-04-28 12:03:00","Non-Cohort",2495
"15891",226,1,509.13,"2011-04-27 12:35:00","2011-04-27 12:35:00","Non-Cohort",3161
"14586",226,1,134.16,"2011-03-08 10:04:00","2011-04-26 17:32:00","Non-Cohort",1991
"12573",226,5,717.41,"2010-08-31 17:25:00","2011-04-26 15:52:00","Non-Cohort",206
"17187",226,2,467.71,"2010-07-01 14:38:00","2011-04-27 12:39:00","Non-Cohort",4305
"16698",226,2,1998.00,"2011-03-31 13:33:00","2011-04-27 10:52:00","Non-Cohort",3876
"16823",226,7,2236.14,"2009-12-02 09:57:00","2011-04-26 15:00:00","Non-Cohort",3982
"16965",226,1,192.07,"2011-04-27 12:08:00","2011-04-27 12:08:00","Non-Cohort",4109
"16834",227,2,898.96,"2010-02-03 14:24:00","2011-04-26 09:37:00","Non-Cohort",3992
"17277",227,2,1065.35,"2011-01-21 12:37:00","2011-04-26 12:47:00","Non-Cohort",4381
"17670",227,1,205.70,"2011-04-26 09:12:00","2011-04-26 09:12:00","Non-Cohort",4725
"14770",231,8,3624.89,"2010-02-25 18:58:00","2011-04-21 14:21:00","Non-Cohort",2157
"12622",231,1,162.10,"2011-04-21 16:39:00","2011-04-21 16:39:00","Non-Cohort",252
"17718",231,2,386.98,"2010-03-05 08:01:00","2011-04-21 13:39:00","Non-Cohort",4765
"12354",231,1,1079.40,"2011-04-21 13:11:00","2011-04-21 13:11:00","Non-Cohort",8
"13482",231,2,336.09,"2010-03-22 10:31:00","2011-04-21 17:03:00","Non-Cohort",1014
"16587",231,1,225.15,"2011-04-21 15:51:00","2011-04-21 15:51:00","Non-Cohort",3779
"15655",232,1,511.32,"2011-04-10 15:25:00","2011-04-20 16:28:00","Non-Cohort",2946
"15135",232,2,293.78,"2010-06-01 13:33:00","2011-04-20 15:58:00","Non-Cohort",2488
"17946",232,2,149.58,"2011-03-25 14:34:00","2011-04-20 17:00:00","Non-Cohort",4956
"13485",232,11,2953.92,"2009-12-03 13:46:00","2011-04-20 13:58:00","Non-Cohort",1017
"15517",232,1,267.03,"2011-04-20 14:02:00","2011-04-20 14:02:00","Non-Cohort",2819
"12506",232,1,73.50,"2011-04-21 08:54:00","2011-04-21 08:54:00","Non-Cohort",146
"17120",232,1,307.46,"2011-04-20 15:21:00","2011-04-20 15:21:00","Non-Cohort",4247
"12733",233,4,2325.97,"2010-01-19 13:23:00","2011-04-19 16:19:00","Non-Cohort",355
"15225",233,1,409.40,"2011-04-19 14:51:00","2011-04-19 14:51:00","Non-Cohort",2563
"13101",233,4,695.40,"2010-01-27 15:49:00","2011-04-19 14:37:00","Non-Cohort",677
"17217",233,2,210.10,"2010-03-30 13:35:00","2011-04-19 17:19:00","Non-Cohort",4330
"12585",233,2,1766.81,"2010-12-23 12:58:00","2011-04-19 13:39:00","Non-Cohort",218
"15717",233,5,607.00,"2010-04-26 10:41:00","2011-04-19 13:21:00","Non-Cohort",3005
"14148",233,2,466.29,"2010-10-21 14:08:00","2011-04-20 12:02:00","Non-Cohort",1604
"18009",234,8,2065.48,"2010-02-25 11:49:00","2011-04-18 13:52:00","Non-Cohort",5004
"14672",234,4,1113.14,"2010-01-28 11:33:00","2011-04-19 10:19:00","Non-Cohort",2067
"17746",234,4,873.43,"2010-04-08 12:54:00","2011-04-19 11:26:00","Non-Cohort",4789
"15749",234,3,21535.90,"2011-01-11 12:55:00","2011-04-18 13:20:00","Non-Cohort",3034
"16217",234,2,266.45,"2011-03-02 15:28:00","2011-04-18 13:31:00","Non-Cohort",3448
"14339",234,2,604.48,"2010-10-07 08:50:00","2011-04-19 11:31:00","Non-Cohort",1769
"14242",234,2,280.55,"2011-01-18 08:53:00","2011-04-19 11:46:00","Non-Cohort",1688
"14326",234,3,923.98,"2010-06-25 12:10:00","2011-04-19 11:08:00","Non-Cohort",1757
"16617",235,1,151.85,"2011-04-18 10:35:00","2011-04-18 10:35:00","Non-Cohort",3805
"12754",235,3,3010.74,"2011-02-04 10:31:00","2011-04-18 09:00:00","Non-Cohort",373
"13474",235,3,646.59,"2010-08-01 14:40:00","2011-04-17 13:53:00","Non-Cohort",1007
"17582",235,5,1429.95,"2010-03-26 12:23:00","2011-04-17 13:18:00","Non-Cohort",4641
"15973",235,2,457.57,"2010-10-07 08:33:00","2011-04-18 09:39:00","Non-Cohort",3230
"17697",235,1,338.95,"2011-04-17 15:40:00","2011-04-17 15:40:00","Non-Cohort",4747
"14532",235,11,3833.03,"2010-01-10 11:47:00","2011-04-17 13:05:00","Non-Cohort",1941
"16947",235,4,906.31,"2010-03-03 10:54:00","2011-04-18 09:38:00","Non-Cohort",4092
"17990",236,6,1522.57,"2009-12-07 15:19:00","2011-04-17 11:44:00","Non-Cohort",4992
"18213",236,1,232.48,"2011-04-17 10:21:00","2011-04-17 10:21:00","Non-Cohort",5187
"16193",236,2,630.43,"2010-10-25 10:25:00","2011-04-17 11:45:00","Non-Cohort",3427
"17367",237,1,167.55,"2011-04-15 14:21:00","2011-04-15 14:21:00","Non-Cohort",4454
"15246",237,3,780.40,"2010-06-02 11:28:00","2011-04-15 14:45:00","Non-Cohort",2582
"17601",238,2,412.66,"2010-11-24 14:29:00","2011-04-14 18:02:00","Non-Cohort",4659
"13120",238,1,30.60,"2011-04-15 10:19:00","2011-04-15 10:19:00","Non-Cohort",695
"12769",238,1,1143.60,"2011-04-15 10:25:00","2011-04-15 10:25:00","Non-Cohort",387
"15212",238,2,195.43,"2010-11-28 10:45:00","2011-04-14 13:12:00","Non-Cohort",2552
"14154",238,8,6263.60,"2010-01-13 12:47:00","2011-04-14 16:26:00","Non-Cohort",1610
"14619",238,2,1276.31,"2010-06-16 14:41:00","2011-04-14 17:13:00","Non-Cohort",2015
"16957",238,2,416.64,"2011-03-03 09:25:00","2011-04-14 13:56:00","Non-Cohort",4102
"12639",238,3,1072.37,"2010-03-22 09:05:00","2011-04-15 12:48:00","Non-Cohort",267
"12582",238,4,1820.40,"2010-05-11 09:55:00","2011-04-15 08:45:00","Non-Cohort",215
"15230",238,2,429.60,"2011-04-13 11:04:00","2011-04-14 14:39:00","Non-Cohort",2568
"17362",238,7,1010.54,"2010-01-06 10:53:00","2011-04-14 14:43:00","Non-Cohort",4451
"17142",238,4,1275.25,"2010-01-24 15:23:00","2011-04-14 18:22:00","Non-Cohort",4265
"14206",238,3,1145.21,"2010-11-02 11:37:00","2011-04-14 16:38:00","Non-Cohort",1654
"15935",238,1,-200.78,"2009-12-08 17:23:00","2011-04-14 13:27:00","Non-Cohort",3197
"13221",239,2,844.86,"2010-12-15 13:24:00","2011-04-13 16:58:00","Non-Cohort",786
"16097",239,1,185.05,"2011-04-13 13:47:00","2011-04-13 13:47:00","Non-Cohort",3341
"12982",239,8,2562.12,"2010-04-12 13:50:00","2011-04-14 10:49:00","Non-Cohort",572
"15139",239,2,178.96,"2011-01-07 12:44:00","2011-04-14 11:39:00","Non-Cohort",2491
"15363",240,2,670.16,"2010-08-04 08:41:00","2011-04-12 15:48:00","Non-Cohort",2685
"17278",240,2,271.24,"2010-05-23 13:49:00","2011-04-12 13:10:00","Non-Cohort",4382
"13740",240,5,1582.77,"2009-12-02 12:22:00","2011-04-13 10:32:00","Non-Cohort",1243
"15777",240,7,1732.16,"2010-05-20 10:37:00","2011-04-12 16:43:00","Non-Cohort",3060
"13484",240,3,767.32,"2010-03-10 11:46:00","2011-04-12 16:30:00","Non-Cohort",1016
"15109",240,3,961.90,"2009-12-04 12:33:00","2011-04-13 09:53:00","Non-Cohort",2463
"16697",240,1,112.75,"2011-04-12 17:12:00","2011-04-12 17:12:00","Non-Cohort",3875
"14669",241,7,3216.78,"2009-12-02 13:06:00","2011-04-12 11:43:00","Non-Cohort",2064
"17972",241,1,135.19,"2011-04-12 12:16:00","2011-04-12 12:16:00","Non-Cohort",4979
"18129",242,1,112.55,"2011-04-10 14:16:00","2011-04-10 14:16:00","Non-Cohort",5106
"12447",242,1,431.49,"2011-04-10 13:25:00","2011-04-10 13:25:00","Non-Cohort",90
"17574",242,1,185.65,"2011-04-11 09:47:00","2011-04-11 09:47:00","Non-Cohort",4633
"14616",242,5,527.78,"2010-06-09 09:42:00","2011-04-11 09:54:00","Non-Cohort",2013
"16552",242,2,379.73,"2010-12-01 12:36:00","2011-04-11 10:04:00","Non-Cohort",3750
"13501",242,3,2840.26,"2010-05-18 13:24:00","2011-04-11 09:35:00","Non-Cohort",1033
"13570",242,1,239.49,"2011-04-10 13:36:00","2011-04-10 13:36:00","Non-Cohort",1093
"13508",243,2,287.05,"2010-03-07 11:58:00","2011-04-10 11:58:00","Non-Cohort",1040
"15775",244,2,150.50,"2010-03-18 07:32:00","2011-04-08 12:56:00","Non-Cohort",3058
"13863",244,4,1217.63,"2010-04-25 13:09:00","2011-04-08 17:03:00","Non-Cohort",1351
"14924",245,3,931.01,"2010-03-10 12:51:00","2011-04-08 09:25:00","Non-Cohort",2295
"16643",245,2,915.56,"2010-10-13 09:47:00","2011-04-08 08:24:00","Non-Cohort",3828
"17035",245,4,568.39,"2009-12-03 10:37:00","2011-04-08 11:23:00","Non-Cohort",4167
"15119",245,1,266.40,"2011-04-08 09:08:00","2011-04-08 09:08:00","Non-Cohort",2473
"14981",245,2,313.52,"2010-10-12 11:04:00","2011-04-07 13:45:00","Non-Cohort",2344
"16623",245,4,1002.49,"2010-04-26 14:04:00","2011-04-08 10:09:00","Non-Cohort",3811
"16010",245,11,1692.91,"2010-10-24 10:54:00","2011-04-08 10:14:00","Non-Cohort",3264
"13718",245,2,306.55,"2011-02-17 11:58:00","2011-04-07 13:24:00","Non-Cohort",1223
"17438",246,5,1412.62,"2010-03-08 16:53:00","2011-04-06 17:16:00","Non-Cohort",4516
"17140",246,1,454.12,"2011-04-06 13:33:00","2011-04-06 13:33:00","Non-Cohort",4264
"14220",246,4,1515.00,"2010-05-19 13:26:00","2011-04-06 13:23:00","Non-Cohort",1667
"16144",246,1,175.20,"2011-04-07 10:09:00","2011-04-07 10:09:00","Non-Cohort",3383
"14964",246,1,206.21,"2011-04-06 14:13:00","2011-04-06 14:13:00","Non-Cohort",2327
"12580",246,2,962.90,"2010-05-12 11:45:00","2011-04-07 10:24:00","Non-Cohort",213
"13712",246,2,766.42,"2010-04-08 11:16:00","2011-04-07 12:33:00","Non-Cohort",1218
"16378",246,3,362.95,"2011-02-02 12:42:00","2011-04-06 15:07:00","Non-Cohort",3591
"14465",246,11,3925.85,"2010-01-07 15:03:00","2011-04-07 12:38:00","Non-Cohort",1879
"17906",246,1,72.90,"2011-04-06 17:25:00","2011-04-06 17:25:00","Non-Cohort",4921
"17492",247,3,1122.42,"2010-07-09 13:27:00","2011-04-05 15:21:00","Non-Cohort",4563
"14747",247,1,294.30,"2011-04-04 14:09:00","2011-04-06 10:17:00","Non-Cohort",2134
"15917",247,5,530.17,"2009-12-02 14:55:00","2011-04-06 10:40:00","Non-Cohort",3182
"15442",248,1,594.00,"2011-04-05 12:24:00","2011-04-05 12:24:00","Non-Cohort",2755
"18108",248,3,842.46,"2009-12-02 12:47:00","2011-04-05 08:25:00","Non-Cohort",5087
"18185",248,1,304.25,"2011-04-04 13:42:00","2011-04-04 13:42:00","Non-Cohort",5160
"17956",248,1,12.75,"2011-04-04 13:47:00","2011-04-04 13:47:00","Non-Cohort",4965
"16105",248,5,2386.19,"2010-04-14 13:27:00","2011-04-05 10:13:00","Non-Cohort",3349
"16586",248,3,1462.78,"2010-03-14 11:24:00","2011-04-05 09:32:00","Non-Cohort",3778
"13059",249,10,2261.22,"2010-03-31 12:23:00","2011-04-04 10:40:00","Non-Cohort",641
"16142",249,1,535.34,"2011-04-04 10:16:00","2011-04-04 10:16:00","Non-Cohort",3381
"16297",249,1,278.55,"2011-03-16 08:29:00","2011-04-04 08:50:00","Non-Cohort",3516
"12755",249,11,2629.50,"2009-12-02 10:55:00","2011-04-04 10:12:00","Non-Cohort",374
"13781",250,3,770.88,"2009-12-18 15:46:00","2011-04-03 12:08:00","Non-Cohort",1279
"15691",251,4,511.80,"2009-12-06 16:01:00","2011-04-01 15:13:00","Non-Cohort",2980
"16162",251,1,37.40,"2011-04-01 15:03:00","2011-04-01 15:03:00","Non-Cohort",3398
"13626",252,2,689.49,"2010-11-25 16:12:00","2011-04-01 10:05:00","Non-Cohort",1142
"15589",252,3,456.58,"2011-02-02 10:46:00","2011-04-01 11:22:00","Non-Cohort",2884
"17212",252,3,794.41,"2010-08-10 09:22:00","2011-03-31 19:42:00","Non-Cohort",4325
"17580",252,5,538.07,"2010-10-13 14:28:00","2011-04-01 12:41:00","Non-Cohort",4639
"14886",252,1,364.80,"2011-04-01 08:56:00","2011-04-01 08:56:00","Non-Cohort",2260
"17701",252,1,417.95,"2011-04-01 12:25:00","2011-04-01 12:25:00","Non-Cohort",4751
"15894",252,2,257.60,"2010-12-05 14:06:00","2011-03-31 13:50:00","Non-Cohort",3164
"13841",252,1,85.00,"2011-04-01 12:10:00","2011-04-01 12:10:00","Non-Cohort",1331
"14957",252,2,261.69,"2010-03-05 10:50:00","2011-03-31 17:59:00","Non-Cohort",2320
"15832",253,1,836.79,"2011-03-30 15:29:00","2011-03-30 15:29:00","Non-Cohort",3110
"16619",253,4,1916.53,"2010-02-22 12:05:00","2011-03-31 12:20:00","Non-Cohort",3807
"14890",253,3,817.25,"2010-02-18 09:00:00","2011-03-31 11:57:00","Non-Cohort",2264
"13060",253,1,307.53,"2011-03-31 11:37:00","2011-03-31 11:37:00","Non-Cohort",642
"15424",253,3,597.78,"2010-09-02 17:17:00","2011-03-30 13:02:00","Non-Cohort",2740
"14479",253,4,1124.71,"2009-12-06 13:48:00","2011-03-31 09:07:00","Non-Cohort",1891
"14256",253,5,2384.14,"2010-01-14 10:35:00","2011-03-30 16:39:00","Non-Cohort",1699
"15528",253,1,229.33,"2011-03-30 16:14:00","2011-03-30 16:14:00","Non-Cohort",2829
"13043",253,1,471.57,"2011-03-11 14:52:00","2011-03-31 12:14:00","Non-Cohort",626
"13803",254,3,1319.11,"2010-03-31 10:00:00","2011-03-29 12:57:00","Non-Cohort",1298
"13439",254,3,986.61,"2010-07-01 14:36:00","2011-03-29 14:20:00","Non-Cohort",976
"15353",254,7,2772.57,"2009-12-02 10:46:00","2011-03-30 12:15:00","Non-Cohort",2678
"16980",254,3,1422.83,"2010-10-07 14:05:00","2011-03-29 16:36:00","Non-Cohort",4120
"17775",254,1,56.40,"2011-03-30 10:50:00","2011-03-30 10:50:00","Non-Cohort",4813
"15032",255,8,10515.05,"2009-12-10 15:27:00","2011-03-28 15:30:00","Non-Cohort",2390
"16692",255,4,1764.70,"2010-09-24 11:31:00","2011-03-28 14:46:00","Non-Cohort",3870
"14476",256,1,193.00,"2011-03-27 15:39:00","2011-03-27 15:39:00","Non-Cohort",1889
"13649",256,6,1453.68,"2010-06-30 16:35:00","2011-03-28 11:51:00","Non-Cohort",1162
"18010",256,1,174.80,"2011-03-28 12:27:00","2011-03-28 12:27:00","Non-Cohort",5005
"13357",256,5,3795.01,"2010-03-22 14:30:00","2011-03-27 13:56:00","Non-Cohort",903
"12792",256,2,715.01,"2010-06-23 10:49:00","2011-03-28 11:36:00","Non-Cohort",409
"13368",256,4,986.10,"2010-10-12 10:43:00","2011-03-28 09:59:00","Non-Cohort",914
"15083",256,1,88.20,"2011-03-28 12:18:00","2011-03-28 12:18:00","Non-Cohort",2438
"16256",257,3,1559.57,"2010-04-21 10:34:00","2011-03-27 12:14:00","Non-Cohort",3481
"18071",257,6,1169.68,"2009-12-05 10:31:00","2011-03-27 11:59:00","Non-Cohort",5055
"13452",258,3,729.80,"2010-08-24 09:53:00","2011-03-25 14:19:00","Non-Cohort",986
"16769",259,4,1117.05,"2009-12-14 11:10:00","2011-03-24 13:41:00","Non-Cohort",3937
"15178",259,1,40.50,"2011-03-24 15:12:00","2011-03-24 15:12:00","Non-Cohort",2522
"16063",259,1,335.32,"2011-03-24 14:55:00","2011-03-24 14:56:00","Non-Cohort",3312
"14536",259,1,170.95,"2011-03-25 12:21:00","2011-03-25 12:21:00","Non-Cohort",1945
"16022",259,1,602.63,"2011-03-24 13:16:00","2011-03-24 13:16:00","Non-Cohort",3275
"14348",259,1,409.57,"2011-03-24 16:23:00","2011-03-24 16:23:00","Non-Cohort",1777
"13341",260,1,775.85,"2011-03-24 09:50:00","2011-03-24 09:50:00","Non-Cohort",888
"17698",260,1,154.95,"2011-03-24 11:34:00","2011-03-24 11:34:00","Non-Cohort",4748
"13512",260,4,713.39,"2010-05-05 13:22:00","2011-03-24 10:03:00","Non-Cohort",1044
"16250",260,3,565.24,"2010-11-18 10:43:00","2011-03-23 15:07:00","Non-Cohort",3477
"17486",260,1,396.87,"2011-03-23 14:00:00","2011-03-23 14:00:00","Non-Cohort",4557
"12564",260,1,402.90,"2011-03-23 14:55:00","2011-03-23 14:55:00","Non-Cohort",198
"13239",261,5,1579.84,"2010-07-25 13:34:00","2011-03-23 10:25:00","Non-Cohort",802
"15457",261,1,237.07,"2011-03-22 15:31:00","2011-03-22 15:31:00","Non-Cohort",2768
"13132",261,1,77.30,"2011-03-23 12:44:00","2011-03-23 12:44:00","Non-Cohort",707
"12831",261,3,451.11,"2010-09-02 15:58:00","2011-03-22 13:02:00","Non-Cohort",444
"16721",261,1,292.47,"2011-03-22 16:08:00","2011-03-22 16:08:00","Non-Cohort",3894
"12811",261,4,893.90,"2010-10-08 12:20:00","2011-03-23 10:55:00","Non-Cohort",424
"17102",261,1,25.50,"2011-03-23 10:08:00","2011-03-23 10:08:00","Non-Cohort",4231
"15437",261,2,393.45,"2010-03-09 10:45:00","2011-03-22 13:11:00","Non-Cohort",2752
"18191",261,2,529.40,"2010-08-19 17:42:00","2011-03-23 12:08:00","Non-Cohort",5166
"17507",261,2,605.58,"2011-02-03 18:08:00","2011-03-23 11:48:00","Non-Cohort",4575
"14870",261,6,1794.60,"2010-01-25 09:05:00","2011-03-23 10:51:00","Non-Cohort",2245
"13262",262,3,573.45,"2010-04-18 12:14:00","2011-03-21 15:06:00","Non-Cohort",820
"16135",262,2,819.45,"2010-05-05 09:35:00","2011-03-22 12:30:00","Non-Cohort",3375
"14632",262,1,114.56,"2011-03-22 08:49:00","2011-03-22 08:49:00","Non-Cohort",2028
"17763",262,4,51.15,"2010-02-18 14:32:00","2011-03-21 14:25:00","Non-Cohort",4802
"16427",262,2,241.06,"2011-02-28 15:18:00","2011-03-21 17:10:00","Non-Cohort",3635
"15408",263,1,267.18,"2011-03-20 15:02:00","2011-03-20 15:02:00","Non-Cohort",2725
"17230",263,18,9159.45,"2009-12-08 13:41:00","2011-03-20 16:12:00","Non-Cohort",4343
"13934",263,1,922.10,"2011-03-21 08:39:00","2011-03-21 08:39:00","Non-Cohort",1411
"16096",263,4,1584.97,"2010-03-04 15:44:00","2011-03-20 13:38:00","Non-Cohort",3340
"15445",263,2,284.50,"2010-04-28 15:00:00","2011-03-20 15:06:00","Non-Cohort",2758
"14762",263,2,417.57,"2010-03-23 15:36:00","2011-03-21 08:20:00","Non-Cohort",2149
"17678",263,2,579.81,"2010-04-15 13:54:00","2011-03-21 11:52:00","Non-Cohort",4733
"18224",263,1,158.95,"2011-03-21 10:30:00","2011-03-21 10:30:00","Non-Cohort",5198
"15703",264,1,211.50,"2011-03-20 10:51:00","2011-03-20 10:51:00","Non-Cohort",2992
"16402",264,2,293.45,"2010-12-05 13:42:00","2011-03-20 12:25:00","Non-Cohort",3612
"14693",264,7,1139.86,"2010-07-02 08:28:00","2011-03-20 12:50:00","Non-Cohort",2086
"12902",264,1,138.68,"2011-03-20 12:06:00","2011-03-20 12:06:00","Non-Cohort",503
"14633",265,1,344.90,"2011-03-18 17:07:00","2011-03-18 17:07:00","Non-Cohort",2029
"17060",265,1,234.24,"2011-03-18 13:27:00","2011-03-18 13:27:00","Non-Cohort",4191
"14155",265,1,118.75,"2011-03-18 14:13:00","2011-03-18 14:13:00","Non-Cohort",1611
"14041",265,1,141.41,"2011-03-18 13:25:00","2011-03-18 13:25:00","Non-Cohort",1505
"14081",266,10,4747.52,"2009-12-10 18:27:00","2011-03-17 14:24:00","Non-Cohort",1544
"16716",266,3,1568.28,"2010-03-19 11:05:00","2011-03-18 10:03:00","Non-Cohort",3890
"12514",266,2,1597.76,"2010-03-08 12:18:00","2011-03-17 16:38:00","Non-Cohort",153
"13093",266,55,53283.30,"2009-12-04 10:32:00","2011-03-17 17:16:00","Non-Cohort",671
"14066",266,1,152.55,"2011-03-18 12:21:00","2011-03-18 12:21:00","Non-Cohort",1529
"16976",266,1,251.52,"2011-03-17 16:33:00","2011-03-17 16:33:00","Non-Cohort",4117
"16216",266,1,914.93,"2011-03-17 15:34:00","2011-03-17 15:34:00","Non-Cohort",3447
"13707",266,5,3365.86,"2010-06-21 11:57:00","2011-03-17 18:03:00","Non-Cohort",1213
"16377",266,2,1308.48,"2010-04-01 10:36:00","2011-03-17 15:41:00","Non-Cohort",3590
"15019",266,1,252.81,"2011-03-18 12:35:00","2011-03-18 12:35:00","Non-Cohort",2378
"14059",266,1,183.60,"2011-03-18 10:06:00","2011-03-18 10:06:00","Non-Cohort",1523
"13072",266,1,177.15,"2011-03-18 08:12:00","2011-03-18 08:12:00","Non-Cohort",653
"12845",266,4,354.09,"2011-02-22 14:10:00","2011-03-17 13:34:00","Non-Cohort",457
"15695",266,4,1131.04,"2010-01-27 10:56:00","2011-03-18 08:32:00","Non-Cohort",2984
"14840",267,2,340.21,"2010-06-18 15:42:00","2011-03-17 12:00:00","Non-Cohort",2217
"13299",267,3,1173.30,"2010-06-29 11:30:00","2011-03-16 12:55:00","Non-Cohort",851
"13185",267,1,71.40,"2011-03-17 11:56:00","2011-03-17 11:56:00","Non-Cohort",755
"13216",267,1,333.74,"2011-03-17 12:18:00","2011-03-17 12:18:00","Non-Cohort",781
"13358",268,1,389.03,"2011-03-16 11:52:00","2011-03-16 11:52:00","Non-Cohort",904
"16061",268,1,44.95,"2010-10-04 15:29:00","2011-03-15 14:41:00","Non-Cohort",3310
"13716",268,1,138.28,"2011-03-15 13:49:00","2011-03-15 13:49:00","Non-Cohort",1221
"13261",268,2,944.10,"2011-02-27 10:41:00","2011-03-16 12:22:00","Non-Cohort",819
"16152",268,1,1829.04,"2011-03-16 09:47:00","2011-03-16 09:47:00","Non-Cohort",3390
"13121",268,1,254.73,"2011-03-15 16:47:00","2011-03-15 16:51:00","Non-Cohort",696
"16392",269,3,755.45,"2010-05-27 11:17:00","2011-03-15 12:11:00","Non-Cohort",3602
"15388",269,1,140.54,"2011-03-14 13:53:00","2011-03-14 13:53:00","Non-Cohort",2707
"16037",269,5,1489.44,"2010-03-01 12:31:00","2011-03-15 09:13:00","Non-Cohort",3290
"15047",269,1,343.62,"2011-03-15 10:49:00","2011-03-15 10:49:00","Non-Cohort",2404
"17542",269,3,340.85,"2010-03-08 12:08:00","2011-03-15 11:45:00","Non-Cohort",4607
"14962",270,4,366.91,"2010-05-04 14:57:00","2011-03-14 09:42:00","Non-Cohort",2325
"15308",270,1,302.27,"2011-03-10 13:08:00","2011-03-14 12:24:00","Non-Cohort",2639
"13708",270,1,283.33,"2011-03-13 13:46:00","2011-03-13 13:46:00","Non-Cohort",1214
"14350",270,3,947.80,"2010-10-05 15:52:00","2011-03-14 12:27:00","Non-Cohort",1779
"13226",272,2,312.46,"2010-11-11 13:46:00","2011-03-11 14:35:00","Non-Cohort",791
"16766",272,2,1145.60,"2011-03-11 13:34:00","2011-03-11 15:22:00","Non-Cohort",3934
"14727",273,3,291.13,"2010-06-11 13:23:00","2011-03-10 14:45:00","Non-Cohort",2118
"14114",273,7,1364.09,"2010-04-12 11:07:00","2011-03-11 09:42:00","Non-Cohort",1575
"18086",273,1,101.34,"2011-03-10 13:34:00","2011-03-10 13:34:00","Non-Cohort",5067
"15049",273,1,121.17,"2011-03-11 12:13:00","2011-03-11 12:13:00","Non-Cohort",2406
"13133",273,3,200.45,"2010-09-06 15:30:00","2011-03-11 10:31:00","Non-Cohort",708
"15057",274,5,3184.56,"2009-12-05 15:27:00","2011-03-09 15:17:00","Non-Cohort",2414
"14603",274,1,660.00,"2011-03-10 10:27:00","2011-03-10 10:27:00","Non-Cohort",2005
"16625",274,5,1651.08,"2010-06-14 11:56:00","2011-03-10 12:50:00","Non-Cohort",3813
"16471",274,4,1186.18,"2010-02-25 10:07:00","2011-03-10 09:41:00","Non-Cohort",3677
"13493",274,2,498.63,"2011-02-25 16:42:00","2011-03-09 15:35:00","Non-Cohort",1025
"12881",275,1,298.00,"2011-03-09 11:44:00","2011-03-09 11:44:00","Non-Cohort",487
"14165",275,1,120.44,"2011-03-09 12:39:00","2011-03-09 12:39:00","Non-Cohort",1621
"17138",275,7,4417.27,"2010-02-04 14:19:00","2011-03-09 11:54:00","Non-Cohort",4262
"12623",275,7,3315.84,"2010-01-12 11:45:00","2011-03-08 13:50:00","Non-Cohort",253
"17639",275,6,615.17,"2010-08-13 11:59:00","2011-03-08 15:22:00","Non-Cohort",4695
"14048",276,3,713.89,"2010-11-22 14:08:00","2011-03-07 13:49:00","Non-Cohort",1512
"16517",276,1,162.70,"2011-03-07 13:50:00","2011-03-07 13:50:00","Non-Cohort",3717
"13345",276,1,327.60,"2011-02-25 09:01:00","2011-03-08 08:34:00","Non-Cohort",892
"15869",276,3,321.11,"2010-03-23 16:50:00","2011-03-07 17:23:00","Non-Cohort",3144
"16598",276,1,140.70,"2011-02-27 11:42:00","2011-03-07 13:42:00","Non-Cohort",3788
"15944",276,4,2164.24,"2009-12-13 12:57:00","2011-03-08 10:33:00","Non-Cohort",3205
"16917",276,2,1842.93,"2009-12-11 13:07:00","2011-03-08 11:55:00","Non-Cohort",4066
"15234",276,1,197.00,"2011-03-08 08:53:00","2011-03-08 08:53:00","Non-Cohort",2571
"17654",276,1,117.55,"2011-03-07 13:17:00","2011-03-07 13:17:00","Non-Cohort",4709
"18280",277,2,472.45,"2010-11-10 15:51:00","2011-03-07 09:52:00","Non-Cohort",5250
"12614",277,1,315.60,"2011-03-07 10:22:00","2011-03-07 10:22:00","Non-Cohort",244
"15554",277,1,217.20,"2011-03-07 09:00:00","2011-03-07 09:00:00","Non-Cohort",2854
"14012",277,1,328.80,"2011-03-07 12:26:00","2011-03-07 12:26:00","Non-Cohort",1476
"14247",277,5,750.61,"2010-06-06 15:07:00","2011-03-06 15:21:00","Non-Cohort",1693
"17325",279,3,609.57,"2010-03-08 11:31:00","2011-03-04 13:09:00","Non-Cohort",4420
"14670",279,3,583.33,"2009-12-07 13:59:00","2011-03-04 14:13:00","Non-Cohort",2065
"17535",279,1,164.40,"2011-03-04 15:20:00","2011-03-04 15:20:00","Non-Cohort",4600
"12817",280,3,570.98,"2010-10-01 08:57:00","2011-03-03 16:28:00","Non-Cohort",430
"13715",280,17,8108.09,"2010-03-11 15:33:00","2011-03-03 19:21:00","Non-Cohort",1220
"15257",280,2,600.90,"2010-10-21 14:03:00","2011-03-03 13:57:00","Non-Cohort",2592
"14570",280,3,512.40,"2010-09-22 13:07:00","2011-03-04 10:58:00","Non-Cohort",1977
"13382",280,5,1387.58,"2009-12-08 09:56:00","2011-03-04 10:03:00","Non-Cohort",923
"17508",280,8,4546.78,"2009-12-07 11:46:00","2011-03-04 08:10:00","Non-Cohort",4576
"14779",280,3,386.15,"2011-01-20 12:04:00","2011-03-04 12:42:00","Non-Cohort",2166
"17789",280,2,397.15,"2010-02-16 13:16:00","2011-03-03 13:14:00","Non-Cohort",4825
"16159",281,4,1230.29,"2009-12-03 11:51:00","2011-03-03 12:27:00","Non-Cohort",3395
"13166",281,2,873.43,"2010-10-21 14:29:00","2011-03-02 14:28:00","Non-Cohort",738
"17995",281,3,495.48,"2010-11-17 17:01:00","2011-03-03 12:30:00","Non-Cohort",4996
"17923",281,3,497.00,"2010-06-13 13:58:00","2011-03-02 15:15:00","Non-Cohort",4937
"15087",281,1,306.94,"2011-03-03 10:34:00","2011-03-03 10:34:00","Non-Cohort",2441
"12873",281,3,2027.30,"2010-01-27 09:50:00","2011-03-02 14:58:00","Non-Cohort",481
"12565",281,1,131.17,"2011-02-24 10:34:00","2011-03-03 11:43:00","Non-Cohort",199
"16792",281,5,623.46,"2010-01-04 13:47:00","2011-03-02 14:41:00","Non-Cohort",3955
"15733",282,1,162.30,"2011-03-02 09:05:00","2011-03-02 09:05:00","Non-Cohort",3019
"12834",282,1,312.38,"2011-03-02 09:49:00","2011-03-02 09:49:00","Non-Cohort",447
"13497",282,6,1139.83,"2010-02-08 10:27:00","2011-03-02 09:04:00","Non-Cohort",1029
"12866",282,3,1092.35,"2010-07-25 11:37:00","2011-03-01 14:11:00","Non-Cohort",475
"15456",282,10,2091.52,"2009-12-08 12:54:00","2011-03-01 13:51:00","Non-Cohort",2767
"16078",283,2,362.99,"2010-02-08 13:29:00","2011-03-01 09:47:00","Non-Cohort",3324
"14046",283,1,151.59,"2011-02-28 14:48:00","2011-02-28 14:48:00","Non-Cohort",1510
"15319",283,1,204.50,"2011-03-01 12:48:00","2011-03-01 12:48:00","Non-Cohort",2650
"16339",283,1,94.05,"2011-02-28 13:41:00","2011-02-28 13:41:00","Non-Cohort",3555
"12509",283,1,158.50,"2011-02-28 14:45:00","2011-02-28 14:45:00","Non-Cohort",149
"17165",283,6,1783.63,"2009-12-11 09:18:00","2011-02-28 16:39:00","Non-Cohort",4286
"15709",283,2,327.85,"2010-04-29 18:31:00","2011-03-01 10:38:00","Non-Cohort",2998
"14036",284,1,626.65,"2011-02-28 09:26:00","2011-02-28 09:26:00","Non-Cohort",1500
"13684",285,4,544.42,"2010-03-28 14:48:00","2011-02-27 10:25:00","Non-Cohort",1192
"13973",286,1,264.70,"2011-02-25 15:21:00","2011-02-25 15:21:00","Non-Cohort",1442
"12361",286,4,451.25,"2010-01-26 14:37:00","2011-02-25 13:51:00","Non-Cohort",15
"17117",287,1,116.20,"2011-02-24 13:54:00","2011-02-24 13:54:00","Non-Cohort",4244
"16072",287,4,4180.09,"2010-06-08 16:47:00","2011-02-24 14:32:00","Non-Cohort",3319
"18056",287,2,539.75,"2010-03-31 12:29:00","2011-02-24 14:27:00","Non-Cohort",5043
"16997",287,3,702.00,"2011-01-18 11:51:00","2011-02-24 17:28:00","Non-Cohort",4133
"13751",287,1,296.25,"2011-02-24 15:56:00","2011-02-24 15:56:00","Non-Cohort",1252
"13753",287,4,2094.57,"2009-12-03 10:20:00","2011-02-25 12:48:00","Non-Cohort",1254
"12945",287,2,900.11,"2010-02-21 15:18:00","2011-02-24 14:15:00","Non-Cohort",541
"15543",287,2,242.26,"2010-09-06 11:28:00","2011-02-24 15:26:00","Non-Cohort",2843
"17171",288,2,384.59,"2010-02-16 12:02:00","2011-02-23 16:37:00","Non-Cohort",4290
"18068",288,1,101.70,"2011-02-23 14:50:00","2011-02-23 14:50:00","Non-Cohort",5052
"12852",289,1,299.75,"2011-02-18 08:47:00","2011-02-22 14:56:00","Non-Cohort",463
"17499",289,2,1296.84,"2010-05-27 09:59:00","2011-02-23 09:14:00","Non-Cohort",4567
"15303",289,3,1178.78,"2010-01-25 09:42:00","2011-02-22 13:59:00","Non-Cohort",2634
"15397",289,1,94.00,"2011-02-23 09:25:00","2011-02-23 09:25:00","Non-Cohort",2715
"16913",289,3,423.91,"2010-02-26 12:06:00","2011-02-22 12:56:00","Non-Cohort",4062
"18114",289,1,220.10,"2011-02-22 13:20:00","2011-02-22 13:20:00","Non-Cohort",5092
"16349",290,1,53.50,"2011-02-22 12:40:00","2011-02-22 12:40:00","Non-Cohort",3564
"13044",290,11,4818.35,"2010-01-08 14:46:00","2011-02-21 15:20:00","Non-Cohort",627
"12365",290,1,320.69,"2011-02-21 13:51:00","2011-02-21 13:51:00","Non-Cohort",19
"16546",290,5,4421.04,"2010-09-23 15:43:00","2011-02-22 11:20:00","Non-Cohort",3744
"12988",291,1,505.82,"2011-02-20 14:31:00","2011-02-20 14:31:00","Non-Cohort",577
"12707",291,1,603.42,"2011-02-21 08:38:00","2011-02-21 08:38:00","Non-Cohort",330
"16073",291,1,94.35,"2011-02-15 15:41:00","2011-02-21 12:33:00","Non-Cohort",3320
"14760",293,1,53.80,"2011-02-15 16:27:00","2011-02-18 14:36:00","Non-Cohort",2147
"16765",293,2,454.75,"2010-11-22 13:42:00","2011-02-18 15:41:00","Non-Cohort",3933
"18138",294,1,152.65,"2011-02-17 14:51:00","2011-02-17 14:51:00","Non-Cohort",5115
"13932",294,1,307.40,"2011-02-18 12:02:00","2011-02-18 12:02:00","Non-Cohort",1409
"14371",294,1,100.50,"2011-02-17 16:35:00","2011-02-17 16:35:00","Non-Cohort",1796
"16148",295,2,370.37,"2009-12-17 19:06:00","2011-02-16 14:01:00","Non-Cohort",3387
"14176",296,5,753.56,"2010-11-23 13:21:00","2011-02-15 13:12:00","Non-Cohort",1630
"14386",296,1,142.40,"2011-02-16 09:45:00","2011-02-16 09:45:00","Non-Cohort",1809
"15670",296,2,315.20,"2010-06-01 15:34:00","2011-02-16 10:50:00","Non-Cohort",2961
"16494",296,1,826.53,"2011-02-16 12:49:00","2011-02-16 12:49:00","Non-Cohort",3698
"16509",296,1,363.70,"2011-02-16 09:25:00","2011-02-16 09:25:00","Non-Cohort",3711
"14935",296,2,2849.83,"2010-03-30 11:48:00","2011-02-15 14:44:00","Non-Cohort",2303
"16738",297,1,3.75,"2011-02-15 09:46:00","2011-02-15 09:46:00","Non-Cohort",3909
"13893",297,1,821.10,"2011-02-15 11:30:00","2011-02-15 11:30:00","Non-Cohort",1378
"16897",298,2,213.03,"2011-01-30 11:52:00","2011-02-13 15:45:00","Non-Cohort",4046
"17829",298,5,4680.42,"2010-02-22 15:39:00","2011-02-14 12:46:00","Non-Cohort",4856
"14431",298,4,2567.10,"2010-01-21 10:49:00","2011-02-14 10:56:00","Non-Cohort",1848
"16084",298,1,436.18,"2011-02-13 16:05:00","2011-02-13 16:05:00","Non-Cohort",3330
"15236",298,1,321.05,"2011-02-14 10:52:00","2011-02-14 10:52:00","Non-Cohort",2573
"15638",300,6,2137.20,"2010-01-27 11:44:00","2011-02-11 15:12:00","Non-Cohort",2930
"13672",300,3,233.53,"2009-12-09 11:40:00","2011-02-11 13:53:00","Non-Cohort",1181
"18250",300,1,342.92,"2011-02-02 13:16:00","2011-02-11 13:59:00","Non-Cohort",5222
"12943",300,2,489.00,"2010-04-13 11:03:00","2011-02-11 15:13:00","Non-Cohort",539
"18159",300,1,530.15,"2011-02-11 14:26:00","2011-02-11 14:26:00","Non-Cohort",5135
"12410",300,3,761.46,"2010-07-25 13:26:00","2011-02-11 15:47:00","Non-Cohort",56
"17334",300,3,634.73,"2010-10-29 12:16:00","2011-02-11 16:34:00","Non-Cohort",4427
"14497",300,2,679.16,"2010-02-04 09:59:00","2011-02-11 15:20:00","Non-Cohort",1908
"16725",301,13,1675.41,"2009-12-13 15:54:00","2011-02-10 16:52:00","Non-Cohort",3897
"16425",301,1,302.70,"2011-02-10 14:30:00","2011-02-10 14:30:00","Non-Cohort",3633
"16403",301,1,161.05,"2011-01-31 13:39:00","2011-02-10 16:40:00","Non-Cohort",3613
"17850",301,155,50407.77,"2009-12-05 12:28:00","2011-02-10 14:38:00","Non-Cohort",4875
"13819",301,6,2631.10,"2009-12-01 16:18:00","2011-02-11 10:38:00","Non-Cohort",1313
"16405",301,2,167.25,"2011-02-02 17:08:00","2011-02-10 15:24:00","Non-Cohort",3615
"17358",302,5,861.01,"2010-02-24 16:42:00","2011-02-09 16:57:00","Non-Cohort",4447
"17843",302,2,312.65,"2010-10-24 10:56:00","2011-02-09 15:33:00","Non-Cohort",4869
"12561",302,1,238.85,"2011-02-10 11:39:00","2011-02-10 11:39:00","Non-Cohort",196
"13706",302,2,631.17,"2010-03-23 09:18:00","2011-02-10 09:21:00","Non-Cohort",1212
"12401",302,1,69.30,"2011-02-09 13:50:00","2011-02-09 13:50:00","Non-Cohort",48
"15970",303,2,1017.32,"2010-04-20 11:30:00","2011-02-09 12:08:00","Non-Cohort",3227
"15843",303,1,118.95,"2011-02-09 10:19:00","2011-02-09 10:19:00","Non-Cohort",3120
"17881",303,1,133.35,"2011-02-08 17:16:00","2011-02-08 17:16:00","Non-Cohort",4898
"15753",304,1,79.20,"2011-02-08 12:41:00","2011-02-08 12:41:00","Non-Cohort",3038
"17859",304,1,141.92,"2011-02-08 10:32:00","2011-02-08 10:32:00","Non-Cohort",4881
"13809",304,3,679.70,"2010-09-05 11:42:00","2011-02-07 13:15:00","Non-Cohort",1303
"14438",305,1,131.90,"2011-02-06 14:56:00","2011-02-06 14:56:00","Non-Cohort",1854
"15808",305,21,17038.95,"2009-12-01 16:30:00","2011-02-06 14:33:00","Non-Cohort",3088
"14600",305,2,865.17,"2010-11-11 15:56:00","2011-02-07 09:48:00","Non-Cohort",2002
"12956",305,4,521.89,"2009-12-15 19:03:00","2011-02-06 16:08:00","Non-Cohort",552
"13584",306,3,340.40,"2010-02-02 08:40:00","2011-02-06 12:49:00","Non-Cohort",1103
"17392",306,3,579.92,"2010-09-15 16:17:00","2011-02-06 12:48:00","Non-Cohort",4477
"13963",307,17,2748.32,"2010-04-21 16:20:00","2011-02-04 14:43:00","Non-Cohort",1435
"17291",307,1,550.80,"2011-02-04 13:04:00","2011-02-04 13:04:00","Non-Cohort",4393
"15090",307,1,381.32,"2011-02-04 14:03:00","2011-02-04 14:03:00","Non-Cohort",2444
"17226",308,3,895.47,"2010-02-12 14:31:00","2011-02-04 11:52:00","Non-Cohort",4339
"13581",308,2,280.53,"2010-10-21 16:30:00","2011-02-03 14:41:00","Non-Cohort",1101
"17517",308,1,153.94,"2011-02-04 11:48:00","2011-02-04 11:48:00","Non-Cohort",4585
"17223",309,3,523.04,"2010-11-29 17:19:00","2011-02-02 15:57:00","Non-Cohort",4336
"13800",309,3,1679.56,"2009-12-03 10:03:00","2011-02-03 12:27:00","Non-Cohort",1295
"16030",309,1,331.24,"2011-02-03 11:28:00","2011-02-03 11:28:00","Non-Cohort",3283
"12350",309,1,294.40,"2011-02-02 16:01:00","2011-02-02 16:01:00","Non-Cohort",5
"17912",309,6,356.20,"2010-11-29 13:53:00","2011-02-02 14:25:00","Non-Cohort",4926
"14549",310,4,913.60,"2009-12-02 14:06:00","2011-02-01 13:47:00","Non-Cohort",1958
"14411",310,1,1063.00,"2011-02-02 10:56:00","2011-02-02 10:56:00","Non-Cohort",1831
"15226",310,1,154.41,"2011-02-02 11:41:00","2011-02-02 11:41:00","Non-Cohort",2564
"15107",310,9,752.60,"2010-09-14 10:47:00","2011-02-01 14:46:00","Non-Cohort",2461
"12559",310,2,500.21,"2011-01-24 10:12:00","2011-02-02 09:49:00","Non-Cohort",194
"15940",310,1,4.00,"2010-10-26 18:17:00","2011-02-01 16:18:00","Non-Cohort",3201
"12373",310,3,927.65,"2010-02-04 12:08:00","2011-02-01 13:10:00","Non-Cohort",26
"14457",310,1,113.64,"2011-02-02 09:39:00","2011-02-02 09:39:00","Non-Cohort",1872
"17356",311,5,946.47,"2010-01-20 12:14:00","2011-02-01 11:07:00","Non-Cohort",4445
"15881",311,5,438.24,"2010-12-10 13:32:00","2011-01-31 16:59:00","Non-Cohort",3153
"14496",311,7,2341.54,"2010-03-16 13:15:00","2011-02-01 09:01:00","Non-Cohort",1907
"13506",311,5,1308.53,"2010-09-05 12:33:00","2011-01-31 15:27:00","Non-Cohort",1038
"14627",311,1,406.40,"2009-12-11 14:08:00","2011-02-01 10:49:00","Non-Cohort",2023
"14850",311,7,1599.76,"2010-05-20 13:28:00","2011-02-01 11:21:00","Non-Cohort",2225
"13600",311,2,518.42,"2010-03-15 17:16:00","2011-01-31 15:27:00","Non-Cohort",1118
"17619",311,1,214.37,"2011-01-31 14:18:00","2011-01-31 14:18:00","Non-Cohort",4676
"13494",311,1,316.26,"2011-02-01 11:58:00","2011-02-01 11:58:00","Non-Cohort",1026
"13161",312,2,472.13,"2010-07-27 12:44:00","2011-01-30 14:03:00","Non-Cohort",733
"15415",312,1,559.61,"2011-01-30 14:13:00","2011-01-30 14:13:00","Non-Cohort",2732
"17431",312,1,403.30,"2011-01-30 14:36:00","2011-01-30 14:36:00","Non-Cohort",4510
"17239",312,4,1174.15,"2009-12-10 15:58:00","2011-01-31 09:41:00","Non-Cohort",4352
"15448",312,2,788.81,"2010-02-03 13:29:00","2011-01-31 10:42:00","Non-Cohort",2760
"18095",312,5,2303.09,"2010-04-19 14:09:00","2011-01-31 12:50:00","Non-Cohort",5075
"13615",312,8,6212.23,"2010-01-28 15:43:00","2011-01-31 11:29:00","Non-Cohort",1132
"17062",313,6,880.81,"2010-09-26 11:57:00","2011-01-30 11:01:00","Non-Cohort",4193
"12735",314,2,689.57,"2011-01-06 14:26:00","2011-01-28 13:37:00","Non-Cohort",356
"12501",314,1,1945.68,"2011-01-07 12:28:00","2011-01-28 13:54:00","Non-Cohort",142
"12377",314,4,3266.32,"2010-04-29 15:34:00","2011-01-28 15:45:00","Non-Cohort",29
"13328",315,1,1308.48,"2011-01-27 15:22:00","2011-01-27 15:22:00","Non-Cohort",878
"16124",315,4,1709.39,"2009-12-07 10:33:00","2011-01-27 16:05:00","Non-Cohort",3367
"12574",315,1,182.45,"2011-01-28 09:20:00","2011-01-28 09:20:00","Non-Cohort",207
"15661",316,8,1215.95,"2010-05-10 07:59:00","2011-01-26 13:56:00","Non-Cohort",2952
"12764",316,1,1693.88,"2011-01-27 10:19:00","2011-01-27 10:19:00","Non-Cohort",383
"16714",316,3,1209.38,"2009-12-01 11:50:00","2011-01-26 13:46:00","Non-Cohort",3888
"12591",316,3,1114.95,"2010-10-27 10:42:00","2011-01-26 14:35:00","Non-Cohort",224
"14248",317,3,1032.95,"2010-07-12 14:27:00","2011-01-25 14:45:00","Non-Cohort",1694
"13002",317,3,414.13,"2010-10-01 11:58:00","2011-01-25 15:18:00","Non-Cohort",590
"13703",317,2,99.50,"2010-10-20 13:11:00","2011-01-25 13:10:00","Non-Cohort",1209
"17094",317,2,370.40,"2010-10-12 10:48:00","2011-01-25 17:24:00","Non-Cohort",4224
"17118",317,1,157.02,"2011-01-26 12:19:00","2011-01-26 12:19:00","Non-Cohort",4245
"16222",317,2,1272.05,"2009-12-18 14:31:00","2011-01-25 13:38:00","Non-Cohort",3453
"15052",318,1,207.73,"2011-01-24 15:52:00","2011-01-24 15:52:00","Non-Cohort",2409
"15222",318,11,3415.66,"2009-12-16 13:49:00","2011-01-25 08:03:00","Non-Cohort",2561
"15213",318,2,325.05,"2011-01-14 11:05:00","2011-01-25 12:25:00","Non-Cohort",2553
"16757",318,2,270.48,"2010-10-26 15:09:00","2011-01-25 11:59:00","Non-Cohort",3925
"14130",318,4,1858.77,"2009-12-11 16:33:00","2011-01-24 16:05:00","Non-Cohort",1589
"13551",318,2,244.20,"2010-02-11 15:01:00","2011-01-24 14:46:00","Non-Cohort",1076
"14782",319,1,200.10,"2011-01-24 11:12:00","2011-01-24 11:12:00","Non-Cohort",2168
"14439",319,5,9443.04,"2010-01-21 14:01:00","2011-01-24 11:39:00","Non-Cohort",1855
"14368",319,1,155.00,"2011-01-24 09:52:00","2011-01-24 09:52:00","Non-Cohort",1793
"14068",319,4,1493.32,"2010-01-31 10:10:00","2011-01-23 16:02:00","Non-Cohort",1531
"15820",319,1,206.98,"2011-01-24 12:00:00","2011-01-24 12:00:00","Non-Cohort",3099
"15167",320,5,1627.62,"2010-02-04 14:13:00","2011-01-23 12:41:00","Non-Cohort",2514
"17714",320,5,1376.58,"2010-07-14 10:41:00","2011-01-23 10:32:00","Non-Cohort",4762
"12829",321,3,345.35,"2010-06-07 15:04:00","2011-01-21 12:56:00","Non-Cohort",442
"12652",321,2,885.58,"2010-10-01 15:16:00","2011-01-21 17:01:00","Non-Cohort",280
"12402",322,6,1124.15,"2010-02-07 12:41:00","2011-01-20 13:49:00","Non-Cohort",49
"15174",322,2,481.46,"2010-10-25 09:40:00","2011-01-21 09:06:00","Non-Cohort",2518
"17890",322,2,586.89,"2010-12-13 15:12:00","2011-01-21 11:19:00","Non-Cohort",4906
"13284",322,1,196.15,"2011-01-13 09:23:00","2011-01-21 10:25:00","Non-Cohort",839
"15422",322,7,1615.02,"2010-02-07 11:52:00","2011-01-20 16:17:00","Non-Cohort",2738
"16387",322,5,882.46,"2010-03-11 12:22:00","2011-01-21 11:34:00","Non-Cohort",3598
"13008",322,3,543.28,"2009-12-16 16:07:00","2011-01-20 14:24:00","Non-Cohort",596
"15262",323,3,418.82,"2010-08-08 15:55:00","2011-01-20 12:16:00","Non-Cohort",2597
"17862",323,4,1254.89,"2010-05-25 17:22:00","2011-01-20 12:23:00","Non-Cohort",4883
"13693",324,9,1966.32,"2009-12-07 11:29:00","2011-01-18 15:23:00","Non-Cohort",1200
"14090",324,1,76.32,"2011-01-19 10:51:00","2011-01-19 10:51:00","Non-Cohort",1552
"15171",324,1,1034.50,"2011-01-12 15:36:00","2011-01-19 12:39:00","Non-Cohort",2516
"12665",324,3,247.45,"2010-02-08 15:11:00","2011-01-19 08:34:00","Non-Cohort",292
"14238",325,3,434.23,"2009-12-05 10:58:00","2011-01-17 14:40:00","Non-Cohort",1684
"13898",325,2,686.40,"2010-10-24 15:42:00","2011-01-18 10:28:00","Non-Cohort",1383
"13859",325,2,515.86,"2010-06-28 15:36:00","2011-01-17 16:14:00","Non-Cohort",1347
"18212",325,2,514.37,"2010-01-31 14:42:00","2011-01-17 16:14:00","Non-Cohort",5186
"18233",325,1,440.00,"2011-01-18 08:44:00","2011-01-18 08:44:00","Non-Cohort",5207
"15395",325,1,107.45,"2011-01-18 12:40:00","2011-01-18 12:40:00","Non-Cohort",2713
"12346",325,3,169.36,"2010-03-02 13:08:00","2011-01-18 10:17:00","Non-Cohort",1
"15316",326,1,165.00,"2011-01-17 11:34:00","2011-01-17 11:34:00","Non-Cohort",2647
"12872",326,12,3276.81,"2009-12-03 20:03:00","2011-01-17 10:52:00","Non-Cohort",480
"17406",329,13,3874.00,"2009-12-06 13:45:00","2011-01-13 12:52:00","Non-Cohort",4489
"12672",329,2,380.50,"2010-04-23 09:57:00","2011-01-14 09:20:00","Non-Cohort",298
"15100",329,7,1750.10,"2010-01-07 14:33:00","2011-01-13 17:09:00","Non-Cohort",2454
"13385",329,1,534.57,"2011-01-14 09:52:00","2011-01-14 09:52:00","Non-Cohort",926
"18106",329,6,1441.06,"2010-01-15 11:36:00","2011-01-14 12:23:00","Non-Cohort",5085
"18085",329,4,1341.85,"2010-03-21 11:57:00","2011-01-13 15:17:00","Non-Cohort",5066
"15510",330,1,250.00,"2011-01-13 12:10:00","2011-01-13 12:10:00","Non-Cohort",2813
"16315",330,2,402.71,"2010-06-21 13:53:00","2011-01-13 11:57:00","Non-Cohort",3532
"14185",330,1,197.65,"2011-01-12 13:52:00","2011-01-12 13:52:00","Non-Cohort",1637
"15447",330,5,484.93,"2010-03-24 14:40:00","2011-01-13 11:26:00","Non-Cohort",2759
"14270",331,1,492.65,"2011-01-12 09:33:00","2011-01-12 09:33:00","Non-Cohort",1712
"17569",331,1,344.14,"2011-01-11 14:15:00","2011-01-11 14:15:00","Non-Cohort",4629
"13144",332,2,135.35,"2010-10-04 14:14:00","2011-01-11 11:15:00","Non-Cohort",719
"16351",332,13,3279.13,"2009-12-04 16:12:00","2011-01-11 10:26:00","Non-Cohort",3566
"12736",332,1,144.00,"2011-01-11 07:57:00","2011-01-11 07:57:00","Non-Cohort",357
"15346",332,3,591.65,"2010-10-04 15:11:00","2011-01-11 11:18:00","Non-Cohort",2673
"15326",333,5,1529.82,"2009-12-01 13:19:00","2011-01-10 11:38:00","Non-Cohort",2657
"16850",333,1,332.41,"2011-01-10 11:09:00","2011-01-10 11:09:00","Non-Cohort",4008
"18032",333,1,73.50,"2011-01-09 15:32:00","2011-01-09 15:32:00","Non-Cohort",5023
"17128",334,1,157.09,"2011-01-09 12:02:00","2011-01-09 12:02:00","Non-Cohort",4254
"12651",334,4,365.30,"2010-08-31 15:21:00","2011-01-09 12:46:00","Non-Cohort",279
"12793",334,3,745.53,"2010-11-03 13:05:00","2011-01-09 12:12:00","Non-Cohort",410
"15649",335,4,1660.35,"2010-11-17 16:22:00","2011-01-07 13:34:00","Non-Cohort",2940
"14889",335,1,135.90,"2011-01-07 15:19:00","2011-01-07 15:19:00","Non-Cohort",2263
"12489",335,1,298.93,"2011-01-07 13:13:00","2011-01-07 13:13:00","Non-Cohort",130
"15823",336,2,3047.76,"2009-12-08 15:12:00","2011-01-06 12:58:00","Non-Cohort",3102
"15607",336,9,1616.37,"2010-01-08 12:16:00","2011-01-07 12:44:00","Non-Cohort",2901
"13187",336,4,309.66,"2010-03-25 17:18:00","2011-01-06 18:57:00","Non-Cohort",757
"15266",337,5,852.21,"2010-01-07 12:19:00","2011-01-05 13:40:00","Non-Cohort",2601
"15464",337,1,1044.65,"2011-01-05 15:56:00","2011-01-05 15:56:00","Non-Cohort",2773
"12386",337,2,401.90,"2010-12-08 09:53:00","2011-01-06 12:37:00","Non-Cohort",36
"16282",339,3,1307.58,"2009-12-21 11:52:00","2011-01-04 11:42:00","Non-Cohort",3502
"13537",425,2,717.85,"2010-09-14 10:41:00","2010-10-10 12:45:00","Non-Cohort",1067
"17465",425,7,2533.64,"2009-12-03 13:25:00","2010-10-10 11:56:00","Non-Cohort",4540
"17518",425,2,329.42,"2010-03-28 13:31:00","2010-10-10 12:40:00","Non-Cohort",4586
"12862",425,2,984.62,"2010-08-01 15:20:00","2010-10-10 11:47:00","Non-Cohort",471
"15177",425,1,948.93,"2010-10-10 12:48:00","2010-10-10 12:48:00","Non-Cohort",2521
"14564",426,2,2519.32,"2009-12-04 09:27:00","2010-10-08 14:20:00","Non-Cohort",1972
"14186",426,5,1550.63,"2010-03-05 11:17:00","2010-10-08 13:30:00","Non-Cohort",1638
"13406",426,2,557.22,"2010-03-18 07:29:00","2010-10-08 14:44:00","Non-Cohort",944
"14322",426,4,384.30,"2010-02-18 08:49:00","2010-10-08 13:14:00","Non-Cohort",1754
"14425",426,3,635.89,"2009-12-02 11:31:00","2010-10-08 14:24:00","Non-Cohort",1843
"13360",427,4,1464.10,"2010-01-08 11:16:00","2010-10-07 19:28:00","Non-Cohort",906
"16111",427,1,549.33,"2010-10-07 19:51:00","2010-10-07 19:51:00","Non-Cohort",3355
"15080",427,2,546.25,"2010-07-26 10:03:00","2010-10-08 11:52:00","Non-Cohort",2435
"16329",427,4,1664.92,"2009-12-01 11:34:00","2010-10-08 12:44:00","Non-Cohort",3546
"15614",427,4,3008.86,"2009-12-01 11:48:00","2010-10-07 17:23:00","Non-Cohort",2908
"15600",427,4,1178.71,"2010-04-25 11:50:00","2010-10-07 14:30:00","Non-Cohort",2894
"17196",427,1,327.75,"2010-10-08 11:31:00","2010-10-08 11:31:00","Non-Cohort",4313
"14266",427,1,40.56,"2010-10-07 13:32:00","2010-10-07 13:32:00","Non-Cohort",1708
"16166",427,2,327.48,"2010-01-17 14:16:00","2010-10-07 15:44:00","Non-Cohort",3402
"15931",427,1,239.90,"2010-10-07 16:46:00","2010-10-07 16:46:00","Non-Cohort",3194
"13567",427,4,1074.19,"2010-06-16 12:48:00","2010-10-07 12:51:00","Non-Cohort",1090
"16269",427,1,714.59,"2010-09-28 11:50:00","2010-10-07 16:17:00","Non-Cohort",3491
"16568",427,2,1020.90,"2010-03-08 14:51:00","2010-10-08 10:54:00","Non-Cohort",3764
"14909",427,3,1380.98,"2010-02-14 15:47:00","2010-10-07 16:47:00","Non-Cohort",2281
"13257",427,1,117.95,"2010-09-29 14:58:00","2010-10-08 12:27:00","Non-Cohort",815
"13785",428,4,542.49,"2010-09-05 16:01:00","2010-10-07 09:25:00","Non-Cohort",1283
"12903",428,1,833.53,"2010-10-07 12:39:00","2010-10-07 12:39:00","Non-Cohort",504
"13861",428,2,251.31,"2010-06-27 11:37:00","2010-10-06 14:20:00","Non-Cohort",1349
"17127",428,5,1155.03,"2009-12-04 15:18:00","2010-10-07 09:54:00","Non-Cohort",4253
"17008",428,1,81.36,"2010-10-06 15:19:00","2010-10-06 15:19:00","Non-Cohort",4142
"13423",428,1,217.03,"2010-10-07 09:02:00","2010-10-07 09:02:00","Non-Cohort",960
"16307",428,3,1194.92,"2010-05-11 14:40:00","2010-10-06 14:31:00","Non-Cohort",3526
"17249",428,1,68.03,"2010-10-07 11:33:00","2010-10-07 11:33:00","Non-Cohort",4361
"14118",428,1,458.45,"2010-10-07 11:59:00","2010-10-07 11:59:00","Non-Cohort",1579
"13556",428,2,200.82,"2010-09-30 09:01:00","2010-10-06 16:44:00","Non-Cohort",1080
"15736",429,2,1668.67,"2010-09-30 14:19:00","2010-10-05 19:59:00","Non-Cohort",3021
"13818",429,1,61.28,"2010-10-06 12:35:00","2010-10-06 12:35:00","Non-Cohort",1312
"16760",429,1,228.00,"2010-10-05 15:55:00","2010-10-05 15:55:00","Non-Cohort",3928
"14120",429,NULL,NULL,"2010-10-05 19:12:00","2010-10-05 19:12:00","Non-Cohort",1580
"15490",429,1,181.35,"2010-10-05 13:11:00","2010-10-05 13:14:00","Non-Cohort",2797
"14492",429,7,1574.36,"2010-03-30 14:23:00","2010-10-05 13:21:00","Non-Cohort",1903
"17657",429,1,126.00,"2010-10-05 14:52:00","2010-10-05 14:52:00","Non-Cohort",4712
"13306",429,1,53.65,"2010-10-05 14:55:00","2010-10-05 14:55:00","Non-Cohort",856
"14663",429,2,490.60,"2010-10-05 13:12:00","2010-10-05 13:21:00","Non-Cohort",2058
"16300",429,3,1367.32,"2010-02-02 11:40:00","2010-10-05 13:14:00","Non-Cohort",3519
"14991",429,1,314.67,"2010-10-05 13:01:00","2010-10-05 13:01:00","Non-Cohort",2353
"12975",429,6,1993.99,"2009-12-06 10:38:00","2010-10-05 19:03:00","Non-Cohort",566
"13022",429,1,50.30,"2010-10-06 10:50:00","2010-10-06 10:50:00","Non-Cohort",607
"16490",429,1,179.16,"2010-09-29 16:30:00","2010-10-05 19:52:00","Non-Cohort",3694
"13674",429,1,215.88,"2010-10-03 10:41:00","2010-10-06 11:15:00","Non-Cohort",1183
"15778",430,1,307.95,"2010-10-04 15:10:00","2010-10-04 15:10:00","Non-Cohort",3061
"14302",430,3,742.90,"2009-12-02 08:16:00","2010-10-05 08:10:00","Non-Cohort",1739
"14169",430,2,613.11,"2010-09-21 13:39:00","2010-10-05 08:45:00","Non-Cohort",1624
"18244",430,2,568.64,"2010-07-25 10:30:00","2010-10-05 11:15:00","Non-Cohort",5217
"12768",431,1,0.00,"2010-09-15 12:08:00","2010-10-04 12:48:00","Non-Cohort",386
"13367",431,1,460.20,"2010-10-04 10:00:00","2010-10-04 10:00:00","Non-Cohort",913
"13920",431,4,1734.88,"2010-05-26 15:48:00","2010-10-04 12:37:00","Non-Cohort",1399
"13326",431,1,281.76,"2010-10-03 16:00:00","2010-10-03 16:00:00","Non-Cohort",876
"16799",431,2,447.83,"2010-09-12 12:46:00","2010-10-03 14:28:00","Non-Cohort",3960
"16312",431,1,171.15,"2010-10-03 14:15:00","2010-10-03 14:15:00","Non-Cohort",3530
"18284",431,1,411.68,"2010-10-04 11:33:00","2010-10-04 11:33:00","Non-Cohort",5254
"14392",431,1,266.40,"2010-10-03 12:56:00","2010-10-03 12:56:00","Non-Cohort",1815
"16331",431,6,2037.70,"2010-03-07 10:55:00","2010-10-03 13:47:00","Non-Cohort",3548
"15859",431,1,438.46,"2010-10-03 12:52:00","2010-10-03 12:52:00","Non-Cohort",3134
"14579",431,1,105.56,"2010-10-03 14:36:00","2010-10-03 14:36:00","Non-Cohort",1984
"15884",431,2,244.60,"2009-12-03 18:23:00","2010-10-03 15:55:00","Non-Cohort",3156
"12486",431,1,917.28,"2010-10-04 12:14:00","2010-10-04 12:14:00","Non-Cohort",127
"14455",431,4,587.12,"2010-08-01 13:26:00","2010-10-03 15:48:00","Non-Cohort",1870
"14254",432,1,601.03,"2010-10-03 11:52:00","2010-10-03 11:52:00","Non-Cohort",1698
"13380",432,1,62.40,"2010-10-03 10:18:00","2010-10-03 10:18:00","Non-Cohort",921
"14310",432,1,492.10,"2010-10-03 12:34:00","2010-10-03 12:34:00","Non-Cohort",1745
"15196",432,2,313.70,"2009-12-13 11:14:00","2010-10-03 10:50:00","Non-Cohort",2539
"15190",433,1,834.44,"2010-10-01 13:09:00","2010-10-01 13:09:00","Non-Cohort",2533
"16864",433,2,409.25,"2010-04-20 11:56:00","2010-10-01 16:16:00","Non-Cohort",4020
"17380",433,3,643.75,"2010-06-23 11:24:00","2010-10-01 16:42:00","Non-Cohort",4466
"16472",433,2,789.60,"2010-04-21 11:48:00","2010-10-01 13:56:00","Non-Cohort",3678
"15451",433,2,226.86,"2010-04-19 14:08:00","2010-10-01 13:40:00","Non-Cohort",2763
"18266",433,1,251.10,"2010-10-01 15:33:00","2010-10-01 15:33:00","Non-Cohort",5237
"15420",433,6,743.00,"2009-12-05 13:29:00","2010-10-01 15:46:00","Non-Cohort",2736
"12696",434,2,731.91,"2010-07-19 10:02:00","2010-10-01 10:43:00","Non-Cohort",321
"14742",434,1,579.85,"2010-09-30 14:07:00","2010-09-30 14:07:00","Non-Cohort",2130
"13966",434,1,384.26,"2010-09-30 13:08:00","2010-09-30 13:08:00","Non-Cohort",1437
"14269",434,1,261.68,"2010-09-26 12:53:00","2010-09-30 18:19:00","Non-Cohort",1711
"17533",434,1,34.80,"2010-10-01 09:14:00","2010-10-01 09:14:00","Non-Cohort",4598
"16044",434,1,340.84,"2010-09-30 18:12:00","2010-09-30 18:12:00","Non-Cohort",3296
"16958",434,1,778.49,"2010-09-30 14:25:00","2010-09-30 14:25:00","Non-Cohort",4103
"14225",434,4,2009.17,"2010-01-12 15:02:00","2010-10-01 10:32:00","Non-Cohort",1672
"16522",435,2,433.36,"2010-09-15 13:32:00","2010-09-30 10:54:00","Non-Cohort",3721
"13729",435,3,676.43,"2010-01-24 14:57:00","2010-09-30 10:44:00","Non-Cohort",1234
"14707",435,2,139.20,"2010-05-12 11:07:00","2010-09-30 11:37:00","Non-Cohort",2100
"17257",435,2,189.78,"2010-09-29 12:49:00","2010-09-29 12:51:00","Non-Cohort",4368
"12661",435,1,162.00,"2010-09-29 16:46:00","2010-09-29 16:46:00","Non-Cohort",288
"14230",435,3,979.80,"2010-06-09 13:56:00","2010-09-30 09:07:00","Non-Cohort",1677
"13105",435,1,72.00,"2010-09-29 13:41:00","2010-09-29 13:41:00","Non-Cohort",681
"13281",436,1,306.45,"2010-04-27 11:00:00","2010-09-28 18:43:00","Non-Cohort",836
"14843",436,1,211.80,"2010-09-29 12:39:00","2010-09-29 12:39:00","Non-Cohort",2220
"13701",436,1,159.55,"2010-09-19 12:39:00","2010-09-28 18:34:00","Non-Cohort",1207
"13797",436,3,1168.45,"2010-03-02 12:17:00","2010-09-29 10:34:00","Non-Cohort",1292
"13433",436,4,656.87,"2010-01-12 08:59:00","2010-09-28 18:46:00","Non-Cohort",970
"12964",436,1,132.24,"2010-09-28 17:47:00","2010-09-28 17:47:00","Non-Cohort",557
"12946",436,1,324.45,"2010-09-29 10:14:00","2010-09-29 10:14:00","Non-Cohort",542
"16783",436,1,391.95,"2010-09-29 11:53:00","2010-09-29 11:53:00","Non-Cohort",3949
"16237",436,1,136.65,"2010-09-28 17:02:00","2010-09-28 17:02:00","Non-Cohort",3465
"15871",436,1,33.10,"2010-09-28 14:16:00","2010-09-28 14:16:00","Non-Cohort",3146
"18049",436,2,500.50,"2010-04-28 13:24:00","2010-09-28 14:26:00","Non-Cohort",5038
"14634",437,4,1971.82,"2010-05-04 10:16:00","2010-09-28 10:40:00","Non-Cohort",2030
"16636",437,4,3802.04,"2010-03-03 14:06:00","2010-09-27 13:13:00","Non-Cohort",3822
"15616",437,1,317.11,"2010-09-27 13:10:00","2010-09-27 13:10:00","Non-Cohort",2910
"17280",437,1,118.86,"2010-09-27 16:46:00","2010-09-27 16:46:00","Non-Cohort",4384
"14228",437,3,745.50,"2010-06-11 12:29:00","2010-09-28 09:45:00","Non-Cohort",1675
"16264",437,2,823.53,"2010-09-19 16:14:00","2010-09-27 15:00:00","Non-Cohort",3486
"13687",437,1,11880.84,"2010-09-27 16:30:00","2010-09-27 16:30:00","Non-Cohort",1195
"14611",438,2,599.38,"2010-04-20 10:19:00","2010-09-26 16:07:00","Non-Cohort",2011
"14094",439,1,310.82,"2010-09-26 11:58:00","2010-09-26 12:02:00","Non-Cohort",1556
"17743",441,1,208.85,"2010-09-17 14:54:00","2010-09-23 15:01:00","Non-Cohort",4786
"18107",441,1,165.88,"2010-09-23 13:03:00","2010-09-23 13:03:00","Non-Cohort",5086
"16675",441,2,608.86,"2010-08-18 13:11:00","2010-09-24 12:15:00","Non-Cohort",3857
"17021",441,6,1182.22,"2010-04-29 20:05:00","2010-09-23 20:01:00","Non-Cohort",4154
"14992",441,1,210.50,"2010-09-23 17:48:00","2010-09-23 17:48:00","Non-Cohort",2354
"13264",442,1,722.56,"2010-09-23 12:42:00","2010-09-23 12:42:00","Non-Cohort",822
"14372",442,2,830.18,"2009-12-14 13:43:00","2010-09-22 16:17:00","Non-Cohort",1797
"16857",442,1,352.80,"2010-09-23 10:49:00","2010-09-23 10:49:00","Non-Cohort",4014
"15761",442,1,143.05,"2010-09-23 09:33:00","2010-09-23 09:33:00","Non-Cohort",3045
"13205",442,1,2803.20,"2010-09-22 16:26:00","2010-09-22 16:26:00","Non-Cohort",773
"13288",442,5,892.16,"2010-02-11 14:59:00","2010-09-22 16:32:00","Non-Cohort",843
"17161",443,1,856.01,"2010-09-21 16:44:00","2010-09-21 16:44:00","Non-Cohort",4282
"14182",443,4,660.07,"2010-04-22 15:36:00","2010-09-22 11:45:00","Non-Cohort",1635
"14933",443,4,885.00,"2010-09-21 17:29:00","2010-09-22 10:47:00","Non-Cohort",2301
"17840",443,1,175.90,"2010-09-22 12:24:00","2010-09-22 12:24:00","Non-Cohort",4866
"13424",443,1,557.92,"2010-09-16 10:49:00","2010-09-21 19:46:00","Non-Cohort",961
"15966",443,1,399.58,"2010-09-15 10:44:00","2010-09-21 19:40:00","Non-Cohort",3224
"16646",443,1,675.05,"2010-09-16 13:28:00","2010-09-21 20:07:00","Non-Cohort",3831
"14668",444,1,111.63,"2010-09-20 15:03:00","2010-09-20 15:03:00","Non-Cohort",2063
"16886",444,1,0.00,"2010-09-09 15:08:00","2010-09-21 11:46:00","Non-Cohort",4037
"12751",444,1,268.27,"2010-09-21 12:49:00","2010-09-21 12:49:00","Non-Cohort",370
"16524",445,2,306.19,"2010-01-17 13:16:00","2010-09-19 13:37:00","Non-Cohort",3723
"13465",445,2,931.12,"2010-05-02 15:30:00","2010-09-19 15:13:00","Non-Cohort",998
"17055",445,1,232.85,"2010-09-20 12:21:00","2010-09-20 12:21:00","Non-Cohort",4186
"13702",445,1,135.18,"2010-09-20 11:40:00","2010-09-20 11:40:00","Non-Cohort",1208
"12850",445,1,330.00,"2010-09-20 12:26:00","2010-09-20 12:26:00","Non-Cohort",461
"18089",446,1,428.45,"2010-09-19 11:57:00","2010-09-19 11:57:00","Non-Cohort",5070
"13998",446,3,566.70,"2010-05-12 13:18:00","2010-09-19 10:20:00","Non-Cohort",1463
"12543",447,1,840.25,"2010-09-17 15:51:00","2010-09-17 15:51:00","Non-Cohort",180
"16371",448,1,157.20,"2010-09-17 12:09:00","2010-09-17 12:09:00","Non-Cohort",3585
"15362",448,2,613.08,"2009-12-01 09:08:00","2010-09-17 10:37:00","Non-Cohort",2684
"15962",448,1,289.48,"2010-09-16 13:48:00","2010-09-16 13:48:00","Non-Cohort",3220
"12554",448,1,384.50,"2010-09-17 12:29:00","2010-09-17 12:29:00","Non-Cohort",190
"13443",448,6,1236.92,"2010-01-31 13:30:00","2010-09-17 12:31:00","Non-Cohort",979
"15629",449,4,2240.90,"2010-06-25 11:39:00","2010-09-15 13:46:00","Non-Cohort",2922
"15685",449,1,55.98,"2010-09-15 13:43:00","2010-09-15 13:43:00","Non-Cohort",2976
"14370",450,6,1092.13,"2010-02-01 08:35:00","2010-09-15 10:53:00","Non-Cohort",1795
"13312",450,1,124.75,"2010-09-14 14:36:00","2010-09-14 14:36:00","Non-Cohort",862
"13041",450,4,799.13,"2010-04-29 08:43:00","2010-09-15 11:44:00","Non-Cohort",624
"17149",450,1,143.10,"2010-09-14 14:56:00","2010-09-14 14:56:00","Non-Cohort",4271
"17801",450,3,767.48,"2010-01-17 11:31:00","2010-09-14 14:32:00","Non-Cohort",4837
"17132",451,2,1220.91,"2010-08-08 13:49:00","2010-09-13 16:31:00","Non-Cohort",4257
"13129",451,2,233.25,"2010-06-28 11:54:00","2010-09-13 13:47:00","Non-Cohort",704
"15401",451,2,216.95,"2010-05-20 10:56:00","2010-09-13 13:42:00","Non-Cohort",2719
"13613",452,5,1039.85,"2010-02-17 12:40:00","2010-09-13 12:01:00","Non-Cohort",1130
"16860",452,3,1593.67,"2010-02-15 13:46:00","2010-09-13 10:05:00","Non-Cohort",4016
"13250",452,2,245.59,"2010-07-25 14:01:00","2010-09-13 10:43:00","Non-Cohort",812
"15824",452,2,890.94,"2010-06-25 15:10:00","2010-09-12 13:20:00","Non-Cohort",3103
"14635",453,1,215.22,"2010-09-12 10:47:00","2010-09-12 10:47:00","Non-Cohort",2031
"16608",453,2,1286.62,"2010-02-14 11:57:00","2010-09-12 11:44:00","Non-Cohort",3796
"16815",453,2,406.02,"2010-06-21 12:05:00","2010-09-12 10:59:00","Non-Cohort",3975
"13965",454,3,777.66,"2010-01-05 15:21:00","2010-09-10 16:46:00","Non-Cohort",1436
"15972",455,5,1769.33,"2010-04-18 14:06:00","2010-09-09 13:20:00","Non-Cohort",3229
"12460",455,1,296.65,"2010-09-09 13:51:00","2010-09-09 13:51:00","Non-Cohort",103
"17762",455,1,129.75,"2010-09-09 17:40:00","2010-09-09 17:40:00","Non-Cohort",4801
"15077",455,2,2423.88,"2009-12-09 17:10:00","2010-09-09 18:20:00","Non-Cohort",2432
"14444",455,1,120.44,"2010-09-09 18:56:00","2010-09-09 18:56:00","Non-Cohort",1860
"17369",455,1,979.20,"2010-09-10 09:49:00","2010-09-10 09:49:00","Non-Cohort",4456
"14445",455,1,221.65,"2010-09-10 11:09:00","2010-09-10 11:09:00","Non-Cohort",1861
"16032",455,6,1965.72,"2010-07-04 13:31:00","2010-09-09 18:00:00","Non-Cohort",3285
"16095",455,1,447.05,"2010-09-09 16:54:00","2010-09-09 16:54:00","Non-Cohort",3339
"12760",455,1,317.80,"2010-09-10 08:50:00","2010-09-10 08:50:00","Non-Cohort",379
"12440",456,2,648.15,"2009-12-22 12:03:00","2010-09-08 15:57:00","Non-Cohort",84
"12575",456,2,568.82,"2010-07-01 09:15:00","2010-09-08 13:09:00","Non-Cohort",208
"15627",456,2,566.90,"2010-07-05 11:56:00","2010-09-08 14:14:00","Non-Cohort",2920
"13683",457,1,258.60,"2010-09-08 10:00:00","2010-09-08 10:00:00","Non-Cohort",1191
"13076",457,1,135.40,"2010-09-08 10:27:00","2010-09-08 10:27:00","Non-Cohort",656
"12777",457,1,519.45,"2010-09-08 11:35:00","2010-09-08 11:35:00","Non-Cohort",395
"12819",457,1,540.52,"2010-09-07 15:20:00","2010-09-07 15:20:00","Non-Cohort",432
"15741",457,2,208.62,"2010-03-31 11:55:00","2010-09-07 16:21:00","Non-Cohort",3026
"15141",457,7,1378.31,"2010-03-28 15:58:00","2010-09-08 11:33:00","Non-Cohort",2493
"12859",458,1,575.10,"2010-09-07 12:20:00","2010-09-07 12:20:00","Non-Cohort",468
"16246",459,2,821.35,"2010-02-08 12:32:00","2010-09-06 12:04:00","Non-Cohort",3473
"14318",459,1,158.02,"2010-09-05 15:32:00","2010-09-05 15:32:00","Non-Cohort",1751
"14949",459,4,498.55,"2009-12-18 15:28:00","2010-09-06 12:16:00","Non-Cohort",2313
"15461",460,2,391.30,"2009-12-01 11:35:00","2010-09-05 12:31:00","Non-Cohort",2770
"15751",460,11,1318.84,"2009-12-06 13:08:00","2010-09-05 12:44:00","Non-Cohort",3036
"16289",461,1,98.81,"2010-09-03 14:02:00","2010-09-03 14:07:00","Non-Cohort",3509
"15779",462,2,124.08,"2010-06-25 15:55:00","2010-09-02 16:40:00","Non-Cohort",3062
"18182",462,1,291.13,"2010-09-02 14:25:00","2010-09-02 14:25:00","Non-Cohort",5157
"14283",462,4,628.44,"2010-05-19 12:22:00","2010-09-02 14:46:00","Non-Cohort",1722
"14086",462,1,39.95,"2010-09-03 10:52:00","2010-09-03 10:52:00","Non-Cohort",1548
"15191",462,3,588.05,"2010-01-20 12:35:00","2010-09-02 15:37:00","Non-Cohort",2534
"15094",462,2,83.00,"2010-03-05 12:56:00","2010-09-02 16:55:00","Non-Cohort",2448
"16100",462,1,582.64,"2010-09-03 11:39:00","2010-09-03 11:39:00","Non-Cohort",3344
"15378",462,2,246.50,"2010-07-26 08:47:00","2010-09-03 11:30:00","Non-Cohort",2698
"16993",462,2,1688.15,"2010-05-12 13:55:00","2010-09-02 17:45:00","Non-Cohort",4131
"12788",462,4,384.90,"2010-06-29 13:05:00","2010-09-02 14:21:00","Non-Cohort",406
"15564",462,2,70.74,"2010-02-01 15:58:00","2010-09-02 15:52:00","Non-Cohort",2862
"14058",462,2,469.19,"2010-06-27 11:29:00","2010-09-03 09:31:00","Non-Cohort",1522
"13346",462,6,299.40,"2010-04-22 12:34:00","2010-09-03 11:41:00","Non-Cohort",893
"13472",463,2,592.24,"2010-06-02 09:48:00","2010-09-02 09:41:00","Non-Cohort",1005
"17215",463,1,186.15,"2010-09-01 13:39:00","2010-09-01 13:39:00","Non-Cohort",4328
"13024",463,2,535.42,"2010-05-06 14:25:00","2010-09-01 14:55:00","Non-Cohort",609
"12898",463,2,296.21,"2010-02-18 12:36:00","2010-09-02 08:08:00","Non-Cohort",501
"17753",463,4,379.56,"2010-01-06 14:20:00","2010-09-01 15:49:00","Non-Cohort",4794
"13399",463,3,275.40,"2010-07-08 17:47:00","2010-09-01 13:59:00","Non-Cohort",938
"13916",463,4,1260.51,"2009-12-01 11:10:00","2010-09-02 10:04:00","Non-Cohort",1395
"18258",463,6,2040.97,"2010-05-16 11:35:00","2010-09-01 14:20:00","Non-Cohort",5229
"16290",464,4,1957.70,"2010-05-23 11:46:00","2010-09-01 11:52:00","Non-Cohort",3510
"13714",464,1,161.35,"2010-08-31 13:57:00","2010-08-31 13:57:00","Non-Cohort",1219
"12761",464,1,712.95,"2010-09-01 10:47:00","2010-09-01 10:47:00","Non-Cohort",380
"17599",464,1,44.55,"2010-08-19 12:50:00","2010-09-01 12:17:00","Non-Cohort",4657
"14025",464,8,3969.10,"2010-05-05 09:56:00","2010-09-01 10:11:00","Non-Cohort",1489
"16819",464,2,182.59,"2010-08-31 17:31:00","2010-08-31 17:37:00","Non-Cohort",3979
"17145",464,4,3014.64,"2010-02-19 12:07:00","2010-08-31 16:53:00","Non-Cohort",4267
"12771",464,1,206.50,"2010-08-11 11:51:00","2010-09-01 12:34:00","Non-Cohort",389
"12804",465,2,325.37,"2010-07-27 13:52:00","2010-08-31 11:58:00","Non-Cohort",419
"14433",465,1,280.70,"2010-08-31 12:35:00","2010-08-31 12:35:00","Non-Cohort",1850
"17792",466,2,368.35,"2010-08-18 13:08:00","2010-08-29 14:30:00","Non-Cohort",4828
"13540",466,3,632.39,"2010-02-22 09:22:00","2010-08-29 14:20:00","Non-Cohort",1070
"15784",467,2,848.33,"2010-02-05 14:42:00","2010-08-29 10:38:00","Non-Cohort",3067
"15166",467,1,167.16,"2010-08-29 12:31:00","2010-08-29 12:31:00","Non-Cohort",2513
"15430",467,2,903.75,"2010-06-29 15:04:00","2010-08-29 10:42:00","Non-Cohort",2745
"17270",468,2,601.45,"2009-12-07 17:18:00","2010-08-27 14:09:00","Non-Cohort",4377
"16197",468,9,2016.71,"2009-12-16 11:44:00","2010-08-27 12:56:00","Non-Cohort",3430
"16870",468,1,450.16,"2010-08-27 13:53:00","2010-08-27 13:53:00","Non-Cohort",4024
"13478",468,5,2068.03,"2010-01-31 15:51:00","2010-08-27 13:23:00","Non-Cohort",1011
"12800",469,2,500.25,"2010-02-01 11:02:00","2010-08-26 14:11:00","Non-Cohort",416
"16375",469,2,104.00,"2010-08-26 14:12:00","2010-08-26 14:25:00","Non-Cohort",3588
"16288",469,1,129.85,"2010-08-26 14:45:00","2010-08-26 14:45:00","Non-Cohort",3508
"13150",470,3,435.02,"2010-03-19 09:03:00","2010-08-26 10:15:00","Non-Cohort",725
"17963",470,4,643.16,"2010-01-19 17:25:00","2010-08-25 15:58:00","Non-Cohort",4972
"14787",470,1,110.65,"2010-08-25 14:38:00","2010-08-25 14:38:00","Non-Cohort",2173
"17005",470,2,612.41,"2010-04-30 10:52:00","2010-08-26 10:57:00","Non-Cohort",4139
"14026",470,2,713.11,"2010-03-24 14:10:00","2010-08-26 10:31:00","Non-Cohort",1490
"14268",470,1,354.85,"2010-08-26 10:45:00","2010-08-26 10:45:00","Non-Cohort",1710
"14260",470,3,824.28,"2010-06-09 11:23:00","2010-08-25 14:55:00","Non-Cohort",1703
"17292",471,2,271.75,"2010-05-09 14:52:00","2010-08-24 17:14:00","Non-Cohort",4394
"18124",471,1,102.65,"2010-08-24 17:21:00","2010-08-24 17:21:00","Non-Cohort",5101
"17336",471,1,81.12,"2010-08-24 15:37:00","2010-08-24 15:37:00","Non-Cohort",4428
"15666",471,2,632.94,"2010-08-01 15:41:00","2010-08-24 16:14:00","Non-Cohort",2957
"12765",471,6,1299.58,"2010-03-08 09:43:00","2010-08-24 13:51:00","Non-Cohort",384
"13361",471,2,1450.50,"2010-04-01 07:49:00","2010-08-24 14:56:00","Non-Cohort",907
"13123",472,2,506.75,"2010-06-28 12:43:00","2010-08-24 10:18:00","Non-Cohort",698
"16299",472,1,178.65,"2010-08-19 17:46:00","2010-08-24 11:02:00","Non-Cohort",3518
"13415",472,4,665.42,"2009-12-11 14:20:00","2010-08-24 11:38:00","Non-Cohort",952
"15003",472,6,1022.03,"2010-01-26 13:04:00","2010-08-23 15:44:00","Non-Cohort",2363
"16396",472,1,102.70,"2010-08-20 14:17:00","2010-08-23 15:51:00","Non-Cohort",3606
"14767",473,1,382.81,"2010-08-22 14:54:00","2010-08-22 14:54:00","Non-Cohort",2154
"16234",473,3,312.78,"2010-05-27 10:39:00","2010-08-23 10:45:00","Non-Cohort",3462
"14187",473,1,123.50,"2010-08-23 12:06:00","2010-08-23 12:06:00","Non-Cohort",1639
"18140",473,1,536.41,"2010-08-23 11:58:00","2010-08-23 11:58:00","Non-Cohort",5117
"15055",474,3,549.12,"2009-12-16 15:48:00","2010-08-22 11:06:00","Non-Cohort",2412
"16004",474,5,2146.39,"2010-01-25 13:56:00","2010-08-22 11:48:00","Non-Cohort",3258
"17471",474,1,321.65,"2010-08-22 11:53:00","2010-08-22 11:53:00","Non-Cohort",4545
"15702",475,1,112.57,"2010-08-20 14:50:00","2010-08-20 14:50:00","Non-Cohort",2991
"16286",476,2,263.65,"2010-03-26 09:58:00","2010-08-19 14:48:00","Non-Cohort",3506
"18286",476,2,1138.43,"2009-12-16 10:45:00","2010-08-20 11:57:00","Non-Cohort",5256
"16294",476,1,126.05,"2010-08-20 12:01:00","2010-08-20 12:01:00","Non-Cohort",3513
"16890",476,3,277.91,"2010-05-06 16:27:00","2010-08-20 11:23:00","Non-Cohort",4040
"14521",476,1,167.65,"2010-08-05 16:35:00","2010-08-19 13:04:00","Non-Cohort",1931
"16562",476,1,223.86,"2010-08-20 11:45:00","2010-08-20 11:45:00","Non-Cohort",3759
"17699",476,2,442.00,"2010-05-27 11:53:00","2010-08-20 09:39:00","Non-Cohort",4749
"17745",477,2,600.34,"2010-06-02 09:03:00","2010-08-19 12:30:00","Non-Cohort",4788
"12801",477,1,831.87,"2010-07-27 09:38:00","2010-08-19 12:04:00","Non-Cohort",417
"15072",478,1,187.52,"2010-08-17 15:46:00","2010-08-17 15:46:00","Non-Cohort",2427
"15310",478,1,1634.64,"2010-08-18 11:38:00","2010-08-18 11:38:00","Non-Cohort",2641
"17627",478,1,285.11,"2009-12-10 19:08:00","2010-08-18 11:27:00","Non-Cohort",4684
"15268",478,3,941.25,"2010-04-13 11:27:00","2010-08-18 10:33:00","Non-Cohort",2603
"14531",479,1,376.34,"2010-08-17 10:16:00","2010-08-17 10:16:00","Non-Cohort",1940
"14749",479,1,310.15,"2010-08-17 12:36:00","2010-08-17 12:36:00","Non-Cohort",2136
"14011",479,2,451.92,"2010-04-11 13:40:00","2010-08-16 15:31:00","Non-Cohort",1475
"15008",479,2,360.00,"2010-03-12 11:13:00","2010-08-16 13:09:00","Non-Cohort",2368
"14097",480,2,422.86,"2010-03-04 10:46:00","2010-08-15 14:20:00","Non-Cohort",1559
"13063",480,1,188.40,"2010-08-16 12:27:00","2010-08-16 12:27:00","Non-Cohort",645
"14872",480,3,802.68,"2010-03-16 14:41:00","2010-08-16 10:44:00","Non-Cohort",2247
"14996",480,2,442.29,"2010-08-15 13:41:00","2010-08-15 13:44:00","Non-Cohort",2357
"12687",480,1,1858.91,"2010-08-16 12:12:00","2010-08-16 12:12:00","Non-Cohort",312
"15893",481,1,305.28,"2010-08-15 11:12:00","2010-08-15 11:12:00","Non-Cohort",3163
"16631",481,7,1867.02,"2010-02-26 10:49:00","2010-08-15 11:20:00","Non-Cohort",3818
"14153",482,1,233.40,"2010-08-13 14:35:00","2010-08-13 14:35:00","Non-Cohort",1609
"14630",483,1,338.65,"2010-08-12 16:38:00","2010-08-12 16:38:00","Non-Cohort",2026
"12959",483,1,150.95,"2010-08-12 17:20:00","2010-08-12 17:20:00","Non-Cohort",554
"17156",483,1,572.07,"2010-08-05 11:30:00","2010-08-12 15:53:00","Non-Cohort",4277
"13511",483,1,244.61,"2010-02-01 12:10:00","2010-08-13 11:29:00","Non-Cohort",1043
"12542",483,2,423.38,"2010-03-09 16:26:00","2010-08-12 19:12:00","Non-Cohort",179
"14736",484,2,374.05,"2010-08-11 15:13:00","2010-08-11 15:21:00","Non-Cohort",2124
"14822",484,1,157.70,"2010-08-11 12:52:00","2010-08-11 12:52:00","Non-Cohort",2203
"13839",485,1,139.95,"2010-08-10 13:52:00","2010-08-10 13:52:00","Non-Cohort",1330
"16632",485,2,406.40,"2010-05-07 16:46:00","2010-08-11 11:39:00","Non-Cohort",3819
"14144",485,1,30.60,"2010-08-10 15:17:00","2010-08-10 15:17:00","Non-Cohort",1600
"12745",486,2,723.85,"2010-05-14 16:50:00","2010-08-10 10:14:00","Non-Cohort",364
"17482",486,2,775.64,"2010-05-10 14:10:00","2010-08-09 15:33:00","Non-Cohort",4553
"15595",487,1,357.60,"2010-08-09 12:27:00","2010-08-09 12:27:00","Non-Cohort",2889
"15013",487,10,1610.82,"2010-01-31 12:15:00","2010-08-09 12:05:00","Non-Cohort",2372
"14575",487,1,420.22,"2010-08-08 14:51:00","2010-08-08 14:51:00","Non-Cohort",1981
"13783",487,4,1542.09,"2010-02-04 13:47:00","2010-08-09 09:23:00","Non-Cohort",1281
"13084",487,1,116.45,"2010-08-05 08:49:00","2010-08-09 12:40:00","Non-Cohort",664
"13653",487,1,152.20,"2010-08-09 08:19:00","2010-08-09 08:19:00","Non-Cohort",1166
"16939",488,3,433.85,"2010-02-28 13:33:00","2010-08-08 12:24:00","Non-Cohort",4085
"16196",488,1,93.30,"2010-08-08 11:40:00","2010-08-08 11:40:00","Non-Cohort",3429
"15908",490,2,758.62,"2010-07-15 19:21:00","2010-08-06 11:56:00","Non-Cohort",3175
"12525",490,3,745.18,"2009-12-04 10:10:00","2010-08-05 18:09:00","Non-Cohort",163
"14043",490,2,299.65,"2009-12-10 14:34:00","2010-08-05 18:18:00","Non-Cohort",1507
"15403",491,2,170.88,"2009-12-09 12:45:00","2010-08-05 12:21:00","Non-Cohort",2721
"16334",491,1,263.73,"2010-08-04 16:38:00","2010-08-04 16:38:00","Non-Cohort",3551
"15387",491,1,468.65,"2010-08-04 16:05:00","2010-08-04 16:05:00","Non-Cohort",2706
"17665",492,1,563.10,"2010-08-03 13:12:00","2010-08-03 13:12:00","Non-Cohort",4720
"16417",492,1,35.70,"2010-08-04 09:08:00","2010-08-04 09:08:00","Non-Cohort",3627
"14253",492,2,363.40,"2010-03-26 15:08:00","2010-08-03 14:55:00","Non-Cohort",1697
"15873",492,4,138.24,"2010-07-27 11:58:00","2010-08-04 11:51:00","Non-Cohort",3148
"12998",492,3,897.38,"2010-02-24 11:55:00","2010-08-04 08:05:00","Non-Cohort",586
"15798",492,3,1535.37,"2010-01-27 11:55:00","2010-08-04 09:13:00","Non-Cohort",3079
"18207",493,1,505.12,"2010-07-28 14:26:00","2010-08-03 08:58:00","Non-Cohort",5181
"13679",493,3,281.26,"2009-12-04 16:52:00","2010-08-03 12:13:00","Non-Cohort",1187
"15200",494,1,549.05,"2010-08-02 09:38:00","2010-08-02 09:38:00","Non-Cohort",2543
"13766",494,1,190.35,"2010-08-01 14:25:00","2010-08-01 14:25:00","Non-Cohort",1267
"13796",498,1,289.70,"2010-07-28 14:45:00","2010-07-28 14:45:00","Non-Cohort",1291
"17168",498,1,400.20,"2010-07-29 12:33:00","2010-07-29 12:33:00","Non-Cohort",4288
"18264",498,1,603.25,"2010-07-29 10:02:00","2010-07-29 10:02:00","Non-Cohort",5235
"14833",498,1,94.80,"2010-07-29 10:06:00","2010-07-29 10:06:00","Non-Cohort",2212
"16937",498,1,196.25,"2010-07-28 17:56:00","2010-07-28 17:56:00","Non-Cohort",4083
"13371",498,2,2271.46,"2010-03-17 15:29:00","2010-07-29 12:44:00","Non-Cohort",915
"15331",499,3,755.41,"2010-04-09 14:26:00","2010-07-28 09:42:00","Non-Cohort",2661
"15284",499,1,24.75,"2010-07-27 13:25:00","2010-07-27 13:25:00","Non-Cohort",2617
"13855",500,4,1253.94,"2009-12-08 16:56:00","2010-07-27 09:53:00","Non-Cohort",1344
"14384",500,1,58.50,"2010-07-27 09:53:00","2010-07-27 09:53:00","Non-Cohort",1807
"18026",500,2,2074.07,"2010-07-22 16:21:00","2010-07-27 10:37:00","Non-Cohort",5018
"17224",500,1,100.86,"2010-07-26 13:30:00","2010-07-26 13:30:00","Non-Cohort",4337
"17918",500,3,388.44,"2010-07-22 14:20:00","2010-07-27 11:51:00","Non-Cohort",4932
"16219",500,1,40.80,"2010-07-27 11:44:00","2010-07-27 11:44:00","Non-Cohort",3450
"15015",500,13,2255.27,"2009-12-14 13:49:00","2010-07-26 13:50:00","Non-Cohort",2374
"15788",500,1,215.53,"2010-07-19 12:48:00","2010-07-27 12:31:00","Non-Cohort",3071
"17494",501,1,54.70,"2010-07-26 10:06:00","2010-07-26 10:06:00","Non-Cohort",4564
"14115",501,2,622.67,"2010-02-11 11:44:00","2010-07-26 12:36:00","Non-Cohort",1576
"14435",501,1,90.42,"2010-07-26 12:33:00","2010-07-26 12:33:00","Non-Cohort",1852
"14938",501,2,2289.43,"2010-05-26 13:35:00","2010-07-25 16:00:00","Non-Cohort",2306
"13201",501,4,1233.06,"2010-03-07 11:01:00","2010-07-25 14:30:00","Non-Cohort",770
"16894",501,3,1265.26,"2010-06-22 14:21:00","2010-07-25 15:43:00","Non-Cohort",4043
"12813",501,3,1621.80,"2010-01-15 16:52:00","2010-07-26 09:50:00","Non-Cohort",426
"15431",502,1,153.24,"2010-07-25 12:44:00","2010-07-25 12:44:00","Non-Cohort",2746
"15946",502,3,2304.18,"2010-03-16 10:49:00","2010-07-25 12:18:00","Non-Cohort",3206
"17112",502,1,197.57,"2010-07-25 11:14:00","2010-07-25 11:14:00","Non-Cohort",4239
"16075",502,2,726.98,"2010-05-24 15:57:00","2010-07-25 11:31:00","Non-Cohort",3321
"18132",503,1,220.13,"2010-07-23 16:54:00","2010-07-23 16:54:00","Non-Cohort",5109
"17113",504,6,2092.16,"2010-01-11 10:14:00","2010-07-22 17:00:00","Non-Cohort",4240
"16165",504,1,79.90,"2010-07-22 14:17:00","2010-07-22 14:17:00","Non-Cohort",3401
"14166",504,2,251.15,"2010-03-23 15:10:00","2010-07-22 19:42:00","Non-Cohort",1622
"17177",504,1,119.50,"2010-07-22 14:53:00","2010-07-22 14:53:00","Non-Cohort",4296
"13788",504,1,3.75,"2010-07-22 15:50:00","2010-07-22 15:50:00","Non-Cohort",1285
"12595",504,1,281.02,"2010-07-23 09:10:00","2010-07-23 09:10:00","Non-Cohort",228
"16736",505,5,2904.51,"2009-12-03 16:12:00","2010-07-22 10:09:00","Non-Cohort",3907
"14858",505,1,180.75,"2010-07-22 10:51:00","2010-07-22 10:51:00","Non-Cohort",2233
"14797",506,1,300.31,"2010-07-20 14:07:00","2010-07-20 14:07:00","Non-Cohort",2183
"13913",506,1,42.22,"2010-07-21 10:11:00","2010-07-21 10:11:00","Non-Cohort",1393
"14061",506,3,917.43,"2009-12-01 18:03:00","2010-07-20 17:22:00","Non-Cohort",1525
"17395",507,1,97.50,"2010-07-19 15:34:00","2010-07-19 15:34:00","Non-Cohort",4479
"14674",508,1,173.66,"2010-07-18 14:25:00","2010-07-18 14:25:00","Non-Cohort",2069
"16467",508,7,2862.40,"2009-12-02 11:59:00","2010-07-19 11:49:00","Non-Cohort",3673
"13734",508,4,3445.34,"2010-04-16 08:42:00","2010-07-19 12:04:00","Non-Cohort",1238
"15633",508,13,4156.91,"2009-12-08 17:51:00","2010-07-18 13:54:00","Non-Cohort",2926
"17541",509,1,119.86,"2010-07-18 11:36:00","2010-07-18 11:36:00","Non-Cohort",4606
"18021",509,2,216.41,"2010-07-15 18:47:00","2010-07-18 10:52:00","Non-Cohort",5015
"17261",509,1,221.59,"2010-07-18 11:49:00","2010-07-18 11:49:00","Non-Cohort",4370
"14563",509,2,625.42,"2010-04-26 12:51:00","2010-07-18 12:01:00","Non-Cohort",1971
"13074",510,4,1362.84,"2009-12-16 11:46:00","2010-07-16 16:53:00","Non-Cohort",654
"14084",511,1,150.50,"2010-07-15 14:36:00","2010-07-15 14:36:00","Non-Cohort",1546
"16435",511,3,1003.07,"2010-07-13 13:29:00","2010-07-15 18:22:00","Non-Cohort",3643
"14486",511,2,175.50,"2010-06-04 10:30:00","2010-07-16 09:42:00","Non-Cohort",1898
"14430",511,3,992.10,"2010-04-11 15:59:00","2010-07-16 11:35:00","Non-Cohort",1847
"16251",511,1,128.31,"2010-07-15 14:55:00","2010-07-15 14:55:00","Non-Cohort",3478
"15542",511,3,833.16,"2009-12-02 11:53:00","2010-07-15 13:42:00","Non-Cohort",2842
"15259",512,4,1182.38,"2010-01-26 09:41:00","2010-07-15 08:47:00","Non-Cohort",2594
"13559",512,2,990.00,"2010-06-14 11:52:00","2010-07-15 09:52:00","Non-Cohort",1083
"17559",512,1,167.62,"2010-07-15 12:02:00","2010-07-15 12:02:00","Non-Cohort",4619
"14007",512,1,79.48,"2010-07-15 09:06:00","2010-07-15 09:06:00","Non-Cohort",1472
"15941",512,1,230.60,"2010-03-12 14:45:00","2010-07-14 16:01:00","Non-Cohort",3202
"13872",512,3,891.32,"2009-12-08 19:06:00","2010-07-14 15:39:00","Non-Cohort",1359
"17773",513,2,575.37,"2010-01-18 14:32:00","2010-07-13 14:07:00","Non-Cohort",4811
"18197",513,1,221.40,"2010-05-13 10:46:00","2010-07-14 12:13:00","Non-Cohort",5171
"18238",514,1,270.92,"2010-07-12 12:51:00","2010-07-12 12:51:00","Non-Cohort",5212
"15650",514,2,539.03,"2010-03-21 11:46:00","2010-07-12 16:02:00","Non-Cohort",2941
"14069",514,2,225.81,"2010-05-27 12:30:00","2010-07-13 12:12:00","Non-Cohort",1532
"17847",515,2,125.74,"2010-03-04 12:57:00","2010-07-12 10:00:00","Non-Cohort",4872
"13779",515,1,161.13,"2010-07-12 11:24:00","2010-07-12 11:24:00","Non-Cohort",1277
"14516",515,1,151.17,"2010-07-11 14:07:00","2010-07-11 14:07:00","Non-Cohort",1926
"13595",516,3,784.48,"2010-03-03 14:42:00","2010-07-11 12:36:00","Non-Cohort",1114
"13612",517,1,777.79,"2010-03-17 12:14:00","2010-07-09 16:18:00","Non-Cohort",1129
"14580",517,1,14.85,"2010-07-09 15:20:00","2010-07-09 15:20:00","Non-Cohort",1985
"13337",518,1,1550.06,"2010-06-11 13:27:00","2010-07-09 11:53:00","Non-Cohort",884
"14695",518,3,1466.72,"2009-12-07 11:05:00","2010-07-08 14:18:00","Non-Cohort",2088
"18279",518,1,231.34,"2010-07-08 14:48:00","2010-07-08 14:48:00","Non-Cohort",5249
"13997",518,3,376.46,"2010-06-07 17:33:00","2010-07-08 18:06:00","Non-Cohort",1462
"16544",519,4,110.30,"2010-02-15 13:20:00","2010-07-08 11:11:00","Non-Cohort",3742
"16649",519,1,306.58,"2010-07-07 15:41:00","2010-07-07 15:41:00","Non-Cohort",3834
"17129",519,1,31.85,"2010-07-07 13:46:00","2010-07-07 13:46:00","Non-Cohort",4255
"15056",519,1,113.65,"2010-07-07 15:58:00","2010-07-07 15:58:00","Non-Cohort",2413
"12825",520,2,518.63,"2010-03-08 10:17:00","2010-07-06 13:56:00","Non-Cohort",438
"14279",520,2,191.86,"2010-01-27 16:34:00","2010-07-07 08:42:00","Non-Cohort",1719
"14876",520,2,256.70,"2010-05-27 13:49:00","2010-07-06 14:57:00","Non-Cohort",2251
"12632",520,2,684.88,"2010-05-24 09:07:00","2010-07-07 09:39:00","Non-Cohort",261
"16443",520,1,162.24,"2010-07-07 11:57:00","2010-07-07 11:57:00","Non-Cohort",3650
"15137",520,2,747.55,"2009-12-08 18:47:00","2010-07-07 09:41:00","Non-Cohort",2490
"14900",521,1,13.92,"2010-07-05 15:09:00","2010-07-05 15:09:00","Non-Cohort",2273
"12730",521,1,703.25,"2010-07-06 12:19:00","2010-07-06 12:19:00","Non-Cohort",352
"16158",521,9,611.32,"2009-12-05 15:00:00","2010-07-05 13:55:00","Non-Cohort",3394
"12529",522,1,311.78,"2010-06-29 13:10:00","2010-07-05 09:35:00","Non-Cohort",167
"12469",522,2,3070.54,"2010-06-21 10:30:00","2010-07-05 12:40:00","Non-Cohort",110
"16974",522,2,365.50,"2010-05-24 10:43:00","2010-07-05 10:18:00","Non-Cohort",4116
"13125",523,1,148.62,"2010-07-04 11:58:00","2010-07-04 11:58:00","Non-Cohort",700
"14366",524,1,136.00,"2010-07-02 17:23:00","2010-07-02 17:23:00","Non-Cohort",1791
"17748",526,1,358.15,"2010-06-30 13:49:00","2010-06-30 13:49:00","Non-Cohort",4791
"14835",526,2,293.10,"2010-04-01 19:34:00","2010-06-30 17:30:00","Non-Cohort",2214
"15486",526,1,102.00,"2010-06-30 13:15:00","2010-06-30 13:15:00","Non-Cohort",2793
"15851",526,1,109.73,"2010-07-01 12:34:00","2010-07-01 12:34:00","Non-Cohort",3126
"17332",527,5,827.77,"2010-02-21 14:41:00","2010-06-29 16:10:00","Non-Cohort",4425
"12746",527,1,230.85,"2009-12-08 17:08:00","2010-06-30 08:19:00","Non-Cohort",365
"13620",527,1,112.34,"2010-06-29 15:02:00","2010-06-29 15:02:00","Non-Cohort",1137
"16683",528,1,309.35,"2010-06-24 10:36:00","2010-06-28 13:20:00","Non-Cohort",3863
"12799",528,1,219.35,"2010-06-28 15:57:00","2010-06-28 15:57:00","Non-Cohort",415
"14774",528,1,241.45,"2010-06-29 12:26:00","2010-06-29 12:26:00","Non-Cohort",2161
"12485",528,1,708.10,"2010-06-28 15:22:00","2010-06-28 15:22:00","Non-Cohort",126
"17448",528,41,14375.01,"2010-03-04 17:29:00","2010-06-28 13:58:00","Non-Cohort",4525
"17437",529,1,369.68,"2010-06-28 11:11:00","2010-06-28 11:11:00","Non-Cohort",4515
"16733",529,1,259.68,"2010-06-28 10:12:00","2010-06-28 10:12:00","Non-Cohort",3904
"13057",529,3,528.24,"2010-03-18 12:14:00","2010-06-27 15:44:00","Non-Cohort",639
"13585",530,3,674.46,"2009-12-01 14:56:00","2010-06-27 12:33:00","Non-Cohort",1104
"18214",530,4,1480.99,"2010-06-03 19:47:00","2010-06-27 11:21:00","Non-Cohort",5188
"15102",530,2,554.67,"2010-06-11 10:16:00","2010-06-27 12:16:00","Non-Cohort",2456
"16453",530,2,251.71,"2010-06-09 13:15:00","2010-06-27 12:46:00","Non-Cohort",3660
"12741",532,1,236.07,"2010-06-24 16:24:00","2010-06-24 16:24:00","Non-Cohort",360
"17099",532,1,582.17,"2010-06-24 16:25:00","2010-06-24 16:25:00","Non-Cohort",4228
"15323",532,3,320.90,"2010-02-16 09:21:00","2010-06-24 15:49:00","Non-Cohort",2654
"17304",533,1,111.50,"2010-06-23 16:23:00","2010-06-23 16:23:00","Non-Cohort",4404
"15991",533,1,150.55,"2010-06-23 15:50:00","2010-06-23 15:50:00","Non-Cohort",3247
"14509",533,1,110.95,"2010-06-23 13:21:00","2010-06-23 13:21:00","Non-Cohort",1920
"15913",533,1,6.30,"2010-06-23 16:31:00","2010-06-23 16:31:00","Non-Cohort",3180
"12810",534,2,534.99,"2010-02-01 09:52:00","2010-06-23 10:53:00","Non-Cohort",423
"14874",534,1,116.18,"2010-06-22 14:58:00","2010-06-22 14:58:00","Non-Cohort",2249
"13942",534,1,320.00,"2010-06-23 12:35:00","2010-06-23 12:35:00","Non-Cohort",1419
"17192",535,1,75.28,"2010-06-21 16:07:00","2010-06-21 16:07:00","Non-Cohort",4310
"12774",535,1,83.70,"2010-06-22 10:38:00","2010-06-22 10:38:00","Non-Cohort",392
"15126",536,2,449.49,"2010-01-21 17:09:00","2010-06-21 12:31:00","Non-Cohort",2480
"18128",536,1,399.29,"2010-06-20 13:19:00","2010-06-20 13:19:00","Non-Cohort",5105
"16390",536,3,467.50,"2010-01-29 15:25:00","2010-06-21 10:11:00","Non-Cohort",3601
"16486",537,1,134.36,"2010-06-20 12:16:00","2010-06-20 12:16:00","Non-Cohort",3691
"15538",537,6,3036.10,"2010-02-14 12:38:00","2010-06-20 10:49:00","Non-Cohort",2838
"12932",538,8,1698.56,"2010-02-10 08:46:00","2010-06-18 14:22:00","Non-Cohort",528
"13676",538,2,153.15,"2010-03-30 16:53:00","2010-06-18 17:30:00","Non-Cohort",1185
"14919",538,1,359.35,"2010-06-18 13:06:00","2010-06-18 13:06:00","Non-Cohort",2291
"15718",539,1,293.79,"2010-06-17 16:20:00","2010-06-17 16:20:00","Non-Cohort",3006
"17953",539,1,148.67,"2010-06-17 15:08:00","2010-06-17 15:08:00","Non-Cohort",4962
"17610",539,5,1410.29,"2009-12-06 14:58:00","2010-06-17 16:34:00","Non-Cohort",4667
"16925",539,1,125.65,"2010-06-17 15:03:00","2010-06-17 15:03:00","Non-Cohort",4073
"16661",539,4,788.31,"2009-12-17 15:39:00","2010-06-17 15:24:00","Non-Cohort",3845
"14374",540,1,108.00,"2010-06-16 14:25:00","2010-06-16 14:25:00","Non-Cohort",1798
"13112",540,1,-5.44,"2009-12-08 17:40:00","2010-06-16 17:03:00","Non-Cohort",687
"17401",540,1,114.85,"2010-06-16 16:54:00","2010-06-16 16:54:00","Non-Cohort",4484
"16538",540,3,395.07,"2010-04-23 16:25:00","2010-06-16 16:59:00","Non-Cohort",3737
"16492",540,1,385.56,"2010-06-17 08:20:00","2010-06-17 08:20:00","Non-Cohort",3696
"13608",540,1,232.05,"2010-06-17 12:28:00","2010-06-17 12:28:00","Non-Cohort",1125
"13586",540,1,127.28,"2010-06-16 13:47:00","2010-06-16 13:47:00","Non-Cohort",1105
"15040",541,1,7.49,"2010-06-16 11:40:00","2010-06-16 11:40:00","Non-Cohort",2397
"17020",541,2,935.62,"2010-03-03 12:27:00","2010-06-15 13:06:00","Non-Cohort",4153
"15816",541,2,93.30,"2010-06-15 12:54:00","2010-06-15 13:36:00","Non-Cohort",3096
"16622",541,1,205.60,"2010-06-14 10:44:00","2010-06-15 14:41:00","Non-Cohort",3810
"15926",541,1,134.44,"2010-06-15 15:23:00","2010-06-15 15:23:00","Non-Cohort",3189
"15905",542,1,114.69,"2010-06-14 16:00:00","2010-06-14 16:00:00","Non-Cohort",3172
"17922",542,1,170.40,"2010-06-14 16:32:00","2010-06-14 16:32:00","Non-Cohort",4936
"13190",543,3,518.76,"2009-12-07 12:13:00","2010-06-13 15:47:00","Non-Cohort",760
"13383",543,1,305.28,"2010-06-14 11:45:00","2010-06-14 11:45:00","Non-Cohort",924
"16132",543,2,664.20,"2010-03-22 10:25:00","2010-06-13 13:49:00","Non-Cohort",3372
"18020",543,1,129.28,"2010-06-14 12:31:00","2010-06-14 12:47:00","Non-Cohort",5014
"13619",544,2,223.44,"2010-02-03 14:16:00","2010-06-13 11:39:00","Non-Cohort",1136
"16547",545,1,104.26,"2010-06-11 13:02:00","2010-06-11 13:02:00","Non-Cohort",3745
"13794",546,1,126.03,"2010-06-11 12:30:00","2010-06-11 12:30:00","Non-Cohort",1290
"17902",546,1,216.40,"2010-06-11 12:25:00","2010-06-11 12:25:00","Non-Cohort",4918
"15684",546,3,147.80,"2009-12-04 16:13:00","2010-06-10 18:51:00","Non-Cohort",2975
"16862",546,4,662.33,"2010-01-07 12:57:00","2010-06-10 13:05:00","Non-Cohort",4018
"13438",546,1,46.50,"2010-06-10 18:46:00","2010-06-10 18:46:00","Non-Cohort",975
"17246",546,2,38.92,"2009-12-01 17:45:00","2010-06-11 12:36:00","Non-Cohort",4358
"13020",547,2,606.96,"2010-02-18 10:35:00","2010-06-09 15:54:00","Non-Cohort",605
"16604",547,2,326.25,"2010-05-20 16:34:00","2010-06-09 14:50:00","Non-Cohort",3793
"12634",547,1,360.00,"2010-06-09 15:41:00","2010-06-09 15:41:00","Non-Cohort",263
"15183",547,3,637.03,"2010-05-04 11:31:00","2010-06-10 10:43:00","Non-Cohort",2526
"17971",547,1,161.94,"2010-06-09 14:04:00","2010-06-09 14:04:00","Non-Cohort",4978
"17808",548,4,262.64,"2010-05-07 16:26:00","2010-06-09 10:44:00","Non-Cohort",4841
"14671",548,2,1127.45,"2010-05-20 18:21:00","2010-06-08 13:39:00","Non-Cohort",2066
"15352",548,1,111.15,"2010-06-09 11:28:00","2010-06-09 11:28:00","Non-Cohort",2677
"17417",548,1,164.18,"2010-06-09 10:00:00","2010-06-09 10:00:00","Non-Cohort",4498
"18103",548,1,105.80,"2010-06-08 13:36:00","2010-06-08 13:36:00","Non-Cohort",5082
"14028",549,3,6786.00,"2010-06-07 12:02:00","2010-06-07 13:33:00","Non-Cohort",1492
"17784",549,1,112.86,"2010-06-07 16:08:00","2010-06-07 16:08:00","Non-Cohort",4820
"18100",549,1,451.56,"2010-06-07 14:19:00","2010-06-07 14:19:00","Non-Cohort",5079
"14786",549,1,90.96,"2010-06-07 13:42:00","2010-06-07 13:42:00","Non-Cohort",2172
"17543",549,1,120.05,"2010-06-08 12:41:00","2010-06-08 12:41:00","Non-Cohort",4608
"15956",550,2,617.60,"2009-12-13 11:16:00","2010-06-06 13:06:00","Non-Cohort",3216
"17915",550,1,225.78,"2010-06-06 13:22:00","2010-06-06 13:22:00","Non-Cohort",4929
"13056",550,1,209.48,"2010-06-06 14:10:00","2010-06-06 14:10:00","Non-Cohort",638
"18137",550,2,145.99,"2010-06-06 13:45:00","2010-06-06 14:18:00","Non-Cohort",5114
"17009",550,1,242.06,"2010-06-06 16:01:00","2010-06-06 16:01:00","Non-Cohort",4143
"16335",551,7,2726.52,"2009-12-04 10:18:00","2010-06-06 11:35:00","Non-Cohort",3552
"18234",551,1,179.60,"2010-06-06 11:22:00","2010-06-06 11:22:00","Non-Cohort",5208
"12911",551,1,1651.72,"2010-06-06 12:13:00","2010-06-06 12:13:00","Non-Cohort",511
"18206",552,1,314.66,"2010-06-04 13:47:00","2010-06-04 13:47:00","Non-Cohort",5180
"17216",553,1,63.60,"2010-06-03 13:03:00","2010-06-03 13:03:00","Non-Cohort",4329
"16798",553,3,832.21,"2009-12-10 19:35:00","2010-06-03 19:01:00","Non-Cohort",3959
"13175",553,2,793.10,"2009-12-04 12:11:00","2010-06-03 19:13:00","Non-Cohort",746
"12675",553,2,849.55,"2010-05-10 16:44:00","2010-06-04 09:49:00","Non-Cohort",301
"15731",553,1,125.30,"2010-06-04 10:10:00","2010-06-04 10:10:00","Non-Cohort",3017
"17845",554,4,596.09,"2010-05-12 13:04:00","2010-06-02 15:20:00","Non-Cohort",4871
"15359",554,8,162.60,"2010-01-15 11:30:00","2010-06-03 10:42:00","Non-Cohort",2682
"16896",554,1,103.95,"2010-06-02 15:40:00","2010-06-02 15:40:00","Non-Cohort",4045
"15305",554,1,93.60,"2010-06-02 13:50:00","2010-06-02 13:50:00","Non-Cohort",2636
"12677",554,2,353.30,"2009-12-07 14:38:00","2010-06-02 14:30:00","Non-Cohort",303
"14033",554,1,109.44,"2010-06-02 15:10:00","2010-06-02 15:10:00","Non-Cohort",1497
"15715",555,5,658.02,"2010-03-30 12:17:00","2010-06-02 09:56:00","Non-Cohort",3003
"18038",555,1,141.48,"2010-06-01 15:59:00","2010-06-01 15:59:00","Non-Cohort",5029
"15711",556,2,420.25,"2010-01-24 12:13:00","2010-06-01 12:14:00","Non-Cohort",2999
"17617",558,1,227.14,"2010-05-18 09:52:00","2010-05-30 12:48:00","Non-Cohort",4674
"17583",559,1,135.95,"2010-05-28 14:24:00","2010-05-28 14:24:00","Non-Cohort",4642
"16035",559,1,217.73,"2010-05-28 15:09:00","2010-05-28 15:09:00","Non-Cohort",3288
"12499",559,1,357.72,"2010-05-28 15:12:00","2010-05-28 15:12:00","Non-Cohort",140
"18163",560,1,639.34,"2010-05-04 14:51:00","2010-05-28 07:56:00","Non-Cohort",5139
"15278",561,4,496.16,"2010-02-12 14:53:00","2010-05-27 10:03:00","Non-Cohort",2613
"16695",561,2,191.90,"2010-05-27 12:24:00","2010-05-27 12:36:00","Non-Cohort",3873
"15878",561,2,330.77,"2009-12-06 12:28:00","2010-05-27 12:17:00","Non-Cohort",3152
"15340",561,1,105.50,"2010-05-27 10:27:00","2010-05-27 10:27:00","Non-Cohort",2667
"16046",561,1,235.78,"2010-05-26 13:18:00","2010-05-26 13:18:00","Non-Cohort",3298
"16067",562,3,2900.01,"2010-02-02 18:01:00","2010-05-26 12:33:00","Non-Cohort",3315
"17074",562,1,203.05,"2010-05-26 12:04:00","2010-05-26 12:04:00","Non-Cohort",4205
"16328",562,1,310.83,"2010-05-25 14:02:00","2010-05-25 14:02:00","Non-Cohort",3545
"16844",562,2,614.34,"2010-05-06 09:16:00","2010-05-26 10:29:00","Non-Cohort",4002
"15217",562,1,426.24,"2010-05-25 13:51:00","2010-05-25 13:51:00","Non-Cohort",2557
"18000",563,1,124.25,"2010-05-24 17:34:00","2010-05-24 17:34:00","Non-Cohort",4999
"12773",563,1,0.00,"2010-05-24 17:30:00","2010-05-24 17:39:00","Non-Cohort",391
"14993",563,1,36.13,"2010-05-25 12:47:00","2010-05-25 12:47:00","Non-Cohort",2355
"13768",563,2,758.07,"2009-12-01 12:33:00","2010-05-25 10:19:00","Non-Cohort",1269
"14394",564,1,93.80,"2010-05-24 10:43:00","2010-05-24 10:43:00","Non-Cohort",1817
"14010",564,2,288.10,"2010-05-23 12:46:00","2010-05-23 13:00:00","Non-Cohort",1474
"15086",564,2,218.53,"2010-03-24 13:56:00","2010-05-24 12:27:00","Non-Cohort",2440
"16831",564,1,91.80,"2010-05-24 09:08:00","2010-05-24 09:08:00","Non-Cohort",3989
"18052",564,1,10877.18,"2010-05-24 11:11:00","2010-05-24 11:11:00","Non-Cohort",5040
"18208",565,1,360.08,"2010-05-23 11:54:00","2010-05-23 11:54:00","Non-Cohort",5182
"14464",567,2,111.00,"2010-03-22 15:20:00","2010-05-20 18:00:00","Non-Cohort",1878
"15559",567,1,1109.40,"2010-05-20 14:06:00","2010-05-20 14:06:00","Non-Cohort",2859
"13616",567,2,283.85,"2010-01-17 14:56:00","2010-05-20 12:59:00","Non-Cohort",1133
"13164",568,2,308.45,"2010-02-10 11:52:00","2010-05-19 13:52:00","Non-Cohort",736
"16664",568,1,109.20,"2010-05-19 17:11:00","2010-05-19 17:11:00","Non-Cohort",3847
"16564",568,1,87.80,"2010-05-19 14:41:00","2010-05-19 14:41:00","Non-Cohort",3761
"17184",568,2,198.41,"2009-12-09 14:17:00","2010-05-19 14:24:00","Non-Cohort",4302
"16615",568,1,264.50,"2010-03-23 15:13:00","2010-05-20 09:24:00","Non-Cohort",3803
"15282",569,1,348.59,"2010-05-18 16:27:00","2010-05-18 16:27:00","Non-Cohort",2616
"14325",569,1,245.48,"2010-05-19 09:20:00","2010-05-19 09:20:00","Non-Cohort",1756
"13905",570,1,244.45,"2009-12-07 11:41:00","2010-05-17 17:04:00","Non-Cohort",1389
"13432",570,2,436.55,"2010-04-06 14:42:00","2010-05-17 13:18:00","Non-Cohort",969
"15391",570,1,282.92,"2010-05-04 15:04:00","2010-05-18 12:11:00","Non-Cohort",2709
"14017",570,1,229.75,"2010-05-17 14:52:00","2010-05-17 14:52:00","Non-Cohort",1481
"14678",570,1,386.44,"2010-05-09 14:32:00","2010-05-17 14:27:00","Non-Cohort",2073
"18157",570,1,213.90,"2010-05-17 14:09:00","2010-05-17 14:09:00","Non-Cohort",5133
"12806",571,2,2558.96,"2010-04-30 10:44:00","2010-05-16 13:49:00","Non-Cohort",420
"14982",571,1,234.88,"2010-05-16 15:52:00","2010-05-16 15:52:00","Non-Cohort",2345
"16507",571,1,142.71,"2010-05-16 12:56:00","2010-05-16 12:56:00","Non-Cohort",3709
"16922",572,1,611.08,"2010-05-16 11:24:00","2010-05-16 11:24:00","Non-Cohort",4070
"13830",573,1,135.95,"2010-05-07 12:24:00","2010-05-14 13:16:00","Non-Cohort",1322
"13400",573,1,300.93,"2010-05-06 09:00:00","2010-05-14 13:25:00","Non-Cohort",939
"14831",573,3,1623.97,"2009-12-02 09:21:00","2010-05-14 14:23:00","Non-Cohort",2211
"16077",573,1,600.00,"2010-03-24 10:42:00","2010-05-14 16:38:00","Non-Cohort",3323
"12894",574,1,157.35,"2010-05-13 14:47:00","2010-05-13 14:47:00","Non-Cohort",497
"12549",575,5,1570.68,"2010-01-11 12:29:00","2010-05-13 12:05:00","Non-Cohort",186
"17484",575,2,209.57,"2010-03-25 16:17:00","2010-05-12 15:41:00","Non-Cohort",4555
"15470",575,1,63.42,"2010-05-13 09:35:00","2010-05-13 09:35:00","Non-Cohort",2779
"16088",575,2,1437.43,"2010-04-27 10:56:00","2010-05-13 10:16:00","Non-Cohort",3333
"12482",575,27,21941.72,"2010-02-24 10:24:00","2010-05-12 16:51:00","Non-Cohort",123
"14685",575,8,4241.16,"2009-12-13 10:32:00","2010-05-12 13:08:00","Non-Cohort",2079
"17016",576,1,552.40,"2010-05-12 12:32:00","2010-05-12 12:32:00","Non-Cohort",4149
"13222",576,1,88.50,"2010-05-11 13:54:00","2010-05-11 13:54:00","Non-Cohort",787
"12905",576,2,1011.82,"2010-01-26 14:06:00","2010-05-12 10:05:00","Non-Cohort",506
"14391",576,1,135.60,"2010-05-12 09:42:00","2010-05-12 09:42:00","Non-Cohort",1814
"13834",576,2,269.89,"2009-12-17 17:47:00","2010-05-12 10:27:00","Non-Cohort",1326
"16487",576,2,209.40,"2010-02-18 17:36:00","2010-05-11 13:38:00","Non-Cohort",3692
"13943",577,1,246.54,"2010-05-11 11:30:00","2010-05-11 11:30:00","Non-Cohort",1420
"14588",577,1,135.39,"2010-05-10 15:08:00","2010-05-10 15:08:00","Non-Cohort",1993
"17077",577,1,306.00,"2010-05-10 16:36:00","2010-05-10 16:36:00","Non-Cohort",4208
"17563",577,2,313.78,"2010-04-07 10:02:00","2010-05-10 14:54:00","Non-Cohort",4623
"18275",577,2,741.85,"2009-12-08 16:23:00","2010-05-10 15:46:00","Non-Cohort",5245
"13051",578,2,155.80,"2010-03-30 11:11:00","2010-05-10 09:14:00","Non-Cohort",634
"13407",578,3,2111.89,"2010-02-16 11:13:00","2010-05-10 12:41:00","Non-Cohort",945
"14361",578,1,214.71,"2010-05-10 12:29:00","2010-05-10 12:29:00","Non-Cohort",1788
"14941",578,1,182.10,"2010-05-10 11:30:00","2010-05-10 11:30:00","Non-Cohort",2307
"13007",579,1,175.25,"2010-05-09 10:38:00","2010-05-09 10:38:00","Non-Cohort",595
"14814",580,1,152.96,"2010-05-07 14:10:00","2010-05-07 14:10:00","Non-Cohort",2196
"18254",580,1,267.90,"2010-05-07 14:37:00","2010-05-07 14:37:00","Non-Cohort",5226
"17028",580,3,1593.83,"2009-12-18 14:28:00","2010-05-07 15:33:00","Non-Cohort",4160
"14826",581,2,385.20,"2010-01-13 13:08:00","2010-05-07 09:00:00","Non-Cohort",2207
"17199",581,1,135.04,"2010-05-06 13:53:00","2010-05-06 13:53:00","Non-Cohort",4316
"17798",581,1,172.17,"2010-05-07 11:42:00","2010-05-07 11:42:00","Non-Cohort",4834
"13143",581,1,399.20,"2010-05-04 12:22:00","2010-05-06 16:34:00","Non-Cohort",718
"17225",581,1,131.15,"2010-05-07 11:38:00","2010-05-07 11:38:00","Non-Cohort",4338
"13342",581,NULL,NULL,"2010-05-06 16:44:00","2010-05-06 16:44:00","Non-Cohort",889
"15868",582,1,94.53,"2010-05-05 14:11:00","2010-05-05 14:11:00","Non-Cohort",3143
"13287",582,3,519.67,"2010-01-04 10:43:00","2010-05-05 13:10:00","Non-Cohort",842
"16543",582,1,277.81,"2010-04-27 11:38:00","2010-05-05 13:34:00","Non-Cohort",3741
"18111",582,1,398.90,"2010-04-29 12:58:00","2010-05-05 13:30:00","Non-Cohort",5090
"15591",582,3,217.90,"2010-02-04 09:20:00","2010-05-06 09:23:00","Non-Cohort",2885
"18028",582,1,192.05,"2010-05-05 13:28:00","2010-05-05 13:28:00","Non-Cohort",5020
"12503",583,1,896.00,"2010-05-04 13:59:00","2010-05-04 13:59:00","Non-Cohort",144
"13039",583,4,1010.73,"2009-12-17 16:43:00","2010-05-04 16:45:00","Non-Cohort",622
"13042",583,3,1454.84,"2009-12-07 15:42:00","2010-05-04 13:10:00","Non-Cohort",625
"13393",583,4,1105.85,"2009-12-07 18:12:00","2010-05-05 09:34:00","Non-Cohort",932
"15229",585,1,160.50,"2010-05-02 13:50:00","2010-05-02 13:50:00","Non-Cohort",2567
"17565",586,1,131.83,"2010-05-02 11:54:00","2010-05-02 11:54:00","Non-Cohort",4625
"16651",586,1,136.20,"2010-05-02 11:46:00","2010-05-02 11:46:00","Non-Cohort",3836
"14683",587,1,146.56,"2010-04-30 17:18:00","2010-04-30 17:18:00","Non-Cohort",2077
"15818",587,1,340.50,"2010-04-30 12:58:00","2010-04-30 12:58:00","Non-Cohort",3097
"14773",588,1,125.70,"2010-04-26 10:29:00","2010-04-30 10:30:00","Non-Cohort",2160
"14650",588,1,62.50,"2010-04-29 20:27:00","2010-04-29 20:27:00","Non-Cohort",2045
"15954",588,1,187.80,"2010-04-29 13:35:00","2010-04-29 13:35:00","Non-Cohort",3214
"12698",589,1,285.75,"2010-04-28 15:51:00","2010-04-28 15:51:00","Non-Cohort",323
"14724",589,1,341.90,"2010-04-28 13:26:00","2010-04-28 13:26:00","Non-Cohort",2115
"17605",589,1,160.75,"2010-04-28 14:45:00","2010-04-28 14:45:00","Non-Cohort",4663
"16749",590,2,4157.88,"2009-12-15 14:05:00","2010-04-27 13:06:00","Non-Cohort",3919
"14471",590,2,400.95,"2009-12-07 12:26:00","2010-04-27 17:12:00","Non-Cohort",1884
"15586",590,3,1128.66,"2010-01-08 10:02:00","2010-04-27 17:07:00","Non-Cohort",2881
"12392",590,1,234.75,"2010-04-27 14:04:00","2010-04-27 14:04:00","Non-Cohort",40
"16267",590,1,186.66,"2010-04-27 14:10:00","2010-04-27 14:10:00","Non-Cohort",3489
"13775",590,1,1049.66,"2010-04-28 12:15:00","2010-04-28 12:15:00","Non-Cohort",1274
"16408",590,1,231.93,"2010-04-27 14:08:00","2010-04-27 14:08:00","Non-Cohort",3618
"17185",591,3,229.46,"2010-04-20 13:49:00","2010-04-27 12:15:00","Non-Cohort",4303
"17959",591,1,140.75,"2010-04-26 14:12:00","2010-04-26 14:12:00","Non-Cohort",4968
"17093",592,1,235.88,"2010-04-26 10:22:00","2010-04-26 10:22:00","Non-Cohort",4223
"14677",592,1,184.91,"2010-04-26 09:48:00","2010-04-26 09:48:00","Non-Cohort",2072
"18091",592,1,360.85,"2010-04-25 13:18:00","2010-04-25 13:18:00","Non-Cohort",5071
"14743",592,1,50.48,"2010-04-26 10:26:00","2010-04-26 10:26:00","Non-Cohort",2131
"14999",592,1,129.48,"2010-04-26 10:47:00","2010-04-26 10:47:00","Non-Cohort",2360
"13609",592,1,167.35,"2010-04-25 13:26:00","2010-04-25 13:26:00","Non-Cohort",1126
"16585",593,2,341.59,"2010-01-13 13:31:00","2010-04-25 10:34:00","Non-Cohort",3777
"16068",593,1,115.73,"2010-04-25 11:52:00","2010-04-25 11:52:00","Non-Cohort",3316
"15231",595,1,228.36,"2010-03-28 15:12:00","2010-04-22 18:12:00","Non-Cohort",2569
"17240",595,1,130.60,"2010-04-22 15:44:00","2010-04-22 15:44:00","Non-Cohort",4353
"17729",595,1,438.65,"2010-04-22 15:03:00","2010-04-22 15:03:00","Non-Cohort",4775
"14556",595,3,815.69,"2010-01-20 11:49:00","2010-04-22 14:57:00","Non-Cohort",1965
"15474",595,1,150.35,"2010-04-23 11:14:00","2010-04-23 11:14:00","Non-Cohort",2783
"15548",595,1,158.09,"2010-04-23 12:20:00","2010-04-23 12:20:00","Non-Cohort",2848
"16028",595,1,82.20,"2010-04-23 11:45:00","2010-04-23 11:45:00","Non-Cohort",3281
"17057",595,1,288.79,"2010-04-22 19:21:00","2010-04-22 19:21:00","Non-Cohort",4188
"17622",596,2,1125.17,"2010-04-20 13:38:00","2010-04-22 11:23:00","Non-Cohort",4679
"13625",596,1,301.26,"2010-04-22 10:50:00","2010-04-22 10:50:00","Non-Cohort",1141
"13935",596,3,6116.92,"2010-02-25 16:01:00","2010-04-22 11:21:00","Non-Cohort",1412
"14917",596,2,1123.75,"2010-04-22 09:44:00","2010-04-22 11:28:00","Non-Cohort",2289
"15176",596,1,985.09,"2010-02-10 10:36:00","2010-04-22 11:40:00","Non-Cohort",2520
"13698",596,2,451.73,"2010-01-27 09:02:00","2010-04-22 11:52:00","Non-Cohort",1204
"17681",596,5,529.60,"2009-12-11 13:11:00","2010-04-21 17:22:00","Non-Cohort",4736
"18134",597,2,445.00,"2010-01-14 11:59:00","2010-04-20 14:02:00","Non-Cohort",5111
"12983",597,1,490.08,"2010-04-20 12:58:00","2010-04-20 12:58:00","Non-Cohort",573
"15455",597,1,38.25,"2010-04-21 12:43:00","2010-04-21 12:43:00","Non-Cohort",2766
"16548",598,1,30.15,"2010-04-19 16:15:00","2010-04-19 16:15:00","Non-Cohort",3746
"17825",598,4,701.96,"2009-12-14 12:09:00","2010-04-20 12:01:00","Non-Cohort",4853
"14812",598,1,178.85,"2010-04-20 12:13:00","2010-04-20 12:13:00","Non-Cohort",2195
"12780",598,1,322.40,"2010-04-20 09:40:00","2010-04-20 09:40:00","Non-Cohort",398
"15682",598,2,316.99,"2010-01-21 14:37:00","2010-04-19 15:30:00","Non-Cohort",2973
"14845",599,1,150.00,"2010-04-19 10:19:00","2010-04-19 10:19:00","Non-Cohort",2222
"17474",599,1,1047.00,"2010-04-19 10:43:00","2010-04-19 10:43:00","Non-Cohort",4547
"15273",599,1,228.96,"2010-04-19 11:31:00","2010-04-19 11:31:00","Non-Cohort",2608
"12742",599,1,1185.02,"2010-03-24 12:43:00","2010-04-19 11:10:00","Non-Cohort",361
"13286",599,1,734.91,"2010-04-18 15:35:00","2010-04-18 15:35:00","Non-Cohort",841
"17842",601,1,430.69,"2010-04-16 14:23:00","2010-04-16 14:23:00","Non-Cohort",4868
"13661",602,1,325.24,"2010-04-15 14:58:00","2010-04-15 14:58:00","Non-Cohort",1173
"17626",602,1,254.00,"2010-04-16 12:15:00","2010-04-16 12:15:00","Non-Cohort",4683
"17032",602,5,2816.69,"2009-12-10 15:36:00","2010-04-15 14:14:00","Non-Cohort",4164
"12969",602,1,122.45,"2010-04-16 10:50:00","2010-04-16 10:50:00","Non-Cohort",562
"15979",602,1,329.22,"2010-04-16 11:35:00","2010-04-16 11:35:00","Non-Cohort",3236
"16840",602,2,139.85,"2010-02-03 12:42:00","2010-04-15 15:48:00","Non-Cohort",3998
"15771",603,3,1006.54,"2010-01-15 12:14:00","2010-04-14 13:56:00","Non-Cohort",3055
"17039",603,1,1954.99,"2010-04-14 12:56:00","2010-04-14 12:56:00","Non-Cohort",4170
"12459",604,1,398.36,"2010-04-13 14:53:00","2010-04-13 14:53:00","Non-Cohort",102
"15982",604,1,324.51,"2010-04-13 15:47:00","2010-04-13 15:47:00","Non-Cohort",3239
"14172",604,3,356.27,"2010-03-07 10:58:00","2010-04-13 13:26:00","Non-Cohort",1626
"14771",605,2,579.92,"2009-12-03 09:44:00","2010-04-13 10:34:00","Non-Cohort",2158
"14914",605,NULL,NULL,"2010-04-13 10:14:00","2010-04-13 10:14:00","Non-Cohort",2286
"12671",605,1,2622.48,"2010-04-12 16:30:00","2010-04-12 16:30:00","Non-Cohort",297
"13852",606,1,170.45,"2010-04-08 09:06:00","2010-04-12 08:16:00","Non-Cohort",1341
"14791",606,1,303.63,"2010-04-12 10:24:00","2010-04-12 10:24:00","Non-Cohort",2177
"15546",606,2,539.55,"2010-04-12 11:45:00","2010-04-12 11:55:00","Non-Cohort",2846
"13180",606,1,86.10,"2010-04-11 13:37:00","2010-04-11 13:37:00","Non-Cohort",751
"12786",609,1,668.50,"2010-04-09 12:12:00","2010-04-09 12:12:00","Non-Cohort",404
"15613",609,1,433.72,"2010-04-08 12:51:00","2010-04-08 12:51:00","Non-Cohort",2907
"13163",609,1,0.00,"2010-02-21 16:22:00","2010-04-08 16:21:00","Non-Cohort",735
"17529",609,2,1240.25,"2010-01-11 12:29:00","2010-04-08 17:51:00","Non-Cohort",4595
"14160",609,7,8421.47,"2010-01-10 12:06:00","2010-04-08 14:30:00","Non-Cohort",1616
"16944",609,1,101.36,"2010-04-09 11:03:00","2010-04-09 11:03:00","Non-Cohort",4090
"13197",609,1,373.01,"2010-04-09 09:14:00","2010-04-09 09:14:00","Non-Cohort",766
"18271",609,2,680.85,"2009-12-08 11:27:00","2010-04-09 09:26:00","Non-Cohort",5241
"15112",610,1,209.40,"2010-04-07 14:17:00","2010-04-07 14:17:00","Non-Cohort",2466
"15309",610,4,715.53,"2009-12-04 13:01:00","2010-04-08 11:11:00","Non-Cohort",2640
"13640",610,1,405.00,"2010-04-07 15:33:00","2010-04-07 15:33:00","Non-Cohort",1155
"13071",611,1,129.22,"2010-04-06 13:37:00","2010-04-06 13:37:00","Non-Cohort",652
"14990",611,2,304.17,"2009-12-09 13:31:00","2010-04-06 13:54:00","Non-Cohort",2352
"12711",611,2,1213.05,"2010-02-01 11:30:00","2010-04-07 11:59:00","Non-Cohort",334
"16941",611,1,33.00,"2010-04-07 11:13:00","2010-04-07 11:13:00","Non-Cohort",4087
"17477",612,2,1079.00,"2010-03-02 11:53:00","2010-04-06 10:06:00","Non-Cohort",4549
"15770",612,1,321.45,"2010-04-06 11:47:00","2010-04-06 11:47:00","Non-Cohort",3054
"14694",616,1,244.31,"2010-04-01 19:46:00","2010-04-01 19:46:00","Non-Cohort",2087
"17993",616,1,225.99,"2010-04-01 14:23:00","2010-04-01 14:23:00","Non-Cohort",4994
"14200",616,1,379.20,"2010-04-01 13:01:00","2010-04-01 13:01:00","Non-Cohort",1650
"15997",616,NULL,NULL,"2010-04-01 13:04:00","2010-04-01 13:04:00","Non-Cohort",3252
"16704",617,2,664.16,"2010-02-05 14:14:00","2010-03-31 14:02:00","Non-Cohort",3879
"13219",617,1,76.23,"2010-03-31 14:18:00","2010-03-31 14:18:00","Non-Cohort",784
"15029",617,1,362.15,"2010-03-30 12:16:00","2010-03-31 16:04:00","Non-Cohort",2387
"16845",617,1,253.88,"2010-03-31 13:09:00","2010-03-31 13:09:00","Non-Cohort",4003
"15742",618,1,156.87,"2010-03-30 15:25:00","2010-03-30 15:25:00","Non-Cohort",3027
"14706",618,1,367.54,"2010-03-31 11:09:00","2010-03-31 11:09:00","Non-Cohort",2099
"17586",618,1,167.40,"2010-03-30 13:12:00","2010-03-30 13:12:00","Non-Cohort",4645
"12533",618,2,1005.99,"2009-12-01 11:50:00","2010-03-31 10:24:00","Non-Cohort",171
"14928",618,1,204.46,"2010-03-22 09:14:00","2010-03-30 15:51:00","Non-Cohort",2297
"13179",618,1,572.31,"2010-03-31 11:40:00","2010-03-31 11:40:00","Non-Cohort",750
"16502",619,2,258.55,"2010-03-29 13:39:00","2010-03-29 13:44:00","Non-Cohort",3704
"13412",619,1,487.35,"2010-03-29 16:28:00","2010-03-29 16:28:00","Non-Cohort",949
"15575",619,1,30.10,"2010-03-30 12:50:00","2010-03-30 12:50:00","Non-Cohort",2872
"12496",619,2,45.34,"2010-03-29 13:57:00","2010-03-29 14:06:00","Non-Cohort",137
"12861",619,1,68.25,"2010-03-30 11:39:00","2010-03-30 11:39:00","Non-Cohort",470
"14809",620,2,686.76,"2010-03-28 15:42:00","2010-03-28 15:44:00","Non-Cohort",2193
"13825",621,2,255.59,"2009-12-09 14:30:00","2010-03-28 11:02:00","Non-Cohort",1318
"15848",621,1,137.99,"2010-03-28 10:54:00","2010-03-28 10:54:00","Non-Cohort",3124
"14378",621,1,131.25,"2010-03-28 12:22:00","2010-03-28 12:22:00","Non-Cohort",1802
"13053",621,1,127.65,"2010-03-28 11:28:00","2010-03-28 11:28:00","Non-Cohort",636
"14074",622,1,219.40,"2010-03-26 13:55:00","2010-03-26 13:55:00","Non-Cohort",1537
"18187",622,1,682.19,"2010-03-18 09:49:00","2010-03-26 14:25:00","Non-Cohort",5162
"14330",623,1,200.63,"2010-03-26 09:10:00","2010-03-26 09:10:00","Non-Cohort",1760
"16090",623,1,180.56,"2010-03-25 13:05:00","2010-03-25 13:05:00","Non-Cohort",3334
"15698",623,1,46.20,"2010-03-25 17:38:00","2010-03-25 17:38:00","Non-Cohort",2987
"18166",623,1,175.50,"2010-03-26 12:26:00","2010-03-26 12:26:00","Non-Cohort",5142
"15911",623,8,1683.79,"2009-12-09 13:26:00","2010-03-26 12:06:00","Non-Cohort",3178
"16741",624,1,173.06,"2010-03-24 15:15:00","2010-03-24 15:15:00","Non-Cohort",3911
"12663",624,2,150.00,"2010-02-09 14:28:00","2010-03-25 09:40:00","Non-Cohort",290
"16002",624,1,169.21,"2010-03-24 13:08:00","2010-03-24 13:08:00","Non-Cohort",3256
"13459",624,2,1160.41,"2010-01-26 13:35:00","2010-03-25 10:24:00","Non-Cohort",993
"17072",624,1,273.35,"2010-03-24 16:33:00","2010-03-24 16:33:00","Non-Cohort",4203
"16296",625,4,1245.97,"2009-12-18 12:03:00","2010-03-23 13:11:00","Non-Cohort",3515
"13896",625,1,388.55,"2010-03-24 08:55:00","2010-03-24 08:55:00","Non-Cohort",1381
"16578",625,1,156.60,"2010-03-23 15:11:00","2010-03-23 15:11:00","Non-Cohort",3772
"13445",625,1,241.90,"2010-03-23 15:34:00","2010-03-23 15:34:00","Non-Cohort",980
"16970",625,1,71.40,"2010-03-23 13:50:00","2010-03-23 13:50:00","Non-Cohort",4114
"17539",626,3,997.34,"2009-12-13 12:36:00","2010-03-22 16:50:00","Non-Cohort",4604
"14596",626,1,222.22,"2010-03-23 12:13:00","2010-03-23 12:13:00","Non-Cohort",1999
"16911",626,2,251.35,"2010-02-16 16:12:00","2010-03-22 15:57:00","Non-Cohort",4060
"12796",627,1,351.00,"2010-03-21 15:49:00","2010-03-21 15:49:00","Non-Cohort",413
"12368",627,1,917.70,"2010-03-21 15:56:00","2010-03-21 15:56:00","Non-Cohort",22
"17285",627,2,400.44,"2010-02-14 14:10:00","2010-03-21 13:38:00","Non-Cohort",4387
"16397",627,1,123.13,"2010-03-21 15:36:00","2010-03-21 15:36:00","Non-Cohort",3607
"17587",627,1,173.76,"2010-03-21 14:16:00","2010-03-21 14:16:00","Non-Cohort",4646
"17916",628,2,43.87,"2009-12-06 14:10:00","2010-03-21 12:26:00","Non-Cohort",4930
"16508",629,1,240.95,"2010-03-19 13:41:00","2010-03-19 13:41:00","Non-Cohort",3710
"15496",630,1,146.14,"2010-03-18 13:16:00","2010-03-18 13:16:00","Non-Cohort",2802
"13128",630,1,263.50,"2010-03-18 15:08:00","2010-03-18 15:08:00","Non-Cohort",703
"16452",630,2,332.17,"2010-01-15 12:22:00","2010-03-19 12:39:00","Non-Cohort",3659
"17933",631,1,105.99,"2010-03-17 15:11:00","2010-03-17 15:11:00","Non-Cohort",4946
"13902",631,5,30375.26,"2009-12-08 17:13:00","2010-03-17 13:09:00","Non-Cohort",1387
"18131",631,1,222.96,"2010-03-18 08:48:00","2010-03-18 08:48:00","Non-Cohort",5108
"14604",632,1,136.36,"2010-03-16 13:00:00","2010-03-16 13:00:00","Non-Cohort",2006
"17479",632,1,389.26,"2010-03-17 09:26:00","2010-03-17 09:26:00","Non-Cohort",4550
"17568",632,1,374.45,"2010-03-16 16:45:00","2010-03-16 16:45:00","Non-Cohort",4628
"18051",633,7,2275.98,"2009-12-09 12:17:00","2010-03-15 13:58:00","Non-Cohort",5039
"13543",633,2,1439.61,"2010-01-21 14:30:00","2010-03-15 13:34:00","Non-Cohort",1071
"12366",633,1,500.24,"2010-03-16 10:28:00","2010-03-16 10:28:00","Non-Cohort",20
"13530",633,1,402.98,"2010-03-15 14:10:00","2010-03-15 14:10:00","Non-Cohort",1061
"12495",634,1,243.40,"2010-03-09 10:53:00","2010-03-15 10:20:00","Non-Cohort",136
"13688",634,1,375.50,"2010-03-14 14:11:00","2010-03-14 14:11:00","Non-Cohort",1196
"13724",636,1,213.01,"2010-03-12 15:28:00","2010-03-12 15:28:00","Non-Cohort",1229
"12692",636,1,110.95,"2010-03-12 14:02:00","2010-03-12 14:02:00","Non-Cohort",317
"17065",637,2,194.70,"2010-03-12 11:40:00","2010-03-12 11:41:00","Non-Cohort",4196
"15558",638,1,131.88,"2010-03-10 15:25:00","2010-03-10 15:30:00","Non-Cohort",2858
"12954",638,1,162.45,"2010-03-11 10:16:00","2010-03-11 10:16:00","Non-Cohort",550
"13413",639,6,353.12,"2010-01-21 17:43:00","2010-03-10 12:17:00","Non-Cohort",950
"13454",640,1,219.87,"2010-03-08 14:40:00","2010-03-08 14:40:00","Non-Cohort",988
"15250",640,1,60.00,"2010-03-09 07:35:00","2010-03-09 07:35:00","Non-Cohort",2585
"17907",640,1,291.76,"2010-03-09 12:33:00","2010-03-09 12:33:00","Non-Cohort",4922
"17488",640,1,336.50,"2010-03-08 14:07:00","2010-03-08 14:07:00","Non-Cohort",4559
"17661",640,NULL,NULL,"2010-03-08 16:28:00","2010-03-08 16:28:00","Non-Cohort",4716
"15767",640,NULL,NULL,"2009-12-04 14:56:00","2010-03-08 15:48:00","Non-Cohort",3051
"13641",640,4,847.72,"2009-12-05 13:17:00","2010-03-09 07:37:00","Non-Cohort",1156
"16537",640,1,10.55,"2010-03-08 13:41:00","2010-03-08 13:41:00","Non-Cohort",3736
"14369",641,2,469.13,"2010-02-16 10:28:00","2010-03-07 15:47:00","Non-Cohort",1794
"16534",641,1,635.90,"2010-03-07 15:47:00","2010-03-07 15:47:00","Non-Cohort",3733
"15631",641,1,596.67,"2010-03-07 14:52:00","2010-03-07 14:52:00","Non-Cohort",2924
"18029",641,1,433.77,"2010-03-07 15:30:00","2010-03-07 15:30:00","Non-Cohort",5021
"18253",642,1,317.88,"2010-03-07 12:38:00","2010-03-07 12:38:00","Non-Cohort",5225
"15929",643,1,594.00,"2010-03-05 14:56:00","2010-03-05 14:56:00","Non-Cohort",3192
"14018",644,1,367.15,"2010-03-04 14:23:00","2010-03-04 14:23:00","Non-Cohort",1482
"12568",644,1,52.00,"2010-03-05 09:15:00","2010-03-05 09:15:00","Non-Cohort",202
"17577",644,2,348.75,"2010-02-09 10:10:00","2010-03-04 13:01:00","Non-Cohort",4636
"13879",645,1,395.50,"2010-03-04 10:49:00","2010-03-04 10:49:00","Non-Cohort",1365
"16285",645,1,176.90,"2010-03-03 16:03:00","2010-03-03 16:03:00","Non-Cohort",3505
"18152",645,1,426.69,"2010-03-03 15:26:00","2010-03-03 15:26:00","Non-Cohort",5128
"15875",645,1,108.52,"2010-03-03 16:51:00","2010-03-03 16:51:00","Non-Cohort",3150
"17638",646,2,842.40,"2009-12-18 09:58:00","2010-03-02 14:32:00","Non-Cohort",4694
"18148",646,1,112.85,"2010-03-03 11:40:00","2010-03-03 11:40:00","Non-Cohort",5124
"15927",646,1,106.54,"2010-03-02 13:25:00","2010-03-02 13:25:00","Non-Cohort",3190
"13793",646,1,96.00,"2010-03-03 08:25:00","2010-03-03 08:25:00","Non-Cohort",1289
"16731",647,1,170.30,"2010-03-01 15:05:00","2010-03-01 15:05:00","Non-Cohort",3902
"17116",647,1,389.78,"2010-03-01 16:29:00","2010-03-01 16:29:00","Non-Cohort",4243
"16273",647,2,318.34,"2010-02-21 16:02:00","2010-03-01 13:24:00","Non-Cohort",3494
"14131",648,1,168.22,"2010-03-01 11:59:00","2010-03-01 11:59:00","Non-Cohort",1590
"17209",648,3,595.70,"2009-12-03 11:10:00","2010-02-28 16:01:00","Non-Cohort",4323
"17305",648,1,2135.46,"2010-03-01 12:47:00","2010-03-01 12:47:00","Non-Cohort",4405
"15477",649,1,368.40,"2010-02-28 10:37:00","2010-02-28 10:37:00","Non-Cohort",2785
"15943",649,2,271.29,"2010-01-31 11:04:00","2010-02-28 12:49:00","Non-Cohort",3204
"18046",649,1,189.63,"2010-02-28 11:36:00","2010-02-28 11:36:00","Non-Cohort",5036
"14402",651,1,285.60,"2010-02-25 13:20:00","2010-02-25 13:20:00","Non-Cohort",1823
"13604",651,1,713.39,"2010-02-19 12:02:00","2010-02-25 18:38:00","Non-Cohort",1122
"17207",651,1,291.77,"2010-02-25 19:08:00","2010-02-25 19:08:00","Non-Cohort",4322
"13944",652,1,200.43,"2010-02-24 15:02:00","2010-02-24 15:02:00","Non-Cohort",1421
"14558",652,3,614.10,"2009-12-01 14:47:00","2010-02-24 17:01:00","Non-Cohort",1967
"13765",652,1,352.82,"2010-02-24 13:46:00","2010-02-24 13:46:00","Non-Cohort",1266
"13469",652,1,82.40,"2010-02-24 15:03:00","2010-02-24 15:03:00","Non-Cohort",1002
"16388",653,1,186.05,"2010-02-24 10:20:00","2010-02-24 10:20:00","Non-Cohort",3599
"13490",653,1,154.25,"2010-02-23 14:48:00","2010-02-23 14:48:00","Non-Cohort",1022
"14091",653,2,9530.08,"2010-01-10 13:41:00","2010-02-23 15:17:00","Non-Cohort",1553
"15295",653,1,207.04,"2010-02-23 13:03:00","2010-02-23 13:03:00","Non-Cohort",2626
"17195",654,1,562.98,"2010-02-22 13:05:00","2010-02-22 13:05:00","Non-Cohort",4312
"14726",654,1,116.50,"2010-02-23 12:35:00","2010-02-23 12:35:00","Non-Cohort",2117
"14783",654,1,305.35,"2010-02-18 16:16:00","2010-02-22 16:08:00","Non-Cohort",2169
"14602",655,1,205.36,"2010-02-21 15:47:00","2010-02-21 15:47:00","Non-Cohort",2004
"15928",655,1,293.53,"2010-02-21 15:16:00","2010-02-21 15:16:00","Non-Cohort",3191
"17439",655,1,325.74,"2010-02-22 12:48:00","2010-02-22 12:48:00","Non-Cohort",4517
"12416",656,1,202.56,"2010-02-21 10:19:00","2010-02-21 10:19:00","Non-Cohort",61
"13191",657,1,159.21,"2010-02-19 17:02:00","2010-02-19 17:02:00","Non-Cohort",761
"17721",658,1,307.21,"2010-02-18 15:18:00","2010-02-18 15:18:00","Non-Cohort",4768
"18153",658,1,246.22,"2010-02-18 15:50:00","2010-02-18 15:50:00","Non-Cohort",5129
"15693",658,1,37.50,"2010-02-18 14:37:00","2010-02-18 14:37:00","Non-Cohort",2982
"14244",658,1,354.82,"2010-02-17 11:40:00","2010-02-18 17:09:00","Non-Cohort",1690
"16481",659,1,430.93,"2010-01-26 13:09:00","2010-02-18 11:14:00","Non-Cohort",3686
"18267",659,1,252.87,"2010-02-05 08:43:00","2010-02-18 09:12:00","Non-Cohort",5238
"18285",660,1,377.00,"2010-02-17 10:24:00","2010-02-17 10:24:00","Non-Cohort",5255
"15662",660,2,283.73,"2009-12-01 13:49:00","2010-02-16 16:47:00","Non-Cohort",2953
"17136",661,1,231.68,"2010-02-15 13:13:00","2010-02-15 13:13:00","Non-Cohort",4261
"15371",661,1,59.40,"2010-02-15 13:14:00","2010-02-15 13:14:00","Non-Cohort",2692
"14989",661,1,342.40,"2010-02-16 10:40:00","2010-02-16 10:40:00","Non-Cohort",2351
"17662",661,2,412.92,"2009-12-17 09:54:00","2010-02-16 09:38:00","Non-Cohort",4717
"17778",661,1,197.70,"2010-02-16 12:44:00","2010-02-16 12:44:00","Non-Cohort",4815
"14943",662,1,107.62,"2010-02-14 16:04:00","2010-02-14 16:04:00","Non-Cohort",2308
"15964",662,1,269.21,"2010-02-14 15:30:00","2010-02-14 15:30:00","Non-Cohort",3222
"16822",663,1,144.84,"2009-12-08 17:05:00","2010-02-14 11:05:00","Non-Cohort",3981
"17108",663,1,174.95,"2010-02-14 12:22:00","2010-02-14 12:22:00","Non-Cohort",4235
"14190",665,1,79.90,"2010-02-11 14:27:00","2010-02-11 14:27:00","Non-Cohort",1642
"15293",665,1,247.50,"2010-02-12 11:54:00","2010-02-12 11:54:00","Non-Cohort",2625
"13442",666,3,419.87,"2009-12-01 14:59:00","2010-02-10 14:03:00","Non-Cohort",978
"17575",666,1,171.70,"2010-02-10 13:48:00","2010-02-10 13:48:00","Non-Cohort",4634
"15765",666,1,370.63,"2010-02-11 10:25:00","2010-02-11 10:25:00","Non-Cohort",3049
"14072",666,1,390.85,"2010-02-11 12:31:00","2010-02-11 12:31:00","Non-Cohort",1535
"17780",666,3,346.56,"2010-01-24 11:21:00","2010-02-10 13:43:00","Non-Cohort",4817
"16577",666,1,380.00,"2010-02-11 09:45:00","2010-02-11 09:45:00","Non-Cohort",3771
"12776",667,1,27.50,"2010-02-10 12:11:00","2010-02-10 12:11:00","Non-Cohort",394
"16436",667,3,231.84,"2009-12-06 16:02:00","2010-02-09 13:19:00","Non-Cohort",3644
"16530",667,1,48.35,"2010-02-09 15:30:00","2010-02-09 15:30:00","Non-Cohort",3729
"15082",668,1,93.35,"2010-02-09 10:23:00","2010-02-09 10:23:00","Non-Cohort",2437
"14884",668,1,120.60,"2010-02-08 12:56:00","2010-02-08 12:56:00","Non-Cohort",2258
"17319",668,1,29.10,"2010-02-08 15:47:00","2010-02-08 15:47:00","Non-Cohort",4415
"13119",668,1,134.90,"2010-02-09 08:38:00","2010-02-09 08:38:00","Non-Cohort",694
"17294",668,2,467.79,"2010-02-08 14:21:00","2010-02-08 16:12:00","Non-Cohort",4396
"17810",668,2,343.21,"2010-01-25 10:26:00","2010-02-09 10:47:00","Non-Cohort",4843
"15892",668,1,128.20,"2010-02-08 16:23:00","2010-02-08 16:23:00","Non-Cohort",3162
"18070",668,1,307.75,"2009-12-08 17:15:00","2010-02-08 13:28:00","Non-Cohort",5054
"16082",669,1,106.75,"2010-02-07 15:16:00","2010-02-07 15:16:00","Non-Cohort",3328
"14151",672,2,666.70,"2009-12-23 10:54:00","2010-02-04 15:35:00","Non-Cohort",1607
"13234",672,2,346.50,"2009-12-07 12:32:00","2010-02-05 11:41:00","Non-Cohort",798
"17328",672,1,104.70,"2010-02-04 17:11:00","2010-02-04 17:11:00","Non-Cohort",4421
"13009",672,1,234.00,"2010-02-05 12:22:00","2010-02-05 12:22:00","Non-Cohort",597
"14545",673,1,349.25,"2010-02-03 15:23:00","2010-02-03 15:23:00","Non-Cohort",1954
"12396",673,1,931.43,"2010-02-03 13:22:00","2010-02-03 13:22:00","Non-Cohort",44
"13553",674,1,499.60,"2010-02-03 12:21:00","2010-02-03 12:21:00","Non-Cohort",1078
"13757",674,1,195.55,"2010-02-03 12:37:00","2010-02-03 12:37:00","Non-Cohort",1258
"18175",675,1,176.10,"2010-02-02 10:25:00","2010-02-02 10:25:00","Non-Cohort",5151
"12848",675,1,208.00,"2010-02-02 12:45:00","2010-02-02 12:45:00","Non-Cohort",459
"18199",675,1,342.20,"2010-01-25 11:32:00","2010-02-02 08:39:00","Non-Cohort",5173
"13628",675,1,310.14,"2010-02-01 14:44:00","2010-02-01 14:44:00","Non-Cohort",1144
"13392",676,1,91.14,"2010-01-31 13:34:00","2010-01-31 13:34:00","Non-Cohort",931
"15338",676,1,277.93,"2010-01-31 14:25:00","2010-01-31 14:25:00","Non-Cohort",2665
"15317",676,1,112.05,"2009-12-08 16:43:00","2010-01-31 15:55:00","Non-Cohort",2648
"14637",676,1,106.68,"2010-01-31 15:52:00","2010-01-31 15:52:00","Non-Cohort",2033
"15588",677,1,579.60,"2010-01-31 12:19:00","2010-01-31 12:19:00","Non-Cohort",2883
"16802",678,2,582.61,"2009-12-09 13:00:00","2010-01-29 13:44:00","Non-Cohort",3963
"16673",678,1,171.13,"2010-01-29 14:22:00","2010-01-29 14:22:00","Non-Cohort",3855
"16137",679,1,422.70,"2010-01-28 15:04:00","2010-01-28 15:04:00","Non-Cohort",3377
"15487",679,1,231.32,"2010-01-29 12:07:00","2010-01-29 12:07:00","Non-Cohort",2794
"14613",679,1,76.32,"2010-01-28 13:02:00","2010-01-28 13:02:00","Non-Cohort",2012
"17982",680,1,138.18,"2010-01-28 09:38:00","2010-01-28 09:38:00","Non-Cohort",4986
"12869",681,1,337.67,"2010-01-27 12:10:00","2010-01-27 12:10:00","Non-Cohort",478
"16051",681,1,188.44,"2010-01-27 09:38:00","2010-01-27 09:38:00","Non-Cohort",3302
"14137",681,1,294.10,"2010-01-13 12:30:00","2010-01-27 10:21:00","Non-Cohort",1594
"15959",681,3,542.89,"2010-01-26 16:19:00","2010-01-26 16:38:00","Non-Cohort",3219
"14376",682,1,215.46,"2010-01-25 15:36:00","2010-01-25 15:36:00","Non-Cohort",1800
"12439",682,2,1089.18,"2009-12-14 08:40:00","2010-01-26 12:11:00","Non-Cohort",83
"14519",683,2,203.14,"2009-12-11 10:40:00","2010-01-25 11:18:00","Non-Cohort",1929
"14751",683,2,126.45,"2009-12-13 14:08:00","2010-01-24 13:37:00","Non-Cohort",2138
"13036",684,1,307.10,"2010-01-24 11:35:00","2010-01-24 11:35:00","Non-Cohort",619
"14879",684,1,185.06,"2010-01-24 11:35:00","2010-01-24 11:35:00","Non-Cohort",2253
"14070",684,1,321.60,"2010-01-24 12:27:00","2010-01-24 12:27:00","Non-Cohort",1533
"14274",685,1,256.60,"2010-01-22 12:51:00","2010-01-22 12:51:00","Non-Cohort",1716
"14063",686,7,9471.50,"2009-12-08 13:46:00","2010-01-22 11:28:00","Non-Cohort",1527
"17794",686,2,147.30,"2010-01-20 12:17:00","2010-01-22 10:18:00","Non-Cohort",4830
"17875",687,1,167.10,"2010-01-20 15:30:00","2010-01-20 15:30:00","Non-Cohort",4894
"14207",687,1,157.80,"2010-01-21 09:33:00","2010-01-21 09:33:00","Non-Cohort",1655
"13622",688,1,651.45,"2010-01-12 13:22:00","2010-01-20 10:30:00","Non-Cohort",1139
"14983",688,1,183.20,"2010-01-19 17:32:00","2010-01-19 17:32:00","Non-Cohort",2346
"13457",688,2,143.27,"2009-12-02 12:46:00","2010-01-20 08:48:00","Non-Cohort",991
"13315",688,1,310.26,"2010-01-19 15:34:00","2010-01-19 15:34:00","Non-Cohort",865
"15375",689,1,60.96,"2010-01-18 15:38:00","2010-01-18 15:38:00","Non-Cohort",2696
"16867",689,1,76.74,"2010-01-19 09:11:00","2010-01-19 09:11:00","Non-Cohort",4022
"12470",689,1,211.95,"2010-01-19 11:01:00","2010-01-19 11:01:00","Non-Cohort",111
"15697",689,1,246.75,"2010-01-19 09:10:00","2010-01-19 09:10:00","Non-Cohort",2986
"14892",690,1,202.35,"2010-01-18 08:58:00","2010-01-18 08:58:00","Non-Cohort",2266
"15413",691,5,6798.72,"2009-12-01 10:18:00","2010-01-17 11:33:00","Non-Cohort",2730
"13907",691,1,136.80,"2010-01-17 12:22:00","2010-01-17 12:22:00","Non-Cohort",1390
"12860",692,1,54.22,"2010-01-15 15:22:00","2010-01-15 15:22:00","Non-Cohort",469
"16304",694,1,381.66,"2010-01-14 08:30:00","2010-01-14 08:30:00","Non-Cohort",3523
"17352",695,1,36.25,"2010-01-12 16:13:00","2010-01-12 16:13:00","Non-Cohort",4442
"17945",696,3,359.50,"2010-01-12 11:33:00","2010-01-12 11:40:00","Non-Cohort",4955
"18115",697,1,9.70,"2010-01-11 11:57:00","2010-01-11 11:57:00","Non-Cohort",5093
"15324",700,1,140.22,"2010-01-07 14:37:00","2010-01-07 14:37:00","Non-Cohort",2655
"13749",700,NULL,NULL,"2010-01-07 16:52:00","2010-01-07 16:52:00","Non-Cohort",1250
"15409",701,1,117.20,"2009-12-18 15:35:00","2010-01-07 11:52:00","Non-Cohort",2726
"14969",703,1,906.23,"2010-01-05 12:43:00","2010-01-05 12:43:00","Non-Cohort",2332
"17632",716,NULL,NULL,"2009-12-22 10:40:00","2009-12-22 14:25:00","Non-Cohort",4689
"13111",718,1,321.88,"2009-12-21 09:00:00","2009-12-21 09:00:00","Non-Cohort",686
"13847",719,1,310.72,"2009-12-20 10:41:00","2009-12-20 10:41:00","Non-Cohort",1336
"17103",721,1,424.30,"2009-12-17 14:08:00","2009-12-17 14:08:00","Non-Cohort",4232
"16908",721,1,153.59,"2009-12-17 13:35:00","2009-12-17 13:38:00","Non-Cohort",4057
"15302",721,1,291.05,"2009-12-09 13:11:00","2009-12-17 17:39:00","Non-Cohort",2633
"17927",721,1,294.00,"2009-12-18 11:03:00","2009-12-18 11:03:00","Non-Cohort",4940
"16439",721,1,310.70,"2009-12-17 14:22:00","2009-12-17 14:22:00","Non-Cohort",3646
"16694",722,1,98.30,"2009-12-16 15:45:00","2009-12-16 15:45:00","Non-Cohort",3872
"16195",722,1,323.25,"2009-12-16 14:09:00","2009-12-16 14:09:00","Non-Cohort",3428
"18201",722,1,447.53,"2009-12-17 08:55:00","2009-12-17 08:55:00","Non-Cohort",5175
"17833",722,1,338.46,"2009-12-16 13:40:00","2009-12-16 13:40:00","Non-Cohort",4860
"18012",722,1,115.30,"2009-12-16 13:16:00","2009-12-16 13:16:00","Non-Cohort",5006
"18186",722,1,329.58,"2009-12-17 10:22:00","2009-12-17 10:22:00","Non-Cohort",5161
"14095",722,1,2.95,"2009-12-17 12:49:00","2009-12-17 12:49:00","Non-Cohort",1557
"16605",723,1,60.48,"2009-12-15 19:03:00","2009-12-15 19:03:00","Non-Cohort",3794
"12941",723,1,377.49,"2009-12-15 13:12:00","2009-12-15 13:12:00","Non-Cohort",537
"15499",723,1,158.65,"2009-12-16 12:17:00","2009-12-16 12:17:00","Non-Cohort",2805
"13289",723,1,307.95,"2009-12-16 11:53:00","2009-12-16 11:53:00","Non-Cohort",844
"15672",724,1,45.30,"2009-12-14 16:52:00","2009-12-14 16:52:00","Non-Cohort",2963
"17012",724,1,360.61,"2009-12-14 17:34:00","2009-12-14 17:34:00","Non-Cohort",4146
"12992",724,1,93.35,"2009-12-14 16:46:00","2009-12-14 16:46:00","Non-Cohort",581
"17318",724,1,157.33,"2009-12-14 13:11:00","2009-12-14 13:11:00","Non-Cohort",4414
"17067",724,3,454.54,"2009-12-08 12:03:00","2009-12-15 08:39:00","Non-Cohort",4198
"16064",724,1,109.31,"2009-12-14 16:11:00","2009-12-14 16:11:00","Non-Cohort",3313
"14042",724,1,431.98,"2009-12-14 15:07:00","2009-12-14 15:07:00","Non-Cohort",1506
"15188",724,1,310.43,"2009-12-14 13:30:00","2009-12-14 13:30:00","Non-Cohort",2531
"16280",724,1,238.05,"2009-12-14 15:49:00","2009-12-14 15:49:00","Non-Cohort",3500
"13087",725,1,313.64,"2009-12-13 15:16:00","2009-12-13 15:16:00","Non-Cohort",666
"14977",725,1,31.93,"2009-12-14 10:37:00","2009-12-14 10:37:00","Non-Cohort",2340
"17910",725,1,261.70,"2009-12-13 16:04:00","2009-12-13 16:04:00","Non-Cohort",4924
"15534",725,1,162.25,"2009-12-14 12:48:00","2009-12-14 12:48:00","Non-Cohort",2835
"17066",725,1,228.34,"2009-12-13 13:24:00","2009-12-13 13:24:00","Non-Cohort",4197
"17487",727,1,160.55,"2009-12-11 15:06:00","2009-12-11 15:06:00","Non-Cohort",4558
"17645",727,NULL,NULL,"2009-12-11 13:31:00","2009-12-11 13:31:00","Non-Cohort",4700
"16512",727,NULL,NULL,"2009-12-11 14:31:00","2009-12-11 14:31:00","Non-Cohort",3713
"16220",727,NULL,NULL,"2009-12-11 13:36:00","2009-12-11 13:36:00","Non-Cohort",3451
"16663",728,1,165.00,"2009-12-10 13:12:00","2009-12-10 13:12:00","Non-Cohort",3846
"12979",728,1,479.54,"2009-12-10 15:45:00","2009-12-10 15:57:00","Non-Cohort",569
"15162",728,1,241.50,"2009-12-08 13:14:00","2009-12-11 11:31:00","Non-Cohort",2510
"16901",728,1,204.26,"2009-12-10 16:30:00","2009-12-10 16:30:00","Non-Cohort",4050
"16580",728,NULL,NULL,"2009-12-11 12:40:00","2009-12-11 12:40:00","Non-Cohort",3773
"15209",729,1,178.98,"2009-12-09 17:26:00","2009-12-09 17:26:00","Non-Cohort",2549
"15642",729,1,105.78,"2009-12-10 11:51:00","2009-12-10 11:51:00","Non-Cohort",2934
"16459",729,1,71.79,"2009-12-10 12:42:00","2009-12-10 12:42:00","Non-Cohort",3666
"15085",729,1,347.54,"2009-12-10 11:47:00","2009-12-10 11:47:00","Non-Cohort",2439
"17296",729,1,338.13,"2009-12-09 14:01:00","2009-12-09 14:01:00","Non-Cohort",4398
"13498",729,1,327.38,"2009-12-09 15:26:00","2009-12-09 15:26:00","Non-Cohort",1030
"12487",730,1,259.80,"2009-12-09 09:16:00","2009-12-09 11:36:00","Non-Cohort",128
"14925",730,NULL,NULL,"2009-12-08 13:44:00","2009-12-08 13:44:00","Non-Cohort",2296
"14864",730,NULL,NULL,"2009-12-08 17:07:00","2009-12-08 17:07:00","Non-Cohort",2239
"13204",730,1,966.66,"2009-12-08 14:56:00","2009-12-08 14:56:00","Non-Cohort",772
"14337",730,NULL,NULL,"2009-12-08 14:04:00","2009-12-08 14:04:00","Non-Cohort",1767
"13114",730,1,234.38,"2009-12-09 09:56:00","2009-12-09 09:56:00","Non-Cohort",689
"12896",730,NULL,NULL,"2009-12-09 09:28:00","2009-12-09 09:28:00","Non-Cohort",499
"16853",730,NULL,NULL,"2009-12-08 17:32:00","2009-12-08 17:32:00","Non-Cohort",4011
"15924",730,1,102.82,"2009-12-08 15:00:00","2009-12-08 15:00:00","Non-Cohort",3187
"17178",730,1,432.96,"2009-12-08 16:20:00","2009-12-08 16:20:00","Non-Cohort",4297
"14763",731,NULL,NULL,"2009-12-07 17:59:00","2009-12-07 17:59:00","Non-Cohort",2150
"17441",731,1,293.35,"2009-12-07 13:32:00","2009-12-07 13:32:00","Non-Cohort",4519
"18162",731,1,371.51,"2009-12-07 13:24:00","2009-12-07 13:24:00","Non-Cohort",5138
"13025",731,1,323.39,"2009-12-08 10:02:00","2009-12-08 10:02:00","Non-Cohort",610
"12443",731,1,365.31,"2009-12-07 15:42:00","2009-12-07 15:42:00","Non-Cohort",86
"14574",732,1,143.70,"2009-12-07 12:42:00","2009-12-07 12:42:00","Non-Cohort",1980
"14955",732,1,163.77,"2009-12-07 11:35:00","2009-12-07 11:35:00","Non-Cohort",2319
"14717",732,1,72.80,"2009-12-06 12:46:00","2009-12-06 13:05:00","Non-Cohort",2110
"14003",732,1,209.41,"2009-12-07 08:53:00","2009-12-07 08:53:00","Non-Cohort",1468
"15479",732,1,147.40,"2009-12-06 15:08:00","2009-12-06 15:08:00","Non-Cohort",2787
"16964",732,2,207.85,"2009-12-06 12:51:00","2009-12-06 12:53:00","Non-Cohort",4108
"14123",732,1,436.18,"2009-12-06 15:35:00","2009-12-06 15:35:00","Non-Cohort",1582
"16410",733,1,130.32,"2009-12-05 14:51:00","2009-12-05 14:51:00","Non-Cohort",3620
"14468",733,1,204.24,"2009-12-06 12:21:00","2009-12-06 12:21:00","Non-Cohort",1882
"16277",733,1,188.69,"2009-12-06 11:27:00","2009-12-06 11:27:00","Non-Cohort",3497
"17151",734,1,231.90,"2009-12-04 14:56:00","2009-12-04 14:56:00","Non-Cohort",4272
"14979",734,1,429.66,"2009-12-04 12:54:00","2009-12-04 12:54:00","Non-Cohort",2342
"16541",734,1,419.78,"2009-12-04 12:29:00","2009-12-04 13:22:00","Non-Cohort",3739
"16192",735,1,351.30,"2009-12-04 12:28:00","2009-12-04 12:28:00","Non-Cohort",3426
"17271",735,1,204.30,"2009-12-03 13:49:00","2009-12-03 13:49:00","Non-Cohort",4378
"14750",735,1,112.03,"2009-12-03 17:57:00","2009-12-03 17:57:00","Non-Cohort",2137
"15794",735,2,777.00,"2009-12-02 15:10:00","2009-12-03 13:04:00","Non-Cohort",3075
"16645",735,1,160.39,"2009-12-04 09:49:00","2009-12-04 09:49:00","Non-Cohort",3830
"15999",735,1,20.40,"2009-12-04 12:31:00","2009-12-04 12:31:00","Non-Cohort",3254
"12934",736,1,181.65,"2009-12-03 10:51:00","2009-12-03 10:51:00","Non-Cohort",530
"14106",736,1,214.80,"2009-12-02 14:09:00","2009-12-02 14:09:00","Non-Cohort",1567
"14347",736,1,82.60,"2009-12-03 10:49:00","2009-12-03 10:49:00","Non-Cohort",1776
"17909",736,1,110.05,"2009-12-02 13:10:00","2009-12-02 13:10:00","Non-Cohort",4923
"16301",736,1,107.33,"2009-12-03 10:20:00","2009-12-03 10:20:00","Non-Cohort",3520
"14980",736,1,150.68,"2009-12-02 14:09:00","2009-12-02 14:09:00","Non-Cohort",2343
"17606",736,1,87.30,"2009-12-02 13:32:00","2009-12-02 13:32:00","Non-Cohort",4664
"13526",737,2,942.60,"2009-12-01 12:56:00","2009-12-01 13:14:00","Non-Cohort",1058
"17818",737,1,124.78,"2009-12-02 11:34:00","2009-12-02 11:34:00","Non-Cohort",4849
"17485",737,NULL,NULL,"2009-12-01 14:52:00","2009-12-01 14:52:00","Non-Cohort",4556
"14654",737,1,246.86,"2009-12-01 12:57:00","2009-12-01 12:57:00","Non-Cohort",2049
"15833",737,1,80.40,"2009-12-02 11:59:00","2009-12-02 11:59:00","Non-Cohort",3111
"17056",737,1,128.60,"2009-12-01 12:55:00","2009-12-01 12:55:00","Non-Cohort",4187
"17087",737,1,221.53,"2009-12-02 10:41:00","2009-12-02 10:41:00","Non-Cohort",4218
"17592",738,1,0.00,"2009-12-01 10:44:00","2009-12-01 10:49:00","Non-Cohort",4651
"17641",738,NULL,NULL,"2009-12-01 12:35:00","2009-12-01 12:35:00","Non-Cohort",4697
"13304",350,4,1120.79,"2010-02-08 12:42:00","2010-12-23 14:35:00","Nov 2010 Cohort",NULL
"13922",351,3,826.65,"2010-08-29 14:36:00","2010-12-23 10:38:00","Nov 2010 Cohort",NULL
"15562",351,3,671.43,"2009-12-13 15:17:00","2010-12-23 09:55:00","Nov 2010 Cohort",NULL
"12734",352,3,603.65,"2010-11-12 13:26:00","2010-12-22 12:47:00","Nov 2010 Cohort",NULL
"12515",352,1,278.70,"2010-12-21 15:43:00","2010-12-21 15:43:00","Nov 2010 Cohort",NULL
"16270",352,1,1141.24,"2010-12-21 14:26:00","2010-12-21 14:26:00","Nov 2010 Cohort",NULL
"13564",353,36,15613.10,"2009-12-02 11:55:00","2010-12-20 16:50:00","Nov 2010 Cohort",NULL
"15460",353,1,214.26,"2010-12-20 16:08:00","2010-12-20 16:08:00","Nov 2010 Cohort",NULL
"18176",353,1,448.65,"2010-12-16 15:45:00","2010-12-21 12:33:00","Nov 2010 Cohort",NULL
"14119",353,2,163.47,"2009-12-21 14:52:00","2010-12-20 13:58:00","Nov 2010 Cohort",NULL
"13369",353,1,213.75,"2010-12-09 11:30:00","2010-12-20 14:02:00","Nov 2010 Cohort",NULL
"17343",354,6,1259.94,"2009-12-03 18:30:00","2010-12-19 15:07:00","Nov 2010 Cohort",NULL
"15279",354,5,1554.84,"2010-02-02 10:15:00","2010-12-20 10:48:00","Nov 2010 Cohort",NULL
"18256",354,1,60.60,"2010-11-17 08:53:00","2010-12-20 08:27:00","Nov 2010 Cohort",NULL
"15204",356,1,316.58,"2010-12-17 13:49:00","2010-12-17 13:49:00","Nov 2010 Cohort",NULL
"13033",356,2,220.55,"2010-10-06 09:37:00","2010-12-17 14:23:00","Nov 2010 Cohort",NULL
"15160",356,4,589.27,"2010-10-14 15:26:00","2010-12-17 14:15:00","Nov 2010 Cohort",NULL
"18269",357,1,138.90,"2010-12-08 13:53:00","2010-12-16 15:39:00","Nov 2010 Cohort",NULL
"15224",357,5,837.26,"2010-01-15 16:14:00","2010-12-16 15:02:00","Nov 2010 Cohort",NULL
"13874",357,7,1989.20,"2009-12-11 13:23:00","2010-12-16 18:20:00","Nov 2010 Cohort",NULL
"14373",357,1,76.55,"2010-12-16 15:40:00","2010-12-16 15:40:00","Nov 2010 Cohort",NULL
"15789",357,6,1932.01,"2010-03-26 11:21:00","2010-12-16 14:35:00","Nov 2010 Cohort",NULL
"17691",357,4,627.35,"2010-06-11 11:50:00","2010-12-16 17:20:00","Nov 2010 Cohort",NULL
"12551",357,1,168.00,"2010-12-17 11:23:00","2010-12-17 11:23:00","Nov 2010 Cohort",NULL
"17496",358,4,1385.89,"2010-01-14 13:36:00","2010-12-16 08:39:00","Nov 2010 Cohort",NULL
"17752",358,1,80.64,"2010-12-15 16:19:00","2010-12-15 16:19:00","Nov 2010 Cohort",NULL
"17551",358,1,290.34,"2010-12-15 14:12:00","2010-12-15 14:12:00","Nov 2010 Cohort",NULL
"13829",358,1,0.00,"2010-10-14 18:19:00","2010-12-15 16:36:00","Nov 2010 Cohort",NULL
"18050",358,2,412.06,"2010-11-11 15:51:00","2010-12-15 14:25:00","Nov 2010 Cohort",NULL
"12666",358,1,1020.98,"2010-11-10 16:40:00","2010-12-15 14:42:00","Nov 2010 Cohort",NULL
"17525",359,3,1161.90,"2010-10-07 09:12:00","2010-12-15 12:05:00","Nov 2010 Cohort",NULL
"13295",359,4,1061.27,"2010-05-12 09:13:00","2010-12-15 11:21:00","Nov 2010 Cohort",NULL
"12797",359,2,387.43,"2010-10-11 12:53:00","2010-12-14 16:24:00","Nov 2010 Cohort",NULL
"16499",359,8,2509.64,"2010-06-11 12:22:00","2010-12-14 15:20:00","Nov 2010 Cohort",NULL
"16262",360,1,677.78,"2010-01-28 16:43:00","2010-12-14 11:55:00","Nov 2010 Cohort",NULL
"17524",360,3,508.90,"2010-09-27 16:20:00","2010-12-13 14:32:00","Nov 2010 Cohort",NULL
"18141",360,2,838.57,"2010-04-29 15:32:00","2010-12-14 11:09:00","Nov 2010 Cohort",NULL
"17194",360,2,776.66,"2010-06-27 13:16:00","2010-12-14 12:06:00","Nov 2010 Cohort",NULL
"17303",360,1,250.04,"2010-12-13 13:32:00","2010-12-13 13:32:00","Nov 2010 Cohort",NULL
"16812",360,4,2216.80,"2010-11-22 14:36:00","2010-12-14 12:35:00","Nov 2010 Cohort",NULL
"16202",360,9,2467.04,"2009-12-02 10:48:00","2010-12-14 10:43:00","Nov 2010 Cohort",NULL
"13948",360,4,536.86,"2009-12-04 12:14:00","2010-12-14 10:18:00","Nov 2010 Cohort",NULL
"15361",361,4,689.07,"2010-06-14 13:27:00","2010-12-13 09:52:00","Nov 2010 Cohort",NULL
"18004",361,1,157.92,"2010-12-12 13:47:00","2010-12-12 13:47:00","Nov 2010 Cohort",NULL
"14413",361,3,421.72,"2010-01-19 14:27:00","2010-12-12 13:37:00","Nov 2010 Cohort",NULL
"16665",361,1,135.40,"2010-12-12 14:03:00","2010-12-12 14:03:00","Nov 2010 Cohort",NULL
"15454",361,2,303.89,"2010-03-31 13:15:00","2010-12-12 14:21:00","Nov 2010 Cohort",NULL
"17251",362,3,790.28,"2009-12-15 10:36:00","2010-12-12 11:06:00","Nov 2010 Cohort",NULL
"15503",362,2,257.30,"2009-12-13 11:34:00","2010-12-12 10:57:00","Nov 2010 Cohort",NULL
"16727",363,4,1377.77,"2010-01-20 10:48:00","2010-12-10 13:48:00","Nov 2010 Cohort",NULL
"16565",363,4,700.45,"2010-06-02 12:47:00","2010-12-10 15:21:00","Nov 2010 Cohort",NULL
"16579",364,1,264.45,"2010-10-10 11:58:00","2010-12-09 15:00:00","Nov 2010 Cohort",NULL
"17880",364,3,824.92,"2009-12-09 16:13:00","2010-12-10 10:21:00","Nov 2010 Cohort",NULL
"16795",364,3,2035.21,"2010-01-25 12:10:00","2010-12-09 14:08:00","Nov 2010 Cohort",NULL
"15723",364,4,930.70,"2010-05-14 12:55:00","2010-12-10 11:12:00","Nov 2010 Cohort",NULL
"17978",364,4,1159.99,"2009-12-08 13:27:00","2010-12-09 14:05:00","Nov 2010 Cohort",NULL
"14082",364,2,413.36,"2010-11-12 11:47:00","2010-12-10 11:02:00","Nov 2010 Cohort",NULL
"12605",364,3,1117.45,"2010-09-07 14:21:00","2010-12-09 15:41:00","Nov 2010 Cohort",NULL
"15945",364,4,646.27,"2009-12-01 13:47:00","2010-12-09 13:14:00","Nov 2010 Cohort",NULL
"16065",364,8,1975.13,"2010-09-02 13:27:00","2010-12-09 13:03:00","Nov 2010 Cohort",NULL
"17307",364,11,3378.31,"2010-01-19 16:36:00","2010-12-09 15:24:00","Nov 2010 Cohort",NULL
"17456",364,2,975.56,"2010-09-09 15:28:00","2010-12-09 15:23:00","Nov 2010 Cohort",NULL
"16781",364,2,606.40,"2010-02-08 13:56:00","2010-12-09 15:18:00","Nov 2010 Cohort",NULL
"14355",365,3,840.05,"2010-03-22 15:08:00","2010-12-09 12:16:00","Nov 2010 Cohort",NULL
"16858",365,10,4085.74,"2009-12-15 11:09:00","2010-12-08 14:52:00","Nov 2010 Cohort",NULL
"16679",365,3,663.31,"2010-06-10 18:35:00","2010-12-08 13:51:00","Nov 2010 Cohort",NULL
"13370",365,1,721.32,"2010-12-03 10:26:00","2010-12-08 15:57:00","Nov 2010 Cohort",NULL
"15221",365,4,1702.00,"2010-03-12 10:40:00","2010-12-08 13:08:00","Nov 2010 Cohort",NULL
"14437",365,5,850.84,"2010-05-05 12:20:00","2010-12-09 09:27:00","Nov 2010 Cohort",NULL
"13270",365,1,590.00,"2010-12-08 14:53:00","2010-12-08 14:53:00","Nov 2010 Cohort",NULL
"14932",365,2,566.13,"2010-11-19 09:16:00","2010-12-09 11:48:00","Nov 2010 Cohort",NULL
"15347",365,4,1132.30,"2010-09-28 12:50:00","2010-12-08 15:25:00","Nov 2010 Cohort",NULL
"16252",365,1,0.00,"2010-11-22 11:57:00","2010-12-08 16:15:00","Nov 2010 Cohort",NULL
"15332",365,6,4892.68,"2010-07-14 13:01:00","2010-12-08 14:43:00","Nov 2010 Cohort",NULL
"12870",365,3,1662.05,"2010-03-25 14:32:00","2010-12-08 14:27:00","Nov 2010 Cohort",NULL
"13786",366,6,3112.99,"2009-12-03 15:32:00","2010-12-07 13:53:00","Nov 2010 Cohort",NULL
"15180",366,3,816.93,"2010-04-29 15:27:00","2010-12-07 14:57:00","Nov 2010 Cohort",NULL
"14821",366,7,1230.15,"2010-02-01 13:33:00","2010-12-08 08:43:00","Nov 2010 Cohort",NULL
"16893",366,2,249.47,"2010-11-28 15:14:00","2010-12-08 12:06:00","Nov 2010 Cohort",NULL
"16125",366,14,4292.35,"2009-12-14 15:38:00","2010-12-07 15:48:00","Nov 2010 Cohort",NULL
"13807",366,3,397.30,"2009-12-04 12:41:00","2010-12-07 15:48:00","Nov 2010 Cohort",NULL
"12441",366,1,155.55,"2010-12-08 10:45:00","2010-12-08 10:45:00","Nov 2010 Cohort",NULL
"16138",367,3,902.40,"2010-04-28 09:51:00","2010-12-06 15:10:00","Nov 2010 Cohort",NULL
"18119",367,1,180.70,"2010-12-07 11:59:00","2010-12-07 11:59:00","Nov 2010 Cohort",NULL
"16658",367,5,563.48,"2010-03-30 16:24:00","2010-12-06 13:47:00","Nov 2010 Cohort",NULL
"18113",368,1,76.32,"2010-12-06 12:31:00","2010-12-06 12:31:00","Nov 2010 Cohort",NULL
"15899",368,1,56.25,"2010-12-06 10:36:00","2010-12-06 10:36:00","Nov 2010 Cohort",NULL
"17860",368,4,717.39,"2009-12-11 16:48:00","2010-12-06 12:41:00","Nov 2010 Cohort",NULL
"16718",368,5,3006.08,"2009-12-06 13:07:00","2010-12-05 13:03:00","Nov 2010 Cohort",NULL
"15880",368,1,299.03,"2010-12-05 13:00:00","2010-12-05 13:09:00","Nov 2010 Cohort",NULL
"14813",369,4,888.91,"2010-04-08 11:49:00","2010-12-05 11:57:00","Nov 2010 Cohort",NULL
"16926",370,5,1158.66,"2010-07-01 12:57:00","2010-12-03 13:42:00","Nov 2010 Cohort",NULL
"12725",370,3,1906.76,"2010-05-04 13:59:00","2010-12-03 15:45:00","Nov 2010 Cohort",NULL
"12738",371,1,137.35,"2010-12-02 18:27:00","2010-12-02 18:27:00","Nov 2010 Cohort",NULL
"16754",371,29,54692.82,"2010-03-08 11:32:00","2010-12-02 17:38:00","Nov 2010 Cohort",NULL
"16995",371,NULL,NULL,"2010-12-02 17:09:00","2010-12-02 17:09:00","Nov 2010 Cohort",NULL
"16510",371,6,1757.25,"2010-01-17 12:30:00","2010-12-02 13:39:00","Nov 2010 Cohort",NULL
"12686",371,1,71.14,"2010-12-03 09:51:00","2010-12-03 09:51:00","Nov 2010 Cohort",NULL
"17547",371,2,692.35,"2010-02-12 14:34:00","2010-12-02 14:29:00","Nov 2010 Cohort",NULL
"17967",371,2,223.42,"2010-10-19 13:19:00","2010-12-03 11:19:00","Nov 2010 Cohort",NULL
"14576",371,1,35.40,"2010-12-02 17:51:00","2010-12-02 17:51:00","Nov 2010 Cohort",NULL
"15922",371,1,363.60,"2010-12-01 13:51:00","2010-12-02 13:05:00","Nov 2010 Cohort",NULL
"14589",371,1,39.75,"2010-12-03 11:42:00","2010-12-03 11:42:00","Nov 2010 Cohort",NULL
"17976",371,1,321.79,"2010-12-02 13:49:00","2010-12-02 13:49:00","Nov 2010 Cohort",NULL
"14679",371,3,1272.95,"2009-12-08 17:13:00","2010-12-03 10:07:00","Nov 2010 Cohort",NULL
"13011",371,1,50.55,"2010-12-02 17:22:00","2010-12-02 17:22:00","Nov 2010 Cohort",NULL
"13958",371,8,4504.78,"2009-12-05 13:12:00","2010-12-02 17:03:00","Nov 2010 Cohort",NULL
"14213",371,1,0.00,"2010-10-31 10:37:00","2010-12-03 09:47:00","Nov 2010 Cohort",NULL
"15923",372,1,127.08,"2010-12-02 12:16:00","2010-12-02 12:16:00","Nov 2010 Cohort",NULL
"13065",372,5,1050.10,"2010-06-10 11:44:00","2010-12-01 16:52:00","Nov 2010 Cohort",NULL
"13108",372,2,748.46,"2010-09-30 17:09:00","2010-12-02 10:35:00","Nov 2010 Cohort",NULL
"16274",372,1,331.55,"2010-12-01 15:35:00","2010-12-01 15:35:00","Nov 2010 Cohort",NULL
"17732",372,8,2144.17,"2010-08-09 08:41:00","2010-12-02 09:29:00","Nov 2010 Cohort",NULL
"12855",372,4,612.84,"2010-11-02 18:16:00","2010-12-02 09:37:00","Nov 2010 Cohort",NULL
"15070",372,3,737.05,"2009-12-15 13:49:00","2010-12-02 11:23:00","Nov 2010 Cohort",NULL
"17925",372,1,244.08,"2010-12-02 10:10:00","2010-12-02 10:10:00","Nov 2010 Cohort",NULL
"15165",372,1,487.75,"2010-12-01 14:03:00","2010-12-01 14:03:00","Nov 2010 Cohort",NULL
"16752",372,1,207.50,"2010-12-02 12:18:00","2010-12-02 12:18:00","Nov 2010 Cohort",NULL
"17855",372,1,208.97,"2010-12-02 09:44:00","2010-12-02 09:44:00","Nov 2010 Cohort",NULL
"14237",372,2,466.04,"2010-04-28 10:04:00","2010-12-01 13:20:00","Nov 2010 Cohort",NULL
"14142",372,2,655.94,"2010-03-03 15:13:00","2010-12-01 16:33:00","Nov 2010 Cohort",NULL
"18011",372,2,410.79,"2010-05-21 13:28:00","2010-12-01 17:35:00","Nov 2010 Cohort",NULL
"17643",372,2,439.70,"2010-07-22 13:07:00","2010-12-01 14:38:00","Nov 2010 Cohort",NULL
"15350",372,2,547.60,"2010-11-21 15:14:00","2010-12-01 13:33:00","Nov 2010 Cohort",NULL
"13747",373,2,169.80,"2010-10-11 09:15:00","2010-12-01 10:37:00","Nov 2010 Cohort",NULL
"16583",373,2,297.95,"2010-02-04 12:18:00","2010-12-01 12:03:00","Nov 2010 Cohort",NULL
"13444",373,2,619.08,"2010-07-21 14:34:00","2010-11-30 13:02:00","Nov 2010 Cohort",NULL
"17281",373,6,797.85,"2010-02-04 13:00:00","2010-11-30 18:05:00","Nov 2010 Cohort",NULL
"17908",373,5,1088.82,"2009-12-14 12:24:00","2010-12-01 11:45:00","Nov 2010 Cohort",NULL
"17826",373,1,133.34,"2010-11-30 13:23:00","2010-11-30 13:23:00","Nov 2010 Cohort",NULL
"17170",373,2,118.98,"2010-11-02 17:45:00","2010-11-30 15:55:00","Nov 2010 Cohort",NULL
"13010",373,2,330.12,"2010-03-01 11:28:00","2010-11-30 15:09:00","Nov 2010 Cohort",NULL
"16228",373,3,881.06,"2010-11-04 18:54:00","2010-11-30 13:53:00","Nov 2010 Cohort",NULL
"17342",373,4,1155.84,"2010-02-08 09:16:00","2010-11-30 14:08:00","Nov 2010 Cohort",NULL
"14729",373,3,586.24,"2010-03-24 13:30:00","2010-12-01 12:43:00","Nov 2010 Cohort",NULL
"17378",373,1,0.00,"2010-11-30 15:52:00","2010-11-30 18:46:00","Nov 2010 Cohort",NULL
"18074",373,2,1019.44,"2010-07-22 10:31:00","2010-12-01 09:53:00","Nov 2010 Cohort",NULL
"12791",373,5,656.83,"2010-03-25 17:29:00","2010-12-01 11:27:00","Nov 2010 Cohort",NULL
"18039",373,4,548.22,"2010-03-09 11:19:00","2010-11-30 13:07:00","Nov 2010 Cohort",NULL
"17968",373,4,590.44,"2010-07-15 15:01:00","2010-12-01 12:23:00","Nov 2010 Cohort",NULL
"16355",373,1,349.20,"2010-11-29 14:21:00","2010-11-30 15:08:00","Nov 2010 Cohort",NULL
"15960",373,4,394.00,"2010-09-30 15:50:00","2010-11-30 15:57:00","Nov 2010 Cohort",NULL
"14605",373,4,920.71,"2009-12-08 13:59:00","2010-11-30 14:07:00","Nov 2010 Cohort",NULL
"14170",374,3,570.18,"2010-11-09 14:06:00","2010-11-29 13:10:00","Nov 2010 Cohort",NULL
"15828",374,1,1108.82,"2010-11-29 16:41:00","2010-11-29 16:41:00","Nov 2010 Cohort",NULL
"17814",374,2,1609.37,"2010-10-13 14:03:00","2010-11-29 14:21:00","Nov 2010 Cohort",NULL
"16223",374,2,1087.05,"2010-11-09 12:07:00","2010-11-30 11:50:00","Nov 2010 Cohort",NULL
"17688",374,1,286.50,"2010-11-11 10:41:00","2010-11-30 10:51:00","Nov 2010 Cohort",NULL
"12351",374,1,300.93,"2010-11-29 15:23:00","2010-11-29 15:23:00","Nov 2010 Cohort",NULL
"16194",374,1,308.60,"2010-11-29 13:28:00","2010-11-29 13:28:00","Nov 2010 Cohort",NULL
"14008",374,1,493.74,"2010-10-03 13:09:00","2010-11-29 13:19:00","Nov 2010 Cohort",NULL
"15369",374,11,3346.43,"2009-12-08 07:43:00","2010-11-30 12:09:00","Nov 2010 Cohort",NULL
"16421",375,3,526.27,"2010-08-27 12:02:00","2010-11-28 13:31:00","Nov 2010 Cohort",NULL
"12767",375,1,949.82,"2010-11-29 09:38:00","2010-11-29 09:38:00","Nov 2010 Cohort",NULL
"17322",375,5,900.64,"2009-12-03 11:46:00","2010-11-28 14:41:00","Nov 2010 Cohort",NULL
"12996",375,1,355.50,"2010-11-29 09:27:00","2010-11-29 09:27:00","Nov 2010 Cohort",NULL
"15989",375,2,368.31,"2009-12-02 15:51:00","2010-11-29 12:03:00","Nov 2010 Cohort",NULL
"15583",375,1,95.96,"2010-11-28 15:04:00","2010-11-28 15:04:00","Nov 2010 Cohort",NULL
"13254",375,1,51.41,"2010-11-28 15:42:00","2010-11-28 15:42:00","Nov 2010 Cohort",NULL
"17607",375,1,333.81,"2010-11-28 13:11:00","2010-11-28 13:11:00","Nov 2010 Cohort",NULL
"15404",375,1,257.06,"2010-11-29 11:03:00","2010-11-29 11:03:00","Nov 2010 Cohort",NULL
"18003",375,1,353.51,"2010-11-28 15:09:00","2010-11-28 15:09:00","Nov 2010 Cohort",NULL
"15037",375,2,397.76,"2010-11-28 12:14:00","2010-11-28 13:05:00","Nov 2010 Cohort",NULL
"14986",375,2,563.10,"2010-01-24 15:54:00","2010-11-28 15:25:00","Nov 2010 Cohort",NULL
"18002",375,4,237.62,"2009-12-08 11:07:00","2010-11-29 10:57:00","Nov 2010 Cohort",NULL
"17756",375,3,728.75,"2010-11-10 12:54:00","2010-11-29 12:20:00","Nov 2010 Cohort",NULL
"14510",375,3,964.55,"2010-09-29 13:35:00","2010-11-29 12:46:00","Nov 2010 Cohort",NULL
"17804",375,3,383.78,"2009-12-01 12:22:00","2010-11-28 14:01:00","Nov 2010 Cohort",NULL
"14454",375,5,970.70,"2009-12-06 12:56:00","2010-11-28 13:26:00","Nov 2010 Cohort",NULL
"15580",376,8,1216.15,"2010-02-07 11:21:00","2010-11-28 11:01:00","Nov 2010 Cohort",NULL
"17150",376,6,1357.95,"2009-12-06 10:51:00","2010-11-28 11:27:00","Nov 2010 Cohort",NULL
"15446",376,3,390.00,"2009-12-13 13:53:00","2010-11-28 11:59:00","Nov 2010 Cohort",NULL
"13542",376,17,3924.09,"2009-12-10 19:53:00","2010-11-28 11:24:00","Nov 2010 Cohort",NULL
"16254",377,3,967.44,"2010-03-17 15:43:00","2010-11-26 13:22:00","Nov 2010 Cohort",NULL
"13891",377,3,859.21,"2010-05-06 16:02:00","2010-11-26 15:57:00","Nov 2010 Cohort",NULL
"17952",377,4,788.46,"2010-06-16 11:54:00","2010-11-26 13:54:00","Nov 2010 Cohort",NULL
"15914",377,2,205.99,"2010-11-26 16:09:00","2010-11-26 16:10:00","Nov 2010 Cohort",NULL
"16874",378,1,209.89,"2010-11-25 13:08:00","2010-11-25 13:08:00","Nov 2010 Cohort",NULL
"17283",378,1,188.46,"2010-11-26 11:53:00","2010-11-26 11:53:00","Nov 2010 Cohort",NULL
"17882",378,2,291.56,"2010-11-25 14:35:00","2010-11-25 14:40:00","Nov 2010 Cohort",NULL
"16231",378,4,1074.47,"2010-04-21 12:06:00","2010-11-25 15:00:00","Nov 2010 Cohort",NULL
"12961",378,1,211.99,"2010-11-25 16:44:00","2010-11-25 16:44:00","Nov 2010 Cohort",NULL
"12385",378,1,1668.40,"2010-11-25 15:14:00","2010-11-25 15:14:00","Nov 2010 Cohort",NULL
"18031",378,1,451.30,"2010-11-26 11:00:00","2010-11-26 11:00:00","Nov 2010 Cohort",NULL
"13019",378,6,1212.95,"2009-12-06 15:40:00","2010-11-25 14:56:00","Nov 2010 Cohort",NULL
"14721",378,1,109.07,"2010-11-25 13:08:00","2010-11-25 13:08:00","Nov 2010 Cohort",NULL
"17989",378,1,207.33,"2010-11-25 13:49:00","2010-11-25 13:49:00","Nov 2010 Cohort",NULL
"15961",378,1,451.29,"2010-11-25 15:59:00","2010-11-25 15:59:00","Nov 2010 Cohort",NULL
"15936",378,2,282.79,"2010-08-29 11:42:00","2010-11-25 16:39:00","Nov 2010 Cohort",NULL
"15020",378,1,198.47,"2010-11-25 13:29:00","2010-11-25 13:29:00","Nov 2010 Cohort",NULL
"13202",378,7,1571.35,"2009-12-09 10:48:00","2010-11-26 12:05:00","Nov 2010 Cohort",NULL
"15495",378,1,246.50,"2010-11-25 13:46:00","2010-11-25 13:46:00","Nov 2010 Cohort",NULL
"18076",379,1,151.49,"2010-11-24 14:02:00","2010-11-24 14:02:00","Nov 2010 Cohort",NULL
"16699",379,7,964.90,"2009-12-04 13:31:00","2010-11-24 14:38:00","Nov 2010 Cohort",NULL
"15902",379,1,145.01,"2010-11-24 16:57:00","2010-11-24 16:57:00","Nov 2010 Cohort",NULL
"17167",379,3,867.11,"2010-09-20 14:02:00","2010-11-25 10:05:00","Nov 2010 Cohort",NULL
"15476",379,4,2180.28,"2010-09-23 14:00:00","2010-11-24 15:17:00","Nov 2010 Cohort",NULL
"13987",379,2,682.54,"2010-11-04 09:54:00","2010-11-25 10:20:00","Nov 2010 Cohort",NULL
"18025",379,6,1177.72,"2010-03-30 17:33:00","2010-11-25 12:37:00","Nov 2010 Cohort",NULL
"16489",379,2,303.70,"2010-09-29 15:02:00","2010-11-24 14:40:00","Nov 2010 Cohort",NULL
"17996",379,3,469.73,"2010-06-11 11:48:00","2010-11-25 11:00:00","Nov 2010 Cohort",NULL
"17998",379,3,601.74,"2009-12-01 13:07:00","2010-11-24 15:35:00","Nov 2010 Cohort",NULL
"15509",379,1,152.41,"2010-11-24 14:48:00","2010-11-24 14:48:00","Nov 2010 Cohort",NULL
"15084",379,2,965.20,"2010-03-04 10:45:00","2010-11-25 11:58:00","Nov 2010 Cohort",NULL
"13554",379,7,1547.46,"2010-09-19 12:39:00","2010-11-24 15:05:00","Nov 2010 Cohort",NULL
"17598",380,1,409.98,"2010-11-23 17:43:00","2010-11-23 17:43:00","Nov 2010 Cohort",NULL
"15173",380,7,1399.26,"2010-04-01 12:26:00","2010-11-24 10:21:00","Nov 2010 Cohort",NULL
"13181",380,1,359.69,"2010-11-23 15:05:00","2010-11-23 15:05:00","Nov 2010 Cohort",NULL
"18047",380,2,326.09,"2010-11-23 12:57:00","2010-11-23 13:11:00","Nov 2010 Cohort",NULL
"16001",380,1,519.06,"2010-06-15 09:51:00","2010-11-23 17:10:00","Nov 2010 Cohort",NULL
"17766",380,2,299.61,"2010-11-23 14:17:00","2010-11-23 14:29:00","Nov 2010 Cohort",NULL
"12889",380,4,365.66,"2010-07-25 14:32:00","2010-11-23 16:08:00","Nov 2010 Cohort",NULL
"14458",380,1,219.27,"2010-11-24 12:43:00","2010-11-24 12:43:00","Nov 2010 Cohort",NULL
"16437",380,2,301.25,"2010-10-06 12:34:00","2010-11-23 16:59:00","Nov 2010 Cohort",NULL
"13624",380,1,427.18,"2010-11-16 13:43:00","2010-11-23 18:42:00","Nov 2010 Cohort",NULL
"16590",380,2,563.60,"2010-10-21 12:09:00","2010-11-23 19:01:00","Nov 2010 Cohort",NULL
"14252",380,1,350.99,"2010-11-23 13:36:00","2010-11-23 13:36:00","Nov 2010 Cohort",NULL
"14202",380,3,847.76,"2010-03-25 10:36:00","2010-11-23 17:13:00","Nov 2010 Cohort",NULL
"13843",380,1,319.75,"2010-11-23 17:48:00","2010-11-23 17:48:00","Nov 2010 Cohort",NULL
"16935",381,3,530.86,"2010-10-14 13:09:00","2010-11-23 09:16:00","Nov 2010 Cohort",NULL
"15590",381,5,1496.60,"2010-04-12 10:09:00","2010-11-22 14:49:00","Nov 2010 Cohort",NULL
"16821",381,1,113.35,"2010-11-23 10:04:00","2010-11-23 10:04:00","Nov 2010 Cohort",NULL
"14994",381,5,886.64,"2010-03-26 12:40:00","2010-11-22 12:59:00","Nov 2010 Cohort",NULL
"15169",381,2,569.22,"2009-12-13 11:16:00","2010-11-22 13:04:00","Nov 2010 Cohort",NULL
"12880",381,2,640.13,"2010-05-14 11:57:00","2010-11-23 10:50:00","Nov 2010 Cohort",NULL
"17098",381,3,591.07,"2010-06-17 10:30:00","2010-11-23 12:13:00","Nov 2010 Cohort",NULL
"16373",381,2,309.49,"2010-10-24 13:10:00","2010-11-22 15:50:00","Nov 2010 Cohort",NULL
"12805",381,4,1230.95,"2010-02-03 09:06:00","2010-11-23 12:27:00","Nov 2010 Cohort",NULL
"17713",381,4,1198.09,"2010-06-09 09:33:00","2010-11-22 16:50:00","Nov 2010 Cohort",NULL
"14478",381,4,1276.66,"2009-12-01 13:20:00","2010-11-22 15:29:00","Nov 2010 Cohort",NULL
"17872",381,1,235.87,"2010-11-23 12:02:00","2010-11-23 12:02:00","Nov 2010 Cohort",NULL
"14926",381,2,337.65,"2010-04-20 09:59:00","2010-11-23 07:13:00","Nov 2010 Cohort",NULL
"16155",381,5,781.05,"2010-06-18 11:23:00","2010-11-23 12:03:00","Nov 2010 Cohort",NULL
"17782",382,2,679.02,"2010-11-22 10:03:00","2010-11-22 11:15:00","Nov 2010 Cohort",NULL
"16972",382,2,749.00,"2010-09-09 11:20:00","2010-11-22 10:59:00","Nov 2010 Cohort",NULL
"14134",382,15,11123.35,"2009-12-10 09:25:00","2010-11-22 12:26:00","Nov 2010 Cohort",NULL
"16946",382,5,1199.54,"2010-03-02 10:49:00","2010-11-21 14:06:00","Nov 2010 Cohort",NULL
"15519",382,2,344.61,"2010-09-19 13:57:00","2010-11-21 14:35:00","Nov 2010 Cohort",NULL
"17275",382,1,114.10,"2010-11-21 13:26:00","2010-11-21 13:26:00","Nov 2010 Cohort",NULL
"13086",382,1,439.33,"2010-11-22 10:28:00","2010-11-22 10:28:00","Nov 2010 Cohort",NULL
"12807",382,1,229.95,"2010-11-18 13:20:00","2010-11-21 14:21:00","Nov 2010 Cohort",NULL
"12858",382,1,147.27,"2010-11-21 12:55:00","2010-11-21 12:55:00","Nov 2010 Cohort",NULL
"16501",382,1,1191.23,"2010-11-21 14:10:00","2010-11-21 14:10:00","Nov 2010 Cohort",NULL
"13550",382,1,342.55,"2010-11-21 15:24:00","2010-11-21 15:24:00","Nov 2010 Cohort",NULL
"15155",382,1,383.97,"2010-11-21 12:59:00","2010-11-21 12:59:00","Nov 2010 Cohort",NULL
"17036",382,1,176.90,"2010-11-21 14:26:00","2010-11-21 14:26:00","Nov 2010 Cohort",NULL
"15377",382,4,1179.95,"2010-10-20 11:42:00","2010-11-22 08:55:00","Nov 2010 Cohort",NULL
"12887",383,1,222.40,"2010-11-21 11:18:00","2010-11-21 11:18:00","Nov 2010 Cohort",NULL
"17335",383,2,497.04,"2010-01-24 11:15:00","2010-11-21 10:17:00","Nov 2010 Cohort",NULL
"13275",383,2,238.86,"2010-03-17 14:05:00","2010-11-21 12:09:00","Nov 2010 Cohort",NULL
"13156",384,3,1586.54,"2010-02-01 13:45:00","2010-11-19 13:09:00","Nov 2010 Cohort",NULL
"12978",384,5,2496.07,"2009-12-10 11:23:00","2010-11-19 14:29:00","Nov 2010 Cohort",NULL
"12874",384,2,858.42,"2010-06-03 12:51:00","2010-11-19 15:23:00","Nov 2010 Cohort",NULL
"15846",384,1,107.01,"2010-11-19 14:40:00","2010-11-19 14:40:00","Nov 2010 Cohort",NULL
"17493",384,1,100.91,"2010-11-19 16:57:00","2010-11-19 16:57:00","Nov 2010 Cohort",NULL
"16346",384,1,224.51,"2010-11-19 15:55:00","2010-11-19 15:55:00","Nov 2010 Cohort",NULL
"13961",384,1,498.70,"2010-11-12 14:40:00","2010-11-19 15:13:00","Nov 2010 Cohort",NULL
"15138",384,1,486.59,"2010-11-11 09:16:00","2010-11-19 14:28:00","Nov 2010 Cohort",NULL
"17241",384,12,2736.64,"2010-02-15 14:47:00","2010-11-19 13:01:00","Nov 2010 Cohort",NULL
"17532",385,1,65.34,"2010-11-19 08:13:00","2010-11-19 08:13:00","Nov 2010 Cohort",NULL
"13996",385,2,845.76,"2010-11-05 15:07:00","2010-11-18 16:27:00","Nov 2010 Cohort",NULL
"13970",385,2,846.55,"2010-09-28 11:53:00","2010-11-18 13:21:00","Nov 2010 Cohort",NULL
"12419",385,2,391.01,"2010-10-22 10:40:00","2010-11-19 10:04:00","Nov 2010 Cohort",NULL
"12467",385,1,0.00,"2010-10-12 15:41:00","2010-11-18 15:53:00","Nov 2010 Cohort",NULL
"16973",385,1,127.00,"2010-11-18 13:56:00","2010-11-18 13:56:00","Nov 2010 Cohort",NULL
"17355",385,1,273.31,"2010-11-18 13:18:00","2010-11-18 13:18:00","Nov 2010 Cohort",NULL
"14614",385,1,295.13,"2010-11-18 13:04:00","2010-11-18 13:04:00","Nov 2010 Cohort",NULL
"17089",385,1,128.45,"2010-11-18 15:33:00","2010-11-18 15:33:00","Nov 2010 Cohort",NULL
"17421",385,3,1059.41,"2009-12-04 15:43:00","2010-11-18 16:57:00","Nov 2010 Cohort",NULL
"12629",385,2,1198.22,"2010-10-12 16:40:00","2010-11-19 09:18:00","Nov 2010 Cohort",NULL
"17868",385,1,227.15,"2010-11-18 18:55:00","2010-11-18 18:55:00","Nov 2010 Cohort",NULL
"16089",385,2,263.49,"2010-07-18 15:51:00","2010-11-18 13:51:00","Nov 2010 Cohort",NULL
"17269",385,1,491.81,"2010-11-19 11:12:00","2010-11-19 11:12:00","Nov 2010 Cohort",NULL
"16599",385,1,172.80,"2010-11-19 12:45:00","2010-11-19 12:45:00","Nov 2010 Cohort",NULL
"17683",385,3,819.01,"2010-06-03 17:15:00","2010-11-19 10:11:00","Nov 2010 Cohort",NULL
"13665",385,3,1711.66,"2010-07-23 13:29:00","2010-11-18 13:06:00","Nov 2010 Cohort",NULL
"16588",385,4,1361.28,"2010-05-14 13:43:00","2010-11-18 17:56:00","Nov 2010 Cohort",NULL
"13605",386,2,522.67,"2010-05-17 15:46:00","2010-11-17 17:16:00","Nov 2010 Cohort",NULL
"14811",386,1,170.50,"2010-11-17 13:09:00","2010-11-17 13:09:00","Nov 2010 Cohort",NULL
"18195",386,1,101.16,"2010-11-17 15:03:00","2010-11-17 15:03:00","Nov 2010 Cohort",NULL
"17776",386,2,322.55,"2009-12-16 14:59:00","2010-11-18 12:14:00","Nov 2010 Cohort",NULL
"17200",386,4,356.71,"2010-02-25 13:23:00","2010-11-17 13:04:00","Nov 2010 Cohort",NULL
"17310",386,2,1025.10,"2010-06-23 11:38:00","2010-11-17 16:00:00","Nov 2010 Cohort",NULL
"14405",386,1,195.00,"2010-11-18 11:40:00","2010-11-18 11:40:00","Nov 2010 Cohort",NULL
"15515",386,1,171.81,"2010-11-17 13:39:00","2010-11-17 13:39:00","Nov 2010 Cohort",NULL
"13964",386,2,421.90,"2010-10-05 12:38:00","2010-11-17 13:53:00","Nov 2010 Cohort",NULL
"13864",386,1,662.40,"2010-11-18 12:50:00","2010-11-18 12:50:00","Nov 2010 Cohort",NULL
"13597",387,2,377.21,"2010-11-02 09:30:00","2010-11-16 13:53:00","Nov 2010 Cohort",NULL
"15842",387,2,528.75,"2010-06-30 09:06:00","2010-11-16 17:58:00","Nov 2010 Cohort",NULL
"15161",387,1,119.92,"2010-11-16 16:08:00","2010-11-16 16:08:00","Nov 2010 Cohort",NULL
"13795",387,4,836.30,"2010-03-12 12:44:00","2010-11-16 17:25:00","Nov 2010 Cohort",NULL
"13789",387,1,239.46,"2010-11-16 15:31:00","2010-11-16 15:31:00","Nov 2010 Cohort",NULL
"15968",387,1,401.80,"2010-11-16 13:04:00","2010-11-16 13:04:00","Nov 2010 Cohort",NULL
"14417",387,1,524.65,"2010-11-17 10:55:00","2010-11-17 10:55:00","Nov 2010 Cohort",NULL
"13237",387,1,643.00,"2010-11-17 10:07:00","2010-11-17 10:07:00","Nov 2010 Cohort",NULL
"14192",387,1,293.74,"2010-11-16 17:44:00","2010-11-16 17:44:00","Nov 2010 Cohort",NULL
"17689",387,2,317.08,"2010-08-22 13:54:00","2010-11-16 13:22:00","Nov 2010 Cohort",NULL
"14526",388,1,258.65,"2010-11-15 13:32:00","2010-11-15 13:32:00","Nov 2010 Cohort",NULL
"17992",388,1,252.88,"2010-11-15 13:04:00","2010-11-15 13:04:00","Nov 2010 Cohort",NULL
"14358",388,2,400.06,"2010-10-07 17:26:00","2010-11-15 15:51:00","Nov 2010 Cohort",NULL
"13353",388,NULL,NULL,"2010-11-16 11:14:00","2010-11-16 11:14:00","Nov 2010 Cohort",NULL
"17106",388,1,481.58,"2010-11-15 14:11:00","2010-11-15 14:11:00","Nov 2010 Cohort",NULL
"17740",388,6,426.90,"2010-01-11 13:11:00","2010-11-15 16:33:00","Nov 2010 Cohort",NULL
"14065",388,3,889.37,"2010-10-04 12:03:00","2010-11-15 16:13:00","Nov 2010 Cohort",NULL
"16087",388,5,1739.92,"2010-01-19 12:30:00","2010-11-15 16:44:00","Nov 2010 Cohort",NULL
"13582",389,2,241.68,"2010-04-01 11:38:00","2010-11-15 11:34:00","Nov 2010 Cohort",NULL
"17497",389,2,287.25,"2010-04-08 08:01:00","2010-11-14 14:17:00","Nov 2010 Cohort",NULL
"12376",389,2,383.15,"2010-10-18 08:42:00","2010-11-15 12:15:00","Nov 2010 Cohort",NULL
"16074",389,1,252.50,"2010-11-14 13:19:00","2010-11-14 13:19:00","Nov 2010 Cohort",NULL
"15283",389,3,135.43,"2010-07-09 15:46:00","2010-11-14 14:54:00","Nov 2010 Cohort",NULL
"14599",389,2,457.89,"2010-07-18 15:54:00","2010-11-14 14:49:00","Nov 2010 Cohort",NULL
"16314",389,3,1491.40,"2010-08-24 11:52:00","2010-11-15 12:06:00","Nov 2010 Cohort",NULL
"17544",389,3,944.82,"2010-11-14 14:47:00","2010-11-14 15:08:00","Nov 2010 Cohort",NULL
"14559",389,1,75.60,"2010-11-14 16:05:00","2010-11-14 16:05:00","Nov 2010 Cohort",NULL
"15726",389,1,321.91,"2010-11-14 16:12:00","2010-11-14 16:12:00","Nov 2010 Cohort",NULL
"16687",390,1,157.63,"2010-11-14 11:46:00","2010-11-14 11:46:00","Nov 2010 Cohort",NULL
"14807",390,2,504.14,"2010-02-28 11:33:00","2010-11-14 12:47:00","Nov 2010 Cohort",NULL
"18063",390,2,186.60,"2010-03-16 13:05:00","2010-11-14 10:46:00","Nov 2010 Cohort",NULL
"13545",390,2,337.64,"2009-12-01 12:41:00","2010-11-14 11:27:00","Nov 2010 Cohort",NULL
"17300",390,2,393.64,"2010-08-15 11:02:00","2010-11-14 10:56:00","Nov 2010 Cohort",NULL
"13293",391,6,1180.34,"2009-12-01 10:55:00","2010-11-12 13:28:00","Nov 2010 Cohort",NULL
"17803",391,1,184.66,"2010-11-12 13:53:00","2010-11-12 13:53:00","Nov 2010 Cohort",NULL
"16199",391,7,942.75,"2010-03-18 18:47:00","2010-11-12 12:55:00","Nov 2010 Cohort",NULL
"17366",391,2,1075.59,"2010-09-09 19:46:00","2010-11-12 16:55:00","Nov 2010 Cohort",NULL
"17308",392,2,4511.76,"2010-09-13 09:35:00","2010-11-11 13:19:00","Nov 2010 Cohort",NULL
"12803",392,1,1017.81,"2010-11-11 14:57:00","2010-11-11 14:57:00","Nov 2010 Cohort",NULL
"17476",392,2,446.51,"2009-12-02 12:09:00","2010-11-11 19:11:00","Nov 2010 Cohort",NULL
"18007",392,1,215.22,"2010-11-12 11:08:00","2010-11-12 11:08:00","Nov 2010 Cohort",NULL
"16797",392,5,1761.02,"2009-12-02 12:34:00","2010-11-11 19:14:00","Nov 2010 Cohort",NULL
"16677",392,2,849.77,"2010-02-25 16:11:00","2010-11-11 18:01:00","Nov 2010 Cohort",NULL
"16827",392,5,387.18,"2010-04-29 19:07:00","2010-11-11 14:04:00","Nov 2010 Cohort",NULL
"15566",392,2,227.87,"2009-12-15 14:53:00","2010-11-12 12:11:00","Nov 2010 Cohort",NULL
"17558",392,1,259.17,"2010-11-11 14:36:00","2010-11-11 14:36:00","Nov 2010 Cohort",NULL
"17210",392,1,251.72,"2010-11-12 12:15:00","2010-11-12 12:15:00","Nov 2010 Cohort",NULL
"17815",392,1,591.96,"2010-11-11 14:39:00","2010-11-11 14:39:00","Nov 2010 Cohort",NULL
"16118",392,1,4255.43,"2010-02-25 09:40:00","2010-11-11 19:54:00","Nov 2010 Cohort",NULL
"18054",392,1,176.50,"2010-11-12 08:18:00","2010-11-12 08:18:00","Nov 2010 Cohort",NULL
"18057",392,3,1168.14,"2010-01-18 12:42:00","2010-11-11 16:55:00","Nov 2010 Cohort",NULL
"12505",392,1,744.50,"2010-10-27 09:18:00","2010-11-11 17:54:00","Nov 2010 Cohort",NULL
"13857",392,6,997.01,"2010-05-17 14:21:00","2010-11-11 12:54:00","Nov 2010 Cohort",NULL
"13915",393,1,31.20,"2009-12-08 13:42:00","2010-11-10 15:17:00","Nov 2010 Cohort",NULL
"15001",393,2,197.11,"2010-11-10 13:31:00","2010-11-10 13:51:00","Nov 2010 Cohort",NULL
"13096",393,1,419.70,"2010-11-10 14:08:00","2010-11-10 14:08:00","Nov 2010 Cohort",NULL
"16662",393,1,151.05,"2010-11-10 16:56:00","2010-11-10 16:56:00","Nov 2010 Cohort",NULL
"13252",393,2,341.30,"2010-03-24 10:30:00","2010-11-10 16:00:00","Nov 2010 Cohort",NULL
"16786",393,1,51.84,"2010-11-11 08:25:00","2010-11-11 08:25:00","Nov 2010 Cohort",NULL
"14922",393,2,843.74,"2010-07-20 09:45:00","2010-11-11 11:14:00","Nov 2010 Cohort",NULL
"17903",393,1,381.09,"2010-11-10 15:39:00","2010-11-10 15:39:00","Nov 2010 Cohort",NULL
"16868",393,3,384.56,"2010-04-25 11:31:00","2010-11-10 13:17:00","Nov 2010 Cohort",NULL
"14615",393,5,934.26,"2010-06-09 13:59:00","2010-11-10 13:36:00","Nov 2010 Cohort",NULL
"14399",393,8,2093.21,"2010-02-03 13:08:00","2010-11-10 13:23:00","Nov 2010 Cohort",NULL
"14122",394,3,309.77,"2009-12-02 14:22:00","2010-11-10 09:38:00","Nov 2010 Cohort",NULL
"12927",394,1,197.31,"2010-11-10 10:02:00","2010-11-10 10:02:00","Nov 2010 Cohort",NULL
"17983",394,1,171.71,"2010-11-09 13:23:00","2010-11-09 13:24:00","Nov 2010 Cohort",NULL
"17726",394,7,1089.56,"2010-01-26 14:58:00","2010-11-09 13:37:00","Nov 2010 Cohort",NULL
"17363",394,3,920.46,"2010-11-02 17:25:00","2010-11-09 17:11:00","Nov 2010 Cohort",NULL
"16977",394,4,496.00,"2010-03-18 11:06:00","2010-11-09 13:17:00","Nov 2010 Cohort",NULL
"15890",394,5,535.65,"2010-04-14 08:43:00","2010-11-10 12:46:00","Nov 2010 Cohort",NULL
"13945",394,2,854.15,"2010-08-17 09:59:00","2010-11-10 10:00:00","Nov 2010 Cohort",NULL
"14899",394,1,1331.38,"2010-11-09 15:20:00","2010-11-09 15:20:00","Nov 2010 Cohort",NULL
"16740",394,1,226.91,"2010-11-09 13:34:00","2010-11-09 13:34:00","Nov 2010 Cohort",NULL
"17467",394,1,102.60,"2010-11-09 12:58:00","2010-11-09 12:58:00","Nov 2010 Cohort",NULL
"14365",394,2,634.68,"2010-01-27 09:44:00","2010-11-10 09:52:00","Nov 2010 Cohort",NULL
"17807",394,3,437.87,"2010-01-04 14:00:00","2010-11-09 16:21:00","Nov 2010 Cohort",NULL
"16021",394,2,487.03,"2010-06-13 11:05:00","2010-11-09 14:48:00","Nov 2010 Cohort",NULL
"13671",394,1,172.60,"2010-11-10 10:50:00","2010-11-10 10:50:00","Nov 2010 Cohort",NULL
"15131",394,1,80.28,"2010-11-10 12:07:00","2010-11-10 12:07:00","Nov 2010 Cohort",NULL
"18098",395,1,527.94,"2010-11-08 16:31:00","2010-11-08 16:31:00","Nov 2010 Cohort",NULL
"17000",395,2,406.30,"2010-10-27 14:16:00","2010-11-08 13:35:00","Nov 2010 Cohort",NULL
"17208",395,1,111.15,"2010-11-09 12:50:00","2010-11-09 12:50:00","Nov 2010 Cohort",NULL
"16420",395,1,75.00,"2010-11-08 15:15:00","2010-11-08 15:15:00","Nov 2010 Cohort",NULL
"16381",395,2,247.85,"2010-10-17 13:06:00","2010-11-09 09:56:00","Nov 2010 Cohort",NULL
"15635",395,1,100.35,"2010-11-09 08:58:00","2010-11-09 08:58:00","Nov 2010 Cohort",NULL
"15617",395,3,828.55,"2010-07-20 13:16:00","2010-11-08 16:07:00","Nov 2010 Cohort",NULL
"15441",395,3,1254.21,"2009-12-09 14:55:00","2010-11-08 15:50:00","Nov 2010 Cohort",NULL
"15390",395,2,1216.66,"2010-10-26 17:23:00","2010-11-08 15:19:00","Nov 2010 Cohort",NULL
"15011",395,2,416.60,"2010-10-19 12:05:00","2010-11-09 11:10:00","Nov 2010 Cohort",NULL
"14610",395,2,24.35,"2010-07-13 16:06:00","2010-11-09 10:58:00","Nov 2010 Cohort",NULL
"14275",395,6,1189.38,"2010-04-11 12:32:00","2010-11-09 09:06:00","Nov 2010 Cohort",NULL
"13738",395,1,434.78,"2010-11-08 15:23:00","2010-11-08 15:23:00","Nov 2010 Cohort",NULL
"13691",395,1,210.78,"2010-11-08 17:34:00","2010-11-08 17:34:00","Nov 2010 Cohort",NULL
"13660",395,1,295.74,"2010-11-04 16:10:00","2010-11-09 10:01:00","Nov 2010 Cohort",NULL
"12907",395,2,440.36,"2010-02-24 11:56:00","2010-11-09 12:08:00","Nov 2010 Cohort",NULL
"14203",396,1,339.34,"2010-11-07 13:35:00","2010-11-07 13:35:00","Nov 2010 Cohort",NULL
"13377",396,2,1445.43,"2010-03-04 10:06:00","2010-11-08 12:20:00","Nov 2010 Cohort",NULL
"17258",396,2,417.30,"2010-02-12 15:51:00","2010-11-08 12:37:00","Nov 2010 Cohort",NULL
"12892",396,1,263.38,"2010-11-08 09:51:00","2010-11-08 09:51:00","Nov 2010 Cohort",NULL
"16559",396,1,175.00,"2010-11-07 13:52:00","2010-11-07 13:52:00","Nov 2010 Cohort",NULL
"14927",396,1,308.20,"2010-11-08 12:30:00","2010-11-08 12:30:00","Nov 2010 Cohort",NULL
"13773",396,2,301.54,"2010-02-18 10:27:00","2010-11-08 11:49:00","Nov 2010 Cohort",NULL
"16640",397,1,179.40,"2010-11-07 10:48:00","2010-11-07 10:48:00","Nov 2010 Cohort",NULL
"16787",397,4,1017.53,"2010-01-10 11:12:00","2010-11-07 11:01:00","Nov 2010 Cohort",NULL
"15560",397,2,153.52,"2010-11-07 10:14:00","2010-11-07 10:15:00","Nov 2010 Cohort",NULL
"18083",397,1,463.53,"2010-11-07 11:44:00","2010-11-07 11:44:00","Nov 2010 Cohort",NULL
"13921",398,4,720.75,"2009-12-18 12:19:00","2010-11-05 15:04:00","Nov 2010 Cohort",NULL
"13154",398,3,1609.29,"2009-12-04 08:46:00","2010-11-05 16:00:00","Nov 2010 Cohort",NULL
"13836",398,2,602.52,"2010-10-21 13:27:00","2010-11-05 13:31:00","Nov 2010 Cohort",NULL
"17276",399,1,444.19,"2010-11-02 16:20:00","2010-11-05 10:42:00","Nov 2010 Cohort",NULL
"13303",399,1,61.72,"2010-11-04 14:55:00","2010-11-04 14:55:00","Nov 2010 Cohort",NULL
"15294",399,1,222.30,"2010-10-25 11:45:00","2010-11-04 17:45:00","Nov 2010 Cohort",NULL
"13903",399,1,165.45,"2010-11-04 17:44:00","2010-11-04 17:44:00","Nov 2010 Cohort",NULL
"15792",399,2,933.84,"2010-03-31 09:42:00","2010-11-05 08:21:00","Nov 2010 Cohort",NULL
"13172",399,1,69.60,"2010-11-04 15:10:00","2010-11-04 15:10:00","Nov 2010 Cohort",NULL
"15425",399,4,1941.12,"2010-02-14 12:36:00","2010-11-04 18:13:00","Nov 2010 Cohort",NULL
"12958",399,2,467.34,"2010-05-05 16:22:00","2010-11-04 16:16:00","Nov 2010 Cohort",NULL
"16707",399,4,533.41,"2010-03-09 15:16:00","2010-11-04 14:39:00","Nov 2010 Cohort",NULL
"13648",399,8,1681.12,"2009-12-01 18:13:00","2010-11-04 14:46:00","Nov 2010 Cohort",NULL
"13646",399,2,323.30,"2010-11-05 11:02:00","2010-11-05 12:13:00","Nov 2010 Cohort",NULL
"17876",399,3,3424.02,"2010-02-02 13:00:00","2010-11-05 10:52:00","Nov 2010 Cohort",NULL
"13206",399,13,8308.19,"2009-12-07 13:48:00","2010-11-04 16:50:00","Nov 2010 Cohort",NULL
"14398",400,2,707.79,"2010-06-30 11:57:00","2010-11-03 13:46:00","Nov 2010 Cohort",NULL
"17473",400,2,592.15,"2010-09-09 19:03:00","2010-11-03 13:30:00","Nov 2010 Cohort",NULL
"13981",400,1,327.39,"2010-10-20 10:03:00","2010-11-04 11:10:00","Nov 2010 Cohort",NULL
"12914",400,1,223.98,"2010-11-04 12:28:00","2010-11-04 12:28:00","Nov 2010 Cohort",NULL
"16888",400,3,434.20,"2010-01-07 13:07:00","2010-11-04 12:39:00","Nov 2010 Cohort",NULL
"16391",400,4,1048.86,"2010-05-27 11:27:00","2010-11-04 12:27:00","Nov 2010 Cohort",NULL
"15233",400,1,59.40,"2010-11-03 13:36:00","2010-11-03 13:36:00","Nov 2010 Cohort",NULL
"14136",400,5,1553.96,"2009-12-08 09:19:00","2010-11-04 11:53:00","Nov 2010 Cohort",NULL
"15481",400,1,1993.34,"2010-11-03 14:52:00","2010-11-03 14:52:00","Nov 2010 Cohort",NULL
"16060",400,3,541.95,"2010-08-02 15:26:00","2010-11-04 12:10:00","Nov 2010 Cohort",NULL
"13331",401,1,262.40,"2010-11-03 08:04:00","2010-11-03 08:04:00","Nov 2010 Cohort",NULL
"13215",401,1,81.60,"2010-11-02 18:26:00","2010-11-02 18:26:00","Nov 2010 Cohort",NULL
"14942",401,4,746.56,"2009-12-10 10:32:00","2010-11-03 10:51:00","Nov 2010 Cohort",NULL
"16865",401,1,130.95,"2010-11-03 11:34:00","2010-11-03 11:34:00","Nov 2010 Cohort",NULL
"13251",401,1,252.68,"2010-11-02 13:20:00","2010-11-02 13:20:00","Nov 2010 Cohort",NULL
"15336",401,1,240.50,"2010-11-03 12:39:00","2010-11-03 12:39:00","Nov 2010 Cohort",NULL
"14363",401,2,227.47,"2010-09-14 14:39:00","2010-11-02 17:01:00","Nov 2010 Cohort",NULL
"17003",401,4,828.21,"2010-05-10 11:20:00","2010-11-02 13:15:00","Nov 2010 Cohort",NULL
"15915",401,1,364.24,"2010-11-03 11:13:00","2010-11-03 11:13:00","Nov 2010 Cohort",NULL
"12389",402,3,1433.33,"2010-02-22 10:15:00","2010-11-02 11:52:00","Nov 2010 Cohort",NULL
"15337",402,1,344.72,"2010-10-24 15:29:00","2010-11-02 10:34:00","Nov 2010 Cohort",NULL
"13535",402,1,89.50,"2010-11-02 11:49:00","2010-11-02 11:49:00","Nov 2010 Cohort",NULL
"12986",402,10,1998.34,"2010-01-21 10:45:00","2010-11-02 11:01:00","Nov 2010 Cohort",NULL
"14617",402,2,190.47,"2010-10-20 10:40:00","2010-11-02 11:41:00","Nov 2010 Cohort",NULL
"17121",402,1,314.74,"2010-11-02 11:47:00","2010-11-02 11:47:00","Nov 2010 Cohort",NULL
"15879",403,4,1137.80,"2009-12-17 19:54:00","2010-10-31 16:21:00","Nov 2010 Cohort",NULL
"16876",403,1,136.01,"2010-11-01 11:59:00","2010-11-01 11:59:00","Nov 2010 Cohort",NULL
"14429",403,1,516.28,"2010-11-01 10:08:00","2010-11-01 10:08:00","Nov 2010 Cohort",NULL
"16606",403,2,357.66,"2010-10-01 13:21:00","2010-10-31 13:57:00","Nov 2010 Cohort",NULL
"14648",403,15,4374.74,"2009-12-10 13:59:00","2010-11-01 11:17:00","Nov 2010 Cohort",NULL
"12608",404,1,415.79,"2010-10-31 10:49:00","2010-10-31 10:49:00","Nov 2010 Cohort",NULL
"15501",404,2,399.95,"2010-10-20 12:47:00","2010-10-31 11:15:00","Nov 2010 Cohort",NULL
"16724",404,1,147.35,"2010-10-31 11:40:00","2010-10-31 11:40:00","Nov 2010 Cohort",NULL
"15439",404,4,1269.05,"2010-02-24 12:05:00","2010-10-31 10:38:00","Nov 2010 Cohort",NULL
"17413",404,2,560.14,"2010-05-19 11:11:00","2010-10-31 12:33:00","Nov 2010 Cohort",NULL
"13677",404,2,551.24,"2010-07-07 17:25:00","2010-10-31 11:32:00","Nov 2010 Cohort",NULL
"14848",404,1,310.56,"2010-10-31 12:22:00","2010-10-31 12:22:00","Nov 2010 Cohort",NULL
"13580",405,1,107.75,"2010-10-29 15:01:00","2010-10-29 15:01:00","Nov 2010 Cohort",NULL
"14490",405,2,1273.47,"2010-10-07 11:36:00","2010-10-29 15:04:00","Nov 2010 Cohort",NULL
"17821",405,1,334.62,"2010-10-29 13:20:00","2010-10-29 13:20:00","Nov 2010 Cohort",NULL
"14746",405,4,593.50,"2010-10-12 11:06:00","2010-10-29 14:44:00","Nov 2010 Cohort",NULL
"16058",405,1,62.70,"2010-10-29 16:48:00","2010-10-29 16:48:00","Nov 2010 Cohort",NULL
"16635",406,1,473.00,"2010-10-29 09:41:00","2010-10-29 09:41:00","Nov 2010 Cohort",NULL
"13031",406,5,3292.84,"2010-06-03 14:57:00","2010-10-28 15:34:00","Nov 2010 Cohort",NULL
"14303",406,2,277.94,"2010-10-01 10:31:00","2010-10-28 15:37:00","Nov 2010 Cohort",NULL
"17741",406,2,101.10,"2010-05-28 12:11:00","2010-10-29 11:59:00","Nov 2010 Cohort",NULL
"16630",406,1,104.30,"2010-09-30 18:21:00","2010-10-28 14:30:00","Nov 2010 Cohort",NULL
"14294",406,1,375.34,"2010-10-28 16:25:00","2010-10-28 16:25:00","Nov 2010 Cohort",NULL
"15887",406,3,1027.15,"2010-06-02 11:53:00","2010-10-29 08:36:00","Nov 2010 Cohort",NULL
"17853",406,3,1596.29,"2009-12-03 15:09:00","2010-10-28 15:29:00","Nov 2010 Cohort",NULL
"16129",406,3,1396.05,"2010-07-20 12:32:00","2010-10-28 14:29:00","Nov 2010 Cohort",NULL
"15170",406,1,81.15,"2010-10-29 10:34:00","2010-10-29 10:34:00","Nov 2010 Cohort",NULL
"17478",407,2,1272.80,"2010-03-16 14:19:00","2010-10-27 15:01:00","Nov 2010 Cohort",NULL
"17326",407,2,312.35,"2010-06-28 14:05:00","2010-10-27 15:38:00","Nov 2010 Cohort",NULL
"15328",407,1,107.24,"2010-10-28 09:05:00","2010-10-28 09:05:00","Nov 2010 Cohort",NULL
"15285",407,1,94.92,"2010-10-28 09:46:00","2010-10-28 09:46:00","Nov 2010 Cohort",NULL
"14281",407,1,245.15,"2010-10-27 14:45:00","2010-10-27 14:45:00","Nov 2010 Cohort",NULL
"16382",407,2,353.10,"2010-06-07 12:42:00","2010-10-27 16:23:00","Nov 2010 Cohort",NULL
"13713",407,3,740.76,"2010-05-05 16:48:00","2010-10-27 16:18:00","Nov 2010 Cohort",NULL
"18060",407,2,1185.46,"2010-05-24 08:34:00","2010-10-27 16:41:00","Nov 2010 Cohort",NULL
"13547",407,1,164.53,"2010-10-27 14:14:00","2010-10-27 14:14:00","Nov 2010 Cohort",NULL
"13578",408,1,147.66,"2010-10-26 13:44:00","2010-10-26 13:44:00","Nov 2010 Cohort",NULL
"12563",408,1,221.24,"2010-10-27 09:52:00","2010-10-27 09:52:00","Nov 2010 Cohort",NULL
"12537",408,1,612.94,"2010-10-27 08:36:00","2010-10-27 08:36:00","Nov 2010 Cohort",NULL
"15876",408,2,1449.14,"2010-09-17 15:26:00","2010-10-26 18:58:00","Nov 2010 Cohort",NULL
"13906",408,1,42.00,"2010-10-26 15:00:00","2010-10-26 15:00:00","Nov 2010 Cohort",NULL
"15536",408,1,259.09,"2010-10-26 16:31:00","2010-10-26 16:31:00","Nov 2010 Cohort",NULL
"13274",408,1,360.85,"2010-10-26 13:48:00","2010-10-26 13:48:00","Nov 2010 Cohort",NULL
"17327",409,2,152.35,"2010-05-26 11:20:00","2010-10-26 09:54:00","Nov 2010 Cohort",NULL
"16259",409,3,340.94,"2010-04-13 16:57:00","2010-10-25 14:27:00","Nov 2010 Cohort",NULL
"14278",409,1,205.83,"2010-10-26 12:07:00","2010-10-26 12:07:00","Nov 2010 Cohort",NULL
"12411",409,1,346.90,"2010-10-26 09:25:00","2010-10-26 09:25:00","Nov 2010 Cohort",NULL
"14718",409,1,226.42,"2010-10-25 13:07:00","2010-10-25 13:07:00","Nov 2010 Cohort",NULL
"16785",409,1,533.78,"2010-10-26 10:36:00","2010-10-26 10:36:00","Nov 2010 Cohort",NULL
"16576",409,2,513.17,"2010-07-06 10:42:00","2010-10-26 10:59:00","Nov 2010 Cohort",NULL
"16962",409,1,251.04,"2010-10-26 11:36:00","2010-10-26 11:36:00","Nov 2010 Cohort",NULL
"14324",409,2,701.61,"2010-01-15 13:31:00","2010-10-26 11:44:00","Nov 2010 Cohort",NULL
"18247",409,3,721.43,"2010-03-18 15:52:00","2010-10-26 11:04:00","Nov 2010 Cohort",NULL
"15064",409,4,1154.41,"2009-12-22 16:17:00","2010-10-25 14:32:00","Nov 2010 Cohort",NULL
"15207",409,3,657.27,"2010-06-10 17:29:00","2010-10-26 11:11:00","Nov 2010 Cohort",NULL
"17393",410,2,381.15,"2010-08-08 15:53:00","2010-10-25 11:10:00","Nov 2010 Cohort",NULL
"13977",410,1,519.81,"2010-10-24 14:08:00","2010-10-24 14:08:00","Nov 2010 Cohort",NULL
"14181",410,2,308.35,"2010-05-26 12:32:00","2010-10-25 08:27:00","Nov 2010 Cohort",NULL
"14183",410,2,278.34,"2010-08-15 15:36:00","2010-10-24 14:45:00","Nov 2010 Cohort",NULL
"14197",410,1,390.05,"2010-10-25 10:01:00","2010-10-25 10:01:00","Nov 2010 Cohort",NULL
"14249",410,12,5400.46,"2010-01-29 14:21:00","2010-10-25 12:34:00","Nov 2010 Cohort",NULL
"13733",410,2,484.53,"2009-12-04 15:28:00","2010-10-25 12:18:00","Nov 2010 Cohort",NULL
"17981",410,1,239.12,"2010-10-25 10:40:00","2010-10-25 10:40:00","Nov 2010 Cohort",NULL
"13574",410,1,404.45,"2010-10-24 13:28:00","2010-10-24 13:28:00","Nov 2010 Cohort",NULL
"13333",410,3,1015.74,"2010-02-19 09:26:00","2010-10-24 13:24:00","Nov 2010 Cohort",NULL
"15248",410,3,1865.03,"2010-06-23 14:34:00","2010-10-24 13:09:00","Nov 2010 Cohort",NULL
"17435",410,1,331.35,"2010-10-24 13:55:00","2010-10-24 13:55:00","Nov 2010 Cohort",NULL
"13073",410,2,418.08,"2010-09-28 09:27:00","2010-10-24 14:06:00","Nov 2010 Cohort",NULL
"12926",410,4,1523.59,"2009-12-14 14:35:00","2010-10-24 15:57:00","Nov 2010 Cohort",NULL
"17260",410,1,120.95,"2010-10-24 13:21:00","2010-10-24 13:21:00","Nov 2010 Cohort",NULL
"16920",410,1,355.45,"2010-10-24 14:07:00","2010-10-24 14:07:00","Nov 2010 Cohort",NULL
"13241",411,1,112.53,"2010-10-24 11:17:00","2010-10-24 11:17:00","Nov 2010 Cohort",NULL
"17407",411,1,552.90,"2010-10-24 11:57:00","2010-10-24 11:57:00","Nov 2010 Cohort",NULL
"14728",412,1,190.58,"2010-10-22 15:57:00","2010-10-22 15:57:00","Nov 2010 Cohort",NULL
"12369",412,3,1511.15,"2010-03-08 08:09:00","2010-10-22 13:13:00","Nov 2010 Cohort",NULL
"12899",413,1,366.40,"2010-10-22 09:53:00","2010-10-22 09:53:00","Nov 2010 Cohort",NULL
"14296",413,2,448.45,"2010-05-14 14:34:00","2010-10-22 09:25:00","Nov 2010 Cohort",NULL
"12972",413,4,1115.95,"2010-02-16 14:30:00","2010-10-22 08:41:00","Nov 2010 Cohort",NULL
"12960",413,4,1322.07,"2010-02-16 13:32:00","2010-10-22 09:31:00","Nov 2010 Cohort",NULL
"15995",413,1,694.54,"2010-10-21 13:57:00","2010-10-21 13:57:00","Nov 2010 Cohort",NULL
"16465",413,2,726.34,"2010-09-21 10:46:00","2010-10-22 09:22:00","Nov 2010 Cohort",NULL
"12400",413,1,205.25,"2010-10-21 13:45:00","2010-10-21 13:45:00","Nov 2010 Cohort",NULL
"16975",413,3,902.42,"2010-07-22 11:38:00","2010-10-22 10:35:00","Nov 2010 Cohort",NULL
"12973",413,1,385.55,"2010-10-22 10:14:00","2010-10-22 10:14:00","Nov 2010 Cohort",NULL
"16167",413,5,1149.87,"2009-12-01 10:46:00","2010-10-21 15:33:00","Nov 2010 Cohort",NULL
"13195",413,1,136.73,"2010-10-21 13:07:00","2010-10-21 13:07:00","Nov 2010 Cohort",NULL
"14686",413,5,844.58,"2010-02-18 15:48:00","2010-10-21 18:31:00","Nov 2010 Cohort",NULL
"18243",413,1,515.78,"2010-10-21 14:29:00","2010-10-21 14:29:00","Nov 2010 Cohort",NULL
"13746",413,1,176.69,"2010-10-22 11:55:00","2010-10-22 11:55:00","Nov 2010 Cohort",NULL
"13386",413,2,835.46,"2010-09-28 13:09:00","2010-10-21 12:52:00","Nov 2010 Cohort",NULL
"14945",413,1,179.40,"2010-10-22 11:26:00","2010-10-22 11:26:00","Nov 2010 Cohort",NULL
"16310",413,2,460.08,"2010-03-07 15:41:00","2010-10-21 14:47:00","Nov 2010 Cohort",NULL
"16540",413,1,205.75,"2010-10-21 17:22:00","2010-10-21 17:22:00","Nov 2010 Cohort",NULL
"16521",414,3,1136.36,"2010-03-01 13:22:00","2010-10-20 13:09:00","Nov 2010 Cohort",NULL
"13374",414,2,372.80,"2010-09-16 10:29:00","2010-10-21 10:04:00","Nov 2010 Cohort",NULL
"12511",414,1,3065.77,"2010-10-07 10:39:00","2010-10-21 10:58:00","Nov 2010 Cohort",NULL
"17834",414,2,689.67,"2010-09-20 15:32:00","2010-10-21 12:09:00","Nov 2010 Cohort",NULL
"12387",414,1,143.94,"2010-10-20 16:27:00","2010-10-20 16:27:00","Nov 2010 Cohort",NULL
"15647",414,1,169.00,"2010-10-20 15:09:00","2010-10-20 15:09:00","Nov 2010 Cohort",NULL
"16702",414,4,1099.58,"2009-12-07 16:40:00","2010-10-20 14:10:00","Nov 2010 Cohort",NULL
"14612",414,1,877.70,"2010-10-20 16:01:00","2010-10-20 16:01:00","Nov 2010 Cohort",NULL
"13840",415,1,651.40,"2010-10-19 13:34:00","2010-10-19 13:34:00","Nov 2010 Cohort",NULL
"17137",415,6,1099.81,"2010-01-31 12:27:00","2010-10-19 14:51:00","Nov 2010 Cohort",NULL
"14734",415,4,1045.47,"2010-06-06 15:15:00","2010-10-19 13:09:00","Nov 2010 Cohort",NULL
"14469",415,4,2093.46,"2010-01-29 11:12:00","2010-10-19 14:30:00","Nov 2010 Cohort",NULL
"17143",416,2,880.97,"2010-07-12 13:26:00","2010-10-18 15:27:00","Nov 2010 Cohort",NULL
"16476",416,1,337.00,"2010-10-04 10:29:00","2010-10-18 13:51:00","Nov 2010 Cohort",NULL
"15459",416,2,202.83,"2010-07-30 14:31:00","2010-10-18 15:25:00","Nov 2010 Cohort",NULL
"13387",416,1,181.84,"2010-10-18 14:07:00","2010-10-18 14:07:00","Nov 2010 Cohort",NULL
"13088",416,1,236.11,"2010-10-18 15:35:00","2010-10-18 15:35:00","Nov 2010 Cohort",NULL
"13152",416,7,2114.98,"2010-01-14 10:01:00","2010-10-18 13:44:00","Nov 2010 Cohort",NULL
"16772",416,3,2760.10,"2009-12-18 10:50:00","2010-10-18 13:39:00","Nov 2010 Cohort",NULL
"16854",416,2,1408.96,"2010-03-09 14:32:00","2010-10-18 16:31:00","Nov 2010 Cohort",NULL
"15710",416,1,898.87,"2010-10-18 17:05:00","2010-10-18 17:05:00","Nov 2010 Cohort",NULL
"17023",416,3,800.18,"2010-01-11 15:09:00","2010-10-18 15:37:00","Nov 2010 Cohort",NULL
"13480",416,2,627.82,"2010-01-29 12:35:00","2010-10-19 11:53:00","Nov 2010 Cohort",NULL
"12699",417,1,566.11,"2010-10-18 12:07:00","2010-10-18 12:07:00","Nov 2010 Cohort",NULL
"15772",417,1,280.88,"2010-10-17 13:33:00","2010-10-17 13:33:00","Nov 2010 Cohort",NULL
"15934",417,2,2190.66,"2010-10-06 12:08:00","2010-10-18 10:13:00","Nov 2010 Cohort",NULL
"13957",417,3,458.25,"2010-02-19 10:32:00","2010-10-18 10:02:00","Nov 2010 Cohort",NULL
"14940",417,2,531.49,"2009-12-06 15:46:00","2010-10-18 10:47:00","Nov 2010 Cohort",NULL
"16069",417,1,457.70,"2010-10-18 10:32:00","2010-10-18 10:32:00","Nov 2010 Cohort",NULL
"14877",417,2,425.85,"2010-03-07 12:25:00","2010-10-17 13:09:00","Nov 2010 Cohort",NULL
"14839",417,3,915.28,"2010-01-04 16:29:00","2010-10-17 13:01:00","Nov 2010 Cohort",NULL
"12835",417,41,5972.19,"2009-12-03 12:13:00","2010-10-17 16:35:00","Nov 2010 Cohort",NULL
"16691",417,2,178.83,"2010-05-27 14:55:00","2010-10-17 15:03:00","Nov 2010 Cohort",NULL
"13214",417,7,3264.23,"2010-03-03 14:10:00","2010-10-18 10:00:00","Nov 2010 Cohort",NULL
"17141",417,4,727.58,"2010-01-24 14:19:00","2010-10-17 14:54:00","Nov 2010 Cohort",NULL
"13820",417,3,632.50,"2010-01-28 12:05:00","2010-10-17 13:46:00","Nov 2010 Cohort",NULL
"15688",418,1,190.57,"2010-10-17 12:06:00","2010-10-17 12:06:00","Nov 2010 Cohort",NULL
"17316",419,1,124.45,"2010-10-15 14:35:00","2010-10-15 14:35:00","Nov 2010 Cohort",NULL
"17822",419,5,2154.08,"2010-05-28 12:15:00","2010-10-15 13:47:00","Nov 2010 Cohort",NULL
"17938",419,1,144.29,"2010-10-15 14:27:00","2010-10-15 14:27:00","Nov 2010 Cohort",NULL
"13446",419,11,3613.27,"2010-02-14 11:52:00","2010-10-15 15:37:00","Nov 2010 Cohort",NULL
"15686",419,1,90.00,"2010-10-15 13:50:00","2010-10-15 13:50:00","Nov 2010 Cohort",NULL
"16991",420,1,1041.21,"2010-10-14 14:08:00","2010-10-14 14:08:00","Nov 2010 Cohort",NULL
"17717",420,1,376.92,"2010-10-14 12:54:00","2010-10-14 12:54:00","Nov 2010 Cohort",NULL
"16336",420,4,3517.69,"2010-03-18 08:05:00","2010-10-15 12:32:00","Nov 2010 Cohort",NULL
"17823",420,2,449.25,"2010-10-14 16:14:00","2010-10-14 16:24:00","Nov 2010 Cohort",NULL
"17202",420,1,160.65,"2010-10-15 11:25:00","2010-10-15 11:25:00","Nov 2010 Cohort",NULL
"15735",420,1,327.68,"2010-10-14 13:38:00","2010-10-14 13:38:00","Nov 2010 Cohort",NULL
"14956",420,1,1325.00,"2010-10-14 16:40:00","2010-10-14 16:40:00","Nov 2010 Cohort",NULL
"14343",420,4,1079.66,"2010-01-18 16:47:00","2010-10-14 13:05:00","Nov 2010 Cohort",NULL
"17390",420,1,149.30,"2010-10-15 11:29:00","2010-10-15 11:29:00","Nov 2010 Cohort",NULL
"14168",420,2,305.90,"2010-05-24 12:28:00","2010-10-15 10:49:00","Nov 2010 Cohort",NULL
"17751",420,1,157.86,"2010-10-14 13:57:00","2010-10-14 13:57:00","Nov 2010 Cohort",NULL
"15817",420,3,2766.40,"2010-06-14 13:31:00","2010-10-15 11:07:00","Nov 2010 Cohort",NULL
"16176",420,4,1964.04,"2010-03-29 14:52:00","2010-10-14 13:54:00","Nov 2010 Cohort",NULL
"17687",420,1,432.68,"2010-10-15 12:30:00","2010-10-15 12:30:00","Nov 2010 Cohort",NULL
"14316",421,5,1355.34,"2010-03-19 15:18:00","2010-10-13 16:31:00","Nov 2010 Cohort",NULL
"16130",421,4,987.48,"2010-04-01 13:58:00","2010-10-13 15:14:00","Nov 2010 Cohort",NULL
"18090",421,1,321.90,"2010-10-14 12:32:00","2010-10-14 12:32:00","Nov 2010 Cohort",NULL
"13696",421,3,2008.70,"2010-01-13 12:08:00","2010-10-14 09:44:00","Nov 2010 Cohort",NULL
"13770",421,4,785.37,"2009-12-09 14:44:00","2010-10-13 15:10:00","Nov 2010 Cohort",NULL
"17851",421,6,1552.35,"2009-12-03 17:46:00","2010-10-13 15:13:00","Nov 2010 Cohort",NULL
"15242",421,1,302.04,"2010-10-13 15:33:00","2010-10-13 15:33:00","Nov 2010 Cohort",NULL
"12900",421,1,340.33,"2010-10-13 15:17:00","2010-10-13 15:17:00","Nov 2010 Cohort",NULL
"13541",422,2,717.90,"2010-05-18 16:15:00","2010-10-12 15:58:00","Nov 2010 Cohort",NULL
"17182",422,2,321.30,"2009-12-21 15:22:00","2010-10-13 10:09:00","Nov 2010 Cohort",NULL
"13909",422,2,282.85,"2010-07-06 16:52:00","2010-10-12 17:22:00","Nov 2010 Cohort",NULL
"14838",422,2,769.92,"2009-12-03 09:52:00","2010-10-12 15:46:00","Nov 2010 Cohort",NULL
"16238",422,1,63.66,"2010-10-13 12:36:00","2010-10-13 12:36:00","Nov 2010 Cohort",NULL
"14846",422,1,406.80,"2010-10-08 17:07:00","2010-10-12 15:30:00","Nov 2010 Cohort",NULL
"14263",422,1,322.93,"2010-10-12 14:09:00","2010-10-12 14:09:00","Nov 2010 Cohort",NULL
"13968",422,1,123.66,"2010-10-12 13:22:00","2010-10-12 13:22:00","Nov 2010 Cohort",NULL
"16263",422,1,348.16,"2010-10-12 14:52:00","2010-10-12 14:52:00","Nov 2010 Cohort",NULL
"17944",422,1,74.99,"2010-10-12 16:25:00","2010-10-12 16:25:00","Nov 2010 Cohort",NULL
"13440",422,7,1213.95,"2010-09-14 10:34:00","2010-10-12 17:53:00","Nov 2010 Cohort",NULL
"15151",422,2,2085.61,"2010-07-18 12:19:00","2010-10-12 16:37:00","Nov 2010 Cohort",NULL
"17755",423,NULL,NULL,"2010-10-11 15:45:00","2010-10-11 15:45:00","Nov 2010 Cohort",NULL
"17273",423,1,141.12,"2010-10-11 15:57:00","2010-10-11 15:57:00","Nov 2010 Cohort",NULL
"12655",423,1,243.35,"2010-10-12 09:17:00","2010-10-12 09:17:00","Nov 2010 Cohort",NULL
"14568",423,1,909.50,"2010-09-30 17:15:00","2010-10-11 17:03:00","Nov 2010 Cohort",NULL
"17104",423,1,474.03,"2010-10-12 12:21:00","2010-10-12 12:21:00","Nov 2010 Cohort",NULL
"17710",423,1,293.50,"2010-10-12 07:49:00","2010-10-12 07:49:00","Nov 2010 Cohort",NULL
"17635",423,3,1256.83,"2010-04-28 10:51:00","2010-10-11 15:12:00","Nov 2010 Cohort",NULL
"17264",423,1,268.28,"2010-10-11 12:52:00","2010-10-11 12:52:00","Nov 2010 Cohort",NULL
"16039",423,2,449.65,"2010-03-21 15:17:00","2010-10-12 10:44:00","Nov 2010 Cohort",NULL
"13912",423,1,124.95,"2010-10-12 08:43:00","2010-10-12 08:43:00","Nov 2010 Cohort",NULL
"14319",423,1,476.95,"2009-12-11 11:59:00","2010-10-11 13:38:00","Nov 2010 Cohort",NULL
"14590",424,20,2871.04,"2009-12-07 14:10:00","2010-10-11 12:06:00","Nov 2010 Cohort",NULL
"15418",424,2,449.42,"2010-05-02 11:31:00","2010-10-10 13:38:00","Nov 2010 Cohort",NULL
"14571",424,1,160.00,"2010-10-10 15:06:00","2010-10-10 15:06:00","Nov 2010 Cohort",NULL
