"customer_id","monetary_gross","monetary_net","cancelled_value"
"16446",168472.50,-6.10,168478.60
"12346",77556.46,-51.74,77608.20
"15098",39916.50,649.50,39267.00
"16029",117763.62,89705.47,28058.15
"14063",22710.20,-3767.20,26477.40
"14911",291420.81,265757.91,25662.90
"15749",44534.30,21535.90,22998.40
"12918",10953.50,-10953.50,21907.00
"12931",92347.34,71299.67,21047.67
"17949",117314.08,97581.59,19732.49
"15760",13916.34,-5795.87,19712.21
"14156",313437.62,296063.44,17374.18
"17450",244784.25,231390.55,13393.70
"14277",17197.61,4296.27,12901.34
"12454",16679.78,4292.71,12387.07
"12744",25317.06,13158.16,12158.90
"16754",65500.07,54558.18,10941.89
"18102",580987.04,570380.61,10606.43
"15413",6798.72,-2531.38,9330.10
"15202",6001.49,-2570.18,8571.67
"12536",12601.83,4106.82,8495.01
"14096",65164.79,57120.91,8043.88
"14028",10396.50,3175.50,7221.00
"12748",53539.64,46933.33,6606.31
"15482",14417.36,7932.63,6484.73
"17017",12576.99,6553.79,6023.20
"16684",147142.77,141502.25,5640.52
"13694",195640.69,190020.84,5619.85
"14607",23763.13,18371.06,5392.07
"14646",528602.52,523342.07,5260.45
"15502",13003.87,8069.33,4934.54
"16013",56078.44,51420.92,4657.52
"15369",6251.26,1713.39,4537.87
"15769",88612.52,84177.58,4434.94
"17448",14523.67,10162.38,4361.29
"13902",34095.26,30411.26,3684.00
"17511",172132.87,168491.62,3641.25
"12757",7834.65,4205.25,3629.40
"13089",113416.91,109893.24,3523.67
"17940",30306.79,26873.62,3433.17
"13734",6695.69,3445.34,3250.35
"15311",114966.42,111739.36,3227.06
"14802",1502.98,-1502.98,3005.96
"14031",39019.51,36048.26,2971.25
"15480",6279.00,3592.25,2686.75
"14543",14587.87,11905.71,2682.16
"17389",57215.33,54577.68,2637.65
"12755",5236.26,2611.95,2624.31
"14680",55688.50,53080.02,2608.48
"16422",61920.87,59379.94,2540.93
"13091",2321.82,-130.22,2452.04
"14255",1000.63,-1441.60,2442.23
"13798",75428.87,73166.92,2261.95
"12471",39918.19,37920.01,1998.18
"14308",1147.02,-849.45,1996.47
"13113",18230.07,16236.44,1993.63
"15581",7480.40,5486.79,1993.61
"14527",27246.88,25285.91,1960.97
"15498",24972.86,23075.09,1897.77
"12482",23691.40,21893.53,1797.87
"12380",9676.30,7888.00,1788.30
"17404",47781.12,46006.82,1774.30
"12539",11214.75,9498.90,1715.85
"16077",2300.40,600.00,1700.40
"17603",1788.38,114.91,1673.47
"14045",10986.63,9334.23,1652.40
"17133",14622.33,12972.09,1650.24
"14088",64036.80,62400.02,1636.78
"16555",1915.68,285.89,1629.79
"12589",4695.66,3094.17,1601.49
"12607",1579.51,0.00,1579.51
"13680",11419.67,9899.56,1520.11
"12510",5178.02,3689.33,1488.69
"13564",16498.97,15036.14,1462.83
"14299",14070.25,12607.53,1462.72
"12592",2582.66,1152.62,1430.04
"15061",126389.02,124961.98,1427.04
"12901",17654.54,16293.10,1361.44
"17841",68545.25,67186.87,1358.38
"16839",21758.25,20416.03,1342.22
"14970",4919.35,3593.40,1325.95
"15270",8524.86,7241.19,1283.67
"12921",35233.24,33951.65,1281.59
"14146",9450.30,8208.87,1241.43
"16525",24151.30,22919.40,1231.90
"17706",20272.15,19066.07,1206.08
"16320",5628.99,4428.85,1200.14
"14213",1192.20,0.00,1192.20
"12415",144458.37,143269.29,1189.08
"16669",1348.88,200.15,1148.73
"14912",1889.25,748.58,1140.67
"12669",2744.03,1607.73,1136.30
"12503",1126.00,0.00,1126.00
"15514",6392.06,5275.79,1116.27
"12422",5231.80,4119.35,1112.45
"15298",9061.77,7958.43,1103.34
"12473",3928.05,2837.73,1090.32
"14934",3503.50,2444.10,1059.40
"14258",32051.34,31027.35,1023.99
"15365",4557.13,3573.26,983.87
"13085",2433.28,1459.46,973.82
"15971",5902.83,4930.43,972.40
"13776",623.98,-340.17,964.15
"12352",2849.84,1889.21,960.63
"16772",3698.05,2760.10,937.95
"14113",7092.61,6156.75,935.86
"13069",9284.45,8348.79,935.66
"13235",1031.07,101.17,929.90
"15215",2422.43,1496.46,925.97
"15802",451.42,-451.42,902.84
"15125",17024.87,16124.33,900.54
"14328",445.05,-445.06,890.11
"16546",5307.07,4421.04,886.03
"14933",1770.00,885.00,885.00
"13081",56838.37,55961.37,877.00
"13093",54144.25,53274.33,869.92
"15823",3882.17,3018.86,863.31
"16705",43515.05,42653.14,861.91
"13408",50174.78,49315.02,859.76
"17032",2984.32,2129.78,854.54
"17809",10085.89,9247.35,838.54
"16938",6995.36,6162.11,833.25
"17677",35058.46,34232.18,826.28
"16019",17329.16,16503.46,825.70
"12472",16249.29,15447.69,801.60
"17850",51208.87,50407.77,801.10
"13448",8745.93,7952.81,793.12
"14557",788.38,0.00,788.38
"13881",45179.10,44392.50,786.60
"12709",30291.76,29511.03,780.73
"13802",26259.11,25491.56,767.55
"13799",2803.57,2039.82,763.75
"16133",22992.26,22228.88,763.38
"14606",29951.37,29197.59,753.78
"16801",1594.23,842.33,751.90
"15299",6156.53,5408.61,747.92
"12986",2729.84,1998.34,731.50
"15674",6948.23,6217.85,730.38
"17340",19617.95,18891.89,726.06
"17867",1582.05,856.55,725.50
"17865",26312.19,25586.85,725.34
"14298",91194.49,90489.31,705.18
"12989",13551.75,12846.80,704.95
"16900",887.11,187.69,699.42
"16456",6000.94,5323.44,677.50
"16717",6663.68,5987.41,676.27
"15093",13702.38,13034.15,668.23
"16057",3854.85,3202.07,652.78
"13078",29018.06,28369.44,648.62
"16735",6217.41,5578.86,638.55
"14895",25119.54,24488.82,630.72
"13154",1624.84,997.43,627.41
"14426",11727.94,11103.97,623.97
"13786",3127.99,2505.46,622.53
"12783",2225.91,1603.87,622.04
"17307",3999.89,3378.31,621.58
"18084",795.23,176.03,619.20
"17368",2758.29,2145.39,612.90
"13810",1499.01,899.51,599.50
"14832",322.69,-274.63,597.32
"14145",7600.05,7006.05,594.00
"16570",7434.31,6841.82,592.49
"16163",2407.98,1822.03,585.95
"16923",13157.13,12572.15,584.98
"17428",31466.76,30885.06,581.70
"16716",2149.68,1568.28,581.40
"17675",37642.48,37064.32,578.16
"14665",2749.65,2172.33,577.32
"14147",2590.20,2019.30,570.90
"12749",6897.36,6328.49,568.87
"14808",2718.60,2152.80,565.80
"13634",5033.77,4479.85,553.92
"15546",1079.10,539.55,539.55
"15622",7852.61,7318.08,534.53
"15527",5554.89,5021.03,533.86
"13097",13324.10,12796.61,527.49
"14410",2631.90,2105.08,526.82
"16191",15677.82,15151.92,525.90
"16656",16833.17,16307.72,525.45
"12457",2995.91,2472.31,523.60
"14688",7190.42,6666.93,523.49
"13050",11986.52,11464.43,522.09
"17581",17951.17,17440.89,510.28
"15681",2989.70,2480.20,509.50
"13004",11650.85,11143.99,506.86
"12908",1776.00,1272.00,504.00
"18223",14000.85,13497.58,503.27
"17888",1807.44,1305.90,501.54
"13148",8497.82,7999.61,498.21
"15606",5230.99,4733.47,497.52
"15032",11010.05,10515.05,495.00
"12657",1643.18,1152.06,491.12
"12971",15704.60,15214.55,490.05
"17526",3939.24,3450.04,489.20
"15513",26437.05,25950.95,486.10
"14534",6187.66,5702.97,484.69
"16943",1299.49,816.73,482.76
"15805",10148.93,9668.62,480.31
"14748",2681.90,2201.83,480.07
"15838",73205.50,72727.41,478.09
"17426",8077.77,7606.37,471.40
"17838",5604.64,5134.49,470.15
"12643",8304.82,7835.30,469.52
"13791",1516.00,1047.68,468.32
"17377",17644.27,17176.27,468.00
"12967",2938.52,2472.37,466.15
"17284",2788.06,2323.12,464.94
"16742",2799.87,2334.97,464.90
"17997",1962.46,1503.09,459.37
"17107",16052.72,15595.37,457.35
"16660",1879.55,1422.35,457.20
"16634",1649.81,1198.30,451.51
"15197",1877.51,1427.84,449.67
"12584",2338.15,1893.95,444.20
"15100",2193.90,1750.10,443.80
"16554",2841.72,2407.17,434.55
"13984",1893.80,1461.32,432.48
"15521",7098.24,6665.99,432.25
"15073",2788.02,2357.04,430.98
"12678",34281.18,33851.13,430.05
"15465",12100.40,11670.90,429.50
"12619",3781.38,3354.95,426.43
"12474",12372.75,11948.75,424.00
"15189",17524.38,17101.13,423.25
"13767",33903.57,33480.82,422.75
"16732",4387.64,3966.79,420.85
"13777",49638.26,49218.41,419.85
"13317",6486.09,6068.53,417.56
"13290",208.63,-208.63,417.26
"15809",1274.44,862.88,411.56
"17679",3577.61,3166.56,411.05
"12753",21429.39,21024.01,405.38
"15856",32275.95,31873.05,402.90
"16556",8012.58,7610.23,402.35
"13217",666.48,266.12,400.36
"12476",14083.91,13684.12,399.79
"13534",7720.90,7324.50,396.40
"15291",13517.76,13122.44,395.32
"17314",4904.43,4514.70,389.73
"17364",11972.92,11587.05,385.87
"17774",3273.83,2891.48,382.35
"13012",2957.83,2576.18,381.65
"13225",16260.07,15879.27,380.80
"15354",284.40,-94.80,379.20
"17728",4238.76,3861.13,377.63
"16985",10923.16,10545.76,377.40
"13599",9811.04,9433.75,377.29
"14481",2284.69,1908.52,376.17
"18225",13014.80,12643.25,371.55
"14776",3708.30,3339.02,369.28
"16067",3269.11,2900.01,369.10
"15555",11243.91,10875.64,368.27
"12504",779.05,411.00,368.05
"14842",2824.69,2456.80,367.89
"14159",7860.80,7494.67,366.13
"13587",1673.50,1308.10,365.40
"15827",3603.14,3240.03,363.11
"15044",16024.15,15661.35,362.80
"17731",1708.99,1347.08,361.91
"13552",6948.92,6588.63,360.29
"15221",2062.20,1702.00,360.20
"14800",7191.33,6832.60,358.73
"15804",4206.39,3848.55,357.84
"17049",9942.53,9588.83,353.70
"18087",14761.52,14411.62,349.90
"13319",21323.22,20974.96,348.26
"14492",1921.91,1574.36,347.55
"16161",12580.06,12236.22,343.84
"18198",5425.56,5083.06,342.50
"15005",13754.58,13412.90,341.68
"17550",2506.64,2165.54,341.10
"13668",12948.48,12607.68,340.80
"13735",9762.77,9422.36,340.41
"16321",604.55,265.50,339.05
"14292",9226.25,8887.90,338.35
"12980",16245.78,15909.39,336.39
"13090",13091.74,12759.93,331.81
"16607",5706.87,5375.18,331.69
"14735",12240.16,11909.71,330.45
"14562",6638.15,6308.00,330.15
"14051",21770.98,21441.48,329.50
"12409",23419.29,23090.47,328.82
"13047",8428.53,8100.09,328.44
"14175",7678.88,7350.44,328.44
"13703",425.56,99.50,326.06
"15538",3358.40,3036.10,322.30
"15097",908.35,587.05,321.30
"12365",641.38,320.69,320.69
"17567",4838.08,4519.16,318.92
"16359",2697.75,2379.40,318.35
"12406",6390.36,6072.21,318.15
"13418",11559.66,11242.22,317.44
"15201",1842.95,1525.90,317.05
"12681",29834.76,29518.24,316.52
"12567",11767.48,11451.44,316.04
"12779",6474.11,6158.60,315.51
"17406",4186.95,3874.00,312.95
"14112",5834.59,5524.51,310.08
"15935",416.86,108.04,308.82
"14290",4516.56,4208.93,307.63
"13762",2472.48,2165.76,306.72
"15473",2046.00,1740.00,306.00
"16701",9916.73,9614.59,302.14
"14967",1982.61,1680.52,302.09
"15223",1417.95,1117.10,300.85
"15911",1700.24,1399.45,300.79
"17050",4648.59,4348.46,300.13
"18214",1780.34,1480.99,299.35
"15031",3102.94,2803.73,299.21
"13468",12793.28,12494.38,298.90
"17696",7679.59,7380.89,298.70
"13394",6621.70,6323.88,297.82
"14685",4536.64,4241.16,295.48
"16252",295.09,0.00,295.09
"18227",388.75,93.75,295.00
"14878",4076.50,3783.48,293.02
"14931",1257.68,964.68,293.00
"14064",3260.24,2967.57,292.67
"17671",2009.16,1720.53,288.63
"12437",12683.40,12394.85,288.55
"15039",39141.48,38853.04,288.44
"16779",32809.03,32522.40,286.63
"17873",6265.33,5979.01,286.32
"17716",15956.97,15671.32,285.65
"14105",5988.83,5703.98,284.85
"13316",12940.82,12656.18,284.64
"14505",11879.08,11596.04,283.04
"14952",17629.35,17347.25,282.10
"14533",3466.37,3185.12,281.25
"12791",863.51,585.15,278.36
"12683",11633.70,11355.52,278.18
"16714",1497.33,1222.24,275.09
"16859",1932.41,1657.74,274.67
"15810",2999.04,2724.80,274.24
"12483",5097.18,4823.47,273.71
"13446",3881.89,3608.86,273.03
"12770",3246.45,2975.95,270.50
"12558",269.96,0.00,269.96
"14205",2414.20,2146.58,267.62
"16544",376.70,110.30,266.40
"16156",6188.18,5923.39,264.79
"14430",1220.90,956.40,264.50
"16104",2774.46,2511.21,263.25
"16993",1950.95,1688.15,262.80
"13287",781.59,519.67,261.92
"12414",952.41,692.41,260.00
"17095",2572.25,2312.59,259.66
"13672",419.92,162.07,257.85
"14267",1516.24,1259.19,257.05
"13102",11380.10,11123.30,256.80
"16550",8813.58,8556.82,256.76
"15171",1289.50,1034.50,255.00
"15602",3137.96,2883.42,254.54
"13658",6025.50,5772.07,253.43
"17422",3594.76,3341.65,253.11
"17504",9490.17,9238.42,251.75
"16027",2048.36,1799.84,248.52
"16045",3434.93,3187.03,247.90
"18072",247.44,0.00,247.44
"15181",1200.20,953.40,246.80
"13473",2657.76,2410.98,246.78
"17548",731.26,486.48,244.78
"15694",9978.48,9734.13,244.35
"12613",6817.37,6573.82,243.55
"16670",8030.15,7786.66,243.49
"12843",6583.36,6340.56,242.80
"15950",7120.91,6878.71,242.20
"14441",4611.69,4370.09,241.60
"12647",16955.55,16713.99,241.56
"17204",5504.69,5263.69,241.00
"16150",4002.17,3761.27,240.90
"15194",12021.53,11781.52,240.01
"13526",1182.00,942.60,239.40
"17612",5394.86,5156.14,238.72
"16652",17550.39,17312.83,237.56
"16167",1386.12,1149.87,236.25
"14195",2615.60,2381.24,234.36
"17396",8409.60,8177.10,232.50
"13267",9429.81,9197.66,232.15
"12626",6620.48,6388.35,232.13
"17188",4592.93,4361.83,231.10
"17230",9388.49,9159.45,229.04
"15046",7623.79,7394.78,229.01
"15251",20324.54,20095.60,228.94
"13520",6606.00,6377.25,228.75
"14194",18670.59,18442.87,227.72
"12666",1248.42,1020.98,227.44
"15281",8543.57,8317.62,225.95
"16571",4248.74,4025.05,223.69
"15329",2958.83,2735.18,223.65
"13098",28882.44,28658.88,223.56
"15550",2211.05,1987.85,223.20
"13811",814.50,591.75,222.75
"13338",2445.62,2223.62,222.00
"15027",3195.60,2974.04,221.56
"12359",8873.39,8652.34,221.05
"14849",15407.61,15186.60,221.01
"17460",2157.97,1937.10,220.87
"16401",6849.15,6628.99,220.16
"17828",1820.09,1599.97,220.12
"13965",996.61,777.66,218.95
"13094",2209.44,1990.98,218.46
"12533",1367.89,1149.99,217.90
"13883",6560.02,6342.74,217.28
"18133",931.50,715.50,216.00
"15885",1951.82,1737.57,214.25
"17113",2305.59,2092.16,213.43
"12720",7787.28,7574.49,212.79
"15358",16425.86,16213.65,212.21
"16316",5744.91,5533.31,211.60
"18260",9947.26,9737.10,210.16
"13523",4534.57,4325.07,209.50
"14180",6117.50,5909.00,208.50
"12705",11762.10,11554.00,208.10
"15973",680.62,472.57,208.05
"16858",4292.59,4085.74,206.85
"14667",20395.34,20188.79,206.55
"13958",4709.23,4504.78,204.45
"18075",5783.29,5579.91,203.38
"14640",3649.36,3446.33,203.03
"15373",3084.54,2881.74,202.80
"16720",758.74,556.69,202.05
"17681",731.20,529.60,201.60
"14882",3546.65,3345.05,201.60
"12712",6723.03,6521.78,201.25
"14304",1725.01,1523.81,201.20
"13941",10027.18,9826.63,200.55
"14154",6460.70,6263.60,197.10
"14546",5184.84,4987.97,196.87
"12947",1603.99,1407.29,196.70
"14796",10169.33,9972.76,196.57
"12621",24311.20,24114.70,196.50
"12708",5117.66,4921.72,195.94
"17190",1726.57,1531.57,195.00
"15339",1821.02,1627.27,193.75
"14217",3298.59,3105.52,193.07
"14866",20746.54,20554.09,192.45
"14329",9887.62,9695.92,191.70
"13815",7475.74,7285.79,189.95
"13650",3288.00,3098.50,189.50
"16103",6191.71,6002.76,188.95
"14040",12523.81,12336.08,187.73
"13027",17239.20,17052.00,187.20
"14149",446.62,259.43,187.19
"17152",2016.50,1830.50,186.00
"17457",5984.81,5799.01,185.80
"16210",33750.97,33565.52,185.45
"15078",17286.73,17101.37,185.36
"15861",4369.20,4185.40,183.80
"16592",7807.91,7624.46,183.45
"12982",2744.81,2562.12,182.69
"13314",775.94,593.51,182.43
"16940",6427.66,6245.41,182.25
"13057",709.59,528.24,181.35
"16875",4234.53,4053.20,181.33
"17243",20203.58,20022.93,180.65
"17539",1176.84,997.34,179.50
"15633",4335.96,4156.91,179.05
"12853",3907.50,3728.50,179.00
"13659",4884.68,4706.43,178.25
"18172",17467.24,17289.23,178.01
"13136",6274.56,6097.90,176.66
"14415",11980.09,11803.62,176.47
"12615",5740.98,5564.88,176.10
"13929",3494.10,3318.10,176.00
"18274",175.92,0.00,175.92
"15873",313.92,138.24,175.68
"14199",1091.70,916.50,175.20
"16812",2392.00,2216.80,175.20
"14049",13023.40,12848.40,175.00
"15101",1477.94,1303.49,174.45
"15941",405.00,230.60,174.40
"14460",1093.50,919.60,173.90
"14276",2102.68,1929.32,173.36
"14727",463.73,291.13,172.60
"16713",14115.56,13943.36,172.20
"14850",1770.96,1599.76,171.20
"17576",8711.95,8540.80,171.15
"13725",1980.56,1809.81,170.75
"15326",1700.52,1529.82,170.70
"14644",2247.72,2077.47,170.25
"15113",3509.43,3339.51,169.92
"13266",6135.04,5965.30,169.74
"14062",25585.65,25416.28,169.37
"14000",2046.34,1877.59,168.75
"12768",168.69,0.00,168.69
"15158",606.02,437.66,168.36
"16817",2560.70,2392.85,167.85
"17611",8337.53,8170.93,166.60
"15864",2180.76,2014.22,166.54
"14482",4306.72,4141.06,165.66
"17490",2750.50,2585.06,165.44
"16841",4006.06,3841.16,164.90
"17644",6028.60,5864.54,164.06
"16729",7205.33,7041.69,163.64
"14598",384.04,221.97,162.07
"17811",9519.80,9358.53,161.27
"13014",5381.08,5220.83,160.25
"13711",1792.26,1632.61,159.65
"15580",1375.39,1216.15,159.24
"13162",9275.49,9116.94,158.55
"14535",5973.23,5815.13,158.10
"17617",385.19,227.14,158.05
"14010",445.15,288.10,157.05
"16485",2287.19,2130.19,157.00
"13924",1838.85,1682.08,156.77
"15796",5171.63,5015.75,155.88
"16523",11916.33,11760.54,155.79
"16984",10350.53,10195.15,155.38
"14916",3042.95,2888.21,154.74
"16558",13304.11,13149.56,154.55
"13758",8698.13,8544.29,153.84
"15144",12160.31,12006.51,153.80
"15658",2117.27,1964.14,153.13
"13969",12973.46,12820.36,153.10
"17324",2171.07,2018.07,153.00
"18024",389.78,236.78,153.00
"14634",2124.46,1971.82,152.64
"15845",4426.28,4273.65,152.63
"12433",16794.14,16641.74,152.40
"12523",4352.35,4201.05,151.30
"17408",316.09,164.89,151.20
"14409",3427.29,3276.09,151.20
"12841",6958.20,6808.00,150.20
"18220",1921.76,1771.70,150.06
"15874",11284.76,11135.00,149.76
"15696",3881.22,3732.12,149.10
"15834",3764.39,3615.54,148.85
"14380",48.96,-99.73,148.69
"17592",148.30,0.00,148.30
"13478",2215.78,2068.03,147.75
"12540",22254.49,22107.29,147.20
"16233",1818.31,1671.31,147.00
"15485",4810.92,4663.92,147.00
"17621",3175.12,3029.32,145.80
"13476",2061.47,1915.77,145.70
"17115",2761.49,2616.29,145.20
"17589",13837.94,13692.89,145.05
"15953",3440.34,3295.49,144.85
"16719",3513.62,3368.87,144.75
"15785",5969.93,5825.33,144.60
"16661",932.76,788.31,144.45
"12481",12185.51,12041.15,144.36
"17702",3144.04,2999.94,144.10
"12839",9669.12,9525.22,143.90
"16033",10608.81,10465.07,143.74
"13107",5253.07,5109.62,143.45
"16394",1555.34,1412.06,143.28
"13577",3489.28,3346.62,142.66
"14320",1346.75,1204.12,142.63
"15808",17180.25,17038.95,141.30
"18018",297.99,156.69,141.30
"15290",10496.28,10355.58,140.70
"15523",17259.19,17119.24,139.95
"14034",648.89,509.09,139.80
"15240",4459.98,4320.45,139.53
"18109",9555.71,9416.41,139.30
"15611",2997.28,2858.37,138.91
"12431",10432.22,10293.66,138.56
"12525",973.73,835.18,138.55
"15614",3147.36,3008.86,138.50
"13327",9134.48,8996.03,138.45
"15722",5234.00,5095.95,138.05
"15632",3285.31,3147.31,138.00
"14233",2904.27,2766.96,137.31
"17802",4946.22,4808.94,137.28
"15321",6709.73,6573.40,136.33
"13329",4808.77,4672.82,135.95
"12949",15526.70,15391.00,135.70
"13889",1991.23,1855.73,135.50
"14906",68.44,-66.98,135.42
"17609",1887.90,1752.55,135.35
"15222",3550.91,3415.66,135.25
"17011",671.70,536.70,135.00
"13364",134.96,0.00,134.96
"15728",544.60,409.80,134.80
"14733",14335.15,14200.78,134.37
"15621",1293.03,1158.77,134.26
"16886",134.00,0.00,134.00
"17085",7847.67,7713.67,134.00
"16325",3597.50,3463.84,133.66
"15066",893.59,760.59,133.00
"13092",2140.28,2007.33,132.95
"13407",2244.70,2111.89,132.81
"12467",132.80,0.00,132.80
"13455",2212.99,2080.88,132.11
"13141",7656.08,7524.13,131.95
"14071",1437.57,1306.16,131.41
"17931",3402.24,3270.91,131.33
"15916",3145.24,3014.04,131.20
"13946",1876.23,1745.43,130.80
"17147",3199.95,3069.15,130.80
"17652",4867.72,4737.13,130.59
"15607",1708.97,1578.57,130.40
"18226",11878.88,11748.58,130.30
"16080",602.56,472.90,129.66
"12494",1815.27,1685.92,129.35
"14437",873.34,744.44,128.90
"12597",3811.22,3683.13,128.09
"15638",2265.20,2137.20,128.00
"14475",1151.15,1025.12,126.03
"14285",3284.42,3158.64,125.78
"17799",6246.93,6121.78,125.15
"14229",2594.04,2468.99,125.05
"16466",3767.09,3642.09,125.00
"16949",1286.27,1161.27,125.00
"16971",357.21,232.21,125.00
"12773",124.25,0.00,124.25
"12758",9903.24,9779.00,124.24
"12451",12669.88,12546.53,123.35
"14898",3365.95,3242.60,123.35
"17965",7006.65,6883.45,123.20
"14590",2993.37,2871.04,122.33
"14621",3000.57,2878.27,122.30
"15786",8501.62,8379.65,121.97
"14755",9972.55,9851.45,121.10
"16118",4376.25,4255.43,120.82
"13015",6579.78,6459.08,120.70
"17345",1586.63,1466.33,120.30
"14530",6088.87,5968.62,120.25
"13623",2533.06,2412.93,120.13
"14081",4867.57,4747.52,120.05
"16326",4721.25,4601.25,120.00
"14609",1486.20,1366.20,120.00
"12704",2340.84,2220.84,120.00
"16928",3897.53,3777.88,119.65
"14502",2429.83,2310.18,119.65
"12598",4534.09,4414.67,119.42
"16689",422.60,303.26,119.34
"15640",23494.31,23375.09,119.22
"12781",826.74,707.72,119.02
"15296",10323.03,10204.13,118.90
"15249",9266.00,9147.15,118.85
"17969",2354.29,2235.54,118.75
"13415",784.17,665.42,118.75
"18247",839.73,721.43,118.30
"13768",875.97,758.07,117.90
"12427",825.80,708.37,117.43
"16658",690.83,573.48,117.35
"16711",2868.48,2751.48,117.00
"14030",7521.80,7405.10,116.70
"17061",5232.23,5116.13,116.10
"17857",27347.04,27231.34,115.70
"15433",533.30,417.87,115.43
"13115",5494.70,5379.45,115.25
"15518",4189.99,4074.83,115.16
"13983",6753.89,6638.85,115.04
"12703",1006.53,892.18,114.35
"15505",3610.96,3497.14,113.82
"15323",434.60,320.90,113.70
"17602",7354.43,7240.73,113.70
"17065",194.70,82.35,112.35
"13963",2860.57,2748.32,112.25
"12747",8898.48,8786.53,111.95
"14507",3216.74,3104.80,111.94
"14440",5982.03,5870.13,111.90
"13503",1859.24,1747.39,111.85
"16145",6805.44,6693.60,111.84
"15676",3435.76,3324.09,111.67
"14525",8026.54,7915.71,110.83
"13505",4393.63,4282.88,110.75
"14930",5236.73,5126.74,109.99
"14944",9784.67,9674.92,109.75
"13246",3351.75,3242.00,109.75
"15351",3430.22,3320.50,109.72
"17658",595.42,485.88,109.54
"18062",1632.67,1523.37,109.30
"16258",11942.52,11833.52,109.00
"17411",1425.38,1316.53,108.85
"12417",6797.41,6688.71,108.70
"13458",11959.27,11850.62,108.65
"17769",7053.38,6944.96,108.42
"16166",435.83,327.48,108.35
"12623",3747.84,3639.84,108.00
"18286",1296.43,1188.43,108.00
"16924",829.89,722.64,107.25
"15187",4777.18,4670.08,107.10
"15596",2727.72,2621.27,106.45
"17145",3120.91,3014.64,106.27
"16604",432.45,326.25,106.20
"12975",2100.09,1993.99,106.10
"17338",11889.33,11783.33,106.00
"17231",7064.80,6958.83,105.97
"16177",2247.31,2141.61,105.70
"16362",922.16,816.96,105.20
"16393",5297.77,5192.61,105.16
"15985",2715.28,2610.28,105.00
"17954",3804.38,3699.74,104.64
"16303",7928.27,7823.72,104.55
"14191",4817.66,4713.41,104.25
"14231",1235.62,1131.97,103.65
"17213",4869.40,4766.03,103.37
"18257",4600.15,4496.80,103.35
"14586",237.36,134.16,103.20
"12644",1918.49,1815.54,102.95
"12477",20276.37,20173.64,102.73
"15814",2634.44,2531.84,102.60
"17442",4620.30,4517.70,102.60
"12583",13591.58,13489.04,102.54
"12731",25775.71,25673.21,102.50
"15045",735.66,633.66,102.00
"13829",102.00,0.00,102.00
"16767",8056.76,7954.76,102.00
"14885",1598.12,1496.12,102.00
"17610",1511.94,1410.29,101.65
"17975",6696.33,6595.18,101.15
"16360",3450.41,3349.57,100.84
"14211",4402.29,4301.69,100.60
"17570",100.00,0.00,100.00
"18136",1631.36,1531.71,99.65
"14404",2724.13,2625.13,99.00
"16908",252.59,153.59,99.00
"14896",1826.00,1727.30,98.70
"15736",1767.12,1668.67,98.45
"14388",6388.20,6289.95,98.25
"12733",2424.87,2326.82,98.05
"13692",3114.40,3016.45,97.95
"13397",3191.87,3094.11,97.76
"16168",10360.67,10263.28,97.39
"17900",112.20,15.00,97.20
"13304",1217.99,1120.79,97.20
"13206",8308.19,8211.00,97.19
"14593",3665.53,3568.69,96.84
"16094",3695.56,3599.16,96.40
"16218",3968.67,3872.30,96.37
"16678",3109.99,3013.83,96.16
"16153",5133.49,5037.51,95.98
"15059",3491.20,3395.25,95.95
"13126",3774.81,3679.03,95.78
"13854",11944.56,11848.81,95.75
"15173",1494.60,1399.26,95.34
"14442",5367.02,5272.02,95.00
"17663",5175.83,5081.04,94.79
"15981",9362.77,9268.07,94.70
"17044",11962.30,11867.60,94.70
"13641",1016.47,921.82,94.65
"14493",5087.86,4993.76,94.10
"14367",9227.82,9134.12,93.70
"18230",4291.06,4197.46,93.60
"14293",2903.01,2809.41,93.60
"17090",3080.18,2986.64,93.54
"12722",997.63,904.33,93.30
"17469",5051.25,4958.34,92.91
"17139",19566.76,19473.91,92.85
"13555",8891.84,8798.99,92.85
"16791",3957.63,3865.06,92.57
"14401",6795.90,6703.40,92.50
"16283",4350.32,4257.87,92.45
"15489",2419.61,2327.36,92.25
"14740",4161.06,4068.86,92.20
"12782",4618.24,4526.04,92.20
"13324",10513.47,10421.37,92.10
"17315",9599.58,9507.53,92.05
"15615",21373.97,21282.07,91.90
"16131",9957.42,9866.27,91.15
"12440",859.20,768.15,91.05
"13676",243.90,153.15,90.75
"13426",8167.38,8076.76,90.62
"17464",907.14,816.54,90.60
"15750",6452.99,6362.60,90.39
"14056",8152.71,8062.46,90.25
"12915",975.10,885.20,89.90
"15260",8767.73,8677.88,89.85
"14322",474.10,384.30,89.80
"13851",4606.46,4516.76,89.70
"13360",1553.65,1464.10,89.55
"18163",728.84,639.34,89.50
"13979",3379.93,3290.53,89.40
"15535",1044.37,955.12,89.25
"15015",2354.97,2265.77,89.20
"15867",8923.30,8834.20,89.10
"14025",4057.90,3969.10,88.80
"12963",3235.79,3146.99,88.80
"18245",6324.98,6236.23,88.75
"16176",2052.69,1964.04,88.65
"14648",4466.65,4378.00,88.65
"17528",3628.50,3540.10,88.40
"15984",8393.02,8304.82,88.20
"12600",4967.42,4879.29,88.13
"16639",1747.98,1659.85,88.13
"12682",22950.22,22862.12,88.10
"15998",8274.14,8186.19,87.95
"15906",2530.19,2442.44,87.75
"15344",563.94,476.58,87.36
"16436",319.14,231.84,87.30
"15382",13733.55,13646.50,87.05
"12656",6407.83,6320.78,87.05
"14047",3968.11,3881.11,87.00
"17353",3242.00,3155.55,86.45
"14564",2605.62,2519.32,86.30
"15563",2859.46,2773.67,85.79
"12616",1131.10,1045.35,85.75
"13993",6775.71,6690.36,85.35
"13648",1764.02,1679.01,85.01
"15257",685.90,600.90,85.00
"17214",1059.12,974.12,85.00
"13895",4008.52,3923.62,84.90
"13282",1313.19,1228.89,84.30
"15406",975.87,891.77,84.10
"15107",824.35,740.26,84.09
"16553",16584.01,16500.12,83.89
"16700",8830.77,8747.12,83.65
"14370",1175.78,1092.13,83.65
"13413",429.44,345.80,83.64
"17337",1981.06,1897.51,83.55
"16782",9636.12,9552.62,83.50
"18168",3435.50,3352.30,83.20
"15969",1127.05,1043.85,83.20
"13856",1142.03,1058.88,83.15
"17563",392.38,309.28,83.10
"14286",8479.76,8396.70,83.06
"12633",5678.16,5595.21,82.95
"12500",5955.21,5872.31,82.90
"18041",8018.77,7936.04,82.73
"17633",2057.39,1974.89,82.50
"15309",797.96,715.53,82.43
"17735",16790.33,16707.98,82.35
"16292",1253.76,1171.46,82.30
"13554",1629.35,1547.46,81.89
"16933",3099.30,3017.65,81.65
"16775",2820.84,2739.24,81.60
"14987",1550.65,1469.05,81.60
"13118",2415.41,2334.10,81.31
"13440",1295.25,1213.95,81.30
"14961",16410.15,16328.90,81.25
"14037",836.95,755.95,81.00
"13871",7885.85,7804.95,80.90
"12797",552.08,471.43,80.65
"15079",3625.40,3544.80,80.60
"14894",1492.81,1412.21,80.60
"13021",4887.24,4806.66,80.58
"14311",516.45,435.90,80.55
"14745",2551.41,2471.06,80.35
"17048",2071.68,1991.45,80.23
"15903",8939.84,8859.82,80.02
"12501",2169.39,2089.68,79.71
"17757",9074.05,8994.44,79.61
"16180",16249.87,16170.27,79.60
"14608",3352.94,3273.44,79.50
"16996",2123.61,2044.16,79.45
"12428",7956.46,7877.20,79.26
"12721",4013.08,3933.83,79.25
"13813",2765.47,2686.42,79.05
"13709",7571.35,7492.41,78.94
"16395",3518.41,3439.51,78.90
"18009",2144.23,2065.48,78.75
"12957",8706.97,8628.42,78.55
"15023",11578.65,11500.16,78.49
"16227",1027.22,948.82,78.40
"14013",1084.57,1006.22,78.35
"15021",2500.59,2422.35,78.24
"16584",3156.17,3077.97,78.20
"15561",1934.39,1856.54,77.85
"18194",4162.04,4084.20,77.84
"16455",3995.57,3917.92,77.65
"16262",755.15,677.78,77.37
"13240",1475.79,1398.44,77.35
"15719",10195.97,10118.87,77.10
"13901",5676.34,5599.34,77.00
"17416",17298.45,17221.47,76.98
"14389",1898.01,1821.07,76.94
"16897",289.78,213.03,76.75
"15322",1390.86,1314.15,76.71
"14256",2460.79,2384.14,76.65
"18252",1533.69,1457.19,76.50
"17317",2600.34,2524.02,76.32
"17829",4756.74,4680.42,76.32
"13834",324.19,247.89,76.30
"17311",3566.56,3490.66,75.90
"17069",5517.23,5441.35,75.88
"15137",823.40,747.55,75.85
"14342",918.44,842.74,75.70
"13417",1669.49,1593.89,75.60
"15367",5081.33,5005.73,75.60
"17531",1266.82,1191.22,75.60
"17987",965.44,889.92,75.52
"16918",3206.54,3131.31,75.23
"14769",15514.11,15438.90,75.21
"13164",372.20,297.46,74.74
"16398",1705.80,1631.15,74.65
"17858",12518.65,12444.30,74.35
"14994",946.72,872.42,74.30
"16444",3625.88,3551.68,74.20
"13488",14205.96,14131.81,74.15
"14766",6375.73,6301.88,73.85
"15704",3734.66,3660.88,73.78
"13971",4667.57,4593.83,73.74
"14659",2529.93,2456.53,73.40
"14857",3651.85,3578.93,72.92
"13495",4863.31,4790.41,72.90
"16979",2859.74,2787.09,72.65
"16565",773.05,700.45,72.60
"16092",1587.94,1515.49,72.45
"17451",1721.40,1648.95,72.45
"16255",4530.00,4457.59,72.41
"13037",3914.95,3842.55,72.40
"12994",974.42,902.22,72.20
"16919",4909.66,4837.56,72.10
"12700",4939.99,4867.99,72.00
"17342",1227.54,1155.84,71.70
"12362",5356.23,5284.58,71.65
"12854",2970.97,2899.32,71.65
"17672",5778.63,5707.08,71.55
"13209",8509.51,8438.06,71.45
"15162",312.90,241.50,71.40
"15057",3255.96,3184.56,71.40
"15379",4877.84,4806.44,71.40
"14676",8356.79,8285.49,71.30
"14907",5547.72,5476.62,71.10
"13451",7090.06,7019.11,70.95
"17651",5703.52,5632.59,70.93
"15558",202.68,131.88,70.80
"14817",3959.86,3889.21,70.65
"14422",10271.52,10200.92,70.60
"14057",8346.66,8276.10,70.56
"14390",6150.03,6079.48,70.55
"14824",4022.91,3952.51,70.40
"16873",14617.39,14547.03,70.36
"15271",4528.54,4458.29,70.25
"16187",6911.44,6841.24,70.20
"12578",4642.45,4572.45,70.00
"12676",2843.09,2773.09,70.00
"13510",4558.29,4488.39,69.90
"14732",5517.07,5447.52,69.55
"12625",5164.88,5095.38,69.50
"12530",3759.26,3689.86,69.40
"13151",2465.21,2396.16,69.05
"14038",3069.88,3000.93,68.95
"18094",6391.52,6322.62,68.90
"13008",612.13,543.28,68.85
"14625",4497.88,4429.18,68.70
"16499",2578.34,2509.64,68.70
"18277",1180.05,1111.38,68.67
"13890",2927.38,2858.73,68.65
"12637",8283.81,8215.16,68.65
"16533",1082.81,1014.19,68.62
"12907",508.91,440.36,68.55
"12909",3103.19,3034.77,68.42
"13350",979.12,910.72,68.40
"12993",1259.63,1191.26,68.37
"17096",3697.93,3629.58,68.35
"14777",307.56,239.26,68.30
"13905",312.65,244.45,68.20
"17924",3257.70,3189.53,68.17
"17754",4451.22,4383.08,68.14
"17725",3439.08,3371.13,67.95
"16296",1313.67,1245.97,67.70
"13000",1032.50,965.00,67.50
"14695",1534.22,1466.72,67.50
"13541",785.25,717.90,67.35
"15159",22116.73,22049.40,67.33
"17655",2976.38,2909.18,67.20
"16355",416.35,349.20,67.15
"13320",2211.60,2144.45,67.15
"13662",2233.61,2166.63,66.98
"15737",1188.12,1121.21,66.91
"17667",3950.70,3883.80,66.90
"16835",1456.66,1389.76,66.90
"13082",7335.75,7268.92,66.83
"15157",2654.11,2587.54,66.57
"15791",3608.34,3541.79,66.55
"12484",6354.10,6287.80,66.30
"12830",6814.64,6748.40,66.24
"14903",2795.33,2729.18,66.15
"12802",2416.42,2350.42,66.00
"12632",804.88,738.88,66.00
"15152",5263.83,5197.97,65.86
"13995",3902.01,3836.26,65.75
"14243",7217.75,7152.06,65.69
"12462",1189.59,1124.01,65.58
"17477",1144.30,1079.00,65.30
"16286",328.95,263.65,65.30
"14099",5750.91,5685.71,65.20
"15179",7491.92,7426.82,65.10
"17346",4998.61,4933.63,64.98
"14794",1953.90,1889.15,64.75
"13005",999.68,935.03,64.65
"14168",370.45,305.90,64.55
"16898",885.21,820.86,64.35
"16001",583.39,519.06,64.33
"17146",5852.64,5788.39,64.25
"13999",9502.26,9438.01,64.25
"14032",4546.41,4482.21,64.20
"17405",1031.41,967.22,64.19
"14744",3660.08,3596.02,64.06
"15570",8736.49,8672.44,64.05
"16383",2896.69,2832.69,64.00
"14109",144.20,80.20,64.00
"16108",2235.92,2171.93,63.99
"12668",11383.03,11319.06,63.97
"12413",999.45,935.50,63.95
"15532",3738.85,3675.00,63.85
"14333",415.20,351.45,63.75
"14560",6114.03,6050.44,63.59
"13693",2011.82,1948.32,63.50
"15881",501.39,438.24,63.15
"18118",6221.02,6157.87,63.15
"14701",4487.11,4423.96,63.15
"16235",2053.71,1990.61,63.10
"16124",1772.49,1709.39,63.10
"17861",5088.29,5025.19,63.10
"17071",3793.71,3730.96,62.75
"15372",6017.06,5954.42,62.64
"12693",1703.02,1640.42,62.60
"14126",1172.46,1109.96,62.50
"12577",1617.10,1554.70,62.40
"14861",1380.73,1318.40,62.33
"16042",2245.32,2183.10,62.22
"15822",1840.06,1777.91,62.15
"15898",4996.45,4934.50,61.95
"13198",4974.23,4912.28,61.95
"15244",912.08,850.18,61.90
"12935",4243.86,4182.01,61.85
"16101",3229.16,3167.42,61.74
"17063",3638.53,3576.88,61.65
"12754",3010.74,2949.12,61.62
"15751",1380.44,1318.84,61.60
"13925",678.25,616.65,61.60
"17114",801.12,739.72,61.40
"17640",3168.94,3107.59,61.35
"13954",439.92,378.59,61.33
"16245",1413.66,1352.36,61.30
"13178",14059.19,13997.89,61.30
"13110",2957.47,2896.17,61.30
"13485",3019.22,2957.92,61.30
"16278",1117.84,1056.59,61.25
"16076",2234.73,2173.53,61.20
"18020",190.48,129.28,61.20
"12408",4340.77,4279.64,61.13
"13466",1013.35,952.25,61.10
"16768",1698.57,1637.52,61.05
"13365",2225.37,2164.32,61.05
"14501",251.21,190.31,60.90
"17019",3602.29,3541.59,60.70
"15533",807.57,746.92,60.65
"12425",1741.41,1680.81,60.60
"15218",11468.83,11408.26,60.57
"12612",704.04,643.59,60.45
"17183",3347.31,3286.91,60.40
"12807",330.35,269.95,60.40
"13615",6272.53,6212.23,60.30
"13756",8655.95,8595.65,60.30
"16474",1810.65,1750.62,60.03
"13874",2049.15,1989.20,59.95
"12553",4608.75,4548.82,59.93
"16600",2153.41,2093.56,59.85
"13882",1191.13,1131.28,59.85
"15443",5114.23,5054.44,59.79
"12933",1636.63,1576.88,59.75
"12569",4124.69,4064.99,59.70
"14291",7904.10,7844.40,59.70
"17170",178.68,118.98,59.70
"15691",571.30,511.80,59.50
"14239",4263.17,4203.72,59.45
"14201",1193.54,1134.14,59.40
"14981",372.92,313.52,59.40
"16950",3541.77,3482.59,59.18
"17339",302.36,243.36,59.00
"16807",2123.88,2064.88,59.00
"12576",2142.72,2083.87,58.85
"17597",3484.09,3425.29,58.80
"15706",1060.56,1001.81,58.75
"15255",3706.02,3647.37,58.65
"14915",1811.25,1752.65,58.60
"14702",6368.78,6310.28,58.50
"12542",481.88,423.38,58.50
"16947",955.21,896.73,58.48
"14738",1821.90,1763.64,58.26
"13159",1429.35,1371.25,58.10
"13252",399.30,341.30,58.00
"17977",1511.45,1453.55,57.90
"14403",1880.51,1822.76,57.75
"15648",639.50,582.05,57.45
"13377",1552.88,1495.43,57.45
"12585",2040.10,1982.81,57.29
"17276",502.49,445.44,57.05
"15380",3248.96,3192.10,56.86
"13855",1310.34,1253.94,56.40
"14627",462.75,406.40,56.35
"14397",2612.96,2556.68,56.28
"17813",1698.07,1641.79,56.28
"15182",2998.95,2942.75,56.20
"15755",5993.12,5936.95,56.17
"16810",842.04,786.14,55.90
"14209",4993.27,4937.37,55.90
"17894",2304.58,2248.86,55.72
"17646",3898.79,3843.16,55.63
"18219",3352.70,3297.20,55.50
"17193",2310.04,2254.60,55.44
"16170",6869.00,6813.67,55.33
"14305",1858.96,1803.76,55.20
"15050",4087.19,4032.27,54.92
"18221",1424.94,1370.34,54.60
"12679",1113.02,1058.67,54.35
"15831",794.64,740.64,54.00
"18064",4481.83,4427.98,53.85
"17720",2666.91,2613.06,53.85
"12439",1142.88,1089.18,53.70
"17908",1142.47,1088.82,53.65
"14768",192.60,139.50,53.10
"13134",2475.23,2422.28,52.95
"14829",1455.87,1402.97,52.90
"13699",764.15,711.40,52.75
"14122",362.42,309.77,52.65
"16128",3801.05,3748.40,52.65
"14831",1676.57,1623.97,52.60
"13184",1668.95,1616.45,52.50
"15877",490.33,437.83,52.50
"17718",439.18,386.98,52.20
"13557",3032.26,2980.08,52.18
"17372",4347.31,4295.18,52.13
"16736",2956.56,2904.51,52.05
"13190",570.66,518.76,51.90
"17593",8092.32,8040.52,51.80
"12520",2634.26,2582.51,51.75
"16602",763.33,711.63,51.70
"15128",1783.68,1732.22,51.46
"13590",6336.04,6284.74,51.30
"13736",2752.47,2701.27,51.20
"15430",954.75,903.75,51.00
"12936",1063.90,1012.90,51.00
"14235",4717.99,4666.99,51.00
"16424",443.06,392.06,51.00
"13635",2999.16,2948.22,50.94
"16351",3330.03,3279.13,50.90
"15816",144.15,93.30,50.85
"16871",2812.34,2761.49,50.85
"15551",1679.81,1629.01,50.80
"12696",851.91,801.15,50.76
"17659",3586.99,3536.33,50.66
"12809",1755.94,1705.34,50.60
"12867",7829.26,7778.66,50.60
"17527",939.37,888.86,50.51
"13684",594.88,544.42,50.46
"13835",1095.27,1044.82,50.45
"17994",2270.03,2219.58,50.45
"14725",1252.74,1202.34,50.40
"12429",6204.41,6154.01,50.40
"15252",2103.41,2053.06,50.35
"12424",3340.03,3289.78,50.25
"18256",110.70,60.60,50.10
"12717",1308.91,1258.91,50.00
"15434",2567.06,2517.11,49.95
"13388",1185.65,1135.70,49.95
"12479",527.20,477.30,49.90
"15764",4503.08,4453.28,49.80
"17613",4544.55,4494.77,49.78
"14189",5503.15,5453.38,49.77
"14573",2163.12,2113.42,49.70
"15400",1302.30,1252.80,49.50
"12910",5796.52,5747.02,49.50
"13343",353.43,303.93,49.50
"15655",560.67,511.32,49.35
"12951",3213.72,3164.42,49.30
"14655",3878.51,3829.23,49.28
"18178",6103.74,6054.49,49.25
"13988",4757.80,4708.64,49.16
"13048",4049.13,4000.08,49.05
"15628",5333.08,5284.18,48.90
"15660",2603.69,2554.84,48.85
"13787",1222.50,1173.70,48.80
"13631",3070.42,3021.77,48.65
"13593",5493.29,5444.81,48.48
"13310",1541.20,1492.80,48.40
"12674",1970.60,1922.26,48.34
"13729",724.73,676.43,48.30
"16955",1120.31,1072.06,48.25
"15423",266.89,219.14,47.75
"17495",806.72,759.07,47.65
"15980",6543.68,6496.28,47.40
"14511",1314.81,1267.41,47.40
"15811",3486.15,3438.85,47.30
"14210",5556.57,5509.37,47.20
"14395",7801.93,7754.73,47.20
"12505",955.20,908.00,47.20
"14431",2614.20,2567.10,47.10
"13268",3174.75,3127.70,47.05
"14295",2362.91,2316.06,46.85
"13980",768.82,722.02,46.80
"12507",1844.06,1797.31,46.75
"16912",4460.51,4413.80,46.71
"14407",2157.73,2111.08,46.65
"15708",3887.15,3840.73,46.42
"14713",5115.76,5069.36,46.40
"12924",2469.40,2423.15,46.25
"16743",4212.15,4165.90,46.25
"12468",3670.74,3624.55,46.19
"17552",2786.77,2740.68,46.09
"12997",2110.91,2065.11,45.80
"16653",1212.66,1166.92,45.74
"13384",6680.83,6635.09,45.74
"12594",5090.11,5044.51,45.60
"17172",956.57,910.99,45.58
"14102",1105.88,1060.33,45.55
"16225",2859.31,2813.81,45.50
"15303",1224.18,1178.78,45.40
"13299",1218.70,1173.30,45.40
"13137",7586.94,7541.61,45.33
"13584",385.70,340.40,45.30
"12972",1161.20,1115.95,45.25
"17035",613.59,568.39,45.20
"18139",8438.34,8393.22,45.12
"13715",8153.04,8108.09,44.95
"13823",3403.45,3358.55,44.90
"16217",304.25,259.39,44.86
"13501",2885.11,2840.26,44.85
"13043",516.42,471.57,44.85
"16061",89.65,44.95,44.70
"17034",1276.42,1231.82,44.60
"13643",2156.77,2112.17,44.60
"16954",6081.88,6037.33,44.55
"17211",3773.35,3728.80,44.55
"15732",1543.97,1499.42,44.55
"17499",1341.39,1296.84,44.55
"13369",308.28,263.75,44.53
"14910",434.35,389.86,44.49
"13281",350.85,306.45,44.40
"14870",1838.95,1794.60,44.35
"18270",444.55,400.35,44.20
"17884",2698.47,2654.47,44.00
"16143",4555.08,4511.13,43.95
"18141",882.47,838.57,43.90
"17819",6021.05,5977.25,43.80
"17578",1047.33,1003.73,43.60
"13230",6120.01,6076.45,43.56
"17722",3520.22,3476.82,43.40
"17476",489.86,446.51,43.35
"17676",2448.64,2405.32,43.32
"18053",571.07,527.77,43.30
"14451",3258.68,3215.50,43.18
"15680",4028.69,3985.59,43.10
"15468",1430.48,1387.48,43.00
"13026",1733.08,1690.12,42.96
"13479",851.37,808.50,42.87
"14087",829.47,786.72,42.75
"18187",724.89,682.19,42.70
"16843",19571.43,19528.78,42.65
"16609",5493.46,5450.96,42.50
"15858",3552.41,3509.91,42.50
"17705",2083.90,2041.50,42.40
"16590",605.90,563.60,42.30
"18217",945.04,902.80,42.24
"15301",6909.67,6867.44,42.23
"16186",8718.43,8676.23,42.20
"14198",1569.73,1527.58,42.15
"15574",1101.44,1059.44,42.00
"16201",2112.12,2070.17,41.95
"14572",5526.88,5484.98,41.90
"12766",8918.99,8877.14,41.85
"16894",1306.96,1265.26,41.70
"17027",1310.63,1268.93,41.70
"15664",1254.03,1212.35,41.68
"14867",2952.06,2910.41,41.65
"15768",15308.89,15267.26,41.63
"13171",468.41,426.81,41.60
"12820",2689.52,2647.94,41.58
"12610",2099.54,2057.99,41.55
"16265",6935.17,6893.62,41.55
"14264",1517.36,1475.86,41.50
"13824",3314.76,3273.36,41.40
"14227",6368.71,6327.31,41.40
"14558",655.50,614.10,41.40
"13359",1043.31,1001.96,41.35
"12381",1845.31,1803.96,41.35
"16672",8134.94,8093.59,41.35
"16239",1492.20,1450.90,41.30
"12463",1344.78,1303.63,41.15
"16797",1802.02,1761.02,41.00
"16764",2790.95,2749.95,41.00
"12434",1103.43,1062.48,40.95
"15601",14191.74,14150.84,40.90
"15993",2777.67,2736.92,40.75
"17313",2328.84,2288.13,40.71
"13295",1101.97,1061.27,40.70
"13612",818.29,777.79,40.50
"13922",865.20,824.70,40.50
"17434",2373.82,2333.42,40.40
"12888",354.12,313.77,40.35
"16730",743.11,702.79,40.32
"14756",2653.76,2613.46,40.30
"12645",3539.30,3499.10,40.20
"17921",2394.36,2354.21,40.15
"12360",4252.89,4212.89,40.00
"14942",746.56,706.56,40.00
"15018",496.21,456.26,39.95
"12801",1071.82,1031.87,39.95
"14080",1115.68,1075.73,39.95
"17736",377.44,337.49,39.95
"12829",385.30,345.35,39.95
"13066",470.80,430.90,39.90
"15038",1146.53,1106.63,39.90
"15469",874.25,834.40,39.85
"14121",2780.15,2740.30,39.85
"14206",1185.01,1145.21,39.80
"13920",1774.68,1734.88,39.80
"14897",3140.54,3100.74,39.80
"13961",538.40,498.70,39.70
"13915",70.80,31.20,39.60
"13381",8224.37,8185.02,39.35
"18207",544.47,505.12,39.35
"17700",6679.97,6640.72,39.25
"12836",6559.73,6520.58,39.15
"13271",211.49,172.37,39.12
"18268",1490.23,1451.22,39.01
"14135",8839.67,8800.80,38.87
"12662",6726.54,6687.69,38.85
"14825",4735.08,4696.28,38.80
"16463",1422.40,1383.70,38.70
"18272",4385.98,4347.33,38.65
"15951",1013.17,974.52,38.65
"14137",332.70,294.10,38.60
"13750",3602.18,3563.60,38.58
"13985",10020.86,9982.31,38.55
"13611",3297.93,3259.43,38.50
"15461",429.70,391.30,38.40
"13175",831.45,793.10,38.35
"15763",1086.92,1048.67,38.25
"17738",4183.56,4145.36,38.20
"12979",517.70,479.54,38.16
"13511",282.76,244.61,38.15
"14462",2242.81,2204.69,38.12
"13539",1569.36,1531.26,38.10
"12517",2481.60,2443.65,37.95
"17588",2939.55,2901.65,37.90
"15729",192.55,154.70,37.85
"16560",3048.38,3010.73,37.65
"17998",639.24,601.74,37.50
"15549",2334.16,2296.66,37.50
"16289",136.31,98.81,37.50
"17724",1033.00,995.65,37.35
"16496",2330.77,2293.47,37.30
"12940",899.69,862.44,37.25
"12719",644.95,608.10,36.85
"15639",1065.08,1028.33,36.75
"12497",6248.50,6211.75,36.75
"14645",876.89,840.24,36.65
"14459",5375.74,5339.14,36.60
"16822",181.39,144.84,36.55
"13362",5394.07,5357.57,36.50
"17649",1578.89,1542.44,36.45
"13186",1575.89,1539.69,36.20
"14626",5410.92,5374.77,36.15
"12649",2294.65,2258.50,36.15
"14141",915.13,879.03,36.10
"13630",2031.78,1995.68,36.10
"13884",1825.03,1788.93,36.10
"13001",24042.65,24006.60,36.05
"15122",4487.27,4451.22,36.05
"14828",9839.46,9803.46,36.00
"14301",1992.18,1956.23,35.95
"18276",1656.52,1620.67,35.85
"15940",35.80,0.00,35.80
"14978",3112.19,3076.39,35.80
"15955",8085.98,8050.23,35.75
"14020",1249.01,1213.26,35.75
"15754",3037.61,3001.86,35.75
"13396",1360.99,1325.29,35.70
"18218",1121.84,1086.14,35.70
"13576",11202.59,11167.00,35.59
"17512",5467.82,5432.27,35.55
"17547",727.85,692.35,35.50
"13763",5217.44,5181.99,35.45
"13288",927.61,892.16,35.45
"14188",2054.36,2018.91,35.45
"12663",239.40,204.00,35.40
"13368",1121.50,1086.10,35.40
"15394",5286.80,5251.40,35.40
"16581",105.84,70.44,35.40
"13542",3959.49,3924.09,35.40
"13496",653.33,617.93,35.40
"14948",1101.97,1066.57,35.40
"14760",89.20,53.80,35.40
"14902",1035.62,1000.27,35.35
"15579",1250.63,1215.38,35.25
"13035",1364.20,1328.95,35.25
"16655",6423.26,6388.16,35.10
"16396",137.80,102.70,35.10
"17763",86.15,51.15,35.00
"17680",497.45,462.50,34.95
"13911",4234.99,4200.04,34.95
"16202",2501.99,2467.04,34.95
"13624",462.08,427.18,34.90
"12775",1686.12,1651.32,34.80
"14048",748.69,713.89,34.80
"17423",1118.95,1084.17,34.78
"14226",2985.13,2950.38,34.75
"16531",2298.33,2263.58,34.75
"12524",11126.11,11091.36,34.75
"17068",8987.68,8953.03,34.65
"13919",1360.68,1326.03,34.65
"16746",18046.75,18012.20,34.55
"15493",4121.68,4087.13,34.55
"14356",701.23,666.94,34.29
"17402",4635.56,4601.41,34.15
"12531",1933.20,1899.05,34.15
"16242",7404.65,7370.50,34.15
"15224",871.36,837.26,34.10
"14269",295.73,261.68,34.05
"15932",2495.87,2461.85,34.02
"16462",136.00,102.00,34.00
"12495",357.40,323.40,34.00
"13131",3313.77,3279.77,34.00
"14338",928.10,894.10,34.00
"13663",2047.51,2013.61,33.90
"14747",328.20,294.30,33.90
"13588",2478.95,2445.12,33.83
"12426",1345.21,1311.41,33.80
"13769",5478.12,5444.33,33.79
"13042",1488.59,1454.84,33.75
"12919",1335.19,1301.44,33.75
"13527",4541.29,4507.59,33.70
"17714",1410.18,1376.58,33.60
"17091",7495.75,7462.15,33.60
"13370",754.87,721.32,33.55
"16626",4413.10,4379.65,33.45
"16676",2361.90,2328.50,33.40
"14455",617.72,584.37,33.35
"16253",7272.20,7238.96,33.24
"16040",2416.90,2383.70,33.20
"13853",1090.14,1056.94,33.20
"15625",3236.40,3203.25,33.15
"14938",2322.43,2289.43,33.00
"16449",707.69,674.69,33.00
"12727",5679.53,5646.53,33.00
"16838",1159.61,1126.66,32.95
"18241",2986.99,2954.09,32.90
"17837",1541.23,1508.38,32.85
"15058",3387.58,3354.73,32.85
"14309",3780.81,3747.96,32.85
"18231",6854.17,6821.37,32.80
"15700",696.68,664.03,32.65
"13952",12823.52,12790.89,32.63
"12560",2134.01,2101.39,32.62
"17412",4220.22,4187.68,32.54
"16229",2867.86,2835.36,32.50
"14157",978.69,946.24,32.45
"13443",1273.16,1240.71,32.45
"16005",2365.49,2333.04,32.45
"15429",397.35,364.90,32.45
"17508",4579.23,4546.78,32.45
"15620",1942.36,1909.93,32.43
"14936",12410.81,12378.46,32.35
"17930",4275.22,4242.92,32.30
"16903",1041.75,1009.45,32.30
"14639",4978.96,4946.81,32.15
"16770",1778.93,1746.83,32.10
"18055",10142.64,10110.59,32.05
"16147",2398.91,2367.02,31.89
"17094",402.20,370.40,31.80
"14618",1342.32,1310.52,31.80
"15377",1211.75,1179.95,31.80
"14521",199.45,167.65,31.80
"13257",149.75,117.95,31.80
"13610",2103.71,2071.96,31.75
"14905",1971.39,1939.69,31.70
"17653",1207.56,1175.88,31.68
"17092",5511.41,5479.76,31.65
"16818",3349.57,3317.97,31.60
"13975",5256.40,5224.85,31.55
"18183",632.07,600.52,31.55
"16350",2253.89,2222.49,31.40
"13152",2146.38,2114.98,31.40
"15766",831.06,799.66,31.40
"12519",716.54,685.19,31.35
"17744",2649.14,2617.82,31.32
"15484",4652.10,4620.90,31.20
"15034",8231.20,8200.25,30.95
"16677",880.62,849.77,30.85
"18193",1207.35,1176.55,30.80
"14323",605.06,574.26,30.80
"13430",679.45,648.69,30.76
"16777",1292.18,1261.43,30.75
"17746",904.18,873.43,30.75
"14846",437.40,406.80,30.60
"16579",295.05,264.45,30.60
"14711",2839.62,2809.02,30.60
"17935",686.14,655.54,30.60
"17306",9782.35,9751.77,30.58
"13059",2291.77,2261.22,30.55
"15777",1762.61,1732.16,30.45
"16016",2083.40,2053.00,30.40
"14515",3724.06,3693.70,30.36
"14110",12987.95,12957.60,30.35
"13269",8537.32,8507.01,30.31
"18110",392.28,362.03,30.25
"17524",539.14,508.90,30.24
"15590",1496.60,1466.41,30.19
"15207",683.92,653.77,30.15
"15880",329.03,299.03,30.00
"16306",1124.72,1094.72,30.00
"17629",2455.52,2425.52,30.00
"13500",1466.30,1436.30,30.00
"16450",1505.73,1475.73,30.00
"16372",1290.31,1260.31,30.00
"15789",1962.01,1932.01,30.00
"17360",1200.51,1170.56,29.95
"17810",373.16,343.21,29.95
"12822",948.88,918.98,29.90
"14372",860.08,830.18,29.90
"17350",1893.70,1863.82,29.88
"16637",1154.47,1124.59,29.88
"15618",776.85,747.03,29.82
"18065",5866.63,5836.88,29.75
"12480",5464.85,5435.10,29.75
"15347",1162.00,1132.30,29.70
"15476",2209.98,2180.28,29.70
"16699",994.60,964.90,29.70
"18269",168.60,138.90,29.70
"13044",4848.05,4818.35,29.70
"14708",1793.22,1763.52,29.70
"12579",440.42,410.72,29.70
"12917",4359.20,4329.50,29.70
"16905",4706.77,4677.12,29.65
"14359",912.18,882.58,29.60
"13506",1338.08,1308.53,29.55
"15154",1343.72,1314.17,29.55
"15490",210.85,181.35,29.50
"14400",1732.47,1703.00,29.47
"13410",2201.96,2172.51,29.45
"18167",1384.86,1355.51,29.35
"12631",3481.57,3452.27,29.30
"14315",3197.82,3168.72,29.10
"16454",30.95,1.90,29.05
"13121",283.73,254.73,29.00
"15248",1893.93,1865.03,28.90
"13456",1766.72,1737.82,28.90
"14623",2016.98,1988.23,28.75
"16892",754.75,726.05,28.70
"16053",3634.84,3606.14,28.70
"13894",564.62,535.97,28.65
"13742",3107.87,3079.27,28.60
"13055",2321.11,2292.51,28.60
"15782",4014.10,3985.65,28.45
"15609",298.48,270.03,28.45
"12790",591.85,563.45,28.40
"14847",1348.95,1320.60,28.35
"13627",2245.90,2217.55,28.35
"15544",7807.89,7779.58,28.31
"15337",373.02,344.72,28.30
"15830",576.00,547.70,28.30
"13872",919.57,891.32,28.25
"17719",5396.04,5367.80,28.24
"12840",4041.97,4013.87,28.10
"16073",122.40,94.35,28.05
"13199",15964.21,15936.30,27.91
"15738",13043.32,13015.42,27.90
"14764",278.30,250.55,27.75
"13481",3830.84,3803.09,27.75
"15839",1048.49,1020.74,27.75
"13425",3390.43,3362.73,27.70
"18176",476.35,448.65,27.70
"16576",540.87,513.17,27.70
"17375",660.55,632.95,27.60
"13513",824.59,796.99,27.60
"15529",4783.66,4756.21,27.45
"14869",2778.14,2750.70,27.44
"16347",3442.96,3415.56,27.40
"14893",1809.61,1782.26,27.35
"12886",1378.40,1351.09,27.31
"13939",1560.96,1533.66,27.30
"13545",364.93,337.64,27.29
"18177",2216.32,2189.07,27.25
"13700",2596.97,2569.72,27.25
"16795",2062.41,2035.21,27.20
"12456",3181.04,3153.89,27.15
"12826",2800.75,2773.69,27.06
"15888",429.16,402.12,27.04
"13431",3316.24,3289.24,27.00
"16615",291.50,264.50,27.00
"13497",1166.83,1139.83,27.00
"16335",2753.52,2726.52,27.00
"17496",1412.89,1385.89,27.00
"15966",426.53,399.58,26.95
"17169",1156.73,1129.88,26.85
"13982",3954.29,3927.49,26.80
"13644",2624.26,2597.52,26.74
"13337",1575.26,1548.55,26.71
"12672",437.05,410.50,26.55
"16297",301.90,275.40,26.50
"16942",1904.99,1878.51,26.48
"13109",1134.03,1107.58,26.45
"16490",205.41,179.16,26.25
"13371",2297.66,2271.46,26.20
"12858",147.27,121.08,26.19
"15684",173.95,147.80,26.15
"15882",1124.66,1098.59,26.07
"13112",20.60,-5.44,26.04
"16642",1077.45,1051.46,25.99
"13032",2815.96,2790.00,25.96
"15841",2742.41,2716.50,25.91
"15345",393.54,367.69,25.85
"16327",10159.64,10133.82,25.82
"16293",4279.20,4253.45,25.75
"16136",946.80,921.08,25.72
"15279",1580.54,1554.84,25.70
"12391",2724.84,2699.24,25.60
"17419",6126.25,6100.65,25.60
"13393",1131.45,1105.85,25.60
"14425",661.39,635.89,25.50
"13656",1078.85,1053.35,25.50
"14853",1376.87,1351.37,25.50
"15370",3739.01,3713.51,25.50
"13849",3469.30,3443.80,25.50
"14693",1165.36,1139.86,25.50
"13280",2293.33,2267.83,25.50
"14553",1818.60,1793.10,25.50
"16379",2157.40,2131.90,25.50
"16631",1892.52,1867.02,25.50
"16790",1545.62,1520.12,25.50
"12895",372.80,347.30,25.50
"14334",4318.48,4292.98,25.50
"17191",4310.34,4284.84,25.50
"17695",1746.04,1720.54,25.50
"12559",561.71,536.21,25.50
"12513",612.29,586.79,25.50
"17897",2099.89,2074.39,25.50
"12487",285.30,259.80,25.50
"18151",1879.44,1853.94,25.50
"14287",176.63,151.23,25.40
"14565",3859.22,3833.87,25.35
"16134",2145.34,2119.99,25.35
"13183",7036.18,7010.88,25.30
"17618",4001.64,3976.34,25.30
"17874",683.46,658.26,25.20
"14643",1679.89,1654.69,25.20
"16481",453.38,428.23,25.15
"14976",790.86,765.86,25.00
"18284",461.68,436.68,25.00
"16240",3718.80,3693.81,24.99
"13842",5319.34,5294.39,24.95
"16756",1312.37,1287.42,24.95
"13447",1129.14,1104.23,24.91
"15104",993.54,968.64,24.90
"16484",404.30,379.40,24.90
"13594",533.32,508.42,24.90
"13807",422.20,397.30,24.90
"15713",839.64,814.84,24.80
"13674",240.68,215.88,24.80
"13422",2626.30,2601.55,24.75
"12835",5996.83,5972.19,24.64
"13597",396.71,372.21,24.50
"13077",2740.65,2716.15,24.50
"16416",2957.88,2933.47,24.41
"17856",1418.03,1393.79,24.24
"14350",972.03,947.80,24.23
"12818",1542.08,1517.88,24.20
"12349",4428.69,4404.54,24.15
"13049",1408.24,1384.14,24.10
"17820",180.61,156.56,24.05
"13013",11097.43,11073.48,23.95
"14341",4452.02,4428.17,23.85
"18155",371.62,347.82,23.80
"12916",4479.73,4455.93,23.80
"16830",1207.50,1183.70,23.80
"12985",1239.38,1215.62,23.76
"14909",1404.68,1380.98,23.70
"14016",11403.41,11379.71,23.70
"13821",1379.08,1355.38,23.70
"16975",926.12,902.42,23.70
"12675",957.25,933.55,23.70
"12746",254.55,230.85,23.70
"16745",7180.70,7157.10,23.60
"14107",4877.30,4853.70,23.60
"14852",6132.43,6108.88,23.55
"15819",3934.79,3911.28,23.51
"15091",1046.61,1023.11,23.50
"14068",1516.72,1493.32,23.40
"13484",790.72,767.32,23.40
"15745",1094.59,1071.24,23.35
"18093",4452.71,4429.61,23.10
"12955",4757.16,4734.26,22.90
"15110",1505.85,1482.95,22.90
"18171",2437.31,2414.51,22.80
"12998",920.08,897.38,22.70
"12393",2399.45,2376.75,22.70
"13453",781.69,758.99,22.70
"14019",1421.61,1398.96,22.65
"15542",855.71,833.16,22.55
"16549",12781.80,12759.25,22.55
"13908",2369.55,2347.05,22.50
"16946",1222.04,1199.54,22.50
"15646",784.81,762.31,22.50
"14840",362.71,340.21,22.50
"12838",2975.91,2953.46,22.45
"13211",2618.77,2596.32,22.45
"15967",2966.00,2943.60,22.40
"15289",1593.09,1570.71,22.38
"14496",2363.89,2341.54,22.35
"17732",2166.42,2144.17,22.25
"13870",5712.08,5689.84,22.24
"15065",3326.86,3304.71,22.15
"16861",946.59,924.48,22.11
"13313",3445.32,3423.27,22.05
"13862",2556.09,2534.04,22.05
"16493",2132.09,2110.12,21.97
"15589",478.53,456.58,21.95
"17322",922.59,900.64,21.95
"13861",273.26,251.31,21.95
"14834",2206.16,2184.21,21.95
"13863",1239.55,1217.63,21.92
"14152",1997.34,1975.44,21.90
"14225",2031.07,2009.17,21.90
"15353",2794.47,2772.57,21.90
"15231",250.26,228.36,21.90
"15076",1447.74,1425.84,21.90
"15253",2055.09,2033.29,21.80
"16619",1938.33,1916.53,21.80
"15801",1063.95,1042.19,21.76
"14926",359.40,337.65,21.75
"18181",1188.34,1166.61,21.73
"15671",2657.13,2635.49,21.64
"16961",794.56,773.01,21.55
"13461",4160.00,4138.50,21.50
"16863",834.27,812.82,21.45
"14551",878.09,856.64,21.45
"16960",1990.88,1969.43,21.45
"16140",1433.46,1412.05,21.41
"14297",1305.33,1284.06,21.27
"12450",688.20,666.95,21.25
"16722",8189.56,8168.31,21.25
"13655",2280.51,2259.30,21.21
"16054",2111.88,2090.68,21.20
"16794",2052.70,2031.50,21.20
"15109",983.10,961.90,21.20
"14649",3651.19,3630.04,21.15
"16518",959.37,938.27,21.10
"12785",1100.40,1079.31,21.09
"18248",804.02,783.02,21.00
"12891",840.50,819.50,21.00
"16232",2712.97,2692.02,20.95
"13830",156.85,135.95,20.90
"14875",2862.40,2841.55,20.85
"14547",3974.75,3953.95,20.80
"17014",583.43,562.68,20.75
"13276",1891.91,1871.21,20.70
"14854",4303.06,4282.37,20.69
"17180",2236.77,2216.12,20.65
"12879",573.22,552.57,20.65
"15268",961.90,941.25,20.65
"15600",1199.31,1178.71,20.60
"13024",555.87,535.42,20.45
"16332",2000.01,1979.57,20.44
"18135",1249.62,1229.22,20.40
"16234",333.18,312.78,20.40
"16302",233.22,212.82,20.40
"17743",229.20,208.85,20.35
"12395",4721.17,4700.82,20.35
"13018",9763.16,9742.81,20.35
"17075",2236.63,2216.28,20.35
"16934",2083.14,2062.89,20.25
"13820",652.75,632.50,20.25
"12865",3323.47,3303.31,20.16
"15842",548.80,528.75,20.05
"15220",1778.96,1758.92,20.04
"12546",1161.50,1141.50,20.00
"17463",2535.26,2515.26,20.00
"17678",599.76,579.81,19.95
"15759",830.93,810.98,19.95
"16164",822.48,802.53,19.95
"17979",732.41,712.51,19.90
"13080",280.73,260.83,19.90
"15836",137.37,117.47,19.90
"14119",183.37,163.47,19.90
"16121",1450.04,1430.14,19.90
"16116",612.78,592.88,19.90
"13238",1006.63,986.73,19.90
"16465",746.24,726.34,19.90
"16593",1071.14,1051.24,19.90
"16037",1509.34,1489.44,19.90
"16309",706.57,686.67,19.90
"14709",8886.33,8866.48,19.85
"15314",820.45,800.65,19.80
"12588",958.78,938.98,19.80
"12771",282.30,262.50,19.80
"12889",385.46,365.66,19.80
"13803",1338.91,1319.11,19.80
"14101",9961.93,9942.13,19.80
"14629",955.26,935.46,19.80
"15088",1160.07,1140.27,19.80
"15392",2911.62,2891.82,19.80
"16256",1629.37,1609.57,19.80
"16389",1382.07,1362.27,19.80
"16622",225.40,205.60,19.80
"16648",672.80,653.00,19.80
"16869",817.12,797.32,19.80
"17156",591.87,572.07,19.80
"13157",5687.36,5667.71,19.65
"17636",285.56,265.93,19.63
"14339",620.27,600.66,19.61
"14620",412.78,393.28,19.50
"13420",159.85,140.35,19.50
"13772",3100.02,3080.52,19.50
"15432",320.76,301.26,19.50
"14321",2218.06,2198.58,19.48
"14928",223.91,204.46,19.45
"13517",2128.42,2109.07,19.35
"16686",4881.07,4861.72,19.35
"14443",2082.97,2063.65,19.32
"17365",8184.49,8165.34,19.15
"12384",585.27,566.16,19.11
"14173",586.00,566.95,19.05
"15901",687.72,668.73,18.99
"15315",570.50,551.54,18.96
"13173",2399.82,2380.97,18.85
"14508",822.92,804.07,18.85
"15359",181.35,162.60,18.75
"16048",818.79,800.09,18.70
"18258",2059.67,2040.97,18.70
"14182",678.77,660.07,18.70
"16406",528.36,509.66,18.70
"13187",341.36,322.66,18.70
"12697",957.59,939.02,18.57
"16755",2864.68,2846.13,18.55
"15276",619.80,601.30,18.50
"16341",3850.79,3832.29,18.50
"12710",1149.02,1130.57,18.45
"15730",1726.58,1708.18,18.40
"14499",2101.79,2083.44,18.35
"13300",1285.51,1267.21,18.30
"13927",708.26,689.96,18.30
"13814",2257.32,2239.07,18.25
"12511",3084.02,3065.77,18.25
"15416",4572.82,4554.65,18.17
"15626",1067.52,1049.37,18.15
"13208",1976.30,1958.30,18.00
"12778",1775.68,1757.68,18.00
"12609",3435.86,3417.86,18.00
"12403",1019.36,1001.36,18.00
"12664",6070.04,6052.04,18.00
"14739",11573.62,11555.69,17.93
"13651",226.85,208.95,17.90
"14497",697.06,679.16,17.90
"14319",494.85,476.95,17.90
"13308",1670.37,1652.47,17.90
"15241",3050.16,3032.31,17.85
"13836",620.37,602.52,17.85
"13607",1075.81,1058.11,17.70
"17688",304.20,286.50,17.70
"17158",1980.00,1962.30,17.70
"13203",2648.25,2630.55,17.70
"17727",1060.25,1042.55,17.70
"15317",129.75,112.05,17.70
"18145",5609.74,5592.04,17.70
"17059",4864.57,4846.87,17.70
"17573",380.60,362.90,17.70
"17951",1340.58,1322.88,17.70
"13163",17.65,0.00,17.65
"12959",150.95,133.35,17.60
"13236",744.85,727.27,17.58
"13626",707.04,689.49,17.55
"16945",8548.16,8530.66,17.50
"14615",951.76,934.26,17.50
"15426",2156.35,2138.86,17.49
"13846",1307.79,1290.34,17.45
"15081",1854.57,1837.12,17.45
"16038",471.78,454.33,17.45
"18188",3280.59,3263.19,17.40
"13405",1213.81,1196.56,17.25
"17673",4173.88,4156.63,17.25
"12856",2170.78,2153.53,17.25
"14513",788.01,770.91,17.10
"12586",2062.67,2045.67,17.00
"12544",372.70,355.70,17.00
"12863",2792.55,2775.55,17.00
"17582",1446.95,1429.95,17.00
"13106",603.46,586.46,17.00
"13964",438.90,421.90,17.00
"13019",1229.95,1212.95,17.00
"16065",1992.13,1975.13,17.00
"16158",628.32,611.32,17.00
"14326",940.98,923.98,17.00
"12885",1175.22,1158.27,16.95
"16763",964.70,947.75,16.95
"16690",353.03,336.08,16.95
"16759",789.79,772.84,16.95
"15302",308.00,291.05,16.95
"12493",433.74,416.79,16.95
"15960",410.95,394.00,16.95
"16860",1610.62,1593.67,16.95
"14044",3077.70,3060.75,16.95
"17491",5653.67,5636.72,16.95
"14678",403.39,386.44,16.95
"16618",2647.59,2630.64,16.95
"15164",2028.11,2011.21,16.90
"13852",187.35,170.45,16.90
"13213",3851.52,3834.62,16.90
"12628",786.46,769.61,16.85
"14136",1570.81,1553.96,16.85
"14488",1064.28,1047.43,16.85
"17166",206.34,189.49,16.85
"14284",1299.65,1282.85,16.80
"16520",2148.38,2131.68,16.70
"15793",2399.57,2382.92,16.65
"13816",571.67,555.04,16.63
"15643",664.00,647.40,16.60
"16781",623.00,606.40,16.60
"12742",1201.52,1185.02,16.50
"18267",269.37,252.87,16.50
"13950",745.06,728.56,16.50
"17097",1143.36,1126.86,16.50
"14679",1289.44,1272.95,16.49
"17730",7773.80,7757.35,16.45
"17961",2866.74,2850.29,16.45
"16403",177.50,161.05,16.45
"14949",515.00,498.55,16.45
"16503",3614.34,3597.89,16.45
"17779",650.32,633.92,16.40
"16992",5476.50,5460.10,16.40
"16956",308.74,292.34,16.40
"17287",3826.86,3810.61,16.25
"15239",780.59,764.34,16.25
"16148",386.62,370.37,16.25
"13745",777.36,761.27,16.09
"17449",4868.15,4852.15,16.00
"16160",1025.44,1009.45,15.99
"14245",1693.45,1677.48,15.97
"13116",501.14,485.19,15.95
"13297",4368.62,4352.67,15.95
"14060",8898.24,8882.30,15.94
"15138",502.52,486.59,15.93
"14223",991.13,975.23,15.90
"17374",727.11,711.21,15.90
"13074",1378.74,1362.84,15.90
"17883",988.42,972.52,15.90
"16109",939.48,923.58,15.90
"15996",1386.40,1370.50,15.90
"14461",6676.91,6661.01,15.90
"12412",2596.93,2581.03,15.90
"16155",796.90,781.05,15.85
"17041",1655.20,1639.40,15.80
"14358",400.06,384.30,15.76
"18280",488.15,472.45,15.70
"12572",1020.42,1004.72,15.70
"17302",1135.63,1119.93,15.70
"15033",2557.18,2541.53,15.65
"17201",1143.10,1127.50,15.60
"15238",1071.99,1056.54,15.45
"14142",671.34,655.94,15.40
"13435",4447.33,4431.93,15.40
"17912",374.55,359.15,15.40
"17109",1291.71,1276.35,15.36
"13916",1275.81,1260.51,15.30
"15812",5201.47,5186.17,15.30
"17429",1357.46,1342.16,15.30
"17239",1189.45,1174.15,15.30
"14133",911.14,895.84,15.30
"14008",509.04,493.74,15.30
"17454",1547.94,1532.64,15.30
"13936",939.66,924.36,15.30
"14510",979.85,964.55,15.30
"15030",1979.91,1964.66,15.25
"13717",1763.30,1748.05,15.25
"16573",663.61,648.41,15.20
"15826",2598.28,2583.13,15.15
"17562",1122.38,1107.38,15.00
"12874",948.42,933.42,15.00
"12385",1938.40,1923.40,15.00
"14399",2108.21,2093.21,15.00
"14140",935.05,920.05,15.00
"16299",193.65,178.65,15.00
"17685",5454.95,5439.95,15.00
"17682",4065.28,4050.28,15.00
"17584",5309.42,5294.42,15.00
"12648",1112.00,1097.00,15.00
"15120",358.82,343.82,15.00
"15051",3926.91,3911.91,15.00
"16909",379.14,364.14,15.00
"16120",2967.51,2952.51,15.00
"14316",1370.34,1355.34,15.00
"16951",1277.75,1262.75,15.00
"15254",1088.35,1073.40,14.95
"13617",1278.75,1263.80,14.95
"13150",449.97,435.02,14.95
"14619",1291.24,1276.31,14.93
"12870",1676.95,1662.05,14.90
"15525",890.22,875.32,14.90
"15147",623.50,608.65,14.85
"14773",140.55,125.70,14.85
"16015",704.55,689.70,14.85
"16498",100.97,86.12,14.85
"15650",553.88,539.03,14.85
"13424",572.77,557.92,14.85
"14793",625.90,611.05,14.85
"13239",1594.69,1579.84,14.85
"13826",189.50,174.65,14.85
"14128",924.21,909.36,14.85
"17473",607.00,592.15,14.85
"18056",554.60,539.75,14.85
"18069",4464.92,4450.07,14.85
"15106",1422.52,1407.73,14.79
"14456",3017.28,3002.51,14.77
"12565",145.92,131.17,14.75
"17083",4049.79,4035.08,14.71
"16434",2673.69,2658.99,14.70
"14771",594.62,579.92,14.70
"14428",1224.06,1209.37,14.69
"14837",3460.32,3445.82,14.50
"16543",292.21,277.81,14.40
"18204",1975.35,1960.95,14.40
"13831",6585.54,6571.14,14.40
"17509",6083.64,6069.24,14.40
"17962",666.96,652.56,14.40
"15342",406.09,391.76,14.33
"13421",4058.75,4044.45,14.30
"16739",786.43,772.23,14.20
"13974",677.72,663.52,14.20
"15304",796.40,782.30,14.10
"17037",1267.32,1253.22,14.10
"15409",131.25,117.20,14.05
"13192",2558.58,2544.53,14.05
"14844",6702.43,6688.43,14.00
"14868",4184.01,4170.06,13.95
"15497",8657.39,8643.46,13.93
"15746",196.88,182.96,13.92
"14872",816.60,802.68,13.92
"15402",1830.54,1816.64,13.90
"14092",7229.45,7215.64,13.81
"13464",3097.64,3083.89,13.75
"15965",2771.94,2758.19,13.75
"15603",88.48,74.73,13.75
"15312",2930.19,2916.49,13.70
"12987",1312.21,1298.51,13.70
"18130",1059.39,1045.74,13.65
"16353",9795.46,9781.93,13.53
"17344",457.36,443.86,13.50
"15547",10057.05,10043.55,13.50
"17362",1024.04,1010.54,13.50
"16200",5608.10,5594.60,13.50
"15146",1327.16,1313.66,13.50
"17693",200.47,187.02,13.45
"13632",3645.81,3632.36,13.45
"16011",5601.01,5587.56,13.45
"17692",2975.80,2962.40,13.40
"12878",854.99,841.64,13.35
"17596",4491.46,4478.11,13.35
"16476",350.35,337.00,13.35
"17119",606.91,593.61,13.30
"16878",13.30,0.00,13.30
"12876",4081.79,4068.59,13.20
"16840",139.85,126.71,13.14
"12792",827.01,813.88,13.13
"14690",777.68,764.59,13.09
"18073",3859.82,3846.74,13.08
"13784",2910.23,2897.18,13.05
"13477",2819.17,2806.12,13.05
"14584",1738.16,1725.16,13.00
"15467",524.88,511.88,13.00
"17126",2016.43,2003.53,12.90
"16279",5698.28,5685.38,12.90
"15283",148.33,135.43,12.90
"15212",208.28,195.43,12.85
"16623",1015.24,1002.49,12.75
"14421",2469.37,2456.62,12.75
"14001",4228.85,4216.10,12.75
"13704",2308.06,2295.31,12.75
"17175",1443.69,1430.94,12.75
"17848",3559.11,3546.36,12.75
"14288",426.60,413.85,12.75
"16404",443.05,430.30,12.75
"13598",761.96,749.21,12.75
"13937",880.13,867.38,12.75
"17904",181.07,168.32,12.75
"13591",2093.94,2081.19,12.75
"14085",9720.67,9707.92,12.75
"13138",1274.01,1261.26,12.75
"13642",472.20,459.45,12.75
"16710",5921.35,5908.60,12.75
"14172",369.02,356.27,12.75
"17462",675.69,662.94,12.75
"15939",9060.39,9047.64,12.75
"13727",1074.15,1061.40,12.75
"12402",1256.90,1244.15,12.75
"16419",1463.70,1450.95,12.75
"17436",534.06,521.31,12.75
"12929",117.85,105.10,12.75
"14770",3637.64,3624.89,12.75
"16317",2192.51,2179.76,12.75
"15067",3862.88,3850.13,12.75
"14532",3845.78,3833.03,12.75
"14151",679.45,666.70,12.75
"14487",1266.27,1253.52,12.75
"13293",1192.94,1180.34,12.60
"15974",3442.15,3429.55,12.60
"15645",1055.17,1042.57,12.60
"17007",1120.10,1107.60,12.50
"13914",626.45,613.95,12.50
"15411",1348.93,1336.43,12.50
"15331",767.91,755.41,12.50
"12651",377.75,365.30,12.45
"14257",5954.45,5942.00,12.45
"17739",7730.59,7718.14,12.45
"17157",5151.90,5139.45,12.45
"16157",656.69,644.24,12.45
"12410",1013.71,1001.46,12.25
"12665",313.60,301.45,12.15
"13499",1159.11,1146.96,12.15
"17323",1551.04,1538.96,12.08
"13020",618.96,606.96,12.00
"13519",343.21,331.26,11.95
"13414",2494.14,2482.24,11.90
"15135",305.68,293.78,11.90
"15781",345.46,333.56,11.90
"13948",548.76,536.86,11.90
"13345",389.50,377.60,11.90
"14236",1555.34,1543.44,11.90
"15198",571.35,559.45,11.90
"16987",2521.40,2509.50,11.90
"14414",2399.33,2387.48,11.85
"12852",311.55,299.75,11.80
"14215",3250.33,3238.53,11.80
"16173",1418.32,1406.57,11.75
"13406",568.92,557.22,11.70
"13696",2020.40,2008.70,11.70
"14244",366.42,354.82,11.60
"15687",2993.10,2981.50,11.60
"14073",151.04,139.54,11.50
"14420",1639.17,1627.72,11.45
"13279",137.75,126.30,11.45
"16725",1688.26,1676.86,11.40
"12948",2317.43,2306.18,11.25
"12383",1850.56,1839.31,11.25
"13832",609.89,598.64,11.25
"17627",296.36,285.11,11.25
"13819",2642.35,2631.10,11.25
"12528",1933.48,1922.28,11.20
"18097",4627.92,4616.77,11.15
"16798",841.16,830.01,11.15
"16983",3490.53,3479.48,11.05
"15724",310.85,299.80,11.05
"15294",233.35,222.30,11.05
"13797",1179.45,1168.45,11.00
"16441",1019.13,1008.18,10.95
"15142",2619.92,2608.97,10.95
"17378",10.95,0.00,10.95
"17591",2339.32,2328.37,10.95
"17173",3766.60,3755.65,10.95
"14734",1056.42,1045.47,10.95
"16926",1169.61,1158.66,10.95
"17135",1722.18,1711.26,10.92
"13660",306.64,295.74,10.90
"14221",6517.49,6506.59,10.90
"16683",320.25,309.35,10.90
"12590",9864.26,9853.48,10.78
"18228",779.90,769.20,10.70
"17165",1794.32,1783.63,10.69
"12995",211.32,200.72,10.60
"15266",852.21,841.70,10.51
"18232",592.97,582.47,10.50
"15150",8977.94,8967.44,10.50
"14959",695.42,684.97,10.45
"15889",1427.60,1417.15,10.45
"15586",1139.10,1128.66,10.44
"16365",3167.34,3156.94,10.40
"14568",919.70,909.50,10.20
"17691",637.55,627.35,10.20
"12423",2622.39,2612.19,10.20
"16563",4412.56,4402.36,10.20
"15141",1388.47,1378.31,10.16
"17438",1422.77,1412.62,10.15
"17950",1166.29,1156.21,10.08
"13585",684.54,674.46,10.08
"15670",325.20,315.20,10.00
"14719",1581.84,1571.89,9.95
"13921",730.70,720.75,9.95
"18030",230.65,220.70,9.95
"15807",1817.52,1807.57,9.95
"16188",1087.66,1077.71,9.95
"16702",1110.83,1100.88,9.95
"18190",745.62,735.67,9.95
"15504",402.70,392.75,9.95
"14950",371.20,361.25,9.95
"14657",1450.19,1440.24,9.95
"16536",548.12,538.17,9.95
"17886",1572.55,1562.60,9.95
"16883",2246.06,2236.11,9.95
"17005",622.36,612.41,9.95
"14474",1258.89,1248.94,9.95
"16075",736.93,726.98,9.95
"17988",489.54,479.59,9.95
"17010",195.36,185.46,9.90
"16572",1009.60,999.70,9.90
"14540",3709.64,3699.74,9.90
"15900",886.57,876.67,9.90
"12670",3760.29,3750.39,9.90
"13400",310.83,300.93,9.90
"14306",3151.40,3141.50,9.90
"17420",953.58,943.68,9.90
"15840",355.56,345.66,9.90
"14714",906.24,896.40,9.84
"18059",306.46,296.71,9.75
"15228",5580.27,5570.52,9.75
"16330",625.38,615.68,9.70
"14009",1099.91,1090.23,9.68
"17690",6963.80,6954.30,9.50
"14692",1715.14,1705.64,9.50
"17289",2041.80,2032.30,9.50
"16376",974.96,965.47,9.49
"17440",323.58,314.26,9.32
"17905",2178.87,2169.57,9.30
"16014",1100.28,1091.03,9.25
"15491",3100.09,3090.85,9.24
"14798",724.31,715.11,9.20
"13196",3068.84,3059.64,9.20
"13139",8202.98,8193.83,9.15
"16212",1293.71,1284.56,9.15
"17465",2542.79,2533.64,9.15
"14555",2304.03,2294.88,9.15
"15494",3702.60,3693.50,9.10
"16747",836.06,826.96,9.10
"13168",1840.73,1831.68,9.05
"14477",1969.60,1960.61,8.99
"13202",1580.30,1571.35,8.95
"15247",976.06,967.11,8.95
"16917",1851.88,1842.93,8.95
"15597",563.37,554.52,8.85
"13255",678.76,669.91,8.85
"16491",1533.16,1524.31,8.85
"17635",1265.58,1256.83,8.75
"17251",798.98,790.28,8.70
"14412",1426.19,1417.49,8.70
"13352",397.98,389.28,8.70
"17579",753.28,744.58,8.70
"18197",230.10,221.40,8.70
"13850",1595.48,1586.81,8.67
"16611",1785.13,1776.63,8.50
"16814",11924.85,11916.35,8.50
"15652",1405.94,1397.44,8.50
"14717",81.30,72.80,8.50
"14495",174.80,166.30,8.50
"18215",2232.49,2223.99,8.50
"15108",1300.25,1291.75,8.50
"17540",1590.60,1582.10,8.50
"13544",790.20,781.70,8.50
"18061",6083.81,6075.31,8.50
"12445",434.98,426.48,8.50
"17929",3082.10,3073.60,8.50
"15752",3924.91,3916.46,8.45
"14953",971.32,962.92,8.40
"12465",742.19,733.89,8.30
"17162",1715.46,1707.21,8.25
"13462",1153.85,1145.60,8.25
"15308",310.47,302.27,8.20
"15446",399.75,391.65,8.10
"15016",620.89,612.89,8.00
"16998",402.00,394.02,7.98
"14696",2473.28,2465.30,7.98
"15363",678.11,670.16,7.95
"13782",1786.08,1778.13,7.95
"16500",843.91,835.96,7.95
"13781",778.83,770.88,7.95
"16138",910.35,902.40,7.95
"14296",456.40,448.45,7.95
"14686",852.53,844.58,7.95
"15447",492.88,484.93,7.95
"17648",2216.37,2208.42,7.95
"14307",4287.92,4279.97,7.95
"13778",1124.49,1116.54,7.95
"17506",302.20,294.29,7.91
"14314",229.80,221.90,7.90
"13873",1038.92,1031.02,7.90
"14483",257.10,249.20,7.90
"13647",3041.68,3033.78,7.90
"13070",751.70,743.90,7.80
"17160",10209.16,10201.36,7.80
"13278",1435.85,1428.20,7.65
"14216",2150.04,2142.39,7.65
"16643",923.11,915.56,7.55
"12601",681.26,673.76,7.50
"16281",3424.02,3416.52,7.50
"13622",658.95,651.45,7.50
"13250",253.09,245.59,7.50
"12943",496.50,489.00,7.50
"17599",52.05,44.55,7.50
"13212",786.83,779.33,7.50
"12605",1232.95,1225.45,7.50
"13636",949.12,941.62,7.50
"17615",721.80,714.30,7.50
"17760",746.39,739.14,7.25
"12872",3283.96,3276.81,7.15
"18189",1403.73,1396.58,7.15
"18111",405.85,398.90,6.95
"16823",2243.09,2236.14,6.95
"15391",289.87,282.92,6.95
"15297",641.94,635.04,6.90
"15978",3279.42,3272.62,6.80
"16467",2869.16,2862.40,6.76
"12978",2502.82,2496.07,6.75
"17747",71.40,64.65,6.75
"17776",330.56,323.81,6.75
"16039",456.40,449.65,6.75
"13334",6201.80,6195.05,6.75
"17827",2376.17,2369.42,6.75
"13292",994.51,987.79,6.72
"17817",788.15,781.45,6.70
"13755",2108.06,2101.39,6.67
"17519",4774.17,4767.50,6.67
"15384",2027.79,2021.14,6.65
"15669",684.34,677.69,6.65
"16774",1567.48,1560.88,6.60
"13931",5257.38,5250.78,6.60
"14454",977.30,970.70,6.60
"12905",1018.42,1011.82,6.60
"16488",498.80,492.20,6.60
"17920",23581.78,23575.23,6.55
"16221",2019.92,2013.42,6.50
"16966",2154.97,2148.47,6.50
"18108",848.81,842.46,6.35
"18070",314.10,307.75,6.35
"18250",349.27,342.92,6.35
"16654",1484.07,1477.77,6.30
"14901",1919.00,1912.70,6.30
"15788",221.83,215.53,6.30
"18051",2282.28,2275.98,6.30
"18092",14693.72,14687.47,6.25
"13722",5635.41,5629.16,6.25
"17481",1255.59,1249.34,6.25
"14792",6.20,0.00,6.20
"15275",615.14,609.19,5.95
"16271",3397.82,3391.87,5.95
"13084",122.40,116.45,5.95
"15884",244.60,238.65,5.95
"14537",641.40,635.45,5.95
"14382",1193.63,1187.68,5.95
"15630",1481.40,1475.45,5.95
"17002",2571.55,2565.60,5.95
"18161",1803.10,1797.20,5.90
"15095",3141.64,3135.74,5.90
"12930",415.80,409.90,5.90
"15398",1345.53,1339.63,5.90
"13860",1245.90,1240.00,5.90
"13502",780.50,774.60,5.90
"14132",3586.03,3580.13,5.90
"15922",369.50,363.60,5.90
"13143",405.10,399.20,5.90
"14567",1530.36,1524.46,5.90
"14011",457.82,451.92,5.90
"14963",3123.57,3117.72,5.85
"16085",2341.03,2335.23,5.80
"12677",395.10,389.30,5.80
"12421",1098.60,1092.83,5.77
"13375",1792.23,1786.48,5.75
"15774",1288.34,1282.60,5.74
"16298",1085.70,1080.00,5.70
"12652",1017.03,1011.58,5.45
"13991",852.88,847.54,5.34
"17480",882.23,876.92,5.31
"14997",776.60,771.38,5.22
"15325",1601.46,1596.26,5.20
"13224",2155.95,2150.85,5.10
"13567",1079.29,1074.19,5.10
"17804",383.78,378.68,5.10
"18287",4182.99,4177.89,5.10
"14237",471.14,466.04,5.10
"13284",201.19,196.15,5.04
"17622",1130.21,1125.17,5.04
"17990",1527.61,1522.57,5.04
"17298",954.26,949.22,5.04
"16748",3637.33,3632.29,5.04
"16628",2318.10,2313.09,5.01
"15003",1027.03,1022.03,5.00
"14282",7250.76,7245.76,5.00
"12490",9823.64,9818.64,5.00
"16204",918.71,913.71,5.00
"13760",1363.64,1358.64,5.00
"15598",548.02,543.02,5.00
"17870",2753.29,2748.34,4.95
"14177",2209.69,2204.74,4.95
"14883",761.59,756.64,4.95
"16799",452.78,447.83,4.95
"18164",399.65,394.70,4.95
"16470",2416.85,2411.90,4.95
"15422",1619.97,1615.02,4.95
"16206",2589.87,2584.92,4.95
"15712",3472.41,3467.46,4.95
"16633",2883.10,2878.15,4.95
"12566",351.65,346.70,4.95
"14611",604.33,599.38,4.95
"16099",1573.20,1568.25,4.95
"17768",3292.73,3287.78,4.95
"13065",1055.05,1050.10,4.95
"13457",148.22,143.27,4.95
"12952",1387.79,1382.84,4.95
"15673",6204.32,6199.37,4.95
"12529",316.48,311.78,4.70
"16228",885.71,881.06,4.65
"18142",1019.52,1014.90,4.62
"15346",596.12,591.65,4.47
"15205",653.24,648.83,4.41
"16117",654.40,650.05,4.35
"16598",145.05,140.70,4.35
"14035",2794.75,2790.50,4.25
"17707",609.30,605.05,4.25
"14937",1621.88,1617.63,4.25
"16541",424.03,419.78,4.25
"12418",2021.20,2016.95,4.25
"15136",1286.70,1282.45,4.25
"14480",1299.52,1295.27,4.25
"14514",4380.04,4375.79,4.25
"14111",692.85,688.60,4.25
"16211",1090.59,1086.34,4.25
"16638",2380.13,2375.88,4.25
"15594",1771.78,1767.53,4.25
"15140",3243.69,3239.44,4.25
"13604",717.62,713.39,4.23
"14754",1547.93,1543.73,4.20
"15077",2428.08,2423.88,4.20
"15264",848.40,844.20,4.20
"17159",2099.59,2095.44,4.15
"14214",1004.38,1000.23,4.15
"14232",2048.07,2043.93,4.14
"17272",2148.63,2144.53,4.10
"17866",1134.95,1131.00,3.95
"12694",1843.35,1839.45,3.90
"14835",297.00,293.10,3.90
"16911",255.25,251.35,3.90
"13857",1001.01,997.11,3.90
"17062",889.75,885.85,3.90
"16471",1189.98,1186.18,3.80
"16646",678.80,675.05,3.75
"16842",1264.19,1260.44,3.75
"15115",531.85,528.10,3.75
"14108",1044.96,1041.21,3.75
"15306",3484.73,3480.98,3.75
"12857",3688.00,3684.25,3.75
"16203",943.84,940.09,3.75
"16451",1013.15,1009.40,3.75
"13145",1128.52,1124.77,3.75
"13981",331.14,327.39,3.75
"15048",381.00,377.52,3.48
"15605",1741.95,1738.55,3.40
"13877",449.68,446.33,3.35
"15994",1175.68,1172.34,3.34
"15449",974.52,971.22,3.30
"15092",776.46,773.16,3.30
"15213",328.35,325.05,3.30
"17084",5001.21,4997.96,3.25
"16837",3170.98,3167.73,3.25
"16184",1158.79,1155.54,3.25
"13579",1374.34,1371.14,3.20
"17381",36398.65,36395.47,3.18
"12787",862.18,859.18,3.00
"16269",717.57,714.59,2.98
"16428",638.49,635.54,2.95
"14247",753.56,750.61,2.95
"18044",3505.61,3502.66,2.95
"15029",365.10,362.15,2.95
"13646",326.25,323.30,2.95
"16625",1654.03,1651.08,2.95
"14043",302.60,299.65,2.95
"15176",988.04,985.09,2.95
"15381",1890.57,1887.62,2.95
"16034",911.32,908.37,2.95
"15183",639.93,637.03,2.90
"14587",1580.29,1577.39,2.90
"14176",756.46,753.56,2.90
"13771",5728.82,5726.07,2.75
"17801",770.03,767.48,2.55
"18199",344.75,342.20,2.55
"16358",2919.65,2917.10,2.55
"14631",2025.69,2023.17,2.52
"13733",487.03,484.53,2.50
"13900",1610.59,1608.09,2.50
"17753",382.06,379.56,2.50
"15584",1268.20,1265.70,2.50
"17726",1092.06,1089.56,2.50
"16159",1232.79,1230.29,2.50
"13166",875.93,873.43,2.50
"13450",4120.04,4117.54,2.50
"16630",106.80,104.30,2.50
"17054",1356.33,1353.83,2.50
"15208",970.52,968.02,2.50
"17080",957.53,955.41,2.12
"17053",498.48,496.38,2.10
"13741",668.43,666.33,2.10
"12375",457.50,455.42,2.08
"13549",1005.80,1003.72,2.08
"16086",2687.73,2685.65,2.08
"18263",1213.16,1211.08,2.08
"12452",430.57,428.57,2.00
"16010",1694.86,1692.91,1.95
"15747",2499.81,2497.86,1.95
"12379",1620.22,1618.27,1.95
"16612",3245.43,3243.48,1.95
"14783",307.30,305.35,1.95
"16809",1727.43,1725.48,1.95
"14859",1705.64,1703.94,1.70
"14860",170.32,168.62,1.70
"15341",2402.72,2401.02,1.70
"13117",2255.66,2253.96,1.70
"14065",891.02,889.37,1.65
"17366",1077.24,1075.59,1.65
"14423",916.61,914.96,1.65
"18125",1131.75,1130.10,1.65
"18158",453.40,451.75,1.65
"15117",2485.97,2484.32,1.65
"13028",661.32,659.68,1.64
"16356",415.87,414.42,1.45
"18282",178.05,176.60,1.45
"13743",1341.60,1340.15,1.45
"13433",658.32,656.87,1.45
"13701",161.00,159.55,1.45
"15287",856.03,854.58,1.45
"17380",645.00,643.75,1.25
"17521",1278.06,1276.81,1.25
"16473",470.83,469.58,1.25
"15682",318.24,316.99,1.25
"14094",311.77,310.82,0.95
"17164",2467.35,2466.40,0.95
"17530",2791.69,2790.74,0.95
"16566",614.66,614.01,0.65
"17334",635.15,634.73,0.42
"13718",306.55,306.55,0.00
"15060",294.25,294.25,0.00
"13716",138.28,138.28,0.00
"15062",2585.62,2585.62,0.00
"15063",370.80,370.80,0.00
"15064",1254.41,1254.41,0.00
"13714",161.35,161.35,0.00
"13713",740.76,740.76,0.00
"15068",1174.90,1174.90,0.00
"15069",1109.53,1109.53,0.00
"15070",737.05,737.05,0.00
"15071",1455.56,1455.56,0.00
"15072",187.52,187.52,0.00
"13712",766.42,766.42,0.00
"15074",1553.13,1553.13,0.00
"15075",773.03,773.03,0.00
"13710",509.52,509.52,0.00
"13708",285.33,285.33,0.00
"13707",3365.86,3365.86,0.00
"15080",546.25,546.25,0.00
"15082",93.35,93.35,0.00
"15083",88.20,88.20,0.00
"15084",965.20,965.20,0.00
"15085",347.54,347.54,0.00
"15086",218.53,218.53,0.00
"15087",306.94,306.94,0.00
"15089",2420.84,2420.84,0.00
"15090",381.32,381.32,0.00
"13706",631.17,631.17,0.00
"13705",1717.19,1717.19,0.00
"15094",83.00,83.00,0.00
"15096",219.39,219.39,0.00
"13702",135.18,135.18,0.00
"15099",410.48,410.48,0.00
"13698",451.73,451.73,0.00
"15102",554.67,554.67,0.00
"15103",703.36,703.36,0.00
"13697",151.30,151.30,0.00
"15105",3094.91,3094.91,0.00
"13695",2770.73,2770.73,0.00
"13691",212.78,212.78,0.00
"15111",2442.37,2442.37,0.00
"15112",209.40,209.40,0.00
"13690",172.25,172.25,0.00
"15114",3400.12,3400.12,0.00
"15116",1352.75,1352.75,0.00
"15118",244.80,244.80,0.00
"15119",266.40,266.40,0.00
"15121",457.72,457.72,0.00
"13689",1259.50,1259.50,0.00
"15123",4656.17,4656.17,0.00
"15124",450.82,450.82,0.00
"13688",375.50,375.50,0.00
"15126",449.49,449.49,0.00
"15127",711.50,711.50,0.00
"13687",11880.84,11880.84,0.00
"15129",6860.18,6860.18,0.00
"15130",330.11,330.11,0.00
"15131",80.28,80.28,0.00
"15132",977.93,977.93,0.00
"15133",1806.90,1806.90,0.00
"15134",1596.29,1596.29,0.00
"13686",409.04,409.04,0.00
"15139",178.96,178.96,0.00
"15143",563.63,563.63,0.00
"13685",3119.44,3119.44,0.00
"15145",1194.73,1194.73,0.00
"15148",301.29,301.29,0.00
"15149",1554.61,1554.61,0.00
"15151",2085.61,2085.61,0.00
"13683",258.60,258.60,0.00
"15153",329.25,329.25,0.00
"13682",59.50,59.50,0.00
"15155",383.97,383.97,0.00
"15156",961.49,961.49,0.00
"13681",827.83,827.83,0.00
"13679",281.26,281.26,0.00
"13678",232.60,232.60,0.00
"15160",589.27,589.27,0.00
"15161",119.92,119.92,0.00
"13677",551.24,551.24,0.00
"15163",304.47,304.47,0.00
"15165",487.75,487.75,0.00
"15166",167.16,167.16,0.00
"15167",1627.62,1627.62,0.00
"15168",106.56,106.56,0.00
"15169",569.22,569.22,0.00
"15170",81.15,81.15,0.00
"13675",486.82,486.82,0.00
"15172",1624.05,1624.05,0.00
"13673",387.44,387.44,0.00
"15174",481.46,481.46,0.00
"15175",224.14,224.14,0.00
"15177",948.93,948.93,0.00
"15178",40.50,40.50,0.00
"13671",172.60,172.60,0.00
"15180",816.93,816.93,0.00
"13670",349.70,349.70,0.00
"13669",413.55,413.55,0.00
"15184",685.39,685.39,0.00
"15185",310.62,310.62,0.00
"15186",1403.20,1403.20,0.00
"13667",299.05,299.05,0.00
"15188",310.43,310.43,0.00
"13666",127.90,127.90,0.00
"15190",834.44,834.44,0.00
"15191",588.05,588.05,0.00
"15192",1666.39,1666.39,0.00
"15193",499.32,499.32,0.00
"13665",1711.66,1711.66,0.00
"15195",3861.00,3861.00,0.00
"15196",313.70,313.70,0.00
"13661",325.24,325.24,0.00
"15199",3122.40,3122.40,0.00
"15200",549.05,549.05,0.00
"13657",382.14,382.14,0.00
"15203",4400.18,4400.18,0.00
"15204",316.58,316.58,0.00
"15206",420.30,420.30,0.00
"13654",6308.00,6308.00,0.00
"15209",178.98,178.98,0.00
"15210",1176.19,1176.19,0.00
"15211",894.41,894.41,0.00
"15214",1661.44,1661.44,0.00
"13653",152.20,152.20,0.00
"15216",486.09,486.09,0.00
"15217",426.24,426.24,0.00
"13652",2262.05,2262.05,0.00
"15219",685.45,685.45,0.00
"13649",1453.68,1453.68,0.00
"13645",252.10,252.10,0.00
"15225",409.40,409.40,0.00
"15226",154.41,154.41,0.00
"15227",2488.49,2488.49,0.00
"15229",160.50,160.50,0.00
"15230",429.60,429.60,0.00
"15232",612.06,612.06,0.00
"15233",59.40,59.40,0.00
"15234",197.00,197.00,0.00
"15235",2772.76,2772.76,0.00
"15236",321.05,321.05,0.00
"15237",1412.32,1412.32,0.00
"13640",405.00,405.00,0.00
"15242",302.04,302.04,0.00
"15243",927.28,927.28,0.00
"13639",1346.27,1346.27,0.00
"15245",4610.84,4610.84,0.00
"15246",780.40,780.40,0.00
"13638",122.64,122.64,0.00
"13637",804.30,804.30,0.00
"15250",60.00,60.00,0.00
"13629",13370.86,13370.86,0.00
"13628",310.14,310.14,0.00
"15256",170.40,170.40,0.00
"15258",623.16,623.16,0.00
"15259",1182.38,1182.38,0.00
"13625",301.26,301.26,0.00
"15261",1508.00,1508.00,0.00
"15262",418.82,418.82,0.00
"15263",156.51,156.51,0.00
"15265",3345.64,3345.64,0.00
"15267",1717.36,1717.36,0.00
"15269",1225.36,1225.36,0.00
"13621",213.85,213.85,0.00
"13620",112.34,112.34,0.00
"15272",2030.95,2030.95,0.00
"15273",228.96,228.96,0.00
"15274",716.57,716.57,0.00
"15277",476.34,476.34,0.00
"15278",496.16,496.16,0.00
"13619",224.94,224.94,0.00
"15280",397.52,397.52,0.00
"13618",177.34,177.34,0.00
"15282",348.59,348.59,0.00
"15284",24.75,24.75,0.00
"15285",94.92,94.92,0.00
"15286",240.55,240.55,0.00
"15288",3715.38,3715.38,0.00
"13616",283.85,283.85,0.00
"13614",2332.74,2332.74,0.00
"15292",178.39,178.39,0.00
"15293",247.50,247.50,0.00
"15295",207.04,207.04,0.00
"13613",1039.85,1039.85,0.00
"13609",167.35,167.35,0.00
"13608",232.05,232.05,0.00
"15300",496.44,496.44,0.00
"13606",276.75,276.75,0.00
"15305",93.60,93.60,0.00
"15307",205.30,205.30,0.00
"13605",522.67,522.67,0.00
"15310",1634.64,1634.64,0.00
"15313",52.00,52.00,0.00
"13603",164.34,164.34,0.00
"15316",165.00,165.00,0.00
"15318",312.62,312.62,0.00
"15319",204.50,204.50,0.00
"15320",267.13,267.13,0.00
"13602",1025.17,1025.17,0.00
"13601",1159.99,1159.99,0.00
"13600",518.42,518.42,0.00
"15324",140.22,140.22,0.00
"15327",208.75,208.75,0.00
"15328",107.24,107.24,0.00
"13596",664.11,664.11,0.00
"15330",714.96,714.96,0.00
"15332",4892.68,4892.68,0.00
"15333",1028.56,1028.56,0.00
"15334",350.82,350.82,0.00
"15335",170.22,170.22,0.00
"15336",240.50,240.50,0.00
"13595",784.48,784.48,0.00
"15338",277.93,277.93,0.00
"13592",247.96,247.96,0.00
"15340",105.50,105.50,0.00
"15343",364.50,364.50,0.00
"13589",1120.74,1120.74,0.00
"13586",127.28,127.28,0.00
"15348",158.04,158.04,0.00
"15349",463.91,463.91,0.00
"15350",547.60,547.60,0.00
"15352",111.15,111.15,0.00
"13583",1445.03,1445.03,0.00
"13582",241.68,241.68,0.00
"15355",277.05,277.05,0.00
"15356",3239.57,3239.57,0.00
"13581",280.53,280.53,0.00
"15360",427.93,427.93,0.00
"15361",689.07,689.07,0.00
"15362",613.08,613.08,0.00
"15364",913.19,913.19,0.00
"13580",107.75,107.75,0.00
"15366",2389.08,2389.08,0.00
"15368",722.74,722.74,0.00
"13578",147.66,147.66,0.00
"13575",732.07,732.07,0.00
"15371",59.40,59.40,0.00
"13574",404.45,404.45,0.00
"13573",904.52,904.52,0.00
"15374",307.32,307.32,0.00
"15375",60.96,60.96,0.00
"15376",1221.56,1221.56,0.00
"13572",1384.25,1384.25,0.00
"15378",246.50,246.50,0.00
"13571",4537.26,4537.26,0.00
"13570",239.49,239.49,0.00
"13569",726.54,726.54,0.00
"15385",942.08,942.08,0.00
"15386",394.14,394.14,0.00
"15387",468.65,468.65,0.00
"15388",140.54,140.54,0.00
"15389",2733.80,2733.80,0.00
"15390",1216.66,1216.66,0.00
"18281",201.14,201.14,0.00
"15393",891.34,891.34,0.00
"13568",187.05,187.05,0.00
"15395",107.45,107.45,0.00
"15396",796.38,796.38,0.00
"15397",94.00,94.00,0.00
"15399",815.77,815.77,0.00
"15401",216.95,216.95,0.00
"15403",170.88,170.88,0.00
"15404",257.06,257.06,0.00
"15405",659.84,659.84,0.00
"13566",1688.60,1688.60,0.00
"15407",1046.74,1046.74,0.00
"15408",267.18,267.18,0.00
"15410",4685.72,4685.72,0.00
"15412",190.53,190.53,0.00
"13565",414.80,414.80,0.00
"15414",774.90,774.90,0.00
"15415",559.61,559.61,0.00
"15417",508.80,508.80,0.00
"15418",449.42,449.42,0.00
"15419",135.86,135.86,0.00
"15420",743.00,743.00,0.00
"15421",3805.34,3805.34,0.00
"13563",777.53,777.53,0.00
"15424",597.78,597.78,0.00
"15425",1941.12,1941.12,0.00
"15427",1430.54,1430.54,0.00
"15428",762.75,762.75,0.00
"13562",4838.18,4838.18,0.00
"13561",1803.40,1803.40,0.00
"15431",153.24,153.24,0.00
"13560",171.42,171.42,0.00
"13559",990.00,990.00,0.00
"15435",149.29,149.29,0.00
"15436",1067.75,1067.75,0.00
"15437",393.45,393.45,0.00
"15438",156.58,156.58,0.00
"15439",1269.05,1269.05,0.00
"15440",383.68,383.68,0.00
"15441",1254.21,1254.21,0.00
"15442",594.00,594.00,0.00
"13558",594.52,594.52,0.00
"15444",1411.21,1411.21,0.00
"15445",284.50,284.50,0.00
"15448",788.81,788.81,0.00
"15450",429.84,429.84,0.00
"15451",226.86,226.86,0.00
"15452",1785.11,1785.11,0.00
"15453",1371.77,1371.77,0.00
"15454",305.99,305.99,0.00
"15455",38.25,38.25,0.00
"15456",2091.52,2091.52,0.00
"15457",237.07,237.07,0.00
"15458",370.44,370.44,0.00
"15459",202.83,202.83,0.00
"15460",214.26,214.26,0.00
"13556",200.82,200.82,0.00
"15462",737.05,737.05,0.00
"15463",126.14,126.14,0.00
"15464",1044.65,1044.65,0.00
"13553",499.60,499.60,0.00
"15466",1560.46,1560.46,0.00
"13551",244.20,244.20,0.00
"13550",342.55,342.55,0.00
"15470",63.42,63.42,0.00
"15471",1292.01,1292.01,0.00
"15472",371.56,371.56,0.00
"15474",150.35,150.35,0.00
"15475",454.11,454.11,0.00
"13548",901.44,901.44,0.00
"15477",368.40,368.40,0.00
"15478",1983.48,1983.48,0.00
"15479",147.40,147.40,0.00
"13547",167.08,167.08,0.00
"15481",1993.34,1993.34,0.00
"13546",1086.24,1086.24,0.00
"15483",817.82,817.82,0.00
"13543",1439.61,1439.61,0.00
"15486",102.00,102.00,0.00
"15487",231.32,231.32,0.00
"15488",431.92,431.92,0.00
"13540",632.39,632.39,0.00
"13538",3103.13,3103.13,0.00
"15492",659.46,659.46,0.00
"13537",717.85,717.85,0.00
"15495",246.50,246.50,0.00
"15496",146.14,146.14,0.00
"13536",3444.39,3444.39,0.00
"15499",158.65,158.65,0.00
"15500",1131.56,1131.56,0.00
"15501",399.95,399.95,0.00
"13535",89.50,89.50,0.00
"15503",257.30,257.30,0.00
"13533",269.09,269.09,0.00
"15506",2030.33,2030.33,0.00
"15507",475.86,475.86,0.00
"15508",1000.27,1000.27,0.00
"15509",152.41,152.41,0.00
"15510",250.00,250.00,0.00
"15511",900.53,900.53,0.00
"15512",331.58,331.58,0.00
"13532",210.31,210.31,0.00
"13531",1433.07,1433.07,0.00
"15515",171.81,171.81,0.00
"15516",62.43,62.43,0.00
"15517",267.03,267.03,0.00
"13530",402.98,402.98,0.00
"15519",344.61,344.61,0.00
"15520",343.50,343.50,0.00
"13529",307.76,307.76,0.00
"15522",397.99,397.99,0.00
"13525",628.78,628.78,0.00
"15524",591.40,591.40,0.00
"15526",148.44,148.44,0.00
"13524",680.18,680.18,0.00
"15528",229.33,229.33,0.00
"13522",125.80,125.80,0.00
"15530",1808.68,1808.68,0.00
"15531",1972.39,1972.39,0.00
"13521",1071.73,1071.73,0.00
"15534",162.25,162.25,0.00
"13518",627.16,627.16,0.00
"15536",259.09,259.09,0.00
"15537",110.92,110.92,0.00
"15539",538.46,538.46,0.00
"15540",460.68,460.68,0.00
"15541",85.13,85.13,0.00
"13516",1685.26,1685.26,0.00
"15543",242.26,242.26,0.00
"13515",1265.82,1265.82,0.00
"15545",288.97,288.97,0.00
"13514",815.90,815.90,0.00
"15548",158.09,158.09,0.00
"13512",713.39,713.39,0.00
"13509",1114.72,1114.72,0.00
"13508",287.05,287.05,0.00
"15552",252.52,252.52,0.00
"15553",428.93,428.93,0.00
"15554",217.20,217.20,0.00
"13507",2479.16,2479.16,0.00
"15556",279.77,279.77,0.00
"15557",468.91,468.91,0.00
"13504",295.93,295.93,0.00
"15559",1109.40,1109.40,0.00
"15560",153.52,153.52,0.00
"15562",671.43,671.43,0.00
"15564",70.74,70.74,0.00
"15565",173.16,173.16,0.00
"15566",227.87,227.87,0.00
"15567",186.01,186.01,0.00
"15568",758.29,758.29,0.00
"15569",3583.45,3583.45,0.00
"13498",327.38,327.38,0.00
"15571",3892.35,3892.35,0.00
"15572",3965.20,3965.20,0.00
"15573",1188.42,1188.42,0.00
"13494",316.26,316.26,0.00
"15575",30.10,30.10,0.00
"15576",921.37,921.37,0.00
"15577",396.03,396.03,0.00
"15578",127.10,127.10,0.00
"13493",618.63,618.63,0.00
"13492",1269.84,1269.84,0.00
"13491",4467.66,4467.66,0.00
"15582",682.91,682.91,0.00
"15583",95.96,95.96,0.00
"15585",455.30,455.30,0.00
"15587",1522.08,1522.08,0.00
"15588",579.60,579.60,0.00
"13490",154.25,154.25,0.00
"13489",449.52,449.52,0.00
"15591",217.90,217.90,0.00
"15592",388.58,388.58,0.00
"15593",199.80,199.80,0.00
"15595",357.60,357.60,0.00
"13487",846.87,846.87,0.00
"15599",1250.06,1250.06,0.00
"13486",1122.41,1122.41,0.00
"13483",140.34,140.34,0.00
"13482",336.09,336.09,0.00
"15604",216.39,216.39,0.00
"13480",627.82,627.82,0.00
"15608",1785.98,1785.98,0.00
"13475",1431.78,1431.78,0.00
"15610",112.46,112.46,0.00
"13474",646.59,646.59,0.00
"15612",195.15,195.15,0.00
"15613",433.72,433.72,0.00
"13472",592.24,592.24,0.00
"13471",2501.84,2501.84,0.00
"15616",317.11,317.11,0.00
"15617",828.55,828.55,0.00
"13470",165.00,165.00,0.00
"15619",336.40,336.40,0.00
"13469",82.40,82.40,0.00
"13467",1071.91,1071.91,0.00
"13465",931.12,931.12,0.00
"15623",2437.05,2437.05,0.00
"15624",588.13,588.13,0.00
"15627",566.90,566.90,0.00
"15629",2240.90,2240.90,0.00
"15631",596.67,596.67,0.00
"13460",183.44,183.44,0.00
"13459",1160.41,1160.41,0.00
"15634",554.65,554.65,0.00
"15635",100.35,100.35,0.00
"15636",1444.58,1444.58,0.00
"15637",797.59,797.59,0.00
"13454",219.87,219.87,0.00
"13452",729.80,729.80,0.00
"15641",5345.55,5345.55,0.00
"15642",105.78,105.78,0.00
"15644",803.54,803.54,0.00
"15647",169.00,169.00,0.00
"13449",291.88,291.88,0.00
"15649",1660.35,1660.35,0.00
"15651",1259.06,1259.06,0.00
"15653",877.44,877.44,0.00
"15654",922.53,922.53,0.00
"13445",241.90,241.90,0.00
"15656",748.50,748.50,0.00
"15657",30.00,30.00,0.00
"13444",619.08,619.08,0.00
"15659",532.49,532.49,0.00
"13442",419.87,419.87,0.00
"15661",1215.95,1215.95,0.00
"15662",283.73,283.73,0.00
"15663",138.14,138.14,0.00
"13441",720.90,720.90,0.00
"15665",3987.07,3987.07,0.00
"15666",632.94,632.94,0.00
"15667",301.32,301.32,0.00
"15668",76.32,76.32,0.00
"13439",986.61,986.61,0.00
"15672",45.30,45.30,0.00
"13438",46.50,46.50,0.00
"15675",542.04,542.04,0.00
"13437",3408.06,3408.06,0.00
"15677",1305.63,1305.63,0.00
"15678",1825.94,1825.94,0.00
"15679",781.28,781.28,0.00
"13436",196.89,196.89,0.00
"15683",524.54,524.54,0.00
"13434",1666.86,1666.86,0.00
"15685",55.98,55.98,0.00
"15686",90.00,90.00,0.00
"15688",190.57,190.57,0.00
"15689",521.03,521.03,0.00
"15690",239.76,239.76,0.00
"15692",191.04,191.04,0.00
"15693",37.50,37.50,0.00
"13432",439.10,439.10,0.00
"15695",1131.04,1131.04,0.00
"13429",1006.80,1006.80,0.00
"15697",246.75,246.75,0.00
"15698",46.20,46.20,0.00
"15699",309.65,309.65,0.00
"13428",478.54,478.54,0.00
"15701",1529.00,1529.00,0.00
"15702",140.39,140.39,0.00
"15703",211.50,211.50,0.00
"13427",1006.53,1006.53,0.00
"15705",143.10,143.10,0.00
"15707",916.98,916.98,0.00
"13423",217.03,217.03,0.00
"15709",327.85,327.85,0.00
"15710",898.87,898.87,0.00
"15711",420.25,420.25,0.00
"15714",783.96,783.96,0.00
"15715",658.02,658.02,0.00
"15716",2485.26,2485.26,0.00
"15717",607.00,607.00,0.00
"15718",293.79,293.79,0.00
"15720",739.22,739.22,0.00
"15721",471.40,471.40,0.00
"13419",221.06,221.06,0.00
"15723",930.70,930.70,0.00
"15725",415.25,415.25,0.00
"15726",321.91,321.91,0.00
"15727",9371.71,9371.71,0.00
"13416",940.80,940.80,0.00
"15731",125.30,125.30,0.00
"13412",487.35,487.35,0.00
"15733",162.30,162.30,0.00
"15734",2263.30,2263.30,0.00
"15735",327.68,327.68,0.00
"13411",213.55,213.55,0.00
"15739",449.12,449.12,0.00
"15740",154.88,154.88,0.00
"15741",208.62,208.62,0.00
"15742",156.87,156.87,0.00
"15743",775.96,775.96,0.00
"15744",34.80,34.80,0.00
"13404",252.49,252.49,0.00
"15748",609.81,609.81,0.00
"13403",229.50,229.50,0.00
"13402",1226.85,1226.85,0.00
"15753",79.20,79.20,0.00
"13399",275.40,275.40,0.00
"13398",670.34,670.34,0.00
"15756",528.01,528.01,0.00
"15757",2940.36,2940.36,0.00
"15758",205.25,205.25,0.00
"13395",1180.23,1180.23,0.00
"13392",91.14,91.14,0.00
"15761",143.05,143.05,0.00
"15762",583.75,583.75,0.00
"13391",59.80,59.80,0.00
"13390",544.08,544.08,0.00
"15765",370.63,370.63,0.00
"13389",797.96,797.96,0.00
"13387",186.94,186.94,0.00
"13386",835.46,835.46,0.00
"15770",321.45,321.45,0.00
"15771",1006.54,1006.54,0.00
"15772",280.88,280.88,0.00
"15773",774.52,774.52,0.00
"15775",150.50,150.50,0.00
"15776",241.62,241.62,0.00
"13385",534.57,534.57,0.00
"15778",307.95,307.95,0.00
"15779",124.08,124.08,0.00
"15780",475.28,475.28,0.00
"13383",305.28,305.28,0.00
"15783",246.30,246.30,0.00
"15784",848.33,848.33,0.00
"13382",1387.58,1387.58,0.00
"13380",62.40,62.40,0.00
"15787",933.26,933.26,0.00
"13379",572.56,572.56,0.00
"15790",218.75,218.75,0.00
"13376",1019.76,1019.76,0.00
"15792",933.84,933.84,0.00
"15794",777.00,777.00,0.00
"15795",1979.87,1979.87,0.00
"15797",2821.08,2821.08,0.00
"15798",1535.37,1535.37,0.00
"15799",1421.34,1421.34,0.00
"15800",1227.07,1227.07,0.00
"13374",422.80,422.80,0.00
"13373",7587.19,7587.19,0.00
"15803",1929.66,1929.66,0.00
"13372",378.64,378.64,0.00
"13367",510.20,510.20,0.00
"15806",784.58,784.58,0.00
"13366",56.16,56.16,0.00
"13363",1723.86,1723.86,0.00
"13361",1450.50,1450.50,0.00
"13358",439.03,439.03,0.00
"15813",1303.91,1303.91,0.00
"13357",3805.51,3805.51,0.00
"15815",2100.60,2100.60,0.00
"13356",768.24,768.24,0.00
"15817",2766.40,2766.40,0.00
"15818",340.50,340.50,0.00
"13355",674.70,674.70,0.00
"15820",206.98,206.98,0.00
"15821",570.96,570.96,0.00
"13354",743.53,743.53,0.00
"15824",890.94,890.94,0.00
"15825",532.94,532.94,0.00
"13351",373.94,373.94,0.00
"15828",1108.82,1108.82,0.00
"15829",636.14,636.14,0.00
"13349",247.32,247.32,0.00
"13348",233.76,233.76,0.00
"15832",836.79,836.79,0.00
"15833",80.40,80.40,0.00
"13347",341.36,341.36,0.00
"15835",954.09,954.09,0.00
"13346",299.40,299.40,0.00
"15837",777.01,777.01,0.00
"13344",2511.69,2511.69,0.00
"13341",775.85,775.85,0.00
"13340",22100.56,22100.56,0.00
"15843",118.95,118.95,0.00
"15844",130.74,130.74,0.00
"13339",860.12,860.12,0.00
"15846",107.01,107.01,0.00
"15847",822.57,822.57,0.00
"15848",137.99,137.99,0.00
"15850",1006.75,1006.75,0.00
"15851",109.73,109.73,0.00
"15852",257.26,257.26,0.00
"15853",110.80,110.80,0.00
"15854",5578.28,5578.28,0.00
"15855",1052.72,1052.72,0.00
"13336",795.12,795.12,0.00
"15857",570.48,570.48,0.00
"15859",438.46,438.46,0.00
"15860",2361.30,2361.30,0.00
"13333",1015.74,1015.74,0.00
"15862",2512.29,2512.29,0.00
"15863",355.10,355.10,0.00
"13332",350.90,350.90,0.00
"15865",2241.42,2241.42,0.00
"15866",211.89,211.89,0.00
"13331",262.40,262.40,0.00
"15868",94.53,94.53,0.00
"15869",321.11,321.11,0.00
"15870",857.46,857.46,0.00
"15871",33.10,33.10,0.00
"15872",729.25,729.25,0.00
"13330",2796.10,2796.10,0.00
"13328",1308.48,1308.48,0.00
"15875",108.52,108.52,0.00
"15876",1449.14,1449.14,0.00
"13326",281.76,281.76,0.00
"15878",330.77,330.77,0.00
"15879",1137.80,1137.80,0.00
"13325",675.30,675.30,0.00
"13323",787.85,787.85,0.00
"13322",199.48,199.48,0.00
"15883",396.48,396.48,0.00
"13321",567.36,567.36,0.00
"15886",1052.87,1052.87,0.00
"15887",1027.15,1027.15,0.00
"13318",640.76,640.76,0.00
"15890",535.65,535.65,0.00
"15891",511.68,511.68,0.00
"15892",128.20,128.20,0.00
"15893",305.28,305.28,0.00
"15894",258.25,258.25,0.00
"15895",179.17,179.17,0.00
"15897",208.59,208.59,0.00
"13315",310.26,310.26,0.00
"15899",56.25,56.25,0.00
"15902",145.01,145.01,0.00
"13312",124.75,124.75,0.00
"15904",164.68,164.68,0.00
"15905",114.69,114.69,0.00
"13311",598.57,598.57,0.00
"15907",882.72,882.72,0.00
"15908",758.62,758.62,0.00
"15909",191.94,191.94,0.00
"15910",2661.17,2661.17,0.00
"13309",1706.37,1706.37,0.00
"15912",1074.70,1074.70,0.00
"15913",6.30,6.30,0.00
"15914",205.99,205.99,0.00
"15915",364.45,364.45,0.00
"15917",530.17,530.17,0.00
"15918",582.88,582.88,0.00
"15919",525.69,525.69,0.00
"15920",569.14,569.14,0.00
"15921",775.26,775.26,0.00
"15923",127.08,127.08,0.00
"15924",102.82,102.82,0.00
"15925",207.15,207.15,0.00
"15926",134.44,134.44,0.00
"15927",106.54,106.54,0.00
"15928",293.53,293.53,0.00
"15929",594.00,594.00,0.00
"15930",426.63,426.63,0.00
"15931",239.90,239.90,0.00
"13307",273.34,273.34,0.00
"15933",1107.46,1107.46,0.00
"15934",2190.66,2190.66,0.00
"13306",53.65,53.65,0.00
"15936",282.79,282.79,0.00
"15937",145.35,145.35,0.00
"15938",734.81,734.81,0.00
"13305",3616.41,3616.41,0.00
"13303",61.72,61.72,0.00
"15942",337.44,337.44,0.00
"15943",271.29,271.29,0.00
"15944",2164.24,2164.24,0.00
"15945",646.27,646.27,0.00
"15946",2304.18,2304.18,0.00
"15947",1708.24,1708.24,0.00
"15948",1509.09,1509.09,0.00
"15949",364.72,364.72,0.00
"13302",159.20,159.20,0.00
"13301",618.09,618.09,0.00
"15952",781.91,781.91,0.00
"15954",190.75,190.75,0.00
"13298",360.00,360.00,0.00
"15956",617.60,617.60,0.00
"15957",921.25,921.25,0.00
"15958",462.12,462.12,0.00
"15959",542.89,542.89,0.00
"15961",451.29,451.29,0.00
"15962",289.48,289.48,0.00
"15963",470.76,470.76,0.00
"15964",269.21,269.21,0.00
"13296",792.51,792.51,0.00
"15968",404.55,404.55,0.00
"13294",1689.53,1689.53,0.00
"15970",1017.32,1017.32,0.00
"15972",1769.33,1769.33,0.00
"15975",371.01,371.01,0.00
"15976",1694.41,1694.41,0.00
"15977",1054.73,1054.73,0.00
"15979",329.22,329.22,0.00
"13291",3270.79,3270.79,0.00
"13289",307.95,307.95,0.00
"15982",324.51,324.51,0.00
"15983",3110.37,3110.37,0.00
"13286",734.91,734.91,0.00
"13285",3364.59,3364.59,0.00
"15986",354.42,354.42,0.00
"15987",1535.99,1535.99,0.00
"15988",738.89,738.89,0.00
"15989",368.31,368.31,0.00
"15990",1997.75,1997.75,0.00
"15991",150.55,150.55,0.00
"15992",896.60,896.60,0.00
"15995",694.54,694.54,0.00
"13283",373.36,373.36,0.00
"15999",20.40,20.40,0.00
"16000",12393.70,12393.70,0.00
"16002",169.21,169.21,0.00
"16003",5613.83,5613.83,0.00
"16004",2146.39,2146.39,0.00
"16006",332.82,332.82,0.00
"16007",3053.06,3053.06,0.00
"16008",5339.13,5339.13,0.00
"16009",972.11,972.11,0.00
"16012",2978.59,2978.59,0.00
"13277",523.30,523.30,0.00
"13275",238.86,238.86,0.00
"16017",1545.58,1545.58,0.00
"16018",698.13,698.13,0.00
"13274",360.85,360.85,0.00
"16020",851.01,851.01,0.00
"16021",487.03,487.03,0.00
"16022",602.63,602.63,0.00
"16023",719.81,719.81,0.00
"16024",483.99,483.99,0.00
"16025",439.66,439.66,0.00
"16026",236.09,236.09,0.00
"13273",138.98,138.98,0.00
"16028",82.20,82.20,0.00
"13272",276.56,276.56,0.00
"16030",331.24,331.24,0.00
"16031",547.90,547.90,0.00
"16032",1965.72,1965.72,0.00
"13270",590.00,590.00,0.00
"16035",217.73,217.73,0.00
"16036",2556.84,2556.84,0.00
"13265",2092.66,2092.66,0.00
"13264",722.56,722.56,0.00
"16041",3166.40,3166.40,0.00
"13263",8676.20,8676.20,0.00
"16043",1856.59,1856.59,0.00
"16044",340.84,340.84,0.00
"13262",573.45,573.45,0.00
"16046",235.78,235.78,0.00
"16047",107.14,107.14,0.00
"16049",1852.15,1852.15,0.00
"16050",300.70,300.70,0.00
"16051",188.44,188.44,0.00
"16052",362.06,362.06,0.00
"13261",944.10,944.10,0.00
"13260",557.62,557.62,0.00
"16055",134.80,134.80,0.00
"16056",650.75,650.75,0.00
"13259",1402.54,1402.54,0.00
"16058",62.70,62.70,0.00
"16059",3053.57,3053.57,0.00
"16060",541.95,541.95,0.00
"13258",1009.43,1009.43,0.00
"16062",2863.45,2863.45,0.00
"16063",335.32,335.32,0.00
"16064",109.31,109.31,0.00
"16066",1521.04,1521.04,0.00
"16068",115.73,115.73,0.00
"16069",457.70,457.70,0.00
"16070",852.15,852.15,0.00
"16071",1076.80,1076.80,0.00
"16072",4180.09,4180.09,0.00
"13254",51.41,51.41,0.00
"16074",252.50,252.50,0.00
"13253",2951.11,2951.11,0.00
"13251",252.68,252.68,0.00
"16078",362.99,362.99,0.00
"16079",1352.00,1352.00,0.00
"16081",4278.96,4278.96,0.00
"16082",106.75,106.75,0.00
"16083",2351.42,2351.42,0.00
"16084",436.18,436.18,0.00
"16087",1739.92,1739.92,0.00
"16088",1437.43,1437.43,0.00
"16089",263.49,263.49,0.00
"16090",180.56,180.56,0.00
"16091",315.06,315.06,0.00
"13249",1608.93,1608.93,0.00
"16093",17.00,17.00,0.00
"13248",465.68,465.68,0.00
"16095",447.05,447.05,0.00
"16096",1584.97,1584.97,0.00
"16097",185.05,185.05,0.00
"16098",4010.70,4010.70,0.00
"16100",582.64,582.64,0.00
"13247",501.12,501.12,0.00
"16102",1842.14,1842.14,0.00
"13245",989.22,989.22,0.00
"13244",121.74,121.74,0.00
"16105",2386.19,2386.19,0.00
"16106",108.38,108.38,0.00
"16107",3204.16,3204.16,0.00
"13243",1220.38,1220.38,0.00
"16110",1781.59,1781.59,0.00
"16111",549.33,549.33,0.00
"16112",195.74,195.74,0.00
"16113",161.38,161.38,0.00
"16114",135.75,135.75,0.00
"16115",2553.80,2553.80,0.00
"13242",699.40,699.40,0.00
"13241",112.53,112.53,0.00
"16119",1720.81,1720.81,0.00
"16122",895.62,895.62,0.00
"16123",307.78,307.78,0.00
"13237",643.00,643.00,0.00
"16125",4292.35,4292.35,0.00
"16126",14644.60,14644.60,0.00
"16127",801.31,801.31,0.00
"16129",1396.05,1396.05,0.00
"16130",987.48,987.48,0.00
"13234",346.50,346.50,0.00
"16132",664.20,664.20,0.00
"13233",1176.46,1176.46,0.00
"13232",1328.35,1328.35,0.00
"16135",819.45,819.45,0.00
"13229",160.95,160.95,0.00
"16137",422.70,422.70,0.00
"16139",1111.15,1111.15,0.00
"13228",358.00,358.00,0.00
"16141",955.94,955.94,0.00
"16142",535.34,535.34,0.00
"13227",257.70,257.70,0.00
"16144",175.20,175.20,0.00
"13226",312.46,312.46,0.00
"16146",946.38,946.38,0.00
"16149",422.22,422.22,0.00
"13223",969.12,969.12,0.00
"16152",1829.04,1829.04,0.00
"13222",88.50,88.50,0.00
"13221",847.41,847.41,0.00
"13220",1336.09,1336.09,0.00
"16162",37.40,37.40,0.00
"13219",76.23,76.23,0.00
"13218",62.64,62.64,0.00
"16165",79.90,79.90,0.00
"13216",333.74,333.74,0.00
"13215",81.60,81.60,0.00
"13214",3264.23,3264.23,0.00
"16169",1822.97,1822.97,0.00
"16171",73.20,73.20,0.00
"16172",1884.55,1884.55,0.00
"16174",2246.75,2246.75,0.00
"16175",1836.44,1836.44,0.00
"13210",353.48,353.48,0.00
"16178",612.60,612.60,0.00
"16179",215.83,215.83,0.00
"16181",305.54,305.54,0.00
"16182",9971.65,9971.65,0.00
"16183",1077.81,1077.81,0.00
"16185",644.72,644.72,0.00
"13207",535.86,535.86,0.00
"13205",2803.20,2803.20,0.00
"16189",215.48,215.48,0.00
"16190",2723.55,2723.55,0.00
"13204",966.66,966.66,0.00
"16192",351.30,351.30,0.00
"16193",630.43,630.43,0.00
"16194",308.60,308.60,0.00
"16195",323.25,323.25,0.00
"16196",93.30,93.30,0.00
"16197",2016.71,2016.71,0.00
"16198",1030.04,1030.04,0.00
"16199",942.75,942.75,0.00
"16205",1820.11,1820.11,0.00
"16207",394.38,394.38,0.00
"16208",3440.45,3440.45,0.00
"16209",4146.78,4146.78,0.00
"13201",1233.06,1233.06,0.00
"16213",159.00,159.00,0.00
"16214",2038.25,2038.25,0.00
"16215",242.35,242.35,0.00
"16216",914.93,914.93,0.00
"13200",870.09,870.09,0.00
"13197",373.01,373.01,0.00
"16219",40.80,40.80,0.00
"16222",1272.05,1272.05,0.00
"16223",1087.05,1087.05,0.00
"16224",1616.54,1616.54,0.00
"16226",672.17,672.17,0.00
"13195",136.73,136.73,0.00
"13194",472.78,472.78,0.00
"16230",542.03,542.03,0.00
"16231",1074.47,1074.47,0.00
"13193",112.08,112.08,0.00
"13191",164.69,164.69,0.00
"13189",260.68,260.68,0.00
"16236",432.20,432.20,0.00
"16237",136.65,136.65,0.00
"16238",63.66,63.66,0.00
"13188",114.60,114.60,0.00
"16241",3992.86,3992.86,0.00
"13185",71.40,71.40,0.00
"16243",409.10,409.10,0.00
"16244",1522.75,1522.75,0.00
"13182",121.18,121.18,0.00
"16246",821.35,821.35,0.00
"16247",114.56,114.56,0.00
"16248",152.94,152.94,0.00
"16249",1800.07,1800.07,0.00
"16250",565.24,565.24,0.00
"16251",128.31,128.31,0.00
"13181",359.69,359.69,0.00
"13180",86.10,86.10,0.00
"16254",967.44,967.44,0.00
"13179",572.31,572.31,0.00
"16257",46.95,46.95,0.00
"13177",512.20,512.20,0.00
"16259",340.94,340.94,0.00
"16260",1035.45,1035.45,0.00
"16261",1041.16,1041.16,0.00
"13176",481.49,481.49,0.00
"16263",348.16,348.16,0.00
"16264",823.53,823.53,0.00
"13174",7995.36,7995.36,0.00
"16266",1757.95,1757.95,0.00
"16267",186.66,186.66,0.00
"16268",667.65,667.65,0.00
"16270",1141.24,1141.24,0.00
"16272",411.70,411.70,0.00
"16273",318.34,318.34,0.00
"16274",351.75,351.75,0.00
"16275",2151.11,2151.11,0.00
"16276",2629.39,2629.39,0.00
"16277",188.69,188.69,0.00
"16280",238.05,238.05,0.00
"16282",1307.58,1307.58,0.00
"13172",69.60,69.60,0.00
"16284",1018.48,1018.48,0.00
"16285",176.90,176.90,0.00
"13170",108.81,108.81,0.00
"16287",1006.98,1006.98,0.00
"16288",129.85,129.85,0.00
"13169",840.08,840.08,0.00
"16290",1957.70,1957.70,0.00
"16291",117.72,117.72,0.00
"13167",1125.15,1125.15,0.00
"16294",126.05,126.05,0.00
"16295",1328.55,1328.55,0.00
"13165",1451.16,1451.16,0.00
"16300",1367.32,1367.32,0.00
"16301",107.33,107.33,0.00
"13161",472.13,472.13,0.00
"16304",381.66,381.66,0.00
"16305",361.22,361.22,0.00
"13160",91.80,91.80,0.00
"16307",1194.92,1194.92,0.00
"16308",5120.00,5120.00,0.00
"13158",1508.18,1508.18,0.00
"16310",460.08,460.08,0.00
"16311",616.26,616.26,0.00
"16312",171.15,171.15,0.00
"16313",274.15,274.15,0.00
"16314",1491.40,1491.40,0.00
"16315",402.71,402.71,0.00
"16318",328.15,328.15,0.00
"16319",404.40,404.40,0.00
"13156",1586.54,1586.54,0.00
"13155",1370.48,1370.48,0.00
"16322",326.75,326.75,0.00
"16323",353.66,353.66,0.00
"16324",408.59,408.59,0.00
"13153",486.22,486.22,0.00
"13149",1676.06,1676.06,0.00
"16328",310.83,310.83,0.00
"16329",1664.92,1664.92,0.00
"16331",2037.70,2037.70,0.00
"13147",712.80,712.80,0.00
"16333",26626.80,26626.80,0.00
"16334",263.73,263.73,0.00
"13146",228.91,228.91,0.00
"16336",3517.69,3517.69,0.00
"16337",151.05,151.05,0.00
"16338",214.80,214.80,0.00
"16339",94.05,94.05,0.00
"16340",1496.24,1496.24,0.00
"16342",322.41,322.41,0.00
"16343",614.12,614.12,0.00
"16344",842.42,842.42,0.00
"16345",1178.79,1178.79,0.00
"16346",224.51,224.51,0.00
"16348",1744.42,1744.42,0.00
"16349",53.50,53.50,0.00
"13144",135.35,135.35,0.00
"16352",494.44,494.44,0.00
"16354",1119.46,1119.46,0.00
"13142",307.09,307.09,0.00
"16357",868.37,868.37,0.00
"13140",1054.92,1054.92,0.00
"16361",891.21,891.21,0.00
"16363",109.36,109.36,0.00
"16364",705.79,705.79,0.00
"16366",1548.13,1548.13,0.00
"16367",1350.48,1350.48,0.00
"16368",621.44,621.44,0.00
"16369",2656.56,2656.56,0.00
"16370",1301.91,1301.91,0.00
"16371",157.20,157.20,0.00
"13135",3371.45,3371.45,0.00
"16373",309.49,309.49,0.00
"16374",1723.40,1723.40,0.00
"16375",104.00,104.00,0.00
"16377",1308.48,1308.48,0.00
"16378",362.95,362.95,0.00
"13133",200.45,200.45,0.00
"16380",1743.15,1743.15,0.00
"16381",247.85,247.85,0.00
"16382",353.10,353.10,0.00
"13132",77.30,77.30,0.00
"16384",1358.95,1358.95,0.00
"16385",881.35,881.35,0.00
"16386",1068.16,1068.16,0.00
"16387",882.46,882.46,0.00
"16388",186.05,186.05,0.00
"18283",2664.90,2664.90,0.00
"16390",467.50,467.50,0.00
"16391",1052.26,1052.26,0.00
"16392",756.70,756.70,0.00
"13130",64.00,64.00,0.00
"13129",233.25,233.25,0.00
"13128",263.50,263.50,0.00
"13127",259.17,259.17,0.00
"16397",123.13,123.13,0.00
"13125",148.62,148.62,0.00
"16399",630.22,630.22,0.00
"16400",3059.85,3059.85,0.00
"13124",4641.66,4641.66,0.00
"16402",293.45,293.45,0.00
"16405",167.25,167.25,0.00
"16407",2761.65,2761.65,0.00
"16408",231.93,231.93,0.00
"16409",5652.74,5652.74,0.00
"16410",130.32,130.32,0.00
"16411",756.39,756.39,0.00
"16412",593.19,593.19,0.00
"16413",522.03,522.03,0.00
"16414",551.21,551.21,0.00
"16415",696.76,696.76,0.00
"13123",506.75,506.75,0.00
"16417",35.70,35.70,0.00
"16418",1028.74,1028.74,0.00
"16420",75.00,75.00,0.00
"16421",526.27,526.27,0.00
"13122",922.39,922.39,0.00
"16423",346.12,346.12,0.00
"13120",30.60,30.60,0.00
"16425",302.70,302.70,0.00
"16426",1863.76,1863.76,0.00
"16427",241.06,241.06,0.00
"16429",284.55,284.55,0.00
"16430",1117.94,1117.94,0.00
"16431",623.28,623.28,0.00
"16432",287.40,287.40,0.00
"16433",384.52,384.52,0.00
"16435",1003.07,1003.07,0.00
"13119",134.90,134.90,0.00
"16437",301.25,301.25,0.00
"16438",798.35,798.35,0.00
"16439",310.70,310.70,0.00
"16440",3856.97,3856.97,0.00
"16442",891.98,891.98,0.00
"16443",162.24,162.24,0.00
"16445",583.16,583.16,0.00
"16447",727.10,727.10,0.00
"16448",361.12,361.12,0.00
"13114",234.38,234.38,0.00
"13111",321.88,321.88,0.00
"16452",332.17,332.17,0.00
"16453",251.71,251.71,0.00
"13108",748.46,748.46,0.00
"13105",72.00,72.00,0.00
"16457",208.36,208.36,0.00
"16458",5690.89,5690.89,0.00
"16459",71.79,71.79,0.00
"16460",811.23,811.23,0.00
"16461",1545.83,1545.83,0.00
"13104",1709.10,1709.10,0.00
"13103",709.64,709.64,0.00
"16464",1298.66,1298.66,0.00
"13101",695.40,695.40,0.00
"13099",207.36,207.36,0.00
"16468",787.52,787.52,0.00
"16469",803.90,803.90,0.00
"16472",789.60,789.60,0.00
"13096",419.70,419.70,0.00
"16475",544.30,544.30,0.00
"16477",4094.37,4094.37,0.00
"16478",331.00,331.00,0.00
"16479",300.83,300.83,0.00
"16480",769.29,769.29,0.00
"13095",74.40,74.40,0.00
"16482",220.62,220.62,0.00
"16483",139.35,139.35,0.00
"13088",236.11,236.11,0.00
"13087",313.64,313.64,0.00
"16486",134.36,134.36,0.00
"16487",209.40,209.40,0.00
"16489",303.70,303.70,0.00
"13086",439.33,439.33,0.00
"16492",385.56,385.56,0.00
"16494",826.53,826.53,0.00
"16495",648.26,648.26,0.00
"13083",395.43,395.43,0.00
"16497",6695.28,6695.28,0.00
"13079",419.18,419.18,0.00
"16501",1191.23,1191.23,0.00
"16502",258.55,258.55,0.00
"16504",465.88,465.88,0.00
"16505",777.60,777.60,0.00
"16506",90.30,90.30,0.00
"16507",142.71,142.71,0.00
"16508",240.95,240.95,0.00
"16509",363.70,363.70,0.00
"16510",1777.50,1777.50,0.00
"16511",1760.49,1760.49,0.00
"16513",874.59,874.59,0.00
"16515",3179.06,3179.06,0.00
"16516",101.70,101.70,0.00
"16517",162.70,162.70,0.00
"13076",135.40,135.40,0.00
"16519",439.06,439.06,0.00
"16521",1140.11,1140.11,0.00
"16522",433.36,433.36,0.00
"13075",919.61,919.61,0.00
"16524",306.19,306.19,0.00
"16526",717.21,717.21,0.00
"16527",1232.94,1232.94,0.00
"16528",244.41,244.41,0.00
"16529",1986.80,1986.80,0.00
"16530",48.35,48.35,0.00
"13073",418.08,418.08,0.00
"16532",8756.64,8756.64,0.00
"13072",177.15,177.15,0.00
"16534",635.90,635.90,0.00
"16535",972.04,972.04,0.00
"16537",23.35,23.35,0.00
"16538",395.07,395.07,0.00
"16539",3289.66,3289.66,0.00
"16540",205.75,205.75,0.00
"16542",257.32,257.32,0.00
"13071",129.22,129.22,0.00
"16545",689.82,689.82,0.00
"16547",104.26,104.26,0.00
"16548",30.15,30.15,0.00
"13068",344.00,344.00,0.00
"13067",508.51,508.51,0.00
"16551",2237.12,2237.12,0.00
"16552",379.73,379.73,0.00
"13064",1666.84,1666.84,0.00
"13063",188.40,188.40,0.00
"13062",346.98,346.98,0.00
"16557",281.85,281.85,0.00
"13061",248.61,248.61,0.00
"16559",175.00,175.00,0.00
"13060",307.53,307.53,0.00
"16561",511.12,511.12,0.00
"16562",223.86,223.86,0.00
"16564",87.80,87.80,0.00
"13058",271.40,271.40,0.00
"16567",865.60,865.60,0.00
"16568",1020.90,1020.90,0.00
"16569",1455.23,1455.23,0.00
"13056",209.48,209.48,0.00
"13053",127.65,127.65,0.00
"16574",1301.78,1301.78,0.00
"13052",3119.33,3119.33,0.00
"16577",380.00,380.00,0.00
"16578",156.60,156.60,0.00
"13051",155.80,155.80,0.00
"13046",949.25,949.25,0.00
"16582",313.62,313.62,0.00
"16583",297.95,297.95,0.00
"13045",808.92,808.92,0.00
"16585",341.59,341.59,0.00
"16586",1462.78,1462.78,0.00
"16587",225.15,225.15,0.00
"16588",1361.28,1361.28,0.00
"16589",612.36,612.36,0.00
"13041",799.13,799.13,0.00
"16591",213.50,213.50,0.00
"13040",676.99,676.99,0.00
"13039",1010.73,1010.73,0.00
"16594",181.09,181.09,0.00
"16595",1757.75,1757.75,0.00
"16596",458.98,458.98,0.00
"16597",90.04,90.04,0.00
"16599",172.80,172.80,0.00
"13038",908.46,908.46,0.00
"16601",677.00,677.00,0.00
"13036",307.10,307.10,0.00
"16603",482.47,482.47,0.00
"13034",756.82,756.82,0.00
"16605",60.48,60.48,0.00
"16606",357.66,357.66,0.00
"13033",220.55,220.55,0.00
"16608",1286.62,1286.62,0.00
"13031",3292.84,3292.84,0.00
"16610",75.66,75.66,0.00
"16613",618.59,618.59,0.00
"16614",1179.79,1179.79,0.00
"13030",752.44,752.44,0.00
"16616",500.42,500.42,0.00
"16617",151.85,151.85,0.00
"13029",1927.30,1927.30,0.00
"16620",1758.93,1758.93,0.00
"16621",813.48,813.48,0.00
"12348",2019.40,2019.40,0.00
"16624",810.57,810.57,0.00
"16627",322.80,322.80,0.00
"16629",408.63,408.63,0.00
"13025",323.39,323.39,0.00
"16632",406.40,406.40,0.00
"13023",1449.03,1449.03,0.00
"16635",473.00,473.00,0.00
"16636",3802.04,3802.04,0.00
"13022",65.30,65.30,0.00
"16640",179.40,179.40,0.00
"16641",554.50,554.50,0.00
"16644",833.78,833.78,0.00
"16645",160.39,160.39,0.00
"16647",541.90,541.90,0.00
"18285",427.00,427.00,0.00
"16649",306.58,306.58,0.00
"16650",1916.11,1916.11,0.00
"16651",136.20,136.20,0.00
"13017",204.00,204.00,0.00
"13016",789.89,789.89,0.00
"13011",50.55,50.55,0.00
"13010",330.12,330.12,0.00
"16657",874.43,874.43,0.00
"13009",234.00,234.00,0.00
"16659",39.12,39.12,0.00
"13007",175.25,175.25,0.00
"13006",81.57,81.57,0.00
"16662",151.05,151.05,0.00
"16663",165.00,165.00,0.00
"16664",109.20,109.20,0.00
"16665",135.40,135.40,0.00
"16666",217.71,217.71,0.00
"16667",567.18,567.18,0.00
"16668",862.42,862.42,0.00
"13003",149.05,149.05,0.00
"13002",414.13,414.13,0.00
"16671",1692.27,1692.27,0.00
"12999",455.88,455.88,0.00
"16673",171.13,171.13,0.00
"16674",304.24,304.24,0.00
"16675",608.86,608.86,0.00
"12996",355.50,355.50,0.00
"12992",93.35,93.35,0.00
"16679",663.31,663.31,0.00
"16680",821.45,821.45,0.00
"16681",1921.84,1921.84,0.00
"16682",1028.00,1028.00,0.00
"12991",764.82,764.82,0.00
"16685",324.24,324.24,0.00
"16687",157.63,157.63,0.00
"16688",1260.86,1260.86,0.00
"12990",955.50,955.50,0.00
"16691",178.83,178.83,0.00
"16692",1914.70,1914.70,0.00
"16693",1179.48,1179.48,0.00
"16694",98.30,98.30,0.00
"16695",191.90,191.90,0.00
"16696",657.90,657.90,0.00
"16697",112.75,112.75,0.00
"16698",1998.00,1998.00,0.00
"12988",505.82,505.82,0.00
"12984",97.50,97.50,0.00
"16704",664.16,664.16,0.00
"12983",490.08,490.08,0.00
"16706",531.35,531.35,0.00
"16707",533.41,533.41,0.00
"16708",656.63,656.63,0.00
"16709",9056.01,9056.01,0.00
"12981",372.22,372.22,0.00
"16712",4232.87,4232.87,0.00
"12977",513.88,513.88,0.00
"16715",625.52,625.52,0.00
"12976",3156.38,3156.38,0.00
"12974",408.95,408.95,0.00
"16718",3006.08,3006.08,0.00
"12973",385.55,385.55,0.00
"12970",1453.60,1453.60,0.00
"16721",292.47,292.47,0.00
"12969",122.45,122.45,0.00
"16723",1231.36,1231.36,0.00
"16724",147.35,147.35,0.00
"16726",2063.88,2063.88,0.00
"16727",1377.77,1377.77,0.00
"16728",1048.28,1048.28,0.00
"12968",135.95,135.95,0.00
"12966",160.18,160.18,0.00
"16731",170.30,170.30,0.00
"12965",769.81,769.81,0.00
"16733",259.68,259.68,0.00
"16734",646.76,646.76,0.00
"12964",132.24,132.24,0.00
"12962",266.39,266.39,0.00
"16737",835.20,835.20,0.00
"16738",3.75,3.75,0.00
"16740",226.91,226.91,0.00
"16741",173.06,173.06,0.00
"12961",211.99,211.99,0.00
"12960",1322.07,1322.07,0.00
"16744",1291.91,1291.91,0.00
"12958",467.34,467.34,0.00
"16749",4157.88,4157.88,0.00
"16750",623.93,623.93,0.00
"16751",1764.72,1764.72,0.00
"16752",207.50,207.50,0.00
"16753",223.92,223.92,0.00
"12956",521.89,521.89,0.00
"12954",162.45,162.45,0.00
"16757",270.48,270.48,0.00
"16758",369.34,369.34,0.00
"16760",228.00,228.00,0.00
"16761",316.62,316.62,0.00
"16762",1207.24,1207.24,0.00
"12953",828.81,828.81,0.00
"16765",454.75,454.75,0.00
"16766",1145.60,1145.60,0.00
"12950",1843.00,1843.00,0.00
"16769",1117.05,1117.05,0.00
"16771",3949.60,3949.60,0.00
"12946",324.45,324.45,0.00
"16773",421.24,421.24,0.00
"12945",900.11,900.11,0.00
"16776",592.51,592.51,0.00
"12944",604.51,604.51,0.00
"16778",245.94,245.94,0.00
"16780",596.40,596.40,0.00
"12942",675.60,675.60,0.00
"16783",391.95,391.95,0.00
"16784",892.33,892.33,0.00
"16785",533.78,533.78,0.00
"16786",51.84,51.84,0.00
"16787",1017.53,1017.53,0.00
"16788",1928.93,1928.93,0.00
"16789",80.80,80.80,0.00
"12941",377.49,377.49,0.00
"12939",25264.80,25264.80,0.00
"16792",623.46,623.46,0.00
"16793",243.84,243.84,0.00
"12938",114.14,114.14,0.00
"12937",3097.61,3097.61,0.00
"16796",305.62,305.62,0.00
"12934",181.65,181.65,0.00
"16800",1162.65,1162.65,0.00
"12932",1698.56,1698.56,0.00
"16802",582.61,582.61,0.00
"16803",332.30,332.30,0.00
"16804",536.99,536.99,0.00
"16805",1091.34,1091.34,0.00
"16806",762.16,762.16,0.00
"16808",288.42,288.42,0.00
"16811",547.07,547.07,0.00
"12928",4304.89,4304.89,0.00
"16813",1652.18,1652.18,0.00
"16815",406.02,406.02,0.00
"16816",417.06,417.06,0.00
"12927",197.31,197.31,0.00
"12926",1523.97,1523.97,0.00
"16819",182.59,182.59,0.00
"16820",497.61,497.61,0.00
"16821",113.35,113.35,0.00
"12925",729.33,729.33,0.00
"16824",686.24,686.24,0.00
"16825",1826.89,1826.89,0.00
"16826",341.70,341.70,0.00
"16827",392.13,392.13,0.00
"16828",128.50,128.50,0.00
"16829",513.32,513.32,0.00
"12923",770.42,770.42,0.00
"16831",91.80,91.80,0.00
"16832",417.61,417.61,0.00
"16833",2409.04,2409.04,0.00
"16834",898.96,898.96,0.00
"12922",405.38,405.38,0.00
"16836",782.37,782.37,0.00
"12920",486.64,486.64,0.00
"12914",223.98,223.98,0.00
"12913",6283.24,6283.24,0.00
"12912",1662.30,1662.30,0.00
"16844",614.34,614.34,0.00
"16845",253.88,253.88,0.00
"16846",842.41,842.41,0.00
"16847",614.89,614.89,0.00
"16848",1411.62,1411.62,0.00
"16849",124.57,124.57,0.00
"16850",332.41,332.41,0.00
"16851",342.45,342.45,0.00
"16852",144.91,144.91,0.00
"16854",1408.96,1408.96,0.00
"16855",328.40,328.40,0.00
"16856",358.49,358.49,0.00
"16857",352.80,352.80,0.00
"12911",1651.72,1651.72,0.00
"12906",2919.81,2919.81,0.00
"16862",662.33,662.33,0.00
"12904",496.06,496.06,0.00
"16864",409.25,409.25,0.00
"16865",130.95,130.95,0.00
"16866",207.74,207.74,0.00
"16867",76.74,76.74,0.00
"16868",384.56,384.56,0.00
"12347",4921.53,4921.53,0.00
"16870",450.16,450.16,0.00
"12903",833.53,833.53,0.00
"16872",1213.13,1213.13,0.00
"12902",138.68,138.68,0.00
"16874",209.89,209.89,0.00
"12900",340.33,340.33,0.00
"16876",136.01,136.01,0.00
"16877",846.62,846.62,0.00
"16880",1813.21,1813.21,0.00
"16881",432.00,432.00,0.00
"16882",705.12,705.12,0.00
"16884",1070.97,1070.97,0.00
"16885",684.60,684.60,0.00
"12899",366.40,366.40,0.00
"16887",658.17,658.17,0.00
"16888",434.20,434.20,0.00
"16889",2526.65,2526.65,0.00
"16890",285.41,285.41,0.00
"16891",1727.94,1727.94,0.00
"12898",296.21,296.21,0.00
"16893",249.89,249.89,0.00
"12897",514.25,514.25,0.00
"16895",1102.90,1102.90,0.00
"16896",103.95,103.95,0.00
"12894",157.35,157.35,0.00
"12893",176.55,176.55,0.00
"16899",1695.77,1695.77,0.00
"12892",263.38,263.38,0.00
"16901",204.26,204.26,0.00
"16902",1706.88,1706.88,0.00
"12890",706.02,706.02,0.00
"16904",4675.36,4675.36,0.00
"12887",222.40,222.40,0.00
"16906",1410.92,1410.92,0.00
"16907",1470.89,1470.89,0.00
"16910",1508.96,1508.96,0.00
"12884",309.05,309.05,0.00
"16913",423.91,423.91,0.00
"16914",183.76,183.76,0.00
"16915",1543.18,1543.18,0.00
"16916",902.02,902.02,0.00
"12883",703.47,703.47,0.00
"12882",1463.04,1463.04,0.00
"16920",355.45,355.45,0.00
"16921",409.21,409.21,0.00
"16922",611.08,611.08,0.00
"12881",298.00,298.00,0.00
"12880",640.13,640.13,0.00
"16925",125.65,125.65,0.00
"16927",543.05,543.05,0.00
"16929",1295.39,1295.39,0.00
"16930",378.89,378.89,0.00
"16931",5032.22,5032.22,0.00
"16932",412.55,412.55,0.00
"12877",2942.14,2942.14,0.00
"16935",530.86,530.86,0.00
"16936",548.29,548.29,0.00
"16937",196.25,196.25,0.00
"12875",1356.99,1356.99,0.00
"16939",433.85,433.85,0.00
"16941",33.00,33.00,0.00
"12873",2027.30,2027.30,0.00
"16944",101.36,101.36,0.00
"12871",744.02,744.02,0.00
"16948",868.77,868.77,0.00
"12869",337.67,337.67,0.00
"12868",2043.76,2043.76,0.00
"16952",795.83,795.83,0.00
"16953",20.80,20.80,0.00
"12866",1227.35,1227.35,0.00
"12864",299.57,299.57,0.00
"16957",416.64,416.64,0.00
"16958",778.49,778.49,0.00
"16959",117.35,117.35,0.00
"12862",984.62,984.62,0.00
"16962",251.04,251.04,0.00
"16963",110.55,110.55,0.00
"16964",207.85,207.85,0.00
"16965",201.19,201.19,0.00
"16967",319.02,319.02,0.00
"16968",439.43,439.43,0.00
"16969",650.41,650.41,0.00
"16970",71.40,71.40,0.00
"12861",68.25,68.25,0.00
"16972",749.00,749.00,0.00
"16973",127.00,127.00,0.00
"16974",365.50,365.50,0.00
"12860",54.22,54.22,0.00
"16976",251.52,251.52,0.00
"16977",496.00,496.00,0.00
"16978",768.88,768.88,0.00
"12859",575.10,575.10,0.00
"16980",1422.83,1422.83,0.00
"16982",384.06,384.06,0.00
"16986",4888.75,4888.75,0.00
"16988",382.67,382.67,0.00
"16989",1133.25,1133.25,0.00
"16990",344.00,344.00,0.00
"16991",1041.21,1041.21,0.00
"12855",612.84,612.84,0.00
"16997",702.00,702.00,0.00
"16999",484.82,484.82,0.00
"17000",406.30,406.30,0.00
"17001",6640.80,6640.80,0.00
"17003",828.21,828.21,0.00
"17004",2324.36,2324.36,0.00
"17006",1635.27,1635.27,0.00
"17008",81.36,81.36,0.00
"17009",242.06,242.06,0.00
"12851",280.76,280.76,0.00
"17012",360.61,360.61,0.00
"12850",330.00,330.00,0.00
"17015",1838.61,1838.61,0.00
"17016",552.40,552.40,0.00
"12849",3042.47,3042.47,0.00
"17018",2287.70,2287.70,0.00
"12848",208.00,208.00,0.00
"17020",935.62,935.62,0.00
"17021",1182.22,1182.22,0.00
"17022",260.00,260.00,0.00
"17023",800.18,800.18,0.00
"17024",95.85,95.85,0.00
"17025",1349.67,1349.67,0.00
"17026",175.83,175.83,0.00
"12847",1609.00,1609.00,0.00
"17028",1593.83,1593.83,0.00
"17029",2137.30,2137.30,0.00
"17030",146.87,146.87,0.00
"17031",2773.85,2773.85,0.00
"12846",15.58,15.58,0.00
"17033",1332.79,1332.79,0.00
"12845",354.09,354.09,0.00
"12844",648.60,648.60,0.00
"17036",176.90,176.90,0.00
"17038",743.17,743.17,0.00
"17039",1954.99,1954.99,0.00
"17040",463.25,463.25,0.00
"17042",1036.58,1036.58,0.00
"17043",2593.65,2593.65,0.00
"12842",1917.99,1917.99,0.00
"17045",827.68,827.68,0.00
"17046",1906.07,1906.07,0.00
"17047",2289.23,2289.23,0.00
"12837",662.66,662.66,0.00
"12834",312.38,312.38,0.00
"12833",417.38,417.38,0.00
"17051",706.49,706.49,0.00
"17052",399.09,399.09,0.00
"17055",232.85,232.85,0.00
"17056",128.60,128.60,0.00
"17057",294.74,294.74,0.00
"17058",1179.89,1179.89,0.00
"17060",234.24,234.24,0.00
"12832",383.03,383.03,0.00
"12831",451.11,451.11,0.00
"17064",855.45,855.45,0.00
"12828",1018.71,1018.71,0.00
"17066",228.34,228.34,0.00
"17067",454.54,454.54,0.00
"12827",430.15,430.15,0.00
"12825",518.63,518.63,0.00
"17070",437.42,437.42,0.00
"12824",397.12,397.12,0.00
"17072",273.35,273.35,0.00
"17073",1446.09,1446.09,0.00
"17074",203.05,203.05,0.00
"12823",6501.50,6501.50,0.00
"17076",1242.75,1242.75,0.00
"17077",306.00,306.00,0.00
"17078",378.20,378.20,0.00
"17079",118.80,118.80,0.00
"17081",949.39,949.39,0.00
"17082",4732.03,4732.03,0.00
"12821",220.80,220.80,0.00
"17086",2050.08,2050.08,0.00
"17087",221.53,221.53,0.00
"17088",1991.01,1991.01,0.00
"17089",128.45,128.45,0.00
"12819",540.52,540.52,0.00
"12817",690.98,690.98,0.00
"12816",572.20,572.20,0.00
"17093",235.88,235.88,0.00
"12815",1063.46,1063.46,0.00
"12814",125.92,125.92,0.00
"12813",1687.80,1687.80,0.00
"17098",591.07,591.07,0.00
"17099",582.17,582.17,0.00
"17100",971.74,971.74,0.00
"17101",2507.05,2507.05,0.00
"17102",25.50,25.50,0.00
"17103",424.30,424.30,0.00
"17104",474.03,474.03,0.00
"17105",665.78,665.78,0.00
"17106",481.58,481.58,0.00
"12812",229.64,229.64,0.00
"17108",174.95,174.95,0.00
"17110",499.90,499.90,0.00
"17111",459.58,459.58,0.00
"17112",197.57,197.57,0.00
"12811",1033.90,1033.90,0.00
"12810",534.99,534.99,0.00
"12808",776.70,776.70,0.00
"17116",389.78,389.78,0.00
"17117",116.20,116.20,0.00
"17118",157.02,157.02,0.00
"17120",307.46,307.46,0.00
"17121",314.74,314.74,0.00
"17122",570.50,570.50,0.00
"17123",977.17,977.17,0.00
"17124",294.24,294.24,0.00
"17125",230.50,230.50,0.00
"17127",1155.03,1155.03,0.00
"17128",157.09,157.09,0.00
"17129",31.85,31.85,0.00
"17131",2463.17,2463.17,0.00
"17132",1220.91,1220.91,0.00
"12806",2878.96,2878.96,0.00
"17134",625.30,625.30,0.00
"17136",231.68,231.68,0.00
"17137",1099.81,1099.81,0.00
"17138",4417.27,4417.27,0.00
"12805",1434.95,1434.95,0.00
"17140",454.12,454.12,0.00
"17141",727.58,727.58,0.00
"17142",1275.25,1275.25,0.00
"17143",880.97,880.97,0.00
"17144",984.57,984.57,0.00
"12804",325.37,325.37,0.00
"12803",1092.81,1092.81,0.00
"12800",584.25,584.25,0.00
"17148",124.88,124.88,0.00
"17149",143.10,143.10,0.00
"17150",1357.95,1357.95,0.00
"17151",231.90,231.90,0.00
"12799",219.35,219.35,0.00
"17153",213.78,213.78,0.00
"17154",329.34,329.34,0.00
"17155",892.46,892.46,0.00
"17161",856.01,856.01,0.00
"17163",699.78,699.78,0.00
"17167",867.11,867.11,0.00
"17168",400.20,400.20,0.00
"12798",8510.93,8510.93,0.00
"12796",381.00,381.00,0.00
"17171",384.59,384.59,0.00
"12795",430.48,430.48,0.00
"17174",59.90,59.90,0.00
"17176",902.32,902.32,0.00
"17177",119.50,119.50,0.00
"17178",432.96,432.96,0.00
"17179",1507.26,1507.26,0.00
"12794",860.41,860.41,0.00
"17181",309.85,309.85,0.00
"17182",321.30,321.30,0.00
"12793",885.53,885.53,0.00
"17184",198.41,198.41,0.00
"17185",229.46,229.46,0.00
"17186",144.00,144.00,0.00
"17187",467.71,467.71,0.00
"17189",953.63,953.63,0.00
"12789",273.35,273.35,0.00
"12788",444.90,444.90,0.00
"17192",75.28,75.28,0.00
"17194",812.50,812.50,0.00
"17195",562.98,562.98,0.00
"17196",327.75,327.75,0.00
"17197",1013.01,1013.01,0.00
"17198",692.22,692.22,0.00
"17199",135.04,135.04,0.00
"17200",356.71,356.71,0.00
"17202",160.65,160.65,0.00
"17203",5564.09,5564.09,0.00
"12786",728.50,728.50,0.00
"17205",999.35,999.35,0.00
"17206",204.24,204.24,0.00
"17207",292.62,292.62,0.00
"17208",111.15,111.15,0.00
"17209",595.70,595.70,0.00
"17210",251.72,251.72,0.00
"12784",1763.15,1763.15,0.00
"17212",794.41,794.41,0.00
"12780",337.40,337.40,0.00
"17215",186.15,186.15,0.00
"17216",63.60,63.60,0.00
"17217",210.10,210.10,0.00
"17218",3891.39,3891.39,0.00
"17219",259.13,259.13,0.00
"17220",4457.31,4457.31,0.00
"17221",976.62,976.62,0.00
"17222",1579.51,1579.51,0.00
"17223",558.04,558.04,0.00
"17224",100.86,100.86,0.00
"17225",131.15,131.15,0.00
"17226",895.47,895.47,0.00
"17227",1878.93,1878.93,0.00
"17228",2820.03,2820.03,0.00
"17229",318.76,318.76,0.00
"12777",519.45,519.45,0.00
"12776",55.50,55.50,0.00
"17232",417.77,417.77,0.00
"17233",560.86,560.86,0.00
"17234",149.89,149.89,0.00
"17235",1562.98,1562.98,0.00
"17236",1929.26,1929.26,0.00
"17237",994.13,994.13,0.00
"17238",7331.67,7331.67,0.00
"17240",130.60,130.60,0.00
"17241",2736.64,2736.64,0.00
"17242",2889.28,2889.28,0.00
"12774",98.70,98.70,0.00
"17244",1826.04,1826.04,0.00
"17245",371.63,371.63,0.00
"17246",38.92,38.92,0.00
"17247",280.09,280.09,0.00
"17248",500.54,500.54,0.00
"17249",68.03,68.03,0.00
"17250",381.97,381.97,0.00
"17252",348.91,348.91,0.00
"17253",178.26,178.26,0.00
"17254",469.48,469.48,0.00
"17255",781.70,781.70,0.00
"17256",498.93,498.93,0.00
"17257",189.78,189.78,0.00
"17258",417.30,417.30,0.00
"17259",1452.39,1452.39,0.00
"17260",120.95,120.95,0.00
"17261",221.59,221.59,0.00
"17262",2488.76,2488.76,0.00
"17263",63.44,63.44,0.00
"17264",268.28,268.28,0.00
"17265",550.01,550.01,0.00
"17266",501.72,501.72,0.00
"17267",317.20,317.20,0.00
"17268",1733.89,1733.89,0.00
"17269",491.81,491.81,0.00
"17270",601.45,601.45,0.00
"17271",204.30,204.30,0.00
"17273",141.12,141.12,0.00
"17274",573.22,573.22,0.00
"17275",114.10,114.10,0.00
"12772",892.47,892.47,0.00
"17277",1065.35,1065.35,0.00
"17278",271.24,271.24,0.00
"17279",187.83,187.83,0.00
"17280",118.86,118.86,0.00
"17281",797.85,797.85,0.00
"17282",2308.54,2308.54,0.00
"17283",188.46,188.46,0.00
"12769",1143.60,1143.60,0.00
"17285",407.94,407.94,0.00
"17286",389.18,389.18,0.00
"17288",2468.43,2468.43,0.00
"17290",1487.96,1487.96,0.00
"17291",550.80,550.80,0.00
"17292",271.75,271.75,0.00
"17293",3750.63,3750.63,0.00
"17294",467.79,467.79,0.00
"17295",547.00,547.00,0.00
"17296",338.13,338.13,0.00
"17297",128.18,128.18,0.00
"17299",993.23,993.23,0.00
"17300",393.64,393.64,0.00
"17301",294.39,294.39,0.00
"17303",250.04,250.04,0.00
"17304",111.50,111.50,0.00
"17305",2135.46,2135.46,0.00
"12767",949.82,949.82,0.00
"12765",1404.58,1404.58,0.00
"17308",4511.76,4511.76,0.00
"17309",320.39,320.39,0.00
"17310",1025.10,1025.10,0.00
"12764",1693.88,1693.88,0.00
"17312",644.30,644.30,0.00
"12763",494.08,494.08,0.00
"12762",1898.52,1898.52,0.00
"12761",782.95,782.95,0.00
"17316",124.45,124.45,0.00
"12760",347.80,347.80,0.00
"17318",157.33,157.33,0.00
"17319",29.10,29.10,0.00
"17320",2444.85,2444.85,0.00
"17321",1665.21,1665.21,0.00
"12759",5020.74,5020.74,0.00
"12756",112.08,112.08,0.00
"17325",609.57,609.57,0.00
"17326",312.35,312.35,0.00
"17327",152.35,152.35,0.00
"17328",104.70,104.70,0.00
"17329",998.53,998.53,0.00
"17330",423.80,423.80,0.00
"17331",175.20,175.20,0.00
"17332",838.27,838.27,0.00
"17333",494.25,494.25,0.00
"17335",497.04,497.04,0.00
"17336",81.12,81.12,0.00
"12752",4366.78,4366.78,0.00
"12751",268.27,268.27,0.00
"12750",275.88,275.88,0.00
"12745",925.41,925.41,0.00
"17341",1272.21,1272.21,0.00
"12743",540.13,540.13,0.00
"17343",1259.94,1259.94,0.00
"12741",406.07,406.07,0.00
"17347",228.96,228.96,0.00
"17348",2442.29,2442.29,0.00
"17349",772.41,772.41,0.00
"12740",427.60,427.60,0.00
"17351",1988.23,1988.23,0.00
"17352",36.25,36.25,0.00
"12739",2726.73,2726.73,0.00
"17354",3133.96,3133.96,0.00
"17355",273.31,273.31,0.00
"17356",946.47,946.47,0.00
"17357",384.39,384.39,0.00
"17358",861.01,861.01,0.00
"17359",284.46,284.46,0.00
"12738",155.35,155.35,0.00
"17361",871.79,871.79,0.00
"17363",920.46,920.46,0.00
"12737",3710.50,3710.50,0.00
"17367",167.55,167.55,0.00
"12736",234.00,234.00,0.00
"17369",979.20,979.20,0.00
"17370",446.18,446.18,0.00
"17371",655.37,655.37,0.00
"12735",779.57,779.57,0.00
"17373",1167.50,1167.50,0.00
"12734",639.65,639.65,0.00
"17376",453.64,453.64,0.00
"12732",236.26,236.26,0.00
"17379",389.72,389.72,0.00
"17382",902.28,902.28,0.00
"17383",304.09,304.09,0.00
"17384",507.55,507.55,0.00
"17385",256.11,256.11,0.00
"17386",2812.77,2812.77,0.00
"17387",746.81,746.81,0.00
"17388",2675.37,2675.37,0.00
"12730",829.25,829.25,0.00
"17390",149.30,149.30,0.00
"17391",508.80,508.80,0.00
"17392",585.92,585.92,0.00
"17393",381.15,381.15,0.00
"17394",203.87,203.87,0.00
"17395",97.50,97.50,0.00
"12729",453.01,453.01,0.00
"17397",1198.28,1198.28,0.00
"17398",653.38,653.38,0.00
"17400",4623.28,4623.28,0.00
"17401",114.85,114.85,0.00
"12728",1070.17,1070.17,0.00
"17403",382.87,382.87,0.00
"12726",4014.60,4014.60,0.00
"12725",2266.76,2266.76,0.00
"12724",2317.52,2317.52,0.00
"17407",552.90,552.90,0.00
"12723",725.07,725.07,0.00
"17409",7793.51,7793.51,0.00
"17410",1214.72,1214.72,0.00
"12718",238.25,238.25,0.00
"12716",1053.49,1053.49,0.00
"17413",560.14,560.14,0.00
"17414",2249.52,2249.52,0.00
"17415",507.84,507.84,0.00
"12715",343.36,343.36,0.00
"17417",164.18,164.18,0.00
"17418",670.06,670.06,0.00
"12714",14093.71,14093.71,0.00
"17421",1059.41,1059.41,0.00
"12713",848.55,848.55,0.00
"12711",1339.05,1339.05,0.00
"17425",759.17,759.17,0.00
"17427",100.80,100.80,0.00
"12707",603.42,603.42,0.00
"17430",622.57,622.57,0.00
"17431",403.30,403.30,0.00
"17432",1728.99,1728.99,0.00
"17433",569.96,569.96,0.00
"12702",219.00,219.00,0.00
"17435",331.35,331.35,0.00
"17437",369.68,369.68,0.00
"17439",325.74,325.74,0.00
"17441",293.35,293.35,0.00
"12701",2446.41,2446.41,0.00
"17443",534.24,534.24,0.00
"17444",2940.04,2940.04,0.00
"17446",120.90,120.90,0.00
"17447",541.53,541.53,0.00
"12699",638.11,638.11,0.00
"12698",339.75,339.75,0.00
"17453",486.72,486.72,0.00
"17455",131.70,131.70,0.00
"17456",975.56,975.56,0.00
"12695",1407.12,1407.12,0.00
"17458",529.58,529.58,0.00
"17459",657.30,657.30,0.00
"17461",735.82,735.82,0.00
"12692",110.95,110.95,0.00
"12691",1170.40,1170.40,0.00
"17466",763.28,763.28,0.00
"17467",102.60,102.60,0.00
"17468",194.80,194.80,0.00
"12690",389.01,389.01,0.00
"17470",2626.47,2626.47,0.00
"17471",321.65,321.65,0.00
"17472",922.35,922.35,0.00
"17474",1047.00,1047.00,0.00
"17475",194.37,194.37,0.00
"12689",1247.61,1247.61,0.00
"12688",4873.81,4873.81,0.00
"17478",1272.80,1272.80,0.00
"17479",389.26,389.26,0.00
"17482",775.64,775.64,0.00
"17483",591.73,591.73,0.00
"17484",209.57,209.57,0.00
"17486",396.87,396.87,0.00
"17487",160.55,160.55,0.00
"17488",336.50,336.50,0.00
"17489",376.64,376.64,0.00
"12687",2138.91,2138.91,0.00
"17492",1122.42,1122.42,0.00
"17493",100.91,100.91,0.00
"17494",54.70,54.70,0.00
"12686",89.14,89.14,0.00
"12685",2863.08,2863.08,0.00
"17497",287.25,287.25,0.00
"17498",272.22,272.22,0.00
"12684",2283.63,2283.63,0.00
"17500",1138.00,1138.00,0.00
"17501",288.60,288.60,0.00
"17502",689.10,689.10,0.00
"17503",558.96,558.96,0.00
"12680",880.81,880.81,0.00
"17505",2435.48,2435.48,0.00
"17507",605.58,605.58,0.00
"17510",514.56,514.56,0.00
"12673",1230.02,1230.02,0.00
"12671",2622.48,2622.48,0.00
"17513",1158.80,1158.80,0.00
"17514",522.00,522.00,0.00
"17515",1602.51,1602.51,0.00
"17516",947.50,947.50,0.00
"17517",153.94,153.94,0.00
"17518",329.42,329.42,0.00
"17520",546.81,546.81,0.00
"17522",1070.71,1070.71,0.00
"17523",652.74,652.74,0.00
"17525",1161.90,1161.90,0.00
"12667",620.13,620.13,0.00
"17529",1240.25,1240.25,0.00
"12661",162.00,162.00,0.00
"17532",65.34,65.34,0.00
"17533",34.80,34.80,0.00
"17534",1668.83,1668.83,0.00
"17535",164.40,164.40,0.00
"17536",364.83,364.83,0.00
"17537",887.67,887.67,0.00
"17538",98.42,98.42,0.00
"12660",245.10,245.10,0.00
"17541",119.86,119.86,0.00
"17542",340.85,340.85,0.00
"17543",120.05,120.05,0.00
"17544",944.82,944.82,0.00
"17545",1409.86,1409.86,0.00
"12659",91.68,91.68,0.00
"12658",686.05,686.05,0.00
"17549",148.86,148.86,0.00
"12655",261.35,261.35,0.00
"17551",290.34,290.34,0.00
"12654",601.98,601.98,0.00
"17553",3757.60,3757.60,0.00
"17554",1952.45,1952.45,0.00
"17555",1045.74,1045.74,0.00
"17556",300.67,300.67,0.00
"17557",575.46,575.46,0.00
"17558",259.17,259.17,0.00
"17559",167.62,167.62,0.00
"17560",1895.80,1895.80,0.00
"17561",703.02,703.02,0.00
"12653",4160.83,4160.83,0.00
"17564",454.01,454.01,0.00
"17565",131.83,131.83,0.00
"17566",869.77,869.77,0.00
"17568",374.45,374.45,0.00
"17569",344.14,344.14,0.00
"17571",1630.91,1630.91,0.00
"17572",652.21,652.21,0.00
"17574",185.65,185.65,0.00
"17575",171.70,171.70,0.00
"12650",314.44,314.44,0.00
"17577",348.75,348.75,0.00
"17580",541.02,541.02,0.00
"12646",1346.97,1346.97,0.00
"17583",135.95,135.95,0.00
"17585",2064.71,2064.71,0.00
"17586",167.40,167.40,0.00
"17587",176.71,176.71,0.00
"12642",1013.26,1013.26,0.00
"12641",185.90,185.90,0.00
"17590",1468.02,1468.02,0.00
"12640",1174.58,1174.58,0.00
"12639",1312.37,1312.37,0.00
"17594",2497.88,2497.88,0.00
"17595",386.69,386.69,0.00
"12638",921.49,921.49,0.00
"17598",409.98,409.98,0.00
"17600",161.67,161.67,0.00
"17601",413.08,413.08,0.00
"12636",141.00,141.00,0.00
"12635",2930.41,2930.41,0.00
"17604",942.38,942.38,0.00
"17605",160.75,160.75,0.00
"17606",87.30,87.30,0.00
"17607",333.81,333.81,0.00
"17608",488.06,488.06,0.00
"12634",490.00,490.00,0.00
"12630",1270.88,1270.88,0.00
"12629",1558.22,1558.22,0.00
"12627",4478.53,4478.53,0.00
"17614",386.32,386.32,0.00
"17616",734.40,734.40,0.00
"12624",641.13,641.13,0.00
"12622",180.10,180.10,0.00
"17619",214.37,214.37,0.00
"17620",81.44,81.44,0.00
"12620",1339.41,1339.41,0.00
"17623",2365.77,2365.77,0.00
"17624",1568.63,1568.63,0.00
"17625",5978.90,5978.90,0.00
"17626",254.00,254.00,0.00
"17628",75.75,75.75,0.00
"12618",177.31,177.31,0.00
"17630",503.60,503.60,0.00
"17631",998.49,998.49,0.00
"12617",352.98,352.98,0.00
"17634",2358.59,2358.59,0.00
"17637",547.06,547.06,0.00
"17638",842.40,842.40,0.00
"17639",615.17,615.17,0.00
"12614",315.60,315.60,0.00
"17642",1824.49,1824.49,0.00
"17643",439.70,439.70,0.00
"12611",1193.32,1193.32,0.00
"17647",331.66,331.66,0.00
"12608",415.79,415.79,0.00
"17650",166.08,166.08,0.00
"12606",21.00,21.00,0.00
"12604",254.18,254.18,0.00
"17654",117.55,117.55,0.00
"12603",739.20,739.20,0.00
"17656",1674.69,1674.69,0.00
"17657",126.00,126.00,0.00
"12602",153.12,153.12,0.00
"17660",342.22,342.22,0.00
"17662",412.92,412.92,0.00
"12599",2296.72,2296.72,0.00
"17664",1166.23,1166.23,0.00
"17665",563.10,563.10,0.00
"17666",2047.80,2047.80,0.00
"12596",618.27,618.27,0.00
"17668",347.75,347.75,0.00
"17669",6142.35,6142.35,0.00
"17670",205.70,205.70,0.00
"12595",299.02,299.02,0.00
"12593",418.10,418.10,0.00
"17674",551.04,551.04,0.00
"12591",1338.95,1338.95,0.00
"12587",144.00,144.00,0.00
"12582",1980.40,1980.40,0.00
"12581",197.71,197.71,0.00
"12580",1052.90,1052.90,0.00
"17683",819.01,819.01,0.00
"17684",239.41,239.41,0.00
"17686",8296.81,8296.81,0.00
"17687",432.68,432.68,0.00
"17689",317.08,317.08,0.00
"17694",1695.97,1695.97,0.00
"12575",622.82,622.82,0.00
"12574",218.45,218.45,0.00
"17697",338.95,338.95,0.00
"17698",154.95,154.95,0.00
"17699",442.00,442.00,0.00
"12573",717.41,717.41,0.00
"17701",417.95,417.95,0.00
"17703",1094.84,1094.84,0.00
"17704",885.19,885.19,0.00
"12571",519.61,519.61,0.00
"12570",77.52,77.52,0.00
"17708",884.18,884.18,0.00
"17709",671.01,671.01,0.00
"17710",293.50,293.50,0.00
"17711",385.10,385.10,0.00
"17712",522.91,522.91,0.00
"17713",1198.09,1198.09,0.00
"12568",70.00,70.00,0.00
"17715",489.60,489.60,0.00
"17717",376.92,376.92,0.00
"12564",456.90,456.90,0.00
"12563",249.24,249.24,0.00
"17721",307.21,307.21,0.00
"12562",4966.92,4966.92,0.00
"17723",3378.40,3378.40,0.00
"12561",238.85,238.85,0.00
"12557",18096.14,18096.14,0.00
"12556",599.56,599.56,0.00
"17729",438.65,438.65,0.00
"12555",129.23,129.23,0.00
"12554",468.50,468.50,0.00
"17733",692.19,692.19,0.00
"17734",1442.32,1442.32,0.00
"12552",437.82,437.82,0.00
"12551",168.00,168.00,0.00
"17737",168.24,168.24,0.00
"12550",964.83,964.83,0.00
"17740",426.90,426.90,0.00
"17741",101.10,101.10,0.00
"17742",2098.48,2098.48,0.00
"12549",1575.68,1575.68,0.00
"12548",95.20,95.20,0.00
"17745",600.34,600.34,0.00
"12547",383.58,383.58,0.00
"17748",358.15,358.15,0.00
"17749",1026.18,1026.18,0.00
"17750",1710.45,1710.45,0.00
"17751",157.86,157.86,0.00
"17752",80.64,80.64,0.00
"12545",1000.39,1000.39,0.00
"17756",728.75,728.75,0.00
"17758",4964.03,4964.03,0.00
"17759",1261.88,1261.88,0.00
"17761",712.78,712.78,0.00
"17762",129.75,129.75,0.00
"12543",980.25,980.25,0.00
"17764",1513.57,1513.57,0.00
"17765",524.00,524.00,0.00
"17766",299.61,299.61,0.00
"17767",413.05,413.05,0.00
"12541",981.18,981.18,0.00
"17770",1143.27,1143.27,0.00
"17771",387.41,387.41,0.00
"17772",360.75,360.75,0.00
"17773",575.37,575.37,0.00
"17775",56.40,56.40,0.00
"17777",647.56,647.56,0.00
"17778",197.70,197.70,0.00
"17780",346.56,346.56,0.00
"17781",188.02,188.02,0.00
"17782",679.02,679.02,0.00
"17783",376.96,376.96,0.00
"17784",112.86,112.86,0.00
"17785",403.38,403.38,0.00
"17786",266.85,266.85,0.00
"17787",1817.54,1817.54,0.00
"17788",1117.90,1117.90,0.00
"17789",397.15,397.15,0.00
"17790",2779.41,2779.41,0.00
"17791",106.10,106.10,0.00
"17792",368.35,368.35,0.00
"17793",300.34,300.34,0.00
"17794",147.30,147.30,0.00
"17795",342.83,342.83,0.00
"17796",1236.39,1236.39,0.00
"17797",1971.87,1971.87,0.00
"17798",178.07,178.07,0.00
"12537",732.94,732.94,0.00
"17800",1187.21,1187.21,0.00
"12535",716.35,716.35,0.00
"17803",184.66,184.66,0.00
"17805",927.03,927.03,0.00
"17806",546.04,546.04,0.00
"17807",437.87,437.87,0.00
"17808",262.64,262.64,0.00
"12534",1089.18,1089.18,0.00
"12532",349.83,349.83,0.00
"17812",911.99,911.99,0.00
"17814",1609.37,1609.37,0.00
"17815",591.96,591.96,0.00
"17816",96.11,96.11,0.00
"17818",124.78,124.78,0.00
"12527",735.51,735.51,0.00
"12526",1316.66,1316.66,0.00
"17821",334.62,334.62,0.00
"17822",2162.93,2162.93,0.00
"17823",449.25,449.25,0.00
"17824",298.40,298.40,0.00
"17825",701.96,701.96,0.00
"17826",133.34,133.34,0.00
"12522",192.72,192.72,0.00
"12521",599.68,599.68,0.00
"17830",398.70,398.70,0.00
"17831",35.40,35.40,0.00
"17832",155.37,155.37,0.00
"17833",338.46,338.46,0.00
"17834",689.67,689.67,0.00
"17835",342.24,342.24,0.00
"17836",110.21,110.21,0.00
"12518",2056.89,2056.89,0.00
"12516",2648.62,2648.62,0.00
"17839",318.15,318.15,0.00
"17840",175.90,175.90,0.00
"12515",383.70,383.70,0.00
"17842",430.69,430.69,0.00
"17843",320.40,320.40,0.00
"17844",51.56,51.56,0.00
"17845",596.09,596.09,0.00
"17846",2033.10,2033.10,0.00
"17847",129.69,129.69,0.00
"17849",1063.76,1063.76,0.00
"12514",1597.76,1597.76,0.00
"17851",1552.35,1552.35,0.00
"17852",657.81,657.81,0.00
"17853",1596.29,1596.29,0.00
"17854",1068.50,1068.50,0.00
"17855",208.97,208.97,0.00
"12512",132.18,132.18,0.00
"12509",176.50,176.50,0.00
"17859",141.92,141.92,0.00
"17860",717.39,717.39,0.00
"12508",397.88,397.88,0.00
"17862",1254.89,1254.89,0.00
"17863",5360.48,5360.48,0.00
"17864",876.57,876.57,0.00
"12506",73.50,73.50,0.00
"12502",3723.87,3723.87,0.00
"17868",227.15,227.15,0.00
"17869",813.64,813.64,0.00
"17871",1068.95,1068.95,0.00
"17872",235.87,235.87,0.00
"12499",393.72,393.72,0.00
"12498",403.70,403.70,0.00
"17875",167.10,167.10,0.00
"17876",3424.02,3424.02,0.00
"17877",237.61,237.61,0.00
"17878",1378.93,1378.93,0.00
"17879",178.52,178.52,0.00
"17880",824.92,824.92,0.00
"17881",133.35,133.35,0.00
"17882",291.56,291.56,0.00
"12496",45.34,45.34,0.00
"17885",156.34,156.34,0.00
"17887",111.35,111.35,0.00
"17889",746.42,746.42,0.00
"17890",586.89,586.89,0.00
"17891",203.86,203.86,0.00
"17892",244.10,244.10,0.00
"17893",107.21,107.21,0.00
"12492",715.21,715.21,0.00
"17895",95.45,95.45,0.00
"17896",256.32,256.32,0.00
"12491",460.40,460.40,0.00
"17898",299.18,299.18,0.00
"17899",154.55,154.55,0.00
"17901",260.08,260.08,0.00
"17902",216.40,216.40,0.00
"17903",381.09,381.09,0.00
"17906",72.90,72.90,0.00
"17907",291.76,291.76,0.00
"12489",334.93,334.93,0.00
"17909",110.05,110.05,0.00
"17910",261.70,261.70,0.00
"17911",366.23,366.23,0.00
"17913",3429.29,3429.29,0.00
"17914",329.36,329.36,0.00
"17915",225.78,225.78,0.00
"17916",43.87,43.87,0.00
"17917",335.03,335.03,0.00
"17918",396.39,396.39,0.00
"17919",1840.32,1840.32,0.00
"12488",1298.66,1298.66,0.00
"17922",170.40,170.40,0.00
"17923",497.00,497.00,0.00
"12486",1037.28,1037.28,0.00
"17925",244.08,244.08,0.00
"17926",1035.49,1035.49,0.00
"17927",294.00,294.00,0.00
"17928",341.24,341.24,0.00
"12485",708.10,708.10,0.00
"12478",680.99,680.99,0.00
"17932",1331.57,1331.57,0.00
"17933",114.69,114.69,0.00
"17934",1049.15,1049.15,0.00
"12475",1149.64,1149.64,0.00
"17936",380.13,380.13,0.00
"17937",4301.22,4301.22,0.00
"17938",144.29,144.29,0.00
"17939",99.14,99.14,0.00
"12470",211.95,211.95,0.00
"17941",1433.28,1433.28,0.00
"17942",77.50,77.50,0.00
"17944",74.99,74.99,0.00
"17945",360.35,360.35,0.00
"17946",149.58,149.58,0.00
"17947",176.68,176.68,0.00
"17948",358.56,358.56,0.00
"12469",3070.54,3070.54,0.00
"17952",788.46,788.46,0.00
"17953",159.17,159.17,0.00
"12466",56.73,56.73,0.00
"17955",949.90,949.90,0.00
"17956",12.75,12.75,0.00
"17957",111.68,111.68,0.00
"17958",973.88,973.88,0.00
"17959",140.75,140.75,0.00
"17960",135.08,135.08,0.00
"17963",643.16,643.16,0.00
"17964",463.21,463.21,0.00
"17966",1963.92,1963.92,0.00
"17967",223.42,223.42,0.00
"17968",590.44,590.44,0.00
"12464",1212.05,1212.05,0.00
"17970",562.79,562.79,0.00
"17971",161.94,161.94,0.00
"17972",135.19,135.19,0.00
"17973",337.04,337.04,0.00
"17974",1739.09,1739.09,0.00
"12461",826.88,826.88,0.00
"17976",321.79,321.79,0.00
"12460",326.65,326.65,0.00
"17978",1159.99,1159.99,0.00
"12459",454.36,454.36,0.00
"17980",1012.72,1012.72,0.00
"17981",239.12,239.12,0.00
"17982",138.18,138.18,0.00
"17983",171.71,171.71,0.00
"17984",1152.19,1152.19,0.00
"17985",631.35,631.35,0.00
"17986",20.80,20.80,0.00
"12458",1777.49,1777.49,0.00
"17989",207.33,207.33,0.00
"17991",300.30,300.30,0.00
"17992",252.88,252.88,0.00
"17993",225.99,225.99,0.00
"12455",5879.95,5879.95,0.00
"17995",495.48,495.48,0.00
"17996",482.33,482.33,0.00
"12453",707.09,707.09,0.00
"17999",528.46,528.46,0.00
"18000",124.25,124.25,0.00
"18001",924.14,924.14,0.00
"18002",244.37,244.37,0.00
"18003",353.51,353.51,0.00
"18004",157.92,157.92,0.00
"18005",226.47,226.47,0.00
"18006",969.51,969.51,0.00
"18007",215.22,215.22,0.00
"18008",19759.08,19759.08,0.00
"12449",4835.89,4835.89,0.00
"18010",174.80,174.80,0.00
"18011",410.79,410.79,0.00
"18012",115.30,115.30,0.00
"18013",187.29,187.29,0.00
"18014",162.22,162.22,0.00
"18015",120.03,120.03,0.00
"18016",1954.56,1954.56,0.00
"18017",688.00,688.00,0.00
"12448",449.45,449.45,0.00
"18019",38.45,38.45,0.00
"12447",476.49,476.49,0.00
"18021",216.41,216.41,0.00
"18022",1507.25,1507.25,0.00
"12446",1002.31,1002.31,0.00
"18025",1177.72,1177.72,0.00
"18026",2074.07,2074.07,0.00
"18027",115.31,115.31,0.00
"18028",192.05,192.05,0.00
"18029",433.77,433.77,0.00
"18031",451.30,451.30,0.00
"18032",73.50,73.50,0.00
"18033",93.82,93.82,0.00
"18034",754.20,754.20,0.00
"18035",1260.23,1260.23,0.00
"18036",1545.49,1545.49,0.00
"18037",167.42,167.42,0.00
"18038",141.48,141.48,0.00
"18039",548.22,548.22,0.00
"18040",357.20,357.20,0.00
"18042",281.15,281.15,0.00
"18043",529.29,529.29,0.00
"18045",178.34,178.34,0.00
"18046",189.63,189.63,0.00
"18047",326.09,326.09,0.00
"18048",394.93,394.93,0.00
"18049",500.92,500.92,0.00
"18050",412.06,412.06,0.00
"18052",10877.18,10877.18,0.00
"12444",5005.46,5005.46,0.00
"18054",176.50,176.50,0.00
"12443",485.31,485.31,0.00
"18057",1188.46,1188.46,0.00
"18058",774.06,774.06,0.00
"18060",1185.46,1185.46,0.00
"12442",172.06,172.06,0.00
"18063",186.60,186.60,0.00
"12441",173.55,173.55,0.00
"12438",2906.85,2906.85,0.00
"18066",1440.40,1440.40,0.00
"18067",396.33,396.33,0.00
"18068",101.70,101.70,0.00
"18071",1169.68,1169.68,0.00
"12436",509.01,509.01,0.00
"18074",1019.44,1019.44,0.00
"12435",13925.93,13925.93,0.00
"18076",151.49,151.49,0.00
"18077",4078.79,4078.79,0.00
"18078",725.53,725.53,0.00
"18079",4203.93,4203.93,0.00
"18080",1231.50,1231.50,0.00
"18081",343.45,343.45,0.00
"18082",680.84,680.84,0.00
"18083",463.53,463.53,0.00
"12432",5059.32,5059.32,0.00
"18085",1341.85,1341.85,0.00
"18086",101.34,101.34,0.00
"12430",256.40,256.40,0.00
"18088",166.03,166.03,0.00
"18089",428.45,428.45,0.00
"18090",321.90,321.90,0.00
"18091",360.85,360.85,0.00
"18095",2303.09,2303.09,0.00
"18096",1657.87,1657.87,0.00
"18098",527.94,527.94,0.00
"18099",168.31,168.31,0.00
"18100",451.56,451.56,0.00
"18101",622.01,622.01,0.00
"12420",600.39,600.39,0.00
"18103",105.80,105.80,0.00
"18104",754.64,754.64,0.00
"18105",113.48,113.48,0.00
"18106",1441.06,1441.06,0.00
"18107",165.88,165.88,0.00
"12419",503.01,503.01,0.00
"18112",773.36,773.36,0.00
"18113",76.32,76.32,0.00
"18114",220.10,220.10,0.00
"18115",9.70,9.70,0.00
"18116",2134.49,2134.49,0.00
"18117",315.65,315.65,0.00
"12416",202.56,202.56,0.00
"18119",180.70,180.70,0.00
"18120",111.15,111.15,0.00
"18121",653.30,653.30,0.00
"18122",1793.06,1793.06,0.00
"18123",666.64,666.64,0.00
"18124",102.65,102.65,0.00
"18126",200.92,200.92,0.00
"18127",556.13,556.13,0.00
"18128",399.29,399.29,0.00
"18129",112.55,112.55,0.00
"18131",222.96,222.96,0.00
"18132",220.13,220.13,0.00
"18134",445.00,445.00,0.00
"12411",346.90,346.90,0.00
"18137",145.99,145.99,0.00
"18138",152.65,152.65,0.00
"12407",1708.12,1708.12,0.00
"18140",536.41,536.41,0.00
"12405",1710.39,1710.39,0.00
"18143",1000.16,1000.16,0.00
"18144",4892.95,4892.95,0.00
"18146",160.35,160.35,0.00
"18147",179.34,179.34,0.00
"18148",112.85,112.85,0.00
"18149",1553.96,1553.96,0.00
"18150",566.58,566.58,0.00
"12404",63.24,63.24,0.00
"18152",426.69,426.69,0.00
"18153",246.22,246.22,0.00
"18154",932.60,932.60,0.00
"18156",675.64,675.64,0.00
"18157",213.90,213.90,0.00
"18159",530.15,530.15,0.00
"18160",1003.88,1003.88,0.00
"18162",371.51,371.51,0.00
"18165",302.46,302.46,0.00
"18166",175.50,175.50,0.00
"12401",84.30,84.30,0.00
"12400",205.25,205.25,0.00
"18169",202.65,202.65,0.00
"18170",2878.00,2878.00,0.00
"12399",1962.30,1962.30,0.00
"12398",1635.66,1635.66,0.00
"18173",2696.36,2696.36,0.00
"18174",162.50,162.50,0.00
"18175",176.10,176.10,0.00
"12397",2409.90,2409.90,0.00
"12396",931.43,931.43,0.00
"12394",1272.48,1272.48,0.00
"18179",2547.55,2547.55,0.00
"18180",1843.75,1843.75,0.00
"12392",234.75,234.75,0.00
"18182",291.13,291.13,0.00
"12390",549.84,549.84,0.00
"18184",49.80,49.80,0.00
"18185",304.25,304.25,0.00
"18186",329.58,329.58,0.00
"12389",1433.33,1433.33,0.00
"18191",529.40,529.40,0.00
"18192",957.97,957.97,0.00
"12388",3901.11,3901.11,0.00
"12387",143.94,143.94,0.00
"18195",101.16,101.16,0.00
"18196",1457.19,1457.19,0.00
"12386",401.90,401.90,0.00
"18200",150.35,150.35,0.00
"18201",447.53,447.53,0.00
"18202",1396.99,1396.99,0.00
"18203",492.52,492.52,0.00
"18205",517.36,517.36,0.00
"18206",314.66,314.66,0.00
"18208",360.08,360.08,0.00
"18209",139.10,139.10,0.00
"18210",2768.83,2768.83,0.00
"18211",600.07,600.07,0.00
"18212",514.37,514.37,0.00
"18213",232.48,232.48,0.00
"18216",481.75,481.75,0.00
"12378",5416.32,5416.32,0.00
"12377",3426.32,3426.32,0.00
"12376",503.15,503.15,0.00
"18222",443.00,443.00,0.00
"18224",158.95,158.95,0.00
"12374",2989.22,2989.22,0.00
"12373",1127.65,1127.65,0.00
"12372",1298.04,1298.04,0.00
"18229",10150.51,10150.51,0.00
"12371",4067.38,4067.38,0.00
"12370",4316.56,4316.56,0.00
"18233",440.00,440.00,0.00
"18234",179.60,179.60,0.00
"18235",1796.48,1796.48,0.00
"18236",1795.35,1795.35,0.00
"18237",987.10,987.10,0.00
"18238",270.92,270.92,0.00
"18239",1712.26,1712.26,0.00
"18240",422.58,422.58,0.00
"12369",1791.15,1791.15,0.00
"18242",3605.21,3605.21,0.00
"18243",515.78,515.78,0.00
"18244",568.64,568.64,0.00
"12368",917.70,917.70,0.00
"18246",758.82,758.82,0.00
"12367",168.90,168.90,0.00
"12366",500.24,500.24,0.00
"18249",95.34,95.34,0.00
"18251",26278.86,26278.86,0.00
"12364",1313.10,1313.10,0.00
"18253",317.88,317.88,0.00
"18254",267.90,267.90,0.00
"18255",303.15,303.15,0.00
"12363",552.00,552.00,0.00
"12361",511.25,511.25,0.00
"18259",3941.90,3941.90,0.00
"12358",3887.07,3887.07,0.00
"18261",324.24,324.24,0.00
"18262",577.54,577.54,0.00
"18264",603.25,603.25,0.00
"18265",801.51,801.51,0.00
"18266",251.10,251.10,0.00
"12357",18287.66,18287.66,0.00
"12356",6371.73,6371.73,0.00
"12355",947.61,947.61,0.00
"18271",680.85,680.85,0.00
"12354",1079.40,1079.40,0.00
"18273",357.00,357.00,0.00
"12353",406.76,406.76,0.00
"18275",741.85,741.85,0.00
"12351",300.93,300.93,0.00
"12350",334.40,334.40,0.00
"18278",414.20,414.20,0.00
"14143",115.80,115.80,0.00
"14144",30.60,30.60,0.00
"14139",1086.80,1086.80,0.00
"14148",466.29,466.29,0.00
"14138",965.88,965.88,0.00
"14150",658.64,658.64,0.00
"12538",640.45,640.45,0.00
"14153",233.40,233.40,0.00
"14134",11123.35,11123.35,0.00
"14155",118.75,118.75,0.00
"14158",507.66,507.66,0.00
"14131",168.22,168.22,0.00
"14160",8421.47,8421.47,0.00
"14161",2996.93,2996.93,0.00
"14162",289.36,289.36,0.00
"14163",2594.62,2594.62,0.00
"14164",1631.77,1631.77,0.00
"14165",120.44,120.44,0.00
"14166",251.15,251.15,0.00
"14167",1274.29,1274.29,0.00
"14130",1858.77,1858.77,0.00
"14169",621.51,621.51,0.00
"14170",570.18,570.18,0.00
"14171",498.79,498.79,0.00
"14174",134.46,134.46,0.00
"14129",2591.34,2591.34,0.00
"14178",1600.26,1600.26,0.00
"14179",701.57,701.57,0.00
"14181",308.35,308.35,0.00
"14183",278.34,278.34,0.00
"14184",452.89,452.89,0.00
"14185",197.65,197.65,0.00
"14186",1550.63,1550.63,0.00
"14187",123.50,123.50,0.00
"14127",1900.08,1900.08,0.00
"14125",2720.63,2720.63,0.00
"14190",79.90,79.90,0.00
"14124",419.58,419.58,0.00
"14192",293.74,293.74,0.00
"14193",1210.19,1210.19,0.00
"14123",436.18,436.18,0.00
"14118",458.45,458.45,0.00
"14196",335.52,335.52,0.00
"14197",390.05,390.05,0.00
"14117",90.00,90.00,0.00
"14116",1382.74,1382.74,0.00
"14200",379.20,379.20,0.00
"14115",622.67,622.67,0.00
"14202",847.76,847.76,0.00
"14203",339.34,339.34,0.00
"14204",1024.83,1024.83,0.00
"14114",1364.09,1364.09,0.00
"14207",157.80,157.80,0.00
"14208",567.05,567.05,0.00
"14106",214.80,214.80,0.00
"14104",743.53,743.53,0.00
"14212",2190.14,2190.14,0.00
"14103",0.00,0.00,0.00
"14100",191.95,191.95,0.00
"14218",169.48,169.48,0.00
"14219",633.83,633.83,0.00
"14220",1515.00,1515.00,0.00
"14222",683.17,683.17,0.00
"14224",1841.71,1841.71,0.00
"14098",147.35,147.35,0.00
"14097",422.86,422.86,0.00
"14095",2.95,2.95,0.00
"14228",745.50,745.50,0.00
"14230",979.80,979.80,0.00
"14093",433.86,433.86,0.00
"14234",754.12,754.12,0.00
"14091",9530.08,9530.08,0.00
"14238",434.23,434.23,0.00
"14090",76.32,76.32,0.00
"14240",1247.49,1247.49,0.00
"14241",333.70,333.70,0.00
"14242",280.55,280.55,0.00
"14089",158.75,158.75,0.00
"14246",1474.06,1474.06,0.00
"14248",1032.95,1032.95,0.00
"14249",5400.46,5400.46,0.00
"14250",1904.05,1904.05,0.00
"14251",2879.70,2879.70,0.00
"14252",350.99,350.99,0.00
"14253",363.40,363.40,0.00
"14254",601.03,601.03,0.00
"14086",39.95,39.95,0.00
"14084",150.50,150.50,0.00
"14259",120.00,120.00,0.00
"14260",824.28,824.28,0.00
"14261",1163.45,1163.45,0.00
"14262",2618.23,2618.23,0.00
"14263",322.93,322.93,0.00
"14083",1082.19,1082.19,0.00
"14265",1373.35,1373.35,0.00
"14266",40.56,40.56,0.00
"14082",413.36,413.36,0.00
"14268",354.85,354.85,0.00
"14079",618.73,618.73,0.00
"14270",492.65,492.65,0.00
"14271",214.18,214.18,0.00
"14272",920.81,920.81,0.00
"14273",559.97,559.97,0.00
"14274",256.60,256.60,0.00
"14275",1189.38,1189.38,0.00
"14078",1553.47,1553.47,0.00
"14077",615.08,615.08,0.00
"14278",205.83,205.83,0.00
"14279",191.86,191.86,0.00
"14280",134.04,134.04,0.00
"14281",245.15,245.15,0.00
"14283",628.44,628.44,0.00
"14076",118.67,118.67,0.00
"14075",1734.87,1734.87,0.00
"14074",219.40,219.40,0.00
"14289",911.26,911.26,0.00
"14072",390.85,390.85,0.00
"14070",321.60,321.60,0.00
"14069",225.81,225.81,0.00
"14294",375.34,375.34,0.00
"14067",374.70,374.70,0.00
"14066",152.55,152.55,0.00
"14061",917.43,917.43,0.00
"14300",43.20,43.20,0.00
"14302",742.90,742.90,0.00
"14303",277.94,277.94,0.00
"14059",183.60,183.60,0.00
"14058",469.19,469.19,0.00
"14055",1520.96,1520.96,0.00
"14054",92.46,92.46,0.00
"14310",492.10,492.10,0.00
"14053",572.30,572.30,0.00
"14312",3090.29,3090.29,0.00
"14052",466.66,466.66,0.00
"14317",508.58,508.58,0.00
"14318",158.02,158.02,0.00
"14050",746.36,746.36,0.00
"14046",154.99,154.99,0.00
"14324",701.61,701.61,0.00
"14325",245.48,245.48,0.00
"14327",1894.93,1894.93,0.00
"14042",431.98,431.98,0.00
"14330",200.63,200.63,0.00
"14331",462.66,462.66,0.00
"14332",1917.41,1917.41,0.00
"14041",141.41,141.41,0.00
"14039",267.28,267.28,0.00
"14335",454.86,454.86,0.00
"14336",1614.91,1614.91,0.00
"14036",626.65,626.65,0.00
"14340",134.70,134.70,0.00
"14033",109.44,109.44,0.00
"14343",1079.66,1079.66,0.00
"14344",2993.05,2993.05,0.00
"14345",108.98,108.98,0.00
"14346",2315.75,2315.75,0.00
"14347",82.60,82.60,0.00
"14348",409.57,409.57,0.00
"14349",133.50,133.50,0.00
"14029",467.66,467.66,0.00
"14351",51.00,51.00,0.00
"14352",1078.96,1078.96,0.00
"14353",376.50,376.50,0.00
"14354",163.62,163.62,0.00
"14355",840.05,840.05,0.00
"14027",104.82,104.82,0.00
"14357",225.12,225.12,0.00
"14026",713.11,713.11,0.00
"14360",2118.03,2118.03,0.00
"14361",214.71,214.71,0.00
"14362",151.50,151.50,0.00
"14363",227.47,227.47,0.00
"14364",3717.35,3717.35,0.00
"14365",634.68,634.68,0.00
"14366",136.00,136.00,0.00
"14024",645.74,645.74,0.00
"14368",155.00,155.00,0.00
"14369",469.13,469.13,0.00
"14023",584.07,584.07,0.00
"14371",100.50,100.50,0.00
"14022",792.15,792.15,0.00
"14373",76.55,76.55,0.00
"14374",108.00,108.00,0.00
"14375",1106.82,1106.82,0.00
"14376",215.46,215.46,0.00
"14377",617.05,617.05,0.00
"14378",131.25,131.25,0.00
"14379",1265.16,1265.16,0.00
"14021",1716.58,1716.58,0.00
"14381",625.94,625.94,0.00
"14383",1247.69,1247.69,0.00
"14384",58.50,58.50,0.00
"14385",202.11,202.11,0.00
"14386",142.40,142.40,0.00
"14387",1727.60,1727.60,0.00
"14018",367.15,367.15,0.00
"14017",229.75,229.75,0.00
"14015",917.34,917.34,0.00
"14391",135.60,135.60,0.00
"14392",266.40,266.40,0.00
"14393",67.95,67.95,0.00
"14394",93.80,93.80,0.00
"14014",1948.21,1948.21,0.00
"14396",1969.38,1969.38,0.00
"14012",328.80,328.80,0.00
"14398",707.79,707.79,0.00
"14402",285.60,285.60,0.00
"14007",79.48,79.48,0.00
"14405",195.00,195.00,0.00
"14406",156.75,156.75,0.00
"14006",2196.67,2196.67,0.00
"14408",4102.27,4102.27,0.00
"14005",2874.72,2874.72,0.00
"14004",6258.45,6258.45,0.00
"14411",1063.00,1063.00,0.00
"14413",764.52,764.52,0.00
"14003",209.41,209.41,0.00
"14416",490.22,490.22,0.00
"14417",524.65,524.65,0.00
"14418",1937.25,1937.25,0.00
"14419",1254.64,1254.64,0.00
"14002",529.73,529.73,0.00
"14424",322.08,322.08,0.00
"13998",566.70,566.70,0.00
"14427",1263.52,1263.52,0.00
"14429",516.28,516.28,0.00
"13997",376.46,376.46,0.00
"13996",895.76,895.76,0.00
"14432",2248.50,2248.50,0.00
"14433",280.70,280.70,0.00
"14434",1372.80,1372.80,0.00
"14435",90.42,90.42,0.00
"14436",271.70,271.70,0.00
"13994",2274.14,2274.14,0.00
"14438",131.90,131.90,0.00
"14439",9443.04,9443.04,0.00
"13992",219.50,219.50,0.00
"13990",311.30,311.30,0.00
"14444",120.44,120.44,0.00
"14445",221.65,221.65,0.00
"14446",1200.28,1200.28,0.00
"14447",1711.73,1711.73,0.00
"14448",375.35,375.35,0.00
"14449",2230.96,2230.96,0.00
"14450",1128.44,1128.44,0.00
"13989",2026.06,2026.06,0.00
"14452",658.95,658.95,0.00
"14453",119.93,119.93,0.00
"13987",682.54,682.54,0.00
"14457",113.64,113.64,0.00
"14458",228.07,228.07,0.00
"13986",320.46,320.46,0.00
"13978",196.79,196.79,0.00
"14463",786.57,786.57,0.00
"14464",111.00,111.00,0.00
"14465",3925.85,3925.85,0.00
"14466",4267.15,4267.15,0.00
"14467",2203.24,2203.24,0.00
"14468",204.24,204.24,0.00
"14469",2093.46,2093.46,0.00
"14470",712.04,712.04,0.00
"14471",400.95,400.95,0.00
"14472",2118.72,2118.72,0.00
"14473",234.34,234.34,0.00
"13977",519.81,519.81,0.00
"14476",193.00,193.00,0.00
"14478",1276.66,1276.66,0.00
"14479",1124.71,1124.71,0.00
"13976",1192.36,1192.36,0.00
"14484",1070.98,1070.98,0.00
"14485",162.80,162.80,0.00
"14486",175.50,175.50,0.00
"14489",1574.93,1574.93,0.00
"14490",1273.47,1273.47,0.00
"14491",340.93,340.93,0.00
"13973",264.70,264.70,0.00
"13972",190.25,190.25,0.00
"14494",401.46,401.46,0.00
"13970",846.55,846.55,0.00
"14498",3900.83,3900.83,0.00
"14500",356.85,356.85,0.00
"13968",123.66,123.66,0.00
"13967",166.30,166.30,0.00
"14503",3543.26,3543.26,0.00
"14504",673.26,673.26,0.00
"13966",384.26,384.26,0.00
"14506",2960.25,2960.25,0.00
"14509",110.95,110.95,0.00
"13962",362.80,362.80,0.00
"14512",1215.97,1215.97,0.00
"13960",230.22,230.22,0.00
"14516",151.17,151.17,0.00
"14517",330.45,330.45,0.00
"14518",174.37,174.37,0.00
"14519",203.14,203.14,0.00
"14520",270.60,270.60,0.00
"13959",1064.77,1064.77,0.00
"14522",1748.42,1748.42,0.00
"14523",241.09,241.09,0.00
"14524",2909.86,2909.86,0.00
"13957",458.25,458.25,0.00
"14526",258.65,258.65,0.00
"13956",1019.27,1019.27,0.00
"14528",364.22,364.22,0.00
"14529",578.61,578.61,0.00
"13955",544.07,544.07,0.00
"14531",376.34,376.34,0.00
"13953",6640.68,6640.68,0.00
"13951",674.45,674.45,0.00
"14536",170.95,170.95,0.00
"14538",1370.84,1370.84,0.00
"14539",537.48,537.48,0.00
"14541",2491.38,2491.38,0.00
"14542",103.25,103.25,0.00
"13949",2427.32,2427.32,0.00
"14544",2938.53,2938.53,0.00
"14545",349.25,349.25,0.00
"13947",90.60,90.60,0.00
"14548",2541.29,2541.29,0.00
"14549",913.60,913.60,0.00
"14550",1345.06,1345.06,0.00
"13945",854.15,854.15,0.00
"14552",507.93,507.93,0.00
"13944",200.43,200.43,0.00
"14554",2279.49,2279.49,0.00
"14556",815.69,815.69,0.00
"13943",246.54,246.54,0.00
"13942",320.00,320.00,0.00
"14559",75.60,75.60,0.00
"13940",839.14,839.14,0.00
"14561",1080.76,1080.76,0.00
"13938",71.66,71.66,0.00
"14563",640.54,640.54,0.00
"14566",4092.00,4092.00,0.00
"14569",597.33,597.33,0.00
"14570",613.75,613.75,0.00
"14571",160.00,160.00,0.00
"13935",6116.92,6116.92,0.00
"13934",922.10,922.10,0.00
"14574",143.70,143.70,0.00
"14575",420.22,420.22,0.00
"14576",35.40,35.40,0.00
"14577",1364.15,1364.15,0.00
"14578",168.63,168.63,0.00
"14579",105.56,105.56,0.00
"14580",14.85,14.85,0.00
"14581",409.65,409.65,0.00
"14582",114.11,114.11,0.00
"14583",1660.29,1660.29,0.00
"14585",1143.27,1143.27,0.00
"13933",608.79,608.79,0.00
"14588",135.39,135.39,0.00
"14589",39.75,39.75,0.00
"13932",307.40,307.40,0.00
"14591",1320.21,1320.21,0.00
"14592",557.94,557.94,0.00
"14594",363.33,363.33,0.00
"14595",2164.45,2164.45,0.00
"14596",222.22,222.22,0.00
"14597",2184.63,2184.63,0.00
"13930",337.34,337.34,0.00
"14599",457.89,457.89,0.00
"14600",865.17,865.17,0.00
"14601",213.96,213.96,0.00
"14602",205.36,205.36,0.00
"14603",660.00,660.00,0.00
"14604",143.86,143.86,0.00
"14605",921.56,921.56,0.00
"13928",464.57,464.57,0.00
"13926",223.85,223.85,0.00
"13923",351.13,351.13,0.00
"14610",24.35,24.35,0.00
"14612",877.70,877.70,0.00
"14613",76.32,76.32,0.00
"14614",295.13,295.13,0.00
"14616",527.78,527.78,0.00
"14617",190.47,190.47,0.00
"13918",1212.84,1212.84,0.00
"14622",320.58,320.58,0.00
"13917",272.04,272.04,0.00
"14624",814.07,814.07,0.00
"13913",42.22,42.22,0.00
"14628",1998.00,1998.00,0.00
"18279",231.34,231.34,0.00
"14630",338.65,338.65,0.00
"14632",114.56,114.56,0.00
"14633",344.90,344.90,0.00
"13912",124.95,124.95,0.00
"14635",215.22,215.22,0.00
"14636",609.85,609.85,0.00
"14637",106.68,106.68,0.00
"14638",443.60,443.60,0.00
"13909",282.85,282.85,0.00
"13907",136.80,136.80,0.00
"14641",110.46,110.46,0.00
"14642",96.12,96.12,0.00
"13906",42.00,42.00,0.00
"13904",332.64,332.64,0.00
"13903",165.45,165.45,0.00
"14647",506.04,506.04,0.00
"13899",388.52,388.52,0.00
"13898",686.40,686.40,0.00
"14650",62.50,62.50,0.00
"14651",2025.52,2025.52,0.00
"14652",114.18,114.18,0.00
"14653",3593.06,3593.06,0.00
"14654",246.86,246.86,0.00
"13897",1160.72,1160.72,0.00
"14656",790.00,790.00,0.00
"14658",247.15,247.15,0.00
"13896",388.55,388.55,0.00
"14660",285.74,285.74,0.00
"14661",107.95,107.95,0.00
"14662",1376.43,1376.43,0.00
"14663",490.60,490.60,0.00
"14664",636.24,636.24,0.00
"13893",821.10,821.10,0.00
"14666",195.25,195.25,0.00
"13892",1267.65,1267.65,0.00
"14668",111.63,111.63,0.00
"14669",3216.78,3216.78,0.00
"14670",583.33,583.33,0.00
"14671",1127.45,1127.45,0.00
"14672",1113.14,1113.14,0.00
"14673",3037.32,3037.32,0.00
"14674",173.66,173.66,0.00
"14675",1015.58,1015.58,0.00
"13891",859.21,859.21,0.00
"14677",184.91,184.91,0.00
"13888",2001.59,2001.59,0.00
"14681",875.15,875.15,0.00
"14682",1514.81,1514.81,0.00
"14683",146.56,146.56,0.00
"14684",1430.03,1430.03,0.00
"13887",349.55,349.55,0.00
"14687",1402.06,1402.06,0.00
"13886",243.56,243.56,0.00
"14689",112.80,112.80,0.00
"14691",2114.33,2114.33,0.00
"13885",506.80,506.80,0.00
"14694",244.31,244.31,0.00
"13880",4293.86,4293.86,0.00
"14697",188.61,188.61,0.00
"14698",1217.27,1217.27,0.00
"14699",702.60,702.60,0.00
"14700",3076.06,3076.06,0.00
"13879",395.50,395.50,0.00
"13878",2416.90,2416.90,0.00
"14703",318.17,318.17,0.00
"14704",1752.92,1752.92,0.00
"14705",179.00,179.00,0.00
"14706",367.54,367.54,0.00
"14707",139.20,139.20,0.00
"13876",122.70,122.70,0.00
"14710",1899.79,1899.79,0.00
"13875",4814.37,4814.37,0.00
"14712",1328.07,1328.07,0.00
"14715",1825.45,1825.45,0.00
"14716",543.28,543.28,0.00
"14718",226.42,226.42,0.00
"14720",663.81,663.81,0.00
"14721",109.07,109.07,0.00
"14722",489.52,489.52,0.00
"14723",1803.06,1803.06,0.00
"14724",341.90,341.90,0.00
"13869",7996.87,7996.87,0.00
"14726",116.50,116.50,0.00
"13868",3192.54,3192.54,0.00
"14728",190.58,190.58,0.00
"14729",586.24,586.24,0.00
"14730",1897.57,1897.57,0.00
"14731",380.02,380.02,0.00
"13867",1005.09,1005.09,0.00
"13866",145.67,145.67,0.00
"13865",501.56,501.56,0.00
"14736",374.05,374.05,0.00
"14737",3554.17,3554.17,0.00
"13864",662.40,662.40,0.00
"14741",1713.09,1713.09,0.00
"14742",579.85,579.85,0.00
"14743",50.48,50.48,0.00
"13859",515.86,515.86,0.00
"13858",216.17,216.17,0.00
"14746",593.50,593.50,0.00
"14749",310.15,310.15,0.00
"14750",112.03,112.03,0.00
"14751",126.45,126.45,0.00
"14752",389.64,389.64,0.00
"14753",869.51,869.51,0.00
"13848",3015.00,3015.00,0.00
"14757",420.50,420.50,0.00
"14758",2864.97,2864.97,0.00
"14759",1625.97,1625.97,0.00
"13847",310.72,310.72,0.00
"14761",447.92,447.92,0.00
"14762",417.57,417.57,0.00
"14765",254.11,254.11,0.00
"13845",312.98,312.98,0.00
"14767",382.81,382.81,0.00
"13844",361.62,361.62,0.00
"13843",319.75,319.75,0.00
"14772",139.26,139.26,0.00
"14774",241.45,241.45,0.00
"14775",1011.90,1011.90,0.00
"13841",85.00,85.00,0.00
"13840",651.40,651.40,0.00
"14778",730.86,730.86,0.00
"14779",386.15,386.15,0.00
"14780",447.68,447.68,0.00
"14782",200.10,200.10,0.00
"14784",449.93,449.93,0.00
"14785",77.40,77.40,0.00
"14786",90.96,90.96,0.00
"14787",110.65,110.65,0.00
"14788",1156.32,1156.32,0.00
"14789",197.64,197.64,0.00
"14790",2526.62,2526.62,0.00
"14791",303.63,303.63,0.00
"13839",139.95,139.95,0.00
"14795",131.45,131.45,0.00
"13838",1690.07,1690.07,0.00
"14797",300.31,300.31,0.00
"14799",338.15,338.15,0.00
"13837",266.59,266.59,0.00
"14801",189.34,189.34,0.00
"14803",845.55,845.55,0.00
"14804",353.27,353.27,0.00
"14805",1082.55,1082.55,0.00
"14806",303.43,303.43,0.00
"14807",504.14,504.14,0.00
"13833",700.41,700.41,0.00
"14809",686.76,686.76,0.00
"14810",2354.03,2354.03,0.00
"14811",170.50,170.50,0.00
"14812",178.85,178.85,0.00
"14813",888.91,888.91,0.00
"14814",154.21,154.21,0.00
"14815",778.50,778.50,0.00
"14816",271.85,271.85,0.00
"14818",1153.56,1153.56,0.00
"14819",456.41,456.41,0.00
"14820",1274.76,1274.76,0.00
"14821",1230.15,1230.15,0.00
"14822",157.70,157.70,0.00
"14823",321.43,321.43,0.00
"13828",209.49,209.49,0.00
"14826",385.20,385.20,0.00
"14827",0.00,0.00,0.00
"13827",409.80,409.80,0.00
"14830",188.88,188.88,0.00
"13825",255.59,255.59,0.00
"13822",632.00,632.00,0.00
"14833",94.80,94.80,0.00
"14836",102.45,102.45,0.00
"14838",769.92,769.92,0.00
"14839",915.28,915.28,0.00
"13818",61.28,61.28,0.00
"14841",7163.00,7163.00,0.00
"13817",382.98,382.98,0.00
"14843",211.80,211.80,0.00
"14845",150.00,150.00,0.00
"14848",310.56,310.56,0.00
"13812",539.00,539.00,0.00
"13809",679.70,679.70,0.00
"14851",829.41,829.41,0.00
"13808",1747.66,1747.66,0.00
"13806",256.38,256.38,0.00
"13805",924.60,924.60,0.00
"14855",6520.30,6520.30,0.00
"14856",1290.53,1290.53,0.00
"13804",3161.12,3161.12,0.00
"14858",180.75,180.75,0.00
"13801",324.80,324.80,0.00
"14862",841.20,841.20,0.00
"14863",266.76,266.76,0.00
"14865",92.52,92.52,0.00
"13800",1679.56,1679.56,0.00
"13796",289.70,289.70,0.00
"13795",836.30,836.30,0.00
"14871",1228.17,1228.17,0.00
"14873",854.13,854.13,0.00
"14874",116.18,116.18,0.00
"13794",126.03,126.03,0.00
"14876",256.70,256.70,0.00
"14877",425.85,425.85,0.00
"13793",96.00,96.00,0.00
"14879",185.06,185.06,0.00
"14880",690.59,690.59,0.00
"14881",255.40,255.40,0.00
"13792",383.95,383.95,0.00
"14884",120.60,120.60,0.00
"13790",348.80,348.80,0.00
"14886",364.80,364.80,0.00
"14887",1862.00,1862.00,0.00
"14888",369.20,369.20,0.00
"14889",135.90,135.90,0.00
"14890",817.25,817.25,0.00
"14891",1106.73,1106.73,0.00
"14892",202.35,202.35,0.00
"13789",239.46,239.46,0.00
"13788",3.75,3.75,0.00
"13785",542.49,542.49,0.00
"13783",1542.09,1542.09,0.00
"14899",1331.38,1331.38,0.00
"14900",13.92,13.92,0.00
"13780",732.07,732.07,0.00
"14904",1630.49,1630.49,0.00
"13779",161.13,161.13,0.00
"13775",1049.66,1049.66,0.00
"14908",381.90,381.90,0.00
"13774",345.00,345.00,0.00
"13773",301.54,301.54,0.00
"14913",4073.13,4073.13,0.00
"13770",785.37,785.37,0.00
"13766",190.35,190.35,0.00
"14917",1123.75,1123.75,0.00
"14918",5955.81,5955.81,0.00
"14919",359.35,359.35,0.00
"14920",1607.17,1607.17,0.00
"14921",1316.07,1316.07,0.00
"14922",843.74,843.74,0.00
"14923",749.10,749.10,0.00
"14924",931.01,931.01,0.00
"13765",352.82,352.82,0.00
"14927",308.20,308.20,0.00
"14929",836.69,836.69,0.00
"13764",2919.62,2919.62,0.00
"13761",1952.17,1952.17,0.00
"14932",666.13,666.13,0.00
"13759",659.41,659.41,0.00
"14935",2849.83,2849.83,0.00
"13757",195.55,195.55,0.00
"14940",531.49,531.49,0.00
"14941",182.10,182.10,0.00
"13754",447.05,447.05,0.00
"14943",107.62,107.62,0.00
"13753",2094.57,2094.57,0.00
"14945",179.40,179.40,0.00
"14946",100.90,100.90,0.00
"14947",1049.79,1049.79,0.00
"13752",1579.83,1579.83,0.00
"14951",311.69,311.69,0.00
"13751",296.25,296.25,0.00
"14954",462.12,462.12,0.00
"14955",163.77,163.77,0.00
"14956",1325.00,1325.00,0.00
"14957",261.69,261.69,0.00
"14958",941.99,941.99,0.00
"14960",221.27,221.27,0.00
"13748",2064.35,2064.35,0.00
"14962",366.91,366.91,0.00
"14964",206.21,206.21,0.00
"14965",596.09,596.09,0.00
"14966",1064.26,1064.26,0.00
"13747",169.80,169.80,0.00
"14968",501.24,501.24,0.00
"14969",906.23,906.23,0.00
"13746",176.69,176.69,0.00
"14971",1097.98,1097.98,0.00
"14972",145.07,145.07,0.00
"14973",1314.45,1314.45,0.00
"14974",89.94,89.94,0.00
"14975",472.39,472.39,0.00
"14977",31.93,31.93,0.00
"13744",1080.52,1080.52,0.00
"14979",429.66,429.66,0.00
"14980",150.68,150.68,0.00
"14982",237.78,237.78,0.00
"14983",183.20,183.20,0.00
"14984",1260.51,1260.51,0.00
"14985",292.01,292.01,0.00
"14986",563.10,563.10,0.00
"14988",2038.65,2038.65,0.00
"14989",342.40,342.40,0.00
"14990",304.17,304.17,0.00
"14991",314.67,314.67,0.00
"14992",210.50,210.50,0.00
"14993",36.13,36.13,0.00
"13740",1582.77,1582.77,0.00
"14995",231.98,231.98,0.00
"14996",442.29,442.29,0.00
"14998",753.18,753.18,0.00
"14999",129.48,129.48,0.00
"15000",490.52,490.52,0.00
"15001",199.11,199.11,0.00
"15002",4138.08,4138.08,0.00
"15004",1220.77,1220.77,0.00
"13739",292.20,292.20,0.00
"15006",757.78,757.78,0.00
"15007",156.91,156.91,0.00
"15008",360.00,360.00,0.00
"15009",1259.43,1259.43,0.00
"15010",308.94,308.94,0.00
"15011",416.60,416.60,0.00
"15012",646.26,646.26,0.00
"15013",1610.82,1610.82,0.00
"15014",257.67,257.67,0.00
"13738",434.78,434.78,0.00
"15017",125.58,125.58,0.00
"13737",339.60,339.60,0.00
"15019",252.81,252.81,0.00
"15020",198.47,198.47,0.00
"15022",1133.44,1133.44,0.00
"13732",491.86,491.86,0.00
"15024",3559.39,3559.39,0.00
"15025",979.79,979.79,0.00
"15026",1048.89,1048.89,0.00
"13731",610.59,610.59,0.00
"15028",962.94,962.94,0.00
"13730",752.60,752.60,0.00
"13728",2855.17,2855.17,0.00
"15035",252.73,252.73,0.00
"15036",429.56,429.56,0.00
"15037",397.76,397.76,0.00
"13726",1079.66,1079.66,0.00
"13724",213.01,213.01,0.00
"15040",7.49,7.49,0.00
"15041",289.40,289.40,0.00
"15042",315.45,315.45,0.00
"15043",2870.32,2870.32,0.00
"13723",1194.08,1194.08,0.00
"13721",741.54,741.54,0.00
"15047",343.62,343.62,0.00
"15049",121.17,121.17,0.00
"13720",799.90,799.90,0.00
"15052",207.73,207.73,0.00
"15053",693.95,693.95,0.00
"15054",302.10,302.10,0.00
"15055",549.12,549.12,0.00
"15056",113.65,113.65,0.00
"13719",2783.08,2783.08,0.00
