"customer_id","cancelled_line_items","total_line_items","line_item_return_rate_pct"
"16995",1,1,100.0
"13353",3,3,100.0
"14914",1,1,100.0
"16512",1,1,100.0
"17661",1,1,100.0
"17632",2,2,100.0
"14120",1,1,100.0
"13342",2,2,100.0
"16853",2,2,100.0
"17485",6,6,100.0
"15767",9,9,100.0
"17641",1,1,100.0
"14864",2,2,100.0
"13749",2,2,100.0
"14337",36,36,100.0
"12896",1,1,100.0
"16220",1,1,100.0
"16580",2,2,100.0
"14763",1,1,100.0
"17755",9,9,100.0
"17645",1,1,100.0
"15997",1,1,100.0
"14925",1,1,100.0
"15935",22,33,66.7
"13091",77,121,63.6
"13112",3,5,60.0
"15461",3,5,60.0
"15538",18,32,56.3
"16886",8,16,50.0
"12607",101,202,50.0
"12773",6,12,50.0
"13163",2,4,50.0
"12467",9,18,50.0
"13084",2,4,50.0
"14213",5,10,50.0
"17747",1,2,50.0
"13915",2,4,50.0
"16252",21,42,50.0
"12558",11,22,50.0
"16878",3,6,50.0
"12768",10,20,50.0
"14792",2,4,50.0
"13829",1,2,50.0
"15940",1,2,50.0
"17592",13,26,50.0
"18274",11,22,50.0
"14557",16,32,50.0
"16073",1,2,50.0
"13364",10,20,50.0
"17378",1,2,50.0
"13703",36,73,49.3
"18072",16,34,47.1
"17900",5,11,45.5
"12755",52,115,45.2
"12454",31,70,44.3
"16555",49,115,42.6
"15369",40,99,40.4
"16061",2,5,40.0
"17599",2,5,40.0
"15941",4,10,40.0
"17743",2,5,40.0
"12995",2,5,40.0
"16801",45,120,37.5
"13217",3,8,37.5
"16321",13,36,36.1
"14109",5,14,35.7
"13791",6,17,35.3
"14727",24,69,34.8
"13672",9,27,33.3
"12487",1,3,33.3
"15873",3,9,33.3
"14835",1,3,33.3
"16403",5,15,33.3
"16396",4,12,33.3
"17440",3,9,33.3
"15749",5,15,33.3
"15546",6,18,33.3
"14598",40,130,30.8
"15100",7,23,30.4
"17763",6,20,30.0
"18084",3,10,30.0
"14149",12,40,30.0
"14586",8,27,29.6
"15215",46,159,28.9
"15171",2,7,28.6
"14760",2,7,28.6
"12888",2,7,28.6
"18256",4,14,28.6
"13287",21,74,28.4
"13369",5,18,27.8
"12986",39,141,27.7
"14389",31,118,26.3
"12504",6,23,26.1
"15223",12,46,26.1
"17548",12,46,26.1
"16001",10,39,25.6
"15221",10,39,25.6
"14627",10,39,25.6
"14926",1,4,25.0
"15162",4,16,25.0
"14028",3,12,25.0
"15409",3,12,25.0
"15728",4,16,25.0
"16462",1,4,25.0
"15098",1,4,25.0
"16148",3,12,25.0
"14934",61,244,25.0
"14403",8,33,24.2
"12414",7,29,24.1
"12584",30,125,24.0
"14513",6,25,24.0
"14195",5,21,23.8
"14777",5,21,23.8
"15201",31,131,23.7
"14322",4,17,23.5
"13768",10,43,23.3
"17679",24,105,22.9
"15433",12,53,22.6
"12525",17,76,22.4
"16634",24,107,22.4
"13257",2,9,22.2
"12770",8,36,22.2
"12665",4,18,22.2
"16554",47,214,22.0
"18220",7,32,21.9
"15323",8,37,21.6
"16544",3,14,21.4
"15684",3,14,21.4
"14137",3,14,21.4
"18247",10,47,21.3
"14333",4,19,21.1
"13113",101,479,21.1
"17888",42,202,20.8
"15066",11,53,20.8
"13798",189,910,20.8
"12931",57,275,20.7
"12533",18,88,20.5
"13905",3,15,20.0
"16630",1,5,20.0
"14244",4,20,20.0
"16604",3,15,20.0
"14933",1,5,20.0
"13420",2,10,20.0
"15603",1,5,20.0
"13834",4,20,20.0
"14269",4,20,20.0
"14543",52,261,19.9
"14410",91,476,19.1
"14267",13,68,19.1
"17436",4,21,19.0
"16490",3,16,18.8
"15344",6,32,18.8
"14122",3,16,18.8
"15268",5,27,18.5
"13526",10,54,18.5
"16661",14,76,18.4
"14311",7,38,18.4
"14277",84,460,18.3
"13279",2,11,18.2
"18197",2,11,18.2
"16581",2,11,18.2
"17317",2,11,18.2
"13457",2,11,18.2
"15299",2,11,18.2
"17828",14,78,17.9
"16057",47,265,17.7
"12967",14,79,17.7
"14477",3,17,17.6
"15473",3,17,17.6
"15423",3,17,17.6
"15231",3,17,17.6
"12797",6,34,17.6
"17353",3,17,17.6
"17924",7,40,17.5
"17658",4,23,17.4
"13094",6,35,17.1
"16227",7,41,17.1
"14665",27,159,17.0
"16394",17,100,17.0
"12982",36,214,16.8
"13511",1,6,16.7
"17636",4,24,16.7
"12879",2,12,16.7
"15973",2,12,16.7
"18142",3,18,16.7
"13762",7,42,16.7
"14768",1,6,16.7
"15836",2,12,16.7
"13541",2,12,16.7
"13288",2,12,16.7
"14501",2,12,16.7
"12908",1,6,16.7
"15212",2,12,16.7
"16217",3,18,16.7
"13954",5,30,16.7
"15317",1,6,16.7
"15482",29,176,16.5
"12994",12,73,16.4
"13314",12,74,16.2
"13816",5,31,16.1
"16897",7,44,15.9
"18183",7,44,15.9
"14113",23,145,15.9
"16481",3,19,15.8
"13440",11,70,15.7
"15966",5,32,15.6
"14276",22,143,15.4
"12657",8,52,15.4
"15729",2,13,15.4
"16859",20,130,15.4
"13852",2,13,15.4
"13830",2,13,15.4
"12679",8,52,15.4
"13281",4,26,15.4
"15158",2,13,15.4
"16565",2,13,15.4
"16166",4,26,15.4
"16822",2,13,15.4
"12709",87,567,15.3
"12749",60,397,15.1
"18267",3,20,15.0
"15137",6,40,15.0
"15759",3,20,15.0
"14521",3,20,15.0
"15724",3,20,15.0
"14748",28,187,15.0
"16163",12,80,15.0
"13534",69,461,15.0
"12852",3,20,15.0
"12746",3,20,15.0
"16772",12,80,15.0
"13455",20,134,14.9
"16602",7,47,14.9
"15864",4,27,14.8
"12589",30,203,14.8
"17867",22,150,14.7
"17563",5,34,14.7
"13924",20,137,14.6
"15681",15,103,14.6
"16754",24,164,14.6
"16998",1,7,14.3
"14764",1,7,14.3
"14010",4,28,14.3
"12462",10,70,14.3
"18227",1,7,14.3
"16622",2,14,14.3
"13965",4,28,14.3
"18020",2,14,14.3
"13343",3,21,14.3
"14910",5,35,14.3
"17166",2,14,14.3
"17313",4,28,14.3
"12781",4,28,14.3
"12753",33,230,14.3
"15365",36,254,14.2
"15810",27,193,14.0
"14644",10,72,13.9
"17547",5,36,13.9
"16150",35,251,13.9
"17731",16,115,13.9
"16218",22,158,13.9
"16658",10,72,13.9
"15827",35,252,13.9
"15270",27,195,13.8
"15638",4,29,13.8
"12907",4,29,13.8
"16996",12,87,13.8
"13252",3,22,13.6
"15809",9,67,13.4
"15658",16,119,13.4
"14620",4,30,13.3
"13676",2,15,13.3
"12542",6,45,13.3
"16689",2,15,13.3
"12818",2,15,13.3
"18163",5,38,13.2
"14356",5,38,13.2
"12472",124,946,13.1
"14141",6,46,13.0
"15345",3,23,13.0
"14607",30,230,13.0
"14320",12,93,12.9
"13856",8,62,12.9
"16118",6,47,12.8
"17405",12,94,12.8
"12471",157,1245,12.6
"17506",2,16,12.5
"17342",5,40,12.5
"18269",1,8,12.5
"15337",3,24,12.5
"15224",5,40,12.5
"14460",6,48,12.5
"14495",1,8,12.5
"12427",4,32,12.5
"12672",3,24,12.5
"14928",3,24,12.5
"13674",2,16,12.5
"14323",5,41,12.2
"15073",22,181,12.2
"15430",5,41,12.2
"13641",6,49,12.2
"16590",4,33,12.1
"15222",19,157,12.1
"17653",6,50,12.0
"17422",28,233,12.0
"13338",17,143,11.9
"18167",5,42,11.9
"12980",7,59,11.9
"13725",14,118,11.9
"12479",4,34,11.8
"17856",2,17,11.8
"17169",10,85,11.8
"12915",8,68,11.8
"14558",2,17,11.8
"15294",2,17,11.8
"14168",2,17,11.8
"14621",21,180,11.7
"14301",7,60,11.7
"16067",9,77,11.7
"14290",20,171,11.7
"13012",20,173,11.6
"15326",17,146,11.6
"12997",14,121,11.6
"14680",165,1439,11.5
"16013",28,244,11.5
"13352",3,26,11.5
"14492",12,104,11.5
"17396",6,52,11.5
"15309",7,61,11.5
"14339",3,26,11.5
"14205",16,139,11.5
"18223",74,650,11.4
"12703",9,79,11.4
"13729",5,44,11.4
"15580",29,254,11.4
"13370",5,44,11.4
"16167",8,71,11.3
"13630",9,80,11.3
"16956",2,18,11.1
"15432",2,18,11.1
"18187",6,54,11.1
"12929",1,9,11.1
"16716",1,9,11.1
"12495",2,18,11.1
"14304",11,99,11.1
"16077",1,9,11.1
"17133",7,63,11.1
"17724",5,45,11.1
"16176",9,81,11.1
"15304",3,27,11.1
"17408",1,9,11.1
"12663",1,9,11.1
"17152",2,18,11.1
"13150",1,9,11.1
"14645",6,54,11.1
"17693",2,18,11.1
"17457",8,72,11.1
"15609",2,18,11.1
"15621",2,18,11.1
"15329",19,173,11.0
"17460",17,154,11.0
"14970",14,127,11.0
"17820",5,46,10.9
"15502",40,366,10.9
"16296",9,83,10.8
"17035",4,37,10.8
"12384",3,28,10.7
"13711",11,103,10.7
"13295",8,75,10.7
"18155",3,28,10.7
"16717",42,392,10.7
"15842",3,28,10.7
"16858",15,142,10.6
"13415",12,113,10.6
"12585",10,95,10.5
"17949",18,171,10.5
"16810",4,38,10.5
"17314",30,286,10.5
"16286",2,19,10.5
"15823",18,172,10.5
"13304",9,87,10.3
"13008",4,39,10.3
"14175",38,369,10.3
"14430",4,39,10.3
"16656",16,157,10.2
"13047",43,423,10.2
"16571",29,284,10.2
"14370",5,49,10.2
"13777",40,396,10.1
"15737",8,79,10.1
"18030",1,10,10.0
"12565",1,10,10.0
"17617",2,20,10.0
"16543",2,20,10.0
"18070",1,10,10.0
"15283",1,10,10.0
"14776",21,211,10.0
"14287",1,10,10.0
"14949",3,30,10.0
"18111",3,30,10.0
"13701",1,10,10.0
"12612",2,20,10.0
"17746",4,40,10.0
"17511",207,2075,10.0
"13406",1,10,10.0
"14199",2,20,10.0
"16362",10,100,10.0
"13145",1,10,10.0
"13894",3,30,10.0
"16584",9,91,9.9
"13446",21,213,9.9
"14695",9,91,9.9
"13175",5,51,9.8
"12644",12,122,9.8
"13317",37,380,9.7
"17671",8,83,9.6
"17411",8,83,9.6
"14045",4,42,9.5
"13961",2,21,9.5
"13345",2,21,9.5
"12677",2,21,9.5
"15308",2,21,9.5
"18059",2,21,9.5
"16739",4,42,9.5
"14861",9,95,9.5
"17495",5,53,9.4
"14475",5,53,9.4
"17531",6,64,9.4
"15881",3,32,9.4
"12972",8,85,9.4
"17034",6,64,9.4
"15101",6,64,9.4
"12809",8,86,9.3
"15197",6,65,9.2
"16653",7,76,9.2
"14902",6,65,9.2
"17380",1,11,9.1
"16297",2,22,9.1
"18176",3,33,9.1
"15029",1,11,9.1
"15468",8,88,9.1
"15181",2,22,9.1
"13826",1,11,9.1
"14314",1,11,9.1
"17170",1,11,9.1
"16080",3,33,9.1
"12494",10,110,9.1
"12440",3,33,9.1
"13587",3,33,9.1
"16598",1,11,9.1
"17339",1,11,9.1
"14111",1,11,9.1
"17627",1,11,9.1
"14773",1,11,9.1
"13164",1,11,9.1
"16160",2,22,9.1
"14147",3,33,9.1
"18217",4,44,9.1
"12457",8,89,9.0
"17610",15,169,8.9
"12616",5,56,8.9
"14112",32,358,8.9
"12505",4,45,8.9
"15514",31,347,8.9
"13925",4,45,8.9
"16839",34,384,8.9
"14831",8,90,8.9
"15606",14,159,8.8
"17696",35,400,8.8
"16947",5,57,8.8
"17476",3,34,8.8
"12476",48,546,8.8
"18207",3,34,8.8
"13024",3,34,8.8
"13861",2,23,8.7
"13092",10,115,8.7
"12529",2,23,8.7
"16875",22,252,8.7
"13604",2,23,8.7
"16573",4,46,8.7
"16191",22,254,8.7
"12643",4,46,8.7
"14640",19,222,8.6
"15031",37,432,8.6
"18053",3,35,8.6
"13799",10,116,8.6
"13479",5,58,8.6
"15822",6,71,8.5
"15107",4,47,8.5
"15469",4,47,8.5
"14188",6,71,8.5
"13396",4,47,8.5
"13360",6,71,8.5
"13359",5,59,8.5
"13787",8,94,8.5
"14397",8,95,8.4
"13552",19,226,8.4
"12891",1,12,8.3
"17193",4,48,8.3
"14840",2,24,8.3
"14860",1,12,8.3
"18018",4,48,8.3
"14717",1,12,8.3
"15922",1,12,8.3
"14119",1,12,8.3
"15643",3,36,8.3
"13631",1,12,8.3
"16302",1,12,8.3
"12895",2,24,8.3
"15816",1,12,8.3
"16576",3,36,8.3
"14981",2,24,8.3
"12708",25,303,8.3
"17010",1,12,8.3
"16278",5,60,8.3
"14142",4,48,8.3
"15618",4,48,8.3
"14342",3,36,8.3
"13624",2,24,8.3
"12468",13,158,8.2
"14842",13,158,8.2
"12465",4,49,8.2
"15655",3,37,8.1
"12674",7,86,8.1
"15125",21,261,8.0
"13877",2,25,8.0
"16262",4,50,8.0
"14808",20,251,8.0
"15291",21,264,8.0
"12790",3,38,7.9
"14102",5,63,7.9
"17119",3,38,7.9
"15785",19,244,7.8
"13889",7,90,7.8
"16735",25,319,7.8
"15622",36,462,7.8
"16177",10,128,7.8
"15322",7,90,7.8
"15722",15,193,7.8
"15391",1,13,7.7
"15045",1,13,7.7
"15257",1,13,7.7
"14229",6,78,7.7
"18075",27,350,7.7
"13236",3,39,7.7
"15189",20,261,7.7
"15342",2,26,7.7
"17307",4,52,7.7
"14846",1,13,7.7
"16476",2,26,7.7
"15648",2,26,7.7
"18282",1,13,7.7
"15207",2,26,7.7
"13085",7,91,7.7
"16299",1,13,7.7
"14299",28,363,7.7
"13407",7,92,7.6
"17113",13,171,7.6
"15874",28,370,7.6
"12989",8,105,7.6
"14634",9,118,7.6
"13136",26,341,7.6
"18232",3,40,7.5
"12450",3,40,7.5
"13662",11,147,7.5
"17147",11,147,7.5
"16292",5,67,7.5
"13430",4,53,7.5
"12719",3,40,7.5
"18135",3,40,7.5
"13699",3,40,7.5
"15602",10,136,7.4
"12943",2,27,7.4
"13807",2,27,7.4
"16546",7,95,7.4
"17368",18,244,7.4
"12889",2,27,7.4
"12930",2,27,7.4
"12993",6,82,7.3
"16570",19,260,7.3
"13350",3,41,7.3
"13599",31,423,7.3
"13958",18,245,7.3
"18218",3,41,7.3
"15489",9,123,7.3
"17490",9,125,7.2
"15791",13,180,7.2
"14426",47,651,7.2
"15801",5,69,7.2
"12474",53,734,7.2
"16817",11,152,7.2
"13043",1,14,7.1
"14483",1,14,7.1
"17578",5,70,7.1
"15766",2,28,7.1
"15240",17,241,7.1
"13651",1,14,7.1
"17172",3,42,7.1
"16038",2,28,7.1
"16094",15,211,7.1
"13284",1,14,7.1
"16424",1,14,7.1
"15769",17,240,7.1
"14146",35,491,7.1
"14073",1,14,7.1
"14609",1,14,7.1
"13020",3,42,7.1
"17053",1,14,7.1
"13049",2,28,7.1
"12722",4,56,7.1
"13014",17,242,7.0
"17115",9,129,7.0
"16449",3,43,7.0
"15110",4,57,7.0
"12352",7,102,6.9
"16924",6,87,6.9
"13813",10,145,6.9
"13734",2,29,6.9
"16045",11,159,6.9
"12501",11,159,6.9
"13405",3,44,6.8
"17997",12,176,6.8
"13466",4,59,6.8
"14292",14,207,6.8
"17612",25,365,6.8
"17204",13,190,6.8
"16124",6,88,6.8
"15706",4,59,6.8
"13927",3,44,6.8
"15696",16,237,6.8
"17969",15,219,6.8
"15971",3,44,6.8
"13035",3,45,6.7
"15788",1,15,6.7
"12771",1,15,6.7
"16966",2,30,6.7
"17681",1,15,6.7
"16579",1,15,6.7
"16747",3,45,6.7
"13499",3,45,6.7
"18194",2,30,6.7
"14226",7,104,6.7
"16133",39,583,6.7
"15691",1,15,6.7
"13005",4,60,6.7
"15596",11,166,6.6
"14938",5,76,6.6
"13872",4,61,6.6
"13650",12,184,6.5
"16488",2,31,6.5
"16341",11,169,6.5
"12500",9,139,6.5
"18214",4,62,6.5
"14590",14,216,6.5
"18087",6,93,6.5
"16485",10,154,6.5
"15676",14,216,6.5
"17677",48,733,6.5
"17451",7,107,6.5
"16768",11,172,6.4
"16233",5,78,6.4
"13919",5,78,6.4
"13078",54,845,6.4
"12712",16,251,6.4
"17477",3,47,6.4
"18136",6,94,6.4
"14423",1,16,6.3
"16498",1,16,6.3
"12807",1,16,6.3
"17044",10,159,6.3
"15527",22,350,6.3
"14987",1,16,6.3
"17929",1,16,6.3
"18228",2,32,6.3
"16234",1,16,6.3
"13922",2,32,6.3
"12426",5,80,6.3
"17838",17,271,6.3
"12779",18,287,6.3
"12375",1,16,6.3
"18280",2,32,6.3
"12651",2,32,6.3
"15302",1,16,6.3
"12408",10,162,6.2
"14198",6,97,6.2
"12415",61,985,6.2
"14853",2,33,6.1
"15251",15,245,6.1
"13461",4,66,6.1
"12666",2,33,6.1
"13266",20,327,6.1
"13836",2,33,6.1
"13299",4,66,6.1
"14894",3,49,6.1
"17702",10,163,6.1
"12782",14,231,6.1
"17114",8,131,6.1
"14488",3,49,6.1
"14688",32,521,6.1
"15611",6,98,6.1
"15128",8,131,6.1
"15138",2,33,6.1
"13417",5,82,6.1
"13186",5,84,6.0
"17213",17,283,6.0
"16401",23,385,6.0
"13980",4,67,6.0
"15311",273,4576,6.0
"14679",4,67,6.0
"14771",3,50,6.0
"17017",24,402,6.0
"12909",10,168,6.0
"13634",28,471,5.9
"14288",1,17,5.9
"15674",22,372,5.9
"12613",20,337,5.9
"13106",1,17,5.9
"15077",2,34,5.9
"14534",45,758,5.9
"13584",5,85,5.9
"15359",1,17,5.9
"15845",11,185,5.9
"13148",48,809,5.9
"15109",3,51,5.9
"17239",2,34,5.9
"17345",13,222,5.9
"13622",2,34,5.9
"14615",3,51,5.9
"18064",4,68,5.9
"17567",12,208,5.8
"14870",4,69,5.8
"15239",3,52,5.8
"15321",19,328,5.8
"14952",19,326,5.8
"12947",6,103,5.8
"16235",7,121,5.8
"15885",7,120,5.8
"14000",3,52,5.8
"13107",11,189,5.8
"13506",5,86,5.8
"16180",20,347,5.8
"13410",3,53,5.7
"15669",2,35,5.7
"13763",3,53,5.7
"13883",19,333,5.7
"16955",3,53,5.7
"13070",2,35,5.7
"16711",2,35,5.7
"18258",3,53,5.7
"12917",3,53,5.7
"12632",2,35,5.7
"12901",7,123,5.7
"12853",9,157,5.7
"13495",8,141,5.7
"16835",5,87,5.7
"13594",2,35,5.7
"16933",17,299,5.7
"12652",3,53,5.7
"13121",3,53,5.7
"14338",3,53,5.7
"18168",22,385,5.7
"16525",21,374,5.6
"16108",8,143,5.6
"13597",1,18,5.6
"18270",1,18,5.6
"15247",1,18,5.6
"14783",1,18,5.6
"12590",4,71,5.6
"16029",22,391,5.6
"14013",4,72,5.6
"13329",7,125,5.6
"17048",6,107,5.6
"16351",11,198,5.6
"13282",3,54,5.6
"12523",14,252,5.6
"13190",1,18,5.6
"18268",4,71,5.6
"15632",10,177,5.6
"13767",45,809,5.6
"13393",4,73,5.5
"17276",3,55,5.5
"15380",3,55,5.5
"16961",3,55,5.5
"13874",4,73,5.5
"14441",9,163,5.5
"17063",12,217,5.5
"14231",4,73,5.5
"14655",6,109,5.5
"13134",7,128,5.5
"13098",33,605,5.5
"13890",10,183,5.5
"17188",10,182,5.5
"13093",60,1097,5.5
"12560",6,109,5.5
"13863",4,74,5.4
"13648",6,111,5.4
"16027",2,37,5.4
"15079",8,149,5.4
"13271",5,92,5.4
"13109",4,74,5.4
"16239",2,37,5.4
"12434",4,74,5.4
"16156",15,276,5.4
"15581",39,718,5.4
"15194",27,503,5.4
"16911",2,37,5.4
"14217",10,184,5.4
"17603",6,112,5.4
"13505",12,223,5.4
"14564",6,113,5.3
"18062",3,57,5.3
"16566",1,19,5.3
"16600",8,151,5.3
"16048",2,38,5.3
"16642",3,57,5.3
"14133",2,38,5.3
"17094",1,19,5.3
"12693",4,76,5.3
"17005",1,19,5.3
"16145",22,418,5.3
"16909",1,19,5.3
"13668",42,798,5.3
"14747",1,19,5.3
"14020",4,76,5.3
"15347",2,38,5.3
"14533",5,94,5.3
"12566",1,19,5.3
"13267",23,434,5.3
"15598",2,38,5.3
"16157",1,19,5.3
"16683",1,19,5.3
"12544",1,19,5.3
"17588",4,75,5.3
"15694",8,150,5.3
"13554",11,208,5.3
"18051",3,58,5.2
"13300",3,58,5.2
"13855",4,77,5.2
"16643",3,58,5.2
"12424",5,97,5.2
"14233",4,77,5.2
"13983",18,343,5.2
"14400",4,77,5.2
"14359",3,58,5.2
"12975",6,118,5.1
"14211",13,253,5.1
"13745",3,59,5.1
"12578",9,177,5.1
"15620",7,136,5.1
"17873",9,176,5.1
"18276",5,99,5.1
"13982",12,237,5.1
"15888",2,39,5.1
"13503",10,198,5.1
"16648",2,39,5.1
"12519",2,39,5.1
"16042",7,136,5.1
"14714",5,98,5.1
"16493",6,117,5.1
"13250",1,20,5.0
"12697",2,40,5.0
"14676",7,140,5.0
"12829",1,20,5.0
"12410",2,40,5.0
"16615",1,20,5.0
"13310",5,100,5.0
"15670",1,20,5.0
"14950",1,20,5.0
"13519",1,20,5.0
"13929",3,60,5.0
"15372",3,60,5.0
"17071",11,222,5.0
"13324",7,139,5.0
"15091",3,60,5.0
"17550",17,338,5.0
"15088",3,60,5.0
"16690",1,20,5.0
"17688",1,20,5.0
"12628",2,40,5.0
"13080",1,20,5.0
"17069",15,299,5.0
"17464",2,41,4.9
"13004",42,857,4.9
"15805",27,556,4.9
"12721",12,243,4.9
"15297",2,41,4.9
"12921",78,1577,4.9
"15777",2,41,4.9
"14425",2,41,4.9
"17156",2,41,4.9
"15830",2,41,4.9
"17644",17,344,4.9
"16781",2,41,4.9
"16240",7,142,4.9
"12998",3,61,4.9
"13659",14,288,4.9
"12463",4,83,4.8
"13057",2,42,4.8
"16436",2,42,4.8
"16908",1,21,4.8
"13447",3,62,4.8
"12493",1,21,4.8
"14350",3,62,4.8
"16701",14,289,4.8
"16652",14,289,4.8
"15781",1,21,4.8
"17340",34,712,4.8
"13115",16,330,4.8
"13453",2,42,4.8
"17680",1,21,4.8
"17706",37,774,4.8
"14497",2,42,4.8
"13513",2,42,4.8
"18199",1,21,4.8
"12559",1,21,4.8
"14105",14,293,4.8
"15135",1,21,4.8
"15614",4,85,4.7
"13643",5,107,4.7
"12610",5,107,4.7
"17714",4,85,4.7
"14431",4,85,4.7
"14546",39,829,4.7
"12720",23,487,4.7
"16398",4,86,4.7
"12381",4,86,4.7
"12886",4,86,4.7
"13000",3,65,4.6
"14643",3,65,4.6
"15745",3,65,4.6
"14032",11,241,4.6
"14847",3,65,4.6
"15839",3,65,4.6
"14685",9,196,4.6
"13902",3,65,4.6
"13478",6,131,4.6
"18221",4,88,4.5
"18250",1,22,4.5
"12588",2,44,4.5
"18024",1,22,4.5
"13365",6,134,4.5
"15120",1,22,4.5
"17597",6,134,4.5
"12531",6,132,4.5
"16289",1,22,4.5
"18277",3,67,4.5
"15377",1,22,4.5
"16309",2,44,4.5
"12393",5,112,4.5
"14305",5,110,4.5
"15248",5,111,4.5
"18141",2,44,4.5
"13693",5,111,4.5
"12705",27,617,4.4
"15157",7,159,4.4
"18260",19,429,4.4
"15607",5,114,4.4
"12626",13,298,4.4
"17663",11,249,4.4
"14225",4,90,4.4
"17646",9,205,4.4
"12600",5,114,4.4
"13784",2,45,4.4
"17423",2,45,4.4
"13974",2,45,4.4
"17524",2,45,4.4
"16975",2,47,4.3
"16705",31,721,4.3
"14214",3,70,4.3
"15633",8,184,4.3
"13510",13,302,4.3
"16092",4,94,4.3
"14916",6,140,4.3
"16306",3,70,4.3
"15331",2,46,4.3
"13028",2,47,4.3
"18286",3,69,4.3
"13626",2,46,4.3
"13981",1,23,4.3
"12619",4,96,4.2
"18198",7,166,4.2
"13400",1,24,4.2
"15561",4,96,4.2
"13319",40,963,4.2
"15639",3,72,4.2
"16136",2,48,4.2
"12445",1,24,4.2
"13769",12,287,4.2
"15146",4,95,4.2
"14306",2,48,4.2
"14537",1,24,4.2
"14733",14,333,4.2
"17526",4,96,4.2
"15558",1,24,4.2
"15664",3,72,4.2
"13069",46,1084,4.2
"17718",1,24,4.2
"12473",7,167,4.2
"16670",21,506,4.2
"13143",1,24,4.2
"13171",2,48,4.2
"16518",3,71,4.2
"14038",7,168,4.2
"15841",4,96,4.2
"17865",44,1053,4.2
"15093",14,330,4.2
"16637",3,72,4.2
"16404",1,24,4.2
"16325",6,144,4.2
"13853",1,24,4.2
"14511",3,71,4.2
"12425",4,95,4.2
"16677",2,49,4.1
"13308",3,74,4.1
"18248",2,49,4.1
"17527",2,49,4.1
"12683",20,488,4.1
"14420",4,97,4.1
"17652",11,270,4.1
"16863",2,49,4.1
"14295",3,74,4.1
"18108",2,49,4.1
"16298",2,49,4.1
"15253",5,121,4.1
"14236",2,49,4.1
"12878",2,49,4.1
"15600",3,74,4.1
"14745",6,146,4.1
"15916",13,319,4.1
"12439",3,74,4.1
"15521",17,418,4.1
"18073",3,75,4.0
"16684",30,748,4.0
"12605",3,75,4.0
"15281",22,544,4.0
"17429",4,99,4.0
"18164",1,25,4.0
"13964",1,25,4.0
"15381",1,25,4.0
"17705",5,125,4.0
"15213",1,25,4.0
"18110",3,75,4.0
"15341",1,25,4.0
"12843",9,225,4.0
"13948",1,25,4.0
"13735",27,674,4.0
"16155",2,50,4.0
"17406",10,248,4.0
"16101",8,200,4.0
"16467",1,25,4.0
"18225",24,596,4.0
"17707",1,25,4.0
"13433",1,25,4.0
"16355",2,50,4.0
"16499",6,150,4.0
"16592",18,446,4.0
"12940",4,100,4.0
"14407",3,75,4.0
"15804",11,274,4.0
"17306",3,75,4.0
"16660",1,25,4.0
"15244",2,50,4.0
"14678",1,25,4.0
"13696",1,25,4.0
"16054",5,127,3.9
"17183",3,76,3.9
"14798",2,51,3.9
"13576",11,279,3.9
"15406",5,127,3.9
"16350",5,127,3.9
"16732",9,230,3.9
"17912",2,51,3.9
"15764",10,259,3.9
"12483",5,127,3.9
"15015",12,305,3.9
"12597",8,210,3.8
"17573",1,26,3.8
"16830",3,78,3.8
"15682",1,26,3.8
"16359",5,130,3.8
"15005",93,2478,3.8
"16484",1,26,3.8
"16168",12,318,3.8
"12919",2,52,3.8
"14618",2,53,3.8
"13971",10,265,3.8
"14182",2,52,3.8
"12346",1,26,3.8
"15490",1,26,3.8
"18257",11,286,3.8
"14189",12,319,3.8
"17420",2,52,3.8
"17096",8,213,3.8
"14047",6,158,3.8
"14145",1,26,3.8
"17857",2,52,3.8
"13612",2,52,3.8
"17736",1,26,3.8
"13824",4,104,3.8
"18009",7,186,3.8
"15238",2,52,3.8
"18094",5,131,3.8
"16104",9,241,3.7
"12854",10,271,3.7
"17866",1,27,3.7
"14442",7,190,3.7
"14690",4,107,3.7
"13082",5,134,3.7
"14264",3,82,3.7
"16756",3,82,3.7
"13151",6,163,3.7
"14319",1,27,3.7
"14905",3,81,3.7
"17504",13,355,3.7
"13037",9,241,3.7
"14507",10,268,3.7
"13255",1,27,3.7
"15713",2,54,3.7
"15351",12,326,3.7
"15960",1,27,3.7
"14735",14,379,3.7
"14237",1,27,3.7
"14180",11,300,3.7
"15671",3,81,3.7
"15840",1,28,3.6
"16393",28,775,3.6
"17480",2,55,3.6
"15523",8,220,3.6
"13126",9,247,3.6
"16556",18,500,3.6
"14296",1,28,3.6
"14443",5,138,3.6
"15400",1,28,3.6
"13545",2,56,3.6
"16161",42,1176,3.6
"14256",5,138,3.6
"14907",10,278,3.6
"15434",5,139,3.6
"14738",3,83,3.6
"14245",4,112,3.6
"13846",3,84,3.6
"17462",1,28,3.6
"12785",2,55,3.6
"17049",21,579,3.6
"15141",3,83,3.6
"17389",16,445,3.6
"14869",9,253,3.6
"16019",15,418,3.6
"13684",4,112,3.6
"17469",10,277,3.6
"13414",2,57,3.5
"14258",11,312,3.5
"12951",7,201,3.5
"15730",4,115,3.5
"15533",3,86,3.5
"13050",36,1016,3.5
"13026",3,85,3.5
"15339",8,228,3.5
"15953",6,173,3.5
"16463",3,85,3.5
"13019",2,57,3.5
"14201",2,57,3.5
"15264",2,57,3.5
"17802",19,543,3.5
"16173",3,87,3.4
"15746",1,29,3.4
"17442",10,293,3.4
"12536",9,268,3.4
"16103",7,207,3.4
"14034",3,89,3.4
"12576",5,146,3.4
"15625",6,177,3.4
"14194",34,986,3.4
"17951",1,29,3.4
"13623",10,294,3.4
"16256",1,29,3.4
"15122",8,235,3.4
"14562",21,622,3.4
"12601",1,29,3.4
"13564",42,1237,3.4
"12649",4,116,3.4
"15700",3,89,3.4
"17011",1,29,3.4
"16993",1,29,3.4
"17552",5,148,3.4
"17678",1,29,3.4
"15147",1,29,3.4
"12567",19,562,3.4
"12579",1,29,3.4
"15932",4,119,3.4
"12528",3,89,3.4
"16523",13,384,3.4
"16473",1,29,3.4
"13995",8,238,3.4
"14064",8,244,3.3
"14959",2,61,3.3
"12572",2,60,3.3
"13074",1,30,3.3
"14329",19,571,3.3
"16646",1,30,3.3
"14834",3,90,3.3
"13397",3,92,3.3
"14625",9,275,3.3
"16838",2,61,3.3
"15589",1,30,3.3
"13854",6,184,3.3
"17930",3,90,3.3
"16779",35,1075,3.3
"13820",3,92,3.3
"15882",2,60,3.3
"13658",8,245,3.3
"14875",3,92,3.3
"15951",2,61,3.3
"13656",3,90,3.3
"16134",4,120,3.3
"13733",1,30,3.3
"18172",16,491,3.3
"15786",16,481,3.3
"12437",18,547,3.3
"13032",7,214,3.3
"12963",6,180,3.3
"15447",1,30,3.3
"17581",28,839,3.3
"17145",6,186,3.2
"12456",4,126,3.2
"15449",2,62,3.2
"15763",2,63,3.2
"14854",7,221,3.2
"13320",5,154,3.2
"18056",1,31,3.2
"15782",2,63,3.2
"18093",2,63,3.2
"12647",16,505,3.2
"15793",1,31,3.2
"14829",3,94,3.2
"16245",3,93,3.2
"14619",2,62,3.2
"12412",4,125,3.2
"13908",4,125,3.2
"15027",3,94,3.2
"13371",3,95,3.2
"13116",1,31,3.2
"12747",8,257,3.1
"16471",2,64,3.1
"15032",3,98,3.1
"12733",5,161,3.1
"17334",1,32,3.1
"13520",6,194,3.1
"15198",1,32,3.1
"16201",4,128,3.1
"16894",6,193,3.1
"13154",3,96,3.1
"14309",6,195,3.1
"13680",21,667,3.1
"14316",1,32,3.1
"13456",2,65,3.1
"15018",1,32,3.1
"16109",1,32,3.1
"14415",40,1274,3.1
"16558",24,777,3.1
"17935",2,65,3.1
"15279",3,97,3.1
"13394",13,422,3.1
"13183",5,161,3.1
"15555",50,1637,3.1
"14885",1,32,3.1
"17230",7,224,3.1
"17426",13,440,3.0
"15751",4,134,3.0
"17725",6,198,3.0
"17809",3,100,3.0
"15290",9,301,3.0
"16678",5,168,3.0
"14011",1,33,3.0
"12362",8,264,3.0
"12841",20,664,3.0
"13021",8,265,3.0
"16550",23,777,3.0
"13611",7,233,3.0
"17675",34,1150,3.0
"14008",1,33,3.0
"16039",1,33,3.0
"15754",4,135,3.0
"13081",71,2355,3.0
"14388",12,405,3.0
"14882",2,67,3.0
"15535",4,134,3.0
"15465",8,263,3.0
"14051",10,328,3.0
"16979",4,133,3.0
"13635",5,167,3.0
"17649",3,101,3.0
"14911",343,11254,3.0
"13468",21,714,2.9
"15104",2,69,2.9
"17080",1,34,2.9
"15097",2,68,2.9
"15755",11,382,2.9
"14243",11,374,2.9
"14937",1,35,2.9
"12987",2,68,2.9
"18158",1,35,2.9
"14284",2,69,2.9
"16795",10,346,2.9
"14994",9,309,2.9
"17473",1,35,2.9
"17904",1,35,2.9
"16422",21,717,2.9
"12409",8,272,2.9
"16147",4,140,2.9
"15736",3,103,2.9
"13914",1,34,2.9
"14740",7,238,2.9
"16164",1,35,2.9
"15732",3,102,2.9
"15030",1,34,2.9
"12513",1,35,2.9
"15708",10,347,2.9
"12615",8,272,2.9
"14173",1,34,2.9
"13819",3,104,2.9
"14567",1,34,2.9
"14315",4,137,2.9
"14019",2,68,2.9
"13502",1,34,2.9
"16389",1,35,2.9
"16500",1,35,2.9
"16116",1,35,2.9
"13741",1,35,2.9
"17434",4,138,2.9
"14866",4,138,2.9
"17165",3,103,2.9
"13577",5,172,2.9
"17640",2,68,2.9
"17621",2,68,2.9
"14031",22,772,2.8
"13588",5,179,2.8
"16232",3,108,2.8
"18226",15,543,2.8
"13015",10,358,2.8
"15303",2,71,2.8
"14794",3,107,2.8
"18193",2,72,2.8
"12417",10,361,2.8
"15485",4,141,2.8
"12510",4,141,2.8
"13090",8,281,2.8
"15115",1,36,2.8
"15363",1,36,2.8
"14893",3,109,2.8
"13476",3,109,2.8
"16158",1,36,2.8
"13473",2,72,2.8
"12840",5,181,2.8
"17722",5,179,2.8
"13496",1,36,2.8
"17450",12,433,2.8
"15969",1,36,2.8
"14428",4,141,2.8
"14227",11,387,2.8
"13950",1,36,2.8
"12349",5,177,2.8
"17109",4,143,2.8
"16742",3,106,2.8
"14496",3,109,2.8
"17095",4,141,2.8
"14206",2,73,2.7
"14071",9,330,2.7
"14896",7,260,2.7
"16037",2,73,2.7
"12924",2,75,2.7
"16128",5,187,2.7
"17438",2,73,2.7
"15287",1,37,2.7
"16211",1,37,2.7
"15650",1,37,2.7
"17496",2,74,2.7
"17499",2,73,2.7
"13939",3,113,2.7
"17528",7,260,2.7
"16714",3,112,2.7
"16131",6,225,2.7
"12359",10,372,2.7
"14898",8,299,2.7
"13835",2,73,2.7
"16170",12,452,2.7
"16626",5,184,2.7
"16736",4,147,2.7
"18272",6,232,2.6
"16654",2,76,2.6
"14527",70,2705,2.6
"16541",1,39,2.6
"13408",22,846,2.6
"14372",1,39,2.6
"12985",2,78,2.6
"15597",1,38,2.6
"15586",1,39,2.6
"13118",4,152,2.6
"17428",19,739,2.6
"17622",1,39,2.6
"16138",1,38,2.6
"12710",2,76,2.6
"15183",1,39,2.6
"15660",4,155,2.6
"17037",2,77,2.6
"14009",2,76,2.6
"17412",6,234,2.6
"17676",4,152,2.6
"14997",1,39,2.6
"15346",1,38,2.6
"14611",1,39,2.6
"14176",1,38,2.6
"15373",5,194,2.6
"15315",1,38,2.6
"12553",6,233,2.6
"13384",7,271,2.6
"13377",2,78,2.6
"13750",2,77,2.6
"14701",15,610,2.5
"13585",1,40,2.5
"13797",2,80,2.5
"13055",4,158,2.5
"15903",3,119,2.5
"17251",2,80,2.5
"13814",2,81,2.5
"14824",4,162,2.5
"14209",6,237,2.5
"12826",4,161,2.5
"14551",2,81,2.5
"14455",2,79,2.5
"14232",3,118,2.5
"17302",2,81,2.5
"15179",8,322,2.5
"12598",5,204,2.5
"15252",3,121,2.5
"13901",8,318,2.5
"14903",9,359,2.5
"16593",2,80,2.5
"13485",4,161,2.5
"15298",11,436,2.5
"14216",2,79,2.5
"13655",3,122,2.5
"16281",1,40,2.5
"13198",8,322,2.5
"14793",1,40,2.5
"13484",1,40,2.5
"14732",7,284,2.5
"16212",2,80,2.5
"14756",3,121,2.5
"13660",1,41,2.4
"16639",2,83,2.4
"14708",1,42,2.4
"16303",7,293,2.4
"13963",4,169,2.4
"17593",10,418,2.4
"16730",2,84,2.4
"13991",2,83,2.4
"17779",2,83,2.4
"13213",5,209,2.4
"16075",1,42,2.4
"13523",5,206,2.4
"17672",5,210,2.4
"13424",1,41,2.4
"13458",12,497,2.4
"13709",10,417,2.4
"17728",6,250,2.4
"15076",2,82,2.4
"16376",3,125,2.4
"13579",2,83,2.4
"15182",3,126,2.4
"12656",6,245,2.4
"15626",2,82,2.4
"14909",2,82,2.4
"13717",3,127,2.4
"15078",19,789,2.4
"15275",1,42,2.4
"14049",26,1087,2.4
"15579",4,165,2.4
"15640",18,765,2.4
"17732",3,125,2.4
"14043",1,42,2.4
"12406",4,170,2.4
"13615",9,376,2.4
"17651",8,340,2.4
"13743",1,42,2.4
"14515",4,177,2.3
"14857",5,217,2.3
"14239",5,215,2.3
"13413",1,44,2.3
"14648",10,438,2.3
"17374",1,43,2.3
"16923",26,1109,2.3
"16316",7,304,2.3
"12935",6,260,2.3
"16450",1,44,2.3
"14608",1,43,2.3
"14126",1,44,2.3
"13627",3,132,2.3
"16984",25,1097,2.3
"17691",1,44,2.3
"14412",2,86,2.3
"15173",2,88,2.3
"15249",12,514,2.3
"16873",12,524,2.3
"12633",7,306,2.3
"16860",1,44,2.3
"14437",1,43,2.3
"14659",6,259,2.3
"18190",1,43,2.3
"14094",1,44,2.3
"16759",1,43,2.3
"17375",2,88,2.3
"13920",2,88,2.3
"14872",1,44,2.3
"15154",4,177,2.3
"16040",3,128,2.3
"16474",8,344,2.3
"13500",2,87,2.3
"15152",7,307,2.3
"14944",7,308,2.3
"13539",2,88,2.3
"18189",2,88,2.3
"12625",4,183,2.2
"14172",1,45,2.2
"16763",1,45,2.2
"16928",7,321,2.2
"16184",1,46,2.2
"13097",23,1026,2.2
"13831",4,186,2.2
"17613",7,313,2.2
"13337",2,89,2.2
"16229",4,180,2.2
"15187",2,92,2.2
"15296",12,546,2.2
"12621",16,740,2.2
"14286",11,510,2.2
"15750",14,641,2.2
"17090",2,92,2.2
"13152",3,138,2.2
"16676",3,136,2.2
"13921",1,45,2.2
"14915",2,92,2.2
"13884",4,186,2.2
"15276",4,182,2.2
"17720",3,135,2.2
"16293",5,230,2.2
"14191",6,271,2.2
"14151",1,45,2.2
"16533",4,180,2.2
"16143",5,228,2.2
"15092",1,46,2.2
"13778",1,45,2.2
"12391",6,273,2.2
"13089",75,3391,2.2
"14210",7,321,2.2
"13418",12,549,2.2
"13993",6,267,2.2
"15218",9,404,2.2
"15811",6,278,2.2
"14048",3,144,2.1
"14895",19,919,2.1
"18171",2,94,2.1
"15255",4,192,2.1
"14606",139,6486,2.1
"18230",3,143,2.1
"12874",1,47,2.1
"16790",2,95,2.1
"14568",1,48,2.1
"14766",7,341,2.1
"16755",7,326,2.1
"12511",4,194,2.1
"12822",1,47,2.1
"17716",13,614,2.1
"17579",2,96,2.1
"16120",2,94,2.1
"13881",10,467,2.1
"14626",5,237,2.1
"13238",1,48,2.1
"13077",7,337,2.1
"12507",1,48,2.1
"14867",3,140,2.1
"16934",3,144,2.1
"13941",2,96,2.1
"13313",4,191,2.1
"18109",14,668,2.1
"12870",2,95,2.1
"17874",1,47,2.1
"14930",6,284,2.1
"13209",8,374,2.1
"15513",12,559,2.1
"13162",5,243,2.1
"17315",15,759,2.0
"12801",1,50,2.0
"12863",1,49,2.0
"17813",7,355,2.0
"13362",6,304,2.0
"14025",2,102,2.0
"15814",2,100,2.0
"16465",1,49,2.0
"15906",4,205,2.0
"12520",3,150,2.0
"14065",1,50,2.0
"13368",1,51,2.0
"12957",10,500,2.0
"13102",10,491,2.0
"14725",2,101,2.0
"15981",6,294,2.0
"15106",2,102,2.0
"17061",2,101,2.0
"12413",1,49,2.0
"14035",3,148,2.0
"12530",3,152,2.0
"15314",1,51,2.0
"17894",8,409,2.0
"17769",12,595,2.0
"15289",2,99,2.0
"13663",2,101,2.0
"15505",2,99,2.0
"15628",6,305,2.0
"16917",1,51,2.0
"16861",1,50,2.0
"13802",9,457,2.0
"13066",1,49,2.0
"17739",3,152,2.0
"15208",1,49,2.0
"13692",2,98,2.0
"17659",4,196,2.0
"17146",6,307,2.0
"17243",21,1092,1.9
"12681",27,1406,1.9
"15176",1,53,1.9
"14573",6,316,1.9
"15358",21,1110,1.9
"17977",2,106,1.9
"14696",3,157,1.9
"13048",5,270,1.9
"15081",2,103,1.9
"15808",15,787,1.9
"12645",3,155,1.9
"13736",11,565,1.9
"15016",2,107,1.9
"14056",21,1109,1.9
"14837",4,213,1.9
"14136",2,108,1.9
"14883",1,54,1.9
"15467",1,53,1.9
"17633",2,103,1.9
"18097",3,159,1.9
"17811",22,1173,1.9
"16623",1,52,1.9
"12484",9,474,1.9
"13999",9,475,1.9
"16269",1,54,1.9
"14755",9,484,1.9
"16283",11,592,1.9
"16159",1,53,1.9
"13862",3,163,1.8
"15518",8,456,1.8
"15994",2,110,1.8
"17987",3,167,1.8
"14796",28,1520,1.8
"15950",7,400,1.8
"15065",3,169,1.8
"12675",2,113,1.8
"14462",5,285,1.8
"16228",1,55,1.8
"12905",1,55,1.8
"13946",1,57,1.8
"13832",1,56,1.8
"14156",72,4066,1.8
"12979",1,57,1.8
"13187",1,55,1.8
"13192",3,165,1.8
"16536",1,55,1.8
"14817",4,227,1.8
"17754",4,227,1.8
"13937",1,55,1.8
"17837",3,164,1.8
"17655",2,113,1.8
"12431",7,393,1.8
"17615",1,57,1.8
"12820",3,163,1.8
"16034",1,57,1.8
"15426",8,437,1.8
"17372",12,658,1.8
"13823",3,166,1.8
"12670",2,110,1.8
"14108",1,55,1.8
"16330",2,119,1.7
"14326",1,58,1.7
"17272",2,116,1.7
"12421",1,60,1.7
"16353",3,176,1.7
"13497",1,59,1.7
"17083",2,117,1.7
"17998",1,59,1.7
"16764",12,712,1.7
"15044",15,907,1.7
"17032",4,238,1.7
"15220",2,119,1.7
"13781",1,58,1.7
"14744",2,120,1.7
"13988",5,300,1.7
"17884",7,412,1.7
"13549",1,60,1.7
"13694",26,1545,1.7
"13758",5,289,1.7
"17402",3,180,1.7
"15826",2,121,1.7
"12428",5,292,1.7
"13501",2,116,1.7
"15980",2,117,1.7
"13936",1,60,1.7
"14849",13,751,1.7
"15796",5,297,1.7
"16356",1,60,1.7
"15384",2,120,1.7
"17158",2,115,1.7
"17322",3,180,1.7
"16672",2,116,1.7
"15955",6,348,1.7
"13292",1,60,1.7
"16619",2,118,1.7
"13911",4,242,1.7
"14493",6,361,1.7
"17404",5,293,1.7
"13871",7,409,1.7
"14367",9,530,1.7
"16797",7,405,1.7
"17990",1,58,1.7
"14555",2,119,1.7
"13425",3,180,1.7
"16572",1,58,1.7
"13646",1,59,1.7
"15108",1,58,1.7
"17931",6,357,1.7
"16912",3,175,1.7
"13700",4,244,1.6
"17311",2,129,1.6
"12631",3,185,1.6
"12936",1,63,1.6
"17841",198,12622,1.6
"14912",1,63,1.6
"16202",2,126,1.6
"15095",2,126,1.6
"13870",4,245,1.6
"13246",6,377,1.6
"15877",2,128,1.6
"12839",9,563,1.6
"18263",1,62,1.6
"17107",11,681,1.6
"14948",1,64,1.6
"16225",5,305,1.6
"14734",1,64,1.6
"13268",7,439,1.6
"16842",1,64,1.6
"14297",1,63,1.6
"17175",1,64,1.6
"12835",10,625,1.6
"13636",1,64,1.6
"13225",2,127,1.6
"18219",3,193,1.6
"15497",2,123,1.6
"14223",1,61,1.6
"12648",1,62,1.6
"12948",2,127,1.6
"13873",1,61,1.6
"12955",3,183,1.6
"16985",4,247,1.6
"16949",1,61,1.6
"15382",10,642,1.6
"16699",1,63,1.6
"17562",1,64,1.6
"15260",6,387,1.6
"17695",1,62,1.6
"14040",13,794,1.6
"16628",2,127,1.6
"16903",3,185,1.6
"15504",1,64,1.6
"17463",5,321,1.6
"13065",1,63,1.6
"17954",12,754,1.6
"13557",3,183,1.6
"17727",1,67,1.5
"16203",1,67,1.5
"13139",4,269,1.5
"17007",1,68,1.5
"12742",1,68,1.5
"15819",4,264,1.5
"17760",1,68,1.5
"14128",1,66,1.5
"16719",6,397,1.5
"17075",3,202,1.5
"15978",2,131,1.5
"15402",2,132,1.5
"13979",6,397,1.5
"12380",4,271,1.5
"14901",2,136,1.5
"14152",2,135,1.5
"15254",1,68,1.5
"15563",4,259,1.5
"14480",1,66,1.5
"14800",9,608,1.5
"14401",4,270,1.5
"12402",1,65,1.5
"17344",1,68,1.5
"16076",2,131,1.5
"12546",1,68,1.5
"14859",1,67,1.5
"13555",6,403,1.5
"16053",3,197,1.5
"17817",2,136,1.5
"14440",2,130,1.5
"17180",6,406,1.5
"16140",1,65,1.5
"14399",3,195,1.5
"14057",7,454,1.5
"13059",3,201,1.5
"13882",1,66,1.5
"15645",1,68,1.5
"17540",1,65,1.5
"14140",1,67,1.5
"12802",2,133,1.5
"15831",1,67,1.5
"16451",1,66,1.5
"14961",10,680,1.5
"15993",8,550,1.5
"13211",3,204,1.5
"18188",2,135,1.5
"14850",3,198,1.5
"14390",7,466,1.5
"17726",1,65,1.5
"17908",3,211,1.4
"15136",1,69,1.4
"13462",1,72,1.4
"16496",2,140,1.4
"17014",1,73,1.4
"13141",6,430,1.4
"14976",1,71,1.4
"16892",2,139,1.4
"16360",9,645,1.4
"16720",2,141,1.4
"12949",10,725,1.4
"17700",5,365,1.4
"17719",4,278,1.4
"14868",3,214,1.4
"17362",2,146,1.4
"15646",1,69,1.4
"16531",2,140,1.4
"16950",2,145,1.4
"16186",7,512,1.4
"15789",2,140,1.4
"15838",3,209,1.4
"14062",5,345,1.4
"13644",2,148,1.4
"12885",1,72,1.4
"16503",3,216,1.4
"16455",3,208,1.4
"17465",2,144,1.4
"12477",8,572,1.4
"13388",1,70,1.4
"17753",1,70,1.4
"15615",13,914,1.4
"13293",1,73,1.4
"16609",4,280,1.4
"18092",2,142,1.4
"17539",2,145,1.4
"16807",2,144,1.4
"17298",1,69,1.4
"17618",5,362,1.4
"16553",4,296,1.4
"16871",2,139,1.4
"13517",2,143,1.4
"15551",2,145,1.4
"13375",1,72,1.4
"17157",2,143,1.4
"13202",1,70,1.4
"13815",5,354,1.4
"12678",5,369,1.4
"13166",1,69,1.4
"15057",1,71,1.4
"15398",1,74,1.4
"16099",1,70,1.4
"16777",2,144,1.4
"13381",5,361,1.4
"12933",4,293,1.4
"18130",1,71,1.4
"12662",5,377,1.3
"13916",1,75,1.3
"14825",4,303,1.3
"16900",1,79,1.3
"17738",3,233,1.3
"12480",3,238,1.3
"17776",1,80,1.3
"17448",15,1125,1.3
"16188",1,75,1.3
"17667",3,235,1.3
"16016",4,301,1.3
"14565",2,159,1.3
"16607",4,302,1.3
"13481",3,227,1.3
"16946",1,76,1.3
"16918",6,460,1.3
"12758",4,317,1.3
"13435",2,151,1.3
"17994",4,308,1.3
"15050",2,151,1.3
"13477",2,159,1.3
"12952",1,80,1.3
"12775",1,75,1.3
"14510",1,76,1.3
"17521",1,79,1.3
"14451",7,519,1.3
"15038",3,238,1.3
"15021",8,631,1.3
"13860",1,77,1.3
"16406",2,150,1.3
"17091",6,461,1.3
"14693",1,76,1.3
"13632",3,223,1.3
"12395",3,230,1.3
"14107",3,239,1.3
"12668",7,534,1.3
"13178",9,696,1.3
"15059",8,596,1.3
"15476",1,80,1.3
"18065",4,313,1.3
"17635",1,75,1.3
"13803",1,79,1.3
"15550",3,238,1.3
"12379",1,78,1.3
"13131",2,151,1.3
"14713",9,684,1.3
"14739",3,247,1.2
"17231",15,1216,1.2
"13138",1,86,1.2
"16700",6,521,1.2
"15429",1,83,1.2
"15630",1,81,1.2
"15159",10,820,1.2
"16713",15,1281,1.2
"15312",2,165,1.2
"13715",6,518,1.2
"15687",2,168,1.2
"17801",1,82,1.2
"17054",1,84,1.2
"17139",10,818,1.2
"16631",1,81,1.2
"16441",1,85,1.2
"16242",8,680,1.2
"17323",4,334,1.2
"14080",1,84,1.2
"18241",2,161,1.2
"13327",4,324,1.2
"13590",5,411,1.2
"12694",1,81,1.2
"17002",1,85,1.2
"16255",6,514,1.2
"16210",3,257,1.2
"14157",1,86,1.2
"16033",17,1376,1.2
"14121",2,161,1.2
"13027",1,86,1.2
"13727",1,84,1.2
"17692",2,163,1.2
"17481",1,83,1.2
"18245",5,463,1.1
"18178",4,354,1.1
"12916",2,174,1.1
"14101",1,91,1.1
"12867",12,1062,1.1
"17850",27,2526,1.1
"14505",18,1591,1.1
"13421",3,267,1.1
"16014",3,278,1.1
"15525",2,181,1.1
"15544",6,537,1.1
"14593",7,617,1.1
"14321",2,181,1.1
"14404",2,183,1.1
"13895",2,188,1.1
"15061",10,907,1.1
"17027",2,180,1.1
"14525",6,531,1.1
"13239",1,95,1.1
"12586",1,95,1.1
"17965",9,825,1.1
"15144",4,353,1.1
"16702",1,91,1.1
"14631",1,92,1.1
"16563",1,90,1.1
"18215",1,90,1.1
"13850",1,94,1.1
"18181",2,180,1.1
"15301",4,349,1.1
"15532",7,621,1.1
"15807",1,89,1.1
"16491",1,88,1.1
"13196",2,190,1.1
"16117",1,90,1.1
"14081",9,853,1.1
"12481",4,372,1.1
"13184",2,180,1.1
"16015",2,182,1.1
"14623",3,284,1.1
"15570",8,738,1.1
"17602",10,919,1.1
"12383",1,95,1.1
"12838",4,360,1.1
"17173",1,87,1.1
"15048",1,95,1.1
"17962",2,184,1.1
"16419",1,91,1.1
"17377",19,1730,1.1
"17819",1,90,1.1
"13984",1,89,1.1
"13168",2,175,1.1
"13598",1,93,1.1
"16729",7,662,1.1
"18161",1,94,1.1
"14502",7,614,1.1
"16951",1,87,1.1
"16799",1,93,1.1
"16992",3,288,1.0
"13952",4,412,1.0
"12766",4,400,1.0
"12836",4,415,1.0
"15113",1,97,1.0
"15411",1,99,1.0
"17162",1,105,1.0
"17685",2,200,1.0
"13900",1,96,1.0
"15880",1,97,1.0
"16383",4,403,1.0
"15652",1,103,1.0
"13591",1,102,1.0
"15605",1,100,1.0
"15898",6,624,1.0
"18231",4,386,1.0
"16791",7,687,1.0
"14639",3,295,1.0
"17214",1,102,1.0
"15985",1,105,1.0
"16618",1,97,1.0
"16722",4,382,1.0
"14667",13,1280,1.0
"18177",1,100,1.0
"14560",2,202,1.0
"16625",1,100,1.0
"14421",1,97,1.0
"17512",2,199,1.0
"18204",2,194,1.0
"14409",1,105,1.0
"16926",1,97,1.0
"14828",1,102,1.0
"12594",2,195,1.0
"15601",8,832,1.0
"16332",2,198,1.0
"14499",3,314,1.0
"15856",11,1112,1.0
"14099",5,526,1.0
"17337",5,525,1.0
"16818",2,191,1.0
"12748",68,6625,1.0
"15594",1,104,1.0
"14852",3,312,1.0
"12856",3,314,1.0
"12418",1,103,1.0
"16560",2,201,1.0
"13199",2,204,1.0
"15046",4,397,1.0
"13488",7,686,1.0
"16204",1,102,1.0
"16153",2,228,0.9
"13617",1,108,0.9
"15584",2,222,0.9
"12524",2,226,0.9
"15446",1,112,0.9
"15542",2,228,0.9
"14068",1,109,0.9
"15140",1,113,0.9
"17211",3,347,0.9
"18151",1,107,0.9
"16770",3,342,0.9
"14247",1,114,0.9
"16905",3,322,0.9
"13542",3,334,0.9
"16347",3,345,0.9
"15394",2,229,0.9
"16782",16,1699,0.9
"17861",5,563,0.9
"13173",2,217,0.9
"15867",9,1022,0.9
"16812",1,116,0.9
"14454",1,111,0.9
"12583",4,423,0.9
"16611",1,111,0.9
"17730",3,317,0.9
"13842",3,338,0.9
"13786",1,117,0.9
"16379",1,109,0.9
"13224",1,108,0.9
"16940",6,635,0.9
"14037",1,115,0.9
"13642",1,106,0.9
"16841",2,221,0.9
"14087",2,215,0.9
"16265",3,335,0.9
"16395",6,639,0.9
"16327",7,883,0.8
"17582",1,123,0.8
"13431",1,130,0.8
"16221",2,240,0.8
"16869",1,128,0.8
"17085",8,993,0.8
"17092",3,395,0.8
"14474",1,128,0.8
"14530",4,477,0.8
"16317",1,118,0.8
"13969",9,1073,0.8
"14414",1,119,0.8
"13110",2,254,0.8
"17509",3,367,0.8
"16444",3,374,0.8
"16086",1,130,0.8
"13297",1,124,0.8
"14293",1,120,0.8
"17159",1,131,0.8
"15498",8,949,0.8
"16428",1,128,0.8
"14572",4,510,0.8
"17609",3,385,0.8
"14092",3,376,0.8
"15117",1,132,0.8
"17988",1,122,0.8
"15379",2,265,0.8
"14897",1,128,0.8
"17366",1,132,0.8
"13157",2,253,0.8
"14060",2,260,0.8
"17454",1,127,0.8
"16919",5,619,0.8
"15984",6,706,0.8
"14646",29,3853,0.8
"17584",1,125,0.8
"13607",1,122,0.8
"17062",1,121,0.8
"13269",4,490,0.8
"17576",7,894,0.8
"16774",1,132,0.8
"13159",1,121,0.8
"14334",2,260,0.8
"14482",2,246,0.8
"15967",4,484,0.8
"14878",3,372,0.8
"15834",3,376,0.8
"17799",7,911,0.8
"18061",1,123,0.8
"15900",1,127,0.8
"12857",1,122,0.8
"15422",1,121,0.8
"15680",2,238,0.8
"16365",1,125,0.8
"15443",5,630,0.8
"16746",8,990,0.8
"13276",2,241,0.8
"14535",7,830,0.8
"15812",1,126,0.8
"13760",1,120,0.8
"13422",1,128,0.8
"13857",1,128,0.8
"17589",10,1309,0.8
"17041",1,127,0.8
"15861",6,792,0.8
"17648",1,126,0.8
"15034",6,758,0.8
"15738",4,486,0.8
"13851",1,141,0.7
"13450",1,148,0.7
"15719",12,1781,0.7
"15271",4,574,0.7
"17324",1,146,0.7
"16633",1,153,0.7
"12517",2,278,0.7
"17905",1,146,0.7
"15367",2,281,0.7
"15889",2,300,0.7
"17350",1,143,0.7
"14844",2,279,0.7
"14235",1,149,0.7
"16942",2,279,0.7
"17135",1,143,0.7
"17289",2,268,0.7
"15039",18,2713,0.7
"13610",3,401,0.7
"14341",2,267,0.7
"17164",1,145,0.7
"15392",1,145,0.7
"14629",1,151,0.7
"12429",1,151,0.7
"17979",1,138,0.7
"14978",2,292,0.7
"12971",3,410,0.7
"15142",1,143,0.7
"17097",2,269,0.7
"18252",1,135,0.7
"16638",1,139,0.7
"13212",1,142,0.7
"15370",1,145,0.7
"16187",2,297,0.7
"13704",1,135,0.7
"13647",1,140,0.7
"13448",4,536,0.7
"15998",10,1435,0.7
"13464",1,152,0.7
"17611",8,1119,0.7
"14154",2,294,0.7
"17419",2,301,0.7
"14754",1,137,0.7
"12910",1,138,0.7
"14769",10,1407,0.7
"17921",2,362,0.6
"15939",1,154,0.6
"15491",1,155,0.6
"17950",1,166,0.6
"17201",1,171,0.6
"16279",2,350,0.6
"14649",3,530,0.6
"16065",2,355,0.6
"13316",1,174,0.6
"12569",1,158,0.6
"13013",3,490,0.6
"14221",2,349,0.6
"17491",1,178,0.6
"14487",1,169,0.6
"14456",6,951,0.6
"12451",3,513,0.6
"14291",3,497,0.6
"15164",2,354,0.6
"17829",1,172,0.6
"16748",1,166,0.6
"17629",1,157,0.6
"16434",1,181,0.6
"17591",1,177,0.6
"15965",2,334,0.6
"14936",3,530,0.6
"12423",1,156,0.6
"17883",1,174,0.6
"12876",1,167,0.6
"15306",1,163,0.6
"17735",5,879,0.6
"16612",1,168,0.6
"14692",1,160,0.6
"17886",1,167,0.6
"13742",2,315,0.6
"13117",1,163,0.6
"15549",1,161,0.6
"17160",4,655,0.6
"15996",1,174,0.6
"17848",1,163,0.6
"17690",2,362,0.6
"14711",2,347,0.6
"14709",2,359,0.6
"18055",3,536,0.6
"16823",1,174,0.6
"16837",1,166,0.6
"15974",1,177,0.6
"15067",1,178,0.6
"13203",1,170,0.6
"12978",1,164,0.6
"17381",1,164,0.6
"14395",5,784,0.6
"16520",2,354,0.6
"13985",3,485,0.6
"13756",2,345,0.6
"18287",1,155,0.6
"15712",1,167,0.6
"15033",3,503,0.6
"16798",1,170,0.6
"16725",2,349,0.6
"16358",1,155,0.6
"14508",1,178,0.6
"13240",1,200,0.5
"14770",1,198,0.5
"17284",2,374,0.5
"13593",2,410,0.5
"13280",1,206,0.5
"16843",3,599,0.5
"12637",3,614,0.5
"17519",1,205,0.5
"18125",1,193,0.5
"17416",3,600,0.5
"13849",1,221,0.5
"16011",2,426,0.5
"14584",1,219,0.5
"14159",10,1844,0.5
"17774",2,398,0.5
"15858",2,437,0.5
"13044",2,418,0.5
"13018",3,606,0.5
"12727",1,194,0.5
"14686",1,220,0.5
"14215",1,187,0.5
"14422",3,555,0.5
"15241",1,185,0.5
"14030",4,828,0.5
"14135",1,220,0.5
"13771",1,217,0.5
"13443",1,199,0.5
"14177",1,206,0.5
"13001",5,1020,0.5
"14657",1,210,0.5
"16085",2,375,0.5
"16743",2,373,0.5
"17768",1,183,0.5
"15747",1,217,0.5
"14110",2,402,0.5
"15704",1,205,0.5
"18044",1,201,0.5
"17682",1,221,0.5
"13722",1,190,0.5
"12865",1,196,0.5
"13042",1,185,0.5
"12872",2,396,0.5
"17190",1,189,0.5
"16954",1,207,0.5
"13821",1,205,0.5
"16416",1,187,0.5
"15023",5,960,0.5
"13567",1,202,0.5
"12731",2,394,0.5
"14132",1,201,0.5
"15484",1,241,0.4
"16809",1,260,0.4
"14282",1,240,0.4
"13975",3,740,0.4
"16983",1,232,0.4
"15228",1,235,0.4
"13544",1,239,0.4
"14540",1,265,0.4
"14719",1,236,0.4
"17126",2,446,0.4
"17084",1,282,0.4
"13772",2,569,0.4
"13527",2,445,0.4
"17975",2,467,0.4
"16987",1,261,0.4
"14257",1,241,0.4
"15416",1,229,0.4
"17757",5,1261,0.4
"17596",2,488,0.4
"16320",1,242,0.4
"12540",3,742,0.4
"13931",1,272,0.4
"15574",1,231,0.4
"17287",2,465,0.4
"16775",1,260,0.4
"17508",1,232,0.4
"17338",5,1308,0.4
"16945",2,476,0.4
"14963",2,478,0.4
"16898",1,252,0.4
"14016",2,448,0.4
"18102",4,1044,0.4
"17673",2,509,0.4
"16883",1,268,0.4
"17360",1,230,0.4
"16206",1,240,0.4
"14702",3,681,0.4
"15673",1,269,0.4
"15325",1,225,0.4
"17870",1,273,0.4
"17827",1,282,0.4
"13782",1,239,0.4
"14953",1,245,0.4
"16794",2,503,0.4
"17897",1,260,0.4
"14382",1,280,0.4
"18041",3,835,0.4
"14307",1,263,0.4
"17364",4,907,0.4
"18118",6,1435,0.4
"15353",1,361,0.3
"17019",2,643,0.3
"16745",1,356,0.3
"14532",1,315,0.3
"16271",1,298,0.3
"15003",1,330,0.3
"14514",1,320,0.3
"15058",1,348,0.3
"16335",1,362,0.3
"16767",1,321,0.3
"12577",1,298,0.3
"16258",1,345,0.3
"17449",2,585,0.3
"17961",2,632,0.3
"12757",1,359,0.3
"15051",1,290,0.3
"14088",2,684,0.3
"13426",1,344,0.3
"14587",1,372,0.3
"17858",1,374,0.3
"16466",1,337,0.3
"17068",3,997,0.3
"16686",3,1031,0.3
"13755",1,322,0.3
"17365",2,795,0.3
"12682",3,944,0.3
"16121",1,345,0.3
"16010",1,290,0.3
"14547",1,356,0.3
"15529",2,786,0.3
"14553",1,289,0.3
"17346",3,924,0.3
"15493",2,613,0.3
"16372",1,316,0.3
"15752",1,587,0.2
"16549",5,3098,0.2
"16326",1,467,0.2
"17191",1,498,0.2
"18145",1,403,0.2
"17920",3,1642,0.2
"13334",1,475,0.2
"16200",1,614,0.2
"16960",1,449,0.2
"16005",1,484,0.2
"13451",2,1023,0.2
"17530",1,476,0.2
"16470",1,469,0.2
"15547",2,1331,0.2
"15768",2,1210,0.2
"12490",1,442,0.2
"18069",2,971,0.2
"14461",1,636,0.2
"15150",1,574,0.2
"16938",1,825,0.1
"17059",1,722,0.1
"16710",1,910,0.1
"14044",1,826,0.1
"14085",1,1045,0.1
"16814",1,767,0.1
"13230",1,1251,0.1
"14298",4,2868,0.1
"15559",0,62,0.0
"16760",0,17,0.0
"14801",0,57,0.0
"15509",0,26,0.0
"17016",0,41,0.0
"13432",0,110,0.0
"18239",0,96,0.0
"17072",0,21,0.0
"15086",0,11,0.0
"13675",0,25,0.0
"16223",0,123,0.0
"17869",0,80,0.0
"16621",0,29,0.0
"17297",0,49,0.0
"14139",0,69,0.0
"13535",0,1,0.0
"15944",0,38,0.0
"14187",0,8,0.0
"15320",0,36,0.0
"13613",0,59,0.0
"13071",0,12,0.0
"12496",0,10,0.0
"15516",0,15,0.0
"17637",0,35,0.0
"15028",0,102,0.0
"16224",0,116,0.0
"13957",0,27,0.0
"13531",0,75,0.0
"13670",0,25,0.0
"15163",0,29,0.0
"17503",0,38,0.0
"12669",0,98,0.0
"14782",0,6,0.0
"17282",0,204,0.0
"16941",0,2,0.0
"18049",0,86,0.0
"12390",0,31,0.0
"17607",0,22,0.0
"17864",0,132,0.0
"16345",0,108,0.0
"15453",0,279,0.0
"14858",0,11,0.0
"12833",0,24,0.0
"15661",0,44,0.0
"14518",0,16,0.0
"13970",0,13,0.0
"15868",0,4,0.0
"14605",0,107,0.0
"14602",0,31,0.0
"17177",0,29,0.0
"15510",0,1,0.0
"18208",0,17,0.0
"17487",0,8,0.0
"16342",0,15,0.0
"18077",0,353,0.0
"14184",0,24,0.0
"17250",0,56,0.0
"15405",0,30,0.0
"16003",0,203,0.0
"12564",0,20,0.0
"16314",0,62,0.0
"16765",0,52,0.0
"13546",0,152,0.0
"16845",0,20,0.0
"15964",0,20,0.0
"13220",0,53,0.0
"17689",0,22,0.0
"13833",0,44,0.0
"13167",0,80,0.0
"16454",0,2,0.0
"12617",0,41,0.0
"12860",0,16,0.0
"12962",0,16,0.0
"17167",0,79,0.0
"15917",0,142,0.0
"15520",0,18,0.0
"16300",0,238,0.0
"15168",0,5,0.0
"13596",0,146,0.0
"13569",0,178,0.0
"17878",0,82,0.0
"17803",0,27,0.0
"17620",0,4,0.0
"18011",0,63,0.0
"17517",0,11,0.0
"14778",0,35,0.0
"16165",0,1,0.0
"15560",0,10,0.0
"15869",0,34,0.0
"15862",0,496,0.0
"13296",0,53,0.0
"13723",0,58,0.0
"17111",0,48,0.0
"18036",0,326,0.0
"15945",0,28,0.0
"16193",0,38,0.0
"17267",0,37,0.0
"16370",0,221,0.0
"13189",0,29,0.0
"13489",0,14,0.0
"16958",0,70,0.0
"15860",0,342,0.0
"16125",0,287,0.0
"12358",0,74,0.0
"17911",0,39,0.0
"16248",0,7,0.0
"15958",0,65,0.0
"12735",0,41,0.0
"15933",0,74,0.0
"18119",0,29,0.0
"14663",0,68,0.0
"12890",0,135,0.0
"14539",0,32,0.0
"12875",0,8,0.0
"17060",0,5,0.0
"15475",0,29,0.0
"13064",0,93,0.0
"14003",0,16,0.0
"17711",0,23,0.0
"17537",0,74,0.0
"12756",0,4,0.0
"14249",0,271,0.0
"12780",0,19,0.0
"17786",0,68,0.0
"13195",0,46,0.0
"16152",0,29,0.0
"14955",0,31,0.0
"13940",0,49,0.0
"17151",0,4,0.0
"13356",0,42,0.0
"13753",0,80,0.0
"16348",0,252,0.0
"13904",0,26,0.0
"12698",0,15,0.0
"12461",0,34,0.0
"16982",0,22,0.0
"14130",0,220,0.0
"13016",0,47,0.0
"13442",0,38,0.0
"13339",0,54,0.0
"16596",0,24,0.0
"18131",0,4,0.0
"15336",0,15,0.0
"15440",0,62,0.0
"16068",0,35,0.0
"16800",0,156,0.0
"12783",0,78,0.0
"16171",0,3,0.0
"16337",0,10,0.0
"17205",0,35,0.0
"16589",0,44,0.0
"14465",0,193,0.0
"13783",0,10,0.0
"14767",0,18,0.0
"17843",0,60,0.0
"16834",0,48,0.0
"17401",0,12,0.0
"13603",0,27,0.0
"15753",0,1,0.0
"12739",0,86,0.0
"13601",0,185,0.0
"17494",0,3,0.0
"17309",0,36,0.0
"15850",0,311,0.0
"16226",0,31,0.0
"14097",0,40,0.0
"13061",0,10,0.0
"14207",0,2,0.0
"17674",0,27,0.0
"13480",0,41,0.0
"18027",0,21,0.0
"14436",0,11,0.0
"13223",0,13,0.0
"17717",0,26,0.0
"13774",0,22,0.0
"13063",0,12,0.0
"14877",0,63,0.0
"17927",0,10,0.0
"15324",0,8,0.0
"15211",0,52,0.0
"12691",0,33,0.0
"14385",0,14,0.0
"16100",0,37,0.0
"16243",0,51,0.0
"17358",0,146,0.0
"17619",0,74,0.0
"13708",0,48,0.0
"17901",0,22,0.0
"15540",0,31,0.0
"15072",0,13,0.0
"15129",0,207,0.0
"14772",0,9,0.0
"16456",0,391,0.0
"14988",0,235,0.0
"17023",0,49,0.0
"16741",0,11,0.0
"14563",0,105,0.0
"16192",0,11,0.0
"12803",0,54,0.0
"13160",0,4,0.0
"14750",0,32,0.0
"14054",0,6,0.0
"15631",0,39,0.0
"14990",0,42,0.0
"16537",0,2,0.0
"13649",0,108,0.0
"18216",0,26,0.0
"17985",0,21,0.0
"13792",0,23,0.0
"17605",0,13,0.0
"15725",0,32,0.0
"16574",0,86,0.0
"14848",0,11,0.0
"17669",0,144,0.0
"14862",0,48,0.0
"16420",0,2,0.0
"15036",0,119,0.0
"12623",0,167,0.0
"15450",0,30,0.0
"16545",0,8,0.0
"12459",0,22,0.0
"14383",0,59,0.0
"12692",0,13,0.0
"14666",0,13,0.0
"14707",0,2,0.0
"15813",0,40,0.0
"14613",0,1,0.0
"15716",0,285,0.0
"14757",0,19,0.0
"17775",0,3,0.0
"17945",0,71,0.0
"14381",0,112,0.0
"18205",0,32,0.0
"16927",0,6,0.0
"13795",0,29,0.0
"17580",0,93,0.0
"17413",0,10,0.0
"14942",0,19,0.0
"15089",0,145,0.0
"13193",0,25,0.0
"13469",0,6,0.0
"16603",0,34,0.0
"17461",0,106,0.0
"15277",0,26,0.0
"15567",0,7,0.0
"17840",0,50,0.0
"13493",0,6,0.0
"16426",0,353,0.0
"17831",0,2,0.0
"12882",0,13,0.0
"16738",0,1,0.0
"17258",0,55,0.0
"18186",0,11,0.0
"17833",0,31,0.0
"17822",0,168,0.0
"15020",0,27,0.0
"15986",0,25,0.0
"14995",0,60,0.0
"15024",0,320,0.0
"12713",0,37,0.0
"13233",0,76,0.0
"16727",0,205,0.0
"14429",0,22,0.0
"16733",0,12,0.0
"12794",0,45,0.0
"15937",0,7,0.0
"13218",0,5,0.0
"12926",0,261,0.0
"12913",0,92,0.0
"16110",0,430,0.0
"17782",0,29,0.0
"13326",0,13,0.0
"16635",0,25,0.0
"17701",0,24,0.0
"15085",0,9,0.0
"12855",0,67,0.0
"14093",0,100,0.0
"17106",0,51,0.0
"15654",0,21,0.0
"17030",0,11,0.0
"12996",0,22,0.0
"12574",0,10,0.0
"15865",0,126,0.0
"18047",0,83,0.0
"13125",0,20,0.0
"14751",0,7,0.0
"14799",0,23,0.0
"17821",0,6,0.0
"17601",0,71,0.0
"13318",0,20,0.0
"17262",0,19,0.0
"18045",0,43,0.0
"15500",0,68,0.0
"13573",0,86,0.0
"17871",0,83,0.0
"18133",0,1,0.0
"16990",0,2,0.0
"12646",0,45,0.0
"15774",0,109,0.0
"17835",0,59,0.0
"12859",0,21,0.0
"18105",0,18,0.0
"15915",0,112,0.0
"18101",0,109,0.0
"17712",0,29,0.0
"15683",0,26,0.0
"13247",0,25,0.0
"14026",0,50,0.0
"14682",0,86,0.0
"17940",0,33,0.0
"13241",0,40,0.0
"16079",0,21,0.0
"15909",0,7,0.0
"14377",0,11,0.0
"17414",0,21,0.0
"13124",0,283,0.0
"13062",0,11,0.0
"17224",0,8,0.0
"14162",0,25,0.0
"18129",0,14,0.0
"16989",0,12,0.0
"12582",0,101,0.0
"12614",0,20,0.0
"15912",0,95,0.0
"14993",0,10,0.0
"14348",0,18,0.0
"12811",0,51,0.0
"15604",0,17,0.0
"17559",0,12,0.0
"17273",0,12,0.0
"15552",0,30,0.0
"12420",0,29,0.0
"17983",0,24,0.0
"13804",0,167,0.0
"17891",0,34,0.0
"14815",0,53,0.0
"15995",0,110,0.0
"14086",0,1,0.0
"13034",0,44,0.0
"12685",0,151,0.0
"16753",0,34,0.0
"18153",0,17,0.0
"14658",0,29,0.0
"16792",0,102,0.0
"15428",0,44,0.0
"16813",0,426,0.0
"16123",0,16,0.0
"14466",0,206,0.0
"18147",0,7,0.0
"13361",0,34,0.0
"17993",0,60,0.0
"16866",0,11,0.0
"16487",0,35,0.0
"15852",0,33,0.0
"12974",0,32,0.0
"17425",0,43,0.0
"15153",0,22,0.0
"14163",0,58,0.0
"16435",0,125,0.0
"18029",0,18,0.0
"14969",0,13,0.0
"12522",0,10,0.0
"15361",0,10,0.0
"17514",0,83,0.0
"15715",0,38,0.0
"12808",0,46,0.0
"17794",0,7,0.0
"17459",0,111,0.0
"18014",0,29,0.0
"14393",0,5,0.0
"17265",0,122,0.0
"16959",0,7,0.0
"17839",0,52,0.0
"18134",0,28,0.0
"17066",0,18,0.0
"14387",0,139,0.0
"15983",0,258,0.0
"14677",0,14,0.0
"14614",0,19,0.0
"15824",0,26,0.0
"18090",0,54,0.0
"15875",0,23,0.0
"16270",0,54,0.0
"17824",0,13,0.0
"15787",0,200,0.0
"14183",0,34,0.0
"14106",0,1,0.0
"16509",0,13,0.0
"14131",0,46,0.0
"17523",0,33,0.0
"15112",0,7,0.0
"17522",0,72,0.0
"14063",0,38,0.0
"17356",0,86,0.0
"14633",0,20,0.0
"12543",0,42,0.0
"17795",0,45,0.0
"16199",0,10,0.0
"12751",0,62,0.0
"15216",0,24,0.0
"16890",0,18,0.0
"14924",0,31,0.0
"15783",0,14,0.0
"14704",0,452,0.0
"17370",0,33,0.0
"16492",0,23,0.0
"17887",0,10,0.0
"17223",0,68,0.0
"12778",0,105,0.0
"16669",0,154,0.0
"14517",0,18,0.0
"15537",0,24,0.0
"17982",0,13,0.0
"12355",0,35,0.0
"16679",0,18,0.0
"17333",0,28,0.0
"15762",0,37,0.0
"15178",0,3,0.0
"17275",0,23,0.0
"16137",0,28,0.0
"18283",0,936,0.0
"15177",0,26,0.0
"12849",0,140,0.0
"12485",0,34,0.0
"15080",0,31,0.0
"16216",0,37,0.0
"18025",0,112,0.0
"14710",0,432,0.0
"15562",0,33,0.0
"12464",0,22,0.0
"13869",0,838,0.0
"14600",0,54,0.0
"16323",0,4,0.0
"15389",0,6,0.0
"16197",0,93,0.0
"16272",0,25,0.0
"15575",0,3,0.0
"16645",0,14,0.0
"13578",0,9,0.0
"12498",0,21,0.0
"13811",0,10,0.0
"14224",0,229,0.0
"15629",0,77,0.0
"14340",0,6,0.0
"14280",0,8,0.0
"13498",0,17,0.0
"16723",0,124,0.0
"18040",0,19,0.0
"18175",0,7,0.0
"15686",0,1,0.0
"15481",0,38,0.0
"12704",0,81,0.0
"15829",0,51,0.0
"15456",0,227,0.0
"15925",0,12,0.0
"12990",0,27,0.0
"16698",0,5,0.0
"16386",0,139,0.0
"12946",0,20,0.0
"14972",0,20,0.0
"12684",0,98,0.0
"12535",0,34,0.0
"14917",0,29,0.0
"15820",0,17,0.0
"12687",0,125,0.0
"17790",0,302,0.0
"15386",0,31,0.0
"16910",0,545,0.0
"14242",0,16,0.0
"13242",0,35,0.0
"17056",0,8,0.0
"12848",0,16,0.0
"17625",0,683,0.0
"16591",0,10,0.0
"14774",0,13,0.0
"16448",0,50,0.0
"12469",0,76,0.0
"12842",0,48,0.0
"12823",0,18,0.0
"14722",0,87,0.0
"12745",0,22,0.0
"14791",0,19,0.0
"14881",0,17,0.0
"17065",0,12,0.0
"17932",0,90,0.0
"16962",0,15,0.0
"14002",0,47,0.0
"17957",0,30,0.0
"17237",0,79,0.0
"16231",0,100,0.0
"15592",0,24,0.0
"16288",0,7,0.0
"16486",0,7,0.0
"15313",0,1,0.0
"13079",0,17,0.0
"16505",0,4,0.0
"17261",0,43,0.0
"16144",0,1,0.0
"14004",0,241,0.0
"15280",0,60,0.0
"12587",0,3,0.0
"12715",0,19,0.0
"17387",0,76,0.0
"15910",0,620,0.0
"18127",0,67,0.0
"17192",0,20,0.0
"16783",0,25,0.0
"18098",0,86,0.0
"14459",0,112,0.0
"14272",0,64,0.0
"14118",0,15,0.0
"13712",0,33,0.0
"13265",0,90,0.0
"12638",0,46,0.0
"18048",0,59,0.0
"16708",0,27,0.0
"13726",0,42,0.0
"16594",0,53,0.0
"15949",0,19,0.0
"16028",0,5,0.0
"12363",0,23,0.0
"17427",0,2,0.0
"14889",0,10,0.0
"13129",0,11,0.0
"14826",0,10,0.0
"15666",0,67,0.0
"17003",0,111,0.0
"15934",0,29,0.0
"12356",0,139,0.0
"12988",0,83,0.0
"12799",0,15,0.0
"17447",0,36,0.0
"17304",0,5,0.0
"16074",0,25,0.0
"14843",0,9,0.0
"12728",0,56,0.0
"14879",0,27,0.0
"16274",0,63,0.0
"16668",0,53,0.0
"18210",0,144,0.0
"12912",0,24,0.0
"17529",0,82,0.0
"16991",0,74,0.0
"14494",0,17,0.0
"16238",0,6,0.0
"15863",0,77,0.0
"15991",0,6,0.0
"13858",0,11,0.0
"17327",0,4,0.0
"13325",0,12,0.0
"17067",0,13,0.0
"14556",0,196,0.0
"13315",0,22,0.0
"12506",0,23,0.0
"18237",0,61,0.0
"14190",0,1,0.0
"18235",0,104,0.0
"15022",0,140,0.0
"12351",0,21,0.0
"14331",0,28,0.0
"17498",0,17,0.0
"16478",0,17,0.0
"16464",0,230,0.0
"15149",0,68,0.0
"12812",0,15,0.0
"18138",0,8,0.0
"18281",0,17,0.0
"13263",0,1900,0.0
"13822",0,96,0.0
"12786",0,17,0.0
"15564",0,4,0.0
"17042",0,97,0.0
"16657",0,192,0.0
"13906",0,1,0.0
"12430",0,10,0.0
"15258",0,34,0.0
"17964",0,98,0.0
"16280",0,16,0.0
"14271",0,38,0.0
"12788",0,22,0.0
"16253",0,296,0.0
"17186",0,2,0.0
"13491",0,261,0.0
"16606",0,22,0.0
"14594",0,52,0.0
"12744",0,332,0.0
"14181",0,52,0.0
"17556",0,14,0.0
"15635",0,2,0.0
"15126",0,25,0.0
"14248",0,47,0.0
"15519",0,37,0.0
"15013",0,340,0.0
"14098",0,21,0.0
"15263",0,12,0.0
"12581",0,14,0.0
"15261",0,92,0.0
"17212",0,29,0.0
"16263",0,21,0.0
"16399",0,109,0.0
"13933",0,23,0.0
"15919",0,122,0.0
"15825",0,20,0.0
"15590",0,87,0.0
"17709",0,40,0.0
"16529",0,128,0.0
"14958",0,71,0.0
"13609",0,7,0.0
"14116",0,72,0.0
"14669",0,387,0.0
"14114",0,74,0.0
"17756",0,84,0.0
"14129",0,109,0.0
"12398",0,84,0.0
"14270",0,29,0.0
"13580",0,5,0.0
"16889",0,217,0.0
"13553",0,89,0.0
"15512",0,32,0.0
"17773",0,55,0.0
"14478",0,68,0.0
"12732",0,11,0.0
"13637",0,98,0.0
"12442",0,11,0.0
"14405",0,2,0.0
"17892",0,28,0.0
"12725",0,103,0.0
"17879",0,6,0.0
"13652",0,141,0.0
"12394",0,25,0.0
"16196",0,4,0.0
"16728",0,263,0.0
"14185",0,3,0.0
"18224",0,10,0.0
"17797",0,271,0.0
"17136",0,14,0.0
"15495",0,20,0.0
"15407",0,148,0.0
"18058",0,16,0.0
"12416",0,11,0.0
"15160",0,23,0.0
"15227",0,120,0.0
"12618",0,10,0.0
"16183",0,41,0.0
"15773",0,47,0.0
"16295",0,79,0.0
"17199",0,8,0.0
"14839",0,74,0.0
"17256",0,31,0.0
"17179",0,158,0.0
"17752",0,1,0.0
"13227",0,9,0.0
"18035",0,57,0.0
"17168",0,21,0.0
"17538",0,9,0.0
"16506",0,3,0.0
"17295",0,68,0.0
"12502",0,142,0.0
"17564",0,49,0.0
"14632",0,8,0.0
"17050",0,348,0.0
"12984",0,4,0.0
"17077",0,1,0.0
"12521",0,37,0.0
"13395",0,81,0.0
"14612",0,14,0.0
"14017",0,14,0.0
"13796",0,22,0.0
"13687",0,45,0.0
"17435",0,15,0.0
"16527",0,73,0.0
"14672",0,106,0.0
"13997",0,44,0.0
"14945",0,11,0.0
"16595",0,452,0.0
"12911",0,236,0.0
"13780",0,98,0.0
"14661",0,4,0.0
"17196",0,93,0.0
"14943",0,5,0.0
"16336",0,68,0.0
"17303",0,53,0.0
"16334",0,54,0.0
"14279",0,3,0.0
"16914",0,30,0.0
"16064",0,17,0.0
"16610",0,6,0.0
"13470",0,10,0.0
"13025",0,13,0.0
"16139",0,57,0.0
"16369",0,167,0.0
"16693",0,168,0.0
"18170",0,126,0.0
"12350",0,16,0.0
"13244",0,27,0.0
"12816",0,27,0.0
"18159",0,23,0.0
"14654",0,27,0.0
"14519",0,38,0.0
"15904",0,30,0.0
"15977",0,65,0.0
"16913",0,18,0.0
"12723",0,68,0.0
"12845",0,27,0.0
"14327",0,106,0.0
"12906",0,63,0.0
"14289",0,47,0.0
"17444",0,134,0.0
"12729",0,25,0.0
"14716",0,96,0.0
"18195",0,5,0.0
"15335",0,35,0.0
"13158",0,100,0.0
"15458",0,13,0.0
"16246",0,88,0.0
"17587",0,41,0.0
"16254",0,74,0.0
"12654",0,34,0.0
"16880",0,183,0.0
"16207",0,19,0.0
"16189",0,11,0.0
"16427",0,9,0.0
"16901",0,23,0.0
"15195",0,1,0.0
"12541",0,49,0.0
"14125",0,166,0.0
"14265",0,79,0.0
"16129",0,96,0.0
"17885",0,53,0.0
"17305",0,9,0.0
"14192",0,14,0.0
"13002",0,23,0.0
"17398",0,38,0.0
"14554",0,203,0.0
"16310",0,28,0.0
"14438",0,9,0.0
"17751",0,32,0.0
"12740",0,27,0.0
"12365",0,21,0.0
"14509",0,25,0.0
"14886",0,18,0.0
"14268",0,19,0.0
"16737",0,2,0.0
"13120",0,1,0.0
"18114",0,28,0.0
"14378",0,9,0.0
"13707",0,155,0.0
"14876",0,13,0.0
"17355",0,33,0.0
"15007",0,12,0.0
"17806",0,43,0.0
"14616",0,5,0.0
"16943",0,33,0.0
"13482",0,20,0.0
"16585",0,18,0.0
"17534",0,92,0.0
"15130",0,22,0.0
"17549",0,6,0.0
"15886",0,62,0.0
"17852",0,108,0.0
"12759",0,294,0.0
"18249",0,8,0.0
"17076",0,50,0.0
"15463",0,7,0.0
"13207",0,13,0.0
"13537",0,42,0.0
"16726",0,262,0.0
"12991",0,45,0.0
"13532",0,66,0.0
"17608",0,159,0.0
"14986",0,98,0.0
"16528",0,17,0.0
"16349",0,9,0.0
"17432",0,274,0.0
"12571",0,34,0.0
"14630",0,21,0.0
"12367",0,10,0.0
"17241",0,170,0.0
"16685",0,62,0.0
"15242",0,4,0.0
"18081",0,17,0.0
"14759",0,102,0.0
"16948",0,43,0.0
"17308",0,7,0.0
"13273",0,16,0.0
"15075",0,27,0.0
"15060",0,114,0.0
"15246",0,51,0.0
"15835",0,50,0.0
"12387",0,9,0.0
"17575",0,5,0.0
"17926",0,44,0.0
"14476",0,17,0.0
"15439",0,57,0.0
"12887",0,13,0.0
"14576",0,1,0.0
"16969",0,42,0.0
"14343",0,234,0.0
"15319",0,16,0.0
"13595",0,143,0.0
"16891",0,418,0.0
"17277",0,69,0.0
"18078",0,73,0.0
"18203",0,58,0.0
"15131",0,7,0.0
"16318",0,19,0.0
"16682",0,30,0.0
"13076",0,9,0.0
"17947",0,9,0.0
"17501",0,18,0.0
"13690",0,9,0.0
"17468",0,8,0.0
"14148",0,17,0.0
"15979",0,22,0.0
"16346",0,15,0.0
"12372",0,49,0.0
"14391",0,14,0.0
"14238",0,13,0.0
"14523",0,12,0.0
"15480",0,213,0.0
"13228",0,2,0.0
"17264",0,74,0.0
"12591",0,65,0.0
"17124",0,31,0.0
"18259",0,85,0.0
"17928",0,26,0.0
"17536",0,16,0.0
"18144",0,84,0.0
"17232",0,35,0.0
"16114",0,8,0.0
"15019",0,66,0.0
"12977",0,58,0.0
"17143",0,112,0.0
"14656",0,207,0.0
"13923",0,20,0.0
"13298",0,2,0.0
"15619",0,3,0.0
"17762",0,17,0.0
"13307",0,15,0.0
"13739",0,6,0.0
"12374",0,81,0.0
"12844",0,103,0.0
"13444",0,57,0.0
"14604",0,22,0.0
"14138",0,46,0.0
"14375",0,205,0.0
"14809",0,18,0.0
"13548",0,184,0.0
"12433",0,559,0.0
"16706",0,123,0.0
"14250",0,111,0.0
"12815",0,45,0.0
"15929",0,1,0.0
"14411",0,14,0.0
"18096",0,389,0.0
"18083",0,40,0.0
"18264",0,36,0.0
"13234",0,61,0.0
"17118",0,10,0.0
"15364",0,29,0.0
"16647",0,33,0.0
"13103",0,33,0.0
"17108",0,9,0.0
"12357",0,295,0.0
"15859",0,22,0.0
"15501",0,69,0.0
"18275",0,19,0.0
"14457",0,4,0.0
"16008",0,253,0.0
"14490",0,80,0.0
"16178",0,25,0.0
"15784",0,43,0.0
"13036",0,6,0.0
"16049",0,485,0.0
"14668",0,12,0.0
"17863",0,255,0.0
"17184",0,14,0.0
"14096",0,5095,0.0
"13713",0,80,0.0
"14481",0,150,0.0
"15001",0,45,0.0
"17483",0,28,0.0
"17271",0,48,0.0
"17860",0,162,0.0
"15052",0,28,0.0
"17479",0,18,0.0
"14439",0,129,0.0
"16091",0,18,0.0
"14596",0,53,0.0
"15376",0,116,0.0
"12900",0,13,0.0
"14347",0,6,0.0
"14765",0,39,0.0
"17785",0,51,0.0
"16665",0,9,0.0
"13088",0,20,0.0
"14715",0,136,0.0
"14253",0,12,0.0
"16786",0,1,0.0
"15718",0,18,0.0
"17409",0,104,0.0
"13702",0,5,0.0
"17974",0,361,0.0
"12401",0,4,0.0
"14653",0,380,0.0
"13533",0,75,0.0
"14274",0,15,0.0
"14851",0,42,0.0
"14736",0,88,0.0
"14591",0,176,0.0
"14358",0,25,0.0
"15499",0,41,0.0
"14394",0,6,0.0
"15843",0,8,0.0
"12795",0,13,0.0
"13153",0,15,0.0
"13790",0,45,0.0
"15278",0,29,0.0
"15243",0,61,0.0
"13392",0,8,0.0
"17956",0,1,0.0
"17898",0,50,0.0
"15267",0,11,0.0
"15723",0,123,0.0
"15234",0,14,0.0
"14203",0,16,0.0
"14469",0,145,0.0
"18031",0,63,0.0
"17220",0,671,0.0
"17750",0,182,0.0
"12899",0,17,0.0
"15792",0,57,0.0
"16319",0,3,0.0
"13243",0,205,0.0
"12353",0,24,0.0
"14779",0,41,0.0
"17630",0,26,0.0
"14512",0,79,0.0
"18166",0,10,0.0
"12561",0,16,0.0
"15025",0,138,0.0
"15349",0,71,0.0
"15340",0,7,0.0
"13040",0,43,0.0
"17043",0,199,0.0
"12741",0,15,0.0
"13550",0,42,0.0
"16870",0,28,0.0
"15219",0,26,0.0
"16368",0,90,0.0
"16562",0,34,0.0
"16043",0,73,0.0
"15855",0,95,0.0
"16712",0,520,0.0
"17101",0,73,0.0
"15010",0,20,0.0
"14559",0,2,0.0
"14220",0,38,0.0
"14167",0,115,0.0
"16649",0,20,0.0
"16194",0,8,0.0
"18085",0,62,0.0
"17836",0,23,0.0
"15931",0,14,0.0
"13667",0,83,0.0
"18169",0,9,0.0
"14919",0,13,0.0
"16808",0,23,0.0
"13349",0,15,0.0
"15040",0,1,0.0
"12354",0,58,0.0
"16915",0,74,0.0
"13892",0,36,0.0
"14413",0,95,0.0
"14134",0,180,0.0
"14520",0,4,0.0
"15014",0,33,0.0
"18057",0,131,0.0
"13385",0,35,0.0
"14964",0,13,0.0
"14536",0,18,0.0
"12958",0,49,0.0
"15488",0,11,0.0
"15627",0,24,0.0
"16751",0,25,0.0
"12764",0,45,0.0
"14845",0,1,0.0
"15454",0,39,0.0
"16307",0,75,0.0
"16385",0,114,0.0
"16692",0,4,0.0
"12377",0,150,0.0
"15352",0,34,0.0
"13312",0,5,0.0
"13165",0,49,0.0
"12714",0,684,0.0
"16352",0,28,0.0
"12754",0,63,0.0
"16715",0,28,0.0
"17922",0,8,0.0
"13321",0,11,0.0
"14144",0,1,0.0
"16030",0,29,0.0
"18253",0,7,0.0
"14463",0,8,0.0
"16328",0,16,0.0
"15196",0,42,0.0
"17279",0,9,0.0
"15976",0,376,0.0
"13423",0,12,0.0
"15200",0,30,0.0
"13960",0,12,0.0
"15139",0,13,0.0
"12385",0,64,0.0
"13099",0,1,0.0
"16826",0,22,0.0
"15847",0,48,0.0
"15099",0,23,0.0
"13685",0,39,0.0
"14424",0,1,0.0
"16479",0,35,0.0
"14718",0,11,0.0
"16052",0,34,0.0
"13483",0,10,0.0
"18089",0,10,0.0
"14599",0,79,0.0
"16495",0,88,0.0
"14498",0,369,0.0
"17129",0,2,0.0
"16304",0,25,0.0
"12923",0,59,0.0
"16872",0,18,0.0
"17872",0,15,0.0
"14346",0,146,0.0
"18112",0,62,0.0
"13333",0,55,0.0
"17960",0,37,0.0
"18211",0,42,0.0
"17914",0,75,0.0
"15295",0,52,0.0
"17686",0,429,0.0
"17855",0,17,0.0
"17895",0,15,0.0
"16146",0,41,0.0
"15591",0,7,0.0
"16285",0,31,0.0
"18019",0,5,0.0
"16964",0,6,0.0
"15806",0,31,0.0
"12902",0,10,0.0
"15412",0,10,0.0
"17149",0,6,0.0
"18246",0,5,0.0
"12639",0,61,0.0
"17281",0,6,0.0
"14741",0,76,0.0
"18192",0,45,0.0
"13893",0,21,0.0
"13695",0,96,0.0
"16502",0,41,0.0
"15214",0,110,0.0
"16241",0,960,0.0
"13347",0,7,0.0
"17320",0,152,0.0
"17325",0,39,0.0
"18037",0,33,0.0
"17889",0,116,0.0
"12608",0,16,0.0
"13291",0,318,0.0
"13525",0,6,0.0
"15236",0,15,0.0
"17566",0,142,0.0
"12847",0,119,0.0
"12526",0,68,0.0
"16971",0,41,0.0
"14820",0,64,0.0
"17594",0,104,0.0
"12837",0,88,0.0
"14526",0,41,0.0
"15743",0,86,0.0
"12973",0,6,0.0
"13180",0,4,0.0
"14408",0,128,0.0
"16070",0,33,0.0
"13204",0,57,0.0
"18233",0,1,0.0
"16586",0,28,0.0
"17319",0,3,0.0
"12793",0,41,0.0
"14365",0,51,0.0
"18010",0,14,0.0
"15610",0,6,0.0
"17458",0,86,0.0
"15397",0,6,0.0
"14364",0,69,0.0
"13449",0,19,0.0
"17006",0,129,0.0
"15333",0,16,0.0
"17290",0,195,0.0
"16973",0,6,0.0
"14027",0,6,0.0
"14418",0,124,0.0
"12791",0,22,0.0
"15305",0,5,0.0
"12552",0,19,0.0
"17330",0,8,0.0
"15895",0,11,0.0
"14197",0,20,0.0
"17208",0,23,0.0
"12634",0,19,0.0
"14303",0,22,0.0
"15464",0,155,0.0
"14544",0,187,0.0
"16031",0,98,0.0
"13559",0,2,0.0
"12696",0,47,0.0
"15096",0,11,0.0
"13170",0,30,0.0
"17200",0,25,0.0
"17791",0,10,0.0
"18082",0,70,0.0
"15911",0,256,0.0
"15714",0,48,0.0
"12827",0,25,0.0
"13757",0,8,0.0
"14014",0,76,0.0
"13176",0,67,0.0
"13454",0,23,0.0
"13402",0,79,0.0
"13566",0,365,0.0
"13718",0,12,0.0
"13730",0,43,0.0
"12489",0,14,0.0
"14624",0,51,0.0
"17787",0,128,0.0
"13289",0,16,0.0
"16641",0,36,0.0
"12488",0,54,0.0
"16662",0,28,0.0
"12767",0,43,0.0
"14396",0,249,0.0
"17744",0,151,0.0
"15307",0,12,0.0
"13972",0,15,0.0
"14647",0,48,0.0
"13123",0,45,0.0
"13487",0,49,0.0
"13614",0,264,0.0
"17520",0,30,0.0
"16402",0,57,0.0
"13214",0,229,0.0
"15733",0,10,0.0
"17825",0,27,0.0
"14005",0,84,0.0
"15938",0,39,0.0
"17551",0,39,0.0
"16267",0,7,0.0
"15613",0,27,0.0
"16811",0,28,0.0
"15070",0,33,0.0
"14940",0,32,0.0
"15893",0,1,0.0
"15543",0,56,0.0
"15710",0,110,0.0
"16022",0,71,0.0
"12776",0,3,0.0
"13087",0,15,0.0
"13011",0,3,0.0
"17443",0,1,0.0
"13959",0,157,0.0
"15705",0,6,0.0
"18154",0,47,0.0
"17189",0,120,0.0
"13839",0,7,0.0
"13608",0,34,0.0
"13793",0,7,0.0
"18063",0,3,0.0
"15184",0,84,0.0
"15698",0,2,0.0
"17431",0,43,0.0
"14066",0,7,0.0
"17332",0,94,0.0
"17804",0,91,0.0
"15908",0,40,0.0
"14913",0,247,0.0
"13075",0,22,0.0
"15832",0,54,0.0
"13222",0,1,0.0
"16707",0,65,0.0
"13898",0,46,0.0
"17955",0,22,0.0
"15266",0,45,0.0
"13191",0,57,0.0
"16089",0,47,0.0
"17028",0,95,0.0
"15418",0,68,0.0
"17973",0,15,0.0
"16421",0,38,0.0
"17553",0,6,0.0
"18165",0,10,0.0
"17343",0,80,0.0
"15585",0,31,0.0
"12922",0,28,0.0
"13330",0,117,0.0
"16142",0,37,0.0
"15901",0,160,0.0
"15891",0,59,0.0
"14059",0,8,0.0
"15727",0,685,0.0
"17684",0,15,0.0
"14811",0,28,0.0
"13899",0,19,0.0
"14124",0,5,0.0
"14473",0,7,0.0
"13794",0,9,0.0
"18116",0,563,0.0
"14581",0,60,0.0
"12392",0,7,0.0
"16198",0,32,0.0
"17128",0,14,0.0
"12968",0,5,0.0
"13471",0,254,0.0
"16986",0,174,0.0
"17805",0,11,0.0
"14762",0,30,0.0
"17240",0,7,0.0
"17148",0,9,0.0
"17899",0,31,0.0
"14683",0,21,0.0
"13966",0,21,0.0
"16023",0,101,0.0
"12518",0,119,0.0
"18278",0,24,0.0
"17606",0,6,0.0
"15043",0,50,0.0
"17215",0,11,0.0
"15707",0,205,0.0
"12347",0,222,0.0
"14472",0,309,0.0
"16222",0,145,0.0
"14550",0,97,0.0
"17783",0,91,0.0
"17235",0,89,0.0
"15026",0,137,0.0
"13390",0,13,0.0
"13206",0,566,0.0
"13355",0,32,0.0
"12813",0,42,0.0
"13146",0,17,0.0
"13562",0,196,0.0
"18113",0,1,0.0
"13987",0,46,0.0
"17086",0,96,0.0
"15420",0,56,0.0
"17270",0,48,0.0
"17025",0,37,0.0
"15926",0,7,0.0
"15990",0,177,0.0
"15837",0,52,0.0
"14076",0,44,0.0
"12736",0,3,0.0
"12953",0,48,0.0
"12992",0,6,0.0
"18071",0,72,0.0
"14971",0,155,0.0
"12690",0,15,0.0
"15403",0,8,0.0
"13283",0,20,0.0
"16063",0,23,0.0
"13403",0,9,0.0
"17989",0,29,0.0
"16976",0,2,0.0
"16887",0,101,0.0
"13529",0,15,0.0
"13041",0,35,0.0
"14595",0,136,0.0
"13436",0,12,0.0
"13845",0,9,0.0
"18273",0,4,0.0
"12961",0,40,0.0
"12449",0,196,0.0
"17093",0,13,0.0
"14855",0,207,0.0
"18255",0,19,0.0
"13728",0,164,0.0
"15343",0,21,0.0
"16087",0,10,0.0
"17057",0,49,0.0
"16149",0,30,0.0
"17087",0,12,0.0
"13514",0,21,0.0
"14803",0,44,0.0
"16675",0,23,0.0
"14178",0,316,0.0
"14814",0,29,0.0
"16313",0,16,0.0
"17225",0,5,0.0
"15161",0,33,0.0
"14641",0,7,0.0
"13340",0,215,0.0
"15274",0,47,0.0
"15720",0,153,0.0
"14318",0,9,0.0
"18209",0,8,0.0
"13197",0,19,0.0
"14402",0,8,0.0
"17909",0,8,0.0
"17942",0,2,0.0
"17694",0,81,0.0
"16127",0,75,0.0
"14968",0,83,0.0
"17915",0,29,0.0
"13205",0,1,0.0
"18001",0,132,0.0
"17765",0,81,0.0
"17102",0,1,0.0
"17792",0,52,0.0
"17708",0,73,0.0
"12825",0,24,0.0
"17116",0,47,0.0
"17217",0,27,0.0
"16375",0,13,0.0
"17058",0,62,0.0
"17020",0,69,0.0
"12806",0,64,0.0
"13248",0,26,0.0
"15225",0,23,0.0
"13808",0,76,0.0
"17390",0,12,0.0
"18201",0,27,0.0
"16417",0,1,0.0
"14552",0,154,0.0
"16696",0,10,0.0
"16237",0,7,0.0
"13847",0,19,0.0
"15663",0,9,0.0
"14923",0,44,0.0
"12834",0,18,0.0
"15678",0,92,0.0
"16614",0,49,0.0
"14164",0,29,0.0
"14541",0,175,0.0
"14143",0,7,0.0
"17665",0,19,0.0
"15815",0,49,0.0
"14067",0,52,0.0
"16517",0,17,0.0
"15143",0,31,0.0
"13251",0,25,0.0
"15948",0,95,0.0
"14795",0,6,0.0
"16972",0,82,0.0
"17400",0,469,0.0
"18202",0,68,0.0
"16266",0,109,0.0
"13714",0,30,0.0
"16848",0,85,0.0
"12547",0,18,0.0
"13379",0,97,0.0
"12942",0,70,0.0
"14788",0,58,0.0
"13460",0,17,0.0
"13029",0,17,0.0
"17789",0,29,0.0
"14775",0,60,0.0
"16567",0,35,0.0
"17046",0,85,0.0
"15905",0,22,0.0
"17683",0,46,0.0
"12960",0,70,0.0
"12548",0,4,0.0
"15460",0,56,0.0
"17274",0,77,0.0
"15471",0,155,0.0
"13140",0,105,0.0
"14927",0,20,0.0
"16852",0,9,0.0
"13039",0,55,0.0
"15776",0,18,0.0
"12658",0,35,0.0
"14635",0,15,0.0
"15385",0,21,0.0
"15084",0,31,0.0
"13583",0,95,0.0
"16542",0,14,0.0
"18152",0,10,0.0
"12832",0,27,0.0
"15897",0,22,0.0
"14699",0,50,0.0
"16629",0,60,0.0
"15193",0,19,0.0
"17793",0,52,0.0
"14165",0,24,0.0
"15378",0,12,0.0
"16032",0,210,0.0
"14887",0,6,0.0
"17745",0,28,0.0
"15647",0,11,0.0
"15924",0,15,0.0
"14275",0,23,0.0
"14379",0,128,0.0
"16854",0,75,0.0
"17226",0,59,0.0
"13809",0,25,0.0
"16864",0,17,0.0
"16819",0,17,0.0
"18146",0,10,0.0
"12509",0,6,0.0
"17021",0,48,0.0
"13201",0,86,0.0
"13629",0,87,0.0
"15595",0,4,0.0
"17486",0,24,0.0
"16277",0,23,0.0
"12650",0,19,0.0
"15230",0,23,0.0
"15587",0,14,0.0
"17036",0,12,0.0
"16857",0,11,0.0
"13391",0,1,0.0
"15883",0,49,0.0
"15355",0,14,0.0
"15761",0,5,0.0
"18016",0,169,0.0
"17952",0,98,0.0
"15879",0,179,0.0
"17893",0,15,0.0
"16247",0,16,0.0
"14737",0,45,0.0
"17421",0,58,0.0
"12635",0,175,0.0
"17918",0,39,0.0
"13376",0,50,0.0
"13348",0,14,0.0
"16122",0,54,0.0
"12920",0,59,0.0
"12475",0,59,0.0
"16906",0,212,0.0
"17741",0,6,0.0
"16501",0,199,0.0
"14588",0,16,0.0
"13967",0,6,0.0
"12763",0,18,0.0
"14962",0,14,0.0
"17859",0,23,0.0
"15854",0,256,0.0
"13147",0,4,0.0
"15608",0,105,0.0
"17202",0,8,0.0
"15282",0,27,0.0
"16111",0,73,0.0
"13416",0,26,0.0
"14805",0,127,0.0
"17439",0,8,0.0
"16364",0,52,0.0
"17923",0,3,0.0
"14880",0,46,0.0
"17288",0,288,0.0
"15528",0,26,0.0
"16867",0,6,0.0
"17808",0,33,0.0
"12592",0,76,0.0
"14376",0,18,0.0
"15233",0,1,0.0
"17009",0,11,0.0
"15188",0,23,0.0
"14941",0,7,0.0
"15833",0,5,0.0
"16215",0,14,0.0
"14506",0,398,0.0
"17697",0,19,0.0
"14577",0,182,0.0
"17999",0,134,0.0
"17557",0,35,0.0
"17577",0,21,0.0
"14797",0,16,0.0
"17285",0,43,0.0
"16766",0,34,0.0
"13536",0,178,0.0
"17296",0,33,0.0
"16640",0,13,0.0
"16445",0,180,0.0
"17391",0,3,0.0
"14433",0,74,0.0
"16357",0,47,0.0
"16829",0,27,0.0
"14100",0,25,0.0
"17174",0,4,0.0
"16825",0,64,0.0
"14251",0,78,0.0
"18074",0,43,0.0
"17326",0,86,0.0
"12640",0,50,0.0
"17347",0,1,0.0
"13445",0,7,0.0
"16446",0,2,0.0
"15918",0,61,0.0
"13181",0,19,0.0
"16557",0,11,0.0
"18043",0,115,0.0
"18271",0,21,0.0
"18095",0,48,0.0
"13956",0,147,0.0
"17026",0,5,0.0
"17209",0,38,0.0
"15667",0,13,0.0
"18200",0,30,0.0
"14804",0,12,0.0
"15049",0,3,0.0
"17574",0,8,0.0
"13219",0,11,0.0
"15148",0,20,0.0
"15946",0,26,0.0
"16761",0,13,0.0
"16921",0,88,0.0
"17244",0,120,0.0
"13434",0,35,0.0
"16522",0,18,0.0
"14830",0,38,0.0
"14039",0,10,0.0
"18120",0,17,0.0
"16803",0,24,0.0
"15913",0,1,0.0
"14642",0,2,0.0
"16752",0,9,0.0
"16179",0,11,0.0
"16097",0,10,0.0
"16273",0,15,0.0
"13947",0,5,0.0
"14166",0,51,0.0
"16130",0,55,0.0
"14234",0,147,0.0
"16820",0,26,0.0
"14371",0,4,0.0
"16102",0,57,0.0
"17847",0,8,0.0
"16482",0,18,0.0
"16071",0,73,0.0
"17033",0,40,0.0
"18115",0,3,0.0
"16115",0,419,0.0
"17291",0,1,0.0
"13272",0,15,0.0
"14448",0,20,0.0
"18013",0,31,0.0
"12734",0,18,0.0
"14115",0,22,0.0
"14684",0,486,0.0
"16967",0,21,0.0
"16734",0,52,0.0
"17624",0,97,0.0
"13930",0,17,0.0
"14446",0,318,0.0
"16824",0,39,0.0
"16026",0,32,0.0
"14935",0,26,0.0
"16025",0,28,0.0
"13328",0,17,0.0
"16452",0,18,0.0
"15989",0,86,0.0
"16731",0,42,0.0
"18126",0,51,0.0
"13221",0,65,0.0
"15393",0,44,0.0
"16680",0,29,0.0
"15292",0,24,0.0
"15413",0,25,0.0
"16007",0,657,0.0
"12688",0,171,0.0
"14888",0,20,0.0
"14660",0,30,0.0
"16098",0,150,0.0
"16504",0,83,0.0
"14362",0,37,0.0
"13951",0,39,0.0
"16704",0,54,0.0
"16390",0,21,0.0
"12562",0,198,0.0
"16050",0,21,0.0
"16876",0,32,0.0
"13494",0,18,0.0
"15892",0,38,0.0
"16093",0,1,0.0
"12850",0,2,0.0
"14325",0,18,0.0
"12760",0,20,0.0
"17830",0,23,0.0
"17022",0,16,0.0
"14522",0,45,0.0
"16805",0,248,0.0
"13738",0,89,0.0
"17971",0,21,0.0
"16333",0,45,0.0
"14723",0,415,0.0
"13913",0,3,0.0
"12798",0,33,0.0
"15156",0,55,0.0
"17283",0,15,0.0
"13616",0,35,0.0
"15327",0,10,0.0
"13530",0,18,0.0
"12999",0,28,0.0
"15653",0,6,0.0
"17733",0,35,0.0
"17229",0,47,0.0
"17040",0,16,0.0
"13010",0,12,0.0
"13998",0,31,0.0
"16083",0,71,0.0
"12486",0,48,0.0
"17410",0,64,0.0
"12447",0,25,0.0
"16021",0,126,0.0
"14569",0,34,0.0
"17472",0,223,0.0
"17996",0,66,0.0
"12407",0,72,0.0
"17925",0,1,0.0
"17771",0,68,0.0
"13358",0,28,0.0
"14603",0,2,0.0
"14417",0,117,0.0
"13149",0,86,0.0
"17668",0,15,0.0
"17896",0,2,0.0
"13582",0,11,0.0
"17976",0,57,0.0
"14992",0,27,0.0
"15123",0,183,0.0
"17558",0,28,0.0
"15757",0,193,0.0
"13976",0,56,0.0
"14673",0,148,0.0
"14700",0,167,0.0
"16213",0,6,0.0
"16578",0,9,0.0
"16929",0,77,0.0
"16056",0,66,0.0
"17851",0,232,0.0
"13101",0,51,0.0
"18033",0,33,0.0
"13885",0,28,0.0
"12699",0,40,0.0
"16559",0,17,0.0
"14929",0,34,0.0
"16308",0,7,0.0
"15731",0,8,0.0
"12873",0,35,0.0
"13264",0,38,0.0
"14170",0,145,0.0
"17292",0,15,0.0
"15770",0,18,0.0
"14023",0,31,0.0
"16174",0,65,0.0
"14982",0,38,0.0
"16407",0,225,0.0
"16796",0,18,0.0
"13053",0,17,0.0
"13512",0,39,0.0
"13058",0,8,0.0
"16392",0,143,0.0
"14349",0,31,0.0
"16366",0,78,0.0
"12787",0,40,0.0
"16382",0,44,0.0
"13638",0,8,0.0
"14158",0,41,0.0
"13683",0,10,0.0
"12436",0,15,0.0
"12716",0,67,0.0
"17088",0,115,0.0
"12750",0,15,0.0
"16381",0,61,0.0
"15758",0,9,0.0
"17600",0,13,0.0
"16250",0,35,0.0
"14516",0,35,0.0
"12373",0,48,0.0
"16331",0,34,0.0
"14485",0,46,0.0
"16538",0,41,0.0
"14967",0,29,0.0
"14761",0,24,0.0
"13865",0,30,0.0
"16082",0,16,0.0
"18054",0,11,0.0
"17595",0,82,0.0
"15474",0,19,0.0
"12514",0,84,0.0
"16899",0,173,0.0
"14077",0,56,0.0
"15972",0,139,0.0
"12898",0,27,0.0
"13639",0,59,0.0
"12864",0,7,0.0
"12945",0,51,0.0
"15134",0,85,0.0
"18156",0,122,0.0
"12455",0,220,0.0
"12869",0,37,0.0
"16084",0,38,0.0
"16230",0,35,0.0
"12944",0,30,0.0
"15462",0,41,0.0
"14262",0,143,0.0
"16078",0,39,0.0
"16980",0,106,0.0
"12435",0,112,0.0
"16066",0,101,0.0
"12655",0,15,0.0
"18174",0,2,0.0
"12956",0,42,0.0
"17255",0,182,0.0
"13380",0,3,0.0
"16058",0,2,0.0
"12516",0,70,0.0
"14983",0,30,0.0
"16597",0,7,0.0
"13878",0,102,0.0
"12348",0,46,0.0
"14392",0,14,0.0
"13137",0,1394,0.0
"15415",0,47,0.0
"17713",0,76,0.0
"18050",0,23,0.0
"17373",0,91,0.0
"16793",0,16,0.0
"17715",0,2,0.0
"17104",0,19,0.0
"16447",0,68,0.0
"14996",0,41,0.0
"17137",0,167,0.0
"15554",0,14,0.0
"18222",0,19,0.0
"17958",0,36,0.0
"16749",0,72,0.0
"17881",0,8,0.0
"15424",0,33,0.0
"13060",0,15,0.0
"14174",0,26,0.0
"16868",0,50,0.0
"17505",0,102,0.0
"13697",0,12,0.0
"17029",0,29,0.0
"13682",0,3,0.0
"14524",0,322,0.0
"16384",0,81,0.0
"17814",0,143,0.0
"18124",0,20,0.0
"12419",0,23,0.0
"14084",0,7,0.0
"18234",0,30,0.0
"13072",0,7,0.0
"12976",0,154,0.0
"13671",0,64,0.0
"13653",0,9,0.0
"15956",0,18,0.0
"17844",0,5,0.0
"13903",0,10,0.0
"15004",0,153,0.0
"12371",0,163,0.0
"15105",0,151,0.0
"16762",0,63,0.0
"16190",0,119,0.0
"14078",0,147,0.0
"17778",0,10,0.0
"17880",0,45,0.0
"17197",0,29,0.0
"13179",0,34,0.0
"15121",0,28,0.0
"16804",0,60,0.0
"13837",0,18,0.0
"17078",0,27,0.0
"17031",0,50,0.0
"12954",0,10,0.0
"14345",0,6,0.0
"16695",0,35,0.0
"17906",0,12,0.0
"16650",0,98,0.0
"15445",0,14,0.0
"14219",0,43,0.0
"17300",0,44,0.0
"13301",0,80,0.0
"14196",0,6,0.0
"18265",0,46,0.0
"15206",0,9,0.0
"15083",0,5,0.0
"13909",0,38,0.0
"17127",0,37,0.0
"14335",0,60,0.0
"17984",0,241,0.0
"13521",0,417,0.0
"13620",0,5,0.0
"13962",0,23,0.0
"14208",0,35,0.0
"14273",0,29,0.0
"15902",0,18,0.0
"15284",0,1,0.0
"16208",0,253,0.0
"13068",0,2,0.0
"17946",0,20,0.0
"15644",0,232,0.0
"17729",0,23,0.0
"15338",0,58,0.0
"13800",0,73,0.0
"14202",0,29,0.0
"16721",0,37,0.0
"17397",0,134,0.0
"15735",0,19,0.0
"15118",0,1,0.0
"13556",0,9,0.0
"12831",0,22,0.0
"13932",0,16,0.0
"16718",0,177,0.0
"12941",0,27,0.0
"17382",0,18,0.0
"15583",0,39,0.0
"18128",0,42,0.0
"12642",0,44,0.0
"13188",0,2,0.0
"14691",0,71,0.0
"12492",0,39,0.0
"17938",0,29,0.0
"13294",0,102,0.0
"18191",0,15,0.0
"13372",0,22,0.0
"13896",0,21,0.0
"14884",0,8,0.0
"14366",0,1,0.0
"16315",0,23,0.0
"14973",0,32,0.0
"17832",0,61,0.0
"18148",0,10,0.0
"17171",0,25,0.0
"13285",0,231,0.0
"15907",0,225,0.0
"12603",0,1,0.0
"14373",0,4,0.0
"18012",0,13,0.0
"13945",0,51,0.0
"15087",0,15,0.0
"14574",0,11,0.0
"12893",0,31,0.0
"16780",0,96,0.0
"12532",0,15,0.0
"14050",0,54,0.0
"13363",0,100,0.0
"17572",0,32,0.0
"17703",0,78,0.0
"13827",0,92,0.0
"14294",0,23,0.0
"14419",0,225,0.0
"15961",0,42,0.0
"13677",0,106,0.0
"14789",0,6,0.0
"13472",0,28,0.0
"15689",0,24,0.0
"15387",0,20,0.0
"16851",0,20,0.0
"13465",0,34,0.0
"17437",0,52,0.0
"17687",0,26,0.0
"14300",0,3,0.0
"16636",0,73,0.0
"16605",0,1,0.0
"13828",0,15,0.0
"14580",0,1,0.0
"13558",0,169,0.0
"16757",0,15,0.0
"15952",0,84,0.0
"12903",0,41,0.0
"13844",0,20,0.0
"13258",0,44,0.0
"15348",0,9,0.0
"15332",0,154,0.0
"14636",0,28,0.0
"17761",0,19,0.0
"18173",0,45,0.0
"16113",0,30,0.0
"12914",0,9,0.0
"16789",0,5,0.0
"13096",0,1,0.0
"15017",0,20,0.0
"17816",0,45,0.0
"17759",0,132,0.0
"18285",0,11,0.0
"15697",0,14,0.0
"17379",0,78,0.0
"18279",0,13,0.0
"15942",0,14,0.0
"15617",0,42,0.0
"13023",0,73,0.0
"13336",0,51,0.0
"13135",0,18,0.0
"17834",0,58,0.0
"12512",0,31,0.0
"13309",0,130,0.0
"17015",0,214,0.0
"18032",0,5,0.0
"13825",0,40,0.0
"12539",0,503,0.0
"13994",0,148,0.0
"15172",0,110,0.0
"12686",0,6,0.0
"13602",0,58,0.0
"16535",0,70,0.0
"17959",0,2,0.0
"14479",0,139,0.0
"18034",0,213,0.0
"14361",0,14,0.0
"16339",0,18,0.0
"15923",0,21,0.0
"17348",0,441,0.0
"17259",0,230,0.0
"17441",0,21,0.0
"15082",0,6,0.0
"17643",0,31,0.0
"14670",0,179,0.0
"15427",0,292,0.0
"15778",0,17,0.0
"14989",0,18,0.0
"16388",0,13,0.0
"14601",0,7,0.0
"14083",0,185,0.0
"17810",0,54,0.0
"14374",0,7,0.0
"16046",0,22,0.0
"15524",0,9,0.0
"17455",0,8,0.0
"17544",0,88,0.0
"12868",0,134,0.0
"16547",0,25,0.0
"12792",0,45,0.0
"18229",0,201,0.0
"14254",0,23,0.0
"18243",0,26,0.0
"15368",0,8,0.0
"13323",0,21,0.0
"15992",0,54,0.0
"16260",0,18,0.0
"17132",0,71,0.0
"16244",0,91,0.0
"15269",0,35,0.0
"16691",0,11,0.0
"16806",0,92,0.0
"13518",0,36,0.0
"12611",0,65,0.0
"15672",0,3,0.0
"15779",0,8,0.0
"16988",0,20,0.0
"16438",0,132,0.0
"15690",0,19,0.0
"14675",0,221,0.0
"15576",0,43,0.0
"16846",0,47,0.0
"13357",0,393,0.0
"16583",0,18,0.0
"15920",0,105,0.0
"13859",0,36,0.0
"13986",0,13,0.0
"14703",0,22,0.0
"14241",0,12,0.0
"18026",0,17,0.0
"18266",0,14,0.0
"12730",0,46,0.0
"12438",0,96,0.0
"17970",0,29,0.0
"13351",0,15,0.0
"13766",0,17,0.0
"15388",0,10,0.0
"14746",0,9,0.0
"17252",0,86,0.0
"15641",0,311,0.0
"14681",0,20,0.0
"12534",0,62,0.0
"17121",0,12,0.0
"15002",0,337,0.0
"15486",0,1,0.0
"16410",0,5,0.0
"12599",0,120,0.0
"14089",0,13,0.0
"17818",0,42,0.0
"15011",0,20,0.0
"16724",0,17,0.0
"14810",0,301,0.0
"17385",0,45,0.0
"17008",0,1,0.0
"17740",0,9,0.0
"13996",0,32,0.0
"14873",0,49,0.0
"15053",0,69,0.0
"15818",0,11,0.0
"13592",0,16,0.0
"14024",0,34,0.0
"14687",0,40,0.0
"12527",0,31,0.0
"13038",0,28,0.0
"12700",0,264,0.0
"17492",0,39,0.0
"15578",0,13,0.0
"12938",0,9,0.0
"15771",0,28,0.0
"16276",0,26,0.0
"15878",0,51,0.0
"12460",0,17,0.0
"17981",0,17,0.0
"13689",0,9,0.0
"17767",0,39,0.0
"16904",0,895,0.0
"13935",0,80,0.0
"15111",0,135,0.0
"16494",0,50,0.0
"12897",0,14,0.0
"14079",0,12,0.0
"15151",0,57,0.0
"13411",0,18,0.0
"16952",0,87,0.0
"15042",0,9,0.0
"13306",0,4,0.0
"15577",0,59,0.0
"12503",0,1,0.0
"17098",0,18,0.0
"14127",0,117,0.0
"17100",0,65,0.0
"13105",0,1,0.0
"17796",0,203,0.0
"12369",0,90,0.0
"14330",0,13,0.0
"16418",0,156,0.0
"13254",0,4,0.0
"13732",0,33,0.0
"16261",0,163,0.0
"13666",0,18,0.0
"17604",0,208,0.0
"17383",0,51,0.0
"15477",0,2,0.0
"16882",0,39,0.0
"16920",0,23,0.0
"13720",0,43,0.0
"13104",0,30,0.0
"15437",0,57,0.0
"13773",0,19,0.0
"17749",0,57,0.0
"12593",0,20,0.0
"17393",0,48,0.0
"17780",0,79,0.0
"13605",0,53,0.0
"17228",0,327,0.0
"18038",0,27,0.0
"17586",0,8,0.0
"14891",0,63,0.0
"17103",0,32,0.0
"16367",0,223,0.0
"16457",0,9,0.0
"17359",0,38,0.0
"16305",0,22,0.0
"16354",0,140,0.0
"14447",0,106,0.0
"14150",0,26,0.0
"13876",0,7,0.0
"17178",0,31,0.0
"17051",0,155,0.0
"17024",0,3,0.0
"17662",0,15,0.0
"17907",0,13,0.0
"15568",0,53,0.0
"12983",0,30,0.0
"14449",0,483,0.0
"15436",0,291,0.0
"18067",0,37,0.0
"15711",0,25,0.0
"15205",0,37,0.0
"14671",0,55,0.0
"15494",0,368,0.0
"16400",0,267,0.0
"17354",0,101,0.0
"16169",0,85,0.0
"15772",0,16,0.0
"13341",0,42,0.0
"14450",0,76,0.0
"13640",0,4,0.0
"17815",0,13,0.0
"14261",0,52,0.0
"18091",0,25,0.0
"12965",0,108,0.0
"14812",0,36,0.0
"12556",0,119,0.0
"14471",0,41,0.0
"17807",0,89,0.0
"13968",0,8,0.0
"13864",0,1,0.0
"18242",0,140,0.0
"15442",0,2,0.0
"15435",0,29,0.0
"14582",0,6,0.0
"15487",0,14,0.0
"17555",0,264,0.0
"15914",0,13,0.0
"17446",0,9,0.0
"12804",0,66,0.0
"15483",0,268,0.0
"15987",0,169,0.0
"16219",0,1,0.0
"13155",0,112,0.0
"13367",0,19,0.0
"14664",0,98,0.0
"16776",0,126,0.0
"13887",0,19,0.0
"12508",0,68,0.0
"16750",0,95,0.0
"17218",0,470,0.0
"15887",0,37,0.0
"17484",0,14,0.0
"17064",0,61,0.0
"13441",0,38,0.0
"13208",0,250,0.0
"17038",0,63,0.0
"15871",0,5,0.0
"14871",0,194,0.0
"13581",0,33,0.0
"14082",0,65,0.0
"12458",0,80,0.0
"12928",0,179,0.0
"15573",0,210,0.0
"13943",0,15,0.0
"17972",0,30,0.0
"14698",0,200,0.0
"16893",0,86,0.0
"15360",0,13,0.0
"13030",0,92,0.0
"15688",0,27,0.0
"16508",0,43,0.0
"15899",0,4,0.0
"12664",0,34,0.0
"14918",0,141,0.0
"16697",0,21,0.0
"15999",0,1,0.0
"15702",0,29,0.0
"12432",0,107,0.0
"14531",0,29,0.0
"15699",0,18,0.0
"12695",0,58,0.0
"16862",0,35,0.0
"15662",0,12,0.0
"12549",0,48,0.0
"15677",0,72,0.0
"15545",0,80,0.0
"13007",0,11,0.0
"13216",0,5,0.0
"14561",0,69,0.0
"12563",0,12,0.0
"13724",0,42,0.0
"13185",0,1,0.0
"14575",0,72,0.0
"13130",0,2,0.0
"14090",0,1,0.0
"14542",0,5,0.0
"17532",0,4,0.0
"13086",0,47,0.0
"17001",0,275,0.0
"13009",0,4,0.0
"14589",0,3,0.0
"17081",0,207,0.0
"14041",0,21,0.0
"13515",0,76,0.0
"17525",0,26,0.0
"16802",0,53,0.0
"15037",0,45,0.0
"14947",0,54,0.0
"16936",0,139,0.0
"17497",0,7,0.0
"14193",0,64,0.0
"17299",0,113,0.0
"16939",0,41,0.0
"13051",0,4,0.0
"14662",0,238,0.0
"15350",0,30,0.0
"14453",0,22,0.0
"15963",0,28,0.0
"12595",0,18,0.0
"15846",0,29,0.0
"17968",0,128,0.0
"16931",0,948,0.0
"16999",0,23,0.0
"17415",0,14,0.0
"13955",0,85,0.0
"12660",0,12,0.0
"15797",0,11,0.0
"15775",0,9,0.0
"16978",0,67,0.0
"13737",0,30,0.0
"16687",0,8,0.0
"17758",0,528,0.0
"14186",0,104,0.0
"15395",0,7,0.0
"17798",0,44,0.0
"18006",0,63,0.0
"13017",0,1,0.0
"16214",0,98,0.0
"13751",0,9,0.0
"14503",0,164,0.0
"14351",0,1,0.0
"15721",0,84,0.0
"17723",0,12,0.0
"15041",0,103,0.0
"13740",0,94,0.0
"17181",0,28,0.0
"17294",0,17,0.0
"14578",0,24,0.0
"13788",0,1,0.0
"13508",0,28,0.0
"15012",0,191,0.0
"17941",0,7,0.0
"17812",0,189,0.0
"18254",0,16,0.0
"13346",0,6,0.0
"13691",0,53,0.0
"17117",0,9,0.0
"17195",0,31,0.0
"15851",0,8,0.0
"14946",0,3,0.0
"13114",0,16,0.0
"12805",0,54,0.0
"14742",0,34,0.0
"13169",0,18,0.0
"13928",0,27,0.0
"14721",0,25,0.0
"13303",0,4,0.0
"12444",0,173,0.0
"13698",0,38,0.0
"12892",0,18,0.0
"17823",0,100,0.0
"15090",0,23,0.0
"15572",0,343,0.0
"15800",0,232,0.0
"16828",0,7,0.0
"14787",0,15,0.0
"14033",0,1,0.0
"17919",0,40,0.0
"15668",0,1,0.0
"17890",0,91,0.0
"12884",0,7,0.0
"12575",0,36,0.0
"14363",0,8,0.0
"12861",0,4,0.0
"15273",0,1,0.0
"13022",0,4,0.0
"13547",0,43,0.0
"17721",0,11,0.0
"14434",0,12,0.0
"15970",0,24,0.0
"16312",0,10,0.0
"14545",0,23,0.0
"18021",0,32,0.0
"13686",0,34,0.0
"13182",0,11,0.0
"17185",0,44,0.0
"15957",0,146,0.0
"16997",0,12,0.0
"12707",0,33,0.0
"18196",0,275,0.0
"13305",0,200,0.0
"12927",0,11,0.0
"16413",0,68,0.0
"15982",0,45,0.0
"13429",0,67,0.0
"17122",0,30,0.0
"17349",0,85,0.0
"12405",0,53,0.0
"16126",0,382,0.0
"14153",0,17,0.0
"16081",0,368,0.0
"14310",0,22,0.0
"13174",0,935,0.0
"13344",0,116,0.0
"14435",0,3,0.0
"18039",0,158,0.0
"16062",0,185,0.0
"15006",0,181,0.0
"16907",0,209,0.0
"16884",0,74,0.0
"12724",0,122,0.0
"17194",0,57,0.0
"15726",0,23,0.0
"13888",0,171,0.0
"13172",0,1,0.0
"16771",0,405,0.0
"16524",0,53,0.0
"15047",0,22,0.0
"17502",0,28,0.0
"17626",0,18,0.0
"17055",0,26,0.0
"17845",0,47,0.0
"17089",0,4,0.0
"16251",0,20,0.0
"18160",0,65,0.0
"15262",0,26,0.0
"14977",0,4,0.0
"12743",0,131,0.0
"13540",0,32,0.0
"18088",0,37,0.0
"15876",0,11,0.0
"18121",0,31,0.0
"17249",0,27,0.0
"17142",0,89,0.0
"15817",0,152,0.0
"18182",0,10,0.0
"15191",0,35,0.0
"13926",0,11,0.0
"14954",0,118,0.0
"13710",0,15,0.0
"15318",0,33,0.0
"14818",0,104,0.0
"13561",0,229,0.0
"15679",0,110,0.0
"13764",0,368,0.0
"12515",0,15,0.0
"16035",0,21,0.0
"16974",0,8,0.0
"16773",0,65,0.0
"15165",0,27,0.0
"15421",0,316,0.0
"16601",0,68,0.0
"17245",0,25,0.0
"12964",0,26,0.0
"15565",0,8,0.0
"15642",0,6,0.0
"17070",0,103,0.0
"18157",0,25,0.0
"16944",0,7,0.0
"14900",0,1,0.0
"13801",0,23,0.0
"13128",0,1,0.0
"17433",0,93,0.0
"17541",0,31,0.0
"14705",0,1,0.0
"17916",0,19,0.0
"14266",0,1,0.0
"13560",0,32,0.0
"17933",0,13,0.0
"14012",0,11,0.0
"14357",0,40,0.0
"15828",0,74,0.0
"16832",0,21,0.0
"15936",0,19,0.0
"17666",0,44,0.0
"15695",0,59,0.0
"17664",0,80,0.0
"17770",0,38,0.0
"16460",0,132,0.0
"16856",0,19,0.0
"16322",0,37,0.0
"14052",0,121,0.0
"17660",0,82,0.0
"15203",0,343,0.0
"15069",0,70,0.0
"14965",0,81,0.0
"16175",0,98,0.0
"15636",0,57,0.0
"17216",0,13,0.0
"13848",0,10,0.0
"12981",0,20,0.0
"14368",0,8,0.0
"13805",0,13,0.0
"15693",0,1,0.0
"16849",0,8,0.0
"15366",0,138,0.0
"18103",0,10,0.0
"16587",0,13,0.0
"12411",0,22,0.0
"17545",0,260,0.0
"13565",0,60,0.0
"17403",0,45,0.0
"15259",0,57,0.0
"13142",0,23,0.0
"16970",0,2,0.0
"17301",0,113,0.0
"12403",0,7,0.0
"15232",0,31,0.0
"12604",0,15,0.0
"16569",0,35,0.0
"15665",0,286,0.0
"13673",0,60,0.0
"13253",0,75,0.0
"15008",0,12,0.0
"13938",0,7,0.0
"14538",0,52,0.0
"16371",0,11,0.0
"15515",0,7,0.0
"18066",0,53,0.0
"17266",0,119,0.0
"12446",0,57,0.0
"15701",0,230,0.0
"18139",0,159,0.0
"15857",0,24,0.0
"14015",0,20,0.0
"14444",0,11,0.0
"13052",0,247,0.0
"13744",0,63,0.0
"16827",0,11,0.0
"14729",0,132,0.0
"15930",0,21,0.0
"14398",0,53,0.0
"14070",0,41,0.0
"14117",0,3,0.0
"16439",0,9,0.0
"16659",0,2,0.0
"12661",0,11,0.0
"13841",0,1,0.0
"12774",0,5,0.0
"15790",0,34,0.0
"16294",0,8,0.0
"16284",0,133,0.0
"15192",0,91,0.0
"16844",0,32,0.0
"16564",0,5,0.0
"17590",0,195,0.0
"14332",0,62,0.0
"17875",0,26,0.0
"17868",0,18,0.0
"16489",0,6,0.0
"12765",0,62,0.0
"17248",0,104,0.0
"16182",0,51,0.0
"16847",0,37,0.0
"16324",0,111,0.0
"13589",0,52,0.0
"13073",0,27,0.0
"15517",0,27,0.0
"12397",0,124,0.0
"18236",0,98,0.0
"12491",0,25,0.0
"12497",0,55,0.0
"14583",0,464,0.0
"16329",0,104,0.0
"14749",0,18,0.0
"12858",0,37,0.0
"13031",0,407,0.0
"14058",0,24,0.0
"15703",0,5,0.0
"16036",0,140,0.0
"13490",0,8,0.0
"18244",0,19,0.0
"17710",0,20,0.0
"13886",0,16,0.0
"14579",0,25,0.0
"17047",0,142,0.0
"14706",0,25,0.0
"18100",0,30,0.0
"18150",0,37,0.0
"18212",0,46,0.0
"15794",0,15,0.0
"18008",0,97,0.0
"15870",0,143,0.0
"13277",0,23,0.0
"17788",0,4,0.0
"16688",0,62,0.0
"14892",0,13,0.0
"14592",0,158,0.0
"15526",0,4,0.0
"13746",0,9,0.0
"14753",0,48,0.0
"15541",0,29,0.0
"16582",0,6,0.0
"17533",0,1,0.0
"15844",0,11,0.0
"14468",0,12,0.0
"12932",0,95,0.0
"14724",0,41,0.0
"17980",0,61,0.0
"13259",0,312,0.0
"16885",0,135,0.0
"14652",0,29,0.0
"16877",0,156,0.0
"15229",0,9,0.0
"12622",0,10,0.0
"12702",0,11,0.0
"15064",0,79,0.0
"13867",0,60,0.0
"15419",0,8,0.0
"14222",0,41,0.0
"17388",0,55,0.0
"16784",0,158,0.0
"14920",0,97,0.0
"16002",0,42,0.0
"17280",0,6,0.0
"15853",0,30,0.0
"17842",0,18,0.0
"13775",0,63,0.0
"16836",0,42,0.0
"17341",0,219,0.0
"16461",0,251,0.0
"16088",0,6,0.0
"13083",0,22,0.0
"12789",0,5,0.0
"17862",0,99,0.0
"14218",0,12,0.0
"15511",0,158,0.0
"12659",0,4,0.0
"15522",0,56,0.0
"14007",0,5,0.0
"16483",0,19,0.0
"15114",0,231,0.0
"16301",0,6,0.0
"14069",0,41,0.0
"14610",0,10,0.0
"16069",0,25,0.0
"16480",0,53,0.0
"15795",0,131,0.0
"15503",0,117,0.0
"13907",0,4,0.0
"15656",0,47,0.0
"16513",0,35,0.0
"14344",0,230,0.0
"13752",0,94,0.0
"16442",0,247,0.0
"16135",0,39,0.0
"14585",0,111,0.0
"15588",0,4,0.0
"13570",0,27,0.0
"14072",0,19,0.0
"14470",0,60,0.0
"14452",0,129,0.0
"13161",0,33,0.0
"12470",0,23,0.0
"16453",0,15,0.0
"18137",0,29,0.0
"13568",0,43,0.0
"12796",0,6,0.0
"14651",0,283,0.0
"12580",0,56,0.0
"13215",0,1,0.0
"14863",0,11,0.0
"17654",0,22,0.0
"17535",0,13,0.0
"18079",0,136,0.0
"15417",0,28,0.0
"16539",0,131,0.0
"14566",0,16,0.0
"15624",0,34,0.0
"13177",0,30,0.0
"14200",0,21,0.0
"17877",0,12,0.0
"12370",0,197,0.0
"13507",0,162,0.0
"12966",0,10,0.0
"12862",0,131,0.0
"15068",0,218,0.0
"15616",0,13,0.0
"12676",0,97,0.0
"14999",0,9,0.0
"17766",0,22,0.0
"13226",0,28,0.0
"12680",0,49,0.0
"17978",0,67,0.0
"16412",0,122,0.0
"12499",0,26,0.0
"17510",0,35,0.0
"17123",0,42,0.0
"14169",0,63,0.0
"12877",0,274,0.0
"13486",0,69,0.0
"14053",0,9,0.0
"14731",0,45,0.0
"15175",0,23,0.0
"16551",0,88,0.0
"15741",0,12,0.0
"15286",0,3,0.0
"15556",0,31,0.0
"17222",0,111,0.0
"12364",0,81,0.0
"17616",0,4,0.0
"16521",0,236,0.0
"13953",0,25,0.0
"15408",0,34,0.0
"13366",0,1,0.0
"16788",0,477,0.0
"14360",0,117,0.0
"16740",0,32,0.0
"17939",0,12,0.0
"17286",0,90,0.0
"12718",0,18,0.0
"14549",0,143,0.0
"15330",0,13,0.0
"15734",0,43,0.0
"14743",0,3,0.0
"15884",0,14,0.0
"13427",0,52,0.0
"13132",0,3,0.0
"13731",0,38,0.0
"18251",0,108,0.0
"16896",0,18,0.0
"12726",0,168,0.0
"15496",0,22,0.0
"13840",0,40,0.0
"16968",0,31,0.0
"12368",0,18,0.0
"16105",0,110,0.0
"17515",0,179,0.0
"17934",0,41,0.0
"12800",0,32,0.0
"15466",0,262,0.0
"15438",0,25,0.0
"16264",0,63,0.0
"15452",0,199,0.0
"16443",0,1,0.0
"17614",0,98,0.0
"13681",0,57,0.0
"17456",0,60,0.0
"16511",0,303,0.0
"15265",0,193,0.0
"16965",0,25,0.0
"17482",0,53,0.0
"17639",0,79,0.0
"15167",0,304,0.0
"12630",0,62,0.0
"13669",0,14,0.0
"16477",0,246,0.0
"16469",0,194,0.0
"13056",0,19,0.0
"14712",0,32,0.0
"12784",0,127,0.0
"14500",0,7,0.0
"14285",0,61,0.0
"17138",0,256,0.0
"16119",0,54,0.0
"14570",0,66,0.0
"15894",0,36,0.0
"18149",0,91,0.0
"16778",0,16,0.0
"17471",0,19,0.0
"13245",0,45,0.0
"17395",0,3,0.0
"15571",0,600,0.0
"14622",0,21,0.0
"14807",0,38,0.0
"18143",0,61,0.0
"18206",0,19,0.0
"12881",0,7,0.0
"15145",0,67,0.0
"12667",0,32,0.0
"14836",0,6,0.0
"17493",0,8,0.0
"17585",0,384,0.0
"14991",0,21,0.0
"16655",0,590,0.0
"14464",0,4,0.0
"15169",0,59,0.0
"13812",0,33,0.0
"17910",0,26,0.0
"16874",0,31,0.0
"16004",0,90,0.0
"16930",0,53,0.0
"17583",0,7,0.0
"13810",0,32,0.0
"16380",0,31,0.0
"15166",0,12,0.0
"16257",0,1,0.0
"12970",0,343,0.0
"14123",0,24,0.0
"16673",0,19,0.0
"15396",0,16,0.0
"15062",0,159,0.0
"16429",0,2,0.0
"15217",0,28,0.0
"14312",0,180,0.0
"16374",0,344,0.0
"12422",0,162,0.0
"16530",0,3,0.0
"14819",0,54,0.0
"17826",0,33,0.0
"15803",0,51,0.0
"17039",0,44,0.0
"16515",0,236,0.0
"13942",0,1,0.0
"13156",0,104,0.0
"16932",0,133,0.0
"14528",0,18,0.0
"13600",0,41,0.0
"17260",0,6,0.0
"17247",0,54,0.0
"17310",0,2,0.0
"17642",0,108,0.0
"14728",0,14,0.0
"12448",0,21,0.0
"12443",0,20,0.0
"13302",0,3,0.0
"15431",0,2,0.0
"15404",0,16,0.0
"16916",0,204,0.0
"13270",0,1,0.0
"16044",0,19,0.0
"15170",0,4,0.0
"17335",0,36,0.0
"16009",0,82,0.0
"13572",0,33,0.0
"12396",0,65,0.0
"14856",0,65,0.0
"12386",0,10,0.0
"15530",0,142,0.0
"15174",0,34,0.0
"14758",0,136,0.0
"16552",0,17,0.0
"18002",0,52,0.0
"15954",0,19,0.0
"13880",0,223,0.0
"15094",0,5,0.0
"15444",0,214,0.0
"18106",0,191,0.0
"14650",0,4,0.0
"17357",0,44,0.0
"17312",0,14,0.0
"12894",0,21,0.0
"15288",0,152,0.0
"15237",0,99,0.0
"14029",0,15,0.0
"15410",0,162,0.0
"14899",0,129,0.0
"12627",0,224,0.0
"14212",0,21,0.0
"15472",0,76,0.0
"13551",0,5,0.0
"15959",0,71,0.0
"12937",0,217,0.0
"17120",0,18,0.0
"16162",0,2,0.0
"17351",0,68,0.0
"15612",0,6,0.0
"18284",0,27,0.0
"16895",0,163,0.0
"13274",0,19,0.0
"17052",0,83,0.0
"16172",0,113,0.0
"14865",0,6,0.0
"15356",0,669,0.0
"13232",0,201,0.0
"16268",0,44,0.0
"15506",0,273,0.0
"16377",0,10,0.0
"14697",0,22,0.0
"16431",0,76,0.0
"13606",0,40,0.0
"14822",0,9,0.0
"16432",0,8,0.0
"13033",0,13,0.0
"12819",0,19,0.0
"17253",0,18,0.0
"17764",0,149,0.0
"14354",0,9,0.0
"12959",0,8,0.0
"13654",0,329,0.0
"17800",0,102,0.0
"15553",0,55,0.0
"16275",0,111,0.0
"15401",0,14,0.0
"15209",0,13,0.0
"17269",0,125,0.0
"14046",0,13,0.0
"16185",0,40,0.0
"13133",0,12,0.0
"17995",0,29,0.0
"15451",0,60,0.0
"15056",0,6,0.0
"15593",0,5,0.0
"15927",0,15,0.0
"12717",0,68,0.0
"13509",0,48,0.0
"18240",0,6,0.0
"15569",0,140,0.0
"18185",0,17,0.0
"13278",0,107,0.0
"12689",0,70,0.0
"16516",0,6,0.0
"14841",0,300,0.0
"16840",0,9,0.0
"17074",0,4,0.0
"12810",0,32,0.0
"13574",0,91,0.0
"13949",0,160,0.0
"15375",0,6,0.0
"12366",0,3,0.0
"15063",0,5,0.0
"14548",0,110,0.0
"12824",0,25,0.0
"14406",0,8,0.0
"14317",0,24,0.0
"17163",0,30,0.0
"17004",0,69,0.0
"15334",0,97,0.0
"16667",0,52,0.0
"13838",0,403,0.0
"17903",0,45,0.0
"13747",0,5,0.0
"16405",0,5,0.0
"17631",0,69,0.0
"17470",0,155,0.0
"15448",0,49,0.0
"17369",0,1,0.0
"15316",0,1,0.0
"17598",0,10,0.0
"17227",0,114,0.0
"15328",0,8,0.0
"17234",0,14,0.0
"12814",0,1,0.0
"15071",0,54,0.0
"13721",0,42,0.0
"16644",0,62,0.0
"15740",0,9,0.0
"14484",0,53,0.0
"14171",0,64,0.0
"16141",0,50,0.0
"17207",0,59,0.0
"16850",0,19,0.0
"13428",0,138,0.0
"15310",0,45,0.0
"14336",0,90,0.0
"14246",0,75,0.0
"13625",0,21,0.0
"17187",0,23,0.0
"12538",0,34,0.0
"17182",0,6,0.0
"16709",0,302,0.0
"15756",0,191,0.0
"13977",0,13,0.0
"15657",0,1,0.0
"16532",0,6,0.0
"16624",0,48,0.0
"16816",0,28,0.0
"13973",0,11,0.0
"14263",0,16,0.0
"14998",0,125,0.0
"14638",0,16,0.0
"18179",0,109,0.0
"15459",0,7,0.0
"15599",0,83,0.0
"17082",0,170,0.0
"17219",0,50,0.0
"12441",0,10,0.0
"16821",0,7,0.0
"14432",0,377,0.0
"14975",0,26,0.0
"14283",0,41,0.0
"12554",0,25,0.0
"18004",0,37,0.0
"14960",0,27,0.0
"16012",0,239,0.0
"16458",0,381,0.0
"14486",0,6,0.0
"14730",0,462,0.0
"12545",0,48,0.0
"12883",0,42,0.0
"15133",0,49,0.0
"13404",0,11,0.0
"16095",0,30,0.0
"15634",0,34,0.0
"18042",0,16,0.0
"15821",0,62,0.0
"16599",0,12,0.0
"17571",0,324,0.0
"13387",0,70,0.0
"16090",0,18,0.0
"15962",0,55,0.0
"14823",0,70,0.0
"17073",0,173,0.0
"12939",0,86,0.0
"16017",0,130,0.0
"13992",0,11,0.0
"13108",0,35,0.0
"16468",0,45,0.0
"17140",0,18,0.0
"13322",0,25,0.0
"15127",0,28,0.0
"16963",0,7,0.0
"17902",0,24,0.0
"13438",0,1,0.0
"12701",0,141,0.0
"16096",0,66,0.0
"17236",0,158,0.0
"12761",0,25,0.0
"16112",0,16,0.0
"17917",0,92,0.0
"15116",0,45,0.0
"12551",0,10,0.0
"16577",0,23,0.0
"13437",0,167,0.0
"16287",0,42,0.0
"15623",0,108,0.0
"16561",0,31,0.0
"17363",0,35,0.0
"17367",0,33,0.0
"16282",0,33,0.0
"16881",0,1,0.0
"14160",0,107,0.0
"17336",0,1,0.0
"14985",0,83,0.0
"16440",0,307,0.0
"12752",0,53,0.0
"13761",0,122,0.0
"18022",0,424,0.0
"13389",0,51,0.0
"14230",0,33,0.0
"14979",0,49,0.0
"16519",0,35,0.0
"16769",0,97,0.0
"16787",0,112,0.0
"13354",0,51,0.0
"13210",0,22,0.0
"17329",0,104,0.0
"15425",0,143,0.0
"16344",0,46,0.0
"12609",0,166,0.0
"17781",0,12,0.0
"16785",0,35,0.0
"16311",0,37,0.0
"17560",0,56,0.0
"12738",0,10,0.0
"16617",0,5,0.0
"13563",0,49,0.0
"17352",0,5,0.0
"14061",0,19,0.0
"13006",0,4,0.0
"14689",0,13,0.0
"14833",0,7,0.0
"15947",0,29,0.0
"15539",0,41,0.0
"17000",0,30,0.0
"14980",0,24,0.0
"16423",0,18,0.0
"14427",0,44,0.0
"18123",0,56,0.0
"13331",0,12,0.0
"14726",0,15,0.0
"14984",0,54,0.0
"17176",0,42,0.0
"18117",0,71,0.0
"13657",0,16,0.0
"13524",0,27,0.0
"14095",0,1,0.0
"17254",0,147,0.0
"17647",0,12,0.0
"16459",0,5,0.0
"12777",0,26,0.0
"13705",0,74,0.0
"14278",0,13,0.0
"15548",0,23,0.0
"16363",0,5,0.0
"16387",0,87,0.0
"16020",0,46,0.0
"17392",0,69,0.0
"15235",0,178,0.0
"12762",0,67,0.0
"16106",0,6,0.0
"15204",0,9,0.0
"17394",0,4,0.0
"14369",0,26,0.0
"13311",0,26,0.0
"16414",0,63,0.0
"14816",0,4,0.0
"17263",0,23,0.0
"17099",0,40,0.0
"13978",0,15,0.0
"17882",0,53,0.0
"17849",0,50,0.0
"12452",0,20,0.0
"13332",0,21,0.0
"17670",0,11,0.0
"18104",0,38,0.0
"15531",0,219,0.0
"16425",0,21,0.0
"14467",0,303,0.0
"16361",0,104,0.0
"15582",0,44,0.0
"17876",0,4,0.0
"13754",0,21,0.0
"13759",0,25,0.0
"15390",0,77,0.0
"13045",0,45,0.0
"16018",0,56,0.0
"15742",0,41,0.0
"14006",0,77,0.0
"17518",0,77,0.0
"17144",0,48,0.0
"17012",0,36,0.0
"14890",0,57,0.0
"17516",0,191,0.0
"17569",0,29,0.0
"12378",0,301,0.0
"17453",0,19,0.0
"15744",0,3,0.0
"15478",0,67,0.0
"16497",0,337,0.0
"12537",0,42,0.0
"16758",0,22,0.0
"14957",0,28,0.0
"12596",0,25,0.0
"13122",0,55,0.0
"16651",0,6,0.0
"12629",0,43,0.0
"16433",0,34,0.0
"17242",0,84,0.0
"16681",0,49,0.0
"14489",0,100,0.0
"17150",0,92,0.0
"14161",0,277,0.0
"16902",0,44,0.0
"17543",0,13,0.0
"13789",0,18,0.0
"16338",0,11,0.0
"17110",0,49,0.0
"13879",0,25,0.0
"17489",0,29,0.0
"17407",0,23,0.0
"15566",0,12,0.0
"16588",0,71,0.0
"14637",0,7,0.0
"13944",0,35,0.0
"16397",0,9,0.0
"15399",0,50,0.0
"12821",0,13,0.0
"15250",0,3,0.0
"14674",0,14,0.0
"15637",0,41,0.0
"16632",0,27,0.0
"13260",0,8,0.0
"15748",0,36,0.0
"13571",0,673,0.0
"13989",0,86,0.0
"16340",0,357,0.0
"13688",0,5,0.0
"17634",0,296,0.0
"17854",0,118,0.0
"15293",0,19,0.0
"16181",0,11,0.0
"17206",0,7,0.0
"14260",0,51,0.0
"13492",0,50,0.0
"16613",0,30,0.0
"18028",0,4,0.0
"18180",0,119,0.0
"17371",0,143,0.0
"13235",0,58,0.0
"16608",0,121,0.0
"13067",0,32,0.0
"12400",0,11,0.0
"12453",0,43,0.0
"14042",0,21,0.0
"17257",0,14,0.0
"14259",0,5,0.0
"14228",0,38,0.0
"13891",0,99,0.0
"16290",0,124,0.0
"13661",0,17,0.0
"14021",0,90,0.0
"13618",0,13,0.0
"17045",0,53,0.0
"14491",0,17,0.0
"16132",0,17,0.0
"15119",0,14,0.0
"14458",0,45,0.0
"15470",0,4,0.0
"15272",0,286,0.0
"14921",0,78,0.0
"16548",0,6,0.0
"16925",0,18,0.0
"13543",0,47,0.0
"18052",0,16,0.0
"12399",0,103,0.0
"16957",0,16,0.0
"15928",0,11,0.0
"13111",0,12,0.0
"13374",0,16,0.0
"18261",0,21,0.0
"13779",0,27,0.0
"16953",0,1,0.0
"14075",0,80,0.0
"14571",0,30,0.0
"12389",0,49,0.0
"17233",0,58,0.0
"17699",0,19,0.0
"17153",0,14,0.0
"13575",0,46,0.0
"15890",0,10,0.0
"12828",0,56,0.0
"12925",0,50,0.0
"12641",0,9,0.0
"14281",0,7,0.0
"16663",0,1,0.0
"18213",0,15,0.0
"18007",0,50,0.0
"16534",0,36,0.0
"17986",0,1,0.0
"18184",0,1,0.0
"12478",0,35,0.0
"17079",0,2,0.0
"17944",0,25,0.0
"16526",0,35,0.0
"16627",0,20,0.0
"15300",0,28,0.0
"17748",0,17,0.0
"13262",0,50,0.0
"17467",0,4,0.0
"15414",0,39,0.0
"13679",0,50,0.0
"15675",0,35,0.0
"18003",0,23,0.0
"16831",0,6,0.0
"15692",0,12,0.0
"14055",0,33,0.0
"14353",0,25,0.0
"17772",0,96,0.0
"15102",0,27,0.0
"17568",0,62,0.0
"12904",0,71,0.0
"14874",0,6,0.0
"14240",0,61,0.0
"14504",0,107,0.0
"16694",0,3,0.0
"15124",0,31,0.0
"16373",0,29,0.0
"17657",0,7,0.0
"13843",0,18,0.0
"17638",0,3,0.0
"16620",0,94,0.0
"13249",0,35,0.0
"13990",0,16,0.0
"16977",0,28,0.0
"16060",0,24,0.0
"17475",0,14,0.0
"16249",0,69,0.0
"16616",0,33,0.0
"14036",0,38,0.0
"14597",0,95,0.0
"15968",0,79,0.0
"13383",0,1,0.0
"15256",0,10,0.0
"12550",0,56,0.0
"17131",0,134,0.0
"16671",0,6,0.0
"16409",0,775,0.0
"15103",0,35,0.0
"14956",0,4,0.0
"17991",0,37,0.0
"12671",0,44,0.0
"14720",0,37,0.0
"15866",0,43,0.0
"15132",0,52,0.0
"16664",0,8,0.0
"16343",0,78,0.0
"13286",0,49,0.0
"14355",0,60,0.0
"16391",0,302,0.0
"13419",0,16,0.0
"16209",0,67,0.0
"17913",0,465,0.0
"17417",0,16,0.0
"16205",0,196,0.0
"15507",0,45,0.0
"14324",0,41,0.0
"17321",0,271,0.0
"18076",0,8,0.0
"16865",0,16,0.0
"13200",0,46,0.0
"15492",0,35,0.0
"12482",0,202,0.0
"15457",0,58,0.0
"15780",0,29,0.0
"13917",0,18,0.0
"17328",0,6,0.0
"17777",0,190,0.0
"13934",0,31,0.0
"14022",0,47,0.0
"15210",0,67,0.0
"13399",0,15,0.0
"15180",0,52,0.0
"13645",0,5,0.0
"13748",0,58,0.0
"16055",0,8,0.0
"15943",0,12,0.0
"14252",0,10,0.0
"17430",0,37,0.0
"18000",0,6,0.0
"17161",0,52,0.0
"12573",0,119,0.0
"14838",0,70,0.0
"17966",0,113,0.0
"17318",0,17,0.0
"15362",0,40,0.0
"14813",0,138,0.0
"13194",0,10,0.0
"12934",0,2,0.0
"12817",0,22,0.0
"13398",0,39,0.0
"15285",0,6,0.0
"16855",0,19,0.0
"13144",0,6,0.0
"16815",0,73,0.0
"13678",0,16,0.0
"17112",0,47,0.0
"16051",0,12,0.0
"13504",0,22,0.0
"13373",0,358,0.0
"16935",0,69,0.0
"17565",0,30,0.0
"13382",0,86,0.0
"16888",0,52,0.0
"12361",0,25,0.0
"14780",0,27,0.0
"18080",0,2,0.0
"17105",0,90,0.0
"13765",0,16,0.0
"16411",0,181,0.0
"15709",0,27,0.0
"13866",0,7,0.0
"17018",0,37,0.0
"16378",0,23,0.0
"16475",0,28,0.0
"17656",0,82,0.0
"17293",0,241,0.0
"13628",0,16,0.0
"17316",0,35,0.0
"15659",0,21,0.0
"13275",0,48,0.0
"12602",0,12,0.0
"14951",0,20,0.0
"13046",0,56,0.0
"18005",0,53,0.0
"13439",0,167,0.0
"14931",0,38,0.0
"15651",0,60,0.0
"17936",0,72,0.0
"16507",0,38,0.0
"12568",0,4,0.0
"16744",0,236,0.0
"14091",0,13,0.0
"14752",0,5,0.0
"12772",0,54,0.0
"18017",0,4,0.0
"17953",0,19,0.0
"15199",0,51,0.0
"13817",0,22,0.0
"18122",0,355,0.0
"14908",0,14,0.0
"15055",0,81,0.0
"18132",0,62,0.0
"15872",0,188,0.0
"13229",0,10,0.0
"15155",0,24,0.0
"13475",0,86,0.0
"13665",0,106,0.0
"13467",0,98,0.0
"13003",0,6,0.0
"14786",0,7,0.0
"17331",0,1,0.0
"15765",0,25,0.0
"12557",0,53,0.0
"15074",0,72,0.0
"17513",0,18,0.0
"16430",0,27,0.0
"13716",0,21,0.0
"13516",0,61,0.0
"14386",0,7,0.0
"15848",0,34,0.0
"14785",0,3,0.0
"16922",0,122,0.0
"14384",0,3,0.0
"13897",0,59,0.0
"13586",0,20,0.0
"14155",0,6,0.0
"17210",0,53,0.0
"12360",0,211,0.0
"13095",0,6,0.0
"14694",0,15,0.0
"16236",0,20,0.0
"14966",0,151,0.0
"18068",0,1,0.0
"12830",0,38,0.0
"13127",0,15,0.0
"13538",0,142,0.0
"16472",0,39,0.0
"16024",0,83,0.0
"15798",0,83,0.0
"17937",0,43,0.0
"17268",0,30,0.0
"12711",0,58,0.0
"17561",0,191,0.0
"15371",0,1,0.0
"17784",0,23,0.0
"17542",0,64,0.0
"14790",0,145,0.0
"15009",0,180,0.0
"17507",0,88,0.0
"13912",0,7,0.0
"17554",0,88,0.0
"15508",0,92,0.0
"16437",0,21,0.0
"15557",0,19,0.0
"17474",0,6,0.0
"14529",0,213,0.0
"16666",0,48,0.0
"14179",0,157,0.0
"17853",0,105,0.0
"17478",0,40,0.0
"12620",0,91,0.0
"17704",0,31,0.0
"17967",0,61,0.0
"12653",0,86,0.0
"12950",0,23,0.0
"12969",0,5,0.0
"15185",0,21,0.0
"17742",0,85,0.0
"18099",0,19,0.0
"17246",0,6,0.0
"16540",0,29,0.0
"17418",0,42,0.0
"14784",0,27,0.0
"16937",0,49,0.0
"13818",0,5,0.0
"12871",0,18,0.0
"17384",0,20,0.0
"15000",0,77,0.0
"17963",0,109,0.0
"13412",0,34,0.0
"13474",0,126,0.0
"12769",0,32,0.0
"16107",0,31,0.0
"15054",0,114,0.0
"15226",0,8,0.0
"13868",0,33,0.0
"12673",0,72,0.0
"17134",0,36,0.0
"14352",0,47,0.0
"16408",0,45,0.0
"14904",0,141,0.0
"15455",0,2,0.0
"17154",0,23,0.0
"14302",0,28,0.0
"13261",0,9,0.0
"14922",0,50,0.0
"17155",0,73,0.0
"13875",0,270,0.0
"15739",0,8,0.0
"14974",0,17,0.0
"16510",0,111,0.0
"18107",0,38,0.0
"15190",0,40,0.0
"15975",0,24,0.0
"18046",0,26,0.0
"14445",0,32,0.0
"15479",0,9,0.0
"14932",0,30,0.0
"17737",0,10,0.0
"17278",0,17,0.0
"18140",0,54,0.0
"15921",0,77,0.0
"16833",0,92,0.0
"12376",0,11,0.0
"15988",0,119,0.0
"13522",0,5,0.0
"17992",0,52,0.0
"16072",0,531,0.0
"13459",0,73,0.0
"14074",0,6,0.0
"18086",0,7,0.0
"15186",0,52,0.0
"17203",0,261,0.0
"17734",0,86,0.0
"13785",0,30,0.0
"15799",0,154,0.0
"12866",0,60,0.0
"14104",0,134,0.0
"16195",0,16,0.0
"14628",0,86,0.0
"17650",0,8,0.0
"17221",0,124,0.0
"17125",0,35,0.0
"12624",0,36,0.0
"13706",0,38,0.0
"16059",0,391,0.0
"14821",0,69,0.0
"16568",0,5,0.0
"15536",0,16,0.0
"17698",0,8,0.0
"14001",0,103,0.0
"14416",0,14,0.0
"12388",0,146,0.0
"17466",0,41,0.0
"14018",0,13,0.0
"17376",0,55,0.0
"17361",0,57,0.0
"14806",0,20,0.0
"13918",0,30,0.0
"17628",0,5,0.0
"15534",0,8,0.0
"17386",0,38,0.0
"14617",0,9,0.0
"14204",0,220,0.0
"17238",0,1138,0.0
"18015",0,46,0.0
"17141",0,162,0.0
"13237",0,24,0.0
"13452",0,3,0.0
"18238",0,14,0.0
"16000",0,9,0.0
"12880",0,36,0.0
"15649",0,11,0.0
"17488",0,18,0.0
"12851",0,77,0.0
"13621",0,19,0.0
"16674",0,93,0.0
"13719",0,247,0.0
"18262",0,42,0.0
"13386",0,31,0.0
"17500",0,5,0.0
"13770",0,48,0.0
"15685",0,17,0.0
"13119",0,11,0.0
"15245",0,148,0.0
"16041",0,6,0.0
"16259",0,85,0.0
"15441",0,57,0.0
"17198",0,96,0.0
"16415",0,145,0.0
"18060",0,75,0.0
"15035",0,27,0.0
"15374",0,10,0.0
"13619",0,44,0.0
"16006",0,78,0.0
"17948",0,1,0.0
"13806",0,10,0.0
"15717",0,24,0.0
"17623",0,194,0.0
"18162",0,46,0.0
