"customer_id","order_return_rate_pct","line_item_return_rate_pct","rate_gap_pct"
"12590",75.0,5.6,69.4
"16118",80.0,12.8,67.2
"16476",66.7,7.7,59.0
"16262",66.7,8.0,58.7
"18207",66.7,8.8,57.9
"16297",66.7,9.1,57.6
"14245",60.0,3.6,56.4
"17820",66.7,10.9,55.8
"18187",66.7,11.1,55.6
"17693",66.7,11.1,55.6
"16240",60.0,4.9,55.1
"12479",66.7,11.8,54.9
"14564",60.0,5.3,54.7
"17477",60.0,6.4,53.6
"12809",62.5,9.3,53.2
"17531",62.5,9.4,53.1
"13020",60.0,7.1,52.9
"13109",57.1,5.4,51.7
"13115",56.5,4.8,51.7
"12746",66.7,15.0,51.7
"13768",75.0,23.3,51.7
"16576",60.0,8.3,51.7
"16732",55.6,3.9,51.7
"16822",66.7,15.4,51.3
"13281",66.7,15.4,51.3
"14777",75.0,23.8,51.2
"16481",66.7,15.8,50.9
"18183",66.7,15.9,50.8
"15823",60.0,10.5,49.5
"12770",71.4,22.2,49.2
"13422",50.0,0.8,49.2
"12797",66.7,17.6,49.1
"15880",50.0,1.0,49.0
"13850",50.0,1.1,48.9
"16278",57.1,8.3,48.8
"14339",60.0,11.5,48.5
"12742",50.0,1.5,48.5
"15309",60.0,11.5,48.5
"17727",50.0,1.5,48.5
"14831",57.1,8.9,48.2
"12675",50.0,1.8,48.2
"12616",57.1,8.9,48.2
"16536",50.0,1.8,48.2
"12979",50.0,1.8,48.2
"16269",50.0,1.9,48.1
"15176",50.0,1.9,48.1
"12801",50.0,2.0,48.0
"15468",57.1,9.1,48.0
"12511",50.0,2.1,47.9
"14568",50.0,2.1,47.9
"13337",50.0,2.2,47.8
"16984",50.0,2.3,47.7
"14094",50.0,2.3,47.7
"13660",50.0,2.4,47.6
"13424",50.0,2.4,47.6
"14267",66.7,19.1,47.6
"15275",50.0,2.4,47.6
"14903",50.0,2.5,47.5
"17037",50.0,2.6,47.4
"16541",50.0,2.6,47.4
"16714",50.0,2.7,47.3
"12513",50.0,2.9,47.1
"16116",50.0,2.9,47.1
"17904",50.0,2.9,47.1
"14008",50.0,3.0,47.0
"13371",50.0,3.2,46.8
"13116",50.0,3.2,46.8
"13008",57.1,10.3,46.8
"14875",50.0,3.3,46.7
"13905",66.7,20.0,46.7
"16646",50.0,3.3,46.7
"15746",50.0,3.4,46.6
"12579",50.0,3.4,46.6
"12536",50.0,3.4,46.6
"15147",50.0,3.4,46.6
"14319",50.0,3.7,46.3
"15490",50.0,3.8,46.2
"13612",50.0,3.8,46.2
"12533",66.7,20.5,46.2
"12940",50.0,4.0,46.0
"18164",50.0,4.0,46.0
"16355",50.0,4.0,46.0
"14678",50.0,4.0,46.0
"18248",50.0,4.1,45.9
"13853",50.0,4.2,45.8
"13143",50.0,4.2,45.8
"15558",50.0,4.2,45.8
"16404",50.0,4.2,45.8
"13400",50.0,4.2,45.8
"13981",50.0,4.3,45.7
"13974",50.0,4.4,45.6
"18141",50.0,4.5,45.5
"13365",50.0,4.5,45.5
"15120",50.0,4.5,45.5
"18250",50.0,4.5,45.5
"16289",50.0,4.5,45.5
"16398",50.0,4.7,45.3
"18199",50.0,4.8,45.2
"16908",50.0,4.8,45.2
"17156",50.0,4.9,45.1
"16602",60.0,14.9,45.1
"15830",50.0,4.9,45.1
"16615",50.0,5.0,45.0
"15137",60.0,15.0,45.0
"17688",50.0,5.0,45.0
"15091",50.0,5.0,45.0
"14950",50.0,5.0,45.0
"13745",50.0,5.1,44.9
"13295",55.6,10.7,44.9
"15620",50.0,5.1,44.9
"14359",50.0,5.2,44.8
"14747",50.0,5.3,44.7
"12566",50.0,5.3,44.7
"12544",50.0,5.3,44.7
"15598",50.0,5.3,44.7
"16683",50.0,5.3,44.7
"16909",50.0,5.3,44.7
"17603",50.0,5.4,44.6
"13505",50.0,5.4,44.6
"13271",50.0,5.4,44.6
"13257",66.7,22.2,44.5
"17276",50.0,5.5,44.5
"16961",50.0,5.5,44.5
"16108",50.0,5.6,44.4
"14783",50.0,5.6,44.4
"12632",50.0,5.7,44.3
"13121",50.0,5.7,44.3
"13763",50.0,5.7,44.3
"14288",50.0,5.9,44.1
"13622",50.0,5.9,44.1
"15077",50.0,5.9,44.1
"12666",50.0,6.1,43.9
"15138",50.0,6.1,43.9
"14488",50.0,6.1,43.9
"15302",50.0,6.3,43.7
"12807",50.0,6.3,43.7
"13338",55.6,11.9,43.7
"14938",50.0,6.6,43.4
"13872",50.0,6.6,43.4
"16747",50.0,6.7,43.3
"12409",46.2,2.9,43.3
"16579",50.0,6.7,43.3
"12771",50.0,6.7,43.3
"15788",50.0,6.7,43.3
"12501",50.0,6.9,43.1
"14329",46.4,3.3,43.1
"14112",51.9,8.9,43.0
"13043",50.0,7.1,42.9
"14073",50.0,7.1,42.9
"17053",50.0,7.1,42.9
"13284",50.0,7.1,42.9
"16797",44.4,1.7,42.7
"12943",50.0,7.4,42.6
"12930",50.0,7.4,42.6
"14175",52.9,10.3,42.6
"13430",50.0,7.5,42.5
"13407",50.0,7.6,42.4
"14846",50.0,7.7,42.3
"15391",50.0,7.7,42.3
"16299",50.0,7.7,42.3
"15342",50.0,7.7,42.3
"15648",50.0,7.7,42.3
"16163",57.1,15.0,42.1
"17337",42.9,1.0,41.9
"15655",50.0,8.1,41.9
"12468",50.0,8.2,41.8
"14842",50.0,8.2,41.8
"15922",50.0,8.3,41.7
"14142",50.0,8.3,41.7
"14860",50.0,8.3,41.7
"16302",50.0,8.3,41.7
"13624",50.0,8.3,41.7
"14717",50.0,8.3,41.7
"17010",50.0,8.3,41.7
"15643",50.0,8.3,41.7
"13359",50.0,8.5,41.5
"13396",50.0,8.5,41.5
"15469",50.0,8.5,41.5
"18053",50.0,8.6,41.4
"16573",50.0,8.7,41.3
"12529",50.0,8.7,41.3
"13604",50.0,8.7,41.3
"17476",50.0,8.8,41.2
"15786",44.4,3.3,41.1
"14627",66.7,25.6,41.1
"12505",50.0,8.9,41.1
"15029",50.0,9.1,40.9
"14773",50.0,9.1,40.9
"16160",50.0,9.1,40.9
"18176",50.0,9.1,40.9
"16598",50.0,9.1,40.9
"13826",50.0,9.1,40.9
"17627",50.0,9.1,40.9
"14256",44.4,3.6,40.8
"15308",50.0,9.5,40.5
"13961",50.0,9.5,40.5
"16739",50.0,9.5,40.5
"13345",50.0,9.5,40.5
"14546",45.0,4.7,40.3
"12679",55.6,15.4,40.2
"13175",50.0,9.8,40.2
"12525",62.5,22.4,40.1
"12612",50.0,10.0,40.0
"13701",50.0,10.0,40.0
"12565",50.0,10.0,40.0
"16543",50.0,10.0,40.0
"18111",50.0,10.0,40.0
"18070",50.0,10.0,40.0
"17617",50.0,10.0,40.0
"13736",41.7,1.9,39.8
"12947",45.5,5.8,39.7
"17145",42.9,3.2,39.7
"17714",44.4,4.7,39.7
"14105",44.4,4.8,39.6
"13656",42.9,3.3,39.6
"14286",41.7,2.2,39.5
"16286",50.0,10.5,39.5
"16810",50.0,10.5,39.5
"12585",50.0,10.5,39.5
"16463",42.9,3.5,39.4
"13503",44.4,5.1,39.3
"17115",46.2,7.0,39.2
"18009",42.9,3.8,39.1
"14087",40.0,0.9,39.1
"16054",42.9,3.9,39.0
"15764",42.9,3.9,39.0
"15432",50.0,11.1,38.9
"16101",42.9,4.0,38.9
"12929",50.0,11.1,38.9
"12495",50.0,11.1,38.9
"16077",50.0,11.1,38.9
"16956",50.0,11.1,38.9
"15609",50.0,11.1,38.9
"14295",42.9,4.1,38.8
"14420",42.9,4.1,38.8
"17539",40.0,1.4,38.6
"13370",50.0,11.4,38.6
"13517",40.0,1.4,38.6
"15978",40.0,1.5,38.5
"13352",50.0,11.5,38.5
"15326",50.0,11.6,38.4
"13980",44.4,6.0,38.4
"15382",40.0,1.6,38.4
"12997",50.0,11.6,38.4
"13883",44.0,5.7,38.3
"16067",50.0,11.7,38.3
"13501",40.0,1.7,38.3
"15614",42.9,4.7,38.2
"15294",50.0,11.8,38.2
"12915",50.0,11.8,38.2
"15994",40.0,1.8,38.2
"17169",50.0,11.8,38.2
"16933",43.8,5.7,38.1
"18136",44.4,6.4,38.0
"12494",47.1,9.1,38.0
"17063",43.5,5.5,38.0
"14442",41.7,3.7,38.0
"16533",40.0,2.2,37.8
"12578",42.9,5.1,37.8
"14323",50.0,12.2,37.8
"15296",40.0,2.2,37.8
"14714",42.9,5.1,37.8
"18189",40.0,2.3,37.7
"12424",42.9,5.2,37.7
"17779",40.0,2.4,37.6
"18223",49.0,11.4,37.6
"14909",40.0,2.4,37.6
"15076",40.0,2.4,37.6
"14928",50.0,12.5,37.5
"17506",50.0,12.5,37.5
"15337",50.0,12.5,37.5
"13674",50.0,12.5,37.5
"13814",40.0,2.5,37.5
"18269",50.0,12.5,37.5
"14206",40.0,2.7,37.3
"13282",42.9,5.6,37.3
"13329",42.9,5.6,37.3
"15791",44.4,7.2,37.2
"18193",40.0,2.8,37.2
"14893",40.0,2.8,37.2
"12457",46.2,9.0,37.2
"15596",43.8,6.6,37.2
"15097",40.0,2.9,37.1
"14586",66.7,29.6,37.1
"16795",40.0,2.9,37.1
"15535",40.0,3.0,37.0
"17649",40.0,3.0,37.0
"12474",44.2,7.2,37.0
"15345",50.0,13.0,37.0
"16894",40.0,3.1,36.9
"13735",40.9,4.0,36.9
"15502",47.8,10.9,36.9
"16292",44.4,7.5,36.9
"18163",50.0,13.2,36.8
"15449",40.0,3.2,36.8
"16245",40.0,3.2,36.8
"14356",50.0,13.2,36.8
"13820",40.0,3.3,36.7
"12542",50.0,13.3,36.7
"12818",50.0,13.3,36.7
"14149",66.7,30.0,36.7
"12476",45.5,8.8,36.7
"15533",40.0,3.5,36.5
"12785",40.0,3.6,36.4
"14081",37.5,1.1,36.4
"16875",45.0,8.7,36.3
"13151",40.0,3.7,36.3
"17147",43.8,7.5,36.3
"15238",40.0,3.8,36.2
"17547",50.0,13.9,36.1
"12957",38.1,2.0,36.1
"15706",42.9,6.8,36.1
"12982",52.9,16.8,36.1
"16150",50.0,13.9,36.1
"15101",45.5,9.4,36.1
"16863",40.0,4.1,35.9
"13136",43.5,7.6,35.9
"15639",40.0,4.2,35.8
"13425",37.5,1.7,35.8
"13171",40.0,4.2,35.8
"13343",50.0,14.3,35.7
"17313",50.0,14.3,35.7
"12781",50.0,14.3,35.7
"12462",50.0,14.3,35.7
"18020",50.0,14.3,35.7
"14764",50.0,14.3,35.7
"16622",50.0,14.3,35.7
"16092",40.0,4.3,35.7
"16975",40.0,4.3,35.7
"14625",38.9,3.3,35.6
"17423",40.0,4.4,35.6
"12472",48.6,13.1,35.5
"14305",40.0,4.5,35.5
"15622",43.3,7.8,35.5
"16362",45.5,10.0,35.5
"15839",40.0,4.6,35.4
"14634",42.9,7.6,35.3
"17563",50.0,14.7,35.3
"16670",39.4,4.2,35.2
"13453",40.0,4.8,35.2
"14425",40.0,4.9,35.1
"17612",41.9,6.8,35.1
"12852",50.0,15.0,35.0
"14232",37.5,2.5,35.0
"14521",50.0,15.0,35.0
"16094",42.1,7.1,35.0
"18267",50.0,15.0,35.0
"12697",40.0,5.0,35.0
"17696",43.8,8.8,35.0
"13979",36.4,1.5,34.9
"16550",37.9,3.0,34.9
"18276",40.0,5.1,34.9
"14808",42.9,8.0,34.9
"13300",40.0,5.2,34.8
"16736",37.5,2.7,34.8
"14400",40.0,5.2,34.8
"17411",44.4,9.6,34.8
"12674",42.9,8.1,34.8
"16642",40.0,5.3,34.7
"13830",50.0,15.4,34.6
"13852",50.0,15.4,34.6
"16166",50.0,15.4,34.6
"12434",40.0,5.4,34.6
"16499",38.5,4.0,34.5
"15966",50.0,15.6,34.4
"14338",40.0,5.7,34.3
"16835",40.0,5.7,34.3
"13479",42.9,8.6,34.3
"13107",40.0,5.8,34.2
"16474",36.4,2.3,34.1
"16947",42.9,8.8,34.1
"13584",40.0,5.9,34.1
"15329",45.0,11.0,34.0
"17802",37.5,3.5,34.0
"13186",40.0,6.0,34.0
"14679",40.0,6.0,34.0
"14894",40.0,6.1,33.9
"14292",40.7,6.8,33.9
"14443",37.5,3.6,33.9
"13299",40.0,6.1,33.9
"13816",50.0,16.1,33.9
"14685",38.5,4.6,33.9
"13922",40.0,6.3,33.7
"12705",38.1,4.4,33.7
"13078",40.0,6.4,33.6
"12840",36.4,2.8,33.6
"16554",55.6,22.0,33.6
"17095",36.4,2.8,33.6
"17677",40.0,6.5,33.5
"15676",40.0,6.5,33.5
"14407",37.5,4.0,33.5
"16401",39.5,6.0,33.5
"14475",42.9,9.4,33.5
"13050",37.0,3.5,33.5
"16396",66.7,33.3,33.4
"14441",38.9,5.5,33.4
"15317",50.0,16.7,33.3
"15973",50.0,16.7,33.3
"15836",50.0,16.7,33.3
"17636",50.0,16.7,33.3
"18142",50.0,16.7,33.3
"14038",37.5,4.2,33.3
"13511",50.0,16.7,33.3
"17204",40.0,6.8,33.2
"17340",37.9,4.8,33.1
"17422",45.0,12.0,33.0
"15339",36.4,3.5,32.9
"17746",42.9,10.0,32.9
"14382",33.3,0.4,32.9
"17172",40.0,7.1,32.9
"16227",50.0,17.1,32.9
"15708",35.7,2.9,32.8
"12854",36.4,3.7,32.7
"14629",33.3,0.7,32.6
"13304",42.9,10.3,32.6
"14113",48.4,15.9,32.5
"14474",33.3,0.8,32.5
"12909",38.5,6.0,32.5
"17366",33.3,0.8,32.5
"13310",37.5,5.0,32.5
"13607",33.3,0.8,32.5
"15231",50.0,17.6,32.4
"13224",33.3,0.9,32.4
"15625",35.7,3.4,32.3
"15207",40.0,7.7,32.3
"13047",42.5,10.2,32.3
"12408",38.5,6.2,32.3
"16799",33.3,1.1,32.2
"14189",36.0,3.8,32.2
"16491",33.3,1.1,32.2
"15369",8.3,40.4,-32.1
"17828",50.0,17.9,32.1
"14621",43.8,11.7,32.1
"15429",33.3,1.2,32.1
"14121",33.3,1.2,32.1
"13877",40.0,8.0,32.0
"17776",33.3,1.3,32.0
"14451",33.3,1.3,32.0
"13375",33.3,1.4,31.9
"13081",34.9,3.0,31.9
"15398",33.3,1.4,31.9
"13166",33.3,1.4,31.9
"13014",38.9,7.0,31.9
"12546",33.3,1.5,31.8
"14140",33.3,1.5,31.8
"15563",33.3,1.5,31.8
"13279",50.0,18.2,31.8
"13457",50.0,18.2,31.8
"16581",50.0,18.2,31.8
"16176",42.9,11.1,31.8
"17344",33.3,1.5,31.8
"18197",50.0,18.2,31.8
"13506",37.5,5.8,31.7
"14000",37.5,5.8,31.7
"15877",33.3,1.6,31.7
"13646",33.3,1.7,31.6
"15826",33.3,1.7,31.6
"14188",40.0,8.5,31.5
"12905",33.3,1.8,31.5
"13832",33.3,1.8,31.5
"13937",33.3,1.8,31.5
"13526",50.0,18.5,31.5
"12703",42.9,11.4,31.5
"17096",35.3,3.8,31.5
"15580",42.9,11.4,31.5
"14032",36.0,4.6,31.4
"15128",37.5,6.1,31.4
"16283",33.3,1.9,31.4
"17977",33.3,1.9,31.4
"17442",34.8,3.4,31.4
"16917",33.3,2.0,31.3
"13093",36.8,5.5,31.3
"13066",33.3,2.0,31.3
"15696",38.1,6.8,31.3
"16465",33.3,2.0,31.3
"14290",42.9,11.7,31.2
"12874",33.3,2.1,31.2
"16490",50.0,18.8,31.2
"14301",42.9,11.7,31.2
"14930",33.3,2.1,31.2
"12753",45.5,14.3,31.2
"12822",33.3,2.1,31.2
"16763",33.3,2.2,31.1
"14151",33.3,2.2,31.1
"12693",36.4,5.3,31.1
"15015",35.0,3.9,31.1
"16571",41.2,10.2,31.0
"13650",37.5,6.5,31.0
"13510",35.3,4.3,31.0
"16376",33.3,2.4,30.9
"14655",36.4,5.5,30.9
"13924",45.5,14.6,30.9
"13890",36.4,5.5,30.9
"13458",33.3,2.4,30.9
"16075",33.3,2.4,30.9
"12656",33.3,2.4,30.9
"14043",33.3,2.4,30.9
"13615",33.3,2.4,30.9
"14902",40.0,9.2,30.8
"14793",33.3,2.5,30.8
"17048",36.4,5.6,30.8
"13055",33.3,2.5,30.8
"13198",33.3,2.5,30.8
"13377",33.3,2.6,30.7
"15315",33.3,2.6,30.7
"15597",33.3,2.6,30.7
"12985",33.3,2.6,30.7
"14611",33.3,2.6,30.7
"17622",33.3,2.6,30.7
"15785",38.5,7.8,30.7
"14372",33.3,2.6,30.7
"13405",37.5,6.8,30.7
"13266",36.7,6.1,30.6
"13455",45.5,14.9,30.6
"17499",33.3,2.7,30.6
"15650",33.3,2.7,30.6
"13496",33.3,2.8,30.5
"15115",33.3,2.8,30.5
"15363",33.3,2.8,30.5
"15736",33.3,2.9,30.4
"18158",33.3,2.9,30.4
"14567",33.3,2.9,30.4
"13914",33.3,2.9,30.4
"17473",33.3,2.9,30.4
"17342",42.9,12.5,30.4
"15104",33.3,2.9,30.4
"14011",33.3,3.0,30.3
"16039",33.3,3.0,30.3
"13635",33.3,3.0,30.3
"14456",30.8,0.6,30.2
"16471",33.3,3.1,30.2
"12733",33.3,3.1,30.2
"13320",33.3,3.2,30.1
"15782",33.3,3.2,30.1
"14619",33.3,3.2,30.1
"18056",33.3,3.2,30.1
"15763",33.3,3.2,30.1
"15518",31.8,1.8,30.0
"13733",33.3,3.3,30.0
"16838",33.3,3.3,30.0
"13894",40.0,10.0,30.0
"14244",50.0,20.0,30.0
"12572",33.3,3.3,30.0
"14269",50.0,20.0,30.0
"13420",50.0,20.0,30.0
"17071",35.0,5.0,30.0
"16630",50.0,20.0,30.0
"15079",35.3,5.4,29.9
"15700",33.3,3.4,29.9
"16993",33.3,3.4,29.9
"13623",33.3,3.4,29.9
"14194",33.3,3.4,29.9
"17678",33.3,3.4,29.9
"15264",33.3,3.5,29.8
"14426",37.0,7.2,29.8
"16191",38.5,8.7,29.8
"14430",40.0,10.3,29.7
"14869",33.3,3.6,29.7
"15240",36.8,7.1,29.7
"15840",33.3,3.6,29.7
"13684",33.3,3.6,29.7
"13545",33.3,3.6,29.7
"14296",33.3,3.6,29.7
"17480",33.3,3.6,29.7
"17462",33.3,3.6,29.7
"14102",37.5,7.9,29.6
"14237",33.3,3.7,29.6
"12708",37.9,8.3,29.6
"15351",33.3,3.7,29.6
"15713",33.3,3.7,29.6
"16484",33.3,3.8,29.5
"15682",33.3,3.8,29.5
"15406",33.3,3.9,29.4
"16316",31.6,2.3,29.3
"16768",35.7,6.4,29.3
"15213",33.3,4.0,29.3
"18110",33.3,4.0,29.3
"15341",33.3,4.0,29.3
"13711",40.0,10.7,29.3
"13964",33.3,4.0,29.3
"15253",33.3,4.1,29.2
"13599",36.5,7.3,29.2
"12439",33.3,4.1,29.2
"17652",33.3,4.1,29.2
"16677",33.3,4.1,29.2
"16145",34.5,5.3,29.2
"17527",33.3,4.1,29.2
"12878",33.3,4.1,29.2
"15066",50.0,20.8,29.2
"16518",33.3,4.2,29.1
"14537",33.3,4.2,29.1
"12425",33.3,4.2,29.1
"15664",33.3,4.2,29.1
"17718",33.3,4.2,29.1
"12445",33.3,4.2,29.1
"15146",33.3,4.2,29.1
"14499",30.0,1.0,29.0
"13626",33.3,4.3,29.0
"14227",31.8,2.8,29.0
"13028",33.3,4.3,29.0
"18286",33.3,4.3,29.0
"17213",35.0,6.0,29.0
"13317",38.7,9.7,29.0
"13446",38.9,9.9,29.0
"14796",30.8,1.8,29.0
"14640",37.5,8.6,28.9
"12484",30.8,1.9,28.9
"13048",30.8,1.9,28.9
"14333",50.0,21.1,28.9
"14304",40.0,11.1,28.9
"12531",33.3,4.5,28.8
"16309",33.3,4.5,28.8
"18226",31.6,2.8,28.8
"18024",33.3,4.5,28.8
"15745",33.3,4.6,28.7
"12749",43.8,15.1,28.7
"14229",36.4,7.7,28.7
"13287",57.1,28.4,28.7
"18247",50.0,21.3,28.7
"16735",36.4,7.8,28.6
"13643",33.3,4.7,28.6
"13729",40.0,11.4,28.6
"14910",42.9,14.3,28.6
"17610",37.5,8.9,28.6
"12610",33.3,4.7,28.6
"12886",33.3,4.7,28.6
"14137",50.0,21.4,28.6
"15684",50.0,21.4,28.6
"15135",33.3,4.8,28.5
"14497",33.3,4.8,28.5
"12559",33.3,4.8,28.5
"14505",29.6,1.1,28.5
"12493",33.3,4.8,28.5
"16652",33.3,4.8,28.5
"12463",33.3,4.8,28.5
"15993",30.0,1.5,28.5
"16781",33.3,4.9,28.4
"13519",33.3,5.0,28.3
"15670",33.3,5.0,28.3
"14593",29.4,1.1,28.3
"17069",33.3,5.0,28.3
"15088",33.3,5.0,28.3
"13250",33.3,5.0,28.3
"15059",29.6,1.3,28.3
"14558",40.0,11.8,28.2
"15093",32.4,4.2,28.2
"12519",33.3,5.1,28.2
"16570",35.5,7.3,28.2
"12471",40.8,12.6,28.2
"14389",54.5,26.3,28.2
"16643",33.3,5.2,28.1
"18167",40.0,11.9,28.1
"15021",29.4,1.3,28.1
"15881",37.5,9.4,28.1
"13126",31.6,3.6,28.0
"13362",30.0,2.0,28.0
"17005",33.3,5.3,28.0
"15347",33.3,5.3,28.0
"17094",33.3,5.3,28.0
"18062",33.3,5.3,28.0
"16048",33.3,5.3,28.0
"14133",33.3,5.3,28.0
"13863",33.3,5.4,27.9
"15122",31.3,3.4,27.9
"16755",30.0,2.1,27.9
"16911",33.3,5.4,27.9
"12560",33.3,5.5,27.8
"14231",33.3,5.5,27.8
"13393",33.3,5.5,27.8
"15811",30.0,2.2,27.8
"13134",33.3,5.5,27.8
"13276",28.6,0.8,27.8
"14644",41.7,13.9,27.8
"18075",35.5,7.7,27.8
"13662",35.3,7.5,27.8
"13597",33.3,5.6,27.7
"13627",30.0,2.3,27.7
"14857",30.0,2.3,27.7
"12633",30.0,2.3,27.7
"13594",33.3,5.7,27.6
"15804",31.6,4.0,27.6
"12652",33.3,5.7,27.6
"16955",33.3,5.7,27.6
"12427",40.0,12.5,27.5
"13658",30.8,3.3,27.5
"14870",33.3,5.8,27.5
"18181",28.6,1.1,27.5
"15239",33.3,5.8,27.5
"15321",33.3,5.8,27.5
"16394",44.4,17.0,27.4
"17239",33.3,5.9,27.4
"17231",28.6,1.2,27.4
"13106",33.3,5.9,27.4
"14565",28.6,1.3,27.3
"14771",33.3,6.0,27.3
"15050",28.6,1.3,27.3
"13939",30.0,2.7,27.3
"14496",30.0,2.8,27.2
"17405",40.0,12.8,27.2
"13836",33.3,6.1,27.2
"16232",30.0,2.8,27.2
"17702",33.3,6.1,27.2
"17908",28.6,1.4,27.2
"12802",28.6,1.5,27.1
"16873",29.4,2.3,27.1
"18280",33.3,6.3,27.0
"16498",33.3,6.3,27.0
"12375",33.3,6.3,27.0
"13268",28.6,1.6,27.0
"12779",33.3,6.3,27.0
"18228",33.3,6.3,27.0
"12426",33.3,6.3,27.0
"17322",28.6,1.7,26.9
"14493",28.6,1.7,26.9
"16858",37.5,10.6,26.9
"17032",28.6,1.7,26.9
"15065",28.6,1.8,26.8
"14907",30.4,3.6,26.8
"16705",31.1,4.3,26.8
"13769",31.0,4.2,26.8
"12553",29.4,2.6,26.8
"14136",28.6,1.9,26.7
"13097",28.9,2.2,26.7
"16061",66.7,40.0,26.7
"13534",41.7,15.0,26.7
"17599",66.7,40.0,26.7
"15461",33.3,60.0,-26.7
"15289",28.6,2.0,26.6
"13692",28.6,2.0,26.6
"13005",33.3,6.7,26.6
"15505",28.6,2.0,26.6
"15106",28.6,2.0,26.6
"14226",33.3,6.7,26.6
"17813",28.6,2.0,26.6
"17509",27.3,0.8,26.5
"16124",33.3,6.8,26.5
"13927",33.3,6.8,26.5
"17997",33.3,6.8,26.5
"16940",27.3,0.9,26.4
"13884",28.6,2.2,26.4
"14299",34.1,7.7,26.4
"13734",33.3,6.9,26.4
"13813",33.3,6.9,26.4
"12626",30.8,4.4,26.4
"15110",33.3,7.0,26.3
"16449",33.3,7.0,26.3
"14276",41.7,15.4,26.3
"15521",30.4,4.1,26.3
"15671",30.0,3.7,26.3
"15201",50.0,23.7,26.3
"14390",27.8,1.5,26.3
"13021",29.2,3.0,26.2
"16424",33.3,7.1,26.2
"12406",28.6,2.4,26.2
"17728",28.6,2.4,26.2
"15579",28.6,2.4,26.2
"13651",33.3,7.1,26.2
"12722",33.3,7.1,26.2
"14483",33.3,7.1,26.2
"13421",27.3,1.1,26.2
"13098",31.7,5.5,26.2
"15252",28.6,2.5,26.1
"12598",28.6,2.5,26.1
"16764",27.8,1.7,26.1
"12584",50.0,24.0,26.0
"13958",33.3,7.3,26.0
"13350",33.3,7.3,26.0
"15489",33.3,7.3,26.0
"18218",33.3,7.3,26.0
"12889",33.3,7.4,25.9
"12359",28.6,2.7,25.9
"15602",33.3,7.4,25.9
"14572",26.7,0.8,25.9
"12933",27.3,1.4,25.9
"16037",28.6,2.7,25.9
"14428",28.6,2.8,25.8
"13476",28.6,2.8,25.8
"12719",33.3,7.5,25.8
"13699",33.3,7.5,25.8
"17722",28.6,2.8,25.8
"14534",31.6,5.9,25.7
"16306",30.0,4.3,25.7
"16147",28.6,2.9,25.7
"14211",30.8,5.1,25.7
"13965",40.0,14.3,25.7
"14994",28.6,2.9,25.7
"13982",30.8,5.1,25.7
"16556",29.2,3.6,25.6
"12853",31.3,5.7,25.6
"13611",28.6,3.0,25.6
"15045",33.3,7.7,25.6
"13236",33.3,7.7,25.6
"13988",27.3,1.7,25.6
"18178",26.7,1.1,25.6
"18282",33.3,7.7,25.6
"12428",27.3,1.7,25.6
"18257",29.4,3.8,25.6
"15257",33.3,7.7,25.6
"15322",33.3,7.8,25.5
"16177",33.3,7.8,25.5
"15279",28.6,3.1,25.5
"17119",33.3,7.9,25.4
"17924",42.9,17.5,25.4
"12790",33.3,7.9,25.4
"14049",27.8,2.4,25.4
"14745",29.4,4.1,25.3
"16134",28.6,3.3,25.3
"17353",42.9,17.6,25.3
"17954",26.9,1.6,25.3
"15125",33.3,8.0,25.3
"14064",28.6,3.3,25.3
"16325",29.4,4.2,25.2
"15658",38.5,13.4,25.1
"15730",28.6,3.5,25.1
"12465",33.3,8.2,25.1
"13630",36.4,11.3,25.1
"14981",33.3,8.3,25.0
"14119",33.3,8.3,25.0
"15162",50.0,25.0,25.0
"15409",50.0,25.0,25.0
"15816",33.3,8.3,25.0
"14415",28.1,3.1,25.0
"16772",40.0,15.0,25.0
"14840",33.3,8.3,25.0
"16148",50.0,25.0,25.0
"12895",33.3,8.3,25.0
"14342",33.3,8.3,25.0
"15224",37.5,12.5,25.0
"15724",40.0,15.0,25.0
"17841",26.5,1.6,24.9
"14217",30.3,5.4,24.9
"13717",27.3,2.4,24.9
"16523",28.2,3.4,24.8
"14233",30.0,5.2,24.8
"13983",30.0,5.2,24.8
"13787",33.3,8.5,24.8
"13360",33.3,8.5,24.8
"13554",30.0,5.3,24.7
"17084",25.0,0.4,24.6
"14626",26.7,2.1,24.6
"15729",40.0,15.4,24.6
"17429",28.6,4.0,24.6
"13861",33.3,8.7,24.6
"17528",27.3,2.7,24.6
"14198",30.8,6.2,24.6
"14800",26.1,1.5,24.6
"13042",25.0,0.5,24.5
"14236",28.6,4.1,24.5
"13024",33.3,8.8,24.5
"13659",29.4,4.9,24.5
"13874",30.0,5.5,24.5
"15810",38.5,14.0,24.5
"16001",50.0,25.6,24.4
"13925",33.3,8.9,24.4
"16520",25.0,0.6,24.4
"12615",27.3,2.9,24.4
"16798",25.0,0.6,24.4
"14214",28.6,4.3,24.3
"17593",26.7,2.4,24.3
"13448",25.0,0.7,24.3
"13212",25.0,0.7,24.3
"12709",39.6,15.3,24.3
"14606",26.4,2.1,24.3
"13587",33.3,9.1,24.2
"13485",26.7,2.5,24.2
"16080",33.3,9.1,24.2
"17170",33.3,9.1,24.2
"13164",33.3,9.1,24.2
"12440",33.3,9.1,24.2
"16428",25.0,0.8,24.2
"14314",33.3,9.1,24.2
"18217",33.3,9.1,24.2
"15157",28.6,4.4,24.2
"15542",25.0,0.9,24.1
"16653",33.3,9.2,24.1
"15197",33.3,9.2,24.1
"13384",26.7,2.6,24.1
"18277",28.6,4.5,24.1
"17597",28.6,4.5,24.1
"15446",25.0,0.9,24.1
"18204",25.0,1.0,24.0
"16204",25.0,1.0,24.0
"15113",25.0,1.0,24.0
"13902",28.6,4.6,24.0
"12856",25.0,1.0,24.0
"13478",28.6,4.6,24.0
"15932",27.3,3.4,23.9
"16951",25.0,1.1,23.9
"13895",25.0,1.1,23.9
"12972",33.3,9.4,23.9
"15251",30.0,6.1,23.9
"16117",25.0,1.1,23.9
"16015",25.0,1.1,23.9
"12576",27.3,3.4,23.9
"12677",33.3,9.5,23.8
"16033",25.0,1.2,23.8
"17406",27.8,4.0,23.8
"17801",25.0,1.2,23.8
"15630",25.0,1.2,23.8
"12694",25.0,1.2,23.8
"17667",25.0,1.3,23.7
"13803",25.0,1.3,23.7
"17635",25.0,1.3,23.7
"16900",25.0,1.3,23.7
"17644",28.6,4.9,23.7
"16406",25.0,1.3,23.7
"18260",28.1,4.4,23.7
"14510",25.0,1.3,23.7
"18220",45.5,21.9,23.6
"16360",25.0,1.4,23.6
"17014",25.0,1.4,23.6
"16720",25.0,1.4,23.6
"12994",40.0,16.4,23.6
"16807",25.0,1.4,23.6
"18130",25.0,1.4,23.6
"13388",25.0,1.4,23.6
"12885",25.0,1.4,23.6
"17490",30.8,7.2,23.6
"12477",25.0,1.4,23.6
"16658",37.5,13.9,23.6
"16140",25.0,1.5,23.5
"15633",27.8,4.3,23.5
"16451",25.0,1.5,23.5
"15645",25.0,1.5,23.5
"15254",25.0,1.5,23.5
"14128",25.0,1.5,23.5
"15831",25.0,1.5,23.5
"12644",33.3,9.8,23.5
"18188",25.0,1.5,23.5
"16341",30.0,6.5,23.5
"17451",30.0,6.5,23.5
"16053",25.0,1.5,23.5
"16057",41.2,17.7,23.5
"18263",25.0,1.6,23.4
"16842",25.0,1.6,23.4
"14223",25.0,1.6,23.4
"16903",25.0,1.6,23.4
"15108",25.0,1.7,23.3
"17998",25.0,1.7,23.3
"18030",33.3,10.0,23.3
"13406",33.3,10.0,23.3
"16572",25.0,1.7,23.3
"14199",33.3,10.0,23.3
"14949",33.3,10.0,23.3
"15281",27.3,4.0,23.3
"14326",25.0,1.7,23.3
"13936",25.0,1.7,23.3
"13781",25.0,1.7,23.3
"12921",28.2,4.9,23.3
"15737",33.3,10.1,23.2
"15222",35.3,12.1,23.2
"14243",26.1,2.9,23.2
"13192",25.0,1.8,23.2
"16228",25.0,1.8,23.2
"13564",26.5,3.4,23.1
"17706",27.9,4.8,23.1
"12417",25.9,2.8,23.1
"14837",25.0,1.9,23.1
"15998",23.8,0.7,23.1
"15467",25.0,1.9,23.1
"16782",24.0,0.9,23.1
"14370",33.3,10.2,23.1
"15314",25.0,2.0,23.0
"14916",27.3,4.3,23.0
"14065",25.0,2.0,23.0
"15814",25.0,2.0,23.0
"13552",31.3,8.4,22.9
"16790",25.0,2.1,22.9
"12870",25.0,2.1,22.9
"14048",25.0,2.1,22.9
"18230",25.0,2.1,22.9
"17578",30.0,7.1,22.9
"14172",25.0,2.2,22.8
"15092",25.0,2.2,22.8
"15750",25.0,2.2,22.8
"16143",25.0,2.2,22.8
"15194",28.2,5.4,22.8
"14659",25.0,2.3,22.7
"13267",28.0,5.3,22.7
"14872",25.0,2.3,22.7
"17374",25.0,2.3,22.7
"16759",25.0,2.3,22.7
"14412",25.0,2.3,22.7
"16860",25.0,2.3,22.7
"15154",25.0,2.3,22.7
"16450",25.0,2.3,22.7
"12384",33.3,10.7,22.6
"16730",25.0,2.4,22.6
"15842",33.3,10.7,22.6
"17672",25.0,2.4,22.6
"15626",25.0,2.4,22.6
"13484",25.0,2.5,22.5
"13797",25.0,2.5,22.5
"14756",25.0,2.5,22.5
"14853",28.6,6.1,22.5
"15005",26.3,3.8,22.5
"14047",26.3,3.8,22.5
"14748",37.5,15.0,22.5
"16281",25.0,2.5,22.5
"13655",25.0,2.5,22.5
"13901",25.0,2.5,22.5
"16296",33.3,10.8,22.5
"13585",25.0,2.5,22.5
"17251",25.0,2.5,22.5
"15183",25.0,2.6,22.4
"13118",25.0,2.6,22.4
"12710",25.0,2.6,22.4
"16138",25.0,2.6,22.4
"14009",25.0,2.6,22.4
"15586",25.0,2.6,22.4
"15346",25.0,2.6,22.4
"16211",25.0,2.7,22.3
"12967",40.0,17.7,22.3
"12349",25.0,2.8,22.2
"13799",30.8,8.6,22.2
"13588",25.0,2.8,22.2
"16351",27.8,5.6,22.2
"15303",25.0,2.8,22.2
"16042",27.3,5.1,22.2
"15621",33.3,11.1,22.2
"13369",50.0,27.8,22.2
"12663",33.3,11.1,22.2
"17640",25.0,2.9,22.1
"13741",25.0,2.9,22.1
"14019",25.0,2.9,22.1
"16485",28.6,6.5,22.1
"16164",25.0,2.9,22.1
"14937",25.0,2.9,22.1
"17621",25.0,2.9,22.1
"17165",25.0,2.9,22.1
"14590",28.6,6.5,22.1
"14284",25.0,2.9,22.1
"15754",25.0,3.0,22.0
"15544",23.1,1.1,22.0
"15885",27.8,5.8,22.0
"16979",25.0,3.0,22.0
"13154",25.0,3.1,21.9
"13148",27.8,5.9,21.9
"15018",25.0,3.1,21.9
"14885",25.0,3.1,21.9
"13648",27.3,5.4,21.9
"13499",28.6,6.7,21.9
"17334",25.0,3.1,21.9
"16109",25.0,3.1,21.9
"13466",28.6,6.8,21.8
"12456",25.0,3.2,21.8
"14680",33.3,11.5,21.8
"12412",25.0,3.2,21.8
"17317",40.0,18.2,21.8
"15589",25.0,3.3,21.7
"17663",26.1,4.4,21.7
"15951",25.0,3.3,21.7
"15358",23.6,1.9,21.7
"17011",25.0,3.4,21.6
"18168",27.3,5.7,21.6
"16656",31.8,10.2,21.6
"12528",25.0,3.4,21.6
"14210",23.8,2.2,21.6
"14034",25.0,3.4,21.6
"17865",25.8,4.2,21.6
"16256",25.0,3.4,21.6
"14573",23.5,1.9,21.6
"17017",27.5,6.0,21.5
"16133",28.2,6.7,21.5
"12951",25.0,3.5,21.5
"14168",33.3,11.8,21.5
"17107",23.1,1.6,21.5
"13026",25.0,3.5,21.5
"13019",25.0,3.5,21.5
"17856",33.3,11.8,21.5
"14760",50.0,28.6,21.4
"15834",22.2,0.8,21.4
"14738",25.0,3.6,21.4
"14533",26.7,5.3,21.4
"12888",50.0,28.6,21.4
"17651",23.8,2.4,21.4
"15171",50.0,28.6,21.4
"13319",25.6,4.2,21.4
"18256",50.0,28.6,21.4
"13255",25.0,3.7,21.3
"14264",25.0,3.7,21.3
"17866",25.0,3.7,21.3
"15950",23.1,1.8,21.3
"13037",25.0,3.7,21.3
"16546",28.6,7.4,21.2
"17420",25.0,3.8,21.2
"17736",25.0,3.8,21.2
"12919",25.0,3.8,21.2
"14122",40.0,18.8,21.2
"17573",25.0,3.8,21.2
"15344",40.0,18.8,21.2
"12346",25.0,3.8,21.2
"16590",33.3,12.1,21.2
"17602",22.2,1.1,21.1
"13641",33.3,12.2,21.1
"12450",28.6,7.5,21.1
"15430",33.3,12.2,21.1
"17183",25.0,3.9,21.1
"16350",25.0,3.9,21.1
"16242",22.2,1.2,21.0
"12605",25.0,4.0,21.0
"13696",25.0,4.0,21.0
"15179",23.5,2.5,21.0
"15244",25.0,4.0,21.0
"18108",25.0,4.1,20.9
"12720",25.6,4.7,20.9
"12473",25.0,4.2,20.8
"16713",22.0,1.2,20.8
"17465",22.2,1.4,20.8
"16892",22.2,1.4,20.8
"15551",22.2,1.4,20.8
"18064",26.7,5.9,20.8
"12619",25.0,4.2,20.8
"15841",25.0,4.2,20.8
"16609",22.2,1.4,20.8
"12672",33.3,12.5,20.8
"17526",25.0,4.2,20.8
"14850",22.2,1.5,20.7
"15331",25.0,4.3,20.7
"14152",22.2,1.5,20.7
"17609",21.4,0.8,20.6
"15607",25.0,4.4,20.6
"17092",21.4,0.8,20.6
"17463",22.2,1.6,20.6
"17646",25.0,4.4,20.6
"17524",25.0,4.4,20.6
"16817",27.8,7.2,20.6
"12588",25.0,4.5,20.5
"17426",23.5,3.0,20.5
"13693",25.0,4.5,20.5
"15248",25.0,4.5,20.5
"18221",25.0,4.5,20.5
"17931",22.2,1.7,20.5
"15980",22.2,1.7,20.5
"14817",22.2,1.8,20.4
"14847",25.0,4.6,20.4
"17049",24.0,3.6,20.4
"14794",23.1,2.8,20.3
"12381",25.0,4.7,20.3
"14502",21.4,1.1,20.3
"17633",22.2,1.9,20.3
"15044",22.0,1.7,20.3
"14141",33.3,13.0,20.3
"14277",38.5,18.3,20.2
"16436",25.0,4.8,20.2
"15781",25.0,4.8,20.2
"13057",25.0,4.8,20.2
"13668",25.5,5.3,20.2
"13513",25.0,4.8,20.2
"17680",25.0,4.8,20.2
"13447",25.0,4.8,20.2
"14350",25.0,4.8,20.2
"12362",23.1,3.0,20.1
"15297",25.0,4.9,20.1
"17464",25.0,4.9,20.1
"16016",21.4,1.3,20.1
"13481",21.4,1.3,20.1
"17994",21.4,1.3,20.1
"12998",25.0,4.9,20.1
"15805",25.0,4.9,20.1
"14676",25.0,5.0,20.0
"16689",33.3,13.3,20.0
"12410",25.0,5.0,20.0
"13676",33.3,13.3,20.0
"12829",25.0,5.0,20.0
"12628",25.0,5.0,20.0
"12949",21.4,1.4,20.0
"14620",33.3,13.3,20.0
"13152",22.2,2.2,20.0
"14961",21.4,1.5,19.9
"15888",25.0,5.1,19.9
"16648",25.0,5.1,19.9
"12975",25.0,5.1,19.9
"15027",23.1,3.2,19.9
"13539",22.2,2.3,19.9
"16255",21.1,1.2,19.9
"17180",21.4,1.5,19.9
"12955",21.4,1.6,19.8
"13246",21.4,1.6,19.8
"17811",21.7,1.9,19.8
"13397",23.1,3.3,19.8
"14952",25.6,5.8,19.8
"15719",20.5,0.7,19.8
"16303",22.2,2.4,19.8
"13252",33.3,13.6,19.7
"16923",22.0,2.3,19.7
"14551",22.2,2.5,19.7
"13488",20.7,1.0,19.7
"16393",23.3,3.6,19.7
"16157",25.0,5.3,19.7
"15100",50.0,30.4,19.6
"14953",20.0,0.4,19.6
"16161",23.2,3.6,19.6
"14898",22.2,2.7,19.5
"15638",33.3,13.8,19.5
"18225",23.5,4.0,19.5
"18125",20.0,0.5,19.5
"18097",21.4,1.9,19.5
"12865",20.0,0.5,19.5
"14159",20.0,0.5,19.5
"13567",20.0,0.5,19.5
"12907",33.3,13.8,19.5
"15181",28.6,9.1,19.5
"12876",20.0,0.6,19.4
"17201",20.0,0.6,19.4
"15247",25.0,5.6,19.4
"13190",25.0,5.6,19.4
"18270",25.0,5.6,19.4
"15827",33.3,13.9,19.4
"15916",23.5,4.1,19.4
"12510",22.2,2.8,19.4
"12451",20.0,0.6,19.4
"16065",20.0,0.6,19.4
"18268",25.0,5.6,19.4
"14154",20.0,0.7,19.3
"16717",30.0,10.7,19.3
"12917",25.0,5.7,19.3
"18258",25.0,5.7,19.3
"17434",22.2,2.9,19.3
"14766",21.4,2.1,19.3
"13410",25.0,5.7,19.3
"13077",21.4,2.1,19.3
"17979",20.0,0.7,19.3
"12517",20.0,0.7,19.3
"16019",22.9,3.6,19.3
"16327",20.0,0.8,19.2
"13159",20.0,0.8,19.2
"15861",20.0,0.8,19.2
"17034",28.6,9.4,19.2
"15900",20.0,0.8,19.2
"16869",20.0,0.8,19.2
"17469",22.7,3.6,19.1
"16379",20.0,0.9,19.1
"15109",25.0,5.9,19.1
"15674",25.0,5.9,19.1
"16812",20.0,0.9,19.1
"17969",25.9,6.8,19.1
"12613",25.0,5.9,19.1
"13642",20.0,0.9,19.1
"14068",20.0,0.9,19.1
"14156",20.9,1.8,19.1
"14861",28.6,9.5,19.1
"16265",20.0,0.9,19.1
"13213",21.4,2.4,19.0
"15182",21.4,2.4,19.0
"18227",33.3,14.3,19.0
"17166",33.3,14.3,19.0
"17671",28.6,9.6,19.0
"14829",22.2,3.2,19.0
"17307",26.7,7.7,19.0
"14010",33.3,14.3,19.0
"12418",20.0,1.0,19.0
"15411",20.0,1.0,19.0
"16560",20.0,1.0,19.0
"12683",23.1,4.1,19.0
"17962",20.0,1.1,18.9
"13461",25.0,6.1,18.9
"15722",26.7,7.8,18.9
"14834",22.2,3.3,18.9
"16702",20.0,1.1,18.9
"12586",20.0,1.1,18.9
"15525",20.0,1.1,18.9
"16293",21.1,2.2,18.9
"15048",20.0,1.1,18.9
"13802",20.8,2.0,18.8
"14648",21.1,2.3,18.8
"13995",22.2,3.4,18.8
"14056",20.7,1.9,18.8
"17481",20.0,1.2,18.8
"12935",21.1,2.3,18.8
"16234",25.0,6.3,18.7
"17044",25.0,6.3,18.7
"14423",25.0,6.3,18.7
"16701",23.5,4.8,18.7
"16128",21.4,2.7,18.7
"12379",20.0,1.3,18.7
"13916",20.0,1.3,18.7
"16584",28.6,9.9,18.7
"15476",20.0,1.3,18.7
"14895",20.8,2.1,18.7
"13632",20.0,1.3,18.7
"12952",20.0,1.3,18.7
"13644",20.0,1.4,18.6
"13381",20.0,1.4,18.6
"17230",21.7,3.1,18.6
"13015",21.4,2.8,18.6
"17511",28.6,10.0,18.6
"14209",21.1,2.5,18.6
"16233",25.0,6.4,18.6
"17753",20.0,1.4,18.6
"13815",20.0,1.4,18.6
"15141",22.2,3.6,18.6
"15555",21.7,3.1,18.6
"13993",20.8,2.2,18.6
"15136",20.0,1.4,18.6
"12712",25.0,6.4,18.6
"14480",20.0,1.5,18.5
"14492",30.0,11.5,18.5
"12380",20.0,1.5,18.5
"16756",22.2,3.7,18.5
"13577",21.4,2.9,18.5
"16488",25.0,6.5,18.5
"15270",32.3,13.8,18.5
"12500",25.0,6.5,18.5
"14944",20.8,2.3,18.5
"17175",20.0,1.6,18.4
"14258",21.9,3.5,18.4
"14618",22.2,3.8,18.4
"14297",20.0,1.6,18.4
"15504",20.0,1.6,18.4
"17725",21.4,3.0,18.4
"12648",20.0,1.6,18.4
"12936",20.0,1.6,18.4
"13767",24.0,5.6,18.4
"15751",21.4,3.0,18.4
"13971",22.2,3.8,18.4
"14734",20.0,1.6,18.4
"12621",20.5,2.2,18.3
"13035",25.0,6.7,18.3
"15384",20.0,1.7,18.3
"13520",21.4,3.1,18.3
"14732",20.8,2.5,18.3
"14769",19.0,0.7,18.3
"16619",20.0,1.7,18.3
"17675",21.3,3.0,18.3
"17272",20.0,1.7,18.3
"13187",20.0,1.8,18.2
"15298",20.7,2.5,18.2
"16700",19.4,1.2,18.2
"14108",20.0,1.8,18.2
"14462",20.0,1.8,18.2
"14854",21.4,3.2,18.2
"17837",20.0,1.8,18.2
"16298",22.2,4.1,18.1
"16729",19.2,1.1,18.1
"16924",25.0,6.9,18.1
"14696",20.0,1.9,18.1
"12645",20.0,1.9,18.1
"16623",20.0,1.9,18.1
"16159",20.0,1.9,18.1
"12413",20.0,2.0,18.0
"14725",20.0,2.0,18.0
"17188",23.5,5.5,18.0
"14025",20.0,2.0,18.0
"13368",20.0,2.0,18.0
"13090",20.7,2.8,17.9
"15493",18.2,0.3,17.9
"15766",25.0,7.1,17.9
"16038",25.0,7.1,17.9
"17579",20.0,2.1,17.9
"15158",33.3,15.4,17.9
"12507",20.0,2.1,17.9
"13313",20.0,2.1,17.9
"14525",19.0,1.1,17.9
"13715",19.0,1.2,17.8
"12625",20.0,2.2,17.8
"15276",20.0,2.2,17.8
"13921",20.0,2.2,17.8
"15801",25.0,7.2,17.8
"13778",20.0,2.2,17.8
"12665",40.0,22.2,17.8
"17126",18.2,0.4,17.8
"17375",20.0,2.3,17.7
"16218",31.6,13.9,17.7
"14126",20.0,2.3,17.7
"14507",21.4,3.7,17.7
"16156",23.1,5.4,17.7
"14515",20.0,2.3,17.7
"14180",21.4,3.7,17.7
"17691",20.0,2.3,17.7
"12867",18.8,1.1,17.7
"17774",18.2,0.5,17.7
"13500",20.0,2.3,17.7
"13920",20.0,2.3,17.7
"12523",23.3,5.6,17.7
"12431",19.4,1.8,17.6
"13141",19.0,1.4,17.6
"17732",20.0,2.4,17.6
"14649",18.2,0.6,17.6
"16634",40.0,22.4,17.6
"13807",25.0,7.4,17.6
"16639",20.0,2.4,17.6
"17289",18.2,0.7,17.5
"16212",20.0,2.5,17.5
"15903",20.0,2.5,17.5
"13999",19.4,1.9,17.5
"16801",20.0,37.5,-17.5
"14455",20.0,2.5,17.5
"17404",19.2,1.7,17.5
"14535",18.2,0.8,17.4
"17113",25.0,7.6,17.4
"16897",33.3,15.9,17.4
"13495",23.1,5.7,17.4
"14997",20.0,2.6,17.4
"15796",19.0,1.7,17.3
"16170",20.0,2.7,17.3
"16131",20.0,2.7,17.3
"16770",18.2,0.9,17.3
"17861",18.2,0.9,17.3
"15221",42.9,25.6,17.3
"13871",19.0,1.7,17.3
"17496",20.0,2.7,17.3
"13555",18.8,1.5,17.3
"15777",22.2,4.9,17.3
"14896",20.0,2.7,17.3
"13889",25.0,7.8,17.2
"12766",18.2,1.0,17.2
"13557",18.8,1.6,17.2
"17109",20.0,2.8,17.2
"15981",19.2,2.0,17.2
"14639",18.2,1.0,17.2
"13473",20.0,2.8,17.2
"13950",20.0,2.8,17.2
"16493",22.2,5.1,17.1
"16389",20.0,2.9,17.1
"14315",20.0,2.9,17.1
"17754",18.8,1.8,17.0
"16678",20.0,3.0,17.0
"14388",20.0,3.0,17.0
"16996",30.8,13.8,17.0
"15291",25.0,8.0,17.0
"15527",23.3,6.3,17.0
"15628",19.0,2.0,17.0
"15687",18.2,1.2,17.0
"14911",20.0,3.0,17.0
"17769",19.0,2.0,17.0
"15311",23.0,6.0,17.0
"17588",22.2,5.3,16.9
"13610",17.6,0.7,16.9
"15032",20.0,3.1,16.9
"17611",17.6,0.7,16.9
"12668",18.2,1.3,16.9
"13435",18.2,1.3,16.9
"15034",17.6,0.8,16.8
"17146",18.8,2.0,16.8
"13908",20.0,3.2,16.8
"13004",21.7,4.9,16.8
"16403",50.0,33.3,16.7
"13324",21.7,5.0,16.7
"13074",20.0,3.3,16.7
"13209",18.8,2.1,16.7
"12487",50.0,33.3,16.7
"16395",17.6,0.9,16.7
"18118",17.1,0.4,16.7
"14959",20.0,3.3,16.7
"15882",20.0,3.3,16.7
"15935",50.0,66.7,-16.7
"17193",25.0,8.3,16.7
"13672",50.0,33.3,16.7
"16202",18.2,1.6,16.6
"13952",17.6,1.0,16.6
"13954",33.3,16.7,16.6
"13541",33.3,16.7,16.6
"14501",33.3,16.7,16.6
"15212",33.3,16.7,16.6
"12649",20.0,3.4,16.6
"16217",33.3,16.7,16.6
"17951",20.0,3.4,16.6
"16473",20.0,3.4,16.6
"14768",33.3,16.7,16.6
"15497",18.2,1.6,16.6
"17552",20.0,3.4,16.6
"15107",25.0,8.5,16.5
"12481",17.6,1.1,16.5
"15822",25.0,8.5,16.5
"17083",18.2,1.7,16.5
"13334",16.7,0.2,16.5
"16121",16.7,0.3,16.4
"13862",18.2,1.8,16.4
"13846",20.0,3.6,16.4
"13929",21.4,5.0,16.4
"16372",16.7,0.3,16.4
"15426",18.2,1.8,16.4
"14905",20.0,3.7,16.3
"16898",16.7,0.4,16.3
"14719",16.7,0.4,16.3
"15960",20.0,3.7,16.3
"14690",20.0,3.7,16.3
"16830",20.0,3.8,16.2
"12530",18.2,2.0,16.2
"14035",18.2,2.0,16.2
"17700",17.6,1.4,16.2
"13849",16.7,0.5,16.2
"14410",35.3,19.1,16.2
"14182",20.0,3.8,16.2
"12597",20.0,3.8,16.2
"14686",16.7,0.5,16.2
"16359",20.0,3.8,16.2
"14195",40.0,23.8,16.2
"13113",37.3,21.1,16.2
"12978",16.7,0.6,16.1
"14395",16.7,0.6,16.1
"16719",17.6,1.5,16.1
"17091",17.4,1.3,16.1
"18171",18.2,2.1,16.1
"14508",16.7,0.6,16.1
"17921",16.7,0.6,16.1
"15067",16.7,0.6,16.1
"17829",16.7,0.6,16.1
"16358",16.7,0.6,16.1
"15255",18.2,2.1,16.1
"13948",20.0,4.0,16.0
"16558",19.1,3.1,16.0
"14844",16.7,0.7,16.0
"13703",33.3,49.3,-16.0
"13433",20.0,4.0,16.0
"14978",16.7,0.7,16.0
"17648",16.7,0.8,15.9
"15600",20.0,4.1,15.9
"16317",16.7,0.8,15.9
"13758",17.6,1.7,15.9
"13760",16.7,0.8,15.9
"15680",16.7,0.8,15.9
"14147",25.0,9.1,15.9
"17159",16.7,0.8,15.9
"17658",33.3,17.4,15.9
"17339",25.0,9.1,15.9
"17380",25.0,9.1,15.9
"17582",16.7,0.8,15.9
"13308",20.0,4.1,15.9
"16136",20.0,4.2,15.8
"14247",16.7,0.9,15.8
"13709",18.2,2.4,15.8
"16637",20.0,4.2,15.8
"14454",16.7,0.9,15.8
"14320",28.6,12.9,15.7
"15652",16.7,1.0,15.7
"14031",18.5,2.8,15.7
"16791",16.7,1.0,15.7
"16618",16.7,1.0,15.7
"15594",16.7,1.0,15.7
"16625",16.7,1.0,15.7
"12747",18.8,3.1,15.7
"16926",16.7,1.0,15.7
"12383",16.7,1.1,15.6
"15532",16.7,1.1,15.6
"13089",17.8,2.2,15.6
"12838",16.7,1.1,15.6
"13598",16.7,1.1,15.6
"18272",18.2,2.6,15.6
"14225",20.0,4.4,15.6
"13168",16.7,1.1,15.6
"18215",16.7,1.1,15.6
"13184",16.7,1.1,15.6
"17495",25.0,9.4,15.6
"16014",16.7,1.1,15.6
"14623",16.7,1.1,15.6
"15807",16.7,1.1,15.6
"18135",23.1,7.5,15.6
"13239",16.7,1.1,15.6
"17659",17.6,2.0,15.6
"14080",16.7,1.2,15.5
"16441",16.7,1.2,15.5
"15377",20.0,4.5,15.5
"17054",16.7,1.2,15.5
"14157",16.7,1.2,15.5
"18059",25.0,9.5,15.5
"16966",22.2,6.7,15.5
"15845",21.4,5.9,15.5
"17613",17.6,2.2,15.4
"17521",16.7,1.3,15.4
"12395",16.7,1.3,15.4
"16946",16.7,1.3,15.4
"13000",20.0,4.6,15.4
"16188",16.7,1.3,15.4
"13860",16.7,1.3,15.4
"13725",27.3,11.9,15.4
"15646",16.7,1.4,15.3
"17719",16.7,1.4,15.3
"16777",16.7,1.4,15.3
"13462",16.7,1.4,15.3
"17298",16.7,1.4,15.3
"14431",20.0,4.7,15.3
"15152",17.6,2.3,15.3
"15057",16.7,1.4,15.3
"12782",21.4,6.1,15.3
"18069",15.4,0.2,15.2
"13059",16.7,1.5,15.2
"13451",15.4,0.2,15.2
"13882",16.7,1.5,15.2
"14859",16.7,1.5,15.2
"13211",16.7,1.5,15.2
"14695",25.0,9.9,15.1
"15078",17.5,2.4,15.1
"12721",20.0,4.9,15.1
"17019",15.4,0.3,15.1
"15260",16.7,1.6,15.1
"14912",16.7,1.6,15.1
"12681",17.0,1.9,15.1
"13870",16.7,1.6,15.1
"16225",16.7,1.6,15.1
"13636",16.7,1.6,15.1
"16103",18.5,3.4,15.1
"13065",16.7,1.6,15.1
"17695",16.7,1.6,15.1
"17389",18.7,3.6,15.1
"14287",25.0,10.0,15.0
"17158",16.7,1.7,15.0
"15372",20.0,5.0,15.0
"15283",25.0,10.0,15.0
"13080",20.0,5.0,15.0
"16690",20.0,5.0,15.0
"16912",16.7,1.7,15.0
"14530",15.8,0.8,15.0
"14016",15.4,0.4,15.0
"15759",30.0,15.0,15.0
"13292",16.7,1.7,15.0
"17987",16.7,1.8,14.9
"13044",15.4,0.5,14.9
"14311",33.3,18.4,14.9
"15465",17.9,3.0,14.9
"13032",18.2,3.3,14.9
"15016",16.7,1.9,14.8
"14755",16.7,1.9,14.8
"18198",19.0,4.2,14.8
"13855",20.0,5.2,14.8
"13178",16.0,1.3,14.7
"15367",15.4,0.7,14.7
"14020",20.0,5.3,14.7
"14713",16.0,1.3,14.7
"12520",16.7,2.0,14.7
"16861",16.7,2.0,14.7
"13663",16.7,2.0,14.7
"15906",16.7,2.0,14.7
"12835",16.3,1.6,14.7
"17338",15.0,0.4,14.6
"16859",30.0,15.4,14.6
"16104",18.2,3.7,14.5
"13173",15.4,0.9,14.5
"16918",15.8,1.3,14.5
"16153",15.4,0.9,14.5
"17720",16.7,2.2,14.5
"15394",15.4,0.9,14.5
"16347",15.4,0.9,14.5
"15632",20.0,5.6,14.4
"16722",15.4,1.0,14.4
"16332",15.4,1.0,14.4
"14437",16.7,2.3,14.4
"18190",16.7,2.3,14.4
"16818",15.4,1.0,14.4
"13070",20.0,5.7,14.3
"14109",50.0,35.7,14.3
"13394",17.4,3.1,14.3
"14708",16.7,2.4,14.3
"15669",20.0,5.7,14.3
"13440",30.0,15.7,14.3
"13579",16.7,2.4,14.3
"18155",25.0,10.7,14.3
"16235",20.0,5.8,14.2
"18172",17.5,3.3,14.2
"16444",15.0,0.8,14.2
"14824",16.7,2.5,14.2
"14216",16.7,2.5,14.2
"14701",16.7,2.5,14.2
"17302",16.7,2.5,14.2
"13477",15.4,1.3,14.1
"15660",16.7,2.6,14.1
"17676",16.7,2.6,14.1
"14367",15.8,1.7,14.1
"16905",15.0,0.9,14.1
"14107",15.4,1.3,14.1
"14176",16.7,2.6,14.1
"13418",16.2,2.2,14.0
"14970",25.0,11.0,14.0
"15003",14.3,0.3,14.0
"17618",15.4,1.4,14.0
"17438",16.7,2.7,14.0
"16503",15.4,1.4,14.0
"17581",17.3,3.3,14.0
"16455",15.4,1.4,14.0
"15287",16.7,2.7,14.0
"15484",14.3,0.4,13.9
"13150",25.0,11.1,13.9
"16716",25.0,11.1,13.9
"17724",25.0,11.1,13.9
"17360",14.3,0.4,13.9
"14645",25.0,11.1,13.9
"15574",14.3,0.4,13.9
"17408",25.0,11.1,13.9
"17827",14.3,0.4,13.9
"13408",16.5,2.6,13.9
"15969",16.7,2.8,13.9
"13527",14.3,0.4,13.9
"16320",14.3,0.4,13.9
"13975",14.3,0.4,13.9
"15228",14.3,0.4,13.9
"13544",14.3,0.4,13.9
"15611",20.0,6.1,13.9
"17114",20.0,6.1,13.9
"13502",16.7,2.9,13.8
"13821",14.3,0.5,13.8
"12987",16.7,2.9,13.8
"13443",14.3,0.5,13.8
"14657",14.3,0.5,13.8
"13856",26.7,12.9,13.8
"15704",14.3,0.5,13.8
"15732",16.7,2.9,13.8
"14867",15.8,2.1,13.7
"13742",14.3,0.6,13.7
"15491",14.3,0.6,13.7
"12651",20.0,6.3,13.7
"13162",15.8,2.1,13.7
"14936",14.3,0.6,13.7
"17886",14.3,0.6,13.7
"13919",20.0,6.4,13.6
"15198",16.7,3.1,13.6
"15142",14.3,0.7,13.6
"14754",14.3,0.7,13.6
"13183",16.7,3.1,13.6
"14316",16.7,3.1,13.6
"16592",17.6,4.0,13.6
"13464",14.3,0.7,13.6
"13881",15.7,2.1,13.6
"16633",14.3,0.7,13.6
"16201",16.7,3.1,13.6
"12820",15.4,1.8,13.6
"14334",14.3,0.8,13.5
"17589",14.3,0.8,13.5
"13110",14.3,0.8,13.5
"12483",17.4,3.9,13.5
"18214",20.0,6.5,13.5
"17584",14.3,0.8,13.5
"17041",14.3,0.8,13.5
"14482",14.3,0.8,13.5
"17679",36.4,22.9,13.5
"12647",16.7,3.2,13.5
"13857",14.3,0.8,13.5
"16600",18.8,5.3,13.5
"12857",14.3,0.8,13.5
"18109",15.6,2.1,13.5
"17062",14.3,0.8,13.5
"16919",14.3,0.8,13.5
"15584",14.3,0.9,13.4
"18151",14.3,0.9,13.4
"16611",14.3,0.9,13.4
"13786",14.3,0.9,13.4
"15447",16.7,3.3,13.4
"13468",16.3,2.9,13.4
"14037",14.3,0.9,13.4
"16841",14.3,0.9,13.4
"16604",33.3,20.0,13.3
"17685",14.3,1.0,13.3
"17214",14.3,1.0,13.3
"15873",20.0,33.3,-13.3
"15691",20.0,6.7,13.3
"14421",14.3,1.0,13.3
"13834",33.3,20.0,13.3
"13900",14.3,1.0,13.3
"14852",14.3,1.0,13.3
"17448",14.6,1.3,13.3
"15603",33.3,20.0,13.3
"15601",14.3,1.0,13.3
"14631",14.3,1.1,13.2
"14201",16.7,3.5,13.2
"17412",15.8,2.6,13.2
"14915",15.4,2.2,13.2
"16563",14.3,1.1,13.2
"18161",14.3,1.1,13.2
"15312",14.3,1.2,13.1
"17323",14.3,1.2,13.1
"13590",14.3,1.2,13.1
"17692",14.3,1.2,13.1
"15189",20.7,7.7,13.0
"15550",14.3,1.3,13.0
"14040",14.6,1.6,13.0
"16180",18.8,5.8,13.0
"16496",14.3,1.4,12.9
"13293",14.3,1.4,12.9
"16871",14.3,1.4,12.9
"15789",14.3,1.4,12.9
"13049",20.0,7.1,12.9
"17673",13.3,0.4,12.9
"14976",14.3,1.4,12.9
"17817",14.3,1.5,12.8
"16203",14.3,1.5,12.8
"15858",13.3,0.5,12.8
"13750",15.4,2.6,12.8
"17760",14.3,1.5,12.8
"15898",13.8,1.0,12.8
"17460",23.8,11.0,12.8
"15402",14.3,1.5,12.8
"17540",14.3,1.5,12.8
"12402",14.3,1.5,12.8
"15381",16.7,4.0,12.7
"16725",13.3,0.6,12.7
"12631",14.3,1.6,12.7
"16155",16.7,4.0,12.7
"14948",14.3,1.6,12.7
"12993",20.0,7.3,12.7
"17311",14.3,1.6,12.7
"16949",14.3,1.6,12.7
"16356",14.3,1.7,12.6
"15694",17.9,5.3,12.6
"17990",14.3,1.7,12.6
"17139",13.8,1.2,12.6
"13497",14.3,1.7,12.6
"14555",14.3,1.7,12.6
"15220",14.3,1.7,12.6
"12421",14.3,1.7,12.6
"15513",14.6,2.1,12.5
"15023",13.0,0.5,12.5
"14733",16.7,4.2,12.5
"17615",14.3,1.8,12.5
"14511",16.7,4.2,12.5
"16607",13.8,1.3,12.5
"16034",14.3,1.8,12.5
"14495",25.0,12.5,12.5
"14934",37.5,25.0,12.5
"13946",14.3,1.8,12.5
"14740",15.4,2.9,12.5
"14460",25.0,12.5,12.5
"18232",20.0,7.5,12.5
"15039",13.1,0.7,12.4
"17211",13.3,0.9,12.4
"14477",30.0,17.6,12.4
"14883",14.3,1.9,12.4
"17567",18.2,5.8,12.4
"14849",14.0,1.7,12.3
"12863",14.3,2.0,12.3
"16626",15.0,2.7,12.3
"15640",14.7,2.4,12.3
"16992",13.3,1.0,12.3
"15208",14.3,2.0,12.3
"12437",15.6,3.3,12.3
"13082",16.0,3.7,12.3
"17874",14.3,2.1,12.2
"17377",13.3,1.1,12.2
"17799",13.0,0.8,12.2
"14404",13.3,1.1,12.2
"13238",14.3,2.1,12.2
"16934",14.3,2.1,12.2
"15353",12.5,0.3,12.2
"16120",14.3,2.1,12.2
"17314",22.7,10.5,12.2
"16335",12.5,0.3,12.2
"16184",14.3,2.2,12.1
"14643",16.7,4.6,12.1
"15416",12.5,0.4,12.1
"12391",14.3,2.2,12.1
"15755",15.0,2.9,12.1
"16676",14.3,2.2,12.1
"17730",13.0,0.9,12.1
"16229",14.3,2.2,12.1
"13413",14.3,2.3,12.0
"17738",13.3,1.3,12.0
"15249",14.3,2.3,12.0
"13280",12.5,0.5,12.0
"17284",12.5,0.5,12.0
"13593",12.5,0.5,12.0
"17190",12.5,0.5,12.0
"17768",12.5,0.5,12.0
"17950",12.5,0.6,11.9
"16186",13.3,1.4,11.9
"13523",14.3,2.4,11.9
"14487",12.5,0.6,11.9
"18287",12.5,0.6,11.9
"15974",12.5,0.6,11.9
"16823",12.5,0.6,11.9
"18245",13.0,1.1,11.9
"16544",33.3,21.4,11.9
"17883",12.5,0.6,11.9
"13991",14.3,2.4,11.9
"15996",12.5,0.6,11.9
"12901",17.6,5.7,11.9
"17243",13.8,1.9,11.9
"14440",13.3,1.5,11.8
"12826",14.3,2.5,11.8
"17164",12.5,0.7,11.8
"15434",15.4,3.6,11.8
"18252",12.5,0.7,11.8
"15392",12.5,0.7,11.8
"17350",12.5,0.7,11.8
"18018",20.0,8.3,11.7
"13297",12.5,0.8,11.7
"15422",12.5,0.8,11.7
"15443",12.5,0.8,11.7
"15618",20.0,8.3,11.7
"17085",12.5,0.8,11.7
"12839",13.3,1.6,11.7
"12924",14.3,2.7,11.6
"17867",26.3,14.7,11.6
"15615",13.0,1.4,11.6
"14688",17.6,6.1,11.5
"17416",12.0,0.5,11.5
"16383",12.5,1.0,11.5
"13591",12.5,1.0,11.5
"15985",12.5,1.0,11.5
"14173",14.3,2.9,11.4
"16566",16.7,5.3,11.4
"12916",12.5,1.1,11.4
"16794",11.8,0.4,11.4
"13819",14.3,2.9,11.4
"13196",12.5,1.1,11.4
"14321",12.5,1.1,11.4
"16631",12.5,1.2,11.3
"13138",12.5,1.2,11.3
"13092",20.0,8.7,11.3
"17002",12.5,1.2,11.3
"17884",13.0,1.7,11.3
"12775",12.5,1.3,11.2
"13131",12.5,1.3,11.2
"14693",12.5,1.3,11.2
"13456",14.3,3.1,11.2
"12758",12.5,1.3,11.2
"16779",14.5,3.3,11.2
"12480",12.5,1.3,11.2
"14776",21.1,10.0,11.1
"13202",12.5,1.4,11.1
"17457",22.2,11.1,11.1
"17090",13.3,2.2,11.1
"16928",13.3,2.2,11.1
"17362",12.5,1.4,11.1
"16099",12.5,1.4,11.1
"16187",11.8,0.7,11.1
"14013",16.7,5.6,11.1
"15144",12.1,1.1,11.0
"14527",13.6,2.6,11.0
"17007",12.5,1.5,11.0
"17726",12.5,1.5,11.0
"17965",12.1,1.1,11.0
"12986",16.7,27.7,-11.0
"12601",14.3,3.4,10.9
"14111",20.0,9.1,10.9
"16960",11.1,0.2,10.9
"16173",14.3,3.4,10.9
"16628",12.5,1.6,10.9
"17562",12.5,1.6,10.9
"16699",12.5,1.6,10.9
"17345",16.7,5.9,10.8
"14615",16.7,5.9,10.8
"14744",12.5,1.7,10.8
"15538",45.5,56.3,-10.8
"16330",12.5,1.7,10.8
"16271",11.1,0.3,10.8
"14088",11.1,0.3,10.8
"12836",11.8,1.0,10.8
"17315",12.8,2.0,10.8
"14547",11.1,0.3,10.8
"16686",11.1,0.3,10.8
"12577",11.1,0.3,10.8
"15953",14.3,3.5,10.8
"13414",14.3,3.5,10.8
"17508",11.1,0.4,10.7
"15433",33.3,22.6,10.7
"15325",11.1,0.4,10.7
"13772",11.1,0.4,10.7
"13823",12.5,1.8,10.7
"12670",12.5,1.8,10.7
"15808",12.5,1.9,10.6
"14770",11.1,0.5,10.6
"14584",11.1,0.5,10.6
"13240",11.1,0.5,10.6
"14667",11.5,1.0,10.5
"17591",11.1,0.6,10.5
"15549",11.1,0.6,10.5
"15867",11.4,0.9,10.5
"14401",12.0,1.5,10.5
"13824",14.3,3.8,10.5
"12678",11.8,1.4,10.4
"12429",11.1,0.7,10.4
"13851",11.1,0.7,10.4
"15889",11.1,0.7,10.4
"13647",11.1,0.7,10.4
"15370",11.1,0.7,10.4
"17912",14.3,3.9,10.4
"17402",12.0,1.7,10.3
"15955",12.0,1.7,10.3
"14414",11.1,0.8,10.3
"14092",11.1,0.8,10.3
"16774",11.1,0.8,10.3
"15290",13.3,3.0,10.3
"15379",11.1,0.8,10.3
"14897",11.1,0.8,10.3
"13431",11.1,0.8,10.3
"13001",10.8,0.5,10.3
"15117",11.1,0.8,10.3
"13617",11.1,0.9,10.2
"14239",12.5,2.3,10.2
"15140",11.1,0.9,10.2
"12589",25.0,14.8,10.2
"15173",12.5,2.3,10.2
"16040",12.5,2.3,10.2
"16684",14.1,4.0,10.1
"14306",14.3,4.2,10.1
"13743",12.5,2.4,10.1
"15941",50.0,40.0,10.0
"17930",13.3,3.3,10.0
"16419",11.1,1.1,10.0
"18084",40.0,30.0,10.0
"17743",50.0,40.0,10.0
"12731",10.5,0.5,10.0
"17763",20.0,30.0,-10.0
"17173",11.1,1.1,10.0
"12995",50.0,40.0,10.0
"13854",13.3,3.3,10.0
"17809",13.0,3.0,10.0
"17681",16.7,6.7,10.0
"16938",10.0,0.1,9.9
"15380",15.4,5.5,9.9
"13727",11.1,1.2,9.9
"13102",11.9,2.0,9.9
"14221",10.5,0.6,9.9
"16985",11.5,1.6,9.9
"14562",13.3,3.4,9.9
"17059",10.0,0.1,9.9
"14825",11.1,1.3,9.8
"14727",25.0,34.8,-9.8
"15218",12.0,2.2,9.8
"14322",33.3,23.5,9.8
"15752",10.0,0.2,9.8
"12393",14.3,4.5,9.8
"13835",12.5,2.7,9.8
"13012",21.4,11.6,9.8
"14513",14.3,24.0,-9.7
"14587",10.0,0.3,9.7
"14553",10.0,0.3,9.7
"15485",12.5,2.8,9.7
"15051",10.0,0.3,9.7
"15473",27.3,17.6,9.7
"13755",10.0,0.3,9.7
"15046",10.7,1.0,9.7
"14514",10.0,0.3,9.7
"14062",11.1,1.4,9.7
"12757",10.0,0.3,9.7
"17735",10.3,0.6,9.7
"13941",11.8,2.1,9.7
"14399",11.1,1.5,9.6
"14191",11.8,2.2,9.6
"15187",11.8,2.2,9.6
"17897",10.0,0.4,9.6
"15673",10.0,0.4,9.6
"14257",10.0,0.4,9.6
"13139",11.1,1.5,9.6
"17080",12.5,2.9,9.6
"17436",28.6,19.0,9.6
"16809",10.0,0.4,9.6
"13798",11.3,20.8,-9.5
"16416",10.0,0.5,9.5
"13969",10.3,0.8,9.5
"15747",10.0,0.5,9.5
"13873",11.1,1.6,9.5
"14739",10.7,1.2,9.5
"14215",10.0,0.5,9.5
"18094",13.3,3.8,9.5
"13771",10.0,0.5,9.5
"15223",16.7,26.1,-9.4
"15164",10.0,0.6,9.4
"16279",10.0,0.6,9.4
"16612",10.0,0.6,9.4
"16422",12.3,2.9,9.4
"17935",12.5,3.1,9.4
"15301",10.5,1.1,9.4
"15306",10.0,0.6,9.4
"13415",20.0,10.6,9.4
"13549",11.1,1.7,9.4
"14235",10.0,0.7,9.3
"15159",10.5,1.2,9.3
"16942",10.0,0.7,9.3
"17097",10.0,0.7,9.3
"15856",10.3,1.0,9.3
"14341",10.0,0.7,9.3
"17419",10.0,0.7,9.3
"18087",15.8,6.5,9.3
"13704",10.0,0.7,9.3
"16221",10.0,0.8,9.2
"17428",11.8,2.6,9.2
"14293",10.0,0.8,9.2
"13157",10.0,0.8,9.2
"17035",20.0,10.8,9.2
"14403",33.3,24.2,9.1
"12583",10.0,0.9,9.1
"14409",10.0,1.0,9.0
"15605",10.0,1.0,9.0
"14702",9.4,0.4,9.0
"17512",10.0,1.0,9.0
"14422",9.5,0.5,9.0
"14044",9.1,0.1,9.0
"18177",10.0,1.0,9.0
"14397",17.4,8.4,9.0
"17716",11.1,2.1,9.0
"16239",14.3,5.4,8.9
"18219",10.5,1.6,8.9
"14051",11.9,3.0,8.9
"17152",20.0,11.1,8.9
"16005",9.1,0.2,8.9
"17027",10.0,1.1,8.9
"15809",22.2,13.4,8.8
"13314",25.0,16.2,8.8
"14145",12.5,3.8,8.7
"15038",10.0,1.3,8.7
"14307",9.1,0.4,8.7
"16593",11.1,2.5,8.6
"12727",9.1,0.5,8.6
"13722",9.1,0.5,8.6
"14030",9.1,0.5,8.6
"13576",12.5,3.9,8.6
"18092",10.0,1.4,8.6
"16467",12.5,4.0,8.5
"12423",9.1,0.6,8.5
"13203",9.1,0.6,8.5
"16660",12.5,4.0,8.5
"16654",11.1,2.6,8.5
"17629",9.1,0.6,8.5
"12843",12.5,4.0,8.5
"13316",9.1,0.6,8.5
"15033",9.1,0.6,8.5
"12567",11.8,3.4,8.4
"17135",9.1,0.7,8.4
"14071",11.1,2.7,8.4
"18065",9.7,1.3,8.4
"15874",16.0,7.6,8.4
"12948",10.0,1.6,8.4
"15749",25.0,33.3,-8.3
"17287",8.7,0.4,8.3
"17454",9.1,0.8,8.3
"16086",9.1,0.8,8.3
"12879",25.0,16.7,8.3
"13327",9.5,1.2,8.3
"15728",33.3,25.0,8.3
"14926",33.3,25.0,8.3
"17655",10.0,1.8,8.2
"15030",11.1,2.9,8.2
"17372",10.0,1.8,8.2
"15299",10.0,18.2,-8.2
"13417",14.3,6.1,8.2
"14099",9.1,1.0,8.1
"15738",8.9,0.8,8.1
"18145",8.3,0.2,8.1
"12415",14.3,6.2,8.1
"17576",8.9,0.8,8.1
"16470",8.3,0.2,8.1
"17162",9.1,1.0,8.1
"17653",20.0,12.0,8.0
"17739",10.0,2.0,8.0
"16010",8.3,0.3,8.0
"17894",10.0,2.0,8.0
"14532",8.3,0.3,8.0
"16987",8.3,0.4,7.9
"16983",8.3,0.4,7.9
"14540",8.3,0.4,7.9
"16746",8.7,0.8,7.9
"16549",8.1,0.2,7.9
"15793",11.1,3.2,7.9
"13931",8.3,0.4,7.9
"18093",11.1,3.2,7.9
"12989",15.4,7.6,7.8
"13694",9.5,1.7,7.8
"12662",9.1,1.3,7.8
"14132",8.3,0.5,7.8
"13831",10.0,2.2,7.8
"15241",8.3,0.5,7.8
"17682",8.3,0.5,7.8
"16837",8.3,0.6,7.7
"16950",9.1,1.4,7.7
"14711",8.3,0.6,7.7
"13985",8.3,0.6,7.7
"17075",9.1,1.5,7.6
"16076",9.1,1.5,7.6
"18194",14.3,6.7,7.6
"15819",9.1,1.5,7.6
"15215",36.4,28.9,7.5
"15498",8.3,0.8,7.5
"16200",7.7,0.2,7.5
"15095",9.1,1.6,7.5
"17530",7.7,0.2,7.5
"15400",11.1,3.6,7.5
"18241",8.7,1.2,7.5
"15523",11.1,3.6,7.5
"15864",22.2,14.8,7.4
"16672",9.1,1.7,7.4
"15423",25.0,17.6,7.4
"16843",7.9,0.5,7.4
"13756",8.0,0.6,7.4
"13911",9.1,1.7,7.4
"15529",7.7,0.3,7.4
"14291",8.0,0.6,7.4
"12980",19.2,11.9,7.3
"14963",7.7,0.4,7.3
"17975",7.7,0.4,7.3
"18051",12.5,5.2,7.3
"12504",33.3,26.1,7.2
"12637",7.7,0.5,7.2
"16085",7.7,0.5,7.2
"12872",7.7,0.5,7.2
"17548",33.3,26.1,7.2
"14798",11.1,3.9,7.2
"16158",10.0,2.8,7.2
"14692",7.7,0.6,7.1
"17707",11.1,4.0,7.1
"15712",7.7,0.6,7.1
"15365",7.1,14.2,-7.1
"16500",10.0,2.9,7.1
"16434",7.7,0.6,7.1
"15304",18.2,11.1,7.1
"17838",13.3,6.3,7.0
"15271",7.7,0.7,7.0
"17324",7.7,0.7,7.0
"14607",20.0,13.0,7.0
"15967",7.7,0.8,6.9
"14461",7.1,0.2,6.9
"15547",7.1,0.2,6.9
"16531",8.3,1.4,6.9
"15812",7.7,0.8,6.9
"15150",7.1,0.2,6.9
"16553",8.3,1.4,6.9
"15561",11.1,4.2,6.9
"14709",7.4,0.6,6.8
"17449",7.1,0.3,6.8
"14608",9.1,2.3,6.8
"14205",18.2,11.5,6.7
"13782",7.1,0.4,6.7
"17596",7.1,0.4,6.7
"12643",15.4,8.7,6.7
"13112",66.7,60.0,6.7
"17870",7.1,0.4,6.7
"16206",7.1,0.4,6.7
"15838",8.1,1.4,6.7
"13984",7.7,1.1,6.6
"14878",7.4,0.8,6.6
"14177",7.1,0.5,6.6
"17819",7.7,1.1,6.6
"15268",25.0,18.5,6.5
"17364",6.9,0.4,6.5
"15965",7.1,0.6,6.5
"13094",23.5,17.1,6.4
"16027",11.8,5.4,6.4
"13450",7.1,0.7,6.4
"12910",7.1,0.7,6.4
"17905",7.1,0.7,6.4
"14868",7.7,1.4,6.3
"14045",15.8,9.5,6.3
"17988",7.1,0.8,6.3
"17757",6.7,0.4,6.3
"15570",7.4,1.1,6.3
"17061",8.3,2.0,6.3
"14901",7.7,1.5,6.2
"16743",6.7,0.5,6.2
"15061",7.3,1.1,6.2
"14828",7.1,1.0,6.1
"16748",6.7,0.6,6.1
"16321",30.0,36.1,-6.1
"17191",6.3,0.2,6.1
"18055",6.7,0.6,6.1
"16258",6.3,0.3,6.0
"17365",6.3,0.3,6.0
"16767",6.3,0.3,6.0
"14101",7.1,1.1,6.0
"16466",6.3,0.3,6.0
"13013",6.5,0.6,5.9
"13269",6.7,0.8,5.9
"17519",6.3,0.5,5.8
"15081",7.7,1.9,5.8
"15939",6.3,0.6,5.7
"18231",6.7,1.0,5.7
"12594",6.7,1.0,5.7
"15058",5.9,0.3,5.6
"16353",7.3,1.7,5.6
"16638",6.3,0.7,5.6
"12540",5.9,0.4,5.5
"14060",6.3,0.8,5.5
"16775",5.9,0.4,5.5
"16525",11.1,5.6,5.5
"15984",6.3,0.8,5.5
"13700",7.1,1.6,5.5
"16365",6.3,0.8,5.5
"16167",16.7,11.3,5.4
"13069",9.5,4.2,5.3
"16745",5.6,0.3,5.3
"16945",5.7,0.4,5.3
"15359",11.1,5.9,5.2
"14665",22.2,17.0,5.2
"13777",15.3,10.1,5.2
"14309",8.3,3.1,5.2
"14110",5.7,0.5,5.2
"12748",6.1,1.0,5.1
"17368",12.5,7.4,5.1
"17160",5.6,0.6,5.0
"17550",10.0,5.0,5.0
"17491",5.6,0.6,5.0
"17873",10.0,5.1,4.9
"13018",5.4,0.5,4.9
"14987",11.1,6.3,4.8
"16839",13.7,8.9,4.8
"18044",5.3,0.5,4.8
"12600",9.1,4.4,4.7
"17306",8.7,4.0,4.7
"12524",5.6,0.9,4.7
"13117",5.3,0.6,4.7
"13542",5.6,0.9,4.7
"12657",20.0,15.4,4.6
"18041",5.0,0.4,4.6
"13680",7.7,3.1,4.6
"16565",20.0,15.4,4.6
"12490",4.8,0.2,4.6
"16883",5.0,0.4,4.6
"16210",5.7,1.2,4.5
"17450",7.3,2.8,4.5
"12931",16.2,20.7,-4.5
"16168",8.3,3.8,4.5
"17900",50.0,45.5,4.5
"13842",5.3,0.9,4.4
"12963",7.7,3.3,4.4
"16742",7.1,2.8,4.3
"16954",4.8,0.5,4.3
"17705",8.3,4.0,4.3
"16711",10.0,5.7,4.3
"13225",5.9,1.6,4.3
"16045",11.1,6.9,4.2
"16710",4.3,0.1,4.2
"17690",4.8,0.6,4.2
"17857",8.0,3.8,4.2
"13217",33.3,37.5,-4.2
"17888",16.7,20.8,-4.1
"12414",20.0,24.1,-4.1
"13426",4.3,0.3,4.0
"15031",12.5,8.6,3.9
"16326",4.0,0.2,3.8
"14646",4.6,0.8,3.8
"16013",7.7,11.5,-3.8
"17068",4.1,0.3,3.8
"13027",5.0,1.2,3.8
"14882",6.7,3.0,3.7
"18073",7.7,4.0,3.7
"13091",60.0,63.6,-3.6
"17157",5.0,1.4,3.6
"14135",4.0,0.5,3.5
"14282",3.8,0.4,3.4
"15323",25.0,21.6,3.4
"17133",7.7,11.1,-3.4
"13085",11.1,7.7,3.4
"17920",3.6,0.2,3.4
"17346",3.7,0.3,3.4
"14560",4.3,1.0,3.3
"15971",10.0,6.8,3.2
"13963",5.6,2.4,3.2
"12352",10.0,6.9,3.1
"13230",3.2,0.1,3.1
"15373",5.6,2.6,3.0
"14085",3.0,0.1,2.9
"18072",50.0,47.1,2.9
"17858",3.2,0.3,2.9
"16011",3.3,0.5,2.8
"14057",4.3,1.5,2.8
"14866",5.6,2.9,2.7
"15768",2.9,0.2,2.7
"15581",8.1,5.4,2.7
"17848",3.2,0.6,2.6
"16555",40.0,42.6,-2.6
"18061",3.4,0.8,2.6
"16814",2.7,0.1,2.6
"13145",12.5,10.0,2.5
"14598",33.3,30.8,2.5
"16998",16.7,14.3,2.4
"12569",3.0,0.6,2.4
"12755",47.6,45.2,2.4
"13784",6.7,4.4,2.3
"14298",2.4,0.1,2.3
"15681",12.5,14.6,-2.1
"17381",2.6,0.6,2.0
"14609",9.1,7.1,2.0
"13791",33.3,35.3,-2.0
"13199",2.9,1.0,1.9
"12971",2.5,0.7,1.8
"17396",13.3,11.5,1.8
"12841",4.8,3.0,1.8
"15606",10.5,8.8,1.7
"15482",18.2,16.5,1.7
"17961",2.0,0.3,1.7
"12682",1.9,0.3,1.6
"16661",20.0,18.4,1.6
"17504",5.3,3.7,1.6
"14735",5.2,3.7,1.5
"17929",7.7,6.3,1.4
"12454",42.9,44.3,-1.4
"17850",2.5,1.1,1.4
"15514",10.0,8.9,1.1
"17949",9.4,10.5,-1.1
"15073",11.1,12.2,-1.1
"15769",6.1,7.1,-1.0
"18102",1.4,0.4,1.0
"14146",7.7,7.1,0.6
"14543",20.4,19.9,0.5
"17731",14.3,13.9,0.4
"13634",6.3,5.9,0.4
"16029",5.4,5.6,-0.2
"16754",14.7,14.6,0.1
"16517",0.0,0.0,0.0
"16519",0.0,0.0,0.0
"16521",0.0,0.0,0.0
"16522",0.0,0.0,0.0
"16524",0.0,0.0,0.0
"16526",0.0,0.0,0.0
"16527",0.0,0.0,0.0
"16528",0.0,0.0,0.0
"16529",0.0,0.0,0.0
"16530",0.0,0.0,0.0
"16532",0.0,0.0,0.0
"16534",0.0,0.0,0.0
"16535",0.0,0.0,0.0
"16537",0.0,0.0,0.0
"16538",0.0,0.0,0.0
"16539",0.0,0.0,0.0
"16540",0.0,0.0,0.0
"16542",0.0,0.0,0.0
"16545",0.0,0.0,0.0
"16547",0.0,0.0,0.0
"16548",0.0,0.0,0.0
"16551",0.0,0.0,0.0
"16552",0.0,0.0,0.0
"16557",0.0,0.0,0.0
"16559",0.0,0.0,0.0
"16561",0.0,0.0,0.0
"16562",0.0,0.0,0.0
"16564",0.0,0.0,0.0
"16567",0.0,0.0,0.0
"16568",0.0,0.0,0.0
"16569",0.0,0.0,0.0
"16574",0.0,0.0,0.0
"16577",0.0,0.0,0.0
"16578",0.0,0.0,0.0
"16580",100.0,100.0,0.0
"16582",0.0,0.0,0.0
"16583",0.0,0.0,0.0
"16585",0.0,0.0,0.0
"16586",0.0,0.0,0.0
"16587",0.0,0.0,0.0
"16588",0.0,0.0,0.0
"16589",0.0,0.0,0.0
"16591",0.0,0.0,0.0
"16594",0.0,0.0,0.0
"16595",0.0,0.0,0.0
"16596",0.0,0.0,0.0
"16597",0.0,0.0,0.0
"16599",0.0,0.0,0.0
"16601",0.0,0.0,0.0
"16603",0.0,0.0,0.0
"16605",0.0,0.0,0.0
"16606",0.0,0.0,0.0
"16608",0.0,0.0,0.0
"16610",0.0,0.0,0.0
"16613",0.0,0.0,0.0
"16614",0.0,0.0,0.0
"16616",0.0,0.0,0.0
"16617",0.0,0.0,0.0
"16620",0.0,0.0,0.0
"16621",0.0,0.0,0.0
"16624",0.0,0.0,0.0
"16627",0.0,0.0,0.0
"16629",0.0,0.0,0.0
"16632",0.0,0.0,0.0
"16635",0.0,0.0,0.0
"16636",0.0,0.0,0.0
"16640",0.0,0.0,0.0
"16641",0.0,0.0,0.0
"16644",0.0,0.0,0.0
"16645",0.0,0.0,0.0
"16647",0.0,0.0,0.0
"16649",0.0,0.0,0.0
"16650",0.0,0.0,0.0
"16651",0.0,0.0,0.0
"16655",0.0,0.0,0.0
"16657",0.0,0.0,0.0
"16659",0.0,0.0,0.0
"16662",0.0,0.0,0.0
"16663",0.0,0.0,0.0
"16664",0.0,0.0,0.0
"16665",0.0,0.0,0.0
"16666",0.0,0.0,0.0
"16667",0.0,0.0,0.0
"16668",0.0,0.0,0.0
"16669",0.0,0.0,0.0
"16671",0.0,0.0,0.0
"16673",0.0,0.0,0.0
"16674",0.0,0.0,0.0
"16675",0.0,0.0,0.0
"16679",0.0,0.0,0.0
"16680",0.0,0.0,0.0
"16681",0.0,0.0,0.0
"16682",0.0,0.0,0.0
"16685",0.0,0.0,0.0
"16687",0.0,0.0,0.0
"16688",0.0,0.0,0.0
"16691",0.0,0.0,0.0
"16692",0.0,0.0,0.0
"16693",0.0,0.0,0.0
"16694",0.0,0.0,0.0
"16695",0.0,0.0,0.0
"16696",0.0,0.0,0.0
"16697",0.0,0.0,0.0
"16698",0.0,0.0,0.0
"16704",0.0,0.0,0.0
"16706",0.0,0.0,0.0
"16707",0.0,0.0,0.0
"16708",0.0,0.0,0.0
"16709",0.0,0.0,0.0
"16712",0.0,0.0,0.0
"16715",0.0,0.0,0.0
"16718",0.0,0.0,0.0
"16721",0.0,0.0,0.0
"16723",0.0,0.0,0.0
"16724",0.0,0.0,0.0
"16726",0.0,0.0,0.0
"16727",0.0,0.0,0.0
"16728",0.0,0.0,0.0
"16731",0.0,0.0,0.0
"16733",0.0,0.0,0.0
"16734",0.0,0.0,0.0
"16737",0.0,0.0,0.0
"16738",0.0,0.0,0.0
"16740",0.0,0.0,0.0
"16741",0.0,0.0,0.0
"16744",0.0,0.0,0.0
"16749",0.0,0.0,0.0
"16750",0.0,0.0,0.0
"16751",0.0,0.0,0.0
"16752",0.0,0.0,0.0
"16753",0.0,0.0,0.0
"16757",0.0,0.0,0.0
"16758",0.0,0.0,0.0
"16760",0.0,0.0,0.0
"16761",0.0,0.0,0.0
"16762",0.0,0.0,0.0
"16765",0.0,0.0,0.0
"16766",0.0,0.0,0.0
"16769",0.0,0.0,0.0
"16771",0.0,0.0,0.0
"16773",0.0,0.0,0.0
"16776",0.0,0.0,0.0
"16778",0.0,0.0,0.0
"16780",0.0,0.0,0.0
"16783",0.0,0.0,0.0
"16784",0.0,0.0,0.0
"16785",0.0,0.0,0.0
"16786",0.0,0.0,0.0
"16787",0.0,0.0,0.0
"16788",0.0,0.0,0.0
"16789",0.0,0.0,0.0
"16792",0.0,0.0,0.0
"16793",0.0,0.0,0.0
"16796",0.0,0.0,0.0
"16800",0.0,0.0,0.0
"16802",0.0,0.0,0.0
"16803",0.0,0.0,0.0
"16804",0.0,0.0,0.0
"16805",0.0,0.0,0.0
"16806",0.0,0.0,0.0
"16808",0.0,0.0,0.0
"16811",0.0,0.0,0.0
"16813",0.0,0.0,0.0
"16815",0.0,0.0,0.0
"16816",0.0,0.0,0.0
"16819",0.0,0.0,0.0
"16820",0.0,0.0,0.0
"16821",0.0,0.0,0.0
"16824",0.0,0.0,0.0
"16825",0.0,0.0,0.0
"16826",0.0,0.0,0.0
"16827",0.0,0.0,0.0
"16828",0.0,0.0,0.0
"16829",0.0,0.0,0.0
"16831",0.0,0.0,0.0
"16832",0.0,0.0,0.0
"16833",0.0,0.0,0.0
"16834",0.0,0.0,0.0
"16836",0.0,0.0,0.0
"16840",0.0,0.0,0.0
"16844",0.0,0.0,0.0
"16845",0.0,0.0,0.0
"16846",0.0,0.0,0.0
"16847",0.0,0.0,0.0
"16848",0.0,0.0,0.0
"16849",0.0,0.0,0.0
"16850",0.0,0.0,0.0
"16851",0.0,0.0,0.0
"16852",0.0,0.0,0.0
"16853",100.0,100.0,0.0
"16854",0.0,0.0,0.0
"16855",0.0,0.0,0.0
"16856",0.0,0.0,0.0
"16857",0.0,0.0,0.0
"16862",0.0,0.0,0.0
"16864",0.0,0.0,0.0
"16865",0.0,0.0,0.0
"16866",0.0,0.0,0.0
"16867",0.0,0.0,0.0
"16868",0.0,0.0,0.0
"16870",0.0,0.0,0.0
"16872",0.0,0.0,0.0
"16874",0.0,0.0,0.0
"16876",0.0,0.0,0.0
"16877",0.0,0.0,0.0
"16878",50.0,50.0,0.0
"16880",0.0,0.0,0.0
"16881",0.0,0.0,0.0
"16882",0.0,0.0,0.0
"16884",0.0,0.0,0.0
"16885",0.0,0.0,0.0
"16886",50.0,50.0,0.0
"16887",0.0,0.0,0.0
"16888",0.0,0.0,0.0
"16889",0.0,0.0,0.0
"16890",0.0,0.0,0.0
"16891",0.0,0.0,0.0
"16893",0.0,0.0,0.0
"16895",0.0,0.0,0.0
"16896",0.0,0.0,0.0
"16899",0.0,0.0,0.0
"16901",0.0,0.0,0.0
"16902",0.0,0.0,0.0
"16904",0.0,0.0,0.0
"16906",0.0,0.0,0.0
"16907",0.0,0.0,0.0
"16910",0.0,0.0,0.0
"16913",0.0,0.0,0.0
"16914",0.0,0.0,0.0
"16915",0.0,0.0,0.0
"16916",0.0,0.0,0.0
"16920",0.0,0.0,0.0
"16921",0.0,0.0,0.0
"16922",0.0,0.0,0.0
"16925",0.0,0.0,0.0
"16927",0.0,0.0,0.0
"16929",0.0,0.0,0.0
"16930",0.0,0.0,0.0
"16931",0.0,0.0,0.0
"16932",0.0,0.0,0.0
"16935",0.0,0.0,0.0
"16936",0.0,0.0,0.0
"16937",0.0,0.0,0.0
"16939",0.0,0.0,0.0
"16941",0.0,0.0,0.0
"16943",0.0,0.0,0.0
"16944",0.0,0.0,0.0
"16948",0.0,0.0,0.0
"16952",0.0,0.0,0.0
"16953",0.0,0.0,0.0
"16957",0.0,0.0,0.0
"16958",0.0,0.0,0.0
"16959",0.0,0.0,0.0
"16962",0.0,0.0,0.0
"16963",0.0,0.0,0.0
"16964",0.0,0.0,0.0
"16965",0.0,0.0,0.0
"16967",0.0,0.0,0.0
"16968",0.0,0.0,0.0
"16969",0.0,0.0,0.0
"16970",0.0,0.0,0.0
"16971",0.0,0.0,0.0
"16972",0.0,0.0,0.0
"16973",0.0,0.0,0.0
"16974",0.0,0.0,0.0
"16976",0.0,0.0,0.0
"16977",0.0,0.0,0.0
"16978",0.0,0.0,0.0
"16980",0.0,0.0,0.0
"16982",0.0,0.0,0.0
"16986",0.0,0.0,0.0
"16988",0.0,0.0,0.0
"16989",0.0,0.0,0.0
"16990",0.0,0.0,0.0
"16991",0.0,0.0,0.0
"16995",100.0,100.0,0.0
"16997",0.0,0.0,0.0
"16999",0.0,0.0,0.0
"17000",0.0,0.0,0.0
"17001",0.0,0.0,0.0
"17003",0.0,0.0,0.0
"17004",0.0,0.0,0.0
"17006",0.0,0.0,0.0
"17008",0.0,0.0,0.0
"17009",0.0,0.0,0.0
"17012",0.0,0.0,0.0
"17015",0.0,0.0,0.0
"17016",0.0,0.0,0.0
"17018",0.0,0.0,0.0
"17020",0.0,0.0,0.0
"17021",0.0,0.0,0.0
"17022",0.0,0.0,0.0
"17023",0.0,0.0,0.0
"17024",0.0,0.0,0.0
"17025",0.0,0.0,0.0
"17026",0.0,0.0,0.0
"17028",0.0,0.0,0.0
"17029",0.0,0.0,0.0
"17030",0.0,0.0,0.0
"17031",0.0,0.0,0.0
"17033",0.0,0.0,0.0
"17036",0.0,0.0,0.0
"17038",0.0,0.0,0.0
"17039",0.0,0.0,0.0
"17040",0.0,0.0,0.0
"17042",0.0,0.0,0.0
"17043",0.0,0.0,0.0
"17045",0.0,0.0,0.0
"17046",0.0,0.0,0.0
"17047",0.0,0.0,0.0
"17050",0.0,0.0,0.0
"17051",0.0,0.0,0.0
"17052",0.0,0.0,0.0
"17055",0.0,0.0,0.0
"17056",0.0,0.0,0.0
"17057",0.0,0.0,0.0
"17058",0.0,0.0,0.0
"17060",0.0,0.0,0.0
"17064",0.0,0.0,0.0
"17065",0.0,0.0,0.0
"17066",0.0,0.0,0.0
"17067",0.0,0.0,0.0
"17070",0.0,0.0,0.0
"17072",0.0,0.0,0.0
"17073",0.0,0.0,0.0
"17074",0.0,0.0,0.0
"17076",0.0,0.0,0.0
"17077",0.0,0.0,0.0
"17078",0.0,0.0,0.0
"17079",0.0,0.0,0.0
"17081",0.0,0.0,0.0
"17082",0.0,0.0,0.0
"17086",0.0,0.0,0.0
"17087",0.0,0.0,0.0
"17088",0.0,0.0,0.0
"17089",0.0,0.0,0.0
"17093",0.0,0.0,0.0
"17098",0.0,0.0,0.0
"17099",0.0,0.0,0.0
"17100",0.0,0.0,0.0
"17101",0.0,0.0,0.0
"17102",0.0,0.0,0.0
"17103",0.0,0.0,0.0
"17104",0.0,0.0,0.0
"17105",0.0,0.0,0.0
"17106",0.0,0.0,0.0
"17108",0.0,0.0,0.0
"17110",0.0,0.0,0.0
"17111",0.0,0.0,0.0
"17112",0.0,0.0,0.0
"17116",0.0,0.0,0.0
"17117",0.0,0.0,0.0
"17118",0.0,0.0,0.0
"17120",0.0,0.0,0.0
"17121",0.0,0.0,0.0
"17122",0.0,0.0,0.0
"17123",0.0,0.0,0.0
"17124",0.0,0.0,0.0
"17125",0.0,0.0,0.0
"17127",0.0,0.0,0.0
"17128",0.0,0.0,0.0
"17129",0.0,0.0,0.0
"17131",0.0,0.0,0.0
"17132",0.0,0.0,0.0
"17134",0.0,0.0,0.0
"17136",0.0,0.0,0.0
"17137",0.0,0.0,0.0
"17138",0.0,0.0,0.0
"17140",0.0,0.0,0.0
"17141",0.0,0.0,0.0
"17142",0.0,0.0,0.0
"17143",0.0,0.0,0.0
"17144",0.0,0.0,0.0
"17148",0.0,0.0,0.0
"17149",0.0,0.0,0.0
"17150",0.0,0.0,0.0
"17151",0.0,0.0,0.0
"17153",0.0,0.0,0.0
"17154",0.0,0.0,0.0
"17155",0.0,0.0,0.0
"17161",0.0,0.0,0.0
"17163",0.0,0.0,0.0
"17167",0.0,0.0,0.0
"17168",0.0,0.0,0.0
"17171",0.0,0.0,0.0
"17174",0.0,0.0,0.0
"17176",0.0,0.0,0.0
"17177",0.0,0.0,0.0
"17178",0.0,0.0,0.0
"17179",0.0,0.0,0.0
"17181",0.0,0.0,0.0
"17182",0.0,0.0,0.0
"17184",0.0,0.0,0.0
"17185",0.0,0.0,0.0
"17186",0.0,0.0,0.0
"17187",0.0,0.0,0.0
"17189",0.0,0.0,0.0
"17192",0.0,0.0,0.0
"17194",0.0,0.0,0.0
"17195",0.0,0.0,0.0
"17196",0.0,0.0,0.0
"17197",0.0,0.0,0.0
"17198",0.0,0.0,0.0
"17199",0.0,0.0,0.0
"17200",0.0,0.0,0.0
"17202",0.0,0.0,0.0
"17203",0.0,0.0,0.0
"17205",0.0,0.0,0.0
"17206",0.0,0.0,0.0
"17207",0.0,0.0,0.0
"17208",0.0,0.0,0.0
"17209",0.0,0.0,0.0
"17210",0.0,0.0,0.0
"17212",0.0,0.0,0.0
"17215",0.0,0.0,0.0
"17216",0.0,0.0,0.0
"17217",0.0,0.0,0.0
"17218",0.0,0.0,0.0
"17219",0.0,0.0,0.0
"17220",0.0,0.0,0.0
"17221",0.0,0.0,0.0
"17222",0.0,0.0,0.0
"17223",0.0,0.0,0.0
"17224",0.0,0.0,0.0
"17225",0.0,0.0,0.0
"17226",0.0,0.0,0.0
"17227",0.0,0.0,0.0
"17228",0.0,0.0,0.0
"17229",0.0,0.0,0.0
"17232",0.0,0.0,0.0
"17233",0.0,0.0,0.0
"17234",0.0,0.0,0.0
"17235",0.0,0.0,0.0
"17236",0.0,0.0,0.0
"17237",0.0,0.0,0.0
"17238",0.0,0.0,0.0
"17240",0.0,0.0,0.0
"17241",0.0,0.0,0.0
"17242",0.0,0.0,0.0
"17244",0.0,0.0,0.0
"17245",0.0,0.0,0.0
"17246",0.0,0.0,0.0
"17247",0.0,0.0,0.0
"17248",0.0,0.0,0.0
"17249",0.0,0.0,0.0
"17250",0.0,0.0,0.0
"17252",0.0,0.0,0.0
"17253",0.0,0.0,0.0
"17254",0.0,0.0,0.0
"17255",0.0,0.0,0.0
"17256",0.0,0.0,0.0
"17257",0.0,0.0,0.0
"17258",0.0,0.0,0.0
"17259",0.0,0.0,0.0
"17260",0.0,0.0,0.0
"17261",0.0,0.0,0.0
"17262",0.0,0.0,0.0
"17263",0.0,0.0,0.0
"17264",0.0,0.0,0.0
"17265",0.0,0.0,0.0
"17266",0.0,0.0,0.0
"17267",0.0,0.0,0.0
"17268",0.0,0.0,0.0
"17269",0.0,0.0,0.0
"17270",0.0,0.0,0.0
"17271",0.0,0.0,0.0
"17273",0.0,0.0,0.0
"17274",0.0,0.0,0.0
"17275",0.0,0.0,0.0
"17277",0.0,0.0,0.0
"17278",0.0,0.0,0.0
"17279",0.0,0.0,0.0
"17280",0.0,0.0,0.0
"17281",0.0,0.0,0.0
"17282",0.0,0.0,0.0
"17283",0.0,0.0,0.0
"17285",0.0,0.0,0.0
"17286",0.0,0.0,0.0
"17288",0.0,0.0,0.0
"17290",0.0,0.0,0.0
"17291",0.0,0.0,0.0
"17292",0.0,0.0,0.0
"17293",0.0,0.0,0.0
"17294",0.0,0.0,0.0
"17295",0.0,0.0,0.0
"17296",0.0,0.0,0.0
"17297",0.0,0.0,0.0
"17299",0.0,0.0,0.0
"17300",0.0,0.0,0.0
"17301",0.0,0.0,0.0
"17303",0.0,0.0,0.0
"17304",0.0,0.0,0.0
"17305",0.0,0.0,0.0
"17308",0.0,0.0,0.0
"17309",0.0,0.0,0.0
"17310",0.0,0.0,0.0
"17312",0.0,0.0,0.0
"17316",0.0,0.0,0.0
"17318",0.0,0.0,0.0
"17319",0.0,0.0,0.0
"17320",0.0,0.0,0.0
"17321",0.0,0.0,0.0
"17325",0.0,0.0,0.0
"17326",0.0,0.0,0.0
"17327",0.0,0.0,0.0
"17328",0.0,0.0,0.0
"17329",0.0,0.0,0.0
"17330",0.0,0.0,0.0
"17331",0.0,0.0,0.0
"17332",0.0,0.0,0.0
"17333",0.0,0.0,0.0
"17335",0.0,0.0,0.0
"17336",0.0,0.0,0.0
"17341",0.0,0.0,0.0
"17343",0.0,0.0,0.0
"17347",0.0,0.0,0.0
"17348",0.0,0.0,0.0
"17349",0.0,0.0,0.0
"17351",0.0,0.0,0.0
"17352",0.0,0.0,0.0
"17354",0.0,0.0,0.0
"17355",0.0,0.0,0.0
"17356",0.0,0.0,0.0
"17357",0.0,0.0,0.0
"17358",0.0,0.0,0.0
"17359",0.0,0.0,0.0
"17361",0.0,0.0,0.0
"17363",0.0,0.0,0.0
"17367",0.0,0.0,0.0
"17369",0.0,0.0,0.0
"17370",0.0,0.0,0.0
"17371",0.0,0.0,0.0
"17373",0.0,0.0,0.0
"17376",0.0,0.0,0.0
"17378",50.0,50.0,0.0
"17379",0.0,0.0,0.0
"17382",0.0,0.0,0.0
"17383",0.0,0.0,0.0
"17384",0.0,0.0,0.0
"17385",0.0,0.0,0.0
"17386",0.0,0.0,0.0
"17387",0.0,0.0,0.0
"17388",0.0,0.0,0.0
"17390",0.0,0.0,0.0
"17391",0.0,0.0,0.0
"17392",0.0,0.0,0.0
"17393",0.0,0.0,0.0
"17394",0.0,0.0,0.0
"17395",0.0,0.0,0.0
"17397",0.0,0.0,0.0
"17398",0.0,0.0,0.0
"17400",0.0,0.0,0.0
"17401",0.0,0.0,0.0
"17403",0.0,0.0,0.0
"17407",0.0,0.0,0.0
"17409",0.0,0.0,0.0
"17410",0.0,0.0,0.0
"17413",0.0,0.0,0.0
"17414",0.0,0.0,0.0
"17415",0.0,0.0,0.0
"17417",0.0,0.0,0.0
"17418",0.0,0.0,0.0
"17421",0.0,0.0,0.0
"17425",0.0,0.0,0.0
"17427",0.0,0.0,0.0
"17430",0.0,0.0,0.0
"17431",0.0,0.0,0.0
"17432",0.0,0.0,0.0
"17433",0.0,0.0,0.0
"17435",0.0,0.0,0.0
"17437",0.0,0.0,0.0
"17439",0.0,0.0,0.0
"17440",33.3,33.3,0.0
"17441",0.0,0.0,0.0
"17443",0.0,0.0,0.0
"17444",0.0,0.0,0.0
"17446",0.0,0.0,0.0
"17447",0.0,0.0,0.0
"17453",0.0,0.0,0.0
"17455",0.0,0.0,0.0
"17456",0.0,0.0,0.0
"17458",0.0,0.0,0.0
"17459",0.0,0.0,0.0
"17461",0.0,0.0,0.0
"17466",0.0,0.0,0.0
"17467",0.0,0.0,0.0
"17468",0.0,0.0,0.0
"17470",0.0,0.0,0.0
"17471",0.0,0.0,0.0
"17472",0.0,0.0,0.0
"17474",0.0,0.0,0.0
"17475",0.0,0.0,0.0
"17478",0.0,0.0,0.0
"17479",0.0,0.0,0.0
"17482",0.0,0.0,0.0
"17483",0.0,0.0,0.0
"17484",0.0,0.0,0.0
"17485",100.0,100.0,0.0
"17486",0.0,0.0,0.0
"17487",0.0,0.0,0.0
"17488",0.0,0.0,0.0
"17489",0.0,0.0,0.0
"17492",0.0,0.0,0.0
"17493",0.0,0.0,0.0
"17494",0.0,0.0,0.0
"17497",0.0,0.0,0.0
"17498",0.0,0.0,0.0
"17500",0.0,0.0,0.0
"17501",0.0,0.0,0.0
"17502",0.0,0.0,0.0
"17503",0.0,0.0,0.0
"17505",0.0,0.0,0.0
"17507",0.0,0.0,0.0
"17510",0.0,0.0,0.0
"17513",0.0,0.0,0.0
"17514",0.0,0.0,0.0
"17515",0.0,0.0,0.0
"17516",0.0,0.0,0.0
"17517",0.0,0.0,0.0
"17518",0.0,0.0,0.0
"17520",0.0,0.0,0.0
"17522",0.0,0.0,0.0
"17523",0.0,0.0,0.0
"17525",0.0,0.0,0.0
"17529",0.0,0.0,0.0
"17532",0.0,0.0,0.0
"17533",0.0,0.0,0.0
"17534",0.0,0.0,0.0
"17535",0.0,0.0,0.0
"17536",0.0,0.0,0.0
"17537",0.0,0.0,0.0
"17538",0.0,0.0,0.0
"17541",0.0,0.0,0.0
"17542",0.0,0.0,0.0
"17543",0.0,0.0,0.0
"17544",0.0,0.0,0.0
"17545",0.0,0.0,0.0
"17551",0.0,0.0,0.0
"17553",0.0,0.0,0.0
"17554",0.0,0.0,0.0
"17555",0.0,0.0,0.0
"17556",0.0,0.0,0.0
"17557",0.0,0.0,0.0
"17558",0.0,0.0,0.0
"17559",0.0,0.0,0.0
"17560",0.0,0.0,0.0
"17561",0.0,0.0,0.0
"17564",0.0,0.0,0.0
"17565",0.0,0.0,0.0
"17566",0.0,0.0,0.0
"17568",0.0,0.0,0.0
"17569",0.0,0.0,0.0
"17571",0.0,0.0,0.0
"17572",0.0,0.0,0.0
"17574",0.0,0.0,0.0
"17575",0.0,0.0,0.0
"17577",0.0,0.0,0.0
"17580",0.0,0.0,0.0
"17583",0.0,0.0,0.0
"17585",0.0,0.0,0.0
"17586",0.0,0.0,0.0
"17587",0.0,0.0,0.0
"17590",0.0,0.0,0.0
"17592",50.0,50.0,0.0
"17594",0.0,0.0,0.0
"17595",0.0,0.0,0.0
"17598",0.0,0.0,0.0
"17600",0.0,0.0,0.0
"17601",0.0,0.0,0.0
"17604",0.0,0.0,0.0
"17605",0.0,0.0,0.0
"17606",0.0,0.0,0.0
"17607",0.0,0.0,0.0
"17608",0.0,0.0,0.0
"17614",0.0,0.0,0.0
"17616",0.0,0.0,0.0
"17619",0.0,0.0,0.0
"17620",0.0,0.0,0.0
"17623",0.0,0.0,0.0
"17624",0.0,0.0,0.0
"17625",0.0,0.0,0.0
"17626",0.0,0.0,0.0
"17628",0.0,0.0,0.0
"17630",0.0,0.0,0.0
"17631",0.0,0.0,0.0
"17632",100.0,100.0,0.0
"17634",0.0,0.0,0.0
"17637",0.0,0.0,0.0
"17638",0.0,0.0,0.0
"17639",0.0,0.0,0.0
"17641",100.0,100.0,0.0
"17642",0.0,0.0,0.0
"17643",0.0,0.0,0.0
"17645",100.0,100.0,0.0
"17647",0.0,0.0,0.0
"17650",0.0,0.0,0.0
"17654",0.0,0.0,0.0
"17656",0.0,0.0,0.0
"17657",0.0,0.0,0.0
"17660",0.0,0.0,0.0
"17661",100.0,100.0,0.0
"17662",0.0,0.0,0.0
"17664",0.0,0.0,0.0
"17665",0.0,0.0,0.0
"17666",0.0,0.0,0.0
"17668",0.0,0.0,0.0
"17669",0.0,0.0,0.0
"17670",0.0,0.0,0.0
"17674",0.0,0.0,0.0
"17683",0.0,0.0,0.0
"17684",0.0,0.0,0.0
"17686",0.0,0.0,0.0
"17687",0.0,0.0,0.0
"17689",0.0,0.0,0.0
"17694",0.0,0.0,0.0
"17697",0.0,0.0,0.0
"17698",0.0,0.0,0.0
"17699",0.0,0.0,0.0
"17701",0.0,0.0,0.0
"17703",0.0,0.0,0.0
"17704",0.0,0.0,0.0
"17708",0.0,0.0,0.0
"17709",0.0,0.0,0.0
"17710",0.0,0.0,0.0
"17711",0.0,0.0,0.0
"17712",0.0,0.0,0.0
"17713",0.0,0.0,0.0
"17715",0.0,0.0,0.0
"17717",0.0,0.0,0.0
"17721",0.0,0.0,0.0
"17723",0.0,0.0,0.0
"17729",0.0,0.0,0.0
"17733",0.0,0.0,0.0
"17734",0.0,0.0,0.0
"17737",0.0,0.0,0.0
"17740",0.0,0.0,0.0
"17741",0.0,0.0,0.0
"17742",0.0,0.0,0.0
"17744",0.0,0.0,0.0
"17745",0.0,0.0,0.0
"17747",50.0,50.0,0.0
"17748",0.0,0.0,0.0
"17749",0.0,0.0,0.0
"17750",0.0,0.0,0.0
"17751",0.0,0.0,0.0
"17752",0.0,0.0,0.0
"17755",100.0,100.0,0.0
"17756",0.0,0.0,0.0
"17758",0.0,0.0,0.0
"17759",0.0,0.0,0.0
"17761",0.0,0.0,0.0
"17762",0.0,0.0,0.0
"17764",0.0,0.0,0.0
"17765",0.0,0.0,0.0
"17766",0.0,0.0,0.0
"17767",0.0,0.0,0.0
"17770",0.0,0.0,0.0
"17771",0.0,0.0,0.0
"17772",0.0,0.0,0.0
"17773",0.0,0.0,0.0
"17775",0.0,0.0,0.0
"17777",0.0,0.0,0.0
"17778",0.0,0.0,0.0
"17780",0.0,0.0,0.0
"17781",0.0,0.0,0.0
"17782",0.0,0.0,0.0
"17783",0.0,0.0,0.0
"17784",0.0,0.0,0.0
"17785",0.0,0.0,0.0
"17786",0.0,0.0,0.0
"17787",0.0,0.0,0.0
"17788",0.0,0.0,0.0
"17789",0.0,0.0,0.0
"17790",0.0,0.0,0.0
"17791",0.0,0.0,0.0
"17792",0.0,0.0,0.0
"17793",0.0,0.0,0.0
"17794",0.0,0.0,0.0
"17795",0.0,0.0,0.0
"17796",0.0,0.0,0.0
"17797",0.0,0.0,0.0
"17798",0.0,0.0,0.0
"17800",0.0,0.0,0.0
"17803",0.0,0.0,0.0
"17804",0.0,0.0,0.0
"17805",0.0,0.0,0.0
"17806",0.0,0.0,0.0
"17807",0.0,0.0,0.0
"17808",0.0,0.0,0.0
"17810",0.0,0.0,0.0
"17812",0.0,0.0,0.0
"17814",0.0,0.0,0.0
"17815",0.0,0.0,0.0
"17816",0.0,0.0,0.0
"17818",0.0,0.0,0.0
"17821",0.0,0.0,0.0
"17822",0.0,0.0,0.0
"17823",0.0,0.0,0.0
"17824",0.0,0.0,0.0
"17825",0.0,0.0,0.0
"17826",0.0,0.0,0.0
"17830",0.0,0.0,0.0
"17831",0.0,0.0,0.0
"17832",0.0,0.0,0.0
"17833",0.0,0.0,0.0
"17834",0.0,0.0,0.0
"17835",0.0,0.0,0.0
"17836",0.0,0.0,0.0
"17839",0.0,0.0,0.0
"17840",0.0,0.0,0.0
"17842",0.0,0.0,0.0
"17843",0.0,0.0,0.0
"17844",0.0,0.0,0.0
"17845",0.0,0.0,0.0
"17847",0.0,0.0,0.0
"17849",0.0,0.0,0.0
"17851",0.0,0.0,0.0
"17852",0.0,0.0,0.0
"17853",0.0,0.0,0.0
"17854",0.0,0.0,0.0
"17855",0.0,0.0,0.0
"17859",0.0,0.0,0.0
"17860",0.0,0.0,0.0
"17862",0.0,0.0,0.0
"17863",0.0,0.0,0.0
"17864",0.0,0.0,0.0
"17868",0.0,0.0,0.0
"17869",0.0,0.0,0.0
"17871",0.0,0.0,0.0
"17872",0.0,0.0,0.0
"17875",0.0,0.0,0.0
"17876",0.0,0.0,0.0
"17877",0.0,0.0,0.0
"17878",0.0,0.0,0.0
"17879",0.0,0.0,0.0
"17880",0.0,0.0,0.0
"17881",0.0,0.0,0.0
"17882",0.0,0.0,0.0
"17885",0.0,0.0,0.0
"17887",0.0,0.0,0.0
"17889",0.0,0.0,0.0
"17890",0.0,0.0,0.0
"17891",0.0,0.0,0.0
"17892",0.0,0.0,0.0
"17893",0.0,0.0,0.0
"17895",0.0,0.0,0.0
"17896",0.0,0.0,0.0
"17898",0.0,0.0,0.0
"17899",0.0,0.0,0.0
"17901",0.0,0.0,0.0
"17902",0.0,0.0,0.0
"17903",0.0,0.0,0.0
"17906",0.0,0.0,0.0
"17907",0.0,0.0,0.0
"17909",0.0,0.0,0.0
"17910",0.0,0.0,0.0
"17911",0.0,0.0,0.0
"17913",0.0,0.0,0.0
"17914",0.0,0.0,0.0
"17915",0.0,0.0,0.0
"17916",0.0,0.0,0.0
"17917",0.0,0.0,0.0
"17918",0.0,0.0,0.0
"17919",0.0,0.0,0.0
"17922",0.0,0.0,0.0
"17923",0.0,0.0,0.0
"17925",0.0,0.0,0.0
"17926",0.0,0.0,0.0
"17927",0.0,0.0,0.0
"17928",0.0,0.0,0.0
"17932",0.0,0.0,0.0
"17933",0.0,0.0,0.0
"17934",0.0,0.0,0.0
"17936",0.0,0.0,0.0
"17937",0.0,0.0,0.0
"17938",0.0,0.0,0.0
"17939",0.0,0.0,0.0
"17940",0.0,0.0,0.0
"17941",0.0,0.0,0.0
"17942",0.0,0.0,0.0
"17944",0.0,0.0,0.0
"17945",0.0,0.0,0.0
"17946",0.0,0.0,0.0
"17947",0.0,0.0,0.0
"17948",0.0,0.0,0.0
"17952",0.0,0.0,0.0
"17953",0.0,0.0,0.0
"17955",0.0,0.0,0.0
"17956",0.0,0.0,0.0
"17957",0.0,0.0,0.0
"17958",0.0,0.0,0.0
"17959",0.0,0.0,0.0
"17960",0.0,0.0,0.0
"17963",0.0,0.0,0.0
"17964",0.0,0.0,0.0
"17966",0.0,0.0,0.0
"17967",0.0,0.0,0.0
"17968",0.0,0.0,0.0
"17970",0.0,0.0,0.0
"17971",0.0,0.0,0.0
"17972",0.0,0.0,0.0
"17973",0.0,0.0,0.0
"17974",0.0,0.0,0.0
"17976",0.0,0.0,0.0
"17978",0.0,0.0,0.0
"17980",0.0,0.0,0.0
"17981",0.0,0.0,0.0
"17982",0.0,0.0,0.0
"17983",0.0,0.0,0.0
"17984",0.0,0.0,0.0
"17985",0.0,0.0,0.0
"17986",0.0,0.0,0.0
"17989",0.0,0.0,0.0
"17991",0.0,0.0,0.0
"17992",0.0,0.0,0.0
"17993",0.0,0.0,0.0
"17995",0.0,0.0,0.0
"17996",0.0,0.0,0.0
"17999",0.0,0.0,0.0
"18000",0.0,0.0,0.0
"18001",0.0,0.0,0.0
"18002",0.0,0.0,0.0
"18003",0.0,0.0,0.0
"18004",0.0,0.0,0.0
"18005",0.0,0.0,0.0
"18006",0.0,0.0,0.0
"18007",0.0,0.0,0.0
"18008",0.0,0.0,0.0
"18010",0.0,0.0,0.0
"18011",0.0,0.0,0.0
"18012",0.0,0.0,0.0
"18013",0.0,0.0,0.0
"18014",0.0,0.0,0.0
"18015",0.0,0.0,0.0
"18016",0.0,0.0,0.0
"18017",0.0,0.0,0.0
"18019",0.0,0.0,0.0
"18021",0.0,0.0,0.0
"18022",0.0,0.0,0.0
"18025",0.0,0.0,0.0
"18026",0.0,0.0,0.0
"18027",0.0,0.0,0.0
"18028",0.0,0.0,0.0
"18029",0.0,0.0,0.0
"18031",0.0,0.0,0.0
"18032",0.0,0.0,0.0
"18033",0.0,0.0,0.0
"18034",0.0,0.0,0.0
"18035",0.0,0.0,0.0
"18036",0.0,0.0,0.0
"18037",0.0,0.0,0.0
"18038",0.0,0.0,0.0
"18039",0.0,0.0,0.0
"18040",0.0,0.0,0.0
"18042",0.0,0.0,0.0
"18043",0.0,0.0,0.0
"18045",0.0,0.0,0.0
"18046",0.0,0.0,0.0
"18047",0.0,0.0,0.0
"18048",0.0,0.0,0.0
"18049",0.0,0.0,0.0
"18050",0.0,0.0,0.0
"18052",0.0,0.0,0.0
"18054",0.0,0.0,0.0
"18057",0.0,0.0,0.0
"18058",0.0,0.0,0.0
"18060",0.0,0.0,0.0
"18063",0.0,0.0,0.0
"18066",0.0,0.0,0.0
"18067",0.0,0.0,0.0
"18068",0.0,0.0,0.0
"18071",0.0,0.0,0.0
"18074",0.0,0.0,0.0
"18076",0.0,0.0,0.0
"18077",0.0,0.0,0.0
"18078",0.0,0.0,0.0
"18079",0.0,0.0,0.0
"18080",0.0,0.0,0.0
"18081",0.0,0.0,0.0
"18082",0.0,0.0,0.0
"18083",0.0,0.0,0.0
"18085",0.0,0.0,0.0
"18086",0.0,0.0,0.0
"18088",0.0,0.0,0.0
"18089",0.0,0.0,0.0
"18090",0.0,0.0,0.0
"18091",0.0,0.0,0.0
"18095",0.0,0.0,0.0
"18096",0.0,0.0,0.0
"18098",0.0,0.0,0.0
"18099",0.0,0.0,0.0
"18100",0.0,0.0,0.0
"18101",0.0,0.0,0.0
"18103",0.0,0.0,0.0
"18104",0.0,0.0,0.0
"18105",0.0,0.0,0.0
"18106",0.0,0.0,0.0
"18107",0.0,0.0,0.0
"18112",0.0,0.0,0.0
"18113",0.0,0.0,0.0
"18114",0.0,0.0,0.0
"18115",0.0,0.0,0.0
"18116",0.0,0.0,0.0
"18117",0.0,0.0,0.0
"18119",0.0,0.0,0.0
"18120",0.0,0.0,0.0
"18121",0.0,0.0,0.0
"18122",0.0,0.0,0.0
"18123",0.0,0.0,0.0
"18124",0.0,0.0,0.0
"18126",0.0,0.0,0.0
"18127",0.0,0.0,0.0
"18128",0.0,0.0,0.0
"18129",0.0,0.0,0.0
"18131",0.0,0.0,0.0
"18132",0.0,0.0,0.0
"18133",0.0,0.0,0.0
"18134",0.0,0.0,0.0
"18137",0.0,0.0,0.0
"18138",0.0,0.0,0.0
"18139",0.0,0.0,0.0
"18140",0.0,0.0,0.0
"18143",0.0,0.0,0.0
"18144",0.0,0.0,0.0
"18146",0.0,0.0,0.0
"18147",0.0,0.0,0.0
"18148",0.0,0.0,0.0
"18149",0.0,0.0,0.0
"18150",0.0,0.0,0.0
"18152",0.0,0.0,0.0
"18153",0.0,0.0,0.0
"18154",0.0,0.0,0.0
"18156",0.0,0.0,0.0
"18157",0.0,0.0,0.0
"18159",0.0,0.0,0.0
"18160",0.0,0.0,0.0
"18162",0.0,0.0,0.0
"18165",0.0,0.0,0.0
"18166",0.0,0.0,0.0
"18169",0.0,0.0,0.0
"18170",0.0,0.0,0.0
"18173",0.0,0.0,0.0
"18174",0.0,0.0,0.0
"18175",0.0,0.0,0.0
"18179",0.0,0.0,0.0
"18180",0.0,0.0,0.0
"18182",0.0,0.0,0.0
"18184",0.0,0.0,0.0
"18185",0.0,0.0,0.0
"18186",0.0,0.0,0.0
"18191",0.0,0.0,0.0
"18192",0.0,0.0,0.0
"18195",0.0,0.0,0.0
"18196",0.0,0.0,0.0
"18200",0.0,0.0,0.0
"18201",0.0,0.0,0.0
"18202",0.0,0.0,0.0
"18203",0.0,0.0,0.0
"18205",0.0,0.0,0.0
"18206",0.0,0.0,0.0
"18208",0.0,0.0,0.0
"18209",0.0,0.0,0.0
"18210",0.0,0.0,0.0
"18211",0.0,0.0,0.0
"18212",0.0,0.0,0.0
"18213",0.0,0.0,0.0
"18216",0.0,0.0,0.0
"18222",0.0,0.0,0.0
"18224",0.0,0.0,0.0
"18229",0.0,0.0,0.0
"18233",0.0,0.0,0.0
"18234",0.0,0.0,0.0
"18235",0.0,0.0,0.0
"18236",0.0,0.0,0.0
"18237",0.0,0.0,0.0
"18238",0.0,0.0,0.0
"18239",0.0,0.0,0.0
"18240",0.0,0.0,0.0
"18242",0.0,0.0,0.0
"18243",0.0,0.0,0.0
"18244",0.0,0.0,0.0
"18246",0.0,0.0,0.0
"18249",0.0,0.0,0.0
"18251",0.0,0.0,0.0
"18253",0.0,0.0,0.0
"18254",0.0,0.0,0.0
"18255",0.0,0.0,0.0
"18259",0.0,0.0,0.0
"18261",0.0,0.0,0.0
"18262",0.0,0.0,0.0
"18264",0.0,0.0,0.0
"18265",0.0,0.0,0.0
"18266",0.0,0.0,0.0
"18271",0.0,0.0,0.0
"18273",0.0,0.0,0.0
"18274",50.0,50.0,0.0
"18275",0.0,0.0,0.0
"18278",0.0,0.0,0.0
"18279",0.0,0.0,0.0
"18281",0.0,0.0,0.0
"18283",0.0,0.0,0.0
"18284",0.0,0.0,0.0
"18285",0.0,0.0,0.0
"17549",0.0,0.0,0.0
"12347",0.0,0.0,0.0
"12348",0.0,0.0,0.0
"12350",0.0,0.0,0.0
"12351",0.0,0.0,0.0
"12353",0.0,0.0,0.0
"12354",0.0,0.0,0.0
"12355",0.0,0.0,0.0
"12356",0.0,0.0,0.0
"12357",0.0,0.0,0.0
"12358",0.0,0.0,0.0
"12360",0.0,0.0,0.0
"12361",0.0,0.0,0.0
"12363",0.0,0.0,0.0
"12364",0.0,0.0,0.0
"12365",0.0,0.0,0.0
"12366",0.0,0.0,0.0
"12367",0.0,0.0,0.0
"12368",0.0,0.0,0.0
"12369",0.0,0.0,0.0
"12370",0.0,0.0,0.0
"12371",0.0,0.0,0.0
"12372",0.0,0.0,0.0
"12373",0.0,0.0,0.0
"12374",0.0,0.0,0.0
"12376",0.0,0.0,0.0
"12377",0.0,0.0,0.0
"12378",0.0,0.0,0.0
"12385",0.0,0.0,0.0
"12386",0.0,0.0,0.0
"12387",0.0,0.0,0.0
"12388",0.0,0.0,0.0
"12389",0.0,0.0,0.0
"12390",0.0,0.0,0.0
"12392",0.0,0.0,0.0
"12394",0.0,0.0,0.0
"12396",0.0,0.0,0.0
"12397",0.0,0.0,0.0
"12398",0.0,0.0,0.0
"12399",0.0,0.0,0.0
"12400",0.0,0.0,0.0
"12401",0.0,0.0,0.0
"12403",0.0,0.0,0.0
"12405",0.0,0.0,0.0
"12407",0.0,0.0,0.0
"12411",0.0,0.0,0.0
"12416",0.0,0.0,0.0
"12419",0.0,0.0,0.0
"12420",0.0,0.0,0.0
"12422",0.0,0.0,0.0
"12430",0.0,0.0,0.0
"12432",0.0,0.0,0.0
"12433",0.0,0.0,0.0
"12435",0.0,0.0,0.0
"12436",0.0,0.0,0.0
"12438",0.0,0.0,0.0
"12441",0.0,0.0,0.0
"12442",0.0,0.0,0.0
"12443",0.0,0.0,0.0
"12444",0.0,0.0,0.0
"12446",0.0,0.0,0.0
"12447",0.0,0.0,0.0
"12448",0.0,0.0,0.0
"12449",0.0,0.0,0.0
"12452",0.0,0.0,0.0
"12453",0.0,0.0,0.0
"12455",0.0,0.0,0.0
"12458",0.0,0.0,0.0
"12459",0.0,0.0,0.0
"12460",0.0,0.0,0.0
"12461",0.0,0.0,0.0
"12464",0.0,0.0,0.0
"12467",50.0,50.0,0.0
"12469",0.0,0.0,0.0
"12470",0.0,0.0,0.0
"12475",0.0,0.0,0.0
"12478",0.0,0.0,0.0
"12482",0.0,0.0,0.0
"12485",0.0,0.0,0.0
"12486",0.0,0.0,0.0
"12488",0.0,0.0,0.0
"12489",0.0,0.0,0.0
"12491",0.0,0.0,0.0
"12492",0.0,0.0,0.0
"12496",0.0,0.0,0.0
"12497",0.0,0.0,0.0
"12498",0.0,0.0,0.0
"12499",0.0,0.0,0.0
"12502",0.0,0.0,0.0
"12503",0.0,0.0,0.0
"12506",0.0,0.0,0.0
"12508",0.0,0.0,0.0
"12509",0.0,0.0,0.0
"12512",0.0,0.0,0.0
"12514",0.0,0.0,0.0
"12515",0.0,0.0,0.0
"12516",0.0,0.0,0.0
"12518",0.0,0.0,0.0
"12521",0.0,0.0,0.0
"12522",0.0,0.0,0.0
"12526",0.0,0.0,0.0
"12527",0.0,0.0,0.0
"12532",0.0,0.0,0.0
"12534",0.0,0.0,0.0
"12535",0.0,0.0,0.0
"12537",0.0,0.0,0.0
"12538",0.0,0.0,0.0
"12539",0.0,0.0,0.0
"12541",0.0,0.0,0.0
"12543",0.0,0.0,0.0
"12545",0.0,0.0,0.0
"12547",0.0,0.0,0.0
"12548",0.0,0.0,0.0
"12549",0.0,0.0,0.0
"12550",0.0,0.0,0.0
"12551",0.0,0.0,0.0
"12552",0.0,0.0,0.0
"12554",0.0,0.0,0.0
"12556",0.0,0.0,0.0
"12557",0.0,0.0,0.0
"12558",50.0,50.0,0.0
"12561",0.0,0.0,0.0
"12562",0.0,0.0,0.0
"12563",0.0,0.0,0.0
"12564",0.0,0.0,0.0
"12568",0.0,0.0,0.0
"12571",0.0,0.0,0.0
"12573",0.0,0.0,0.0
"12574",0.0,0.0,0.0
"12575",0.0,0.0,0.0
"12580",0.0,0.0,0.0
"12581",0.0,0.0,0.0
"12582",0.0,0.0,0.0
"12587",0.0,0.0,0.0
"12591",0.0,0.0,0.0
"12592",0.0,0.0,0.0
"12593",0.0,0.0,0.0
"12595",0.0,0.0,0.0
"12596",0.0,0.0,0.0
"12599",0.0,0.0,0.0
"12602",0.0,0.0,0.0
"12603",0.0,0.0,0.0
"12604",0.0,0.0,0.0
"12607",50.0,50.0,0.0
"12608",0.0,0.0,0.0
"12609",0.0,0.0,0.0
"12611",0.0,0.0,0.0
"12614",0.0,0.0,0.0
"12617",0.0,0.0,0.0
"12618",0.0,0.0,0.0
"12620",0.0,0.0,0.0
"12622",0.0,0.0,0.0
"12623",0.0,0.0,0.0
"12624",0.0,0.0,0.0
"12627",0.0,0.0,0.0
"12629",0.0,0.0,0.0
"12630",0.0,0.0,0.0
"12634",0.0,0.0,0.0
"12635",0.0,0.0,0.0
"12638",0.0,0.0,0.0
"12639",0.0,0.0,0.0
"12640",0.0,0.0,0.0
"12641",0.0,0.0,0.0
"12642",0.0,0.0,0.0
"12646",0.0,0.0,0.0
"12650",0.0,0.0,0.0
"12653",0.0,0.0,0.0
"12654",0.0,0.0,0.0
"12655",0.0,0.0,0.0
"12658",0.0,0.0,0.0
"12659",0.0,0.0,0.0
"12660",0.0,0.0,0.0
"12661",0.0,0.0,0.0
"12664",0.0,0.0,0.0
"12667",0.0,0.0,0.0
"12669",0.0,0.0,0.0
"12671",0.0,0.0,0.0
"12673",0.0,0.0,0.0
"12676",0.0,0.0,0.0
"12680",0.0,0.0,0.0
"12684",0.0,0.0,0.0
"12685",0.0,0.0,0.0
"12686",0.0,0.0,0.0
"12687",0.0,0.0,0.0
"12688",0.0,0.0,0.0
"12689",0.0,0.0,0.0
"12690",0.0,0.0,0.0
"12691",0.0,0.0,0.0
"12692",0.0,0.0,0.0
"12695",0.0,0.0,0.0
"12696",0.0,0.0,0.0
"12698",0.0,0.0,0.0
"12699",0.0,0.0,0.0
"12700",0.0,0.0,0.0
"12701",0.0,0.0,0.0
"12702",0.0,0.0,0.0
"12704",0.0,0.0,0.0
"12707",0.0,0.0,0.0
"12711",0.0,0.0,0.0
"12713",0.0,0.0,0.0
"12714",0.0,0.0,0.0
"12715",0.0,0.0,0.0
"12716",0.0,0.0,0.0
"12717",0.0,0.0,0.0
"12718",0.0,0.0,0.0
"12723",0.0,0.0,0.0
"12724",0.0,0.0,0.0
"12725",0.0,0.0,0.0
"12726",0.0,0.0,0.0
"12728",0.0,0.0,0.0
"12729",0.0,0.0,0.0
"12730",0.0,0.0,0.0
"12732",0.0,0.0,0.0
"12734",0.0,0.0,0.0
"12735",0.0,0.0,0.0
"12736",0.0,0.0,0.0
"12738",0.0,0.0,0.0
"12739",0.0,0.0,0.0
"12740",0.0,0.0,0.0
"12741",0.0,0.0,0.0
"12743",0.0,0.0,0.0
"12744",0.0,0.0,0.0
"12745",0.0,0.0,0.0
"12750",0.0,0.0,0.0
"12751",0.0,0.0,0.0
"12752",0.0,0.0,0.0
"12754",0.0,0.0,0.0
"12756",0.0,0.0,0.0
"12759",0.0,0.0,0.0
"12760",0.0,0.0,0.0
"12761",0.0,0.0,0.0
"12762",0.0,0.0,0.0
"12763",0.0,0.0,0.0
"12764",0.0,0.0,0.0
"12765",0.0,0.0,0.0
"12767",0.0,0.0,0.0
"12768",50.0,50.0,0.0
"12769",0.0,0.0,0.0
"12772",0.0,0.0,0.0
"12773",50.0,50.0,0.0
"12774",0.0,0.0,0.0
"12776",0.0,0.0,0.0
"12777",0.0,0.0,0.0
"12778",0.0,0.0,0.0
"12780",0.0,0.0,0.0
"12783",0.0,0.0,0.0
"12784",0.0,0.0,0.0
"12786",0.0,0.0,0.0
"12787",0.0,0.0,0.0
"12788",0.0,0.0,0.0
"12789",0.0,0.0,0.0
"12791",0.0,0.0,0.0
"12792",0.0,0.0,0.0
"12793",0.0,0.0,0.0
"12794",0.0,0.0,0.0
"12795",0.0,0.0,0.0
"12796",0.0,0.0,0.0
"12798",0.0,0.0,0.0
"12799",0.0,0.0,0.0
"12800",0.0,0.0,0.0
"12803",0.0,0.0,0.0
"12804",0.0,0.0,0.0
"12805",0.0,0.0,0.0
"12806",0.0,0.0,0.0
"12808",0.0,0.0,0.0
"12810",0.0,0.0,0.0
"12811",0.0,0.0,0.0
"12812",0.0,0.0,0.0
"12813",0.0,0.0,0.0
"12814",0.0,0.0,0.0
"12815",0.0,0.0,0.0
"12816",0.0,0.0,0.0
"12817",0.0,0.0,0.0
"12819",0.0,0.0,0.0
"12821",0.0,0.0,0.0
"12823",0.0,0.0,0.0
"12824",0.0,0.0,0.0
"12825",0.0,0.0,0.0
"12827",0.0,0.0,0.0
"12828",0.0,0.0,0.0
"12830",0.0,0.0,0.0
"12831",0.0,0.0,0.0
"12832",0.0,0.0,0.0
"12833",0.0,0.0,0.0
"12834",0.0,0.0,0.0
"12837",0.0,0.0,0.0
"12842",0.0,0.0,0.0
"12844",0.0,0.0,0.0
"12845",0.0,0.0,0.0
"12847",0.0,0.0,0.0
"12848",0.0,0.0,0.0
"12849",0.0,0.0,0.0
"12850",0.0,0.0,0.0
"12851",0.0,0.0,0.0
"12855",0.0,0.0,0.0
"12858",0.0,0.0,0.0
"12859",0.0,0.0,0.0
"12860",0.0,0.0,0.0
"12861",0.0,0.0,0.0
"12862",0.0,0.0,0.0
"12864",0.0,0.0,0.0
"12866",0.0,0.0,0.0
"12868",0.0,0.0,0.0
"12869",0.0,0.0,0.0
"12871",0.0,0.0,0.0
"12873",0.0,0.0,0.0
"12875",0.0,0.0,0.0
"12877",0.0,0.0,0.0
"12880",0.0,0.0,0.0
"12881",0.0,0.0,0.0
"12882",0.0,0.0,0.0
"12883",0.0,0.0,0.0
"12884",0.0,0.0,0.0
"12887",0.0,0.0,0.0
"12890",0.0,0.0,0.0
"12891",8.3,8.3,0.0
"12892",0.0,0.0,0.0
"12893",0.0,0.0,0.0
"12894",0.0,0.0,0.0
"12896",100.0,100.0,0.0
"12897",0.0,0.0,0.0
"12898",0.0,0.0,0.0
"12899",0.0,0.0,0.0
"12900",0.0,0.0,0.0
"12902",0.0,0.0,0.0
"12903",0.0,0.0,0.0
"12904",0.0,0.0,0.0
"12906",0.0,0.0,0.0
"12908",16.7,16.7,0.0
"12911",0.0,0.0,0.0
"12912",0.0,0.0,0.0
"12913",0.0,0.0,0.0
"12914",0.0,0.0,0.0
"12920",0.0,0.0,0.0
"12922",0.0,0.0,0.0
"12923",0.0,0.0,0.0
"12925",0.0,0.0,0.0
"12926",0.0,0.0,0.0
"12927",0.0,0.0,0.0
"12928",0.0,0.0,0.0
"12932",0.0,0.0,0.0
"12934",0.0,0.0,0.0
"12937",0.0,0.0,0.0
"12938",0.0,0.0,0.0
"12939",0.0,0.0,0.0
"12941",0.0,0.0,0.0
"12942",0.0,0.0,0.0
"12944",0.0,0.0,0.0
"12945",0.0,0.0,0.0
"12946",0.0,0.0,0.0
"12950",0.0,0.0,0.0
"12953",0.0,0.0,0.0
"12954",0.0,0.0,0.0
"12956",0.0,0.0,0.0
"12958",0.0,0.0,0.0
"12959",0.0,0.0,0.0
"12960",0.0,0.0,0.0
"12961",0.0,0.0,0.0
"12962",0.0,0.0,0.0
"12964",0.0,0.0,0.0
"12965",0.0,0.0,0.0
"12966",0.0,0.0,0.0
"12968",0.0,0.0,0.0
"12969",0.0,0.0,0.0
"12970",0.0,0.0,0.0
"12973",0.0,0.0,0.0
"12974",0.0,0.0,0.0
"12976",0.0,0.0,0.0
"12977",0.0,0.0,0.0
"12981",0.0,0.0,0.0
"12983",0.0,0.0,0.0
"12984",0.0,0.0,0.0
"12988",0.0,0.0,0.0
"12990",0.0,0.0,0.0
"12991",0.0,0.0,0.0
"12992",0.0,0.0,0.0
"12996",0.0,0.0,0.0
"12999",0.0,0.0,0.0
"13002",0.0,0.0,0.0
"13003",0.0,0.0,0.0
"13006",0.0,0.0,0.0
"13007",0.0,0.0,0.0
"13009",0.0,0.0,0.0
"13010",0.0,0.0,0.0
"13011",0.0,0.0,0.0
"13016",0.0,0.0,0.0
"13017",0.0,0.0,0.0
"13022",0.0,0.0,0.0
"13023",0.0,0.0,0.0
"13025",0.0,0.0,0.0
"13029",0.0,0.0,0.0
"13030",0.0,0.0,0.0
"13031",0.0,0.0,0.0
"13033",0.0,0.0,0.0
"13034",0.0,0.0,0.0
"13036",0.0,0.0,0.0
"13038",0.0,0.0,0.0
"13039",0.0,0.0,0.0
"13040",0.0,0.0,0.0
"13041",0.0,0.0,0.0
"13045",0.0,0.0,0.0
"13046",0.0,0.0,0.0
"13051",0.0,0.0,0.0
"13052",0.0,0.0,0.0
"13053",0.0,0.0,0.0
"13056",0.0,0.0,0.0
"13058",0.0,0.0,0.0
"13060",0.0,0.0,0.0
"13061",0.0,0.0,0.0
"13062",0.0,0.0,0.0
"13063",0.0,0.0,0.0
"13064",0.0,0.0,0.0
"13067",0.0,0.0,0.0
"13068",0.0,0.0,0.0
"13071",0.0,0.0,0.0
"13072",0.0,0.0,0.0
"13073",0.0,0.0,0.0
"13075",0.0,0.0,0.0
"13076",0.0,0.0,0.0
"13079",0.0,0.0,0.0
"13083",0.0,0.0,0.0
"13084",50.0,50.0,0.0
"13086",0.0,0.0,0.0
"13087",0.0,0.0,0.0
"13088",0.0,0.0,0.0
"13095",0.0,0.0,0.0
"13096",0.0,0.0,0.0
"13099",0.0,0.0,0.0
"13101",0.0,0.0,0.0
"13103",0.0,0.0,0.0
"13104",0.0,0.0,0.0
"13105",0.0,0.0,0.0
"13108",0.0,0.0,0.0
"13111",0.0,0.0,0.0
"13114",0.0,0.0,0.0
"13119",0.0,0.0,0.0
"13120",0.0,0.0,0.0
"13122",0.0,0.0,0.0
"13123",0.0,0.0,0.0
"13124",0.0,0.0,0.0
"13125",0.0,0.0,0.0
"13127",0.0,0.0,0.0
"13128",0.0,0.0,0.0
"13129",0.0,0.0,0.0
"13130",0.0,0.0,0.0
"13132",0.0,0.0,0.0
"13133",0.0,0.0,0.0
"13135",0.0,0.0,0.0
"13137",0.0,0.0,0.0
"13140",0.0,0.0,0.0
"13142",0.0,0.0,0.0
"13144",0.0,0.0,0.0
"13146",0.0,0.0,0.0
"13147",0.0,0.0,0.0
"13149",0.0,0.0,0.0
"13153",0.0,0.0,0.0
"13155",0.0,0.0,0.0
"13156",0.0,0.0,0.0
"13158",0.0,0.0,0.0
"13160",0.0,0.0,0.0
"13161",0.0,0.0,0.0
"13163",50.0,50.0,0.0
"13165",0.0,0.0,0.0
"13167",0.0,0.0,0.0
"13169",0.0,0.0,0.0
"13170",0.0,0.0,0.0
"13172",0.0,0.0,0.0
"13174",0.0,0.0,0.0
"13176",0.0,0.0,0.0
"13177",0.0,0.0,0.0
"13179",0.0,0.0,0.0
"13180",0.0,0.0,0.0
"13181",0.0,0.0,0.0
"13182",0.0,0.0,0.0
"13185",0.0,0.0,0.0
"13188",0.0,0.0,0.0
"13189",0.0,0.0,0.0
"13191",0.0,0.0,0.0
"13193",0.0,0.0,0.0
"13194",0.0,0.0,0.0
"13195",0.0,0.0,0.0
"13197",0.0,0.0,0.0
"13200",0.0,0.0,0.0
"13201",0.0,0.0,0.0
"13204",0.0,0.0,0.0
"13205",0.0,0.0,0.0
"13206",0.0,0.0,0.0
"13207",0.0,0.0,0.0
"13208",0.0,0.0,0.0
"13210",0.0,0.0,0.0
"13214",0.0,0.0,0.0
"13215",0.0,0.0,0.0
"13216",0.0,0.0,0.0
"13218",0.0,0.0,0.0
"13219",0.0,0.0,0.0
"13220",0.0,0.0,0.0
"13221",0.0,0.0,0.0
"13222",0.0,0.0,0.0
"13223",0.0,0.0,0.0
"13226",0.0,0.0,0.0
"13227",0.0,0.0,0.0
"13228",0.0,0.0,0.0
"13229",0.0,0.0,0.0
"13232",0.0,0.0,0.0
"13233",0.0,0.0,0.0
"13234",0.0,0.0,0.0
"13235",0.0,0.0,0.0
"13237",0.0,0.0,0.0
"13241",0.0,0.0,0.0
"13242",0.0,0.0,0.0
"13243",0.0,0.0,0.0
"13244",0.0,0.0,0.0
"13245",0.0,0.0,0.0
"13247",0.0,0.0,0.0
"13248",0.0,0.0,0.0
"13249",0.0,0.0,0.0
"13251",0.0,0.0,0.0
"13253",0.0,0.0,0.0
"13254",0.0,0.0,0.0
"13258",0.0,0.0,0.0
"13259",0.0,0.0,0.0
"13260",0.0,0.0,0.0
"13261",0.0,0.0,0.0
"13262",0.0,0.0,0.0
"13263",0.0,0.0,0.0
"13264",0.0,0.0,0.0
"13265",0.0,0.0,0.0
"13270",0.0,0.0,0.0
"13272",0.0,0.0,0.0
"13273",0.0,0.0,0.0
"13274",0.0,0.0,0.0
"13275",0.0,0.0,0.0
"13277",0.0,0.0,0.0
"13278",0.0,0.0,0.0
"13283",0.0,0.0,0.0
"13285",0.0,0.0,0.0
"13286",0.0,0.0,0.0
"13288",16.7,16.7,0.0
"13289",0.0,0.0,0.0
"13291",0.0,0.0,0.0
"13294",0.0,0.0,0.0
"13296",0.0,0.0,0.0
"13298",0.0,0.0,0.0
"13301",0.0,0.0,0.0
"13302",0.0,0.0,0.0
"13303",0.0,0.0,0.0
"13305",0.0,0.0,0.0
"13306",0.0,0.0,0.0
"13307",0.0,0.0,0.0
"13309",0.0,0.0,0.0
"13311",0.0,0.0,0.0
"13312",0.0,0.0,0.0
"13315",0.0,0.0,0.0
"13318",0.0,0.0,0.0
"13321",0.0,0.0,0.0
"13322",0.0,0.0,0.0
"13323",0.0,0.0,0.0
"13325",0.0,0.0,0.0
"13326",0.0,0.0,0.0
"13328",0.0,0.0,0.0
"13330",0.0,0.0,0.0
"13331",0.0,0.0,0.0
"13332",0.0,0.0,0.0
"13333",0.0,0.0,0.0
"13336",0.0,0.0,0.0
"13339",0.0,0.0,0.0
"13340",0.0,0.0,0.0
"13341",0.0,0.0,0.0
"13342",100.0,100.0,0.0
"13344",0.0,0.0,0.0
"13346",0.0,0.0,0.0
"13347",0.0,0.0,0.0
"13348",0.0,0.0,0.0
"13349",0.0,0.0,0.0
"13351",0.0,0.0,0.0
"13353",100.0,100.0,0.0
"13354",0.0,0.0,0.0
"13355",0.0,0.0,0.0
"13356",0.0,0.0,0.0
"13357",0.0,0.0,0.0
"13358",0.0,0.0,0.0
"13361",0.0,0.0,0.0
"13363",0.0,0.0,0.0
"13364",50.0,50.0,0.0
"13366",0.0,0.0,0.0
"13367",0.0,0.0,0.0
"13372",0.0,0.0,0.0
"13373",0.0,0.0,0.0
"13374",0.0,0.0,0.0
"13376",0.0,0.0,0.0
"13379",0.0,0.0,0.0
"13380",0.0,0.0,0.0
"13382",0.0,0.0,0.0
"13383",0.0,0.0,0.0
"13385",0.0,0.0,0.0
"13386",0.0,0.0,0.0
"13387",0.0,0.0,0.0
"13389",0.0,0.0,0.0
"13390",0.0,0.0,0.0
"13391",0.0,0.0,0.0
"13392",0.0,0.0,0.0
"13395",0.0,0.0,0.0
"13398",0.0,0.0,0.0
"13399",0.0,0.0,0.0
"13402",0.0,0.0,0.0
"13403",0.0,0.0,0.0
"13404",0.0,0.0,0.0
"13411",0.0,0.0,0.0
"13412",0.0,0.0,0.0
"13416",0.0,0.0,0.0
"13419",0.0,0.0,0.0
"13423",0.0,0.0,0.0
"13427",0.0,0.0,0.0
"13428",0.0,0.0,0.0
"13429",0.0,0.0,0.0
"13432",0.0,0.0,0.0
"13434",0.0,0.0,0.0
"13436",0.0,0.0,0.0
"13437",0.0,0.0,0.0
"13438",0.0,0.0,0.0
"13439",0.0,0.0,0.0
"13441",0.0,0.0,0.0
"13442",0.0,0.0,0.0
"13444",0.0,0.0,0.0
"13445",0.0,0.0,0.0
"13449",0.0,0.0,0.0
"13452",0.0,0.0,0.0
"13454",0.0,0.0,0.0
"13459",0.0,0.0,0.0
"13460",0.0,0.0,0.0
"13465",0.0,0.0,0.0
"13467",0.0,0.0,0.0
"13469",0.0,0.0,0.0
"13470",0.0,0.0,0.0
"13471",0.0,0.0,0.0
"13472",0.0,0.0,0.0
"13474",0.0,0.0,0.0
"13475",0.0,0.0,0.0
"13480",0.0,0.0,0.0
"13482",0.0,0.0,0.0
"13483",0.0,0.0,0.0
"13486",0.0,0.0,0.0
"13487",0.0,0.0,0.0
"13489",0.0,0.0,0.0
"13490",0.0,0.0,0.0
"13491",0.0,0.0,0.0
"13492",0.0,0.0,0.0
"13493",0.0,0.0,0.0
"13494",0.0,0.0,0.0
"13498",0.0,0.0,0.0
"13504",0.0,0.0,0.0
"13507",0.0,0.0,0.0
"13508",0.0,0.0,0.0
"13509",0.0,0.0,0.0
"13512",0.0,0.0,0.0
"13514",0.0,0.0,0.0
"13515",0.0,0.0,0.0
"13516",0.0,0.0,0.0
"13518",0.0,0.0,0.0
"13521",0.0,0.0,0.0
"13522",0.0,0.0,0.0
"13524",0.0,0.0,0.0
"13525",0.0,0.0,0.0
"13529",0.0,0.0,0.0
"13530",0.0,0.0,0.0
"13531",0.0,0.0,0.0
"13532",0.0,0.0,0.0
"13533",0.0,0.0,0.0
"13535",0.0,0.0,0.0
"13536",0.0,0.0,0.0
"13537",0.0,0.0,0.0
"13538",0.0,0.0,0.0
"13540",0.0,0.0,0.0
"13543",0.0,0.0,0.0
"13546",0.0,0.0,0.0
"13547",0.0,0.0,0.0
"13548",0.0,0.0,0.0
"13550",0.0,0.0,0.0
"13551",0.0,0.0,0.0
"13553",0.0,0.0,0.0
"13556",0.0,0.0,0.0
"13558",0.0,0.0,0.0
"13559",0.0,0.0,0.0
"13560",0.0,0.0,0.0
"13561",0.0,0.0,0.0
"13562",0.0,0.0,0.0
"13563",0.0,0.0,0.0
"13565",0.0,0.0,0.0
"13566",0.0,0.0,0.0
"13568",0.0,0.0,0.0
"13569",0.0,0.0,0.0
"13570",0.0,0.0,0.0
"13571",0.0,0.0,0.0
"13572",0.0,0.0,0.0
"13573",0.0,0.0,0.0
"13574",0.0,0.0,0.0
"13575",0.0,0.0,0.0
"13578",0.0,0.0,0.0
"13580",0.0,0.0,0.0
"13581",0.0,0.0,0.0
"13582",0.0,0.0,0.0
"13583",0.0,0.0,0.0
"13586",0.0,0.0,0.0
"13589",0.0,0.0,0.0
"13592",0.0,0.0,0.0
"13595",0.0,0.0,0.0
"13596",0.0,0.0,0.0
"13600",0.0,0.0,0.0
"13601",0.0,0.0,0.0
"13602",0.0,0.0,0.0
"13603",0.0,0.0,0.0
"13605",0.0,0.0,0.0
"13606",0.0,0.0,0.0
"13608",0.0,0.0,0.0
"13609",0.0,0.0,0.0
"13613",0.0,0.0,0.0
"13614",0.0,0.0,0.0
"13616",0.0,0.0,0.0
"13618",0.0,0.0,0.0
"13619",0.0,0.0,0.0
"13620",0.0,0.0,0.0
"13621",0.0,0.0,0.0
"13625",0.0,0.0,0.0
"13628",0.0,0.0,0.0
"13629",0.0,0.0,0.0
"13631",8.3,8.3,0.0
"13637",0.0,0.0,0.0
"13638",0.0,0.0,0.0
"13639",0.0,0.0,0.0
"13640",0.0,0.0,0.0
"13645",0.0,0.0,0.0
"13649",0.0,0.0,0.0
"13652",0.0,0.0,0.0
"13653",0.0,0.0,0.0
"13654",0.0,0.0,0.0
"13657",0.0,0.0,0.0
"13661",0.0,0.0,0.0
"13665",0.0,0.0,0.0
"13666",0.0,0.0,0.0
"13667",0.0,0.0,0.0
"13669",0.0,0.0,0.0
"13670",0.0,0.0,0.0
"13671",0.0,0.0,0.0
"13673",0.0,0.0,0.0
"13675",0.0,0.0,0.0
"13677",0.0,0.0,0.0
"13678",0.0,0.0,0.0
"13679",0.0,0.0,0.0
"13681",0.0,0.0,0.0
"13682",0.0,0.0,0.0
"13683",0.0,0.0,0.0
"13685",0.0,0.0,0.0
"13686",0.0,0.0,0.0
"13687",0.0,0.0,0.0
"13688",0.0,0.0,0.0
"13689",0.0,0.0,0.0
"13690",0.0,0.0,0.0
"13691",0.0,0.0,0.0
"13695",0.0,0.0,0.0
"13697",0.0,0.0,0.0
"13698",0.0,0.0,0.0
"13702",0.0,0.0,0.0
"13705",0.0,0.0,0.0
"13706",0.0,0.0,0.0
"13707",0.0,0.0,0.0
"13708",0.0,0.0,0.0
"13710",0.0,0.0,0.0
"13712",0.0,0.0,0.0
"13713",0.0,0.0,0.0
"13714",0.0,0.0,0.0
"13716",0.0,0.0,0.0
"13718",0.0,0.0,0.0
"13719",0.0,0.0,0.0
"13720",0.0,0.0,0.0
"13721",0.0,0.0,0.0
"13723",0.0,0.0,0.0
"13724",0.0,0.0,0.0
"13726",0.0,0.0,0.0
"13728",0.0,0.0,0.0
"13730",0.0,0.0,0.0
"13731",0.0,0.0,0.0
"13732",0.0,0.0,0.0
"13737",0.0,0.0,0.0
"13738",0.0,0.0,0.0
"13739",0.0,0.0,0.0
"13740",0.0,0.0,0.0
"13744",0.0,0.0,0.0
"13746",0.0,0.0,0.0
"13747",0.0,0.0,0.0
"13748",0.0,0.0,0.0
"13749",100.0,100.0,0.0
"13751",0.0,0.0,0.0
"13752",0.0,0.0,0.0
"13753",0.0,0.0,0.0
"13754",0.0,0.0,0.0
"13757",0.0,0.0,0.0
"13759",0.0,0.0,0.0
"13761",0.0,0.0,0.0
"13762",16.7,16.7,0.0
"13764",0.0,0.0,0.0
"13765",0.0,0.0,0.0
"13766",0.0,0.0,0.0
"13770",0.0,0.0,0.0
"13773",0.0,0.0,0.0
"13774",0.0,0.0,0.0
"13775",0.0,0.0,0.0
"13779",0.0,0.0,0.0
"13780",0.0,0.0,0.0
"13783",0.0,0.0,0.0
"13785",0.0,0.0,0.0
"13788",0.0,0.0,0.0
"13789",0.0,0.0,0.0
"13790",0.0,0.0,0.0
"13792",0.0,0.0,0.0
"13793",0.0,0.0,0.0
"13794",0.0,0.0,0.0
"13795",0.0,0.0,0.0
"13796",0.0,0.0,0.0
"13800",0.0,0.0,0.0
"13801",0.0,0.0,0.0
"13804",0.0,0.0,0.0
"13805",0.0,0.0,0.0
"13806",0.0,0.0,0.0
"13808",0.0,0.0,0.0
"13809",0.0,0.0,0.0
"13810",0.0,0.0,0.0
"13811",0.0,0.0,0.0
"13812",0.0,0.0,0.0
"13817",0.0,0.0,0.0
"13818",0.0,0.0,0.0
"13822",0.0,0.0,0.0
"13825",0.0,0.0,0.0
"13827",0.0,0.0,0.0
"13828",0.0,0.0,0.0
"13829",50.0,50.0,0.0
"13833",0.0,0.0,0.0
"13837",0.0,0.0,0.0
"13838",0.0,0.0,0.0
"13839",0.0,0.0,0.0
"13840",0.0,0.0,0.0
"13841",0.0,0.0,0.0
"13843",0.0,0.0,0.0
"13844",0.0,0.0,0.0
"13845",0.0,0.0,0.0
"13847",0.0,0.0,0.0
"13848",0.0,0.0,0.0
"13858",0.0,0.0,0.0
"13859",0.0,0.0,0.0
"13864",0.0,0.0,0.0
"13865",0.0,0.0,0.0
"13866",0.0,0.0,0.0
"13867",0.0,0.0,0.0
"13868",0.0,0.0,0.0
"13869",0.0,0.0,0.0
"13875",0.0,0.0,0.0
"13876",0.0,0.0,0.0
"13878",0.0,0.0,0.0
"13879",0.0,0.0,0.0
"13880",0.0,0.0,0.0
"13885",0.0,0.0,0.0
"13886",0.0,0.0,0.0
"13887",0.0,0.0,0.0
"13888",0.0,0.0,0.0
"13891",0.0,0.0,0.0
"13892",0.0,0.0,0.0
"13893",0.0,0.0,0.0
"13896",0.0,0.0,0.0
"13897",0.0,0.0,0.0
"13898",0.0,0.0,0.0
"13899",0.0,0.0,0.0
"13903",0.0,0.0,0.0
"13904",0.0,0.0,0.0
"13906",0.0,0.0,0.0
"13907",0.0,0.0,0.0
"13909",0.0,0.0,0.0
"13912",0.0,0.0,0.0
"13913",0.0,0.0,0.0
"13915",50.0,50.0,0.0
"13917",0.0,0.0,0.0
"13918",0.0,0.0,0.0
"13923",0.0,0.0,0.0
"13926",0.0,0.0,0.0
"13928",0.0,0.0,0.0
"13930",0.0,0.0,0.0
"13932",0.0,0.0,0.0
"13933",0.0,0.0,0.0
"13934",0.0,0.0,0.0
"13935",0.0,0.0,0.0
"13938",0.0,0.0,0.0
"13940",0.0,0.0,0.0
"13942",0.0,0.0,0.0
"13943",0.0,0.0,0.0
"13944",0.0,0.0,0.0
"13945",0.0,0.0,0.0
"13947",0.0,0.0,0.0
"13949",0.0,0.0,0.0
"13951",0.0,0.0,0.0
"13953",0.0,0.0,0.0
"13955",0.0,0.0,0.0
"13956",0.0,0.0,0.0
"13957",0.0,0.0,0.0
"13959",0.0,0.0,0.0
"13960",0.0,0.0,0.0
"13962",0.0,0.0,0.0
"13966",0.0,0.0,0.0
"13967",0.0,0.0,0.0
"13968",0.0,0.0,0.0
"13970",0.0,0.0,0.0
"13972",0.0,0.0,0.0
"13973",0.0,0.0,0.0
"13976",0.0,0.0,0.0
"13977",0.0,0.0,0.0
"13978",0.0,0.0,0.0
"13986",0.0,0.0,0.0
"13987",0.0,0.0,0.0
"13989",0.0,0.0,0.0
"13990",0.0,0.0,0.0
"13992",0.0,0.0,0.0
"13994",0.0,0.0,0.0
"13996",0.0,0.0,0.0
"13997",0.0,0.0,0.0
"13998",0.0,0.0,0.0
"14001",0.0,0.0,0.0
"14002",0.0,0.0,0.0
"14003",0.0,0.0,0.0
"14004",0.0,0.0,0.0
"14005",0.0,0.0,0.0
"14006",0.0,0.0,0.0
"14007",0.0,0.0,0.0
"14012",0.0,0.0,0.0
"14014",0.0,0.0,0.0
"14015",0.0,0.0,0.0
"14017",0.0,0.0,0.0
"14018",0.0,0.0,0.0
"14021",0.0,0.0,0.0
"14022",0.0,0.0,0.0
"14023",0.0,0.0,0.0
"14024",0.0,0.0,0.0
"14026",0.0,0.0,0.0
"14027",0.0,0.0,0.0
"14028",25.0,25.0,0.0
"14029",0.0,0.0,0.0
"14033",0.0,0.0,0.0
"14036",0.0,0.0,0.0
"14039",0.0,0.0,0.0
"14041",0.0,0.0,0.0
"14042",0.0,0.0,0.0
"14046",0.0,0.0,0.0
"14050",0.0,0.0,0.0
"14052",0.0,0.0,0.0
"14053",0.0,0.0,0.0
"14054",0.0,0.0,0.0
"14055",0.0,0.0,0.0
"14058",0.0,0.0,0.0
"14059",0.0,0.0,0.0
"14061",0.0,0.0,0.0
"14063",0.0,0.0,0.0
"14066",0.0,0.0,0.0
"14067",0.0,0.0,0.0
"14069",0.0,0.0,0.0
"14070",0.0,0.0,0.0
"14072",0.0,0.0,0.0
"14074",0.0,0.0,0.0
"14075",0.0,0.0,0.0
"14076",0.0,0.0,0.0
"14077",0.0,0.0,0.0
"14078",0.0,0.0,0.0
"14079",0.0,0.0,0.0
"14082",0.0,0.0,0.0
"14083",0.0,0.0,0.0
"14084",0.0,0.0,0.0
"14086",0.0,0.0,0.0
"14089",0.0,0.0,0.0
"14090",0.0,0.0,0.0
"14091",0.0,0.0,0.0
"14093",0.0,0.0,0.0
"14095",0.0,0.0,0.0
"14096",0.0,0.0,0.0
"14097",0.0,0.0,0.0
"14098",0.0,0.0,0.0
"14100",0.0,0.0,0.0
"14104",0.0,0.0,0.0
"14106",0.0,0.0,0.0
"14114",0.0,0.0,0.0
"14115",0.0,0.0,0.0
"14116",0.0,0.0,0.0
"14117",0.0,0.0,0.0
"14118",0.0,0.0,0.0
"14120",100.0,100.0,0.0
"14123",0.0,0.0,0.0
"14124",0.0,0.0,0.0
"14125",0.0,0.0,0.0
"14127",0.0,0.0,0.0
"14129",0.0,0.0,0.0
"14130",0.0,0.0,0.0
"14131",0.0,0.0,0.0
"14134",0.0,0.0,0.0
"14138",0.0,0.0,0.0
"14139",0.0,0.0,0.0
"14143",0.0,0.0,0.0
"14144",0.0,0.0,0.0
"14148",0.0,0.0,0.0
"14150",0.0,0.0,0.0
"14153",0.0,0.0,0.0
"14155",0.0,0.0,0.0
"14158",0.0,0.0,0.0
"14160",0.0,0.0,0.0
"14161",0.0,0.0,0.0
"14162",0.0,0.0,0.0
"14163",0.0,0.0,0.0
"14164",0.0,0.0,0.0
"14165",0.0,0.0,0.0
"14166",0.0,0.0,0.0
"14167",0.0,0.0,0.0
"14169",0.0,0.0,0.0
"14170",0.0,0.0,0.0
"14171",0.0,0.0,0.0
"14174",0.0,0.0,0.0
"14178",0.0,0.0,0.0
"14179",0.0,0.0,0.0
"14181",0.0,0.0,0.0
"14183",0.0,0.0,0.0
"14184",0.0,0.0,0.0
"14185",0.0,0.0,0.0
"14186",0.0,0.0,0.0
"14187",0.0,0.0,0.0
"14190",0.0,0.0,0.0
"14192",0.0,0.0,0.0
"14193",0.0,0.0,0.0
"14196",0.0,0.0,0.0
"14197",0.0,0.0,0.0
"14200",0.0,0.0,0.0
"14202",0.0,0.0,0.0
"14203",0.0,0.0,0.0
"14204",0.0,0.0,0.0
"14207",0.0,0.0,0.0
"14208",0.0,0.0,0.0
"14212",0.0,0.0,0.0
"14213",50.0,50.0,0.0
"14218",0.0,0.0,0.0
"14219",0.0,0.0,0.0
"14220",0.0,0.0,0.0
"14222",0.0,0.0,0.0
"14224",0.0,0.0,0.0
"14228",0.0,0.0,0.0
"14230",0.0,0.0,0.0
"14234",0.0,0.0,0.0
"14238",0.0,0.0,0.0
"14240",0.0,0.0,0.0
"14241",0.0,0.0,0.0
"14242",0.0,0.0,0.0
"14246",0.0,0.0,0.0
"14248",0.0,0.0,0.0
"14249",0.0,0.0,0.0
"14250",0.0,0.0,0.0
"14251",0.0,0.0,0.0
"14252",0.0,0.0,0.0
"14253",0.0,0.0,0.0
"14254",0.0,0.0,0.0
"14259",0.0,0.0,0.0
"14260",0.0,0.0,0.0
"14261",0.0,0.0,0.0
"14262",0.0,0.0,0.0
"14263",0.0,0.0,0.0
"14265",0.0,0.0,0.0
"14266",0.0,0.0,0.0
"14268",0.0,0.0,0.0
"14270",0.0,0.0,0.0
"14271",0.0,0.0,0.0
"14272",0.0,0.0,0.0
"14273",0.0,0.0,0.0
"14274",0.0,0.0,0.0
"14275",0.0,0.0,0.0
"14278",0.0,0.0,0.0
"14279",0.0,0.0,0.0
"14280",0.0,0.0,0.0
"14281",0.0,0.0,0.0
"14283",0.0,0.0,0.0
"14285",0.0,0.0,0.0
"14289",0.0,0.0,0.0
"14294",0.0,0.0,0.0
"14300",0.0,0.0,0.0
"14302",0.0,0.0,0.0
"14303",0.0,0.0,0.0
"14310",0.0,0.0,0.0
"14312",0.0,0.0,0.0
"14317",0.0,0.0,0.0
"14318",0.0,0.0,0.0
"14324",0.0,0.0,0.0
"14325",0.0,0.0,0.0
"14327",0.0,0.0,0.0
"14330",0.0,0.0,0.0
"14331",0.0,0.0,0.0
"14332",0.0,0.0,0.0
"14335",0.0,0.0,0.0
"14336",0.0,0.0,0.0
"14337",100.0,100.0,0.0
"14340",0.0,0.0,0.0
"14343",0.0,0.0,0.0
"14344",0.0,0.0,0.0
"14345",0.0,0.0,0.0
"14346",0.0,0.0,0.0
"14347",0.0,0.0,0.0
"14348",0.0,0.0,0.0
"14349",0.0,0.0,0.0
"14351",0.0,0.0,0.0
"14352",0.0,0.0,0.0
"14353",0.0,0.0,0.0
"14354",0.0,0.0,0.0
"14355",0.0,0.0,0.0
"14357",0.0,0.0,0.0
"14358",0.0,0.0,0.0
"14360",0.0,0.0,0.0
"14361",0.0,0.0,0.0
"14362",0.0,0.0,0.0
"14363",0.0,0.0,0.0
"14364",0.0,0.0,0.0
"14365",0.0,0.0,0.0
"14366",0.0,0.0,0.0
"14368",0.0,0.0,0.0
"14369",0.0,0.0,0.0
"14371",0.0,0.0,0.0
"14373",0.0,0.0,0.0
"14374",0.0,0.0,0.0
"14375",0.0,0.0,0.0
"14376",0.0,0.0,0.0
"14377",0.0,0.0,0.0
"14378",0.0,0.0,0.0
"14379",0.0,0.0,0.0
"14381",0.0,0.0,0.0
"14383",0.0,0.0,0.0
"14384",0.0,0.0,0.0
"14385",0.0,0.0,0.0
"14386",0.0,0.0,0.0
"14387",0.0,0.0,0.0
"14391",0.0,0.0,0.0
"14392",0.0,0.0,0.0
"14393",0.0,0.0,0.0
"14394",0.0,0.0,0.0
"14396",0.0,0.0,0.0
"14398",0.0,0.0,0.0
"14402",0.0,0.0,0.0
"14405",0.0,0.0,0.0
"14406",0.0,0.0,0.0
"14408",0.0,0.0,0.0
"14411",0.0,0.0,0.0
"14413",0.0,0.0,0.0
"14416",0.0,0.0,0.0
"14417",0.0,0.0,0.0
"14418",0.0,0.0,0.0
"14419",0.0,0.0,0.0
"14424",0.0,0.0,0.0
"14427",0.0,0.0,0.0
"14429",0.0,0.0,0.0
"14432",0.0,0.0,0.0
"14433",0.0,0.0,0.0
"14434",0.0,0.0,0.0
"14435",0.0,0.0,0.0
"14436",0.0,0.0,0.0
"14438",0.0,0.0,0.0
"14439",0.0,0.0,0.0
"14444",0.0,0.0,0.0
"14445",0.0,0.0,0.0
"14446",0.0,0.0,0.0
"14447",0.0,0.0,0.0
"14448",0.0,0.0,0.0
"14449",0.0,0.0,0.0
"14450",0.0,0.0,0.0
"14452",0.0,0.0,0.0
"14453",0.0,0.0,0.0
"14457",0.0,0.0,0.0
"14458",0.0,0.0,0.0
"14459",0.0,0.0,0.0
"14463",0.0,0.0,0.0
"14464",0.0,0.0,0.0
"14465",0.0,0.0,0.0
"14466",0.0,0.0,0.0
"14467",0.0,0.0,0.0
"14468",0.0,0.0,0.0
"14469",0.0,0.0,0.0
"14470",0.0,0.0,0.0
"14471",0.0,0.0,0.0
"14472",0.0,0.0,0.0
"14473",0.0,0.0,0.0
"14476",0.0,0.0,0.0
"14478",0.0,0.0,0.0
"14479",0.0,0.0,0.0
"14481",0.0,0.0,0.0
"14484",0.0,0.0,0.0
"14485",0.0,0.0,0.0
"14486",0.0,0.0,0.0
"14489",0.0,0.0,0.0
"14490",0.0,0.0,0.0
"14491",0.0,0.0,0.0
"14494",0.0,0.0,0.0
"14498",0.0,0.0,0.0
"14500",0.0,0.0,0.0
"14503",0.0,0.0,0.0
"14504",0.0,0.0,0.0
"14506",0.0,0.0,0.0
"14509",0.0,0.0,0.0
"14512",0.0,0.0,0.0
"14516",0.0,0.0,0.0
"14517",0.0,0.0,0.0
"14518",0.0,0.0,0.0
"14519",0.0,0.0,0.0
"14520",0.0,0.0,0.0
"14522",0.0,0.0,0.0
"14523",0.0,0.0,0.0
"14524",0.0,0.0,0.0
"14526",0.0,0.0,0.0
"14528",0.0,0.0,0.0
"14529",0.0,0.0,0.0
"14531",0.0,0.0,0.0
"14536",0.0,0.0,0.0
"14538",0.0,0.0,0.0
"14539",0.0,0.0,0.0
"14541",0.0,0.0,0.0
"14542",0.0,0.0,0.0
"14544",0.0,0.0,0.0
"14545",0.0,0.0,0.0
"14548",0.0,0.0,0.0
"14549",0.0,0.0,0.0
"14550",0.0,0.0,0.0
"14552",0.0,0.0,0.0
"14554",0.0,0.0,0.0
"14556",0.0,0.0,0.0
"14557",50.0,50.0,0.0
"14559",0.0,0.0,0.0
"14561",0.0,0.0,0.0
"14563",0.0,0.0,0.0
"14566",0.0,0.0,0.0
"14569",0.0,0.0,0.0
"14570",0.0,0.0,0.0
"14571",0.0,0.0,0.0
"14574",0.0,0.0,0.0
"14575",0.0,0.0,0.0
"14576",0.0,0.0,0.0
"14577",0.0,0.0,0.0
"14578",0.0,0.0,0.0
"14579",0.0,0.0,0.0
"14580",0.0,0.0,0.0
"14581",0.0,0.0,0.0
"14582",0.0,0.0,0.0
"14583",0.0,0.0,0.0
"14585",0.0,0.0,0.0
"14588",0.0,0.0,0.0
"14589",0.0,0.0,0.0
"14591",0.0,0.0,0.0
"14592",0.0,0.0,0.0
"14594",0.0,0.0,0.0
"14595",0.0,0.0,0.0
"14596",0.0,0.0,0.0
"14597",0.0,0.0,0.0
"14599",0.0,0.0,0.0
"14600",0.0,0.0,0.0
"14601",0.0,0.0,0.0
"14602",0.0,0.0,0.0
"14603",0.0,0.0,0.0
"14604",0.0,0.0,0.0
"14605",0.0,0.0,0.0
"14610",0.0,0.0,0.0
"14612",0.0,0.0,0.0
"14613",0.0,0.0,0.0
"14614",0.0,0.0,0.0
"14616",0.0,0.0,0.0
"14617",0.0,0.0,0.0
"14622",0.0,0.0,0.0
"14624",0.0,0.0,0.0
"14628",0.0,0.0,0.0
"14630",0.0,0.0,0.0
"14632",0.0,0.0,0.0
"14633",0.0,0.0,0.0
"14635",0.0,0.0,0.0
"14636",0.0,0.0,0.0
"14637",0.0,0.0,0.0
"14638",0.0,0.0,0.0
"14641",0.0,0.0,0.0
"14642",0.0,0.0,0.0
"14647",0.0,0.0,0.0
"14650",0.0,0.0,0.0
"14651",0.0,0.0,0.0
"14652",0.0,0.0,0.0
"14653",0.0,0.0,0.0
"14654",0.0,0.0,0.0
"14656",0.0,0.0,0.0
"14658",0.0,0.0,0.0
"14660",0.0,0.0,0.0
"14661",0.0,0.0,0.0
"14662",0.0,0.0,0.0
"14663",0.0,0.0,0.0
"14664",0.0,0.0,0.0
"14666",0.0,0.0,0.0
"14668",0.0,0.0,0.0
"14669",0.0,0.0,0.0
"14670",0.0,0.0,0.0
"14671",0.0,0.0,0.0
"14672",0.0,0.0,0.0
"14673",0.0,0.0,0.0
"14674",0.0,0.0,0.0
"14675",0.0,0.0,0.0
"14677",0.0,0.0,0.0
"14681",0.0,0.0,0.0
"14682",0.0,0.0,0.0
"14683",0.0,0.0,0.0
"14684",0.0,0.0,0.0
"14687",0.0,0.0,0.0
"14689",0.0,0.0,0.0
"14691",0.0,0.0,0.0
"14694",0.0,0.0,0.0
"14697",0.0,0.0,0.0
"14698",0.0,0.0,0.0
"14699",0.0,0.0,0.0
"14700",0.0,0.0,0.0
"14703",0.0,0.0,0.0
"14704",0.0,0.0,0.0
"14705",0.0,0.0,0.0
"14706",0.0,0.0,0.0
"14707",0.0,0.0,0.0
"14710",0.0,0.0,0.0
"14712",0.0,0.0,0.0
"14715",0.0,0.0,0.0
"14716",0.0,0.0,0.0
"14718",0.0,0.0,0.0
"14720",0.0,0.0,0.0
"14721",0.0,0.0,0.0
"14722",0.0,0.0,0.0
"14723",0.0,0.0,0.0
"14724",0.0,0.0,0.0
"14726",0.0,0.0,0.0
"14728",0.0,0.0,0.0
"14729",0.0,0.0,0.0
"14730",0.0,0.0,0.0
"14731",0.0,0.0,0.0
"14736",0.0,0.0,0.0
"14737",0.0,0.0,0.0
"14741",0.0,0.0,0.0
"14742",0.0,0.0,0.0
"14743",0.0,0.0,0.0
"14746",0.0,0.0,0.0
"14749",0.0,0.0,0.0
"14750",0.0,0.0,0.0
"14751",0.0,0.0,0.0
"14752",0.0,0.0,0.0
"14753",0.0,0.0,0.0
"14757",0.0,0.0,0.0
"14758",0.0,0.0,0.0
"14759",0.0,0.0,0.0
"14761",0.0,0.0,0.0
"14762",0.0,0.0,0.0
"14763",100.0,100.0,0.0
"14765",0.0,0.0,0.0
"14767",0.0,0.0,0.0
"14772",0.0,0.0,0.0
"14774",0.0,0.0,0.0
"14775",0.0,0.0,0.0
"14778",0.0,0.0,0.0
"14779",0.0,0.0,0.0
"14780",0.0,0.0,0.0
"14782",0.0,0.0,0.0
"14784",0.0,0.0,0.0
"14785",0.0,0.0,0.0
"14786",0.0,0.0,0.0
"14787",0.0,0.0,0.0
"14788",0.0,0.0,0.0
"14789",0.0,0.0,0.0
"14790",0.0,0.0,0.0
"14791",0.0,0.0,0.0
"14792",50.0,50.0,0.0
"14795",0.0,0.0,0.0
"14797",0.0,0.0,0.0
"14799",0.0,0.0,0.0
"14801",0.0,0.0,0.0
"14803",0.0,0.0,0.0
"14804",0.0,0.0,0.0
"14805",0.0,0.0,0.0
"14806",0.0,0.0,0.0
"14807",0.0,0.0,0.0
"14809",0.0,0.0,0.0
"14810",0.0,0.0,0.0
"14811",0.0,0.0,0.0
"14812",0.0,0.0,0.0
"14813",0.0,0.0,0.0
"14814",0.0,0.0,0.0
"14815",0.0,0.0,0.0
"14816",0.0,0.0,0.0
"14818",0.0,0.0,0.0
"14819",0.0,0.0,0.0
"14820",0.0,0.0,0.0
"14821",0.0,0.0,0.0
"14822",0.0,0.0,0.0
"14823",0.0,0.0,0.0
"14826",0.0,0.0,0.0
"14830",0.0,0.0,0.0
"14833",0.0,0.0,0.0
"14835",33.3,33.3,0.0
"14836",0.0,0.0,0.0
"14838",0.0,0.0,0.0
"14839",0.0,0.0,0.0
"14841",0.0,0.0,0.0
"14843",0.0,0.0,0.0
"14845",0.0,0.0,0.0
"14848",0.0,0.0,0.0
"14851",0.0,0.0,0.0
"14855",0.0,0.0,0.0
"14856",0.0,0.0,0.0
"14858",0.0,0.0,0.0
"14862",0.0,0.0,0.0
"14863",0.0,0.0,0.0
"14864",100.0,100.0,0.0
"14865",0.0,0.0,0.0
"14871",0.0,0.0,0.0
"14873",0.0,0.0,0.0
"14874",0.0,0.0,0.0
"14876",0.0,0.0,0.0
"14877",0.0,0.0,0.0
"14879",0.0,0.0,0.0
"14880",0.0,0.0,0.0
"14881",0.0,0.0,0.0
"14884",0.0,0.0,0.0
"14886",0.0,0.0,0.0
"14887",0.0,0.0,0.0
"14888",0.0,0.0,0.0
"14889",0.0,0.0,0.0
"14890",0.0,0.0,0.0
"14891",0.0,0.0,0.0
"14892",0.0,0.0,0.0
"14899",0.0,0.0,0.0
"14900",0.0,0.0,0.0
"14904",0.0,0.0,0.0
"14908",0.0,0.0,0.0
"14913",0.0,0.0,0.0
"14914",100.0,100.0,0.0
"14917",0.0,0.0,0.0
"14918",0.0,0.0,0.0
"14919",0.0,0.0,0.0
"14920",0.0,0.0,0.0
"14921",0.0,0.0,0.0
"14922",0.0,0.0,0.0
"14923",0.0,0.0,0.0
"14924",0.0,0.0,0.0
"14925",100.0,100.0,0.0
"14927",0.0,0.0,0.0
"14929",0.0,0.0,0.0
"14931",0.0,0.0,0.0
"14932",0.0,0.0,0.0
"14933",20.0,20.0,0.0
"14935",0.0,0.0,0.0
"14940",0.0,0.0,0.0
"14941",0.0,0.0,0.0
"14942",0.0,0.0,0.0
"14943",0.0,0.0,0.0
"14945",0.0,0.0,0.0
"14946",0.0,0.0,0.0
"14947",0.0,0.0,0.0
"14951",0.0,0.0,0.0
"14954",0.0,0.0,0.0
"14955",0.0,0.0,0.0
"14956",0.0,0.0,0.0
"14957",0.0,0.0,0.0
"14958",0.0,0.0,0.0
"14960",0.0,0.0,0.0
"14962",0.0,0.0,0.0
"14964",0.0,0.0,0.0
"14965",0.0,0.0,0.0
"14966",0.0,0.0,0.0
"14967",0.0,0.0,0.0
"14968",0.0,0.0,0.0
"14969",0.0,0.0,0.0
"14971",0.0,0.0,0.0
"14972",0.0,0.0,0.0
"14973",0.0,0.0,0.0
"14974",0.0,0.0,0.0
"14975",0.0,0.0,0.0
"14977",0.0,0.0,0.0
"14979",0.0,0.0,0.0
"14980",0.0,0.0,0.0
"14982",0.0,0.0,0.0
"14983",0.0,0.0,0.0
"14984",0.0,0.0,0.0
"14985",0.0,0.0,0.0
"14986",0.0,0.0,0.0
"14988",0.0,0.0,0.0
"14989",0.0,0.0,0.0
"14990",0.0,0.0,0.0
"14991",0.0,0.0,0.0
"14992",0.0,0.0,0.0
"14993",0.0,0.0,0.0
"14995",0.0,0.0,0.0
"14996",0.0,0.0,0.0
"14998",0.0,0.0,0.0
"14999",0.0,0.0,0.0
"15000",0.0,0.0,0.0
"15001",0.0,0.0,0.0
"15002",0.0,0.0,0.0
"15004",0.0,0.0,0.0
"15006",0.0,0.0,0.0
"15007",0.0,0.0,0.0
"15008",0.0,0.0,0.0
"15009",0.0,0.0,0.0
"15010",0.0,0.0,0.0
"15011",0.0,0.0,0.0
"15012",0.0,0.0,0.0
"15013",0.0,0.0,0.0
"15014",0.0,0.0,0.0
"15017",0.0,0.0,0.0
"15019",0.0,0.0,0.0
"15020",0.0,0.0,0.0
"15022",0.0,0.0,0.0
"15024",0.0,0.0,0.0
"15025",0.0,0.0,0.0
"15026",0.0,0.0,0.0
"15028",0.0,0.0,0.0
"15035",0.0,0.0,0.0
"15036",0.0,0.0,0.0
"15037",0.0,0.0,0.0
"15040",0.0,0.0,0.0
"15041",0.0,0.0,0.0
"15042",0.0,0.0,0.0
"15043",0.0,0.0,0.0
"15047",0.0,0.0,0.0
"15049",0.0,0.0,0.0
"15052",0.0,0.0,0.0
"15053",0.0,0.0,0.0
"15054",0.0,0.0,0.0
"15055",0.0,0.0,0.0
"15056",0.0,0.0,0.0
"15060",0.0,0.0,0.0
"15062",0.0,0.0,0.0
"15063",0.0,0.0,0.0
"15064",0.0,0.0,0.0
"15068",0.0,0.0,0.0
"15069",0.0,0.0,0.0
"15070",0.0,0.0,0.0
"15071",0.0,0.0,0.0
"15072",0.0,0.0,0.0
"15074",0.0,0.0,0.0
"15075",0.0,0.0,0.0
"15080",0.0,0.0,0.0
"15082",0.0,0.0,0.0
"15083",0.0,0.0,0.0
"15084",0.0,0.0,0.0
"15085",0.0,0.0,0.0
"15086",0.0,0.0,0.0
"15087",0.0,0.0,0.0
"15089",0.0,0.0,0.0
"15090",0.0,0.0,0.0
"15094",0.0,0.0,0.0
"15096",0.0,0.0,0.0
"15098",25.0,25.0,0.0
"15099",0.0,0.0,0.0
"15102",0.0,0.0,0.0
"15103",0.0,0.0,0.0
"15105",0.0,0.0,0.0
"15111",0.0,0.0,0.0
"15112",0.0,0.0,0.0
"15114",0.0,0.0,0.0
"15116",0.0,0.0,0.0
"15118",0.0,0.0,0.0
"15119",0.0,0.0,0.0
"15121",0.0,0.0,0.0
"15123",0.0,0.0,0.0
"15124",0.0,0.0,0.0
"15126",0.0,0.0,0.0
"15127",0.0,0.0,0.0
"15129",0.0,0.0,0.0
"15130",0.0,0.0,0.0
"15131",0.0,0.0,0.0
"15132",0.0,0.0,0.0
"15133",0.0,0.0,0.0
"15134",0.0,0.0,0.0
"15139",0.0,0.0,0.0
"15143",0.0,0.0,0.0
"15145",0.0,0.0,0.0
"15148",0.0,0.0,0.0
"15149",0.0,0.0,0.0
"15151",0.0,0.0,0.0
"15153",0.0,0.0,0.0
"15155",0.0,0.0,0.0
"15156",0.0,0.0,0.0
"15160",0.0,0.0,0.0
"15161",0.0,0.0,0.0
"15163",0.0,0.0,0.0
"15165",0.0,0.0,0.0
"15166",0.0,0.0,0.0
"15167",0.0,0.0,0.0
"15168",0.0,0.0,0.0
"15169",0.0,0.0,0.0
"15170",0.0,0.0,0.0
"15172",0.0,0.0,0.0
"15174",0.0,0.0,0.0
"15175",0.0,0.0,0.0
"15177",0.0,0.0,0.0
"15178",0.0,0.0,0.0
"15180",0.0,0.0,0.0
"15184",0.0,0.0,0.0
"15185",0.0,0.0,0.0
"15186",0.0,0.0,0.0
"15188",0.0,0.0,0.0
"15190",0.0,0.0,0.0
"15191",0.0,0.0,0.0
"15192",0.0,0.0,0.0
"15193",0.0,0.0,0.0
"15195",0.0,0.0,0.0
"15196",0.0,0.0,0.0
"15199",0.0,0.0,0.0
"15200",0.0,0.0,0.0
"15203",0.0,0.0,0.0
"15204",0.0,0.0,0.0
"15205",0.0,0.0,0.0
"15206",0.0,0.0,0.0
"15209",0.0,0.0,0.0
"15210",0.0,0.0,0.0
"15211",0.0,0.0,0.0
"15214",0.0,0.0,0.0
"15216",0.0,0.0,0.0
"15217",0.0,0.0,0.0
"15219",0.0,0.0,0.0
"15225",0.0,0.0,0.0
"15226",0.0,0.0,0.0
"15227",0.0,0.0,0.0
"15229",0.0,0.0,0.0
"15230",0.0,0.0,0.0
"15232",0.0,0.0,0.0
"15233",0.0,0.0,0.0
"15234",0.0,0.0,0.0
"15235",0.0,0.0,0.0
"15236",0.0,0.0,0.0
"15237",0.0,0.0,0.0
"15242",0.0,0.0,0.0
"15243",0.0,0.0,0.0
"15245",0.0,0.0,0.0
"15246",0.0,0.0,0.0
"15250",0.0,0.0,0.0
"15256",0.0,0.0,0.0
"15258",0.0,0.0,0.0
"15259",0.0,0.0,0.0
"15261",0.0,0.0,0.0
"15262",0.0,0.0,0.0
"15263",0.0,0.0,0.0
"15265",0.0,0.0,0.0
"15266",0.0,0.0,0.0
"15267",0.0,0.0,0.0
"15269",0.0,0.0,0.0
"15272",0.0,0.0,0.0
"15273",0.0,0.0,0.0
"15274",0.0,0.0,0.0
"15277",0.0,0.0,0.0
"15278",0.0,0.0,0.0
"15280",0.0,0.0,0.0
"15282",0.0,0.0,0.0
"15284",0.0,0.0,0.0
"15285",0.0,0.0,0.0
"15286",0.0,0.0,0.0
"15288",0.0,0.0,0.0
"15292",0.0,0.0,0.0
"15293",0.0,0.0,0.0
"15295",0.0,0.0,0.0
"15300",0.0,0.0,0.0
"15305",0.0,0.0,0.0
"15307",0.0,0.0,0.0
"15310",0.0,0.0,0.0
"15313",0.0,0.0,0.0
"15316",0.0,0.0,0.0
"15318",0.0,0.0,0.0
"15319",0.0,0.0,0.0
"15320",0.0,0.0,0.0
"15324",0.0,0.0,0.0
"15327",0.0,0.0,0.0
"15328",0.0,0.0,0.0
"15330",0.0,0.0,0.0
"15332",0.0,0.0,0.0
"15333",0.0,0.0,0.0
"15334",0.0,0.0,0.0
"15335",0.0,0.0,0.0
"15336",0.0,0.0,0.0
"15338",0.0,0.0,0.0
"15340",0.0,0.0,0.0
"15343",0.0,0.0,0.0
"15348",0.0,0.0,0.0
"15349",0.0,0.0,0.0
"15350",0.0,0.0,0.0
"15352",0.0,0.0,0.0
"15355",0.0,0.0,0.0
"15356",0.0,0.0,0.0
"15360",0.0,0.0,0.0
"15361",0.0,0.0,0.0
"15362",0.0,0.0,0.0
"15364",0.0,0.0,0.0
"15366",0.0,0.0,0.0
"15368",0.0,0.0,0.0
"15371",0.0,0.0,0.0
"15374",0.0,0.0,0.0
"15375",0.0,0.0,0.0
"15376",0.0,0.0,0.0
"15378",0.0,0.0,0.0
"15385",0.0,0.0,0.0
"15386",0.0,0.0,0.0
"15387",0.0,0.0,0.0
"15388",0.0,0.0,0.0
"15389",0.0,0.0,0.0
"15390",0.0,0.0,0.0
"15393",0.0,0.0,0.0
"15395",0.0,0.0,0.0
"15396",0.0,0.0,0.0
"15397",0.0,0.0,0.0
"15399",0.0,0.0,0.0
"15401",0.0,0.0,0.0
"15403",0.0,0.0,0.0
"15404",0.0,0.0,0.0
"15405",0.0,0.0,0.0
"15407",0.0,0.0,0.0
"15408",0.0,0.0,0.0
"15410",0.0,0.0,0.0
"15412",0.0,0.0,0.0
"15413",0.0,0.0,0.0
"15414",0.0,0.0,0.0
"15415",0.0,0.0,0.0
"15417",0.0,0.0,0.0
"15418",0.0,0.0,0.0
"15419",0.0,0.0,0.0
"15420",0.0,0.0,0.0
"15421",0.0,0.0,0.0
"15424",0.0,0.0,0.0
"15425",0.0,0.0,0.0
"15427",0.0,0.0,0.0
"15428",0.0,0.0,0.0
"15431",0.0,0.0,0.0
"15435",0.0,0.0,0.0
"15436",0.0,0.0,0.0
"15437",0.0,0.0,0.0
"15438",0.0,0.0,0.0
"15439",0.0,0.0,0.0
"15440",0.0,0.0,0.0
"15441",0.0,0.0,0.0
"15442",0.0,0.0,0.0
"15444",0.0,0.0,0.0
"15445",0.0,0.0,0.0
"15448",0.0,0.0,0.0
"15450",0.0,0.0,0.0
"15451",0.0,0.0,0.0
"15452",0.0,0.0,0.0
"15453",0.0,0.0,0.0
"15454",0.0,0.0,0.0
"15455",0.0,0.0,0.0
"15456",0.0,0.0,0.0
"15457",0.0,0.0,0.0
"15458",0.0,0.0,0.0
"15459",0.0,0.0,0.0
"15460",0.0,0.0,0.0
"15462",0.0,0.0,0.0
"15463",0.0,0.0,0.0
"15464",0.0,0.0,0.0
"15466",0.0,0.0,0.0
"15470",0.0,0.0,0.0
"15471",0.0,0.0,0.0
"15472",0.0,0.0,0.0
"15474",0.0,0.0,0.0
"15475",0.0,0.0,0.0
"15477",0.0,0.0,0.0
"15478",0.0,0.0,0.0
"15479",0.0,0.0,0.0
"15480",0.0,0.0,0.0
"15481",0.0,0.0,0.0
"15483",0.0,0.0,0.0
"15486",0.0,0.0,0.0
"15487",0.0,0.0,0.0
"15488",0.0,0.0,0.0
"15492",0.0,0.0,0.0
"15494",0.0,0.0,0.0
"15495",0.0,0.0,0.0
"15496",0.0,0.0,0.0
"15499",0.0,0.0,0.0
"15500",0.0,0.0,0.0
"15501",0.0,0.0,0.0
"15503",0.0,0.0,0.0
"15506",0.0,0.0,0.0
"15507",0.0,0.0,0.0
"15508",0.0,0.0,0.0
"15509",0.0,0.0,0.0
"15510",0.0,0.0,0.0
"15511",0.0,0.0,0.0
"15512",0.0,0.0,0.0
"15515",0.0,0.0,0.0
"15516",0.0,0.0,0.0
"15517",0.0,0.0,0.0
"15519",0.0,0.0,0.0
"15520",0.0,0.0,0.0
"15522",0.0,0.0,0.0
"15524",0.0,0.0,0.0
"15526",0.0,0.0,0.0
"15528",0.0,0.0,0.0
"15530",0.0,0.0,0.0
"15531",0.0,0.0,0.0
"15534",0.0,0.0,0.0
"15536",0.0,0.0,0.0
"15537",0.0,0.0,0.0
"15539",0.0,0.0,0.0
"15540",0.0,0.0,0.0
"15541",0.0,0.0,0.0
"15543",0.0,0.0,0.0
"15545",0.0,0.0,0.0
"15546",33.3,33.3,0.0
"15548",0.0,0.0,0.0
"15552",0.0,0.0,0.0
"15553",0.0,0.0,0.0
"15554",0.0,0.0,0.0
"15556",0.0,0.0,0.0
"15557",0.0,0.0,0.0
"15559",0.0,0.0,0.0
"15560",0.0,0.0,0.0
"15562",0.0,0.0,0.0
"15564",0.0,0.0,0.0
"15565",0.0,0.0,0.0
"15566",0.0,0.0,0.0
"15567",0.0,0.0,0.0
"15568",0.0,0.0,0.0
"15569",0.0,0.0,0.0
"15571",0.0,0.0,0.0
"15572",0.0,0.0,0.0
"15573",0.0,0.0,0.0
"15575",0.0,0.0,0.0
"15576",0.0,0.0,0.0
"15577",0.0,0.0,0.0
"15578",0.0,0.0,0.0
"15582",0.0,0.0,0.0
"15583",0.0,0.0,0.0
"15585",0.0,0.0,0.0
"15587",0.0,0.0,0.0
"15588",0.0,0.0,0.0
"15590",0.0,0.0,0.0
"15591",0.0,0.0,0.0
"15592",0.0,0.0,0.0
"15593",0.0,0.0,0.0
"15595",0.0,0.0,0.0
"15599",0.0,0.0,0.0
"15604",0.0,0.0,0.0
"15608",0.0,0.0,0.0
"15610",0.0,0.0,0.0
"15612",0.0,0.0,0.0
"15613",0.0,0.0,0.0
"15616",0.0,0.0,0.0
"15617",0.0,0.0,0.0
"15619",0.0,0.0,0.0
"15623",0.0,0.0,0.0
"15624",0.0,0.0,0.0
"15627",0.0,0.0,0.0
"15629",0.0,0.0,0.0
"15631",0.0,0.0,0.0
"15634",0.0,0.0,0.0
"15635",0.0,0.0,0.0
"15636",0.0,0.0,0.0
"15637",0.0,0.0,0.0
"15641",0.0,0.0,0.0
"15642",0.0,0.0,0.0
"15644",0.0,0.0,0.0
"15647",0.0,0.0,0.0
"15649",0.0,0.0,0.0
"15651",0.0,0.0,0.0
"15653",0.0,0.0,0.0
"15654",0.0,0.0,0.0
"15656",0.0,0.0,0.0
"15657",0.0,0.0,0.0
"15659",0.0,0.0,0.0
"15661",0.0,0.0,0.0
"15662",0.0,0.0,0.0
"15663",0.0,0.0,0.0
"15665",0.0,0.0,0.0
"15666",0.0,0.0,0.0
"15667",0.0,0.0,0.0
"15668",0.0,0.0,0.0
"15672",0.0,0.0,0.0
"15675",0.0,0.0,0.0
"15677",0.0,0.0,0.0
"15678",0.0,0.0,0.0
"15679",0.0,0.0,0.0
"15683",0.0,0.0,0.0
"15685",0.0,0.0,0.0
"15686",0.0,0.0,0.0
"15688",0.0,0.0,0.0
"15689",0.0,0.0,0.0
"15690",0.0,0.0,0.0
"15692",0.0,0.0,0.0
"15693",0.0,0.0,0.0
"15695",0.0,0.0,0.0
"15697",0.0,0.0,0.0
"15698",0.0,0.0,0.0
"15699",0.0,0.0,0.0
"15701",0.0,0.0,0.0
"15702",0.0,0.0,0.0
"15703",0.0,0.0,0.0
"15705",0.0,0.0,0.0
"15707",0.0,0.0,0.0
"15709",0.0,0.0,0.0
"15710",0.0,0.0,0.0
"15711",0.0,0.0,0.0
"15714",0.0,0.0,0.0
"15715",0.0,0.0,0.0
"15716",0.0,0.0,0.0
"15717",0.0,0.0,0.0
"15718",0.0,0.0,0.0
"15720",0.0,0.0,0.0
"15721",0.0,0.0,0.0
"15723",0.0,0.0,0.0
"15725",0.0,0.0,0.0
"15726",0.0,0.0,0.0
"15727",0.0,0.0,0.0
"15731",0.0,0.0,0.0
"15733",0.0,0.0,0.0
"15734",0.0,0.0,0.0
"15735",0.0,0.0,0.0
"15739",0.0,0.0,0.0
"15740",0.0,0.0,0.0
"15741",0.0,0.0,0.0
"15742",0.0,0.0,0.0
"15743",0.0,0.0,0.0
"15744",0.0,0.0,0.0
"15748",0.0,0.0,0.0
"15753",0.0,0.0,0.0
"15756",0.0,0.0,0.0
"15757",0.0,0.0,0.0
"15758",0.0,0.0,0.0
"15761",0.0,0.0,0.0
"15762",0.0,0.0,0.0
"15765",0.0,0.0,0.0
"15767",100.0,100.0,0.0
"15770",0.0,0.0,0.0
"15771",0.0,0.0,0.0
"15772",0.0,0.0,0.0
"15773",0.0,0.0,0.0
"15774",0.0,0.0,0.0
"15775",0.0,0.0,0.0
"15776",0.0,0.0,0.0
"15778",0.0,0.0,0.0
"15779",0.0,0.0,0.0
"15780",0.0,0.0,0.0
"15783",0.0,0.0,0.0
"15784",0.0,0.0,0.0
"15787",0.0,0.0,0.0
"15790",0.0,0.0,0.0
"15792",0.0,0.0,0.0
"15794",0.0,0.0,0.0
"15795",0.0,0.0,0.0
"15797",0.0,0.0,0.0
"15798",0.0,0.0,0.0
"15799",0.0,0.0,0.0
"15800",0.0,0.0,0.0
"15803",0.0,0.0,0.0
"15806",0.0,0.0,0.0
"15813",0.0,0.0,0.0
"15815",0.0,0.0,0.0
"15817",0.0,0.0,0.0
"15818",0.0,0.0,0.0
"15820",0.0,0.0,0.0
"15821",0.0,0.0,0.0
"15824",0.0,0.0,0.0
"15825",0.0,0.0,0.0
"15828",0.0,0.0,0.0
"15829",0.0,0.0,0.0
"15832",0.0,0.0,0.0
"15833",0.0,0.0,0.0
"15835",0.0,0.0,0.0
"15837",0.0,0.0,0.0
"15843",0.0,0.0,0.0
"15844",0.0,0.0,0.0
"15846",0.0,0.0,0.0
"15847",0.0,0.0,0.0
"15848",0.0,0.0,0.0
"15850",0.0,0.0,0.0
"15851",0.0,0.0,0.0
"15852",0.0,0.0,0.0
"15853",0.0,0.0,0.0
"15854",0.0,0.0,0.0
"15855",0.0,0.0,0.0
"15857",0.0,0.0,0.0
"15859",0.0,0.0,0.0
"15860",0.0,0.0,0.0
"15862",0.0,0.0,0.0
"15863",0.0,0.0,0.0
"15865",0.0,0.0,0.0
"15866",0.0,0.0,0.0
"15868",0.0,0.0,0.0
"15869",0.0,0.0,0.0
"15870",0.0,0.0,0.0
"15871",0.0,0.0,0.0
"15872",0.0,0.0,0.0
"15875",0.0,0.0,0.0
"15876",0.0,0.0,0.0
"15878",0.0,0.0,0.0
"15879",0.0,0.0,0.0
"15883",0.0,0.0,0.0
"15884",0.0,0.0,0.0
"15886",0.0,0.0,0.0
"15887",0.0,0.0,0.0
"15890",0.0,0.0,0.0
"15891",0.0,0.0,0.0
"15892",0.0,0.0,0.0
"15893",0.0,0.0,0.0
"15894",0.0,0.0,0.0
"15895",0.0,0.0,0.0
"15897",0.0,0.0,0.0
"15899",0.0,0.0,0.0
"15901",0.0,0.0,0.0
"15902",0.0,0.0,0.0
"15904",0.0,0.0,0.0
"15905",0.0,0.0,0.0
"15907",0.0,0.0,0.0
"15908",0.0,0.0,0.0
"15909",0.0,0.0,0.0
"15910",0.0,0.0,0.0
"15911",0.0,0.0,0.0
"15912",0.0,0.0,0.0
"15913",0.0,0.0,0.0
"15914",0.0,0.0,0.0
"15915",0.0,0.0,0.0
"15917",0.0,0.0,0.0
"15918",0.0,0.0,0.0
"15919",0.0,0.0,0.0
"15920",0.0,0.0,0.0
"15921",0.0,0.0,0.0
"15923",0.0,0.0,0.0
"15924",0.0,0.0,0.0
"15925",0.0,0.0,0.0
"15926",0.0,0.0,0.0
"15927",0.0,0.0,0.0
"15928",0.0,0.0,0.0
"15929",0.0,0.0,0.0
"15930",0.0,0.0,0.0
"15931",0.0,0.0,0.0
"15933",0.0,0.0,0.0
"15934",0.0,0.0,0.0
"15936",0.0,0.0,0.0
"15937",0.0,0.0,0.0
"15938",0.0,0.0,0.0
"15940",50.0,50.0,0.0
"15942",0.0,0.0,0.0
"15943",0.0,0.0,0.0
"15944",0.0,0.0,0.0
"15945",0.0,0.0,0.0
"15946",0.0,0.0,0.0
"15947",0.0,0.0,0.0
"15948",0.0,0.0,0.0
"15949",0.0,0.0,0.0
"15952",0.0,0.0,0.0
"15954",0.0,0.0,0.0
"15956",0.0,0.0,0.0
"15957",0.0,0.0,0.0
"15958",0.0,0.0,0.0
"15959",0.0,0.0,0.0
"15961",0.0,0.0,0.0
"15962",0.0,0.0,0.0
"15963",0.0,0.0,0.0
"15964",0.0,0.0,0.0
"15968",0.0,0.0,0.0
"15970",0.0,0.0,0.0
"15972",0.0,0.0,0.0
"15975",0.0,0.0,0.0
"15976",0.0,0.0,0.0
"15977",0.0,0.0,0.0
"15979",0.0,0.0,0.0
"15982",0.0,0.0,0.0
"15983",0.0,0.0,0.0
"15986",0.0,0.0,0.0
"15987",0.0,0.0,0.0
"15988",0.0,0.0,0.0
"15989",0.0,0.0,0.0
"15990",0.0,0.0,0.0
"15991",0.0,0.0,0.0
"15992",0.0,0.0,0.0
"15995",0.0,0.0,0.0
"15997",100.0,100.0,0.0
"15999",0.0,0.0,0.0
"16000",0.0,0.0,0.0
"16002",0.0,0.0,0.0
"16003",0.0,0.0,0.0
"16004",0.0,0.0,0.0
"16006",0.0,0.0,0.0
"16007",0.0,0.0,0.0
"16008",0.0,0.0,0.0
"16009",0.0,0.0,0.0
"16012",0.0,0.0,0.0
"16017",0.0,0.0,0.0
"16018",0.0,0.0,0.0
"16020",0.0,0.0,0.0
"16021",0.0,0.0,0.0
"16022",0.0,0.0,0.0
"16023",0.0,0.0,0.0
"16024",0.0,0.0,0.0
"16025",0.0,0.0,0.0
"16026",0.0,0.0,0.0
"16028",0.0,0.0,0.0
"16030",0.0,0.0,0.0
"16031",0.0,0.0,0.0
"16032",0.0,0.0,0.0
"16035",0.0,0.0,0.0
"16036",0.0,0.0,0.0
"16041",0.0,0.0,0.0
"16043",0.0,0.0,0.0
"16044",0.0,0.0,0.0
"16046",0.0,0.0,0.0
"16049",0.0,0.0,0.0
"16050",0.0,0.0,0.0
"16051",0.0,0.0,0.0
"16052",0.0,0.0,0.0
"16055",0.0,0.0,0.0
"16056",0.0,0.0,0.0
"16058",0.0,0.0,0.0
"16059",0.0,0.0,0.0
"16060",0.0,0.0,0.0
"16062",0.0,0.0,0.0
"16063",0.0,0.0,0.0
"16064",0.0,0.0,0.0
"16066",0.0,0.0,0.0
"16068",0.0,0.0,0.0
"16069",0.0,0.0,0.0
"16070",0.0,0.0,0.0
"16071",0.0,0.0,0.0
"16072",0.0,0.0,0.0
"16073",50.0,50.0,0.0
"16074",0.0,0.0,0.0
"16078",0.0,0.0,0.0
"16079",0.0,0.0,0.0
"16081",0.0,0.0,0.0
"16082",0.0,0.0,0.0
"16083",0.0,0.0,0.0
"16084",0.0,0.0,0.0
"16087",0.0,0.0,0.0
"16088",0.0,0.0,0.0
"16089",0.0,0.0,0.0
"16090",0.0,0.0,0.0
"16091",0.0,0.0,0.0
"16093",0.0,0.0,0.0
"16095",0.0,0.0,0.0
"16096",0.0,0.0,0.0
"16097",0.0,0.0,0.0
"16098",0.0,0.0,0.0
"16100",0.0,0.0,0.0
"16102",0.0,0.0,0.0
"16105",0.0,0.0,0.0
"16106",0.0,0.0,0.0
"16107",0.0,0.0,0.0
"16110",0.0,0.0,0.0
"16111",0.0,0.0,0.0
"16112",0.0,0.0,0.0
"16113",0.0,0.0,0.0
"16114",0.0,0.0,0.0
"16115",0.0,0.0,0.0
"16119",0.0,0.0,0.0
"16122",0.0,0.0,0.0
"16123",0.0,0.0,0.0
"16125",0.0,0.0,0.0
"16126",0.0,0.0,0.0
"16127",0.0,0.0,0.0
"16129",0.0,0.0,0.0
"16130",0.0,0.0,0.0
"16132",0.0,0.0,0.0
"16135",0.0,0.0,0.0
"16137",0.0,0.0,0.0
"16139",0.0,0.0,0.0
"16141",0.0,0.0,0.0
"16142",0.0,0.0,0.0
"16144",0.0,0.0,0.0
"16146",0.0,0.0,0.0
"16149",0.0,0.0,0.0
"16152",0.0,0.0,0.0
"16162",0.0,0.0,0.0
"16165",0.0,0.0,0.0
"16169",0.0,0.0,0.0
"16171",0.0,0.0,0.0
"16172",0.0,0.0,0.0
"16174",0.0,0.0,0.0
"16175",0.0,0.0,0.0
"16178",0.0,0.0,0.0
"16179",0.0,0.0,0.0
"16181",0.0,0.0,0.0
"16182",0.0,0.0,0.0
"16183",0.0,0.0,0.0
"16185",0.0,0.0,0.0
"16189",0.0,0.0,0.0
"16190",0.0,0.0,0.0
"16192",0.0,0.0,0.0
"16193",0.0,0.0,0.0
"16194",0.0,0.0,0.0
"16195",0.0,0.0,0.0
"16196",0.0,0.0,0.0
"16197",0.0,0.0,0.0
"16198",0.0,0.0,0.0
"16199",0.0,0.0,0.0
"16205",0.0,0.0,0.0
"16207",0.0,0.0,0.0
"16208",0.0,0.0,0.0
"16209",0.0,0.0,0.0
"16213",0.0,0.0,0.0
"16214",0.0,0.0,0.0
"16215",0.0,0.0,0.0
"16216",0.0,0.0,0.0
"16219",0.0,0.0,0.0
"16220",100.0,100.0,0.0
"16222",0.0,0.0,0.0
"16223",0.0,0.0,0.0
"16224",0.0,0.0,0.0
"16226",0.0,0.0,0.0
"16230",0.0,0.0,0.0
"16231",0.0,0.0,0.0
"16236",0.0,0.0,0.0
"16237",0.0,0.0,0.0
"16238",0.0,0.0,0.0
"16241",0.0,0.0,0.0
"16243",0.0,0.0,0.0
"16244",0.0,0.0,0.0
"16246",0.0,0.0,0.0
"16247",0.0,0.0,0.0
"16248",0.0,0.0,0.0
"16249",0.0,0.0,0.0
"16250",0.0,0.0,0.0
"16251",0.0,0.0,0.0
"16252",50.0,50.0,0.0
"16253",0.0,0.0,0.0
"16254",0.0,0.0,0.0
"16257",0.0,0.0,0.0
"16259",0.0,0.0,0.0
"16260",0.0,0.0,0.0
"16261",0.0,0.0,0.0
"16263",0.0,0.0,0.0
"16264",0.0,0.0,0.0
"16266",0.0,0.0,0.0
"16267",0.0,0.0,0.0
"16268",0.0,0.0,0.0
"16270",0.0,0.0,0.0
"16272",0.0,0.0,0.0
"16273",0.0,0.0,0.0
"16274",0.0,0.0,0.0
"16275",0.0,0.0,0.0
"16276",0.0,0.0,0.0
"16277",0.0,0.0,0.0
"16280",0.0,0.0,0.0
"16282",0.0,0.0,0.0
"16284",0.0,0.0,0.0
"16285",0.0,0.0,0.0
"16287",0.0,0.0,0.0
"16288",0.0,0.0,0.0
"16290",0.0,0.0,0.0
"16294",0.0,0.0,0.0
"16295",0.0,0.0,0.0
"16300",0.0,0.0,0.0
"16301",0.0,0.0,0.0
"16304",0.0,0.0,0.0
"16305",0.0,0.0,0.0
"16307",0.0,0.0,0.0
"16308",0.0,0.0,0.0
"16310",0.0,0.0,0.0
"16311",0.0,0.0,0.0
"16312",0.0,0.0,0.0
"16313",0.0,0.0,0.0
"16314",0.0,0.0,0.0
"16315",0.0,0.0,0.0
"16318",0.0,0.0,0.0
"16319",0.0,0.0,0.0
"16322",0.0,0.0,0.0
"16323",0.0,0.0,0.0
"16324",0.0,0.0,0.0
"16328",0.0,0.0,0.0
"16329",0.0,0.0,0.0
"16331",0.0,0.0,0.0
"16333",0.0,0.0,0.0
"16334",0.0,0.0,0.0
"16336",0.0,0.0,0.0
"16337",0.0,0.0,0.0
"16338",0.0,0.0,0.0
"16339",0.0,0.0,0.0
"16340",0.0,0.0,0.0
"16342",0.0,0.0,0.0
"16343",0.0,0.0,0.0
"16344",0.0,0.0,0.0
"16345",0.0,0.0,0.0
"16346",0.0,0.0,0.0
"16348",0.0,0.0,0.0
"16349",0.0,0.0,0.0
"16352",0.0,0.0,0.0
"16354",0.0,0.0,0.0
"16357",0.0,0.0,0.0
"16361",0.0,0.0,0.0
"16363",0.0,0.0,0.0
"16364",0.0,0.0,0.0
"16366",0.0,0.0,0.0
"16367",0.0,0.0,0.0
"16368",0.0,0.0,0.0
"16369",0.0,0.0,0.0
"16370",0.0,0.0,0.0
"16371",0.0,0.0,0.0
"16373",0.0,0.0,0.0
"16374",0.0,0.0,0.0
"16375",0.0,0.0,0.0
"16377",0.0,0.0,0.0
"16378",0.0,0.0,0.0
"16380",0.0,0.0,0.0
"16381",0.0,0.0,0.0
"16382",0.0,0.0,0.0
"16384",0.0,0.0,0.0
"16385",0.0,0.0,0.0
"16386",0.0,0.0,0.0
"16387",0.0,0.0,0.0
"16388",0.0,0.0,0.0
"16390",0.0,0.0,0.0
"16391",0.0,0.0,0.0
"16392",0.0,0.0,0.0
"16397",0.0,0.0,0.0
"16399",0.0,0.0,0.0
"16400",0.0,0.0,0.0
"16402",0.0,0.0,0.0
"16405",0.0,0.0,0.0
"16407",0.0,0.0,0.0
"16408",0.0,0.0,0.0
"16409",0.0,0.0,0.0
"16410",0.0,0.0,0.0
"16411",0.0,0.0,0.0
"16412",0.0,0.0,0.0
"16413",0.0,0.0,0.0
"16414",0.0,0.0,0.0
"16415",0.0,0.0,0.0
"16417",0.0,0.0,0.0
"16418",0.0,0.0,0.0
"16420",0.0,0.0,0.0
"16421",0.0,0.0,0.0
"16423",0.0,0.0,0.0
"16425",0.0,0.0,0.0
"16426",0.0,0.0,0.0
"16427",0.0,0.0,0.0
"16429",0.0,0.0,0.0
"16430",0.0,0.0,0.0
"16431",0.0,0.0,0.0
"16432",0.0,0.0,0.0
"16433",0.0,0.0,0.0
"16435",0.0,0.0,0.0
"16437",0.0,0.0,0.0
"16438",0.0,0.0,0.0
"16439",0.0,0.0,0.0
"16440",0.0,0.0,0.0
"16442",0.0,0.0,0.0
"16443",0.0,0.0,0.0
"16445",0.0,0.0,0.0
"16446",0.0,0.0,0.0
"16447",0.0,0.0,0.0
"16448",0.0,0.0,0.0
"16452",0.0,0.0,0.0
"16453",0.0,0.0,0.0
"16454",0.0,0.0,0.0
"16456",0.0,0.0,0.0
"16457",0.0,0.0,0.0
"16458",0.0,0.0,0.0
"16459",0.0,0.0,0.0
"16460",0.0,0.0,0.0
"16461",0.0,0.0,0.0
"16462",25.0,25.0,0.0
"16464",0.0,0.0,0.0
"16468",0.0,0.0,0.0
"16469",0.0,0.0,0.0
"16472",0.0,0.0,0.0
"16475",0.0,0.0,0.0
"16477",0.0,0.0,0.0
"16478",0.0,0.0,0.0
"16479",0.0,0.0,0.0
"16480",0.0,0.0,0.0
"16482",0.0,0.0,0.0
"16483",0.0,0.0,0.0
"16486",0.0,0.0,0.0
"16487",0.0,0.0,0.0
"16489",0.0,0.0,0.0
"16492",0.0,0.0,0.0
"16494",0.0,0.0,0.0
"16495",0.0,0.0,0.0
"16497",0.0,0.0,0.0
"16501",0.0,0.0,0.0
"16502",0.0,0.0,0.0
"16504",0.0,0.0,0.0
"16505",0.0,0.0,0.0
"16506",0.0,0.0,0.0
"16507",0.0,0.0,0.0
"16508",0.0,0.0,0.0
"16509",0.0,0.0,0.0
"16510",0.0,0.0,0.0
"16511",0.0,0.0,0.0
"16512",100.0,100.0,0.0
"16513",0.0,0.0,0.0
"16515",0.0,0.0,0.0
"16516",0.0,0.0,0.0
