"customer_id","recency_days","frequency_completed","monetary_gross"
"12346",325,3,77352.96
"12347",1,8,4921.53
"12348",74,5,1658.40
"12349",18,3,3678.69
"12350",309,1,294.40
"12351",374,1,300.93
"12352",35,9,1729.54
"12353",203,2,406.76
"12354",231,1,1079.40
"12355",213,2,947.61
"12356",22,6,5611.73
"12357",32,2,17437.66
"12358",1,5,3447.07
"12359",7,10,8873.39
"12360",51,6,3612.89
"12361",286,4,451.25
"12362",2,10,4737.23
"12363",109,2,552.00
"12364",7,4,1208.10
"12365",290,1,320.69
"12366",633,1,500.24
"12367",3,1,150.90
"12368",627,1,917.70
"12369",412,3,1511.15
"12370",50,7,3956.56
"12371",59,4,3347.38
"12372",71,3,1196.04
"12373",310,3,927.65
"12374",24,3,2669.22
"12375",2,2,377.50
"12376",389,2,383.15
"12377",314,4,3266.32
"12378",129,2,5416.32
"12379",81,4,1470.22
"12380",21,8,7210.65
"12381",4,3,1474.81
"12383",184,5,1628.56
"12384",28,2,425.27
"12385",378,1,1668.40
"12386",337,2,401.90
"12387",414,1,143.94
"12388",15,8,3901.11
"12389",402,3,1433.33
"12390",79,1,504.84
"12391",21,6,2724.84
"12392",590,1,234.75
"12393",71,6,2399.45
"12394",63,2,1080.48
"12395",15,15,4241.17
"12396",673,1,931.43
"12397",35,2,2214.90
"12398",45,1,1435.66
"12399",118,7,1842.30
"12400",413,1,205.25
"12401",302,1,69.30
"12402",322,6,1136.90
"12403",49,2,947.36
"12405",148,1,1390.39
"12406",21,5,6390.36
"12407",49,5,1507.12
"12408",32,8,3905.77
"12409",78,7,23419.29
"12410",300,3,773.71
"12411",409,1,346.90
"12412",74,6,2404.93
"12413",66,4,871.45
"12414",216,4,532.41
"12415",23,24,144033.37
"12416",656,1,202.56
"12417",2,20,5998.41
"12418",112,4,2021.20
"12419",385,2,391.01
"12420",63,1,600.39
"12421",15,6,874.60
"12422",95,12,3639.35
"12423",0,10,2301.39
"12424",162,4,3340.03
"12425",77,2,1741.41
"12426",194,2,1201.21
"12427",11,3,699.80
"12428",25,8,6405.26
"12429",8,8,5842.41
"12430",42,1,216.40
"12431",35,25,10102.22
"12432",42,4,4359.32
"12433",0,10,16794.14
"12434",84,3,1103.43
"12435",79,6,13925.93
"12436",99,1,429.01
"12437",1,38,11282.40
"12438",13,2,2466.85
"12439",682,2,1142.88
"12440",456,2,739.20
"12441",366,1,155.55
"12442",2,1,144.06
"12443",731,1,365.31
"12444",20,5,4085.46
"12445",21,2,378.98
"12446",57,1,1002.31
"12447",242,1,431.49
"12448",43,1,365.45
"12449",21,5,4274.89
"12450",155,5,688.20
"12451",10,8,12629.88
"12452",16,1,348.57
"12453",133,1,707.09
"12454",52,4,16459.78
"12455",72,9,5722.95
"12456",43,3,2581.04
"12457",57,7,2555.91
"12458",70,4,1502.49
"12459",604,1,398.36
"12460",455,1,296.65
"12461",154,1,626.88
"12462",1,2,937.59
"12463",45,4,1200.78
"12464",9,8,957.05
"12465",7,2,682.19
"12467",385,1,132.80
"12468",142,5,3238.74
"12469",522,2,3070.54
"12470",689,1,211.95
"12471",1,71,35099.90
"12472",30,19,14971.29
"12473",53,3,2585.73
"12474",16,29,11310.75
"12475",53,2,1065.64
"12476",0,18,12319.91
"12477",22,9,20276.37
"12478",3,1,545.99
"12479",3,1,473.20
"12480",27,7,4834.85
"12481",22,14,11033.51
"12482",575,27,21941.72
"12483",16,19,4069.18
"12484",34,9,5557.10
"12485",528,1,708.10
"12486",431,1,917.28
"12487",730,1,285.30
"12488",9,3,1244.66
"12489",335,1,298.93
"12490",4,20,8764.64
"12491",38,1,424.40
"12492",62,3,607.21
"12493",165,2,379.74
"12494",9,9,1563.27
"12495",634,1,277.40
"12496",619,2,45.34
"12497",81,3,5996.50
"12498",20,3,349.70
"12499",559,1,357.72
"12500",22,18,5559.21
"12501",314,1,2025.39
"12502",95,5,2995.87
"12503",583,1,896.00
"12504",17,4,689.05
"12505",392,1,787.20
"12506",232,1,73.50
"12507",133,4,1508.06
"12508",25,2,397.88
"12509",283,1,158.50
"12510",142,7,3039.03
"12511",414,1,3084.02
"12512",65,2,132.18
"12513",84,1,558.29
"12514",266,2,1597.76
"12515",352,1,278.70
"12516",77,4,2288.62
"12517",27,4,2301.60
"12518",0,5,1840.89
"12519",63,2,626.54
"12520",78,5,2346.26
"12521",142,1,545.68
"12522",38,2,156.72
"12523",1,23,4010.35
"12524",8,17,9794.11
"12525",490,3,883.73
"12526",0,3,1172.66
"12527",81,5,717.51
"12528",8,6,1645.48
"12529",522,1,316.48
"12530",59,9,3381.26
"12531",14,2,1771.20
"12532",29,1,313.83
"12533",618,2,1223.89
"12534",130,1,981.18
"12535",91,2,716.35
"12536",7,1,4279.71
"12537",408,1,612.94
"12538",28,2,640.45
"12539",21,7,11186.75
"12540",19,32,19250.49
"12541",29,3,841.18
"12542",483,2,481.88
"12543",447,1,840.25
"12544",29,1,316.70
"12545",74,2,832.39
"12546",46,2,1021.50
"12547",197,3,299.58
"12548",165,1,67.20
"12549",575,5,1570.68
"12550",78,1,824.83
"12551",357,1,168.00
"12552",39,1,317.82
"12553",7,12,4104.75
"12554",448,1,384.50
"12556",49,2,599.56
"12557",15,8,18096.14
"12558",1,1,269.96
"12559",310,2,525.71
"12560",4,2,1918.01
"12561",302,1,238.85
"12562",7,9,4426.92
"12563",408,1,221.24
"12564",260,1,402.90
"12565",281,1,145.92
"12566",72,1,297.65
"12567",22,15,10741.48
"12568",644,1,52.00
"12569",1,32,3152.69
"12571",39,2,519.61
"12572",8,2,912.42
"12573",226,5,717.41
"12574",315,1,182.45
"12575",456,2,568.82
"12576",35,8,2062.72
"12577",34,8,1613.15
"12578",20,4,4026.45
"12579",72,1,386.42
"12580",246,2,962.90
"12581",39,1,179.71
"12582",238,4,1820.40
"12583",2,27,12493.58
"12584",3,9,2254.15
"12585",233,2,1824.10
"12586",16,4,2062.67
"12587",7,1,104.00
"12588",38,3,718.78
"12589",28,6,3294.91
"12590",189,1,9341.26
"12591",316,3,1114.95
"12592",91,4,1723.64
"12593",108,3,382.10
"12594",37,14,4890.11
"12595",504,1,281.02
"12596",50,2,450.27
"12597",18,4,3195.22
"12598",9,10,4192.09
"12599",28,13,2026.72
"12600",28,20,4385.85
"12601",189,6,573.26
"12602",58,1,153.12
"12603",21,1,613.20
"12604",78,2,236.18
"12605",364,3,1124.95
"12607",57,1,1579.51
"12608",404,1,415.79
"12609",77,9,3021.86
"12610",22,4,1747.54
"12611",51,1,1193.32
"12612",57,1,668.04
"12613",30,9,6277.37
"12614",277,1,315.60
"12615",1,8,5362.98
"12616",84,3,1023.10
"12617",28,1,352.98
"12618",21,1,137.31
"12619",15,9,3085.70
"12620",14,3,1303.41
"12621",1,35,22097.20
"12622",231,1,162.10
"12623",275,7,3315.84
"12624",105,2,569.13
"12625",211,4,4678.88
"12626",22,9,5954.48
"12627",10,6,4082.53
"12628",3,3,732.46
"12629",385,2,1198.22
"12630",9,2,1030.88
"12631",56,6,3321.57
"12632",520,2,714.88
"12633",58,7,5156.16
"12634",547,1,360.00
"12635",89,4,2624.41
"12637",66,12,8085.81
"12638",32,2,681.49
"12639",238,3,1072.37
"12640",23,3,994.58
"12641",114,1,145.90
"12642",24,3,905.26
"12643",127,11,7803.82
"12644",129,4,1900.49
"12645",33,8,3215.30
"12646",4,2,1346.97
"12647",21,35,14109.55
"12648",154,4,1039.00
"12649",106,8,2096.65
"12650",2,1,242.44
"12651",334,4,377.75
"12652",321,2,891.03
"12653",148,3,4160.83
"12654",10,5,529.98
"12655",423,1,243.35
"12656",16,8,5723.83
"12657",10,4,1427.18
"12658",18,1,632.05
"12659",29,1,73.68
"12660",10,1,227.10
"12661",435,1,162.00
"12662",0,20,6130.54
"12663",624,2,185.40
"12664",7,11,5420.04
"12665",324,3,259.60
"12666",358,1,1248.42
"12667",57,1,460.13
"12668",6,9,9906.03
"12669",150,2,1427.73
"12670",9,7,3436.29
"12671",605,1,2622.48
"12672",329,2,407.05
"12673",4,3,1140.02
"12674",11,4,1844.60
"12675",553,2,873.25
"12676",24,10,2333.09
"12677",554,2,359.10
"12678",41,15,32595.18
"12679",51,4,951.02
"12680",0,4,790.81
"12681",14,44,26936.76
"12682",3,51,20736.22
"12683",3,20,10445.70
"12684",7,6,2073.63
"12685",27,6,2575.08
"12686",371,1,71.14
"12687",480,1,1858.91
"12688",113,1,4873.81
"12689",25,2,1139.61
"12690",205,1,335.01
"12691",27,6,1044.40
"12692",636,1,110.95
"12693",120,7,1415.02
"12694",69,3,1663.35
"12695",6,7,1371.12
"12696",434,2,731.91
"12697",20,3,757.59
"12698",589,1,285.75
"12699",417,1,566.11
"12700",7,4,4525.99
"12701",79,6,2248.41
"12702",19,1,201.00
"12703",63,4,898.53
"12704",6,8,1740.84
"12705",14,13,11114.10
"12707",291,1,603.42
"12708",29,18,4559.66
"12709",2,32,29487.18
"12710",96,3,1023.02
"12711",611,2,1213.05
"12712",22,21,5985.03
"12713",0,1,794.55
"12714",8,12,12815.71
"12715",105,1,263.36
"12716",3,2,963.49
"12717",150,3,1058.91
"12718",70,1,202.25
"12719",4,2,572.95
"12720",2,29,6905.28
"12721",31,8,3635.08
"12722",84,4,979.63
"12723",3,5,707.07
"12724",4,7,2083.52
"12725",370,3,1906.76
"12726",27,11,3690.60
"12727",10,10,4905.53
"12728",70,5,926.17
"12729",113,1,417.01
"12730",521,1,703.25
"12731",23,17,25631.71
"12732",179,1,218.26
"12733",233,4,2424.02
"12734",352,3,603.65
"12735",314,2,689.57
"12736",332,1,144.00
"12738",371,1,137.35
"12739",98,2,2421.23
"12740",63,1,427.60
"12741",532,1,236.07
"12742",599,1,1201.52
"12743",133,2,540.13
"12744",55,8,13158.16
"12745",486,2,723.85
"12746",527,1,254.55
"12747",1,26,8898.48
"12748",0,322,49173.79
"12749",3,9,6847.36
"12750",128,1,275.88
"12751",444,1,268.27
"12752",80,1,4366.78
"12753",3,6,21429.39
"12754",235,3,3010.74
"12755",249,11,5236.26
"12756",86,1,112.08
"12757",15,9,4176.75
"12758",116,7,9903.24
"12759",51,8,4618.74
"12760",455,1,317.80
"12761",464,1,712.95
"12762",7,2,1702.52
"12763",137,2,494.08
"12764",316,1,1693.88
"12765",471,6,1299.58
"12766",3,9,8134.99
"12767",375,1,949.82
"12768",431,1,168.69
"12769",238,1,1143.60
"12770",210,2,3246.45
"12771",464,1,226.30
"12772",59,1,752.47
"12773",563,1,124.25
"12774",535,1,83.70
"12775",16,7,1551.12
"12776",667,1,27.50
"12777",457,1,519.45
"12778",19,9,1541.68
"12779",20,14,6474.11
"12780",598,1,322.40
"12781",21,2,786.74
"12782",4,11,3862.24
"12783",1,4,1295.87
"12784",14,2,1511.15
"12785",2,3,904.40
"12786",609,1,668.50
"12787",9,4,799.18
"12788",462,4,384.90
"12789",64,3,225.35
"12790",191,2,546.85
"12791",373,5,656.83
"12792",256,2,715.01
"12793",334,3,745.53
"12794",52,2,860.41
"12795",18,1,318.48
"12796",627,1,351.00
"12797",359,2,468.08
"12798",9,4,8510.93
"12799",528,1,219.35
"12800",469,2,500.25
"12801",477,1,871.82
"12802",183,5,2186.42
"12803",392,1,1017.81
"12804",465,2,325.37
"12805",381,4,1230.95
"12806",571,2,2558.96
"12807",382,1,250.35
"12808",36,5,748.70
"12809",167,3,1384.34
"12810",534,2,534.99
"12811",261,4,893.90
"12812",44,1,229.64
"12813",501,3,1621.80
"12814",101,1,85.92
"12815",147,2,863.46
"12816",95,2,452.20
"12817",280,3,570.98
"12818",177,1,1182.08
"12819",457,1,540.52
"12820",2,11,2689.52
"12821",213,2,220.80
"12822",70,2,948.88
"12823",74,18,6501.50
"12824",59,1,397.12
"12825",520,2,518.63
"12826",2,12,2800.75
"12827",5,3,430.15
"12828",2,6,1018.71
"12829",321,3,385.30
"12830",37,6,6814.64
"12831",261,3,451.11
"12832",31,2,383.03
"12833",144,1,417.38
"12834",282,1,312.38
"12835",417,41,5996.83
"12836",58,15,6559.73
"12837",172,2,662.66
"12838",33,10,2975.91
"12839",2,26,9669.12
"12840",143,7,4041.97
"12841",4,40,6958.20
"12842",69,4,1917.99
"12843",65,28,6461.87
"12844",28,4,648.60
"12845",266,4,354.09
"12847",21,2,1609.00
"12848",675,1,208.00
"12849",30,6,3015.98
"12850",445,1,330.00
"12851",96,2,280.76
"12852",289,1,311.55
"12853",107,11,3907.50
"12854",78,7,2970.97
"12855",372,4,612.84
"12856",7,6,2170.78
"12857",210,6,3688.00
"12858",382,1,147.27
"12859",458,1,575.10
"12860",692,1,54.22
"12861",619,1,68.25
"12862",425,2,984.62
"12863",51,6,2792.55
"12864",137,2,299.57
"12865",25,4,3323.47
"12866",282,3,1092.35
"12867",25,13,7829.26
"12868",185,8,2043.76
"12869",681,1,337.67
"12870",365,3,1676.95
"12871",83,3,744.02
"12872",326,12,3283.96
"12873",281,3,2027.30
"12874",384,2,873.42
"12875",142,5,1356.99
"12876",57,4,3751.79
"12877",3,20,2942.14
"12878",17,2,854.99
"12879",44,3,573.22
"12880",381,2,640.13
"12881",275,1,298.00
"12882",8,2,1463.04
"12883",24,4,703.47
"12884",87,1,309.05
"12885",62,3,1175.22
"12886",67,2,1378.40
"12887",383,1,222.40
"12888",213,2,354.12
"12889",380,4,385.46
"12890",23,2,706.02
"12891",185,11,840.50
"12892",396,1,263.38
"12893",30,1,176.55
"12894",574,1,157.35
"12895",41,2,372.80
"12896",730,NULL,NULL
"12897",204,4,514.25
"12898",463,2,296.21
"12899",413,1,366.40
"12900",421,1,340.33
"12901",8,28,17654.54
"12902",264,1,138.68
"12903",428,1,833.53
"12904",17,2,496.06
"12905",576,2,1018.42
"12906",11,5,2919.81
"12907",395,2,508.91
"12908",175,5,1776.00
"12909",39,8,3103.19
"12910",22,13,5796.52
"12911",551,1,1651.72
"12912",2,5,1662.30
"12913",4,13,6283.24
"12914",400,1,223.98
"12915",148,4,975.10
"12916",138,7,4479.73
"12917",127,6,4359.20
"12919",7,6,1335.19
"12920",16,4,486.64
"12921",3,74,35233.24
"12922",160,1,405.38
"12923",63,3,769.17
"12924",87,12,2461.45
"12925",4,3,729.33
"12926",410,4,1523.59
"12927",394,1,197.31
"12928",34,12,4304.89
"12929",121,1,117.85
"12930",77,2,415.80
"12931",21,57,92347.34
"12932",538,8,1698.56
"12933",23,8,1636.63
"12934",736,1,181.65
"12935",1,15,4243.86
"12936",16,4,1063.90
"12937",14,9,3097.61
"12938",25,1,114.14
"12939",63,20,25264.80
"12940",45,2,899.69
"12941",723,1,377.49
"12942",130,3,675.60
"12943",300,2,496.50
"12944",35,2,604.51
"12945",287,2,900.11
"12946",436,1,324.45
"12947",143,6,1603.99
"12948",15,9,2317.43
"12949",30,22,15526.70
"12950",1,3,1843.00
"12951",8,15,3213.72
"12952",5,4,1387.79
"12953",9,2,828.81
"12954",638,1,162.45
"12955",0,11,4757.16
"12956",305,4,521.89
"12957",3,13,8706.97
"12958",399,2,467.34
"12959",483,1,150.95
"12960",413,4,1322.07
"12961",378,1,211.99
"12962",6,2,266.39
"12963",7,12,3235.79
"12964",436,1,132.24
"12965",88,1,769.81
"12966",9,1,160.18
"12967",2,3,2938.52
"12968",111,1,135.95
"12969",602,1,122.45
"12970",6,10,1452.54
"12971",3,116,15704.60
"12972",413,4,1161.20
"12973",413,1,385.55
"12974",197,2,408.95
"12975",429,6,2100.09
"12976",211,8,3156.38
"12977",155,4,513.88
"12978",384,5,2502.82
"12979",728,1,517.70
"12980",155,21,16245.78
"12981",29,2,372.22
"12982",239,8,2744.81
"12983",597,1,490.08
"12984",18,1,97.50
"12985",0,2,1239.38
"12986",402,10,2729.84
"12987",73,5,1312.21
"12988",291,1,505.82
"12989",2,33,13551.75
"12990",30,7,955.50
"12991",22,3,764.82
"12992",724,1,93.35
"12993",22,8,1259.63
"12994",3,3,974.42
"12995",77,1,211.32
"12996",375,1,355.50
"12997",21,8,2110.91
"12998",492,3,920.08
"12999",195,3,455.88
"13000",106,4,1032.50
"13001",3,33,24042.65
"13002",317,3,414.13
"13003",105,3,149.05
"13004",11,36,11650.85
"13005",173,4,999.68
"13006",55,1,81.57
"13007",579,1,175.25
"13008",322,3,612.13
"13009",672,1,234.00
"13010",373,2,330.12
"13011",371,1,50.55
"13012",8,11,2957.83
"13013",0,29,11097.43
"13014",2,11,5381.08
"13015",52,11,6579.78
"13016",72,3,789.89
"13017",6,1,204.00
"13018",15,35,9763.16
"13019",378,6,1229.95
"13020",547,2,618.96
"13021",3,17,4887.24
"13022",429,1,50.30
"13023",63,3,1251.03
"13024",463,2,555.87
"13025",731,1,323.39
"13026",0,9,1733.08
"13027",113,19,17239.20
"13028",22,2,661.32
"13029",30,5,1927.30
"13030",10,2,752.44
"13031",406,5,3292.84
"13032",38,9,2815.96
"13033",356,2,220.55
"13034",54,3,756.82
"13035",57,3,1364.20
"13036",684,1,307.10
"13037",137,12,3914.95
"13038",79,3,908.46
"13039",583,4,1010.73
"13040",8,2,676.99
"13041",450,4,799.13
"13042",583,3,1488.59
"13043",253,1,516.42
"13044",290,11,4848.05
"13045",98,3,808.92
"13046",30,3,949.25
"13047",45,23,8423.58
"13048",13,9,4049.13
"13049",63,4,1408.24
"13050",8,34,11877.29
"13051",578,2,155.80
"13052",211,7,3118.48
"13053",621,1,127.65
"13055",63,4,2321.11
"13056",550,1,209.48
"13057",529,3,709.59
"13058",24,3,271.40
"13059",249,10,2291.77
"13060",253,1,307.53
"13061",71,1,248.61
"13062",190,1,346.98
"13063",480,1,188.40
"13064",12,6,1666.84
"13065",372,5,1055.05
"13066",23,2,470.80
"13067",81,3,508.51
"13068",9,2,344.00
"13069",0,38,9284.45
"13070",191,4,751.70
"13071",611,1,129.22
"13072",266,1,177.15
"13073",410,2,418.08
"13074",510,4,1378.74
"13075",129,1,919.61
"13076",457,1,135.40
"13077",0,11,2740.65
"13078",0,57,29018.06
"13079",3,6,419.18
"13080",178,4,280.73
"13081",0,28,56838.37
"13082",125,21,7335.75
"13083",3,3,395.43
"13084",487,1,122.40
"13085",157,8,2433.28
"13086",382,1,439.33
"13087",725,1,313.64
"13088",416,1,236.11
"13089",2,203,113416.91
"13090",8,23,13076.74
"13091",20,2,1108.80
"13092",70,12,2140.28
"13093",266,55,54144.25
"13094",20,13,2209.44
"13095",70,1,74.40
"13096",393,1,419.70
"13097",32,27,13015.36
"13098",0,28,28882.44
"13099",98,1,207.36
"13101",233,4,695.40
"13102",0,37,11380.10
"13103",39,3,709.64
"13104",2,9,1709.10
"13105",435,1,72.00
"13106",128,2,603.46
"13107",43,9,5253.07
"13108",372,2,748.46
"13109",2,3,1134.03
"13110",30,12,2957.47
"13111",718,1,321.88
"13112",540,1,20.60
"13113",0,37,18230.07
"13114",730,1,234.38
"13115",8,10,5494.70
"13116",116,1,501.14
"13117",21,18,2255.66
"13118",19,9,2415.41
"13119",668,1,134.90
"13120",238,1,30.60
"13121",268,1,283.73
"13122",93,2,922.39
"13123",472,2,506.75
"13124",89,4,4641.66
"13125",523,1,148.62
"13126",4,13,3774.81
"13127",77,1,259.17
"13128",630,1,263.50
"13129",451,2,233.25
"13130",93,1,64.00
"13131",22,7,3313.77
"13132",261,1,77.30
"13133",273,3,200.45
"13134",72,6,2475.23
"13135",196,2,3371.45
"13136",49,13,6274.56
"13137",10,16,7586.94
"13138",21,7,1274.01
"13139",15,8,8202.98
"13140",107,5,1054.92
"13141",84,17,7656.08
"13142",18,1,307.09
"13143",581,1,405.10
"13144",332,2,135.35
"13145",39,7,1128.52
"13146",25,1,228.91
"13147",9,4,712.80
"13148",28,26,8488.32
"13149",13,4,1676.06
"13150",470,3,449.97
"13151",202,3,2454.71
"13152",416,7,2146.38
"13153",5,1,486.22
"13154",398,3,1624.84
"13155",32,6,1370.48
"13156",384,3,1586.54
"13157",48,9,5687.36
"13158",94,5,1508.18
"13159",8,4,1429.35
"13160",21,1,91.80
"13161",312,2,472.13
"13162",121,16,9275.49
"13163",609,1,17.65
"13164",568,2,372.20
"13165",45,3,1451.16
"13166",281,2,875.93
"13167",18,5,1113.15
"13168",35,5,1840.73
"13169",63,3,840.08
"13170",26,1,108.81
"13171",7,3,468.41
"13172",399,1,69.60
"13173",3,11,2389.82
"13174",15,11,7972.46
"13175",553,2,831.45
"13176",45,1,481.49
"13177",64,2,512.20
"13178",25,21,14059.19
"13179",618,1,572.31
"13180",606,1,86.10
"13181",380,1,359.69
"13182",44,1,121.18
"13183",7,15,7036.18
"13184",14,10,1667.95
"13185",267,1,71.40
"13186",39,3,1575.89
"13187",336,4,328.36
"13188",10,1,114.60
"13189",18,2,260.68
"13190",543,3,570.66
"13191",657,1,159.21
"13192",94,6,2558.58
"13193",60,1,112.08
"13194",135,2,472.78
"13195",413,1,136.73
"13196",10,7,3068.84
"13197",609,1,373.01
"13198",9,8,4974.23
"13199",3,66,15949.21
"13200",18,4,870.09
"13201",501,4,1233.06
"13202",378,7,1580.30
"13203",9,10,2648.25
"13204",730,1,966.66
"13205",442,1,2803.20
"13206",399,13,8308.19
"13207",14,4,535.86
"13208",58,8,1951.82
"13209",29,13,8509.51
"13210",93,1,353.48
"13211",9,10,2618.77
"13212",8,3,786.83
"13213",56,11,3851.52
"13214",417,7,3264.23
"13215",401,1,81.60
"13216",267,1,333.74
"13217",121,4,666.48
"13218",126,1,62.64
"13219",617,1,76.23
"13220",77,5,1336.09
"13221",239,2,844.86
"13222",576,1,88.50
"13223",199,6,969.12
"13224",59,2,2152.95
"13225",2,16,16260.07
"13226",272,2,312.46
"13227",201,1,257.70
"13228",80,1,358.00
"13229",225,1,160.95
"13230",3,30,6109.51
"13232",12,7,1327.75
"13233",73,4,1176.46
"13234",672,2,346.50
"13235",211,1,1031.07
"13236",24,2,744.85
"13237",387,1,643.00
"13238",10,6,1006.63
"13239",261,5,1594.69
"13240",95,8,1455.39
"13241",411,1,112.53
"13242",111,7,699.40
"13243",202,5,1220.38
"13244",92,1,121.74
"13245",50,2,989.22
"13246",17,11,3351.75
"13247",17,4,501.12
"13248",124,2,465.68
"13249",91,9,1608.93
"13250",452,2,253.09
"13251",401,1,252.68
"13252",393,2,399.30
"13253",156,4,2951.11
"13254",375,1,51.41
"13255",3,3,678.76
"13257",427,1,149.75
"13258",11,5,1009.43
"13259",61,9,1398.79
"13260",60,1,557.62
"13261",268,2,944.10
"13262",262,3,573.45
"13263",0,38,8650.98
"13264",442,1,722.56
"13265",52,5,2092.66
"13266",10,19,6135.04
"13267",2,36,9429.81
"13268",17,10,3152.71
"13269",0,28,8537.32
"13270",365,1,590.00
"13271",36,1,211.49
"13272",30,2,276.56
"13273",112,1,138.98
"13274",408,1,360.85
"13275",383,2,238.86
"13276",63,5,1891.91
"13277",15,7,523.30
"13278",40,4,1425.35
"13279",63,1,137.75
"13280",121,7,2293.33
"13281",436,1,350.85
"13282",17,4,1313.19
"13283",59,4,373.36
"13284",322,1,201.19
"13285",22,6,3364.59
"13286",599,1,734.91
"13287",582,3,781.59
"13288",442,5,927.61
"13289",723,1,307.95
"13291",155,11,3270.79
"13292",38,5,994.51
"13293",391,6,1192.94
"13294",189,3,1689.53
"13295",359,4,1101.97
"13296",136,6,792.51
"13297",7,7,4368.62
"13298",0,1,360.00
"13299",267,3,1218.70
"13300",164,3,1285.51
"13301",103,4,600.19
"13302",154,2,159.20
"13303",399,1,61.72
"13304",350,4,1217.99
"13305",3,16,3616.41
"13306",429,1,53.65
"13307",119,3,273.34
"13308",22,4,1670.37
"13309",6,6,1706.37
"13310",8,5,1541.20
"13311",3,2,598.57
"13312",450,1,124.75
"13313",21,12,3445.32
"13314",1,3,775.94
"13315",688,1,310.26
"13316",36,10,12940.82
"13317",63,19,6486.09
"13318",0,3,640.76
"13319",4,58,21323.22
"13320",69,6,2211.60
"13321",71,2,567.36
"13322",16,1,199.48
"13323",2,5,787.85
"13324",31,18,10513.47
"13325",81,1,675.30
"13326",431,1,281.76
"13327",38,19,9052.87
"13328",315,1,1308.48
"13329",31,8,4808.77
"13330",92,6,2796.10
"13331",401,1,262.40
"13332",13,1,350.90
"13333",410,3,1015.74
"13334",81,5,6201.80
"13336",76,1,795.12
"13337",518,1,1575.26
"13338",153,4,2345.62
"13339",200,1,860.12
"13340",44,12,22100.56
"13341",260,1,775.85
"13342",581,NULL,NULL
"13343",172,1,303.43
"13344",67,3,2511.69
"13345",276,1,339.50
"13346",462,6,299.40
"13347",69,1,291.36
"13348",63,1,233.76
"13349",10,1,197.32
"13350",15,2,879.12
"13351",65,1,323.94
"13352",7,1,347.98
"13353",388,NULL,NULL
"13354",70,1,743.53
"13355",121,1,674.70
"13356",79,1,768.24
"13357",256,5,3795.01
"13358",268,1,389.03
"13359",58,2,943.31
"13360",427,4,1503.65
"13361",471,2,1450.50
"13362",2,7,5394.07
"13363",17,3,1623.86
"13364",66,1,134.96
"13365",8,2,2225.37
"13366",49,1,56.16
"13367",431,1,460.20
"13368",256,4,1021.50
"13369",353,1,258.28
"13370",365,1,754.87
"13371",498,2,2297.66
"13372",89,1,328.64
"13373",60,6,7587.19
"13374",414,2,372.80
"13375",80,2,1792.23
"13376",98,3,869.76
"13377",396,2,1452.88
"13379",25,3,572.56
"13380",432,1,62.40
"13381",20,12,8224.37
"13382",280,5,1387.58
"13383",543,1,305.28
"13384",30,11,6680.83
"13385",329,1,534.57
"13386",413,2,835.46
"13387",416,1,181.84
"13388",120,3,1185.65
"13389",10,3,797.96
"13390",74,1,544.08
"13391",203,1,59.80
"13392",676,1,91.14
"13393",583,4,1131.45
"13394",1,19,6621.70
"13395",184,3,1180.23
"13396",21,2,1360.99
"13397",72,10,3191.87
"13398",191,2,670.34
"13399",463,3,275.40
"13400",573,1,310.83
"13402",126,4,1226.85
"13403",17,3,229.50
"13404",0,2,252.49
"13405",203,5,1198.81
"13406",426,2,568.92
"13407",578,3,2244.70
"13408",1,106,50174.78
"13410",8,9,2201.96
"13411",106,1,213.55
"13412",619,1,487.35
"13413",639,6,429.44
"13414",133,6,2494.14
"13415",472,4,784.17
"13416",43,3,940.80
"13417",4,6,1669.49
"13418",11,31,11559.66
"13419",63,1,221.06
"13420",134,2,159.85
"13421",39,8,4048.25
"13422",50,1,2626.30
"13423",428,1,217.03
"13424",443,1,572.77
"13425",107,5,3390.43
"13426",0,22,8167.38
"13427",18,6,1006.53
"13428",9,3,478.54
"13429",10,4,1006.80
"13430",18,2,679.45
"13431",66,8,3316.24
"13432",570,2,436.55
"13433",436,4,658.32
"13434",73,5,1666.86
"13435",4,9,4447.33
"13436",1,1,196.89
"13437",13,7,3408.06
"13438",546,1,46.50
"13439",254,3,986.61
"13440",422,7,1295.25
"13441",91,2,720.90
"13442",666,3,419.87
"13443",448,6,1269.37
"13444",373,2,619.08
"13445",625,1,241.90
"13446",419,11,3881.89
"13447",22,3,1129.14
"13448",16,12,8386.22
"13449",23,1,291.88
"13450",26,13,4120.04
"13451",25,11,7088.92
"13452",258,3,729.80
"13453",165,3,781.69
"13454",640,1,219.87
"13455",24,6,2212.99
"13456",17,6,1766.72
"13457",688,2,148.22
"13458",6,16,11959.27
"13459",624,2,1160.41
"13460",28,2,183.44
"13461",38,6,4160.00
"13462",182,5,1153.85
"13464",57,6,3097.64
"13465",445,2,931.12
"13466",99,5,1013.35
"13467",10,2,1071.91
"13468",1,72,12793.28
"13469",652,1,82.40
"13470",98,2,165.00
"13471",0,4,2501.84
"13472",463,2,592.24
"13473",60,8,2657.76
"13474",235,3,646.59
"13475",190,4,1431.78
"13476",178,5,2061.47
"13477",37,11,2819.17
"13478",468,5,2215.78
"13479",197,4,851.37
"13480",416,2,627.82
"13481",45,11,3830.84
"13482",231,2,336.09
"13483",65,1,140.34
"13484",240,3,790.72
"13485",232,11,3015.22
"13486",77,3,1122.41
"13487",57,5,846.87
"13488",16,23,14205.96
"13489",104,4,449.52
"13490",653,1,154.25
"13491",51,27,4467.66
"13492",135,3,1269.84
"13493",274,2,498.63
"13494",311,1,316.26
"13495",7,10,4863.31
"13496",10,2,653.33
"13497",282,6,1166.83
"13498",729,1,327.38
"13499",17,5,1159.11
"13500",22,4,1466.30
"13501",242,3,2885.11
"13502",16,5,780.50
"13503",70,5,1778.04
"13504",63,1,295.93
"13505",67,4,3633.63
"13506",311,5,1338.08
"13507",2,4,2479.16
"13508",243,2,287.05
"13509",8,7,1099.72
"13510",0,11,4558.29
"13511",483,1,282.76
"13512",260,4,713.39
"13513",126,3,824.59
"13514",73,4,815.90
"13515",72,6,1265.82
"13516",20,4,1685.26
"13517",59,3,2128.42
"13518",85,1,627.16
"13519",49,2,343.21
"13520",58,11,5446.00
"13521",0,3,1070.47
"13522",29,1,125.80
"13523",32,6,4534.57
"13524",40,5,680.18
"13525",14,2,628.78
"13526",737,2,1182.00
"13527",33,12,4541.29
"13529",78,2,307.76
"13530",633,1,402.98
"13531",204,6,1433.07
"13532",33,1,210.31
"13533",182,3,269.09
"13534",1,35,7720.90
"13535",402,1,89.50
"13536",0,7,3444.39
"13537",425,2,717.85
"13538",42,12,3103.13
"13539",85,7,1569.36
"13540",466,3,632.39
"13541",422,2,785.25
"13542",376,17,3959.49
"13543",633,2,1439.61
"13544",39,6,790.20
"13545",390,2,364.93
"13546",11,5,1086.24
"13547",407,1,164.53
"13548",95,3,901.44
"13549",25,8,1005.80
"13550",382,1,342.55
"13551",318,2,244.20
"13552",65,22,6948.92
"13553",674,1,499.60
"13554",379,7,1629.35
"13555",73,13,8891.84
"13556",428,2,200.82
"13557",27,13,3032.26
"13558",5,4,594.52
"13559",512,2,990.00
"13560",6,1,171.42
"13561",215,11,1803.40
"13562",81,8,4838.18
"13563",83,2,777.53
"13564",353,36,15880.22
"13565",18,3,414.80
"13566",40,5,1684.75
"13567",427,4,1079.29
"13568",172,1,187.05
"13569",16,4,725.04
"13570",242,1,239.49
"13571",12,26,4537.26
"13572",205,1,1384.25
"13573",49,6,903.07
"13574",410,1,404.45
"13575",22,5,732.07
"13576",9,28,11202.59
"13577",24,11,3484.28
"13578",408,1,147.66
"13579",14,5,1374.34
"13580",405,1,107.75
"13581",308,2,280.53
"13582",389,2,241.68
"13583",155,2,1445.03
"13584",306,3,385.70
"13585",530,3,684.54
"13586",540,1,127.28
"13587",31,4,1673.50
"13588",15,9,2478.95
"13589",14,6,1120.74
"13590",10,18,6336.04
"13591",64,7,2093.94
"13592",35,4,247.96
"13593",107,14,5493.29
"13594",52,2,533.32
"13595",516,3,784.48
"13596",5,2,664.11
"13597",387,2,396.71
"13598",46,5,761.96
"13599",0,33,9811.04
"13600",311,2,518.42
"13601",44,4,1159.99
"13602",64,4,1025.17
"13603",25,1,164.34
"13604",651,1,717.62
"13605",386,2,522.67
"13606",28,3,276.75
"13607",39,2,1075.81
"13608",540,1,232.05
"13609",592,1,167.35
"13610",11,14,2102.46
"13611",88,10,3297.93
"13612",517,1,818.29
"13613",452,5,1039.85
"13614",23,6,2332.74
"13615",312,8,6272.53
"13616",567,2,283.85
"13617",39,8,1278.75
"13618",173,1,177.34
"13619",544,2,223.44
"13620",527,1,112.34
"13621",116,1,213.85
"13622",688,1,658.95
"13623",30,10,2533.06
"13624",380,1,462.08
"13625",596,1,301.26
"13626",252,2,707.04
"13627",58,7,2245.90
"13628",675,1,310.14
"13629",22,19,13370.86
"13630",4,7,2031.78
"13631",99,11,3070.42
"13632",24,8,3645.81
"13634",32,15,4988.08
"13635",67,4,2999.16
"13636",36,5,949.12
"13637",51,3,803.05
"13638",15,1,122.64
"13639",73,2,1346.27
"13640",610,1,405.00
"13641",640,4,942.37
"13642",215,4,472.20
"13643",30,10,2156.77
"13644",8,4,2624.26
"13645",119,1,252.10
"13646",399,2,326.25
"13647",9,8,3041.68
"13648",399,8,1759.07
"13649",256,6,1453.68
"13650",16,10,3288.00
"13651",39,2,211.85
"13652",45,5,2262.05
"13653",487,1,152.20
"13654",42,11,6308.00
"13655",113,6,2280.51
"13656",164,4,1078.85
"13657",10,2,382.14
"13658",9,9,6025.50
"13659",196,12,4884.68
"13660",395,1,306.64
"13661",602,1,325.24
"13662",85,11,2233.61
"13663",178,5,2047.51
"13665",385,3,1711.66
"13666",59,5,127.05
"13667",148,1,299.05
"13668",2,35,12948.48
"13669",50,3,413.55
"13670",74,1,349.70
"13671",394,1,172.60
"13672",300,3,419.92
"13673",18,2,387.44
"13674",429,1,240.68
"13675",150,2,486.82
"13676",538,2,243.90
"13677",404,2,551.24
"13678",151,1,232.60
"13679",493,3,281.26
"13680",0,12,11419.67
"13681",17,4,827.83
"13682",186,1,59.50
"13683",457,1,258.60
"13684",285,4,594.88
"13685",2,7,3119.44
"13686",182,3,409.04
"13687",437,1,11880.84
"13688",634,1,375.50
"13689",62,2,1259.50
"13690",58,1,172.25
"13691",395,1,210.78
"13692",24,5,3114.40
"13693",324,9,2011.82
"13694",3,143,195640.69
"13695",30,16,2770.73
"13696",421,3,2020.40
"13697",38,1,151.30
"13698",596,2,451.73
"13699",154,2,764.15
"13700",25,13,2596.97
"13701",436,1,161.00
"13702",445,1,135.18
"13703",317,2,425.56
"13704",4,9,2308.06
"13705",7,7,1717.19
"13706",302,2,631.17
"13707",266,5,3365.86
"13708",270,1,283.33
"13709",3,18,7571.35
"13710",31,3,509.52
"13711",218,9,1792.26
"13712",246,2,766.42
"13713",407,3,740.76
"13714",464,1,161.35
"13715",280,17,8153.04
"13716",268,1,138.28
"13717",31,8,1763.30
"13718",245,2,306.55
"13719",14,11,2782.10
"13720",116,4,799.90
"13721",35,2,741.54
"13722",119,10,5635.41
"13723",216,6,1194.08
"13724",636,1,213.01
"13725",49,8,1980.56
"13726",38,2,1079.66
"13727",28,8,1074.15
"13728",36,16,2855.17
"13729",435,3,724.73
"13730",135,2,752.60
"13731",218,2,610.59
"13732",27,1,491.86
"13733",410,2,487.03
"13734",508,4,6695.69
"13735",24,13,9762.77
"13736",4,7,2752.47
"13737",199,1,339.60
"13738",395,1,434.78
"13739",17,2,292.20
"13740",240,5,1582.77
"13741",71,3,668.43
"13742",16,12,3107.87
"13743",2,7,1341.60
"13744",94,2,1080.52
"13745",150,2,777.36
"13746",413,1,176.69
"13747",373,2,169.80
"13748",95,9,2064.35
"13749",700,NULL,NULL
"13750",53,11,3602.18
"13751",287,1,296.25
"13752",123,7,1579.83
"13753",287,4,2094.57
"13754",151,3,447.05
"13755",3,9,2108.06
"13756",1,23,8655.95
"13757",674,1,195.55
"13758",11,14,8595.29
"13759",32,2,659.41
"13760",53,5,1363.64
"13761",49,6,1952.17
"13762",203,5,2472.48
"13763",62,3,5217.44
"13764",70,6,2908.67
"13765",652,1,352.82
"13766",494,1,190.35
"13767",1,73,33903.57
"13768",563,2,875.97
"13769",1,20,5478.12
"13770",421,4,785.37
"13771",63,9,5728.82
"13772",33,8,3100.02
"13773",396,2,301.54
"13774",81,1,345.00
"13775",590,1,1049.66
"13777",0,61,49638.26
"13778",102,4,1124.49
"13779",515,1,161.13
"13780",6,3,732.07
"13781",250,3,778.83
"13782",12,13,1786.08
"13783",487,4,1542.09
"13784",9,14,2910.23
"13785",428,4,542.49
"13786",366,6,3127.99
"13787",75,6,1222.50
"13788",504,1,3.75
"13789",387,1,239.46
"13790",3,1,348.80
"13791",42,2,1516.00
"13792",65,3,383.95
"13793",646,1,96.00
"13794",546,1,126.03
"13795",387,4,836.30
"13796",498,1,289.70
"13797",436,3,1179.45
"13798",0,110,75428.87
"13799",116,9,2803.57
"13800",309,3,1679.56
"13801",66,1,324.80
"13802",137,19,26259.11
"13803",254,3,1338.91
"13804",30,9,3161.12
"13805",51,2,924.60
"13806",63,1,256.38
"13807",366,3,422.20
"13808",5,5,1747.66
"13809",304,3,679.70
"13810",28,2,827.51
"13811",183,2,519.75
"13812",41,3,485.00
"13813",39,8,2387.47
"13814",55,3,2257.32
"13815",21,8,6737.74
"13816",23,2,499.67
"13817",28,2,328.98
"13818",429,1,61.28
"13819",301,6,2642.35
"13820",417,3,652.75
"13821",144,6,1379.08
"13822",5,2,632.00
"13823",18,7,3403.45
"13824",32,12,3314.76
"13825",621,2,255.59
"13826",157,1,189.50
"13827",57,3,409.80
"13828",21,1,209.49
"13829",358,1,102.00
"13830",573,1,156.85
"13831",15,18,6585.54
"13832",17,2,609.89
"13833",158,2,700.41
"13834",576,2,324.19
"13835",24,7,1095.27
"13836",398,2,620.37
"13837",211,2,266.59
"13838",5,10,1690.07
"13839",485,1,139.95
"13840",415,1,651.40
"13841",252,1,85.00
"13842",58,18,5319.34
"13843",380,1,319.75
"13844",10,1,361.62
"13845",64,1,312.98
"13846",24,4,1307.79
"13847",719,1,310.72
"13848",91,8,3015.00
"13849",51,5,3469.30
"13850",87,1,1595.48
"13851",95,8,4606.46
"13852",606,1,187.35
"13853",8,1,1090.14
"13854",8,39,11944.56
"13855",500,4,1310.34
"13856",168,11,1142.03
"13857",392,6,1000.91
"13858",56,1,216.17
"13859",325,2,515.86
"13860",0,5,1245.90
"13861",428,2,273.26
"13862",17,9,2556.09
"13863",244,4,1239.55
"13864",386,1,662.40
"13865",57,4,501.56
"13866",73,1,145.67
"13867",30,3,1005.09
"13868",6,2,3192.54
"13869",122,10,7996.87
"13870",1,15,5712.08
"13871",22,17,7885.85
"13872",512,3,919.57
"13873",119,8,1038.92
"13874",357,7,2049.15
"13875",53,14,4814.37
"13876",63,1,122.70
"13877",85,3,449.68
"13878",54,4,2416.90
"13879",645,1,395.50
"13880",20,17,4293.86
"13881",3,43,45179.10
"13882",2,5,1191.13
"13883",0,14,6535.37
"13884",6,10,1825.03
"13885",188,2,506.80
"13886",70,1,243.56
"13887",203,1,349.55
"13888",119,7,2001.59
"13889",92,6,1991.23
"13890",0,14,2927.38
"13891",377,3,859.21
"13892",26,6,1267.65
"13893",297,1,821.10
"13894",21,3,564.62
"13895",20,6,4008.52
"13896",625,1,388.55
"13897",49,3,1160.72
"13898",325,2,686.40
"13899",15,2,388.52
"13900",182,6,1610.59
"13901",71,15,5676.34
"13902",631,5,34023.26
"13903",399,1,165.45
"13904",36,2,332.64
"13905",570,1,312.65
"13906",408,1,42.00
"13907",691,1,136.80
"13908",79,4,2319.55
"13909",422,2,282.85
"13911",56,20,4234.99
"13912",423,1,124.95
"13913",506,1,42.22
"13914",3,2,626.45
"13915",393,1,70.80
"13916",463,4,1275.81
"13917",49,2,272.04
"13918",49,2,1212.84
"13919",52,4,1252.68
"13920",431,4,1774.68
"13921",398,4,730.70
"13922",351,3,865.20
"13923",53,1,351.13
"13924",1,6,1838.85
"13925",35,4,678.25
"13926",22,1,223.85
"13927",74,2,708.26
"13928",10,4,464.57
"13929",168,11,3494.10
"13930",57,2,337.34
"13931",85,11,5257.38
"13932",294,1,307.40
"13933",108,2,608.79
"13934",263,1,922.10
"13935",596,3,6116.92
"13936",170,3,939.66
"13937",168,2,880.13
"13938",34,1,71.66
"13939",22,7,1560.96
"13940",16,4,839.14
"13941",21,15,10027.18
"13942",534,1,320.00
"13943",577,1,246.54
"13944",652,1,200.43
"13945",394,2,854.15
"13946",78,6,1876.23
"13947",64,1,90.60
"13948",360,4,548.76
"13949",2,6,2427.32
"13950",10,4,745.06
"13951",175,3,674.45
"13952",210,14,12823.52
"13953",6,12,6640.68
"13954",1,2,439.92
"13955",153,3,544.07
"13956",4,5,1019.27
"13957",417,3,458.25
"13958",371,8,4709.23
"13959",78,6,1064.77
"13960",20,2,230.22
"13961",384,1,538.40
"13962",21,3,362.80
"13963",307,17,2860.57
"13964",386,2,438.90
"13965",454,3,996.61
"13966",434,1,384.26
"13967",145,2,166.30
"13968",422,1,123.66
"13969",6,35,12973.46
"13970",385,2,846.55
"13971",8,14,4667.57
"13972",70,2,190.25
"13973",286,1,264.70
"13974",48,2,677.72
"13975",30,12,5256.40
"13976",206,4,1192.36
"13977",410,1,519.81
"13978",14,2,196.79
"13979",72,7,3373.63
"13980",59,5,768.82
"13981",400,1,331.14
"13982",38,9,3954.29
"13983",29,21,6753.89
"13984",26,12,1893.80
"13985",3,22,10020.86
"13986",16,1,320.46
"13987",379,2,682.54
"13988",19,8,4757.80
"13989",65,5,2026.06
"13990",212,1,311.30
"13991",11,6,851.88
"13992",29,3,219.50
"13993",31,19,6775.71
"13994",3,6,2274.14
"13995",14,14,3902.01
"13996",385,2,845.76
"13997",518,3,376.46
"13998",446,3,566.70
"13999",9,29,9502.26
"14000",205,5,2046.34
"14001",45,9,4228.85
"14002",133,2,529.73
"14003",732,1,209.41
"14004",42,11,6258.45
"14005",9,5,2874.72
"14006",115,7,2196.67
"14007",512,1,79.48
"14008",374,1,509.04
"14009",197,3,1099.91
"14010",564,2,445.15
"14011",479,2,457.82
"14012",277,1,328.80
"14013",109,5,1084.57
"14014",76,3,1948.21
"14015",52,1,917.34
"14016",153,11,11303.41
"14017",570,1,229.75
"14018",644,1,367.15
"14019",46,3,1421.61
"14020",16,4,1249.01
"14021",154,7,1716.58
"14022",224,2,792.15
"14023",6,2,584.07
"14024",121,3,645.74
"14025",464,8,4057.90
"14026",470,2,713.11
"14027",60,1,104.82
"14028",549,3,10396.50
"14029",62,2,467.66
"14030",17,20,7521.80
"14031",6,44,39019.51
"14032",1,16,4546.41
"14033",554,1,109.44
"14034",21,3,648.89
"14035",28,9,2794.75
"14036",284,1,626.65
"14037",175,6,836.95
"14038",77,5,3069.88
"14039",32,2,267.28
"14040",40,35,12523.81
"14041",265,1,141.41
"14042",724,1,431.98
"14043",490,2,302.60
"14044",26,10,3073.95
"14045",108,16,10986.63
"14046",283,1,151.59
"14047",8,14,3968.11
"14048",276,3,748.69
"14049",16,13,13023.40
"14050",31,2,746.36
"14051",0,37,21770.98
"14052",19,2,466.66
"14053",123,4,572.30
"14054",64,1,92.46
"14055",105,3,1520.96
"14056",0,23,8152.71
"14057",23,22,8346.66
"14058",462,2,469.19
"14059",266,1,183.60
"14060",4,30,8898.24
"14061",506,3,917.43
"14062",9,24,25585.65
"14063",686,7,9471.50
"14064",28,15,3260.24
"14065",388,3,891.02
"14066",266,1,152.55
"14067",63,2,374.70
"14068",319,4,1516.72
"14069",514,2,225.81
"14070",684,1,321.60
"14071",3,8,1422.75
"14072",666,1,390.85
"14073",20,1,151.04
"14074",622,1,219.40
"14075",4,5,1724.87
"14076",128,1,118.67
"14077",40,6,615.08
"14078",101,9,1551.82
"14079",124,1,375.10
"14080",32,5,1115.68
"14081",266,10,4867.57
"14082",364,2,413.36
"14083",3,11,1082.19
"14084",511,1,150.50
"14085",1,32,9705.67
"14086",462,1,39.95
"14087",2,3,829.47
"14088",9,16,64036.80
"14089",56,1,158.75
"14090",324,1,76.32
"14091",653,2,9530.08
"14092",7,24,7229.45
"14093",11,1,433.86
"14094",439,1,311.77
"14095",722,1,2.95
"14096",3,17,53258.43
"14097",480,2,422.86
"14098",36,1,147.35
"14099",15,20,5750.91
"14100",137,1,191.95
"14101",73,13,9961.93
"14102",4,5,1105.88
"14104",154,5,740.53
"14105",84,5,5988.83
"14106",736,1,214.80
"14107",51,11,4877.30
"14108",30,4,1044.96
"14109",22,1,144.20
"14110",3,33,12987.95
"14111",13,4,692.85
"14112",22,13,5834.59
"14113",3,16,7092.61
"14114",273,7,1364.09
"14115",501,2,622.67
"14116",19,5,1382.74
"14117",143,1,90.00
"14118",428,1,458.45
"14119",353,2,183.37
"14120",429,NULL,NULL
"14121",3,4,2780.15
"14122",394,3,362.42
"14123",732,1,436.18
"14124",83,1,419.58
"14125",10,3,2720.63
"14126",7,4,1172.46
"14127",122,6,1900.08
"14128",60,3,924.21
"14129",1,9,2591.34
"14130",318,4,1858.77
"14131",648,1,168.22
"14132",1,11,3586.03
"14133",129,4,911.14
"14134",382,15,11123.35
"14135",1,24,8839.67
"14136",400,5,1570.81
"14137",681,1,332.70
"14138",1,2,965.88
"14139",45,4,1086.80
"14140",3,2,935.05
"14141",2,4,915.13
"14142",372,2,671.34
"14143",133,1,115.80
"14144",485,1,30.60
"14145",46,7,7600.05
"14146",8,12,9450.30
"14147",48,9,2590.20
"14148",233,2,466.29
"14149",212,1,446.62
"14150",35,2,658.64
"14151",672,2,679.45
"14152",74,7,1997.34
"14153",482,1,233.40
"14154",238,8,6460.70
"14155",265,1,118.75
"14156",9,144,303069.88
"14157",19,5,978.69
"14158",39,1,507.66
"14159",19,20,7849.58
"14160",609,7,8421.47
"14161",215,7,2996.93
"14162",173,2,289.36
"14163",86,5,2594.62
"14164",70,2,1631.77
"14165",275,1,120.44
"14166",504,2,251.15
"14167",38,8,1274.29
"14168",420,2,370.45
"14169",430,2,613.11
"14170",374,3,570.18
"14171",97,2,498.79
"14172",604,3,369.02
"14173",10,6,586.00
"14174",32,1,134.46
"14175",50,8,7678.88
"14176",296,5,756.46
"14177",84,13,2209.69
"14178",8,7,1580.26
"14179",40,2,701.57
"14180",10,33,6117.50
"14181",410,2,308.35
"14182",443,4,678.77
"14183",410,2,278.34
"14184",66,1,452.89
"14185",330,1,197.65
"14186",426,5,1550.63
"14187",473,1,123.50
"14188",8,6,2054.36
"14189",1,16,5503.15
"14190",665,1,79.90
"14191",1,15,4817.66
"14192",387,1,293.74
"14193",67,3,1210.19
"14194",4,36,18670.59
"14195",201,6,2615.60
"14196",106,1,335.52
"14197",410,1,390.05
"14198",3,9,1569.73
"14199",217,4,1091.70
"14200",616,1,379.20
"14201",59,10,1193.54
"14202",380,3,847.76
"14203",396,1,339.34
"14204",1,4,1024.83
"14205",16,9,2414.20
"14206",238,3,1185.01
"14207",687,1,157.80
"14208",94,2,567.05
"14209",10,15,4993.27
"14210",90,16,5556.57
"14211",52,18,4402.29
"14212",89,2,2190.14
"14213",371,1,1192.20
"14214",30,5,1004.38
"14215",11,9,3250.33
"14216",2,5,2150.04
"14217",1,23,3298.59
"14218",42,1,169.48
"14219",3,3,633.83
"14220",246,4,1515.00
"14221",41,17,6517.49
"14222",176,1,683.17
"14223",91,3,991.13
"14224",109,9,1841.71
"14225",434,4,2031.07
"14226",28,6,2985.13
"14227",25,15,6366.16
"14228",437,3,745.50
"14229",51,7,2594.04
"14230",435,3,979.80
"14231",178,4,1235.62
"14232",31,5,2048.07
"14233",43,7,2904.27
"14234",21,4,754.12
"14235",9,9,4717.99
"14236",80,5,1555.34
"14237",372,2,471.14
"14238",325,3,434.23
"14239",42,21,4263.17
"14240",29,3,1247.49
"14241",183,2,333.70
"14242",234,2,280.55
"14243",8,17,7217.75
"14244",658,1,366.42
"14245",175,2,1693.45
"14246",110,3,1474.06
"14247",277,5,753.56
"14248",317,3,1032.95
"14249",410,12,5400.46
"14250",6,3,1904.05
"14251",1,5,2879.70
"14252",380,1,350.99
"14253",492,2,363.40
"14254",432,1,601.03
"14256",253,5,2460.79
"14257",50,9,5954.45
"14258",8,25,32051.34
"14259",141,1,120.00
"14260",470,3,824.28
"14261",50,2,1163.45
"14262",7,8,2618.23
"14263",422,1,322.93
"14264",154,6,1517.36
"14265",108,4,1373.35
"14266",427,1,40.56
"14267",150,3,1516.24
"14268",470,1,354.85
"14269",434,1,295.73
"14270",331,1,492.65
"14271",225,2,214.18
"14272",73,4,920.81
"14273",50,4,559.97
"14274",685,1,256.60
"14275",395,6,1189.38
"14276",87,7,2102.68
"14277",14,8,16789.16
"14278",409,1,205.83
"14279",520,2,191.86
"14280",196,1,134.04
"14281",407,1,245.15
"14282",2,25,7250.76
"14283",462,4,628.44
"14284",30,3,1299.65
"14285",20,8,3284.42
"14286",23,7,8479.76
"14287",7,3,176.63
"14288",211,1,426.60
"14289",8,6,911.26
"14290",10,8,4516.56
"14291",1,23,7904.10
"14292",7,16,9226.25
"14293",2,9,2903.01
"14294",406,1,375.34
"14295",39,4,2352.91
"14296",413,2,456.40
"14297",17,4,1305.33
"14298",2,82,91194.49
"14299",7,27,14070.25
"14300",18,1,43.20
"14301",107,4,1992.18
"14302",430,3,742.90
"14303",406,2,277.94
"14304",222,3,1725.01
"14305",70,3,1858.96
"14306",50,6,3151.40
"14307",88,10,4287.92
"14309",7,11,3780.81
"14310",432,1,492.10
"14311",224,2,516.45
"14312",46,11,3090.29
"14314",106,2,229.80
"14315",20,8,3197.82
"14316",421,5,1370.34
"14317",64,1,508.58
"14318",459,1,158.02
"14319",423,1,494.85
"14320",206,5,1346.75
"14321",10,7,2218.06
"14322",426,4,474.10
"14323",114,2,605.06
"14324",409,2,701.61
"14325",569,1,245.48
"14326",234,3,940.98
"14327",162,6,1894.93
"14329",8,15,9887.62
"14330",623,1,200.63
"14331",123,2,462.66
"14332",22,5,1917.41
"14333",63,1,415.20
"14334",16,12,4318.48
"14335",15,2,454.86
"14336",16,4,1614.91
"14337",730,NULL,NULL
"14338",157,3,928.10
"14339",234,2,620.27
"14340",218,1,134.70
"14341",44,18,4452.02
"14342",20,6,918.44
"14343",420,4,1079.66
"14344",126,20,2993.05
"14345",38,1,108.98
"14346",120,5,2315.75
"14347",736,1,82.60
"14348",259,1,409.57
"14349",9,1,133.50
"14350",270,3,972.03
"14351",164,1,51.00
"14352",156,4,1078.96
"14353",214,3,376.50
"14354",5,2,163.62
"14355",365,3,840.05
"14356",59,2,701.23
"14357",42,1,225.12
"14358",388,2,400.06
"14359",18,3,912.18
"14360",31,4,2118.03
"14361",578,1,214.71
"14362",21,1,151.50
"14363",401,2,227.47
"14364",108,8,3717.35
"14365",394,2,634.68
"14366",524,1,136.00
"14367",7,16,9227.82
"14368",319,1,155.00
"14369",641,2,469.13
"14370",450,6,1175.78
"14371",294,1,100.50
"14372",442,2,860.08
"14373",357,1,76.55
"14374",540,1,108.00
"14375",184,3,1106.82
"14376",682,1,215.46
"14377",190,2,617.05
"14378",621,1,131.25
"14379",43,4,1265.16
"14381",51,2,625.94
"14382",25,2,1193.63
"14383",37,3,1247.69
"14384",500,1,58.50
"14385",8,3,202.11
"14386",296,1,142.40
"14387",32,3,1727.60
"14388",8,16,6388.20
"14389",8,5,1898.01
"14390",9,13,6150.03
"14391",576,1,135.60
"14392",431,1,266.40
"14393",217,1,67.95
"14394",564,1,93.80
"14395",1,20,7801.93
"14396",64,7,1969.38
"14397",0,19,2612.96
"14398",400,2,707.79
"14399",393,8,2108.21
"14400",140,3,1732.47
"14401",3,22,6795.90
"14402",651,1,285.60
"14403",129,6,1880.51
"14404",33,13,2724.13
"14405",386,1,195.00
"14406",118,1,156.75
"14407",106,5,2142.73
"14408",10,11,4102.27
"14409",70,9,3427.29
"14410",15,11,2630.90
"14411",310,1,1063.00
"14412",34,3,1426.19
"14413",361,3,421.72
"14414",91,8,2399.33
"14415",0,23,11980.09
"14416",21,2,490.22
"14417",387,1,524.65
"14418",3,3,1937.25
"14419",10,7,1254.64
"14420",84,4,1639.17
"14421",56,6,2469.37
"14422",0,19,10271.52
"14423",217,3,916.61
"14424",17,1,322.08
"14425",426,3,661.39
"14426",18,17,11727.94
"14427",49,4,1263.52
"14428",6,5,1224.06
"14429",403,1,516.28
"14430",511,3,1220.90
"14431",298,4,2614.20
"14432",9,6,2248.50
"14433",465,1,280.70
"14434",21,6,1372.80
"14435",501,1,90.42
"14436",98,2,271.70
"14437",365,5,873.34
"14438",305,1,131.90
"14439",319,5,9443.04
"14440",7,13,5982.03
"14441",0,11,4611.69
"14442",1,7,5367.02
"14443",53,5,2082.97
"14444",455,1,120.44
"14445",455,1,221.65
"14446",0,5,1195.48
"14447",18,6,1711.73
"14448",8,2,375.35
"14449",18,8,2230.96
"14450",180,7,1128.44
"14451",59,12,3258.68
"14452",10,4,658.95
"14453",189,1,119.93
"14454",375,5,977.30
"14455",431,4,617.72
"14456",4,9,3014.32
"14457",310,1,113.64
"14458",380,1,219.27
"14459",154,2,5375.74
"14460",109,9,1093.50
"14461",147,13,6676.52
"14462",63,12,2237.81
"14463",97,4,786.57
"14464",567,2,111.00
"14465",246,11,3925.85
"14466",28,13,4267.15
"14467",17,12,2203.24
"14468",733,1,204.24
"14469",415,4,2093.46
"14470",11,3,712.04
"14471",590,2,400.95
"14472",103,9,2118.72
"14473",73,2,234.34
"14474",42,2,1258.89
"14475",71,4,1151.15
"14476",256,1,193.00
"14477",19,7,1969.60
"14478",381,4,1276.66
"14479",253,4,1124.71
"14480",10,4,1299.52
"14481",164,5,2284.69
"14482",17,12,4306.72
"14483",149,2,257.10
"14484",49,4,1070.98
"14485",38,1,162.80
"14486",511,2,175.50
"14487",26,7,1266.27
"14488",50,1,1064.28
"14489",206,4,1574.93
"14490",405,2,1273.47
"14491",174,2,340.93
"14492",429,7,1921.91
"14493",6,10,5087.86
"14494",25,3,401.46
"14495",50,3,174.80
"14496",311,7,2363.89
"14497",300,2,697.06
"14498",42,10,3900.83
"14499",25,7,2101.79
"14500",87,3,356.85
"14501",63,2,251.21
"14502",19,11,2426.79
"14503",2,6,3543.26
"14504",46,4,673.26
"14505",16,19,11873.08
"14506",16,7,2960.25
"14507",23,11,3216.74
"14508",21,5,822.92
"14509",533,1,110.95
"14510",375,3,979.85
"14511",10,5,1314.81
"14512",187,7,1215.97
"14513",100,6,788.01
"14514",60,9,4380.04
"14515",17,12,3724.06
"14516",515,1,151.17
"14517",32,2,330.45
"14518",63,1,174.37
"14519",683,2,203.14
"14520",1,2,270.60
"14521",476,1,199.45
"14522",23,8,1748.42
"14523",107,1,241.09
"14524",31,13,2909.86
"14525",8,17,8018.59
"14526",388,1,258.65
"14527",2,121,27191.10
"14528",36,1,364.22
"14529",59,3,578.61
"14530",25,16,6088.87
"14531",479,1,376.34
"14532",235,11,3845.78
"14533",24,11,3466.37
"14534",2,26,6183.06
"14535",58,9,5961.89
"14536",259,1,170.95
"14537",57,2,641.40
"14538",64,5,1370.84
"14539",15,2,537.48
"14540",9,11,3709.64
"14541",58,14,2491.38
"14542",185,1,103.25
"14543",3,39,14548.22
"14544",23,3,2938.53
"14545",673,1,349.25
"14546",3,11,5184.84
"14547",3,8,3974.75
"14548",150,9,2541.29
"14549",310,4,913.60
"14550",10,4,1345.06
"14551",17,7,878.09
"14552",151,3,507.93
"14553",18,9,1818.60
"14554",9,4,2279.49
"14555",56,6,2304.03
"14556",595,3,815.69
"14557",63,1,788.38
"14558",652,3,655.50
"14559",389,1,75.60
"14560",6,44,6114.03
"14561",75,3,1080.76
"14562",3,26,6638.15
"14563",509,2,625.42
"14564",426,2,2605.62
"14565",95,5,3709.22
"14566",110,4,4092.00
"14567",34,2,1530.36
"14568",423,1,919.70
"14569",0,4,597.33
"14570",280,3,512.40
"14571",424,1,160.00
"14572",2,11,5520.98
"14573",179,13,2163.12
"14574",732,1,143.70
"14575",487,1,420.22
"14576",371,1,35.40
"14577",12,7,1364.15
"14578",2,1,168.63
"14579",431,1,105.56
"14580",517,1,14.85
"14581",16,2,409.65
"14582",40,1,114.11
"14583",5,8,1660.29
"14584",168,8,1738.16
"14585",49,5,1143.27
"14586",226,1,237.36
"14587",18,9,1580.29
"14588",577,1,135.39
"14589",371,1,39.75
"14590",424,20,2993.37
"14591",14,4,1320.21
"14592",34,3,557.94
"14593",21,12,3658.03
"14594",6,2,363.33
"14595",19,8,2164.45
"14596",626,1,222.22
"14597",10,6,2184.63
"14598",43,2,384.04
"14599",389,2,457.89
"14600",305,2,865.17
"14601",10,1,213.96
"14602",655,1,205.36
"14603",274,1,660.00
"14604",632,1,136.36
"14605",373,4,920.71
"14606",0,184,29648.75
"14607",15,20,22575.13
"14608",3,10,3342.94
"14609",71,10,1486.20
"14610",395,2,24.35
"14611",438,2,604.33
"14612",414,1,877.70
"14613",679,1,76.32
"14614",385,1,295.13
"14615",393,5,951.76
"14616",242,5,527.78
"14617",402,2,190.47
"14618",8,7,1342.32
"14619",238,2,1291.24
"14620",203,2,412.78
"14621",0,9,3000.57
"14622",184,1,320.58
"14623",31,10,2012.30
"14624",56,6,814.07
"14625",184,11,4497.88
"14626",8,11,5410.92
"14627",311,1,462.75
"14628",90,5,1998.00
"14629",3,2,955.26
"14630",483,1,338.65
"14631",50,6,2025.69
"14632",262,1,114.56
"14633",265,1,344.90
"14634",437,4,2124.46
"14635",453,1,215.22
"14636",35,2,609.85
"14637",676,1,106.68
"14638",50,1,443.60
"14639",51,9,4978.96
"14640",15,10,3649.36
"14641",21,1,110.46
"14642",58,1,96.12
"14643",169,5,1679.89
"14644",8,7,2247.72
"14645",156,3,876.89
"14646",1,146,526751.52
"14647",200,2,506.04
"14648",403,15,4463.39
"14649",4,9,3651.19
"14650",588,1,62.50
"14651",66,9,2025.52
"14652",76,1,114.18
"14653",0,11,3404.80
"14654",737,1,246.86
"14655",3,7,3878.51
"14656",168,5,790.00
"14657",17,6,1450.19
"14658",4,2,247.15
"14659",8,9,2529.93
"14660",86,2,285.74
"14661",26,1,107.95
"14662",28,7,1376.43
"14663",429,2,490.60
"14664",19,2,636.24
"14665",60,7,2749.65
"14666",23,1,179.95
"14667",10,54,20359.59
"14668",444,1,111.63
"14669",241,7,3216.78
"14670",279,3,583.33
"14671",548,2,1127.45
"14672",234,4,1113.14
"14673",2,7,3037.32
"14674",508,1,173.66
"14675",15,2,1015.58
"14676",30,12,8356.79
"14677",592,1,184.91
"14678",570,1,403.39
"14679",371,3,1289.44
"14680",24,58,55688.50
"14681",70,6,875.15
"14682",187,6,1514.81
"14683",587,1,146.56
"14684",25,6,1430.03
"14685",575,8,4536.64
"14686",413,5,852.53
"14687",106,3,1402.06
"14688",7,28,7190.42
"14689",208,1,112.80
"14690",43,4,777.68
"14691",30,5,2114.33
"14692",136,12,1715.14
"14693",264,7,1165.36
"14694",616,1,244.31
"14695",518,3,1534.22
"14696",3,8,2473.28
"14697",217,2,188.61
"14698",1,5,1217.27
"14699",213,4,702.60
"14700",31,5,3076.06
"14701",10,15,4487.11
"14702",0,29,6356.98
"14703",14,1,318.17
"14704",19,9,1720.58
"14705",198,1,179.00
"14706",618,1,367.54
"14707",435,2,139.20
"14708",2,5,1793.22
"14709",14,25,8886.33
"14710",13,13,1899.79
"14711",9,11,2839.62
"14712",28,4,1328.07
"14713",8,21,5115.36
"14714",23,4,906.24
"14715",24,8,1809.55
"14716",42,3,543.28
"14717",732,1,81.30
"14718",409,1,226.42
"14719",1,5,1581.84
"14720",5,3,663.81
"14721",378,1,109.07
"14722",146,3,489.52
"14723",9,11,1801.36
"14724",589,1,341.90
"14725",24,4,1246.86
"14726",654,1,116.50
"14727",273,3,461.03
"14728",412,1,190.58
"14729",373,3,586.24
"14730",0,8,1897.57
"14731",46,3,380.02
"14732",7,19,5517.07
"14733",8,15,14335.15
"14734",415,4,1056.42
"14735",3,55,12225.16
"14736",484,2,374.05
"14737",3,4,3554.17
"14738",38,9,1821.90
"14739",1,25,11573.62
"14740",190,11,4161.06
"14741",11,7,1713.09
"14742",434,1,579.85
"14743",592,1,50.48
"14744",15,14,3660.08
"14745",112,12,2551.41
"14746",405,4,593.50
"14747",247,1,328.20
"14748",28,10,2681.90
"14749",479,1,310.15
"14750",735,1,112.03
"14751",683,2,126.45
"14752",43,1,389.64
"14753",86,2,869.51
"14754",44,6,1547.93
"14755",9,25,9972.55
"14756",14,3,2603.76
"14757",74,1,420.50
"14758",144,7,2864.97
"14759",4,3,1625.97
"14760",293,1,89.20
"14761",58,3,447.92
"14762",263,2,417.57
"14763",731,NULL,NULL
"14764",43,1,278.30
"14765",28,3,254.11
"14766",7,11,6375.73
"14767",473,1,382.81
"14768",16,2,192.60
"14769",2,17,15512.46
"14770",231,8,3637.64
"14771",605,2,594.62
"14772",111,1,139.26
"14773",588,1,140.55
"14774",528,1,241.45
"14775",57,3,1011.90
"14776",50,15,3708.30
"14777",3,1,307.56
"14778",126,2,730.86
"14779",280,3,386.15
"14780",54,2,447.68
"14782",319,1,200.10
"14783",654,1,307.30
"14784",25,3,449.93
"14785",9,2,77.40
"14786",549,1,90.96
"14787",470,1,110.65
"14788",6,3,1156.32
"14789",28,1,197.64
"14790",16,10,2526.62
"14791",606,1,303.63
"14792",63,1,6.20
"14793",3,2,625.90
"14794",2,10,1953.90
"14795",165,1,131.45
"14796",0,27,10167.77
"14797",506,1,300.31
"14798",52,8,724.31
"14799",50,2,338.15
"14800",47,17,7180.08
"14801",60,1,189.34
"14803",161,3,845.55
"14804",8,1,353.27
"14805",14,7,1082.55
"14806",74,2,303.43
"14807",390,2,504.14
"14808",39,8,2718.60
"14809",620,2,686.76
"14810",40,13,2354.03
"14811",386,1,170.50
"14812",598,1,178.85
"14813",369,4,888.91
"14814",580,1,152.96
"14815",36,2,778.50
"14816",196,1,271.85
"14817",199,7,3609.86
"14818",73,6,1153.56
"14819",63,4,456.41
"14820",20,9,1274.76
"14821",366,7,1230.15
"14822",484,1,157.70
"14823",179,3,321.43
"14824",9,10,4022.91
"14825",3,24,4735.08
"14826",581,2,385.20
"14828",196,13,9839.46
"14829",28,7,1455.87
"14830",52,1,188.03
"14831",573,3,1676.57
"14833",498,1,94.80
"14834",17,7,2206.16
"14835",526,2,297.00
"14836",9,3,102.45
"14837",89,9,3460.32
"14838",422,2,769.92
"14839",417,3,915.28
"14840",267,2,362.71
"14841",52,14,7163.00
"14842",34,4,2824.69
"14843",436,1,211.80
"14844",63,10,6702.43
"14845",599,1,150.00
"14846",422,1,437.40
"14847",148,3,1348.95
"14848",404,1,310.56
"14849",21,43,15407.61
"14850",311,7,1770.96
"14851",22,3,829.41
"14852",57,18,6132.43
"14853",8,5,1376.87
"14854",77,11,4303.06
"14855",118,7,6520.30
"14856",35,3,1290.53
"14857",59,7,3651.85
"14858",505,1,180.75
"14859",12,5,1705.64
"14860",8,1,170.32
"14861",51,10,1380.73
"14862",25,2,841.20
"14863",28,1,266.76
"14864",730,NULL,NULL
"14865",6,4,92.52
"14866",10,17,20700.04
"14867",185,16,2952.06
"14868",2,12,4184.01
"14869",3,6,2778.14
"14870",261,6,1838.95
"14871",2,9,1228.17
"14872",480,3,816.60
"14873",209,2,854.13
"14874",534,1,116.18
"14875",8,3,2862.40
"14876",520,2,256.70
"14877",417,2,425.85
"14878",12,25,4076.50
"14879",684,1,185.06
"14880",76,3,690.59
"14881",19,1,255.40
"14882",26,14,3546.65
"14883",18,6,761.59
"14884",668,1,120.60
"14885",131,3,1598.12
"14886",252,1,364.80
"14887",78,1,1862.00
"14888",206,1,369.20
"14889",335,1,135.90
"14890",253,3,817.25
"14891",147,4,1106.73
"14892",690,1,202.35
"14893",9,3,1809.61
"14894",84,3,1492.81
"14895",7,38,25119.54
"14896",204,8,1826.00
"14897",7,8,3140.54
"14898",22,14,3365.95
"14899",394,1,1331.38
"14900",521,1,13.92
"14901",10,12,1919.00
"14902",20,3,1035.62
"14903",20,5,2795.33
"14904",1,4,1630.49
"14905",153,8,1971.39
"14907",2,16,5547.72
"14908",73,2,381.90
"14909",427,3,1404.68
"14910",2,4,434.35
"14911",0,373,272252.79
"14912",16,5,1849.58
"14913",35,8,4073.13
"14914",605,NULL,NULL
"14915",85,11,1811.25
"14916",70,8,3042.95
"14917",596,2,1123.75
"14918",115,9,5955.81
"14919",538,1,359.35
"14920",212,3,1607.17
"14921",29,2,1316.07
"14922",393,2,843.74
"14923",50,1,749.10
"14924",245,3,931.01
"14925",730,NULL,NULL
"14926",381,2,359.40
"14927",396,1,308.20
"14928",618,1,223.91
"14929",31,2,836.69
"14930",108,6,5236.73
"14931",4,4,864.68
"14932",365,2,566.13
"14933",443,4,1770.00
"14934",72,5,3403.50
"14935",296,2,2849.83
"14936",8,12,12410.81
"14937",56,3,1621.88
"14938",501,2,2322.43
"14940",417,2,531.49
"14941",578,1,182.10
"14942",401,4,746.56
"14943",662,1,107.62
"14944",29,19,9684.67
"14945",413,1,179.40
"14946",13,1,100.90
"14947",71,6,1049.79
"14948",22,6,1101.97
"14949",459,4,515.00
"14950",8,1,371.20
"14951",78,1,311.69
"14952",45,32,17629.35
"14953",24,4,968.82
"14954",11,2,462.12
"14955",732,1,163.77
"14956",420,1,1325.00
"14957",252,2,261.69
"14958",146,6,941.99
"14959",58,4,695.42
"14960",7,2,221.27
"14961",10,22,16410.15
"14962",270,4,366.91
"14963",9,12,3123.57
"14964",246,1,206.21
"14965",95,2,596.09
"14966",14,6,1064.26
"14967",49,6,1982.61
"14968",29,2,497.49
"14969",703,1,906.23
"14970",67,12,4919.35
"14971",34,3,1097.98
"14972",127,2,145.07
"14973",106,3,1314.45
"14974",36,1,89.94
"14975",56,2,472.39
"14976",56,6,774.86
"14977",725,1,31.93
"14978",71,10,3112.19
"14979",734,1,429.66
"14980",736,1,150.68
"14981",245,2,372.92
"14982",571,1,234.88
"14983",688,1,183.20
"14984",18,6,1260.51
"14985",197,2,292.01
"14986",375,2,563.10
"14987",15,8,1550.65
"14988",211,7,2038.65
"14989",661,1,342.40
"14990",611,2,304.17
"14991",429,1,314.67
"14992",441,1,210.50
"14993",563,1,36.13
"14994",381,5,942.77
"14995",38,2,231.98
"14996",480,2,442.29
"14997",45,4,776.60
"14998",169,4,753.18
"14999",592,1,129.48
"15000",47,1,490.52
"15001",393,2,197.11
"15002",115,9,4138.08
"15003",472,6,1027.03
"15004",146,1,1220.38
"15005",15,56,13752.58
"15006",50,2,752.83
"15007",158,1,156.91
"15008",479,2,360.00
"15009",11,3,1259.43
"15010",35,1,308.94
"15011",395,2,416.60
"15012",53,3,646.26
"15013",487,10,1610.82
"15014",42,2,257.67
"15015",500,13,2344.47
"15016",172,5,620.89
"15017",33,1,125.58
"15018",38,3,496.21
"15019",266,1,252.81
"15020",378,1,198.47
"15021",8,12,2500.59
"15022",11,5,1133.44
"15023",2,20,11555.50
"15024",9,16,3559.39
"15025",32,2,971.84
"15026",79,5,1044.09
"15027",30,10,3195.60
"15028",7,6,962.94
"15029",617,1,365.10
"15030",71,8,1979.91
"15031",3,14,3102.94
"15032",255,8,11010.05
"15033",4,10,2553.88
"15034",15,14,8231.20
"15035",89,1,252.73
"15036",71,3,429.56
"15037",375,2,397.76
"15038",42,9,1146.53
"15039",9,93,39141.48
"15040",541,1,7.49
"15041",169,2,288.98
"15042",198,2,315.45
"15043",30,6,2855.32
"15044",18,32,15769.01
"15045",151,2,735.66
"15046",8,25,7604.84
"15047",269,1,343.62
"15048",64,4,381.00
"15049",273,1,121.17
"15050",24,5,4087.19
"15051",22,9,3926.91
"15052",318,1,207.73
"15053",4,3,693.95
"15054",11,2,302.10
"15055",474,3,549.12
"15056",519,1,113.65
"15057",274,5,3255.96
"15058",24,16,3387.58
"15059",40,19,3490.40
"15060",7,4,293.00
"15061",3,127,126387.57
"15062",70,8,2585.62
"15063",212,1,370.80
"15064",409,4,1154.41
"15065",37,5,3326.86
"15066",31,1,893.59
"15067",77,5,3862.88
"15068",45,4,1174.90
"15069",178,1,1109.53
"15070",372,3,737.05
"15071",93,4,1455.56
"15072",478,1,187.52
"15073",9,8,2788.02
"15074",104,3,1553.13
"15075",77,1,773.03
"15076",172,3,1447.74
"15077",455,2,2428.08
"15078",6,52,17276.73
"15079",212,11,3625.40
"15080",427,2,546.25
"15081",21,12,1854.57
"15082",668,1,93.35
"15083",256,1,88.20
"15084",379,2,965.20
"15085",729,1,347.54
"15086",564,2,218.53
"15087",281,1,306.94
"15088",20,2,1160.07
"15089",9,6,2420.84
"15090",307,1,381.32
"15091",53,3,1046.61
"15092",214,3,776.46
"15093",17,23,13702.38
"15094",462,2,83.00
"15095",103,10,3141.64
"15096",42,1,219.39
"15097",3,3,908.35
"15098",181,3,39916.50
"15099",83,1,410.48
"15100",329,7,2193.90
"15101",8,6,1477.94
"15102",530,2,554.67
"15103",30,2,703.36
"15104",166,2,993.54
"15105",17,9,3094.91
"15106",17,5,1422.52
"15107",310,9,824.35
"15108",141,3,1159.25
"15109",240,3,983.10
"15110",23,6,1505.85
"15111",28,5,2442.37
"15112",610,1,209.40
"15113",9,3,3509.04
"15114",29,12,3400.12
"15115",17,2,531.85
"15116",17,4,1352.75
"15117",14,8,2485.97
"15118",133,1,244.80
"15119",245,1,266.40
"15120",129,1,358.82
"15121",49,2,457.72
"15122",84,11,4487.27
"15123",6,5,4656.17
"15124",22,4,450.82
"15125",24,24,17024.87
"15126",536,2,449.49
"15127",65,2,711.50
"15128",59,5,1783.68
"15129",49,23,6860.18
"15130",169,1,330.11
"15131",394,1,80.28
"15132",17,5,977.93
"15133",127,5,1806.90
"15134",14,10,1596.29
"15135",232,2,305.68
"15136",2,4,1286.70
"15137",520,2,823.40
"15138",384,1,502.52
"15139",239,2,178.96
"15140",51,8,3243.69
"15141",457,7,1388.47
"15142",45,6,2619.92
"15143",225,2,563.63
"15144",7,29,12160.31
"15145",3,4,1194.73
"15146",164,2,1327.16
"15147",218,1,623.50
"15148",10,1,301.29
"15149",133,4,1524.61
"15150",16,13,8977.94
"15151",422,2,2085.61
"15152",9,14,5263.83
"15153",30,1,329.25
"15154",73,3,1343.72
"15155",382,1,383.97
"15156",0,3,961.49
"15157",3,5,2654.11
"15158",44,2,606.02
"15159",1,34,22116.73
"15160",356,4,589.27
"15161",387,1,119.92
"15162",728,1,312.90
"15163",17,2,304.47
"15164",68,9,2028.11
"15165",372,1,487.75
"15166",467,1,167.16
"15167",320,5,1627.62
"15168",25,1,106.56
"15169",381,2,569.22
"15170",406,1,81.15
"15171",324,1,1289.50
"15172",8,5,1624.05
"15173",380,7,1494.60
"15174",322,2,481.46
"15175",71,1,224.14
"15176",596,1,988.04
"15177",425,1,948.93
"15178",259,1,40.50
"15179",17,13,7491.92
"15180",366,3,816.93
"15181",65,5,1200.20
"15182",153,11,2998.95
"15183",547,3,639.93
"15184",28,4,685.39
"15185",69,1,310.62
"15186",13,5,1403.20
"15187",1,15,4762.18
"15188",724,1,310.43
"15189",0,46,17524.38
"15190",433,1,834.44
"15191",462,3,588.05
"15192",119,5,1666.39
"15193",60,1,499.32
"15194",2,28,12021.53
"15195",2,1,3861.00
"15196",432,2,313.70
"15197",8,6,1877.51
"15198",91,5,571.35
"15199",58,10,3122.40
"15200",494,1,549.05
"15201",78,7,1842.95
"15203",25,15,4400.18
"15204",356,1,316.58
"15205",84,2,653.24
"15206",9,4,420.30
"15207",409,3,683.92
"15208",0,6,970.52
"15209",729,1,178.98
"15210",224,3,1176.19
"15211",59,2,894.41
"15212",238,2,208.28
"15213",318,2,328.35
"15214",1,8,1661.44
"15215",44,7,2422.43
"15216",87,2,486.09
"15217",562,1,426.24
"15218",10,22,11453.83
"15219",175,2,685.45
"15220",51,6,1778.96
"15221",365,4,2062.20
"15222",318,11,3550.91
"15223",225,5,1417.95
"15224",357,5,871.36
"15225",233,1,409.40
"15226",310,1,154.41
"15227",36,9,2488.49
"15228",65,6,5580.27
"15229",585,1,160.50
"15230",238,2,429.60
"15231",595,1,250.26
"15232",112,2,612.06
"15233",400,1,59.40
"15234",276,1,197.00
"15235",217,16,2772.76
"15236",298,1,321.05
"15237",1,4,1412.32
"15238",28,3,1071.99
"15239",9,2,780.59
"15240",44,12,4459.98
"15241",66,11,3050.16
"15242",421,1,302.04
"15243",73,2,927.28
"15244",64,3,912.08
"15245",133,8,4610.84
"15246",237,3,780.40
"15247",121,3,976.06
"15248",410,3,1893.93
"15249",31,18,9266.00
"15250",640,1,60.00
"15251",8,21,20324.54
"15252",35,5,2103.41
"15253",15,8,2055.09
"15254",126,3,1088.35
"15255",66,9,3706.02
"15256",148,2,170.40
"15257",280,2,685.90
"15258",168,2,623.16
"15259",512,4,1182.38
"15260",99,25,8767.73
"15261",134,4,1508.00
"15262",323,3,418.82
"15263",106,1,156.51
"15264",63,2,848.40
"15265",150,4,3345.64
"15266",337,5,852.21
"15267",21,5,1717.36
"15268",478,3,961.90
"15269",23,3,1225.36
"15270",15,21,8524.86
"15271",6,24,4528.54
"15272",56,6,2030.95
"15273",599,1,228.96
"15274",3,2,716.57
"15275",30,1,615.14
"15276",65,4,619.80
"15277",46,2,476.34
"15278",561,4,496.16
"15279",354,5,1580.54
"15280",171,3,397.52
"15281",58,16,8543.57
"15282",569,1,348.59
"15283",389,3,148.33
"15284",499,1,24.75
"15285",407,1,94.92
"15286",49,1,240.55
"15287",21,5,856.03
"15288",42,10,3706.53
"15289",28,5,1593.09
"15290",4,26,10496.28
"15291",25,39,13472.76
"15292",200,1,178.39
"15293",665,1,247.50
"15294",399,1,233.35
"15295",653,1,207.04
"15296",43,12,10323.03
"15297",9,3,641.94
"15298",1,23,9061.77
"15299",66,9,5556.53
"15300",63,1,496.44
"15301",50,17,6909.67
"15302",721,1,308.00
"15303",289,3,1224.18
"15304",60,9,796.40
"15305",554,1,93.60
"15306",63,9,3484.73
"15307",95,1,205.30
"15308",270,1,310.47
"15309",610,4,797.96
"15310",478,1,1634.64
"15311",0,207,114671.42
"15312",74,12,2930.19
"15313",109,1,52.00
"15314",198,3,820.45
"15315",63,2,570.50
"15316",326,1,165.00
"15317",676,1,129.75
"15318",3,1,312.62
"15319",283,1,204.50
"15320",43,1,267.13
"15321",48,12,6709.73
"15322",63,2,1390.86
"15323",532,3,434.60
"15324",700,1,140.22
"15325",103,8,1601.46
"15326",333,5,1700.52
"15327",52,1,208.75
"15328",407,1,107.24
"15329",34,11,2958.83
"15330",31,2,714.96
"15331",499,3,767.91
"15332",365,6,4892.68
"15333",207,1,1028.56
"15334",156,3,347.87
"15335",53,1,170.22
"15336",401,1,240.50
"15337",402,1,373.02
"15338",676,1,277.93
"15339",65,7,1821.02
"15340",561,1,105.50
"15341",80,2,2402.72
"15342",115,1,406.09
"15343",86,1,364.50
"15344",0,3,563.94
"15345",34,1,393.54
"15346",332,3,596.12
"15347",365,4,1162.00
"15348",71,1,158.04
"15349",157,2,463.91
"15350",372,2,547.60
"15351",11,10,3430.22
"15352",548,1,111.15
"15353",254,7,2794.47
"15355",28,2,277.05
"15356",30,13,3239.57
"15358",4,42,16425.86
"15359",554,8,181.35
"15360",39,1,427.93
"15361",361,4,689.07
"15362",448,2,613.08
"15363",240,2,678.11
"15364",95,2,913.19
"15365",25,13,4557.13
"15366",74,7,2389.08
"15367",56,11,5081.33
"15368",20,2,722.74
"15369",374,11,6251.26
"15370",40,8,3739.01
"15371",661,1,59.40
"15372",136,8,6017.06
"15373",7,17,3084.54
"15374",128,2,307.32
"15375",689,1,60.96
"15376",39,3,1221.56
"15377",382,4,1211.75
"15378",462,2,246.50
"15379",168,8,4877.84
"15380",8,11,3248.96
"15381",213,5,1890.57
"15382",14,12,13733.55
"15384",169,4,2027.79
"15385",39,3,942.08
"15386",185,1,394.14
"15387",491,1,468.65
"15388",269,1,140.54
"15389",171,5,2733.80
"15390",395,2,1216.66
"15391",570,1,289.87
"15392",4,7,2911.62
"15393",15,5,891.34
"15394",9,11,5286.80
"15395",325,1,107.45
"15396",112,2,796.38
"15397",289,1,94.00
"15398",15,2,1345.53
"15399",0,3,815.77
"15400",91,8,1302.30
"15401",451,2,216.95
"15402",148,6,1830.12
"15403",491,2,170.88
"15404",375,1,257.06
"15405",188,2,659.84
"15406",17,4,975.87
"15407",33,4,1046.74
"15408",263,1,267.18
"15409",701,1,131.25
"15410",83,10,4685.72
"15411",25,4,1348.93
"15412",170,1,190.53
"15413",691,5,6798.72
"15414",9,3,774.90
"15415",312,1,559.61
"15416",64,7,4572.82
"15417",84,1,508.80
"15418",424,2,449.42
"15419",24,1,135.86
"15420",433,6,743.00
"15421",58,10,3805.34
"15422",322,7,1619.97
"15423",37,3,266.89
"15424",253,3,597.78
"15425",399,4,1941.12
"15426",18,9,2156.35
"15427",32,3,1430.54
"15428",14,4,762.75
"15429",26,2,397.35
"15430",467,2,954.75
"15431",502,1,153.24
"15432",22,2,320.76
"15433",78,2,533.30
"15434",7,11,2567.06
"15435",21,1,149.29
"15436",11,3,1067.75
"15437",261,2,393.45
"15438",130,1,156.58
"15439",404,4,1269.05
"15440",54,3,383.68
"15441",395,3,1254.21
"15442",248,1,594.00
"15443",1,14,5114.23
"15444",8,2,1411.21
"15445",263,2,284.50
"15446",376,3,396.75
"15447",330,5,492.88
"15448",312,2,788.81
"15449",25,3,974.52
"15450",29,1,429.84
"15451",433,2,226.86
"15452",29,6,1785.11
"15453",1,7,1371.77
"15454",361,2,303.89
"15455",597,1,38.25
"15456",282,10,2091.52
"15457",261,1,237.07
"15458",24,2,370.44
"15459",416,2,202.83
"15460",353,1,214.26
"15461",460,2,429.70
"15462",93,4,737.05
"15463",28,1,126.14
"15464",337,1,1044.65
"15465",19,32,12100.40
"15466",84,4,1560.46
"15467",8,3,524.88
"15468",34,3,1430.48
"15469",42,3,874.25
"15470",575,1,63.42
"15471",1,3,1292.01
"15472",112,1,371.56
"15473",13,8,2046.00
"15474",595,1,150.35
"15475",76,1,454.11
"15476",379,4,2209.98
"15477",649,1,368.40
"15478",39,3,1940.98
"15479",732,1,147.40
"15480",115,3,3592.25
"15481",400,1,1993.34
"15482",15,18,14377.36
"15483",160,10,810.68
"15484",0,6,4652.10
"15485",29,7,4810.92
"15486",526,1,102.00
"15487",679,1,231.32
"15488",92,5,431.92
"15489",22,8,2419.61
"15490",429,1,210.85
"15491",94,6,3100.09
"15492",27,2,659.46
"15493",32,9,4113.19
"15494",20,5,3702.60
"15495",378,1,246.50
"15496",630,1,146.14
"15497",17,9,8657.39
"15498",2,44,24972.86
"15499",723,1,158.65
"15500",7,4,1131.56
"15501",404,2,399.95
"15502",15,12,9542.92
"15503",362,2,257.30
"15504",80,4,391.45
"15505",52,5,3610.96
"15506",22,6,2030.33
"15507",171,1,475.86
"15508",188,6,1000.27
"15509",379,1,152.41
"15510",330,1,250.00
"15511",11,5,900.53
"15512",155,4,331.58
"15513",30,35,26437.05
"15514",11,18,6388.28
"15515",386,1,171.81
"15516",44,3,62.43
"15517",232,1,267.03
"15518",63,15,4189.99
"15519",382,2,344.61
"15520",1,1,343.50
"15521",35,16,7087.64
"15522",32,2,397.99
"15523",83,16,17259.19
"15524",24,2,591.40
"15525",1,4,887.72
"15526",32,2,148.44
"15527",18,23,5554.04
"15528",253,1,229.33
"15529",22,12,4781.11
"15530",21,5,1808.68
"15531",7,2,1972.39
"15532",24,10,3717.20
"15533",18,3,807.57
"15534",725,1,162.25
"15535",172,6,1044.37
"15536",408,1,259.09
"15537",162,1,110.92
"15538",537,6,3358.40
"15539",6,1,538.46
"15540",10,2,460.68
"15541",113,1,85.13
"15542",511,3,855.71
"15543",287,2,242.26
"15544",8,20,7807.89
"15545",53,2,288.97
"15546",606,2,1079.10
"15547",6,26,10002.65
"15548",595,1,158.09
"15549",76,8,2330.41
"15550",3,12,2211.05
"15551",36,7,1679.81
"15552",216,2,252.52
"15553",59,1,428.93
"15554",277,1,217.20
"15555",11,36,11233.78
"15556",23,1,279.77
"15557",28,1,468.91
"15558",638,1,202.68
"15559",567,1,1109.40
"15560",397,2,153.52
"15561",11,8,1934.39
"15562",351,3,671.43
"15563",8,6,2820.46
"15564",462,2,70.74
"15565",49,2,173.16
"15566",392,2,227.87
"15567",18,1,186.01
"15568",2,3,758.29
"15569",103,10,3583.45
"15570",6,25,8736.49
"15571",11,14,3892.35
"15572",4,10,3965.20
"15573",31,5,1180.47
"15574",177,6,1101.44
"15575",619,1,30.10
"15576",37,1,921.37
"15577",150,5,396.03
"15578",161,1,127.10
"15579",68,5,1250.63
"15580",376,8,1375.39
"15581",155,34,4505.16
"15582",24,3,682.91
"15583",375,1,95.96
"15584",23,6,1268.20
"15585",176,1,455.30
"15586",590,3,1139.10
"15587",49,7,1522.08
"15588",677,1,579.60
"15589",252,3,478.53
"15590",381,5,1496.60
"15591",582,3,217.90
"15592",46,1,388.58
"15593",70,1,199.80
"15594",15,5,1771.78
"15595",487,1,357.60
"15596",100,9,2727.72
"15597",29,2,563.37
"15598",34,2,548.02
"15599",26,3,1250.06
"15600",427,4,1199.31
"15601",10,30,14191.74
"15602",7,16,3137.96
"15603",78,2,88.48
"15604",51,1,216.39
"15605",35,9,1741.95
"15606",56,17,5230.99
"15607",336,9,1708.97
"15608",27,5,1785.98
"15609",182,1,298.48
"15610",51,1,112.46
"15611",9,24,2976.28
"15612",35,2,195.15
"15613",609,1,433.72
"15614",427,4,3147.36
"15615",9,47,21373.97
"15616",437,1,317.11
"15617",395,3,828.55
"15618",32,4,776.85
"15619",10,1,336.40
"15620",49,4,1942.36
"15621",3,4,1293.03
"15622",2,17,7852.61
"15623",140,8,2437.05
"15624",116,4,588.13
"15625",99,9,3236.40
"15626",74,3,1067.52
"15627",456,2,566.90
"15628",4,17,5333.08
"15629",449,4,2240.90
"15630",44,3,1481.40
"15631",641,1,596.67
"15632",15,8,3285.31
"15633",508,13,4335.96
"15634",16,2,554.65
"15635",395,1,100.35
"15636",89,4,1444.58
"15637",52,5,797.59
"15638",300,6,2265.20
"15639",133,3,1065.08
"15640",3,29,23459.51
"15641",104,12,5345.55
"15642",729,1,105.78
"15643",178,3,664.00
"15644",165,4,803.54
"15645",18,3,1054.75
"15646",157,5,784.81
"15647",414,1,169.00
"15648",203,2,639.50
"15649",335,4,1660.35
"15650",514,2,553.88
"15651",36,5,1259.06
"15652",90,5,1405.94
"15653",92,2,877.44
"15654",8,2,922.53
"15655",232,1,560.67
"15656",44,4,748.50
"15657",22,1,30.00
"15658",189,8,2117.27
"15659",43,3,532.49
"15660",24,15,2603.69
"15661",316,8,1215.95
"15662",660,2,283.73
"15663",105,1,138.14
"15664",50,4,1231.53
"15665",167,5,3987.07
"15666",471,2,632.94
"15667",39,1,301.32
"15668",217,1,76.32
"15669",39,4,684.34
"15670",296,2,325.20
"15671",18,7,2657.13
"15672",724,1,45.30
"15673",87,9,6204.32
"15674",72,12,6613.52
"15675",80,4,542.04
"15676",8,3,3435.76
"15677",48,3,1305.63
"15678",52,3,1825.94
"15679",23,4,781.28
"15680",8,10,4028.69
"15681",17,14,2989.70
"15682",598,2,318.24
"15683",116,2,524.54
"15684",546,3,173.95
"15685",449,1,55.98
"15686",419,1,90.00
"15687",8,9,2993.10
"15688",418,1,190.57
"15689",119,3,521.03
"15690",3,2,239.76
"15691",251,4,571.30
"15692",27,1,191.04
"15693",658,1,37.50
"15694",0,23,9963.48
"15695",266,4,1131.04
"15696",32,13,3881.22
"15697",689,1,246.75
"15698",623,1,46.20
"15699",17,1,309.65
"15700",171,2,696.68
"15701",1,4,1529.00
"15702",475,1,112.57
"15703",264,1,211.50
"15704",139,6,3734.66
"15705",200,1,143.10
"15706",59,4,1060.56
"15707",34,4,916.98
"15708",40,9,3887.15
"15709",283,2,327.85
"15710",416,1,898.87
"15711",556,2,420.25
"15712",8,12,3472.41
"15713",142,4,839.64
"15714",11,5,783.96
"15715",555,5,658.02
"15716",145,11,2482.74
"15717",233,5,607.00
"15718",539,1,293.79
"15719",32,31,10194.32
"15720",23,2,739.22
"15721",11,1,471.40
"15722",35,11,5234.00
"15723",364,4,930.70
"15724",200,3,310.85
"15725",14,1,415.25
"15726",389,1,321.91
"15727",16,15,9371.71
"15728",48,2,544.60
"15729",197,3,192.55
"15730",65,5,1726.58
"15731",553,1,125.30
"15732",211,10,1543.97
"15733",282,1,162.30
"15734",114,4,2263.30
"15735",420,1,327.68
"15736",429,2,1767.12
"15737",14,8,1188.12
"15738",18,41,13043.32
"15739",65,1,449.12
"15740",48,1,154.88
"15741",457,2,208.62
"15742",618,1,156.87
"15743",15,4,775.96
"15744",77,1,34.80
"15745",8,4,1094.59
"15746",133,1,196.88
"15747",12,9,2499.81
"15748",39,3,609.81
"15749",234,3,44534.30
"15750",2,18,6452.99
"15751",460,11,1380.44
"15752",39,9,3924.91
"15753",304,1,79.20
"15754",50,9,3037.61
"15755",0,17,5993.12
"15756",60,4,528.01
"15757",65,6,2940.36
"15758",24,1,205.25
"15759",217,7,830.93
"15761",442,1,143.05
"15762",64,2,583.75
"15763",31,2,1086.92
"15764",80,8,4503.08
"15765",666,1,370.63
"15766",63,3,831.06
"15767",640,NULL,NULL
"15768",115,34,15308.89
"15769",6,46,88612.52
"15770",612,1,321.45
"15771",603,3,1006.54
"15772",417,1,280.88
"15773",5,2,774.52
"15774",68,6,1287.09
"15775",244,2,150.50
"15776",132,1,241.62
"15777",240,7,1762.61
"15778",430,1,307.95
"15779",462,2,124.08
"15780",183,3,475.28
"15781",24,3,345.46
"15782",9,4,4014.10
"15783",10,1,246.30
"15784",467,2,848.33
"15785",29,16,5969.93
"15786",43,5,8501.62
"15787",25,3,933.26
"15788",500,1,221.83
"15789",357,6,1962.01
"15790",9,1,218.75
"15791",43,5,3608.34
"15792",399,2,933.84
"15793",8,8,2399.57
"15794",735,2,777.00
"15795",149,8,1979.87
"15796",0,17,5170.63
"15797",112,5,2806.08
"15798",492,3,1535.37
"15799",75,4,1421.34
"15800",106,7,1227.07
"15801",45,3,1063.95
"15803",50,4,1929.66
"15804",0,13,4206.39
"15805",22,30,10148.93
"15806",45,3,784.58
"15807",49,5,1817.52
"15808",305,21,17180.25
"15809",35,7,1274.44
"15810",78,8,2999.04
"15811",16,7,3392.55
"15812",106,12,5201.47
"15813",207,2,1303.91
"15814",2,6,2634.44
"15815",63,5,2100.60
"15816",541,2,144.15
"15817",420,3,2766.40
"15818",587,1,340.50
"15819",48,10,3934.79
"15820",319,1,206.98
"15821",43,2,570.96
"15822",2,6,1840.06
"15823",336,2,3867.17
"15824",452,2,890.94
"15825",171,1,532.94
"15826",50,4,2598.28
"15827",72,28,3603.14
"15828",374,1,1108.82
"15829",98,2,636.14
"15830",28,1,576.00
"15831",57,3,794.64
"15832",253,1,836.79
"15833",737,1,80.40
"15834",69,7,3761.89
"15835",43,4,954.09
"15836",44,1,137.37
"15837",64,2,777.01
"15838",10,34,73205.50
"15839",24,3,1048.49
"15840",58,2,355.56
"15841",63,9,2742.41
"15842",387,2,548.80
"15843",303,1,118.95
"15844",45,1,130.74
"15845",17,11,4426.28
"15846",384,1,107.01
"15847",37,5,822.57
"15848",621,1,137.99
"15850",18,6,1006.75
"15851",526,1,109.73
"15852",186,3,257.26
"15853",51,1,110.80
"15854",3,21,5578.28
"15855",136,6,1052.72
"15856",3,52,32274.69
"15857",18,2,570.48
"15858",15,13,3552.41
"15859",431,1,438.46
"15860",40,17,2358.80
"15861",11,12,4360.90
"15862",7,13,2507.14
"15863",25,5,355.10
"15864",21,7,2180.76
"15865",40,5,2241.42
"15866",100,1,211.89
"15867",4,31,8869.87
"15868",582,1,94.53
"15869",276,3,321.11
"15870",32,4,857.46
"15871",436,1,33.10
"15872",14,4,729.25
"15873",492,4,313.92
"15874",62,21,11284.76
"15875",645,1,108.52
"15876",408,2,1449.14
"15877",1,2,490.33
"15878",561,2,330.77
"15879",403,4,1137.80
"15880",368,1,329.03
"15881",311,5,501.39
"15882",198,8,1122.38
"15883",1,2,396.48
"15884",431,2,244.60
"15885",92,13,1921.82
"15886",59,4,1052.87
"15887",406,3,1027.15
"15888",79,3,423.49
"15889",156,8,1407.05
"15890",394,5,535.65
"15891",226,1,509.13
"15892",668,1,128.20
"15893",481,1,305.28
"15894",252,2,257.60
"15895",149,1,179.17
"15897",193,2,208.59
"15898",0,25,4992.70
"15899",368,1,56.25
"15900",23,4,886.57
"15901",16,6,667.89
"15902",379,1,145.01
"15903",9,12,8939.84
"15904",7,1,164.68
"15905",542,1,114.69
"15906",19,10,2530.19
"15907",3,3,881.87
"15908",490,2,758.62
"15909",173,1,191.94
"15910",0,15,2661.17
"15911",623,8,1683.79
"15912",177,9,1074.70
"15913",533,1,6.30
"15914",377,2,205.99
"15915",401,1,364.24
"15916",15,13,3145.24
"15917",247,5,530.17
"15918",190,3,582.88
"15919",19,2,525.69
"15920",153,8,565.19
"15921",172,4,765.61
"15922",371,1,369.50
"15923",372,1,127.08
"15924",730,1,102.82
"15925",193,1,207.15
"15926",541,1,134.44
"15927",646,1,106.54
"15928",655,1,293.53
"15929",643,1,594.00
"15930",66,1,426.63
"15931",427,1,239.90
"15932",3,8,2495.87
"15933",20,3,1107.46
"15934",417,2,2190.66
"15935",238,1,108.04
"15936",378,2,282.79
"15937",63,1,145.35
"15938",111,9,734.81
"15939",89,15,9004.84
"15940",310,1,35.80
"15941",512,1,405.00
"15942",133,1,337.44
"15943",649,2,271.29
"15944",276,4,2164.24
"15945",364,4,646.27
"15946",502,3,2304.18
"15947",82,1,1708.24
"15948",7,3,1509.09
"15949",16,2,364.72
"15950",1,10,7120.91
"15951",0,3,1013.17
"15952",33,4,781.91
"15953",14,18,3440.34
"15954",588,1,187.80
"15955",23,22,8085.98
"15956",550,2,617.60
"15957",31,3,921.25
"15958",73,4,462.12
"15959",681,3,542.89
"15960",373,4,410.95
"15961",378,1,451.29
"15962",448,1,289.48
"15963",19,2,470.76
"15964",662,1,269.21
"15965",16,13,2771.94
"15966",443,1,426.53
"15967",22,12,2966.00
"15968",387,1,401.80
"15969",2,5,1127.05
"15970",303,2,1017.32
"15971",17,18,5897.88
"15972",455,5,1769.33
"15973",235,2,665.62
"15974",38,7,3442.15
"15975",83,1,371.01
"15976",164,6,1680.31
"15977",16,2,1054.73
"15978",76,3,3279.42
"15979",602,1,329.22
"15980",88,7,6543.68
"15981",24,21,9362.77
"15982",604,1,324.51
"15983",21,8,3110.37
"15984",2,30,8393.02
"15985",122,7,2715.28
"15986",29,2,354.42
"15987",11,8,1535.99
"15988",18,3,736.39
"15989",375,2,368.31
"15990",43,7,1997.75
"15991",533,1,150.55
"15992",3,3,896.60
"15993",8,7,2768.97
"15994",54,3,1175.68
"15995",413,1,694.54
"15996",87,7,1386.40
"15997",616,NULL,NULL
"15998",36,16,8274.14
"15999",735,1,20.40
"16000",2,3,12393.70
"16001",380,1,583.39
"16002",624,1,169.21
"16003",29,10,5613.83
"16004",474,5,2146.39
"16005",11,10,2365.07
"16006",210,2,332.82
"16007",47,7,3053.06
"16008",23,15,5339.13
"16009",21,4,972.11
"16010",245,11,1694.86
"16011",7,29,5599.31
"16012",34,5,2978.59
"16013",3,84,56078.44
"16014",35,5,1100.28
"16015",3,3,704.26
"16016",2,11,2083.40
"16017",46,5,1545.58
"16018",38,4,698.13
"16019",1,27,17329.16
"16020",16,3,851.01
"16021",394,2,487.03
"16022",259,1,602.63
"16023",45,3,719.81
"16024",11,3,478.71
"16025",29,1,439.66
"16026",42,1,236.09
"16027",91,15,2048.36
"16028",595,1,82.20
"16029",38,106,109620.87
"16030",309,1,331.24
"16031",91,2,547.90
"16032",455,6,1965.72
"16033",5,27,10608.81
"16034",195,6,911.32
"16035",559,1,217.73
"16036",86,4,2556.84
"16037",269,5,1509.34
"16038",7,3,471.78
"16039",423,2,456.40
"16040",64,7,2416.90
"16041",30,3,3166.40
"16042",21,8,2245.32
"16043",37,8,1856.59
"16044",434,1,340.84
"16045",119,8,3434.93
"16046",561,1,235.78
"16048",85,4,818.79
"16049",39,6,1852.15
"16050",173,3,300.70
"16051",681,1,188.44
"16052",53,1,362.06
"16053",32,6,3634.84
"16054",144,4,2111.88
"16055",220,1,134.80
"16056",44,1,650.75
"16057",3,10,3854.85
"16058",405,1,62.70
"16059",65,12,3053.57
"16060",400,3,541.95
"16061",268,1,89.65
"16062",9,8,2863.45
"16063",259,1,335.32
"16064",724,1,109.31
"16065",364,8,1992.13
"16066",16,5,1521.04
"16067",562,3,3269.11
"16068",593,1,115.73
"16069",417,1,457.70
"16070",21,2,852.15
"16071",44,4,1076.80
"16072",287,4,4180.09
"16073",291,1,122.40
"16074",389,1,252.50
"16075",502,2,736.93
"16076",2,10,2234.73
"16077",573,1,2300.40
"16078",283,2,362.99
"16079",16,3,1352.00
"16080",81,4,602.56
"16081",55,8,4278.96
"16082",669,1,106.75
"16083",100,4,2351.42
"16084",298,1,436.18
"16085",22,12,2324.71
"16086",58,10,2687.73
"16087",388,5,1739.92
"16088",575,2,1437.43
"16089",385,2,263.49
"16090",623,1,180.56
"16091",154,2,315.06
"16092",98,6,1587.94
"16093",106,1,17.00
"16094",11,11,3695.56
"16095",455,1,447.05
"16096",263,4,1584.97
"16097",239,1,185.05
"16098",87,14,4010.70
"16099",49,7,1573.20
"16100",462,1,582.64
"16101",8,4,3229.16
"16102",41,3,1842.14
"16103",6,22,6191.71
"16104",61,9,2774.46
"16105",248,5,2386.19
"16106",65,1,108.38
"16107",17,7,3204.16
"16108",84,4,2235.92
"16109",218,3,939.48
"16110",44,4,1781.59
"16111",427,1,549.33
"16112",142,4,195.74
"16113",182,1,161.38
"16114",170,1,135.75
"16115",9,12,2553.80
"16116",205,1,612.78
"16117",189,3,654.40
"16118",392,1,4376.25
"16119",7,8,1720.81
"16120",58,6,2967.51
"16121",56,5,1450.04
"16122",72,6,895.62
"16123",51,1,307.78
"16124",315,4,1772.49
"16125",366,14,4292.35
"16126",28,15,14644.60
"16127",38,2,801.31
"16128",17,11,3801.05
"16129",406,3,1396.05
"16130",421,4,987.48
"16131",51,12,9957.42
"16132",543,2,664.20
"16133",3,56,22992.26
"16134",21,5,2145.34
"16135",262,2,819.45
"16136",59,4,946.80
"16137",679,1,422.70
"16138",367,3,910.35
"16139",18,5,1111.15
"16140",52,3,1433.46
"16141",87,2,955.94
"16142",249,1,535.34
"16143",2,12,4555.08
"16144",246,1,175.20
"16145",8,19,6805.44
"16146",156,4,946.38
"16147",133,5,2398.91
"16148",295,2,386.62
"16149",4,3,422.22
"16150",38,10,4002.17
"16152",268,1,1829.04
"16153",49,11,5133.49
"16155",381,5,796.90
"16156",8,20,6188.18
"16157",15,3,656.69
"16158",521,9,628.32
"16159",281,4,1232.79
"16160",63,2,1025.44
"16161",1,43,12580.06
"16162",251,1,37.40
"16163",224,6,2407.98
"16164",16,3,822.48
"16165",504,1,79.90
"16166",427,2,435.83
"16167",413,5,1386.12
"16168",10,66,10360.67
"16169",7,4,1822.97
"16170",50,20,6869.00
"16171",58,1,73.20
"16172",94,8,1884.55
"16173",15,6,1418.32
"16174",125,7,2246.75
"16175",93,7,1836.44
"16176",420,4,2052.69
"16177",49,8,2247.31
"16178",137,2,612.60
"16179",60,1,215.83
"16180",99,13,16249.87
"16181",72,1,305.54
"16182",71,9,9971.65
"16183",66,4,1077.81
"16184",63,6,1158.79
"16185",16,3,644.72
"16186",22,26,8718.43
"16187",31,15,6911.44
"16188",44,5,1087.66
"16189",15,2,215.48
"16190",39,8,2723.55
"16191",2,24,15677.82
"16192",735,1,351.30
"16193",236,2,630.43
"16194",374,1,308.60
"16195",722,1,323.25
"16196",488,1,93.30
"16197",468,9,2016.71
"16198",74,2,1030.04
"16199",391,7,942.75
"16200",3,12,5608.10
"16201",2,5,2112.12
"16202",360,9,2501.99
"16203",58,6,943.84
"16204",22,3,918.71
"16205",30,7,1813.51
"16206",54,13,2577.12
"16207",24,1,394.38
"16208",44,10,3440.45
"16209",88,9,4146.78
"16210",1,33,33730.97
"16211",80,3,1090.59
"16212",18,4,1293.71
"16213",78,1,159.00
"16214",170,4,2038.25
"16215",80,1,242.35
"16216",266,1,914.93
"16217",234,2,304.25
"16218",29,13,3968.67
"16219",500,1,40.80
"16220",727,NULL,NULL
"16221",36,9,2018.47
"16222",317,2,1272.05
"16223",374,2,1087.05
"16224",56,5,1616.54
"16225",44,15,2859.31
"16226",202,5,672.17
"16227",218,3,1027.22
"16228",373,3,885.71
"16229",86,6,2867.86
"16230",189,2,542.03
"16231",378,4,1074.47
"16232",32,7,2712.97
"16233",70,9,1818.31
"16234",473,3,333.18
"16235",40,8,2043.71
"16236",77,1,432.20
"16237",436,1,136.65
"16238",422,1,63.66
"16239",56,6,1492.20
"16240",7,2,3718.80
"16241",9,16,3989.81
"16242",7,14,7404.65
"16243",33,2,409.10
"16244",211,2,1522.75
"16245",23,3,1413.66
"16246",459,2,821.35
"16247",169,1,114.56
"16248",61,1,152.94
"16249",52,5,1800.07
"16250",260,3,565.24
"16251",511,1,128.31
"16252",365,1,295.09
"16253",66,7,7222.20
"16254",377,3,967.44
"16255",16,15,4530.00
"16256",257,3,1579.37
"16257",176,1,21.95
"16258",44,15,11942.52
"16259",409,3,340.94
"16260",50,1,1035.45
"16261",16,6,1041.16
"16262",360,1,755.15
"16263",422,1,348.16
"16264",437,2,823.53
"16265",8,12,6685.17
"16266",73,14,1757.95
"16267",590,1,186.66
"16268",70,2,617.65
"16269",427,1,717.57
"16270",352,1,1141.24
"16271",15,8,3367.82
"16272",116,1,411.70
"16273",647,2,318.34
"16274",372,1,331.55
"16275",196,3,2151.11
"16276",176,3,2629.39
"16277",733,1,188.69
"16278",22,3,1117.84
"16279",20,9,5698.28
"16280",724,1,238.05
"16281",71,3,3424.02
"16282",339,3,1307.58
"16283",5,8,4348.62
"16284",30,3,1018.48
"16285",645,1,176.90
"16286",476,2,328.95
"16287",169,5,1006.98
"16288",469,1,129.85
"16289",461,1,136.31
"16290",464,4,1957.70
"16292",116,5,1253.76
"16293",8,15,4279.20
"16294",476,1,126.05
"16295",9,4,1328.55
"16296",625,4,1313.67
"16297",249,1,301.90
"16298",22,7,1085.70
"16299",472,1,193.65
"16300",429,3,1367.32
"16301",736,1,107.33
"16302",107,1,233.22
"16303",25,7,7928.27
"16304",694,1,381.66
"16305",138,1,361.22
"16306",213,7,1124.72
"16307",428,3,1194.92
"16308",37,7,5120.00
"16309",91,2,706.57
"16310",413,2,460.08
"16311",17,2,616.26
"16312",431,1,171.15
"16313",2,2,274.15
"16314",389,3,1491.40
"16315",330,2,402.71
"16316",63,13,5744.91
"16317",119,5,2192.51
"16318",34,1,328.15
"16319",217,1,404.40
"16320",171,6,5628.99
"16321",71,7,604.55
"16322",0,2,326.75
"16323",195,2,353.66
"16324",127,3,408.59
"16325",43,12,3597.50
"16326",5,24,4626.25
"16327",13,16,10129.04
"16328",562,1,310.83
"16329",427,4,1664.92
"16330",17,7,625.38
"16331",431,6,2037.70
"16332",27,11,1997.49
"16333",7,22,26626.80
"16334",491,1,263.73
"16335",551,7,2753.52
"16336",420,4,3517.69
"16337",36,1,151.05
"16338",156,1,214.80
"16339",283,1,94.05
"16340",106,3,1496.24
"16341",24,7,3850.79
"16342",74,4,322.41
"16343",15,3,614.12
"16344",157,4,842.42
"16345",43,2,1178.79
"16346",384,1,224.51
"16347",10,11,3442.96
"16348",31,8,1742.08
"16349",290,1,53.50
"16350",20,9,2253.89
"16351",332,13,3330.03
"16352",17,2,494.44
"16353",3,38,9795.46
"16354",62,5,1119.46
"16355",373,1,416.35
"16356",197,6,415.87
"16357",32,4,868.37
"16358",0,5,2919.65
"16359",6,16,2697.75
"16360",4,6,3450.41
"16361",9,4,891.21
"16362",31,6,922.16
"16363",52,1,109.36
"16364",11,2,705.79
"16365",17,15,3167.34
"16366",18,4,1548.13
"16367",36,3,1350.48
"16368",1,3,621.44
"16369",17,7,2654.48
"16370",81,4,1301.91
"16371",448,1,157.20
"16372",32,5,1290.31
"16373",381,2,309.49
"16374",65,5,1709.55
"16375",469,2,104.00
"16376",8,2,974.96
"16377",266,2,1308.48
"16378",246,3,362.95
"16379",3,4,2157.40
"16380",60,1,1743.15
"16381",395,2,247.85
"16382",407,2,353.10
"16383",74,7,2887.99
"16384",89,4,1358.95
"16385",59,5,881.35
"16386",28,3,1068.16
"16387",322,5,882.46
"16388",653,1,186.05
"16389",52,4,1382.07
"16390",536,3,467.50
"16391",400,4,1048.86
"16392",269,3,755.45
"16393",1,23,5297.77
"16394",49,5,1555.34
"16395",60,14,3517.56
"16396",472,1,137.80
"16397",627,1,123.13
"16398",144,2,1705.80
"16399",18,3,628.42
"16400",94,9,3059.85
"16401",0,23,6847.45
"16402",264,2,293.45
"16403",301,1,177.50
"16404",69,1,443.05
"16405",301,2,167.25
"16406",18,3,528.36
"16407",12,14,2761.65
"16408",590,1,231.93
"16409",35,12,5652.74
"16410",733,1,130.32
"16411",18,4,756.39
"16412",53,5,593.19
"16413",56,2,522.03
"16414",21,5,551.21
"16415",43,3,696.76
"16416",26,9,2957.88
"16417",492,1,35.70
"16418",44,5,1028.74
"16419",112,8,1463.70
"16420",395,1,75.00
"16421",375,3,526.27
"16422",16,107,61656.42
"16423",24,1,346.12
"16424",190,2,443.06
"16425",301,1,302.70
"16426",1,10,1863.76
"16427",262,2,241.06
"16428",80,3,638.49
"16429",105,1,284.55
"16430",56,6,1102.94
"16431",212,3,623.28
"16432",63,1,287.40
"16433",27,2,384.52
"16434",28,12,2673.69
"16435",511,3,1003.07
"16436",667,3,319.14
"16437",380,2,301.25
"16438",5,5,798.35
"16439",721,1,310.70
"16440",7,6,3856.97
"16441",66,5,1013.18
"16442",1,5,891.98
"16443",520,1,162.24
"16444",45,17,3625.88
"16445",33,4,583.16
"16446",205,1,2.90
"16447",135,3,727.10
"16448",197,2,361.12
"16449",190,2,707.69
"16450",149,3,1505.73
"16451",87,3,1013.15
"16452",630,2,332.17
"16453",530,2,251.71
"16454",63,2,7.45
"16455",63,11,3995.57
"16456",98,13,6000.94
"16457",217,1,208.36
"16458",2,30,5690.89
"16459",729,1,71.79
"16460",27,3,811.23
"16461",177,3,1539.83
"16462",63,3,136.00
"16463",20,4,1422.40
"16464",19,3,1298.66
"16465",413,2,746.24
"16466",33,15,3767.09
"16467",508,7,2869.16
"16468",73,3,787.52
"16469",23,5,803.90
"16470",51,11,2416.85
"16471",274,4,1189.98
"16472",433,2,789.60
"16473",164,4,470.83
"16474",6,7,1810.49
"16475",87,4,544.30
"16476",416,1,350.35
"16477",63,11,4094.37
"16478",24,3,331.00
"16479",9,2,300.83
"16480",75,1,769.29
"16481",659,1,453.38
"16482",15,1,220.62
"16483",191,1,139.35
"16484",173,2,404.30
"16485",76,5,2287.19
"16486",537,1,134.36
"16487",576,2,209.40
"16488",32,3,498.80
"16489",379,2,303.70
"16490",429,1,205.41
"16491",46,2,1533.16
"16492",540,1,385.56
"16493",72,7,2132.09
"16494",296,1,826.53
"16495",2,3,648.26
"16496",8,6,2330.77
"16497",49,23,6695.28
"16498",160,2,100.97
"16499",359,8,2578.34
"16500",4,9,843.91
"16501",382,1,1191.23
"16502",619,2,258.55
"16503",106,11,3614.34
"16504",24,1,465.88
"16505",31,1,777.60
"16506",19,2,90.30
"16507",571,1,142.71
"16508",629,1,240.95
"16509",296,1,363.70
"16510",371,6,1757.25
"16511",21,6,1758.49
"16512",727,NULL,NULL
"16513",4,4,874.59
"16515",51,10,3179.06
"16516",29,1,101.70
"16517",276,1,162.70
"16518",60,4,959.37
"16519",24,4,436.96
"16520",185,6,2148.38
"16521",414,3,1136.36
"16522",435,2,433.36
"16523",1,28,11916.33
"16524",445,2,306.19
"16525",1,48,24151.30
"16526",171,2,717.21
"16527",80,2,1232.94
"16528",3,1,244.41
"16529",189,4,1986.80
"16530",667,1,48.35
"16531",21,11,2298.33
"16532",17,5,8756.64
"16533",18,3,1082.81
"16534",641,1,635.90
"16535",4,2,952.04
"16536",106,1,548.12
"16537",640,1,10.55
"16538",540,3,395.07
"16539",2,10,3289.66
"16540",413,1,205.75
"16541",734,1,424.03
"16542",53,2,257.32
"16543",582,1,292.21
"16544",519,4,376.70
"16545",164,2,689.82
"16546",290,5,5307.07
"16547",545,1,104.26
"16548",598,1,30.15
"16549",9,34,12781.80
"16550",108,18,8807.68
"16551",95,7,2237.12
"16552",242,2,379.73
"16553",162,33,16584.01
"16554",2,8,2841.72
"16555",34,6,1915.68
"16556",66,17,8012.58
"16557",23,2,281.85
"16558",0,38,13304.11
"16559",396,1,175.00
"16560",20,8,3048.38
"16561",5,2,511.12
"16562",476,1,223.86
"16563",53,6,4412.56
"16564",568,1,87.80
"16565",363,4,773.05
"16566",14,5,614.66
"16567",193,2,865.60
"16568",427,2,1020.90
"16569",2,5,1455.23
"16570",8,20,7434.31
"16571",2,10,4248.74
"16572",126,3,1009.60
"16573",73,2,663.61
"16574",70,3,1301.78
"16576",409,2,540.87
"16577",666,1,380.00
"16578",625,1,156.60
"16579",364,1,295.05
"16580",728,NULL,NULL
"16581",154,1,105.84
"16582",112,1,313.62
"16583",373,2,297.95
"16584",79,5,3156.17
"16585",593,2,341.59
"16586",248,3,1462.78
"16587",231,1,225.15
"16588",385,4,1361.28
"16589",70,4,612.36
"16590",380,2,605.90
"16591",68,1,213.50
"16592",3,28,7807.91
"16593",50,8,1071.14
"16594",74,1,181.09
"16595",60,5,1757.75
"16596",15,4,458.98
"16597",3,1,90.04
"16598",276,1,145.05
"16599",385,1,172.80
"16600",3,13,2153.41
"16601",40,3,675.83
"16602",30,2,763.33
"16603",74,2,482.47
"16604",547,2,432.45
"16605",723,1,60.48
"16606",403,2,357.66
"16607",17,25,5706.87
"16608",453,2,1286.62
"16609",14,7,5493.46
"16610",218,1,75.66
"16611",185,6,1785.13
"16612",32,9,3245.43
"16613",69,1,618.59
"16614",182,3,1179.79
"16615",568,1,291.50
"16616",14,2,500.42
"16617",235,1,151.85
"16618",30,5,2647.59
"16619",253,4,1938.33
"16620",3,6,1758.93
"16621",51,4,813.48
"16622",541,1,225.40
"16623",245,4,1015.24
"16624",80,2,810.57
"16625",274,5,1654.03
"16626",0,17,4413.10
"16627",78,1,322.80
"16628",29,7,2318.10
"16629",73,2,408.63
"16630",406,1,106.80
"16631",481,7,1892.52
"16632",485,2,406.40
"16633",16,6,2883.10
"16634",222,6,1649.81
"16635",406,1,473.00
"16636",437,4,3802.04
"16637",31,4,1154.47
"16638",22,15,2380.13
"16639",24,4,1747.98
"16640",397,1,179.40
"16641",105,2,554.50
"16642",4,3,1077.45
"16643",245,2,923.11
"16644",177,2,833.78
"16645",735,1,160.39
"16646",443,1,678.80
"16647",169,4,541.90
"16648",38,3,672.80
"16649",519,1,306.58
"16650",71,7,1916.11
"16651",586,1,136.20
"16652",53,16,17550.39
"16653",15,2,1212.66
"16654",140,8,1484.07
"16655",17,13,6423.26
"16656",21,30,16833.17
"16657",9,4,874.43
"16658",367,5,680.83
"16659",188,1,39.12
"16660",15,7,1879.55
"16661",539,4,932.76
"16662",393,1,151.05
"16663",728,1,165.00
"16664",568,1,109.20
"16665",361,1,135.40
"16666",18,2,217.71
"16667",67,2,567.18
"16668",14,13,862.42
"16669",23,2,1344.48
"16670",16,20,8030.15
"16671",27,3,1692.27
"16672",1,20,8134.94
"16673",678,1,171.13
"16674",54,2,304.24
"16675",441,2,608.86
"16676",33,6,2361.90
"16677",392,2,880.62
"16678",2,12,3109.99
"16679",365,3,663.31
"16680",42,3,821.45
"16681",72,7,1921.84
"16682",4,5,1028.00
"16683",528,1,320.25
"16684",3,55,147142.77
"16685",60,2,324.24
"16686",46,16,4881.07
"16687",390,1,157.63
"16688",0,4,1260.86
"16689",75,2,422.60
"16690",43,4,353.03
"16691",417,2,178.83
"16692",255,4,1764.70
"16693",68,5,1179.48
"16694",722,1,98.30
"16695",561,2,191.90
"16696",134,4,657.90
"16697",240,1,112.75
"16698",226,2,1998.00
"16699",379,7,994.60
"16700",8,25,8830.77
"16701",8,26,9916.73
"16702",414,4,1109.53
"16704",617,2,664.16
"16705",0,42,43515.05
"16706",36,3,531.35
"16707",399,4,533.41
"16708",45,1,656.63
"16709",84,14,9056.01
"16710",18,22,5921.35
"16711",2,9,2868.48
"16712",8,13,4225.22
"16713",18,32,14115.56
"16714",316,3,1482.33
"16715",77,2,625.52
"16716",266,3,2149.68
"16717",8,14,6663.68
"16718",368,5,3006.08
"16719",14,14,3508.62
"16720",25,3,566.74
"16721",261,1,292.47
"16722",16,22,8189.56
"16723",90,4,1231.36
"16724",404,1,147.35
"16725",301,13,1686.81
"16726",25,7,2063.88
"16727",363,4,1377.77
"16728",45,4,1048.28
"16729",35,21,7202.01
"16730",51,3,743.11
"16731",647,1,170.30
"16732",31,4,4387.64
"16733",529,1,259.68
"16734",51,3,646.76
"16735",78,14,6217.41
"16736",505,5,2956.56
"16737",52,2,835.20
"16738",297,1,3.75
"16739",171,2,786.43
"16740",394,1,226.91
"16741",624,1,173.06
"16742",46,13,2334.97
"16743",28,14,4212.15
"16744",10,7,1291.91
"16745",86,17,7180.70
"16746",4,42,18045.05
"16747",24,2,836.06
"16748",17,14,3637.33
"16749",590,2,4157.88
"16750",44,5,623.93
"16751",30,1,1764.72
"16752",372,1,207.50
"16753",57,1,223.92
"16754",371,29,65500.07
"16755",113,7,2864.68
"16756",214,7,1312.37
"16757",318,2,270.48
"16758",64,1,369.34
"16759",7,3,789.79
"16760",429,1,228.00
"16761",96,1,316.62
"16762",19,3,1207.24
"16763",184,2,964.70
"16764",3,13,2790.95
"16765",293,2,454.75
"16766",272,2,1145.60
"16767",30,15,8052.41
"16768",47,9,1698.57
"16769",259,4,1117.05
"16770",57,9,1778.93
"16771",32,10,3921.10
"16772",416,3,3698.05
"16773",56,3,421.24
"16774",67,8,1567.48
"16775",9,16,2820.84
"16776",59,2,592.51
"16777",79,5,1292.18
"16778",73,2,245.94
"16779",1,53,32809.03
"16780",99,3,596.40
"16781",364,2,623.00
"16782",9,38,9636.12
"16783",436,1,391.95
"16784",19,5,892.33
"16785",409,1,533.78
"16786",393,1,51.84
"16787",397,4,1017.53
"16788",122,5,1927.28
"16789",7,1,80.80
"16790",3,6,1545.62
"16791",28,15,3944.88
"16792",281,5,623.46
"16793",56,1,243.84
"16794",0,15,2050.68
"16795",364,3,2062.41
"16796",88,1,305.62
"16797",392,5,1802.02
"16798",553,3,841.16
"16799",431,2,452.78
"16800",10,1,1162.65
"16801",162,4,1594.23
"16802",678,2,582.61
"16803",64,1,332.30
"16804",22,3,536.99
"16805",173,4,1076.34
"16806",102,4,736.21
"16807",142,6,2123.88
"16808",98,2,288.42
"16809",22,9,1727.43
"16810",191,2,842.04
"16811",4,2,547.07
"16812",360,4,2392.00
"16813",7,10,1652.18
"16814",13,36,11914.95
"16815",453,2,406.02
"16816",102,4,417.06
"16817",2,13,2560.70
"16818",10,11,3349.57
"16819",464,2,182.59
"16820",95,1,497.61
"16821",381,1,113.35
"16822",663,1,181.39
"16823",226,7,2243.09
"16824",15,3,686.24
"16825",38,5,1826.89
"16826",50,1,341.70
"16827",392,5,387.18
"16828",111,1,113.50
"16829",156,2,513.32
"16830",38,4,1207.50
"16831",564,1,91.80
"16832",183,5,417.61
"16833",0,6,2409.04
"16834",227,2,898.96
"16835",127,6,1456.66
"16836",39,4,782.37
"16837",30,11,3170.98
"16838",196,4,1159.61
"16839",8,44,21758.25
"16840",602,2,139.85
"16841",36,12,4006.06
"16842",63,3,1264.19
"16843",42,35,19571.43
"16844",562,2,614.34
"16845",617,1,253.88
"16846",49,3,842.41
"16847",42,2,614.89
"16848",52,4,1411.62
"16849",186,1,124.57
"16850",333,1,332.41
"16851",3,3,342.45
"16852",9,2,144.91
"16853",730,NULL,NULL
"16854",416,2,1408.96
"16855",23,2,328.40
"16856",14,3,358.49
"16857",442,1,352.80
"16858",365,10,4292.59
"16859",105,7,1932.41
"16860",452,3,1610.62
"16861",59,5,946.59
"16862",546,4,662.33
"16863",28,3,834.27
"16864",433,2,409.25
"16865",401,1,130.95
"16866",140,3,207.74
"16867",689,1,76.74
"16868",393,3,384.56
"16869",22,4,817.12
"16870",468,1,450.16
"16871",21,6,2812.34
"16872",76,6,1213.13
"16873",4,12,14617.39
"16874",378,1,209.89
"16875",63,11,4234.53
"16876",403,1,136.01
"16877",11,6,846.62
"16878",24,1,13.30
"16880",30,8,1813.21
"16881",66,1,432.00
"16882",66,3,705.12
"16883",186,19,2246.06
"16884",37,4,1070.97
"16885",14,4,683.35
"16886",444,1,134.00
"16887",34,3,658.17
"16888",400,3,434.20
"16889",194,6,2526.65
"16890",476,3,277.91
"16891",1,11,1727.94
"16892",0,7,754.75
"16893",366,2,249.47
"16894",501,3,1306.96
"16895",64,5,1102.90
"16896",554,1,103.95
"16897",298,2,289.78
"16898",25,5,885.21
"16899",7,8,1695.77
"16900",11,3,882.16
"16901",728,1,204.26
"16902",115,1,1706.88
"16903",28,3,1041.75
"16904",3,20,4656.56
"16905",4,17,4704.27
"16906",81,7,1410.07
"16907",28,9,1470.89
"16908",721,1,252.59
"16909",63,1,379.14
"16910",3,8,1508.96
"16911",626,2,255.25
"16912",22,15,4460.51
"16913",289,3,423.91
"16914",35,1,183.76
"16915",8,11,1543.18
"16916",23,4,896.12
"16917",276,2,1851.88
"16918",49,16,3206.54
"16919",155,24,4909.66
"16920",410,1,355.45
"16921",60,3,409.21
"16922",572,1,611.08
"16923",11,32,13157.13
"16924",20,3,829.89
"16925",539,1,125.65
"16926",370,5,1169.61
"16927",115,3,543.05
"16928",79,26,3798.08
"16929",3,7,1295.39
"16930",25,3,378.89
"16931",4,23,5032.22
"16932",52,3,412.55
"16933",0,9,3099.30
"16934",54,6,2083.14
"16935",381,3,530.86
"16936",25,2,548.29
"16937",498,1,196.25
"16938",8,9,6995.36
"16939",488,3,433.85
"16940",51,8,6427.66
"16941",611,1,33.00
"16942",12,9,1904.99
"16943",211,3,816.73
"16944",609,1,101.36
"16945",21,33,8548.16
"16946",382,5,1222.04
"16947",235,4,946.71
"16948",138,7,868.77
"16949",3,6,1286.27
"16950",56,10,3533.77
"16951",122,3,1277.75
"16952",108,5,795.83
"16953",29,1,20.80
"16954",0,20,6081.88
"16955",184,6,1120.31
"16956",8,1,308.74
"16957",238,2,416.64
"16958",434,1,778.49
"16959",86,1,117.35
"16960",38,8,1988.93
"16961",115,3,794.56
"16962",409,1,251.04
"16963",186,1,110.55
"16964",732,2,207.85
"16965",226,1,192.07
"16966",7,7,2154.97
"16967",188,1,319.02
"16968",3,2,439.43
"16969",38,3,650.41
"16970",625,1,71.40
"16971",37,1,357.21
"16972",382,2,749.00
"16973",385,1,127.00
"16974",522,2,365.50
"16975",413,3,926.12
"16976",266,1,251.52
"16977",394,4,496.00
"16978",77,3,768.88
"16979",3,9,2859.74
"16980",254,3,1422.83
"16982",60,1,384.06
"16983",12,11,3490.53
"16984",77,9,10350.53
"16985",16,23,10923.16
"16986",29,11,4888.75
"16987",2,11,2499.45
"16988",4,2,382.67
"16989",6,6,1133.25
"16990",218,2,344.00
"16991",420,1,1041.21
"16992",10,13,5476.50
"16993",462,2,1950.95
"16995",371,NULL,NULL
"16996",29,9,2123.61
"16997",287,3,702.00
"16998",149,5,402.00
"16999",22,2,484.82
"17000",395,2,406.30
"17001",0,19,6640.80
"17002",72,7,2571.55
"17003",401,4,828.21
"17004",45,4,2324.36
"17005",470,2,622.36
"17006",4,8,1635.27
"17007",50,7,1120.10
"17008",428,1,81.36
"17009",550,1,242.06
"17010",16,1,195.36
"17011",29,3,671.70
"17012",724,1,360.61
"17014",7,3,583.43
"17015",28,3,1838.61
"17016",576,1,552.40
"17017",2,29,12576.99
"17018",40,6,2287.70
"17019",10,11,3586.99
"17020",541,2,935.62
"17021",441,6,1182.22
"17022",30,2,260.00
"17023",416,3,800.18
"17024",44,3,95.85
"17025",60,5,1349.67
"17026",184,3,175.83
"17027",78,9,1310.63
"17028",580,3,1593.83
"17029",110,7,2137.30
"17030",63,1,146.87
"17031",11,6,2773.85
"17032",602,5,2896.69
"17033",85,4,1332.79
"17034",15,5,1276.42
"17035",245,4,613.59
"17036",382,1,176.90
"17037",77,1,1267.32
"17038",29,2,743.17
"17039",603,1,1954.99
"17040",137,2,463.25
"17041",26,6,1655.20
"17042",2,5,1036.58
"17043",31,8,2593.65
"17044",8,12,11962.30
"17045",112,5,827.68
"17046",156,5,1906.07
"17047",84,6,2289.23
"17048",114,7,2071.68
"17049",2,19,9942.53
"17050",95,10,4348.46
"17051",193,4,706.49
"17052",27,1,399.09
"17053",128,1,498.48
"17054",27,5,1356.33
"17055",445,1,232.85
"17056",737,1,128.60
"17057",595,1,288.79
"17058",81,3,1179.89
"17059",29,9,4864.57
"17060",265,1,234.24
"17061",73,11,5232.23
"17062",313,6,884.71
"17063",8,13,3638.53
"17064",58,3,855.45
"17065",637,2,194.70
"17066",725,1,228.34
"17067",724,3,454.54
"17068",11,47,8980.18
"17069",27,14,5517.23
"17070",113,2,437.42
"17071",8,13,3793.71
"17072",624,1,273.35
"17073",17,4,1444.84
"17074",562,1,203.05
"17075",17,10,2236.63
"17076",35,6,1242.75
"17077",577,1,306.00
"17078",35,2,375.86
"17079",77,1,118.80
"17080",21,7,957.53
"17081",24,6,949.39
"17082",32,6,4732.03
"17083",108,9,4049.79
"17084",34,3,5001.21
"17085",122,28,7839.27
"17086",6,6,2050.08
"17087",737,1,221.53
"17088",27,4,1991.01
"17089",385,1,128.45
"17090",3,13,3080.18
"17091",2,19,7495.75
"17092",49,11,5511.41
"17093",592,1,235.88
"17094",317,2,402.20
"17095",21,7,2572.25
"17096",8,11,3697.93
"17097",1,9,1143.36
"17098",381,3,591.07
"17099",532,1,582.17
"17100",17,2,971.74
"17101",9,7,2507.05
"17102",261,1,25.50
"17103",721,1,424.30
"17104",423,1,474.03
"17105",158,2,665.78
"17106",388,1,481.58
"17107",32,10,16052.72
"17108",663,1,174.95
"17109",28,8,1291.71
"17110",164,3,499.90
"17111",46,2,459.58
"17112",502,1,197.57
"17113",504,6,2305.59
"17114",5,8,801.12
"17115",7,7,2761.49
"17116",647,1,389.78
"17117",287,1,116.20
"17118",317,1,157.02
"17119",2,2,606.91
"17120",232,1,307.46
"17121",402,1,314.74
"17122",118,4,570.50
"17123",161,3,966.67
"17124",184,1,294.24
"17125",49,1,230.50
"17126",151,9,2008.93
"17127",428,5,1155.03
"17128",334,1,157.09
"17129",519,1,31.85
"17131",4,5,2463.17
"17132",451,2,1220.91
"17133",15,12,14622.33
"17134",106,3,625.30
"17135",15,10,1716.38
"17136",661,1,231.68
"17137",415,6,1099.81
"17138",275,7,4417.27
"17139",15,25,19566.76
"17140",246,1,454.12
"17141",417,4,727.58
"17142",238,4,1275.25
"17143",416,2,880.97
"17144",0,2,984.57
"17145",464,4,3120.91
"17146",105,13,5852.64
"17147",22,9,3199.95
"17148",51,1,124.88
"17149",450,1,143.10
"17150",376,6,1357.95
"17151",734,1,231.90
"17152",194,4,2016.50
"17153",23,1,213.78
"17154",74,1,329.34
"17155",17,7,892.46
"17156",483,1,591.87
"17157",7,19,5151.90
"17158",31,5,1980.00
"17159",21,5,2099.59
"17160",30,17,10209.16
"17161",443,1,856.01
"17162",28,10,1715.46
"17163",21,4,699.78
"17164",32,7,2467.35
"17165",283,6,1794.32
"17166",38,2,206.34
"17167",379,3,867.11
"17168",498,1,400.20
"17169",49,3,1156.73
"17170",373,2,178.68
"17171",288,2,384.59
"17172",78,3,956.57
"17173",4,8,3766.60
"17174",217,1,59.90
"17175",43,4,1443.69
"17176",201,3,902.32
"17177",504,1,119.50
"17178",730,1,432.96
"17179",177,6,1507.26
"17180",55,11,2236.77
"17181",56,3,309.85
"17182",422,2,321.30
"17183",7,6,3347.31
"17184",568,2,198.41
"17185",591,3,229.46
"17186",46,2,144.00
"17187",226,2,467.71
"17188",10,13,4592.93
"17189",105,5,953.63
"17190",58,7,1724.73
"17191",27,15,4310.34
"17192",535,1,75.28
"17193",35,9,2310.04
"17194",360,2,776.66
"17195",654,1,562.98
"17196",427,1,327.75
"17197",29,1,1013.01
"17198",23,3,692.22
"17199",581,1,135.04
"17200",386,4,356.71
"17201",53,4,1132.60
"17202",420,1,160.65
"17203",35,10,5564.09
"17204",168,9,5504.69
"17205",53,3,999.35
"17206",52,1,204.24
"17207",651,1,291.77
"17208",395,1,111.15
"17209",648,3,595.70
"17210",392,1,251.72
"17211",26,13,3773.35
"17212",252,3,794.41
"17213",39,13,4869.40
"17214",59,6,1059.12
"17215",463,1,186.15
"17216",553,1,63.60
"17217",233,2,210.10
"17218",3,18,3889.39
"17219",31,2,259.13
"17220",23,21,4451.41
"17221",6,5,976.62
"17222",64,6,1563.61
"17223",309,3,523.04
"17224",500,1,100.86
"17225",581,1,131.15
"17226",308,3,895.47
"17227",18,12,1878.93
"17228",15,13,2820.03
"17229",95,2,318.76
"17230",263,18,9388.49
"17231",11,25,7064.80
"17232",2,2,417.77
"17233",34,3,560.86
"17234",182,1,149.89
"17235",24,8,1562.98
"17236",12,12,1929.26
"17237",10,4,994.13
"17238",2,32,7331.17
"17239",312,4,1189.45
"17240",595,1,130.60
"17241",384,12,2736.64
"17242",107,5,2889.28
"17243",0,69,20184.68
"17244",52,5,1826.04
"17245",204,2,371.63
"17246",546,2,38.92
"17247",14,1,280.09
"17248",119,2,500.54
"17249",428,1,68.03
"17250",3,2,381.97
"17251",362,3,798.98
"17252",116,2,348.91
"17253",17,1,178.26
"17254",4,3,469.48
"17255",40,4,781.70
"17256",106,5,498.93
"17257",435,2,189.78
"17258",396,2,417.30
"17259",147,6,1452.39
"17260",410,1,120.95
"17261",509,1,221.59
"17262",51,11,2488.76
"17263",207,1,63.44
"17264",423,1,268.28
"17265",138,2,550.01
"17266",1,5,501.72
"17267",126,2,317.20
"17268",107,11,1733.89
"17269",385,1,491.81
"17270",468,2,601.45
"17271",735,1,204.30
"17272",41,4,2148.63
"17273",423,1,141.12
"17274",34,2,573.22
"17275",382,1,114.10
"17276",399,1,501.24
"17277",227,2,1065.35
"17278",240,2,271.24
"17279",57,1,187.83
"17280",437,1,118.86
"17281",373,6,797.85
"17282",129,5,2308.54
"17283",378,1,188.46
"17284",59,7,2558.60
"17285",627,2,400.44
"17286",21,3,389.18
"17287",25,21,3826.86
"17288",8,11,2468.43
"17289",31,9,2041.80
"17290",3,8,1427.48
"17291",307,1,550.80
"17292",471,2,271.75
"17293",7,17,3750.63
"17294",668,2,467.79
"17295",28,3,547.00
"17296",729,1,338.13
"17297",16,1,128.18
"17298",100,5,938.36
"17299",11,6,993.23
"17300",390,2,393.64
"17301",20,2,294.39
"17302",14,5,1135.63
"17303",360,1,250.04
"17304",533,1,111.50
"17305",648,1,2135.46
"17306",10,21,9782.35
"17307",364,11,3999.89
"17308",392,2,4511.76
"17309",94,3,320.39
"17310",386,2,1025.10
"17311",77,6,3566.56
"17312",138,3,644.30
"17313",17,1,2328.84
"17314",24,17,4904.43
"17315",0,41,9559.50
"17316",419,1,124.45
"17317",45,3,2600.34
"17318",724,1,157.33
"17319",668,1,29.10
"17320",99,6,2444.85
"17321",7,6,1665.21
"17322",375,5,922.59
"17323",14,12,1547.64
"17324",17,12,2171.07
"17325",279,3,609.57
"17326",407,2,312.35
"17327",409,2,152.35
"17328",672,1,104.70
"17329",13,5,998.53
"17330",22,4,423.80
"17331",123,1,175.20
"17332",527,5,827.77
"17333",85,1,494.25
"17334",300,3,635.15
"17335",383,2,497.04
"17336",471,1,81.12
"17337",150,4,1979.61
"17338",16,17,11880.54
"17339",93,3,302.36
"17340",8,18,19617.95
"17341",156,5,1272.21
"17342",373,4,1227.54
"17343",354,6,1259.94
"17344",45,2,457.36
"17345",14,10,1586.63
"17346",3,26,4991.41
"17347",85,1,228.96
"17348",14,9,2430.99
"17349",178,5,772.41
"17350",7,7,1893.70
"17351",35,12,1964.38
"17352",695,1,36.25
"17353",128,4,3242.00
"17354",50,4,3133.96
"17355",385,1,273.31
"17356",311,5,946.47
"17357",23,2,384.39
"17358",302,5,861.01
"17359",10,2,284.46
"17360",16,6,1200.51
"17361",48,5,871.79
"17362",238,7,1024.04
"17363",394,3,920.46
"17364",0,27,11614.45
"17365",12,15,8179.45
"17366",391,2,1077.24
"17367",237,1,167.55
"17368",22,14,2758.29
"17369",455,1,979.20
"17370",72,4,446.18
"17371",16,6,651.37
"17372",40,27,4316.46
"17373",39,7,1167.50
"17374",218,3,727.11
"17375",189,4,660.55
"17376",70,4,453.64
"17377",23,78,17639.23
"17378",373,1,10.95
"17379",10,1,389.72
"17380",433,3,645.00
"17381",8,38,36398.65
"17382",64,8,902.28
"17383",3,2,304.09
"17384",18,3,507.55
"17385",14,1,256.11
"17386",7,7,2812.77
"17387",19,2,746.81
"17388",77,11,2675.37
"17389",0,61,57215.33
"17390",420,1,149.30
"17391",163,2,508.80
"17392",306,3,579.92
"17393",410,2,381.15
"17394",218,1,203.87
"17395",507,1,97.50
"17396",38,13,8391.60
"17397",21,3,1198.28
"17398",114,3,653.38
"17400",125,8,4623.28
"17401",540,1,114.85
"17402",4,22,4600.56
"17403",35,2,382.87
"17404",3,21,47638.12
"17405",0,3,1031.41
"17406",329,13,4186.95
"17407",411,1,552.90
"17408",162,3,316.09
"17409",184,10,7793.51
"17410",15,5,1214.72
"17411",11,5,1425.38
"17412",2,16,4220.22
"17413",404,2,560.14
"17414",43,6,2249.52
"17415",79,1,507.84
"17416",29,22,17298.45
"17417",548,1,164.18
"17418",41,3,670.06
"17419",10,18,6126.25
"17420",49,6,953.58
"17421",385,3,1059.41
"17422",15,11,3594.76
"17423",44,3,1118.95
"17425",18,2,759.17
"17426",3,13,8077.77
"17427",71,1,100.80
"17428",0,45,31466.76
"17429",120,5,1357.46
"17430",32,4,622.57
"17431",312,1,403.30
"17432",17,9,1728.99
"17433",87,2,569.96
"17434",1,7,2373.82
"17435",410,1,331.35
"17436",1,5,534.06
"17437",529,1,369.68
"17438",246,5,1422.77
"17439",655,1,325.74
"17440",147,4,323.58
"17441",731,1,293.35
"17442",28,15,4620.30
"17443",219,1,534.24
"17444",151,2,2389.10
"17446",176,2,120.90
"17447",39,2,541.53
"17448",528,41,14448.67
"17449",1,13,4865.15
"17450",7,51,244784.25
"17451",0,7,1721.40
"17453",17,2,486.72
"17454",191,10,1547.94
"17455",203,1,131.70
"17456",364,2,975.56
"17457",126,14,5984.81
"17458",14,2,529.58
"17459",42,2,657.30
"17460",78,16,2157.97
"17461",22,3,735.82
"17462",50,2,675.69
"17463",15,7,2535.26
"17464",157,3,907.14
"17465",425,7,2542.79
"17466",9,2,763.28
"17467",394,1,102.60
"17468",9,3,194.80
"17469",15,17,5051.25
"17470",44,11,2626.47
"17471",474,1,321.65
"17472",190,4,922.35
"17473",400,2,607.00
"17474",599,1,1047.00
"17475",78,1,194.37
"17476",392,2,489.86
"17477",612,2,1144.30
"17478",407,2,1272.80
"17479",632,1,389.26
"17480",73,2,882.23
"17481",3,4,1255.59
"17482",486,2,775.64
"17483",64,4,591.73
"17484",575,2,209.57
"17485",737,NULL,NULL
"17486",260,1,396.87
"17487",727,1,160.55
"17488",640,1,336.50
"17489",58,2,376.64
"17490",0,9,2750.50
"17491",0,17,5653.67
"17492",247,3,1122.42
"17493",384,1,100.91
"17494",501,1,54.70
"17495",7,3,806.72
"17496",358,4,1412.89
"17497",389,2,287.25
"17498",75,1,272.22
"17499",289,2,1341.39
"17500",16,3,1138.00
"17501",220,2,288.60
"17502",8,4,689.10
"17503",2,2,558.96
"17504",205,18,9490.17
"17505",161,5,2435.48
"17506",69,1,302.20
"17507",261,2,605.58
"17508",280,8,4579.23
"17509",57,8,6083.64
"17510",24,2,514.56
"17511",2,60,172132.87
"17512",28,18,5467.82
"17513",71,3,1158.80
"17514",127,2,522.00
"17515",30,9,1602.51
"17516",14,6,947.50
"17517",308,1,153.94
"17518",425,2,329.42
"17519",16,15,4774.17
"17520",53,1,546.81
"17521",23,5,1278.06
"17522",1,5,1066.15
"17523",10,4,652.74
"17524",360,3,539.14
"17525",359,3,1161.90
"17526",0,12,3939.24
"17527",53,4,939.37
"17528",0,8,3628.50
"17529",609,2,1240.25
"17530",0,12,2787.10
"17531",189,3,1266.82
"17532",385,1,65.34
"17533",434,1,34.80
"17534",53,5,1668.83
"17535",279,1,164.40
"17536",176,3,364.83
"17537",29,2,887.67
"17538",25,1,98.42
"17539",626,3,1161.84
"17540",8,6,1590.60
"17541",509,1,119.86
"17542",269,3,340.85
"17543",549,1,120.05
"17544",389,3,944.82
"17545",42,6,1409.86
"17547",371,2,727.85
"17548",217,4,731.26
"17549",23,2,148.86
"17550",196,9,2506.64
"17551",358,1,290.34
"17552",59,12,2786.77
"17553",129,4,3757.60
"17554",0,5,1952.45
"17555",19,5,1045.74
"17556",205,2,300.67
"17557",13,4,575.46
"17558",392,1,259.17
"17559",512,1,167.62
"17560",94,9,1895.80
"17561",18,4,703.02
"17562",13,7,1122.38
"17563",577,2,392.38
"17564",23,3,454.01
"17565",586,1,131.83
"17566",7,2,869.77
"17567",6,9,4838.08
"17568",632,1,374.45
"17569",331,1,344.14
"17571",49,5,1629.66
"17572",70,10,652.21
"17573",28,3,380.60
"17574",242,1,185.65
"17575",666,1,171.70
"17576",7,41,8705.60
"17577",644,2,348.75
"17578",190,7,1047.33
"17579",4,4,753.28
"17580",252,5,538.07
"17581",0,43,17951.17
"17582",235,5,1446.95
"17583",559,1,135.95
"17584",6,6,5309.42
"17585",108,7,2064.71
"17586",618,1,167.40
"17587",627,1,173.76
"17588",99,7,2939.55
"17589",59,18,13806.27
"17590",1,3,1466.77
"17591",72,8,2339.32
"17592",738,1,148.30
"17593",3,11,8092.32
"17594",84,4,2497.88
"17595",11,2,386.69
"17596",22,13,4491.46
"17597",213,5,3484.09
"17598",380,1,409.98
"17599",464,1,52.05
"17600",17,1,161.67
"17601",238,2,412.66
"17602",1,14,7354.43
"17603",49,4,1788.38
"17604",216,6,942.38
"17605",589,1,160.75
"17606",736,1,87.30
"17607",375,1,333.81
"17608",32,4,488.06
"17609",40,11,1875.36
"17610",539,5,1511.94
"17611",3,28,8287.53
"17612",52,18,5394.86
"17613",22,14,4544.55
"17614",56,1,386.32
"17615",129,6,721.80
"17616",173,4,734.40
"17617",558,1,385.19
"17618",5,11,4001.64
"17619",311,1,214.37
"17620",59,1,81.44
"17621",20,6,3175.12
"17622",596,2,1130.21
"17623",32,7,2365.77
"17624",14,4,1568.63
"17625",17,8,5978.90
"17626",602,1,254.00
"17627",478,1,296.36
"17628",80,1,75.75
"17629",5,10,2455.52
"17630",169,2,503.60
"17631",1,7,998.49
"17632",716,NULL,NULL
"17633",30,7,2057.39
"17634",35,9,2358.59
"17635",423,3,1265.58
"17636",8,1,285.56
"17637",30,2,547.06
"17638",646,2,842.40
"17639",275,6,615.17
"17640",86,6,3168.94
"17641",738,NULL,NULL
"17642",119,5,1824.49
"17643",372,2,439.70
"17644",0,20,6028.60
"17645",727,NULL,NULL
"17646",218,12,3898.79
"17647",64,3,331.66
"17648",60,5,2216.37
"17649",134,3,1578.89
"17650",20,1,166.08
"17651",11,16,5703.52
"17652",24,12,4867.72
"17653",28,4,1207.56
"17654",276,1,117.55
"17655",10,9,2976.38
"17656",72,5,1674.69
"17657",429,1,126.00
"17658",10,2,595.42
"17659",3,14,3586.99
"17660",140,2,342.22
"17661",640,NULL,NULL
"17662",661,2,412.92
"17663",25,17,5175.83
"17664",18,4,1166.23
"17665",492,1,563.10
"17666",3,5,2047.80
"17667",65,9,3950.70
"17668",0,2,347.75
"17669",42,10,6142.35
"17670",227,1,205.70
"17671",15,5,2009.16
"17672",43,6,5663.74
"17673",0,13,4173.88
"17674",73,2,551.04
"17675",0,70,37642.48
"17676",3,10,2448.64
"17677",1,54,35058.46
"17678",263,2,599.76
"17679",52,7,3577.61
"17680",23,3,497.45
"17681",596,5,731.20
"17682",9,11,4065.28
"17683",385,3,819.01
"17684",43,1,239.41
"17685",16,12,5454.95
"17686",6,9,8296.81
"17687",420,1,432.68
"17688",374,1,304.20
"17689",387,2,317.08
"17690",29,20,6963.80
"17691",357,4,637.55
"17692",126,12,2960.44
"17693",135,1,200.47
"17694",141,3,1695.97
"17695",131,5,1746.04
"17696",37,27,7679.59
"17697",235,1,338.95
"17698",260,1,154.95
"17699",476,2,442.00
"17700",16,14,6679.97
"17701",252,1,417.95
"17702",29,6,3144.04
"17703",34,4,1094.84
"17704",168,2,885.19
"17705",2,11,2083.90
"17706",3,31,20272.15
"17707",184,8,609.30
"17708",187,4,884.18
"17709",169,5,671.01
"17710",423,1,293.50
"17711",10,2,385.10
"17712",44,1,522.91
"17713",381,4,1198.09
"17714",320,5,1410.18
"17715",200,2,489.60
"17716",22,24,15956.97
"17717",420,1,376.92
"17718",231,2,439.18
"17719",37,15,5396.04
"17720",25,10,2666.91
"17721",658,1,307.21
"17722",95,5,3520.22
"17723",126,7,3378.40
"17724",57,3,1033.00
"17725",15,11,3439.08
"17726",394,7,1092.06
"17727",8,1,1060.25
"17728",3,5,4238.76
"17729",595,1,438.65
"17730",2,20,7773.80
"17731",78,6,1708.99
"17732",372,8,2166.42
"17733",38,2,692.19
"17734",53,6,1442.32
"17735",1,26,16790.33
"17736",8,3,377.44
"17737",8,2,168.24
"17738",18,13,4183.56
"17739",11,18,7730.59
"17740",388,6,426.90
"17741",406,2,101.10
"17742",112,11,2098.48
"17743",441,1,229.20
"17744",3,7,2649.14
"17745",477,2,600.34
"17746",234,4,904.18
"17747",99,1,71.40
"17748",526,1,358.15
"17749",177,3,1026.18
"17750",4,9,1694.16
"17751",420,1,157.86
"17752",358,1,80.64
"17753",463,4,382.06
"17754",0,13,4451.22
"17755",423,NULL,NULL
"17756",375,3,728.75
"17757",0,56,9070.10
"17758",18,12,4964.03
"17759",16,5,1260.63
"17760",21,6,746.39
"17761",32,1,712.78
"17762",455,1,129.75
"17763",262,4,86.15
"17764",50,5,1513.57
"17765",158,4,524.00
"17766",380,2,299.61
"17767",14,2,413.05
"17768",7,7,3292.73
"17769",12,17,7053.38
"17770",198,5,1143.27
"17771",56,4,386.93
"17772",10,3,360.75
"17773",513,2,575.37
"17774",96,9,3272.83
"17775",254,1,56.40
"17776",386,2,329.30
"17777",24,3,647.56
"17778",661,1,197.70
"17779",20,3,650.32
"17780",666,3,346.56
"17781",158,2,188.02
"17782",382,2,679.02
"17783",71,3,376.96
"17784",549,1,112.86
"17785",52,3,403.38
"17786",84,2,266.85
"17787",152,4,1817.54
"17788",73,2,1112.95
"17789",280,2,397.15
"17790",26,20,2779.41
"17791",29,1,106.10
"17792",466,2,368.35
"17793",24,1,300.34
"17794",686,2,147.30
"17795",179,2,342.83
"17796",39,7,1236.39
"17797",21,8,1971.87
"17798",581,1,172.17
"17799",21,20,6246.93
"17800",36,9,1186.21
"17801",450,3,770.03
"17802",81,10,4946.22
"17803",391,1,184.66
"17804",375,3,383.78
"17805",73,2,927.03
"17806",10,1,546.04
"17807",394,3,437.87
"17808",548,4,262.64
"17809",15,20,10085.89
"17810",668,2,343.21
"17811",3,47,9513.10
"17812",12,7,911.99
"17813",13,5,1698.07
"17814",374,2,1609.37
"17815",392,1,591.96
"17816",36,6,96.11
"17817",3,6,788.15
"17818",737,1,124.78
"17819",71,12,6021.05
"17820",190,1,180.61
"17821",405,1,334.62
"17822",419,5,2154.08
"17823",420,2,449.25
"17824",50,1,298.40
"17825",598,4,701.96
"17826",373,1,133.34
"17827",4,6,2376.17
"17828",8,4,1165.09
"17829",298,5,4756.74
"17830",1,3,398.70
"17831",32,1,35.40
"17832",49,1,155.37
"17833",722,1,338.46
"17834",414,2,689.67
"17835",2,3,342.24
"17836",46,1,109.83
"17837",41,8,1535.33
"17838",26,13,5604.64
"17839",41,1,318.15
"17840",443,1,175.90
"17841",1,211,68508.15
"17842",601,1,430.69
"17843",302,2,312.65
"17844",106,1,51.56
"17845",554,4,596.09
"17847",515,2,125.74
"17848",80,30,3538.46
"17849",217,8,1063.76
"17850",301,155,51208.87
"17851",421,6,1552.35
"17852",11,5,657.81
"17853",406,3,1596.29
"17854",184,6,1068.50
"17855",372,1,208.97
"17856",1,4,1418.03
"17857",2,23,25769.54
"17858",5,30,12518.65
"17859",304,1,141.92
"17860",368,4,717.39
"17861",2,18,5088.29
"17862",323,4,1254.89
"17863",58,12,5360.48
"17864",12,5,876.57
"17865",30,46,26310.09
"17866",142,3,1134.95
"17867",29,14,1560.72
"17868",385,1,227.15
"17869",106,7,813.64
"17870",1,13,2753.29
"17871",204,5,1068.95
"17872",381,1,235.87
"17873",79,18,6135.95
"17874",184,6,683.46
"17875",687,1,167.10
"17876",399,3,3424.02
"17877",169,1,237.61
"17878",43,3,1378.93
"17879",173,1,178.52
"17880",364,3,824.92
"17881",303,1,133.35
"17882",378,2,291.56
"17883",2,7,988.42
"17884",3,20,2693.47
"17885",11,1,156.34
"17886",31,6,1572.55
"17887",128,1,111.35
"17888",18,25,1807.44
"17889",211,7,746.42
"17890",322,2,586.89
"17891",161,1,203.86
"17892",55,3,244.10
"17893",224,1,107.21
"17894",71,18,2304.16
"17895",43,1,95.45
"17896",22,1,256.32
"17897",172,9,2053.04
"17898",84,4,299.18
"17899",158,1,154.55
"17900",164,2,112.20
"17901",28,3,260.08
"17902",546,1,216.40
"17903",393,1,381.09
"17904",20,1,181.07
"17905",70,13,2168.37
"17906",246,1,72.90
"17907",640,1,291.76
"17908",373,5,1142.47
"17909",736,1,110.05
"17910",725,1,261.70
"17911",8,1,366.23
"17912",309,6,371.60
"17913",58,14,3425.09
"17914",3,1,329.36
"17915",550,1,225.78
"17916",628,2,43.87
"17917",44,3,335.03
"17918",500,3,388.44
"17919",87,2,1840.32
"17920",3,54,23569.88
"17921",63,10,2394.36
"17922",542,1,170.40
"17923",281,3,497.00
"17924",0,8,3257.70
"17925",372,1,244.08
"17926",132,5,1035.49
"17927",721,1,294.00
"17928",44,3,313.16
"17929",10,12,3082.10
"17930",35,13,4275.22
"17931",133,14,3402.24
"17932",28,3,1331.57
"17933",631,1,105.99
"17934",51,3,1049.15
"17935",137,7,683.24
"17936",4,1,380.13
"17937",8,7,4301.22
"17938",419,1,144.29
"17939",159,1,99.14
"17940",48,14,28389.58
"17941",130,4,1433.28
"17942",7,1,77.50
"17944",422,1,74.99
"17945",696,3,359.50
"17946",232,2,149.58
"17947",36,1,176.68
"17948",146,1,358.56
"17949",0,116,107833.48
"17950",71,7,1166.29
"17951",39,4,1340.58
"17952",377,4,788.46
"17953",539,1,148.67
"17954",4,19,3801.83
"17955",198,6,949.90
"17956",248,1,12.75
"17957",65,1,110.72
"17958",116,2,973.88
"17959",591,1,140.75
"17960",170,3,135.08
"17961",20,100,2866.74
"17962",141,4,665.91
"17963",470,4,643.16
"17964",31,2,463.21
"17965",37,29,7002.90
"17966",37,10,1963.92
"17967",371,2,223.42
"17968",373,4,590.44
"17969",165,20,2354.29
"17970",210,1,562.79
"17971",547,1,161.94
"17972",241,1,135.19
"17973",51,1,337.04
"17974",24,6,1739.09
"17975",14,24,6693.03
"17976",371,1,321.79
"17977",28,2,1511.45
"17978",364,4,1159.99
"17979",35,4,729.01
"17980",165,4,1012.72
"17981",410,1,239.12
"17982",680,1,138.18
"17983",394,1,171.71
"17984",144,5,1148.69
"17985",21,1,631.35
"17986",55,1,20.80
"17987",184,5,965.44
"17988",11,13,485.69
"17989",378,1,207.33
"17990",236,6,1527.61
"17991",224,3,298.65
"17992",388,1,252.88
"17993",616,1,225.99
"17994",121,11,2264.03
"17995",281,3,495.48
"17996",379,3,469.73
"17997",73,8,1962.46
"17998",379,3,639.24
"17999",36,3,528.46
"18000",563,1,124.25
"18001",11,6,924.14
"18002",375,4,237.62
"18003",375,1,353.51
"18004",361,1,157.92
"18005",3,2,226.47
"18006",22,4,969.51
"18007",392,1,215.22
"18008",69,23,19759.08
"18009",234,8,2144.23
"18010",256,1,174.80
"18011",372,2,410.79
"18012",722,1,115.30
"18013",154,2,187.29
"18014",27,1,154.27
"18015",3,1,120.03
"18016",31,7,1954.56
"18017",80,4,688.00
"18018",107,4,297.99
"18019",51,1,38.45
"18020",543,1,190.48
"18021",509,2,216.41
"18022",35,5,1506.62
"18024",152,2,389.78
"18025",379,6,1177.72
"18026",500,2,2074.07
"18027",98,1,115.31
"18028",582,1,192.05
"18029",641,1,433.77
"18030",3,2,230.65
"18031",378,1,451.30
"18032",333,1,73.50
"18033",64,1,93.82
"18034",21,3,753.35
"18035",35,5,1260.23
"18036",31,11,1545.49
"18037",153,15,167.42
"18038",555,1,141.48
"18039",373,4,548.22
"18040",18,2,357.20
"18041",11,38,8018.77
"18042",53,2,281.15
"18043",24,3,529.29
"18044",3,18,3505.61
"18045",44,1,178.34
"18046",649,1,189.63
"18047",380,2,326.09
"18048",202,3,394.93
"18049",436,2,500.50
"18050",358,2,412.06
"18051",633,7,2282.28
"18052",564,1,10877.18
"18053",65,3,571.07
"18054",392,1,176.50
"18055",6,14,10142.64
"18056",287,2,554.60
"18057",392,3,1168.14
"18058",9,3,774.06
"18059",8,3,306.46
"18060",407,2,1185.46
"18061",21,28,6083.81
"18062",172,6,1632.67
"18063",390,2,186.60
"18064",132,11,4481.83
"18065",5,28,5846.63
"18066",74,3,1440.40
"18067",39,1,396.33
"18068",288,1,101.70
"18069",25,11,4449.02
"18070",668,1,314.10
"18071",257,6,1169.68
"18072",154,1,247.44
"18073",113,12,3859.82
"18074",373,2,1019.44
"18075",22,20,5783.29
"18076",379,1,151.49
"18077",7,18,4078.79
"18078",216,4,725.53
"18079",44,5,4203.93
"18080",18,2,1231.50
"18081",35,3,343.45
"18082",25,1,680.84
"18083",397,1,463.53
"18084",15,3,795.23
"18085",329,4,1341.85
"18086",273,1,101.34
"18087",143,16,13908.72
"18088",60,1,166.03
"18089",446,1,428.45
"18090",421,1,321.90
"18091",592,1,360.85
"18092",1,18,14693.72
"18093",92,8,4452.71
"18094",81,13,6391.52
"18095",312,5,2303.09
"18096",11,6,1638.16
"18097",7,11,4627.92
"18098",395,1,527.94
"18099",126,1,168.31
"18100",549,1,451.56
"18101",10,5,622.01
"18102",0,145,580987.04
"18103",548,1,105.80
"18104",36,1,754.64
"18105",37,1,113.48
"18106",329,6,1441.06
"18107",441,1,165.88
"18108",248,3,848.81
"18109",1,38,9555.71
"18110",18,2,392.28
"18111",582,1,405.85
"18112",11,4,773.36
"18113",368,1,76.32
"18114",289,1,220.10
"18115",697,1,9.70
"18116",67,13,2130.89
"18117",25,1,314.40
"18118",10,29,6218.62
"18119",367,1,180.70
"18120",213,1,111.15
"18121",148,2,653.30
"18122",7,6,1791.84
"18123",23,3,666.64
"18124",471,1,102.65
"18125",29,4,1131.75
"18126",60,1,198.58
"18127",18,4,556.13
"18128",536,1,399.29
"18129",242,1,112.55
"18130",8,3,1059.39
"18131",631,1,222.96
"18132",503,1,220.13
"18133",211,1,931.50
"18134",597,2,445.00
"18135",28,10,1249.62
"18136",62,5,1631.36
"18137",550,2,145.99
"18138",294,1,152.65
"18139",17,6,8438.34
"18140",473,1,536.41
"18141",360,2,882.47
"18142",150,2,1019.52
"18143",116,2,1000.16
"18144",7,19,4892.95
"18145",12,11,5609.74
"18146",140,2,160.35
"18147",45,2,179.34
"18148",646,1,112.85
"18149",50,7,1553.96
"18150",31,3,566.58
"18151",134,6,1879.44
"18152",645,1,426.69
"18153",658,1,246.22
"18154",2,5,932.60
"18155",74,3,371.62
"18156",12,2,675.64
"18157",570,1,213.90
"18158",8,2,453.40
"18159",300,1,530.15
"18160",56,3,1003.88
"18161",9,6,1803.10
"18162",731,1,371.51
"18163",560,1,728.84
"18164",30,1,399.65
"18165",176,1,302.46
"18166",623,1,175.50
"18167",3,3,1384.86
"18168",175,16,3435.50
"18169",60,1,202.65
"18170",32,9,2878.00
"18171",58,9,2437.31
"18172",14,52,17467.24
"18173",86,5,2696.36
"18174",6,2,162.50
"18175",675,1,176.10
"18176",353,1,476.35
"18177",30,9,2216.32
"18178",113,11,6103.74
"18179",8,8,2547.55
"18180",4,6,1843.75
"18181",23,5,1188.34
"18182",462,1,291.13
"18183",217,2,632.07
"18184",14,1,49.80
"18185",248,1,304.25
"18186",722,1,329.58
"18187",622,1,724.89
"18188",14,6,3280.59
"18189",77,3,1403.73
"18190",191,5,745.62
"18191",261,2,529.40
"18192",71,1,957.97
"18193",150,3,1207.35
"18194",63,6,4162.04
"18195",386,1,101.16
"18196",94,4,1455.27
"18197",513,1,230.10
"18198",3,17,5425.56
"18199",675,1,344.75
"18200",105,1,150.35
"18201",722,1,447.53
"18202",199,3,1396.99
"18203",156,4,482.52
"18204",70,3,1975.35
"18205",35,2,517.36
"18206",552,1,314.66
"18207",493,1,544.47
"18208",565,1,360.08
"18209",28,1,139.10
"18210",1,7,2768.83
"18211",25,5,600.07
"18212",325,2,514.37
"18213",236,1,232.48
"18214",530,4,1780.34
"18215",88,5,2232.49
"18216",30,1,481.75
"18217",28,4,945.04
"18218",205,4,1121.84
"18219",2,17,3352.70
"18220",219,6,1921.76
"18221",21,6,1424.94
"18222",92,1,443.00
"18223",1,26,14000.85
"18224",263,1,158.95
"18225",2,26,13014.80
"18226",38,26,11878.88
"18227",217,2,388.75
"18228",49,2,779.90
"18229",11,28,10150.51
"18230",8,9,4291.06
"18231",191,28,6848.27
"18232",81,4,592.97
"18233",325,1,440.00
"18234",551,1,179.60
"18235",71,3,1796.48
"18236",29,12,1795.35
"18237",2,5,987.10
"18238",514,1,270.92
"18239",218,6,1712.26
"18240",45,1,422.58
"18241",9,21,2986.99
"18242",71,8,3605.21
"18243",413,1,515.78
"18244",430,2,568.64
"18245",6,20,6324.98
"18246",23,3,758.82
"18247",409,3,839.73
"18248",113,2,804.02
"18249",16,1,95.34
"18250",300,1,349.27
"18251",86,9,26278.86
"18252",50,7,1533.69
"18253",642,1,317.88
"18254",580,1,267.90
"18255",88,2,303.15
"18256",354,1,110.70
"18257",38,12,4585.15
"18258",463,6,2059.67
"18259",24,7,3941.90
"18260",172,23,9947.26
"18261",42,2,324.24
"18262",139,3,577.54
"18263",22,3,1213.16
"18264",498,1,603.25
"18265",71,2,801.51
"18266",433,1,251.10
"18267",659,1,269.37
"18268",133,6,1490.23
"18269",357,1,168.60
"18270",37,3,444.55
"18271",609,2,680.85
"18272",2,9,4385.98
"18273",1,4,357.00
"18274",17,1,175.92
"18275",577,2,741.85
"18276",20,6,1656.52
"18277",57,5,1180.05
"18278",73,2,414.20
"18279",518,1,231.34
"18280",277,2,488.15
"18281",180,2,201.14
"18282",7,2,178.05
"18283",3,22,2658.95
"18284",431,1,411.68
"18285",660,1,377.00
"18286",476,2,1246.43
"18287",42,7,4132.99
