"customer_id","total_orders","cancelled_orders","order_level_return_rate"
"",8752,391,0.0447
"12346.0",17,5,0.2941
"12347.0",8,0,0.0000
"12348.0",5,0,0.0000
"12349.0",5,1,0.2000
"12350.0",1,0,0.0000
"12351.0",1,0,0.0000
"12352.0",13,3,0.2308
"12353.0",2,0,0.0000
"12354.0",1,0,0.0000
"12355.0",2,0,0.0000
"12356.0",6,0,0.0000
"12357.0",3,0,0.0000
"12358.0",5,0,0.0000
"12359.0",14,4,0.2857
"12360.0",9,1,0.1111
"12361.0",4,0,0.0000
"12362.0",14,3,0.2143
"12363.0",2,0,0.0000
"12364.0",4,0,0.0000
"12365.0",3,1,0.3333
"12366.0",1,0,0.0000
"12367.0",1,0,0.0000
"12368.0",1,0,0.0000
"12369.0",3,0,0.0000
"12370.0",7,0,0.0000
"12371.0",5,0,0.0000
"12372.0",3,0,0.0000
"12373.0",3,0,0.0000
"12374.0",4,0,0.0000
"12375.0",3,1,0.3333
"12376.0",2,0,0.0000
"12377.0",4,0,0.0000
"12378.0",2,0,0.0000
"12379.0",5,1,0.2000
"12380.0",15,4,0.2667
"12381.0",6,1,0.1667
"12382.0",1,1,1.0000
"12383.0",6,1,0.1667
"12384.0",3,1,0.3333
"12385.0",2,1,0.5000
"12386.0",2,0,0.0000
"12387.0",1,0,0.0000
"12388.0",8,0,0.0000
"12389.0",3,0,0.0000
"12390.0",1,0,0.0000
"12391.0",7,1,0.1429
"12392.0",1,0,0.0000
"12393.0",7,1,0.1429
"12394.0",2,0,0.0000
"12395.0",18,3,0.1667
"12396.0",1,0,0.0000
"12397.0",2,0,0.0000
"12398.0",1,0,0.0000
"12399.0",7,0,0.0000
"12400.0",1,0,0.0000
"12401.0",1,0,0.0000
"12402.0",7,1,0.1429
"12403.0",3,1,0.3333
"12404.0",1,0,0.0000
"12405.0",1,0,0.0000
"12406.0",7,2,0.2857
"12407.0",5,0,0.0000
"12408.0",14,6,0.4286
"12409.0",13,6,0.4615
"12410.0",4,1,0.2500
"12411.0",1,0,0.0000
"12412.0",8,2,0.2500
"12413.0",6,2,0.3333
"12414.0",8,2,0.2500
"12415.0",33,5,0.1515
"12416.0",1,0,0.0000
"12417.0",27,7,0.2593
"12418.0",5,1,0.2000
"12419.0",2,0,0.0000
"12420.0",1,0,0.0000
"12421.0",8,2,0.2500
"12422.0",21,4,0.1905
"12423.0",11,1,0.0909
"12424.0",7,3,0.4286
"12425.0",3,1,0.3333
"12426.0",3,1,0.3333
"12427.0",5,2,0.4000
"12428.0",12,3,0.2500
"12429.0",9,1,0.1111
"12430.0",1,0,0.0000
"12431.0",33,6,0.1818
"12432.0",5,0,0.0000
"12433.0",11,1,0.0909
"12434.0",5,2,0.4000
"12435.0",6,0,0.0000
"12436.0",1,0,0.0000
"12437.0",47,8,0.1702
"12438.0",2,0,0.0000
"12439.0",3,1,0.3333
"12440.0",3,1,0.3333
"12441.0",1,0,0.0000
"12442.0",1,0,0.0000
"12443.0",1,0,0.0000
"12444.0",5,0,0.0000
"12445.0",3,1,0.3333
"12446.0",1,0,0.0000
"12447.0",1,0,0.0000
"12448.0",1,0,0.0000
"12449.0",6,0,0.0000
"12450.0",7,2,0.2857
"12451.0",10,2,0.2000
"12452.0",3,1,0.3333
"12453.0",1,0,0.0000
"12454.0",9,4,0.4444
"12455.0",10,0,0.0000
"12456.0",4,1,0.2500
"12457.0",14,6,0.4286
"12458.0",4,0,0.0000
"12459.0",1,0,0.0000
"12460.0",1,0,0.0000
"12461.0",2,0,0.0000
"12462.0",4,2,0.5000
"12463.0",7,3,0.4286
"12464.0",8,0,0.0000
"12465.0",3,1,0.3333
"12466.0",1,0,0.0000
"12467.0",2,1,0.5000
"12468.0",10,5,0.5000
"12469.0",2,0,0.0000
"12470.0",1,0,0.0000
"12471.0",129,50,0.3876
"12472.0",37,18,0.4865
"12473.0",9,4,0.4444
"12474.0",54,23,0.4259
"12475.0",2,0,0.0000
"12476.0",38,15,0.3947
"12477.0",12,3,0.2500
"12478.0",1,0,0.0000
"12479.0",3,2,0.6667
"12480.0",8,1,0.1250
"12481.0",18,3,0.1667
"12482.0",32,3,0.0938
"12483.0",27,8,0.2963
"12484.0",16,4,0.2500
"12485.0",1,0,0.0000
"12486.0",1,0,0.0000
"12487.0",2,1,0.5000
"12488.0",3,0,0.0000
"12489.0",1,0,0.0000
"12490.0",22,1,0.0455
"12491.0",1,0,0.0000
"12492.0",3,0,0.0000
"12493.0",3,1,0.3333
"12494.0",17,8,0.4706
"12495.0",2,1,0.5000
"12496.0",2,0,0.0000
"12497.0",4,1,0.2500
"12498.0",3,0,0.0000
"12499.0",1,0,0.0000
"12500.0",25,6,0.2400
"12501.0",2,1,0.5000
"12502.0",5,0,0.0000
"12503.0",2,1,0.5000
"12504.0",6,2,0.3333
"12505.0",3,2,0.6667
"12506.0",1,0,0.0000
"12507.0",5,1,0.2000
"12508.0",2,0,0.0000
"12509.0",1,0,0.0000
"12510.0",16,7,0.4375
"12511.0",2,1,0.5000
"12512.0",2,0,0.0000
"12513.0",2,1,0.5000
"12514.0",2,0,0.0000
"12515.0",1,0,0.0000
"12516.0",4,0,0.0000
"12517.0",6,1,0.1667
"12518.0",5,0,0.0000
"12519.0",3,1,0.3333
"12520.0",6,1,0.1667
"12521.0",1,0,0.0000
"12522.0",2,0,0.0000
"12523.0",30,7,0.2333
"12524.0",18,1,0.0556
"12525.0",8,5,0.6250
"12526.0",3,0,0.0000
"12527.0",5,0,0.0000
"12528.0",8,2,0.2500
"12529.0",2,1,0.5000
"12530.0",12,3,0.2500
"12531.0",3,1,0.3333
"12532.0",1,0,0.0000
"12533.0",6,4,0.6667
"12534.0",1,0,0.0000
"12535.0",2,0,0.0000
"12536.0",5,2,0.4000
"12537.0",1,0,0.0000
"12538.0",2,0,0.0000
"12539.0",8,1,0.1250
"12540.0",36,3,0.0833
"12541.0",3,0,0.0000
"12542.0",4,2,0.5000
"12543.0",1,0,0.0000
"12544.0",2,1,0.5000
"12545.0",2,0,0.0000
"12546.0",3,1,0.3333
"12547.0",3,0,0.0000
"12548.0",1,0,0.0000
"12549.0",6,0,0.0000
"12550.0",1,0,0.0000
"12551.0",1,0,0.0000
"12552.0",2,0,0.0000
"12553.0",17,5,0.2941
"12554.0",1,0,0.0000
"12555.0",1,0,0.0000
"12556.0",2,0,0.0000
"12557.0",8,0,0.0000
"12558.0",2,1,0.5000
"12559.0",3,1,0.3333
"12560.0",4,1,0.2500
"12561.0",1,0,0.0000
"12562.0",9,0,0.0000
"12563.0",1,0,0.0000
"12564.0",1,0,0.0000
"12565.0",2,1,0.5000
"12566.0",2,1,0.5000
"12567.0",17,2,0.1176
"12568.0",1,0,0.0000
"12569.0",35,3,0.0857
"12570.0",1,0,0.0000
"12571.0",2,0,0.0000
"12572.0",3,1,0.3333
"12573.0",5,0,0.0000
"12574.0",1,0,0.0000
"12575.0",2,0,0.0000
"12576.0",11,3,0.2727
"12577.0",9,1,0.1111
"12578.0",7,3,0.4286
"12579.0",3,2,0.6667
"12580.0",2,0,0.0000
"12581.0",1,0,0.0000
"12582.0",4,0,0.0000
"12583.0",31,4,0.1290
"12584.0",18,9,0.5000
"12585.0",4,2,0.5000
"12586.0",5,1,0.2000
"12587.0",1,0,0.0000
"12588.0",5,1,0.2000
"12589.0",11,3,0.2727
"12590.0",5,3,0.6000
"12591.0",3,0,0.0000
"12592.0",8,3,0.3750
"12593.0",3,0,0.0000
"12594.0",17,2,0.1176
"12595.0",1,0,0.0000
"12596.0",2,0,0.0000
"12597.0",5,1,0.2000
"12598.0",15,4,0.2667
"12599.0",13,0,0.0000
"12600.0",26,5,0.1923
"12601.0",7,1,0.1429
"12602.0",1,0,0.0000
"12603.0",1,0,0.0000
"12604.0",2,0,0.0000
"12605.0",5,1,0.2000
"12606.0",1,0,0.0000
"12607.0",2,1,0.5000
"12608.0",1,0,0.0000
"12609.0",10,1,0.1000
"12610.0",7,2,0.2857
"12611.0",1,0,0.0000
"12612.0",2,1,0.5000
"12613.0",13,3,0.2308
"12614.0",1,0,0.0000
"12615.0",11,3,0.2727
"12616.0",7,4,0.5714
"12617.0",1,0,0.0000
"12618.0",1,0,0.0000
"12619.0",14,4,0.2857
"12620.0",3,0,0.0000
"12621.0",44,9,0.2045
"12622.0",1,0,0.0000
"12623.0",9,2,0.2222
"12624.0",2,0,0.0000
"12625.0",5,1,0.2000
"12626.0",13,4,0.3077
"12627.0",7,0,0.0000
"12628.0",4,1,0.2500
"12629.0",2,0,0.0000
"12630.0",2,0,0.0000
"12631.0",7,1,0.1429
"12632.0",4,2,0.5000
"12633.0",10,3,0.3000
"12634.0",2,0,0.0000
"12635.0",4,0,0.0000
"12636.0",1,0,0.0000
"12637.0",14,2,0.1429
"12638.0",2,0,0.0000
"12639.0",3,0,0.0000
"12640.0",3,0,0.0000
"12641.0",1,0,0.0000
"12642.0",3,0,0.0000
"12643.0",14,2,0.1429
"12644.0",6,2,0.3333
"12645.0",10,2,0.2000
"12646.0",2,0,0.0000
"12647.0",45,9,0.2000
"12648.0",5,1,0.2000
"12649.0",10,2,0.2000
"12650.0",1,0,0.0000
"12651.0",5,1,0.2000
"12652.0",3,1,0.3333
"12653.0",3,0,0.0000
"12654.0",5,0,0.0000
"12655.0",1,0,0.0000
"12656.0",12,4,0.3333
"12657.0",5,1,0.2000
"12658.0",1,0,0.0000
"12659.0",1,0,0.0000
"12660.0",1,0,0.0000
"12661.0",1,0,0.0000
"12662.0",22,2,0.0909
"12663.0",3,1,0.3333
"12664.0",12,1,0.0833
"12665.0",5,2,0.4000
"12666.0",2,1,0.5000
"12667.0",1,0,0.0000
"12668.0",12,2,0.1667
"12669.0",4,1,0.2500
"12670.0",8,1,0.1250
"12671.0",1,0,0.0000
"12672.0",3,1,0.3333
"12673.0",3,0,0.0000
"12674.0",7,3,0.4286
"12675.0",4,2,0.5000
"12676.0",12,1,0.0833
"12677.0",3,1,0.3333
"12678.0",23,2,0.0870
"12679.0",9,5,0.5556
"12680.0",4,0,0.0000
"12681.0",56,11,0.1964
"12682.0",53,1,0.0189
"12683.0",27,6,0.2222
"12684.0",7,0,0.0000
"12685.0",6,0,0.0000
"12686.0",1,0,0.0000
"12687.0",2,0,0.0000
"12688.0",1,0,0.0000
"12689.0",2,0,0.0000
"12690.0",1,0,0.0000
"12691.0",7,0,0.0000
"12692.0",1,0,0.0000
"12693.0",11,4,0.3636
"12694.0",4,1,0.2500
"12695.0",7,0,0.0000
"12696.0",3,1,0.3333
"12697.0",5,2,0.4000
"12698.0",1,0,0.0000
"12699.0",1,0,0.0000
"12700.0",6,2,0.3333
"12701.0",6,0,0.0000
"12702.0",1,0,0.0000
"12703.0",7,3,0.4286
"12704.0",10,2,0.2000
"12705.0",22,8,0.3636
"12706.0",1,1,1.0000
"12707.0",1,0,0.0000
"12708.0",30,12,0.4000
"12709.0",55,21,0.3818
"12710.0",4,1,0.2500
"12711.0",2,0,0.0000
"12712.0",28,7,0.2500
"12713.0",1,0,0.0000
"12714.0",12,0,0.0000
"12715.0",1,0,0.0000
"12716.0",2,0,0.0000
"12717.0",4,1,0.2500
"12718.0",1,0,0.0000
"12719.0",3,1,0.3333
"12720.0",41,11,0.2683
"12721.0",10,2,0.2000
"12722.0",6,2,0.3333
"12723.0",5,0,0.0000
"12724.0",7,0,0.0000
"12725.0",4,0,0.0000
"12726.0",11,0,0.0000
"12727.0",12,2,0.1667
"12728.0",5,0,0.0000
"12729.0",1,0,0.0000
"12730.0",1,0,0.0000
"12731.0",19,2,0.1053
"12732.0",1,0,0.0000
"12733.0",6,2,0.3333
"12734.0",3,0,0.0000
"12735.0",2,0,0.0000
"12736.0",1,0,0.0000
"12737.0",2,0,0.0000
"12738.0",1,0,0.0000
"12739.0",4,0,0.0000
"12740.0",1,0,0.0000
"12741.0",2,0,0.0000
"12742.0",2,1,0.5000
"12743.0",2,0,0.0000
"12744.0",14,3,0.2143
"12745.0",3,0,0.0000
"12746.0",3,2,0.6667
"12747.0",32,6,0.1875
"12748.0",365,28,0.0767
"12749.0",16,7,0.4375
"12750.0",1,0,0.0000
"12751.0",1,0,0.0000
"12752.0",1,0,0.0000
"12753.0",11,5,0.4545
"12754.0",5,2,0.4000
"12755.0",22,11,0.5000
"12756.0",1,0,0.0000
"12757.0",19,6,0.3158
"12758.0",8,1,0.1250
"12759.0",8,0,0.0000
"12760.0",1,0,0.0000
"12761.0",2,0,0.0000
"12762.0",2,0,0.0000
"12763.0",2,0,0.0000
"12764.0",1,0,0.0000
"12765.0",6,0,0.0000
"12766.0",11,2,0.1818
"12767.0",1,0,0.0000
"12768.0",2,1,0.5000
"12769.0",1,0,0.0000
"12770.0",7,5,0.7143
"12771.0",2,1,0.5000
"12772.0",1,0,0.0000
"12773.0",2,1,0.5000
"12774.0",1,0,0.0000
"12775.0",8,1,0.1250
"12776.0",1,0,0.0000
"12777.0",1,0,0.0000
"12778.0",10,1,0.1000
"12779.0",21,7,0.3333
"12780.0",1,0,0.0000
"12781.0",5,3,0.6000
"12782.0",14,3,0.2143
"12783.0",8,2,0.2500
"12784.0",3,0,0.0000
"12785.0",5,2,0.4000
"12786.0",1,0,0.0000
"12787.0",5,1,0.2000
"12788.0",4,0,0.0000
"12789.0",3,0,0.0000
"12790.0",3,1,0.3333
"12791.0",8,2,0.2500
"12792.0",3,1,0.3333
"12793.0",3,0,0.0000
"12794.0",2,0,0.0000
"12795.0",1,0,0.0000
"12796.0",1,0,0.0000
"12797.0",6,4,0.6667
"12798.0",4,0,0.0000
"12799.0",1,0,0.0000
"12800.0",3,0,0.0000
"12801.0",2,1,0.5000
"12802.0",9,2,0.2222
"12803.0",1,0,0.0000
"12804.0",2,0,0.0000
"12805.0",4,0,0.0000
"12806.0",4,0,0.0000
"12807.0",3,2,0.6667
"12808.0",5,0,0.0000
"12809.0",8,5,0.6250
"12810.0",2,0,0.0000
"12811.0",5,0,0.0000
"12812.0",1,0,0.0000
"12813.0",3,0,0.0000
"12814.0",1,0,0.0000
"12815.0",2,0,0.0000
"12816.0",2,0,0.0000
"12817.0",3,0,0.0000
"12818.0",2,1,0.5000
"12819.0",1,0,0.0000
"12820.0",13,2,0.1538
"12821.0",2,0,0.0000
"12822.0",3,1,0.3333
"12823.0",18,0,0.0000
"12824.0",1,0,0.0000
"12825.0",2,0,0.0000
"12826.0",15,3,0.2000
"12827.0",3,0,0.0000
"12828.0",6,0,0.0000
"12829.0",4,1,0.2500
"12830.0",7,1,0.1429
"12831.0",3,0,0.0000
"12832.0",2,0,0.0000
"12833.0",1,0,0.0000
"12834.0",1,0,0.0000
"12835.0",49,8,0.1633
"12836.0",17,2,0.1176
"12837.0",2,0,0.0000
"12838.0",12,2,0.1667
"12839.0",31,5,0.1613
"12840.0",11,4,0.3636
"12841.0",42,2,0.0476
"12842.0",4,0,0.0000
"12843.0",34,4,0.1176
"12844.0",4,0,0.0000
"12845.0",4,0,0.0000
"12846.0",1,0,0.0000
"12847.0",2,0,0.0000
"12848.0",1,0,0.0000
"12849.0",6,0,0.0000
"12850.0",1,0,0.0000
"12851.0",2,0,0.0000
"12852.0",2,1,0.5000
"12853.0",16,5,0.3125
"12854.0",11,4,0.3636
"12855.0",4,0,0.0000
"12856.0",8,2,0.2500
"12857.0",7,1,0.1429
"12858.0",2,1,0.5000
"12859.0",1,0,0.0000
"12860.0",1,0,0.0000
"12861.0",1,0,0.0000
"12862.0",2,0,0.0000
"12863.0",7,1,0.1429
"12864.0",2,0,0.0000
"12865.0",5,1,0.2000
"12866.0",3,0,0.0000
"12867.0",16,3,0.1875
"12868.0",8,0,0.0000
"12869.0",1,0,0.0000
"12870.0",4,1,0.2500
"12871.0",3,0,0.0000
"12872.0",13,1,0.0769
"12873.0",3,0,0.0000
"12874.0",3,1,0.3333
"12875.0",5,0,0.0000
"12876.0",5,1,0.2000
"12877.0",20,0,0.0000
"12878.0",3,1,0.3333
"12879.0",4,1,0.2500
"12880.0",2,0,0.0000
"12881.0",1,0,0.0000
"12882.0",2,0,0.0000
"12883.0",4,0,0.0000
"12884.0",1,0,0.0000
"12885.0",4,1,0.2500
"12886.0",3,1,0.3333
"12887.0",1,0,0.0000
"12888.0",4,2,0.5000
"12889.0",6,2,0.3333
"12890.0",2,0,0.0000
"12891.0",12,1,0.0833
"12892.0",1,0,0.0000
"12893.0",1,0,0.0000
"12894.0",1,0,0.0000
"12895.0",3,1,0.3333
"12896.0",1,1,1.0000
"12897.0",4,0,0.0000
"12898.0",2,0,0.0000
"12899.0",1,0,0.0000
"12900.0",1,0,0.0000
"12901.0",36,8,0.2222
"12902.0",1,0,0.0000
"12903.0",1,0,0.0000
"12904.0",2,0,0.0000
"12905.0",3,1,0.3333
"12906.0",5,0,0.0000
"12907.0",3,1,0.3333
"12908.0",7,2,0.2857
"12909.0",13,5,0.3846
"12910.0",14,1,0.0714
"12911.0",1,0,0.0000
"12912.0",5,0,0.0000
"12913.0",13,0,0.0000
"12914.0",1,0,0.0000
"12915.0",8,4,0.5000
"12916.0",8,1,0.1250
"12917.0",8,2,0.2500
"12918.0",3,2,0.6667
"12919.0",8,2,0.2500
"12920.0",4,0,0.0000
"12921.0",103,29,0.2816
"12922.0",1,0,0.0000
"12923.0",3,0,0.0000
"12924.0",14,2,0.1429
"12925.0",3,0,0.0000
"12926.0",4,0,0.0000
"12927.0",1,0,0.0000
"12928.0",12,0,0.0000
"12929.0",2,1,0.5000
"12930.0",4,2,0.5000
"12931.0",71,14,0.1972
"12932.0",8,0,0.0000
"12933.0",11,3,0.2727
"12934.0",1,0,0.0000
"12935.0",19,4,0.2105
"12936.0",5,1,0.2000
"12937.0",9,0,0.0000
"12938.0",1,0,0.0000
"12939.0",20,0,0.0000
"12940.0",4,2,0.5000
"12941.0",1,0,0.0000
"12942.0",3,0,0.0000
"12943.0",4,2,0.5000
"12944.0",2,0,0.0000
"12945.0",2,0,0.0000
"12946.0",1,0,0.0000
"12947.0",11,5,0.4545
"12948.0",10,1,0.1000
"12949.0",28,6,0.2143
"12950.0",3,0,0.0000
"12951.0",20,5,0.2500
"12952.0",5,1,0.2000
"12953.0",2,0,0.0000
"12954.0",1,0,0.0000
"12955.0",14,3,0.2143
"12956.0",4,0,0.0000
"12957.0",21,8,0.3810
"12958.0",2,0,0.0000
"12959.0",2,1,0.5000
"12960.0",4,0,0.0000
"12961.0",1,0,0.0000
"12962.0",2,0,0.0000
"12963.0",14,2,0.1429
"12964.0",1,0,0.0000
"12965.0",1,0,0.0000
"12966.0",1,0,0.0000
"12967.0",5,2,0.4000
"12968.0",1,0,0.0000
"12969.0",1,0,0.0000
"12970.0",10,0,0.0000
"12971.0",120,4,0.0333
"12972.0",6,2,0.3333
"12973.0",1,0,0.0000
"12974.0",2,0,0.0000
"12975.0",8,2,0.2500
"12976.0",8,0,0.0000
"12977.0",4,0,0.0000
"12978.0",6,1,0.1667
"12979.0",2,1,0.5000
"12980.0",26,5,0.1923
"12981.0",2,0,0.0000
"12982.0",17,9,0.5294
"12983.0",1,0,0.0000
"12984.0",1,0,0.0000
"12985.0",3,1,0.3333
"12986.0",12,2,0.1667
"12987.0",6,1,0.1667
"12988.0",1,0,0.0000
"12989.0",39,6,0.1538
"12990.0",7,0,0.0000
"12991.0",3,0,0.0000
"12992.0",1,0,0.0000
"12993.0",10,2,0.2000
"12994.0",5,2,0.4000
"12995.0",2,1,0.5000
"12996.0",1,0,0.0000
"12997.0",16,8,0.5000
"12998.0",4,1,0.2500
"12999.0",3,0,0.0000
"13000.0",5,1,0.2000
"13001.0",37,4,0.1081
"13002.0",3,0,0.0000
"13003.0",3,0,0.0000
"13004.0",46,10,0.2174
"13005.0",6,2,0.3333
"13006.0",1,0,0.0000
"13007.0",1,0,0.0000
"13008.0",7,4,0.5714
"13009.0",1,0,0.0000
"13010.0",2,0,0.0000
"13011.0",1,0,0.0000
"13012.0",15,4,0.2667
"13013.0",31,2,0.0645
"13014.0",18,7,0.3889
"13015.0",14,3,0.2143
"13016.0",3,0,0.0000
"13017.0",1,0,0.0000
"13018.0",37,2,0.0541
"13019.0",8,2,0.2500
"13020.0",5,3,0.6000
"13021.0",24,7,0.2917
"13022.0",1,0,0.0000
"13023.0",3,0,0.0000
"13024.0",3,1,0.3333
"13025.0",1,0,0.0000
"13026.0",13,4,0.3077
"13027.0",23,4,0.1739
"13028.0",3,1,0.3333
"13029.0",5,0,0.0000
"13030.0",2,0,0.0000
"13031.0",5,0,0.0000
"13032.0",11,2,0.1818
"13033.0",2,0,0.0000
"13034.0",3,0,0.0000
"13035.0",4,1,0.2500
"13036.0",1,0,0.0000
"13037.0",16,4,0.2500
"13038.0",3,0,0.0000
"13039.0",4,0,0.0000
"13040.0",2,0,0.0000
"13041.0",4,0,0.0000
"13042.0",4,1,0.2500
"13043.0",2,1,0.5000
"13044.0",13,2,0.1538
"13045.0",3,0,0.0000
"13046.0",3,0,0.0000
"13047.0",42,18,0.4286
"13048.0",13,4,0.3077
"13049.0",5,1,0.2000
"13050.0",57,22,0.3860
"13051.0",2,0,0.0000
"13052.0",7,0,0.0000
"13053.0",1,0,0.0000
"13054.0",1,1,1.0000
"13055.0",6,2,0.3333
"13056.0",1,0,0.0000
"13057.0",4,1,0.2500
"13058.0",3,0,0.0000
"13059.0",12,2,0.1667
"13060.0",1,0,0.0000
"13061.0",1,0,0.0000
"13062.0",1,0,0.0000
"13063.0",1,0,0.0000
"13064.0",6,0,0.0000
"13065.0",6,1,0.1667
"13066.0",3,1,0.3333
"13067.0",3,0,0.0000
"13068.0",2,0,0.0000
"13069.0",42,4,0.0952
"13070.0",5,1,0.2000
"13071.0",1,0,0.0000
"13072.0",1,0,0.0000
"13073.0",2,0,0.0000
"13074.0",5,1,0.2000
"13075.0",1,0,0.0000
"13076.0",1,0,0.0000
"13077.0",14,3,0.2143
"13078.0",95,38,0.4000
"13079.0",6,0,0.0000
"13080.0",5,1,0.2000
"13081.0",44,16,0.3636
"13082.0",25,4,0.1600
"13083.0",3,0,0.0000
"13084.0",2,1,0.5000
"13085.0",10,2,0.2000
"13086.0",1,0,0.0000
"13087.0",1,0,0.0000
"13088.0",1,0,0.0000
"13089.0",247,44,0.1781
"13090.0",30,6,0.2000
"13091.0",6,3,0.5000
"13092.0",15,3,0.2000
"13093.0",88,33,0.3750
"13094.0",17,4,0.2353
"13095.0",1,0,0.0000
"13096.0",1,0,0.0000
"13097.0",40,12,0.3000
"13098.0",41,13,0.3171
"13099.0",1,0,0.0000
"13100.0",1,1,1.0000
"13101.0",4,0,0.0000
"13102.0",42,5,0.1190
"13103.0",3,0,0.0000
"13104.0",9,0,0.0000
"13105.0",1,0,0.0000
"13106.0",3,1,0.3333
"13107.0",15,6,0.4000
"13108.0",2,0,0.0000
"13109.0",7,4,0.5714
"13110.0",14,2,0.1429
"13111.0",1,0,0.0000
"13112.0",3,2,0.6667
"13113.0",60,23,0.3833
"13114.0",1,0,0.0000
"13115.0",23,13,0.5652
"13116.0",2,1,0.5000
"13117.0",19,1,0.0526
"13118.0",12,3,0.2500
"13119.0",1,0,0.0000
"13120.0",1,0,0.0000
"13121.0",2,1,0.5000
"13122.0",2,0,0.0000
"13123.0",2,0,0.0000
"13124.0",4,0,0.0000
"13125.0",1,0,0.0000
"13126.0",19,6,0.3158
"13127.0",1,0,0.0000
"13128.0",1,0,0.0000
"13129.0",2,0,0.0000
"13130.0",1,0,0.0000
"13131.0",8,1,0.1250
"13132.0",1,0,0.0000
"13133.0",3,0,0.0000
"13134.0",9,3,0.3333
"13135.0",2,0,0.0000
"13136.0",24,11,0.4583
"13137.0",17,1,0.0588
"13138.0",8,1,0.1250
"13139.0",9,1,0.1111
"13140.0",5,0,0.0000
"13141.0",21,4,0.1905
"13142.0",1,0,0.0000
"13143.0",2,1,0.5000
"13144.0",2,0,0.0000
"13145.0",8,1,0.1250
"13146.0",1,0,0.0000
"13147.0",4,0,0.0000
"13148.0",36,10,0.2778
"13149.0",4,0,0.0000
"13150.0",4,1,0.2500
"13151.0",5,2,0.4000
"13152.0",9,2,0.2222
"13153.0",1,0,0.0000
"13154.0",5,2,0.4000
"13155.0",6,0,0.0000
"13156.0",3,0,0.0000
"13157.0",10,1,0.1000
"13158.0",5,0,0.0000
"13159.0",5,1,0.2000
"13160.0",1,0,0.0000
"13161.0",2,0,0.0000
"13162.0",19,3,0.1579
"13163.0",2,1,0.5000
"13164.0",3,1,0.3333
"13165.0",3,0,0.0000
"13166.0",3,1,0.3333
"13167.0",5,0,0.0000
"13168.0",6,1,0.1667
"13169.0",3,0,0.0000
"13170.0",1,0,0.0000
"13171.0",5,2,0.4000
"13172.0",1,0,0.0000
"13173.0",13,2,0.1538
"13174.0",12,0,0.0000
"13175.0",4,2,0.5000
"13176.0",1,0,0.0000
"13177.0",2,0,0.0000
"13178.0",25,4,0.1600
"13179.0",1,0,0.0000
"13180.0",1,0,0.0000
"13181.0",1,0,0.0000
"13182.0",1,0,0.0000
"13183.0",18,3,0.1667
"13184.0",12,2,0.1667
"13185.0",1,0,0.0000
"13186.0",5,2,0.4000
"13187.0",5,1,0.2000
"13188.0",1,0,0.0000
"13189.0",2,0,0.0000
"13190.0",4,1,0.2500
"13191.0",1,0,0.0000
"13192.0",8,2,0.2500
"13193.0",1,0,0.0000
"13194.0",2,0,0.0000
"13195.0",1,0,0.0000
"13196.0",8,1,0.1250
"13197.0",1,0,0.0000
"13198.0",12,4,0.3333
"13199.0",69,2,0.0290
"13200.0",4,0,0.0000
"13201.0",4,0,0.0000
"13202.0",8,1,0.1250
"13203.0",11,1,0.0909
"13204.0",1,0,0.0000
"13205.0",1,0,0.0000
"13206.0",15,2,0.1333
"13207.0",4,0,0.0000
"13208.0",10,1,0.1000
"13209.0",16,3,0.1875
"13210.0",1,0,0.0000
"13211.0",12,2,0.1667
"13212.0",4,1,0.2500
"13213.0",14,3,0.2143
"13214.0",7,0,0.0000
"13215.0",1,0,0.0000
"13216.0",1,0,0.0000
"13217.0",6,2,0.3333
"13218.0",1,0,0.0000
"13219.0",1,0,0.0000
"13220.0",5,0,0.0000
"13221.0",2,0,0.0000
"13222.0",1,0,0.0000
"13223.0",6,0,0.0000
"13224.0",3,1,0.3333
"13225.0",17,1,0.0588
"13226.0",2,0,0.0000
"13227.0",1,0,0.0000
"13228.0",1,0,0.0000
"13229.0",1,0,0.0000
"13230.0",31,1,0.0323
"13231.0",1,1,1.0000
"13232.0",7,0,0.0000
"13233.0",4,0,0.0000
"13234.0",2,0,0.0000
"13235.0",2,1,0.5000
"13236.0",3,1,0.3333
"13237.0",1,0,0.0000
"13238.0",7,1,0.1429
"13239.0",6,1,0.1667
"13240.0",9,1,0.1111
"13241.0",1,0,0.0000
"13242.0",7,0,0.0000
"13243.0",5,0,0.0000
"13244.0",1,0,0.0000
"13245.0",2,0,0.0000
"13246.0",14,3,0.2143
"13247.0",4,0,0.0000
"13248.0",2,0,0.0000
"13249.0",9,0,0.0000
"13250.0",3,1,0.3333
"13251.0",1,0,0.0000
"13252.0",3,1,0.3333
"13253.0",4,0,0.0000
"13254.0",1,0,0.0000
"13255.0",4,1,0.2500
"13256.0",1,0,0.0000
"13257.0",3,2,0.6667
"13258.0",5,0,0.0000
"13259.0",9,0,0.0000
"13260.0",1,0,0.0000
"13261.0",2,0,0.0000
"13262.0",3,0,0.0000
"13263.0",39,0,0.0000
"13264.0",1,0,0.0000
"13265.0",5,0,0.0000
"13266.0",30,11,0.3667
"13267.0",50,14,0.2800
"13268.0",15,4,0.2667
"13269.0",30,2,0.0667
"13270.0",1,0,0.0000
"13271.0",2,1,0.5000
"13272.0",2,0,0.0000
"13273.0",1,0,0.0000
"13274.0",1,0,0.0000
"13275.0",2,0,0.0000
"13276.0",7,2,0.2857
"13277.0",7,0,0.0000
"13278.0",5,1,0.2000
"13279.0",2,1,0.5000
"13280.0",8,1,0.1250
"13281.0",3,2,0.6667
"13282.0",7,3,0.4286
"13283.0",4,0,0.0000
"13284.0",2,1,0.5000
"13285.0",6,0,0.0000
"13286.0",1,0,0.0000
"13287.0",7,4,0.5714
"13288.0",6,1,0.1667
"13289.0",1,0,0.0000
"13290.0",3,2,0.6667
"13291.0",11,0,0.0000
"13292.0",6,1,0.1667
"13293.0",7,1,0.1429
"13294.0",3,0,0.0000
"13295.0",9,5,0.5556
"13296.0",6,0,0.0000
"13297.0",8,1,0.1250
"13298.0",1,0,0.0000
"13299.0",5,2,0.4000
"13300.0",5,2,0.4000
"13301.0",4,0,0.0000
"13302.0",2,0,0.0000
"13303.0",1,0,0.0000
"13304.0",7,3,0.4286
"13305.0",16,0,0.0000
"13306.0",1,0,0.0000
"13307.0",3,0,0.0000
"13308.0",5,1,0.2000
"13309.0",6,0,0.0000
"13310.0",8,3,0.3750
"13311.0",2,0,0.0000
"13312.0",1,0,0.0000
"13313.0",15,3,0.2000
"13314.0",4,1,0.2500
"13315.0",1,0,0.0000
"13316.0",12,2,0.1667
"13317.0",31,12,0.3871
"13318.0",3,0,0.0000
"13319.0",78,20,0.2564
"13320.0",9,3,0.3333
"13321.0",2,0,0.0000
"13322.0",1,0,0.0000
"13323.0",5,0,0.0000
"13324.0",23,5,0.2174
"13325.0",1,0,0.0000
"13326.0",1,0,0.0000
"13327.0",22,2,0.0909
"13328.0",1,0,0.0000
"13329.0",14,6,0.4286
"13330.0",6,0,0.0000
"13331.0",1,0,0.0000
"13332.0",1,0,0.0000
"13333.0",3,0,0.0000
"13334.0",6,1,0.1667
"13335.0",1,1,1.0000
"13336.0",1,0,0.0000
"13337.0",2,1,0.5000
"13338.0",10,6,0.6000
"13339.0",1,0,0.0000
"13340.0",12,0,0.0000
"13341.0",1,0,0.0000
"13342.0",1,1,1.0000
"13343.0",2,1,0.5000
"13344.0",3,0,0.0000
"13345.0",2,1,0.5000
"13346.0",6,0,0.0000
"13347.0",1,0,0.0000
"13348.0",1,0,0.0000
"13349.0",1,0,0.0000
"13350.0",3,1,0.3333
"13351.0",1,0,0.0000
"13352.0",2,1,0.5000
"13353.0",1,1,1.0000
"13354.0",1,0,0.0000
"13355.0",1,0,0.0000
"13356.0",1,0,0.0000
"13357.0",5,0,0.0000
"13358.0",1,0,0.0000
"13359.0",4,2,0.5000
"13360.0",7,3,0.4286
"13361.0",2,0,0.0000
"13362.0",10,3,0.3000
"13363.0",3,0,0.0000
"13364.0",2,1,0.5000
"13365.0",4,2,0.5000
"13366.0",1,0,0.0000
"13367.0",1,0,0.0000
"13368.0",5,1,0.2000
"13369.0",2,1,0.5000
"13370.0",2,1,0.5000
"13371.0",4,2,0.5000
"13372.0",1,0,0.0000
"13373.0",6,0,0.0000
"13374.0",2,0,0.0000
"13375.0",3,1,0.3333
"13376.0",3,0,0.0000
"13377.0",4,2,0.5000
"13378.0",1,1,1.0000
"13379.0",3,0,0.0000
"13380.0",1,0,0.0000
"13381.0",15,3,0.2000
"13382.0",5,0,0.0000
"13383.0",1,0,0.0000
"13384.0",15,4,0.2667
"13385.0",1,0,0.0000
"13386.0",2,0,0.0000
"13387.0",1,0,0.0000
"13388.0",4,1,0.2500
"13389.0",3,0,0.0000
"13390.0",1,0,0.0000
"13391.0",1,0,0.0000
"13392.0",1,0,0.0000
"13393.0",6,2,0.3333
"13394.0",24,5,0.2083
"13395.0",3,0,0.0000
"13396.0",4,2,0.5000
"13397.0",13,3,0.2308
"13398.0",2,0,0.0000
"13399.0",3,0,0.0000
"13400.0",2,1,0.5000
"13401.0",1,1,1.0000
"13402.0",4,0,0.0000
"13403.0",3,0,0.0000
"13404.0",2,0,0.0000
"13405.0",9,3,0.3333
"13406.0",3,1,0.3333
"13407.0",6,3,0.5000
"13408.0",135,29,0.2148
"13409.0",1,1,1.0000
"13410.0",12,3,0.2500
"13411.0",1,0,0.0000
"13412.0",1,0,0.0000
"13413.0",8,2,0.2500
"13414.0",7,1,0.1429
"13415.0",5,1,0.2000
"13416.0",3,0,0.0000
"13417.0",7,1,0.1429
"13418.0",37,6,0.1622
"13419.0",1,0,0.0000
"13420.0",4,2,0.5000
"13421.0",11,3,0.2727
"13422.0",2,1,0.5000
"13423.0",1,0,0.0000
"13424.0",2,1,0.5000
"13425.0",8,3,0.3750
"13426.0",24,2,0.0833
"13427.0",6,0,0.0000
"13428.0",3,0,0.0000
"13429.0",4,0,0.0000
"13430.0",4,2,0.5000
"13431.0",9,1,0.1111
"13432.0",2,0,0.0000
"13433.0",5,1,0.2000
"13434.0",5,0,0.0000
"13435.0",11,2,0.1818
"13436.0",1,0,0.0000
"13437.0",7,0,0.0000
"13438.0",1,0,0.0000
"13439.0",3,0,0.0000
"13440.0",10,3,0.3000
"13441.0",2,0,0.0000
"13442.0",3,0,0.0000
"13443.0",7,1,0.1429
"13444.0",2,0,0.0000
"13445.0",1,0,0.0000
"13446.0",18,7,0.3889
"13447.0",4,1,0.2500
"13448.0",19,6,0.3158
"13449.0",1,0,0.0000
"13450.0",14,1,0.0714
"13451.0",13,2,0.1538
"13452.0",3,0,0.0000
"13453.0",5,2,0.4000
"13454.0",1,0,0.0000
"13455.0",11,5,0.4545
"13456.0",7,1,0.1429
"13457.0",4,2,0.5000
"13458.0",24,8,0.3333
"13459.0",2,0,0.0000
"13460.0",2,0,0.0000
"13461.0",8,2,0.2500
"13462.0",6,1,0.1667
"13463.0",1,1,1.0000
"13464.0",7,1,0.1429
"13465.0",2,0,0.0000
"13466.0",7,2,0.2857
"13467.0",2,0,0.0000
"13468.0",87,15,0.1724
"13469.0",1,0,0.0000
"13470.0",2,0,0.0000
"13471.0",4,0,0.0000
"13472.0",2,0,0.0000
"13473.0",10,2,0.2000
"13474.0",3,0,0.0000
"13475.0",4,0,0.0000
"13476.0",7,2,0.2857
"13477.0",13,2,0.1538
"13478.0",7,2,0.2857
"13479.0",7,3,0.4286
"13480.0",2,0,0.0000
"13481.0",14,3,0.2143
"13482.0",2,0,0.0000
"13483.0",1,0,0.0000
"13484.0",4,1,0.2500
"13485.0",15,4,0.2667
"13486.0",3,0,0.0000
"13487.0",5,0,0.0000
"13488.0",29,6,0.2069
"13489.0",4,0,0.0000
"13490.0",1,0,0.0000
"13491.0",27,0,0.0000
"13492.0",3,0,0.0000
"13493.0",2,0,0.0000
"13494.0",1,0,0.0000
"13495.0",13,3,0.2308
"13496.0",3,1,0.3333
"13497.0",7,1,0.1429
"13498.0",1,0,0.0000
"13499.0",7,2,0.2857
"13500.0",5,1,0.2000
"13501.0",5,2,0.4000
"13502.0",6,1,0.1667
"13503.0",12,6,0.5000
"13504.0",1,0,0.0000
"13505.0",8,4,0.5000
"13506.0",8,3,0.3750
"13507.0",4,0,0.0000
"13508.0",2,0,0.0000
"13509.0",8,0,0.0000
"13510.0",17,6,0.3529
"13511.0",2,1,0.5000
"13512.0",4,0,0.0000
"13513.0",4,1,0.2500
"13514.0",4,0,0.0000
"13515.0",6,0,0.0000
"13516.0",4,0,0.0000
"13517.0",5,2,0.4000
"13518.0",1,0,0.0000
"13519.0",3,1,0.3333
"13520.0",15,4,0.2667
"13521.0",3,0,0.0000
"13522.0",1,0,0.0000
"13523.0",7,1,0.1429
"13524.0",5,0,0.0000
"13525.0",2,0,0.0000
"13526.0",4,2,0.5000
"13527.0",14,2,0.1429
"13528.0",1,1,1.0000
"13529.0",2,0,0.0000
"13530.0",1,0,0.0000
"13531.0",6,0,0.0000
"13532.0",1,0,0.0000
"13533.0",3,0,0.0000
"13534.0",60,25,0.4167
"13535.0",1,0,0.0000
"13536.0",7,0,0.0000
"13537.0",2,0,0.0000
"13538.0",12,0,0.0000
"13539.0",9,2,0.2222
"13540.0",3,0,0.0000
"13541.0",3,1,0.3333
"13542.0",18,1,0.0556
"13543.0",2,0,0.0000
"13544.0",7,1,0.1429
"13545.0",3,1,0.3333
"13546.0",5,0,0.0000
"13547.0",1,0,0.0000
"13548.0",3,0,0.0000
"13549.0",9,1,0.1111
"13550.0",1,0,0.0000
"13551.0",2,0,0.0000
"13552.0",32,10,0.3125
"13553.0",1,0,0.0000
"13554.0",10,3,0.3000
"13555.0",16,3,0.1875
"13556.0",2,0,0.0000
"13557.0",16,3,0.1875
"13558.0",4,0,0.0000
"13559.0",2,0,0.0000
"13560.0",1,0,0.0000
"13561.0",11,0,0.0000
"13562.0",8,0,0.0000
"13563.0",2,0,0.0000
"13564.0",54,17,0.3148
"13565.0",3,0,0.0000
"13566.0",5,0,0.0000
"13567.0",5,1,0.2000
"13568.0",1,0,0.0000
"13569.0",4,0,0.0000
"13570.0",1,0,0.0000
"13571.0",26,0,0.0000
"13572.0",1,0,0.0000
"13573.0",6,0,0.0000
"13574.0",1,0,0.0000
"13575.0",5,0,0.0000
"13576.0",32,4,0.1250
"13577.0",14,3,0.2143
"13578.0",1,0,0.0000
"13579.0",6,1,0.1667
"13580.0",1,0,0.0000
"13581.0",2,0,0.0000
"13582.0",2,0,0.0000
"13583.0",2,0,0.0000
"13584.0",5,2,0.4000
"13585.0",4,1,0.2500
"13586.0",1,0,0.0000
"13587.0",6,2,0.3333
"13588.0",13,4,0.3077
"13589.0",6,0,0.0000
"13590.0",21,3,0.1429
"13591.0",8,1,0.1250
"13592.0",4,0,0.0000
"13593.0",16,2,0.1250
"13594.0",3,1,0.3333
"13595.0",3,0,0.0000
"13596.0",2,0,0.0000
"13597.0",3,1,0.3333
"13598.0",6,1,0.1667
"13599.0",52,19,0.3654
"13600.0",2,0,0.0000
"13601.0",4,0,0.0000
"13602.0",4,0,0.0000
"13603.0",1,0,0.0000
"13604.0",2,1,0.5000
"13605.0",2,0,0.0000
"13606.0",3,0,0.0000
"13607.0",3,1,0.3333
"13608.0",1,0,0.0000
"13609.0",1,0,0.0000
"13610.0",17,3,0.1765
"13611.0",14,4,0.2857
"13612.0",2,1,0.5000
"13613.0",5,0,0.0000
"13614.0",6,0,0.0000
"13615.0",12,4,0.3333
"13616.0",2,0,0.0000
"13617.0",9,1,0.1111
"13618.0",1,0,0.0000
"13619.0",2,0,0.0000
"13620.0",1,0,0.0000
"13621.0",1,0,0.0000
"13622.0",2,1,0.5000
"13623.0",15,5,0.3333
"13624.0",2,1,0.5000
"13625.0",1,0,0.0000
"13626.0",3,1,0.3333
"13627.0",10,3,0.3000
"13628.0",1,0,0.0000
"13629.0",19,0,0.0000
"13630.0",11,4,0.3636
"13631.0",12,1,0.0833
"13632.0",10,2,0.2000
"13633.0",1,1,1.0000
"13634.0",17,1,0.0588
"13635.0",6,2,0.3333
"13636.0",6,1,0.1667
"13637.0",3,0,0.0000
"13638.0",1,0,0.0000
"13639.0",2,0,0.0000
"13640.0",1,0,0.0000
"13641.0",7,2,0.2857
"13642.0",5,1,0.2000
"13643.0",15,5,0.3333
"13644.0",5,1,0.2000
"13645.0",1,0,0.0000
"13646.0",3,1,0.3333
"13647.0",9,1,0.1111
"13648.0",11,3,0.2727
"13649.0",6,0,0.0000
"13650.0",16,6,0.3750
"13651.0",4,1,0.2500
"13652.0",5,0,0.0000
"13653.0",1,0,0.0000
"13654.0",11,0,0.0000
"13655.0",8,2,0.2500
"13656.0",7,3,0.4286
"13657.0",2,0,0.0000
"13658.0",13,4,0.3077
"13659.0",17,5,0.2941
"13660.0",2,1,0.5000
"13661.0",1,0,0.0000
"13662.0",17,6,0.3529
"13663.0",6,1,0.1667
"13664.0",1,1,1.0000
"13665.0",3,0,0.0000
"13666.0",5,0,0.0000
"13667.0",1,0,0.0000
"13668.0",47,12,0.2553
"13669.0",3,0,0.0000
"13670.0",1,0,0.0000
"13671.0",1,0,0.0000
"13672.0",7,4,0.5714
"13673.0",2,0,0.0000
"13674.0",2,1,0.5000
"13675.0",2,0,0.0000
"13676.0",3,1,0.3333
"13677.0",2,0,0.0000
"13678.0",1,0,0.0000
"13679.0",3,0,0.0000
"13680.0",13,1,0.0769
"13681.0",4,0,0.0000
"13682.0",1,0,0.0000
"13683.0",1,0,0.0000
"13684.0",6,2,0.3333
"13685.0",7,0,0.0000
"13686.0",3,0,0.0000
"13687.0",1,0,0.0000
"13688.0",1,0,0.0000
"13689.0",2,0,0.0000
"13690.0",1,0,0.0000
"13691.0",1,0,0.0000
"13692.0",8,3,0.3750
"13693.0",13,4,0.3077
"13694.0",164,21,0.1280
"13695.0",16,0,0.0000
"13696.0",4,1,0.2500
"13697.0",1,0,0.0000
"13698.0",2,0,0.0000
"13699.0",3,1,0.3333
"13700.0",14,1,0.0714
"13701.0",2,1,0.5000
"13702.0",1,0,0.0000
"13703.0",3,1,0.3333
"13704.0",10,1,0.1000
"13705.0",7,0,0.0000
"13706.0",2,0,0.0000
"13707.0",5,0,0.0000
"13708.0",1,0,0.0000
"13709.0",22,4,0.1818
"13710.0",3,0,0.0000
"13711.0",15,6,0.4000
"13712.0",2,0,0.0000
"13713.0",3,0,0.0000
"13714.0",1,0,0.0000
"13715.0",21,4,0.1905
"13716.0",1,0,0.0000
"13717.0",11,3,0.2727
"13718.0",2,0,0.0000
"13719.0",11,0,0.0000
"13720.0",4,0,0.0000
"13721.0",2,0,0.0000
"13722.0",11,1,0.0909
"13723.0",6,0,0.0000
"13724.0",1,0,0.0000
"13725.0",11,3,0.2727
"13726.0",2,0,0.0000
"13727.0",9,1,0.1111
"13728.0",16,0,0.0000
"13729.0",5,2,0.4000
"13730.0",2,0,0.0000
"13731.0",2,0,0.0000
"13732.0",1,0,0.0000
"13733.0",3,1,0.3333
"13734.0",6,2,0.3333
"13735.0",22,9,0.4091
"13736.0",12,5,0.4167
"13737.0",1,0,0.0000
"13738.0",1,0,0.0000
"13739.0",2,0,0.0000
"13740.0",5,0,0.0000
"13741.0",4,1,0.2500
"13742.0",14,2,0.1429
"13743.0",8,1,0.1250
"13744.0",2,0,0.0000
"13745.0",4,2,0.5000
"13746.0",1,0,0.0000
"13747.0",2,0,0.0000
"13748.0",9,0,0.0000
"13749.0",1,1,1.0000
"13750.0",13,2,0.1538
"13751.0",1,0,0.0000
"13752.0",7,0,0.0000
"13753.0",4,0,0.0000
"13754.0",3,0,0.0000
"13755.0",10,1,0.1000
"13756.0",25,2,0.0800
"13757.0",1,0,0.0000
"13758.0",19,4,0.2105
"13759.0",2,0,0.0000
"13760.0",6,1,0.1667
"13761.0",6,0,0.0000
"13762.0",6,1,0.1667
"13763.0",6,3,0.5000
"13764.0",6,0,0.0000
"13765.0",1,0,0.0000
"13766.0",1,0,0.0000
"13767.0",96,23,0.2396
"13768.0",8,6,0.7500
"13769.0",29,9,0.3103
"13770.0",4,0,0.0000
"13771.0",10,1,0.1000
"13772.0",9,1,0.1111
"13773.0",2,0,0.0000
"13774.0",1,0,0.0000
"13775.0",1,0,0.0000
"13776.0",8,6,0.7500
"13777.0",73,12,0.1644
"13778.0",5,1,0.2000
"13779.0",1,0,0.0000
"13780.0",3,0,0.0000
"13781.0",4,1,0.2500
"13782.0",14,1,0.0714
"13783.0",4,0,0.0000
"13784.0",15,1,0.0667
"13785.0",4,0,0.0000
"13786.0",8,2,0.2500
"13787.0",9,3,0.3333
"13788.0",1,0,0.0000
"13789.0",1,0,0.0000
"13790.0",1,0,0.0000
"13791.0",3,1,0.3333
"13792.0",3,0,0.0000
"13793.0",1,0,0.0000
"13794.0",1,0,0.0000
"13795.0",4,0,0.0000
"13796.0",1,0,0.0000
"13797.0",4,1,0.2500
"13798.0",125,15,0.1200
"13799.0",13,4,0.3077
"13800.0",3,0,0.0000
"13801.0",1,0,0.0000
"13802.0",24,5,0.2083
"13803.0",4,1,0.2500
"13804.0",9,0,0.0000
"13805.0",2,0,0.0000
"13806.0",1,0,0.0000
"13807.0",4,1,0.2500
"13808.0",5,0,0.0000
"13809.0",3,0,0.0000
"13810.0",4,1,0.2500
"13811.0",4,1,0.2500
"13812.0",3,0,0.0000
"13813.0",12,4,0.3333
"13814.0",5,2,0.4000
"13815.0",10,2,0.2000
"13816.0",4,2,0.5000
"13817.0",2,0,0.0000
"13818.0",1,0,0.0000
"13819.0",7,1,0.1429
"13820.0",5,2,0.4000
"13821.0",7,1,0.1429
"13822.0",2,0,0.0000
"13823.0",8,1,0.1250
"13824.0",14,2,0.1429
"13825.0",2,0,0.0000
"13826.0",2,1,0.5000
"13827.0",3,0,0.0000
"13828.0",1,0,0.0000
"13829.0",2,1,0.5000
"13830.0",2,1,0.5000
"13831.0",20,2,0.1000
"13832.0",3,1,0.3333
"13833.0",2,0,0.0000
"13834.0",3,1,0.3333
"13835.0",8,1,0.1250
"13836.0",3,1,0.3333
"13837.0",2,0,0.0000
"13838.0",10,0,0.0000
"13839.0",1,0,0.0000
"13840.0",1,0,0.0000
"13841.0",1,0,0.0000
"13842.0",19,1,0.0526
"13843.0",1,0,0.0000
"13844.0",1,0,0.0000
"13845.0",1,0,0.0000
"13846.0",5,1,0.2000
"13847.0",1,0,0.0000
"13848.0",8,0,0.0000
"13849.0",6,1,0.1667
"13850.0",2,1,0.5000
"13851.0",9,1,0.1111
"13852.0",2,1,0.5000
"13853.0",2,1,0.5000
"13854.0",45,6,0.1333
"13855.0",5,1,0.2000
"13856.0",15,4,0.2667
"13857.0",7,1,0.1429
"13858.0",1,0,0.0000
"13859.0",2,0,0.0000
"13860.0",6,1,0.1667
"13861.0",3,1,0.3333
"13862.0",11,2,0.1818
"13863.0",6,2,0.3333
"13864.0",1,0,0.0000
"13865.0",4,0,0.0000
"13866.0",1,0,0.0000
"13867.0",3,0,0.0000
"13868.0",2,0,0.0000
"13869.0",10,0,0.0000
"13870.0",18,3,0.1667
"13871.0",21,4,0.1905
"13872.0",6,3,0.5000
"13873.0",9,1,0.1111
"13874.0",10,3,0.3000
"13875.0",14,0,0.0000
"13876.0",1,0,0.0000
"13877.0",5,2,0.4000
"13878.0",4,0,0.0000
"13879.0",1,0,0.0000
"13880.0",17,0,0.0000
"13881.0",51,8,0.1569
"13882.0",6,1,0.1667
"13883.0",26,11,0.4231
"13884.0",14,4,0.2857
"13885.0",2,0,0.0000
"13886.0",1,0,0.0000
"13887.0",1,0,0.0000
"13888.0",7,0,0.0000
"13889.0",8,2,0.2500
"13890.0",22,8,0.3636
"13891.0",3,0,0.0000
"13892.0",6,0,0.0000
"13893.0",1,0,0.0000
"13894.0",5,2,0.4000
"13895.0",8,2,0.2500
"13896.0",1,0,0.0000
"13897.0",3,0,0.0000
"13898.0",2,0,0.0000
"13899.0",2,0,0.0000
"13900.0",7,1,0.1429
"13901.0",20,5,0.2500
"13902.0",8,3,0.3750
"13903.0",1,0,0.0000
"13904.0",2,0,0.0000
"13905.0",3,2,0.6667
"13906.0",1,0,0.0000
"13907.0",1,0,0.0000
"13908.0",5,1,0.2000
"13909.0",2,0,0.0000
"13910.0",1,1,1.0000
"13911.0",22,2,0.0909
"13912.0",1,0,0.0000
"13913.0",1,0,0.0000
"13914.0",3,1,0.3333
"13915.0",2,1,0.5000
"13916.0",5,1,0.2000
"13917.0",2,0,0.0000
"13918.0",2,0,0.0000
"13919.0",5,1,0.2000
"13920.0",5,1,0.2000
"13921.0",5,1,0.2000
"13922.0",5,2,0.4000
"13923.0",1,0,0.0000
"13924.0",11,5,0.4545
"13925.0",6,2,0.3333
"13926.0",1,0,0.0000
"13927.0",3,1,0.3333
"13928.0",4,0,0.0000
"13929.0",14,3,0.2143
"13930.0",2,0,0.0000
"13931.0",12,1,0.0833
"13932.0",1,0,0.0000
"13933.0",2,0,0.0000
"13934.0",1,0,0.0000
"13935.0",3,0,0.0000
"13936.0",4,1,0.2500
"13937.0",3,1,0.3333
"13938.0",1,0,0.0000
"13939.0",10,3,0.3000
"13940.0",4,0,0.0000
"13941.0",17,2,0.1176
"13942.0",1,0,0.0000
"13943.0",1,0,0.0000
"13944.0",1,0,0.0000
"13945.0",2,0,0.0000
"13946.0",7,1,0.1429
"13947.0",1,0,0.0000
"13948.0",5,1,0.2000
"13949.0",6,0,0.0000
"13950.0",5,1,0.2000
"13951.0",3,0,0.0000
"13952.0",17,3,0.1765
"13953.0",12,0,0.0000
"13954.0",3,1,0.3333
"13955.0",3,0,0.0000
"13956.0",5,0,0.0000
"13957.0",3,0,0.0000
"13958.0",12,4,0.3333
"13959.0",6,0,0.0000
"13960.0",2,0,0.0000
"13961.0",2,1,0.5000
"13962.0",3,0,0.0000
"13963.0",18,1,0.0556
"13964.0",3,1,0.3333
"13965.0",5,2,0.4000
"13966.0",1,0,0.0000
"13967.0",2,0,0.0000
"13968.0",1,0,0.0000
"13969.0",39,4,0.1026
"13970.0",2,0,0.0000
"13971.0",18,4,0.2222
"13972.0",2,0,0.0000
"13973.0",1,0,0.0000
"13974.0",4,2,0.5000
"13975.0",14,2,0.1429
"13976.0",4,0,0.0000
"13977.0",1,0,0.0000
"13978.0",2,0,0.0000
"13979.0",11,4,0.3636
"13980.0",9,4,0.4444
"13981.0",2,1,0.5000
"13982.0",13,4,0.3077
"13983.0",30,9,0.3000
"13984.0",13,1,0.0769
"13985.0",24,2,0.0833
"13986.0",1,0,0.0000
"13987.0",2,0,0.0000
"13988.0",11,3,0.2727
"13989.0",5,0,0.0000
"13990.0",1,0,0.0000
"13991.0",7,1,0.1429
"13992.0",3,0,0.0000
"13993.0",24,5,0.2083
"13994.0",6,0,0.0000
"13995.0",18,4,0.2222
"13996.0",2,0,0.0000
"13997.0",3,0,0.0000
"13998.0",3,0,0.0000
"13999.0",36,7,0.1944
"14000.0",8,3,0.3750
"14001.0",10,1,0.1000
"14002.0",2,0,0.0000
"14003.0",1,0,0.0000
"14004.0",11,0,0.0000
"14005.0",5,0,0.0000
"14006.0",7,0,0.0000
"14007.0",1,0,0.0000
"14008.0",2,1,0.5000
"14009.0",4,1,0.2500
"14010.0",3,1,0.3333
"14011.0",3,1,0.3333
"14012.0",1,0,0.0000
"14013.0",6,1,0.1667
"14014.0",3,0,0.0000
"14015.0",1,0,0.0000
"14016.0",13,2,0.1538
"14017.0",1,0,0.0000
"14018.0",1,0,0.0000
"14019.0",4,1,0.2500
"14020.0",5,1,0.2000
"14021.0",7,0,0.0000
"14022.0",2,0,0.0000
"14023.0",2,0,0.0000
"14024.0",3,0,0.0000
"14025.0",10,2,0.2000
"14026.0",2,0,0.0000
"14027.0",1,0,0.0000
"14028.0",5,2,0.4000
"14029.0",2,0,0.0000
"14030.0",22,2,0.0909
"14031.0",55,11,0.2000
"14032.0",25,9,0.3600
"14033.0",1,0,0.0000
"14034.0",4,1,0.2500
"14035.0",11,2,0.1818
"14036.0",1,0,0.0000
"14037.0",7,1,0.1429
"14038.0",8,3,0.3750
"14039.0",2,0,0.0000
"14040.0",42,7,0.1667
"14041.0",1,0,0.0000
"14042.0",1,0,0.0000
"14043.0",3,1,0.3333
"14044.0",11,1,0.0909
"14045.0",19,3,0.1579
"14046.0",1,0,0.0000
"14047.0",19,5,0.2632
"14048.0",4,1,0.2500
"14049.0",18,5,0.2778
"14050.0",2,0,0.0000
"14051.0",42,5,0.1190
"14052.0",2,0,0.0000
"14053.0",4,0,0.0000
"14054.0",1,0,0.0000
"14055.0",3,0,0.0000
"14056.0",29,6,0.2069
"14057.0",23,1,0.0435
"14058.0",2,0,0.0000
"14059.0",1,0,0.0000
"14060.0",32,2,0.0625
"14061.0",3,0,0.0000
"14062.0",27,3,0.1111
"14063.0",13,4,0.3077
"14064.0",21,6,0.2857
"14065.0",4,1,0.2500
"14066.0",1,0,0.0000
"14067.0",2,0,0.0000
"14068.0",5,1,0.2000
"14069.0",2,0,0.0000
"14070.0",1,0,0.0000
"14071.0",9,1,0.1111
"14072.0",1,0,0.0000
"14073.0",2,1,0.5000
"14074.0",1,0,0.0000
"14075.0",6,0,0.0000
"14076.0",1,0,0.0000
"14077.0",6,0,0.0000
"14078.0",9,0,0.0000
"14079.0",2,0,0.0000
"14080.0",6,1,0.1667
"14081.0",16,6,0.3750
"14082.0",2,0,0.0000
"14083.0",11,0,0.0000
"14084.0",1,0,0.0000
"14085.0",34,1,0.0294
"14086.0",1,0,0.0000
"14087.0",5,2,0.4000
"14088.0",20,4,0.2000
"14089.0",1,0,0.0000
"14090.0",1,0,0.0000
"14091.0",2,0,0.0000
"14092.0",27,3,0.1111
"14093.0",1,0,0.0000
"14094.0",2,1,0.5000
"14095.0",1,0,0.0000
"14096.0",34,17,0.5000
"14097.0",2,0,0.0000
"14098.0",1,0,0.0000
"14099.0",22,2,0.0909
"14100.0",1,0,0.0000
"14101.0",14,1,0.0714
"14102.0",8,3,0.3750
"14103.0",1,0,0.0000
"14104.0",5,0,0.0000
"14105.0",9,4,0.4444
"14106.0",1,0,0.0000
"14107.0",13,2,0.1538
"14108.0",5,1,0.2000
"14109.0",2,1,0.5000
"14110.0",35,2,0.0571
"14111.0",5,1,0.2000
"14112.0",27,14,0.5185
"14113.0",31,15,0.4839
"14114.0",7,0,0.0000
"14115.0",2,0,0.0000
"14116.0",5,0,0.0000
"14117.0",1,0,0.0000
"14118.0",1,0,0.0000
"14119.0",3,1,0.3333
"14120.0",1,1,1.0000
"14121.0",6,2,0.3333
"14122.0",5,2,0.4000
"14123.0",1,0,0.0000
"14124.0",1,0,0.0000
"14125.0",3,0,0.0000
"14126.0",5,1,0.2000
"14127.0",6,0,0.0000
"14128.0",4,1,0.2500
"14129.0",9,0,0.0000
"14130.0",4,0,0.0000
"14131.0",1,0,0.0000
"14132.0",12,1,0.0833
"14133.0",6,2,0.3333
"14134.0",15,0,0.0000
"14135.0",25,1,0.0400
"14136.0",7,2,0.2857
"14137.0",2,1,0.5000
"14138.0",2,0,0.0000
"14139.0",4,0,0.0000
"14140.0",3,1,0.3333
"14141.0",6,2,0.3333
"14142.0",4,2,0.5000
"14143.0",1,0,0.0000
"14144.0",1,0,0.0000
"14145.0",8,1,0.1250
"14146.0",13,1,0.0769
"14147.0",12,3,0.2500
"14148.0",2,0,0.0000
"14149.0",3,2,0.6667
"14150.0",2,0,0.0000
"14151.0",3,1,0.3333
"14152.0",9,2,0.2222
"14153.0",1,0,0.0000
"14154.0",10,2,0.2000
"14155.0",1,0,0.0000
"14156.0",202,46,0.2277
"14157.0",6,1,0.1667
"14158.0",1,0,0.0000
"14159.0",25,5,0.2000
"14160.0",7,0,0.0000
"14161.0",7,0,0.0000
"14162.0",2,0,0.0000
"14163.0",5,0,0.0000
"14164.0",2,0,0.0000
"14165.0",1,0,0.0000
"14166.0",2,0,0.0000
"14167.0",8,0,0.0000
"14168.0",3,1,0.3333
"14169.0",2,0,0.0000
"14170.0",3,0,0.0000
"14171.0",2,0,0.0000
"14172.0",4,1,0.2500
"14173.0",7,1,0.1429
"14174.0",1,0,0.0000
"14175.0",17,9,0.5294
"14176.0",6,1,0.1667
"14177.0",14,1,0.0714
"14178.0",7,0,0.0000
"14179.0",2,0,0.0000
"14180.0",42,9,0.2143
"14181.0",2,0,0.0000
"14182.0",5,1,0.2000
"14183.0",2,0,0.0000
"14184.0",1,0,0.0000
"14185.0",1,0,0.0000
"14186.0",5,0,0.0000
"14187.0",1,0,0.0000
"14188.0",10,4,0.4000
"14189.0",25,9,0.3600
"14190.0",1,0,0.0000
"14191.0",17,2,0.1176
"14192.0",1,0,0.0000
"14193.0",3,0,0.0000
"14194.0",54,18,0.3333
"14195.0",10,4,0.4000
"14196.0",1,0,0.0000
"14197.0",1,0,0.0000
"14198.0",13,4,0.3077
"14199.0",6,2,0.3333
"14200.0",1,0,0.0000
"14201.0",12,2,0.1667
"14202.0",3,0,0.0000
"14203.0",1,0,0.0000
"14204.0",4,0,0.0000
"14205.0",12,3,0.2500
"14206.0",5,2,0.4000
"14207.0",1,0,0.0000
"14208.0",2,0,0.0000
"14209.0",19,4,0.2105
"14210.0",21,5,0.2381
"14211.0",26,8,0.3077
"14212.0",2,0,0.0000
"14213.0",2,1,0.5000
"14214.0",7,2,0.2857
"14215.0",10,1,0.1000
"14216.0",6,1,0.1667
"14217.0",33,10,0.3030
"14218.0",1,0,0.0000
"14219.0",3,0,0.0000
"14220.0",4,0,0.0000
"14221.0",19,2,0.1053
"14222.0",1,0,0.0000
"14223.0",4,1,0.2500
"14224.0",9,0,0.0000
"14225.0",5,1,0.2000
"14226.0",9,3,0.3333
"14227.0",22,7,0.3182
"14228.0",3,0,0.0000
"14229.0",11,4,0.3636
"14230.0",3,0,0.0000
"14231.0",6,2,0.3333
"14232.0",8,3,0.3750
"14233.0",10,3,0.3000
"14234.0",4,0,0.0000
"14235.0",10,1,0.1000
"14236.0",7,2,0.2857
"14237.0",3,1,0.3333
"14238.0",3,0,0.0000
"14239.0",24,3,0.1250
"14240.0",3,0,0.0000
"14241.0",2,0,0.0000
"14242.0",2,0,0.0000
"14243.0",23,6,0.2609
"14244.0",2,1,0.5000
"14245.0",5,3,0.6000
"14246.0",3,0,0.0000
"14247.0",6,1,0.1667
"14248.0",3,0,0.0000
"14249.0",12,0,0.0000
"14250.0",3,0,0.0000
"14251.0",5,0,0.0000
"14252.0",1,0,0.0000
"14253.0",2,0,0.0000
"14254.0",1,0,0.0000
"14255.0",4,3,0.7500
"14256.0",9,4,0.4444
"14257.0",10,1,0.1000
"14258.0",32,7,0.2188
"14259.0",1,0,0.0000
"14260.0",3,0,0.0000
"14261.0",2,0,0.0000
"14262.0",8,0,0.0000
"14263.0",1,0,0.0000
"14264.0",8,2,0.2500
"14265.0",4,0,0.0000
"14266.0",1,0,0.0000
"14267.0",9,6,0.6667
"14268.0",1,0,0.0000
"14269.0",2,1,0.5000
"14270.0",1,0,0.0000
"14271.0",2,0,0.0000
"14272.0",4,0,0.0000
"14273.0",4,0,0.0000
"14274.0",1,0,0.0000
"14275.0",6,0,0.0000
"14276.0",13,6,0.4615
"14277.0",14,5,0.3571
"14278.0",1,0,0.0000
"14279.0",2,0,0.0000
"14280.0",1,0,0.0000
"14281.0",1,0,0.0000
"14282.0",26,1,0.0385
"14283.0",4,0,0.0000
"14284.0",4,1,0.2500
"14285.0",9,1,0.1111
"14286.0",12,5,0.4167
"14287.0",4,1,0.2500
"14288.0",2,1,0.5000
"14289.0",6,0,0.0000
"14290.0",14,6,0.4286
"14291.0",25,2,0.0800
"14292.0",27,11,0.4074
"14293.0",10,1,0.1000
"14294.0",1,0,0.0000
"14295.0",8,3,0.3750
"14296.0",3,1,0.3333
"14297.0",6,2,0.3333
"14298.0",84,2,0.0238
"14299.0",41,14,0.3415
"14300.0",1,0,0.0000
"14301.0",7,3,0.4286
"14302.0",3,0,0.0000
"14303.0",2,0,0.0000
"14304.0",5,2,0.4000
"14305.0",5,2,0.4000
"14306.0",7,1,0.1429
"14307.0",11,1,0.0909
"14308.0",5,3,0.6000
"14309.0",12,1,0.0833
"14310.0",1,0,0.0000
"14311.0",3,1,0.3333
"14312.0",11,0,0.0000
"14313.0",1,1,1.0000
"14314.0",3,1,0.3333
"14315.0",10,2,0.2000
"14316.0",6,1,0.1667
"14317.0",1,0,0.0000
"14318.0",1,0,0.0000
"14319.0",2,1,0.5000
"14320.0",7,2,0.2857
"14321.0",8,1,0.1250
"14322.0",6,2,0.3333
"14323.0",4,2,0.5000
"14324.0",2,0,0.0000
"14325.0",1,0,0.0000
"14326.0",4,1,0.2500
"14327.0",6,0,0.0000
"14328.0",3,2,0.6667
"14329.0",28,13,0.4643
"14330.0",1,0,0.0000
"14331.0",2,0,0.0000
"14332.0",5,0,0.0000
"14333.0",2,1,0.5000
"14334.0",14,2,0.1429
"14335.0",2,0,0.0000
"14336.0",4,0,0.0000
"14337.0",1,1,1.0000
"14338.0",5,2,0.4000
"14339.0",5,3,0.6000
"14340.0",1,0,0.0000
"14341.0",20,2,0.1000
"14342.0",9,3,0.3333
"14343.0",4,0,0.0000
"14344.0",20,0,0.0000
"14345.0",1,0,0.0000
"14346.0",5,0,0.0000
"14347.0",1,0,0.0000
"14348.0",1,0,0.0000
"14349.0",1,0,0.0000
"14350.0",4,1,0.2500
"14351.0",1,0,0.0000
"14352.0",4,0,0.0000
"14353.0",3,0,0.0000
"14354.0",2,0,0.0000
"14355.0",3,0,0.0000
"14356.0",4,2,0.5000
"14357.0",1,0,0.0000
"14358.0",3,1,0.3333
"14359.0",6,3,0.5000
"14360.0",4,0,0.0000
"14361.0",1,0,0.0000
"14362.0",1,0,0.0000
"14363.0",2,0,0.0000
"14364.0",8,0,0.0000
"14365.0",2,0,0.0000
"14366.0",1,0,0.0000
"14367.0",19,3,0.1579
"14368.0",1,0,0.0000
"14369.0",2,0,0.0000
"14370.0",9,3,0.3333
"14371.0",1,0,0.0000
"14372.0",3,1,0.3333
"14373.0",1,0,0.0000
"14374.0",1,0,0.0000
"14375.0",3,0,0.0000
"14376.0",1,0,0.0000
"14377.0",2,0,0.0000
"14378.0",1,0,0.0000
"14379.0",4,0,0.0000
"14380.0",2,1,0.5000
"14381.0",2,0,0.0000
"14382.0",3,1,0.3333
"14383.0",3,0,0.0000
"14384.0",1,0,0.0000
"14385.0",3,0,0.0000
"14386.0",1,0,0.0000
"14387.0",3,0,0.0000
"14388.0",20,4,0.2000
"14389.0",11,6,0.5455
"14390.0",18,5,0.2778
"14391.0",1,0,0.0000
"14392.0",1,0,0.0000
"14393.0",1,0,0.0000
"14394.0",1,0,0.0000
"14395.0",24,4,0.1667
"14396.0",7,0,0.0000
"14397.0",23,4,0.1739
"14398.0",2,0,0.0000
"14399.0",9,1,0.1111
"14400.0",5,2,0.4000
"14401.0",25,3,0.1200
"14402.0",1,0,0.0000
"14403.0",9,3,0.3333
"14404.0",15,2,0.1333
"14405.0",1,0,0.0000
"14406.0",1,0,0.0000
"14407.0",9,3,0.3333
"14408.0",11,0,0.0000
"14409.0",10,1,0.1000
"14410.0",17,6,0.3529
"14411.0",1,0,0.0000
"14412.0",4,1,0.2500
"14413.0",4,0,0.0000
"14414.0",9,1,0.1111
"14415.0",32,9,0.2813
"14416.0",2,0,0.0000
"14417.0",1,0,0.0000
"14418.0",3,0,0.0000
"14419.0",7,0,0.0000
"14420.0",7,3,0.4286
"14421.0",7,1,0.1429
"14422.0",21,2,0.0952
"14423.0",4,1,0.2500
"14424.0",1,0,0.0000
"14425.0",5,2,0.4000
"14426.0",27,10,0.3704
"14427.0",4,0,0.0000
"14428.0",7,2,0.2857
"14429.0",1,0,0.0000
"14430.0",5,2,0.4000
"14431.0",5,1,0.2000
"14432.0",6,0,0.0000
"14433.0",1,0,0.0000
"14434.0",6,0,0.0000
"14435.0",1,0,0.0000
"14436.0",2,0,0.0000
"14437.0",7,2,0.2857
"14438.0",1,0,0.0000
"14439.0",5,0,0.0000
"14440.0",15,2,0.1333
"14441.0",19,8,0.4211
"14442.0",12,5,0.4167
"14443.0",8,3,0.3750
"14444.0",1,0,0.0000
"14445.0",1,0,0.0000
"14446.0",5,0,0.0000
"14447.0",6,0,0.0000
"14448.0",2,0,0.0000
"14449.0",8,0,0.0000
"14450.0",7,0,0.0000
"14451.0",18,6,0.3333
"14452.0",4,0,0.0000
"14453.0",1,0,0.0000
"14454.0",6,1,0.1667
"14455.0",5,1,0.2000
"14456.0",14,5,0.3571
"14457.0",1,0,0.0000
"14458.0",1,0,0.0000
"14459.0",3,1,0.3333
"14460.0",12,3,0.2500
"14461.0",14,1,0.0714
"14462.0",16,4,0.2500
"14463.0",4,0,0.0000
"14464.0",2,0,0.0000
"14465.0",11,0,0.0000
"14466.0",13,0,0.0000
"14467.0",12,0,0.0000
"14468.0",1,0,0.0000
"14469.0",4,0,0.0000
"14470.0",3,0,0.0000
"14471.0",2,0,0.0000
"14472.0",9,0,0.0000
"14473.0",2,0,0.0000
"14474.0",3,1,0.3333
"14475.0",7,3,0.4286
"14476.0",1,0,0.0000
"14477.0",10,3,0.3000
"14478.0",4,0,0.0000
"14479.0",4,0,0.0000
"14480.0",5,1,0.2000
"14481.0",6,1,0.1667
"14482.0",14,2,0.1429
"14483.0",3,1,0.3333
"14484.0",4,0,0.0000
"14485.0",1,0,0.0000
"14486.0",2,0,0.0000
"14487.0",8,1,0.1250
"14488.0",2,1,0.5000
"14489.0",4,0,0.0000
"14490.0",2,0,0.0000
"14491.0",2,0,0.0000
"14492.0",10,3,0.3000
"14493.0",14,4,0.2857
"14494.0",3,0,0.0000
"14495.0",4,1,0.2500
"14496.0",10,3,0.3000
"14497.0",3,1,0.3333
"14498.0",10,0,0.0000
"14499.0",10,3,0.3000
"14500.0",3,0,0.0000
"14501.0",3,1,0.3333
"14502.0",14,3,0.2143
"14503.0",6,0,0.0000
"14504.0",4,0,0.0000
"14505.0",27,8,0.2963
"14506.0",7,0,0.0000
"14507.0",14,3,0.2143
"14508.0",6,1,0.1667
"14509.0",1,0,0.0000
"14510.0",4,1,0.2500
"14511.0",6,1,0.1667
"14512.0",7,0,0.0000
"14513.0",7,1,0.1429
"14514.0",10,1,0.1000
"14515.0",15,3,0.2000
"14516.0",1,0,0.0000
"14517.0",2,0,0.0000
"14518.0",1,0,0.0000
"14519.0",2,0,0.0000
"14520.0",2,0,0.0000
"14521.0",2,1,0.5000
"14522.0",8,0,0.0000
"14523.0",1,0,0.0000
"14524.0",13,0,0.0000
"14525.0",21,4,0.1905
"14526.0",1,0,0.0000
"14527.0",190,68,0.3579
"14528.0",1,0,0.0000
"14529.0",3,0,0.0000
"14530.0",19,3,0.1579
"14531.0",1,0,0.0000
"14532.0",12,1,0.0833
"14533.0",15,4,0.2667
"14534.0",38,12,0.3158
"14535.0",11,2,0.1818
"14536.0",1,0,0.0000
"14537.0",3,1,0.3333
"14538.0",5,0,0.0000
"14539.0",2,0,0.0000
"14540.0",12,1,0.0833
"14541.0",14,0,0.0000
"14542.0",1,0,0.0000
"14543.0",50,11,0.2200
"14544.0",3,0,0.0000
"14545.0",1,0,0.0000
"14546.0",20,9,0.4500
"14547.0",9,1,0.1111
"14548.0",9,0,0.0000
"14549.0",4,0,0.0000
"14550.0",4,0,0.0000
"14551.0",9,2,0.2222
"14552.0",3,0,0.0000
"14553.0",10,1,0.1000
"14554.0",4,0,0.0000
"14555.0",7,1,0.1429
"14556.0",3,0,0.0000
"14557.0",2,1,0.5000
"14558.0",5,2,0.4000
"14559.0",1,0,0.0000
"14560.0",46,2,0.0435
"14561.0",3,0,0.0000
"14562.0",30,4,0.1333
"14563.0",2,0,0.0000
"14564.0",5,3,0.6000
"14565.0",7,2,0.2857
"14566.0",4,0,0.0000
"14567.0",3,1,0.3333
"14568.0",2,1,0.5000
"14569.0",4,0,0.0000
"14570.0",3,0,0.0000
"14571.0",1,0,0.0000
"14572.0",15,4,0.2667
"14573.0",17,4,0.2353
"14574.0",1,0,0.0000
"14575.0",1,0,0.0000
"14576.0",1,0,0.0000
"14577.0",7,0,0.0000
"14578.0",1,0,0.0000
"14579.0",1,0,0.0000
"14580.0",1,0,0.0000
"14581.0",2,0,0.0000
"14582.0",1,0,0.0000
"14583.0",8,0,0.0000
"14584.0",9,1,0.1111
"14585.0",5,0,0.0000
"14586.0",3,2,0.6667
"14587.0",10,1,0.1000
"14588.0",1,0,0.0000
"14589.0",1,0,0.0000
"14590.0",28,8,0.2857
"14591.0",4,0,0.0000
"14592.0",3,0,0.0000
"14593.0",18,6,0.3333
"14594.0",2,0,0.0000
"14595.0",8,0,0.0000
"14596.0",1,0,0.0000
"14597.0",6,0,0.0000
"14598.0",3,1,0.3333
"14599.0",2,0,0.0000
"14600.0",2,0,0.0000
"14601.0",1,0,0.0000
"14602.0",1,0,0.0000
"14603.0",1,0,0.0000
"14604.0",1,0,0.0000
"14605.0",4,0,0.0000
"14606.0",259,67,0.2587
"14607.0",27,5,0.1852
"14608.0",12,1,0.0833
"14609.0",11,1,0.0909
"14610.0",2,0,0.0000
"14611.0",3,1,0.3333
"14612.0",1,0,0.0000
"14613.0",1,0,0.0000
"14614.0",1,0,0.0000
"14615.0",6,1,0.1667
"14616.0",5,0,0.0000
"14617.0",2,0,0.0000
"14618.0",9,2,0.2222
"14619.0",3,1,0.3333
"14620.0",3,1,0.3333
"14621.0",16,7,0.4375
"14622.0",1,0,0.0000
"14623.0",12,2,0.1667
"14624.0",6,0,0.0000
"14625.0",18,7,0.3889
"14626.0",15,4,0.2667
"14627.0",3,2,0.6667
"14628.0",5,0,0.0000
"14629.0",3,1,0.3333
"14630.0",1,0,0.0000
"14631.0",7,1,0.1429
"14632.0",1,0,0.0000
"14633.0",1,0,0.0000
"14634.0",7,3,0.4286
"14635.0",1,0,0.0000
"14636.0",2,0,0.0000
"14637.0",1,0,0.0000
"14638.0",1,0,0.0000
"14639.0",11,2,0.1818
"14640.0",16,6,0.3750
"14641.0",1,0,0.0000
"14642.0",1,0,0.0000
"14643.0",6,1,0.1667
"14644.0",12,5,0.4167
"14645.0",4,1,0.2500
"14646.0",164,12,0.0732
"14647.0",2,0,0.0000
"14648.0",19,4,0.2105
"14649.0",11,2,0.1818
"14650.0",1,0,0.0000
"14651.0",9,0,0.0000
"14652.0",1,0,0.0000
"14653.0",12,0,0.0000
"14654.0",1,0,0.0000
"14655.0",12,5,0.4167
"14656.0",5,0,0.0000
"14657.0",7,1,0.1429
"14658.0",2,0,0.0000
"14659.0",12,3,0.2500
"14660.0",2,0,0.0000
"14661.0",1,0,0.0000
"14662.0",7,0,0.0000
"14663.0",2,0,0.0000
"14664.0",2,0,0.0000
"14665.0",9,2,0.2222
"14666.0",1,0,0.0000
"14667.0",61,7,0.1148
"14668.0",1,0,0.0000
"14669.0",7,0,0.0000
"14670.0",3,0,0.0000
"14671.0",2,0,0.0000
"14672.0",4,0,0.0000
"14673.0",7,0,0.0000
"14674.0",1,0,0.0000
"14675.0",2,0,0.0000
"14676.0",16,4,0.2500
"14677.0",1,0,0.0000
"14678.0",2,1,0.5000
"14679.0",5,2,0.4000
"14680.0",87,29,0.3333
"14681.0",6,0,0.0000
"14682.0",6,0,0.0000
"14683.0",1,0,0.0000
"14684.0",6,0,0.0000
"14685.0",13,5,0.3846
"14686.0",6,1,0.1667
"14687.0",3,0,0.0000
"14688.0",34,6,0.1765
"14689.0",1,0,0.0000
"14690.0",5,1,0.2000
"14691.0",5,0,0.0000
"14692.0",13,1,0.0769
"14693.0",8,1,0.1250
"14694.0",1,0,0.0000
"14695.0",4,1,0.2500
"14696.0",10,2,0.2000
"14697.0",2,0,0.0000
"14698.0",5,0,0.0000
"14699.0",4,0,0.0000
"14700.0",5,0,0.0000
"14701.0",18,3,0.1667
"14702.0",32,3,0.0938
"14703.0",1,0,0.0000
"14704.0",11,0,0.0000
"14705.0",1,0,0.0000
"14706.0",1,0,0.0000
"14707.0",2,0,0.0000
"14708.0",6,1,0.1667
"14709.0",27,2,0.0741
"14710.0",13,0,0.0000
"14711.0",12,1,0.0833
"14712.0",4,0,0.0000
"14713.0",25,4,0.1600
"14714.0",7,3,0.4286
"14715.0",8,0,0.0000
"14716.0",3,0,0.0000
"14717.0",2,1,0.5000
"14718.0",1,0,0.0000
"14719.0",6,1,0.1667
"14720.0",3,0,0.0000
"14721.0",1,0,0.0000
"14722.0",3,0,0.0000
"14723.0",11,0,0.0000
"14724.0",1,0,0.0000
"14725.0",5,1,0.2000
"14726.0",1,0,0.0000
"14727.0",4,1,0.2500
"14728.0",1,0,0.0000
"14729.0",3,0,0.0000
"14730.0",8,0,0.0000
"14731.0",3,0,0.0000
"14732.0",24,5,0.2083
"14733.0",18,3,0.1667
"14734.0",5,1,0.2000
"14735.0",59,3,0.0508
"14736.0",2,0,0.0000
"14737.0",4,0,0.0000
"14738.0",12,3,0.2500
"14739.0",28,3,0.1071
"14740.0",13,2,0.1538
"14741.0",7,0,0.0000
"14742.0",1,0,0.0000
"14743.0",1,0,0.0000
"14744.0",17,3,0.1765
"14745.0",17,5,0.2941
"14746.0",4,0,0.0000
"14747.0",2,1,0.5000
"14748.0",16,6,0.3750
"14749.0",1,0,0.0000
"14750.0",1,0,0.0000
"14751.0",2,0,0.0000
"14752.0",1,0,0.0000
"14753.0",2,0,0.0000
"14754.0",7,1,0.1429
"14755.0",30,5,0.1667
"14756.0",4,1,0.2500
"14757.0",1,0,0.0000
"14758.0",7,0,0.0000
"14759.0",3,0,0.0000
"14760.0",2,1,0.5000
"14761.0",3,0,0.0000
"14762.0",2,0,0.0000
"14763.0",1,1,1.0000
"14764.0",2,1,0.5000
"14765.0",3,0,0.0000
"14766.0",14,3,0.2143
"14767.0",1,0,0.0000
"14768.0",3,1,0.3333
"14769.0",21,4,0.1905
"14770.0",9,1,0.1111
"14771.0",3,1,0.3333
"14772.0",1,0,0.0000
"14773.0",2,1,0.5000
"14774.0",1,0,0.0000
"14775.0",3,0,0.0000
"14776.0",19,4,0.2105
"14777.0",4,3,0.7500
"14778.0",2,0,0.0000
"14779.0",3,0,0.0000
"14780.0",2,0,0.0000
"14781.0",1,1,1.0000
"14782.0",1,0,0.0000
"14783.0",2,1,0.5000
"14784.0",3,0,0.0000
"14785.0",2,0,0.0000
"14786.0",1,0,0.0000
"14787.0",1,0,0.0000
"14788.0",3,0,0.0000
"14789.0",1,0,0.0000
"14790.0",10,0,0.0000
"14791.0",1,0,0.0000
"14792.0",2,1,0.5000
"14793.0",3,1,0.3333
"14794.0",13,3,0.2308
"14795.0",1,0,0.0000
"14796.0",39,12,0.3077
"14797.0",1,0,0.0000
"14798.0",9,1,0.1111
"14799.0",2,0,0.0000
"14800.0",23,6,0.2609
"14801.0",1,0,0.0000
"14802.0",6,4,0.6667
"14803.0",3,0,0.0000
"14804.0",1,0,0.0000
"14805.0",7,0,0.0000
"14806.0",2,0,0.0000
"14807.0",2,0,0.0000
"14808.0",15,7,0.4667
"14809.0",2,0,0.0000
"14810.0",13,0,0.0000
"14811.0",1,0,0.0000
"14812.0",1,0,0.0000
"14813.0",4,0,0.0000
"14814.0",1,0,0.0000
"14815.0",2,0,0.0000
"14816.0",1,0,0.0000
"14817.0",9,2,0.2222
"14818.0",6,0,0.0000
"14819.0",4,0,0.0000
"14820.0",9,0,0.0000
"14821.0",7,0,0.0000
"14822.0",1,0,0.0000
"14823.0",3,0,0.0000
"14824.0",12,2,0.1667
"14825.0",27,3,0.1111
"14826.0",2,0,0.0000
"14827.0",1,0,0.0000
"14828.0",14,1,0.0714
"14829.0",9,2,0.2222
"14830.0",1,0,0.0000
"14831.0",7,4,0.5714
"14832.0",3,2,0.6667
"14833.0",1,0,0.0000
"14834.0",9,2,0.2222
"14835.0",3,1,0.3333
"14836.0",3,0,0.0000
"14837.0",12,3,0.2500
"14838.0",2,0,0.0000
"14839.0",3,0,0.0000
"14840.0",3,1,0.3333
"14841.0",14,0,0.0000
"14842.0",8,4,0.5000
"14843.0",1,0,0.0000
"14844.0",12,2,0.1667
"14845.0",1,0,0.0000
"14846.0",2,1,0.5000
"14847.0",4,1,0.2500
"14848.0",1,0,0.0000
"14849.0",50,7,0.1400
"14850.0",9,2,0.2222
"14851.0",3,0,0.0000
"14852.0",21,3,0.1429
"14853.0",7,2,0.2857
"14854.0",14,3,0.2143
"14855.0",7,0,0.0000
"14856.0",3,0,0.0000
"14857.0",10,3,0.3000
"14858.0",1,0,0.0000
"14859.0",6,1,0.1667
"14860.0",2,1,0.5000
"14861.0",14,4,0.2857
"14862.0",2,0,0.0000
"14863.0",1,0,0.0000
"14864.0",1,1,1.0000
"14865.0",4,0,0.0000
"14866.0",20,1,0.0500
"14867.0",19,3,0.1579
"14868.0",13,1,0.0769
"14869.0",9,3,0.3333
"14870.0",9,3,0.3333
"14871.0",9,0,0.0000
"14872.0",4,1,0.2500
"14873.0",2,0,0.0000
"14874.0",1,0,0.0000
"14875.0",7,4,0.5714
"14876.0",2,0,0.0000
"14877.0",2,0,0.0000
"14878.0",28,3,0.1071
"14879.0",1,0,0.0000
"14880.0",3,0,0.0000
"14881.0",1,0,0.0000
"14882.0",15,1,0.0667
"14883.0",7,1,0.1429
"14884.0",1,0,0.0000
"14885.0",4,1,0.2500
"14886.0",1,0,0.0000
"14887.0",1,0,0.0000
"14888.0",1,0,0.0000
"14889.0",1,0,0.0000
"14890.0",3,0,0.0000
"14891.0",4,0,0.0000
"14892.0",1,0,0.0000
"14893.0",6,3,0.5000
"14894.0",5,2,0.4000
"14895.0",48,10,0.2083
"14896.0",10,2,0.2000
"14897.0",9,1,0.1111
"14898.0",18,4,0.2222
"14899.0",1,0,0.0000
"14900.0",1,0,0.0000
"14901.0",13,1,0.0769
"14902.0",5,2,0.4000
"14903.0",10,5,0.5000
"14904.0",4,0,0.0000
"14905.0",10,2,0.2000
"14906.0",3,2,0.6667
"14907.0",23,7,0.3043
"14908.0",2,0,0.0000
"14909.0",5,2,0.4000
"14910.0",7,3,0.4286
"14911.0",510,112,0.2196
"14912.0",11,5,0.4545
"14913.0",8,0,0.0000
"14914.0",1,1,1.0000
"14915.0",13,2,0.1538
"14916.0",11,3,0.2727
"14917.0",2,0,0.0000
"14918.0",9,0,0.0000
"14919.0",1,0,0.0000
"14920.0",3,0,0.0000
"14921.0",2,0,0.0000
"14922.0",2,0,0.0000
"14923.0",1,0,0.0000
"14924.0",3,0,0.0000
"14925.0",1,1,1.0000
"14926.0",3,1,0.3333
"14927.0",1,0,0.0000
"14928.0",2,1,0.5000
"14929.0",2,0,0.0000
"14930.0",9,3,0.3333
"14931.0",6,1,0.1667
"14932.0",2,0,0.0000
"14933.0",5,1,0.2000
"14934.0",9,4,0.4444
"14935.0",2,0,0.0000
"14936.0",14,2,0.1429
"14937.0",4,1,0.2500
"14938.0",4,2,0.5000
"14939.0",1,1,1.0000
"14940.0",2,0,0.0000
"14941.0",1,0,0.0000
"14942.0",5,1,0.2000
"14943.0",1,0,0.0000
"14944.0",24,5,0.2083
"14945.0",1,0,0.0000
"14946.0",1,0,0.0000
"14947.0",6,0,0.0000
"14948.0",7,1,0.1429
"14949.0",6,2,0.3333
"14950.0",2,1,0.5000
"14951.0",1,0,0.0000
"14952.0",43,11,0.2558
"14953.0",5,1,0.2000
"14954.0",2,0,0.0000
"14955.0",1,0,0.0000
"14956.0",1,0,0.0000
"14957.0",2,0,0.0000
"14958.0",6,0,0.0000
"14959.0",5,1,0.2000
"14960.0",2,0,0.0000
"14961.0",28,6,0.2143
"14962.0",4,0,0.0000
"14963.0",13,1,0.0769
"14964.0",1,0,0.0000
"14965.0",2,0,0.0000
"14966.0",6,0,0.0000
"14967.0",7,1,0.1429
"14968.0",2,0,0.0000
"14969.0",1,0,0.0000
"14970.0",16,4,0.2500
"14971.0",3,0,0.0000
"14972.0",2,0,0.0000
"14973.0",3,0,0.0000
"14974.0",1,0,0.0000
"14975.0",2,0,0.0000
"14976.0",8,1,0.1250
"14977.0",1,0,0.0000
"14978.0",12,2,0.1667
"14979.0",1,0,0.0000
"14980.0",1,0,0.0000
"14981.0",3,1,0.3333
"14982.0",1,0,0.0000
"14983.0",1,0,0.0000
"14984.0",6,0,0.0000
"14985.0",2,0,0.0000
"14986.0",2,0,0.0000
"14987.0",9,1,0.1111
"14988.0",7,0,0.0000
"14989.0",1,0,0.0000
"14990.0",2,0,0.0000
"14991.0",1,0,0.0000
"14992.0",1,0,0.0000
"14993.0",1,0,0.0000
"14994.0",8,3,0.3750
"14995.0",2,0,0.0000
"14996.0",2,0,0.0000
"14997.0",5,1,0.2000
"14998.0",4,0,0.0000
"14999.0",1,0,0.0000
"15000.0",1,0,0.0000
"15001.0",2,0,0.0000
"15002.0",9,0,0.0000
"15003.0",7,1,0.1429
"15004.0",1,0,0.0000
"15005.0",76,20,0.2632
"15006.0",2,0,0.0000
"15007.0",1,0,0.0000
"15008.0",2,0,0.0000
"15009.0",3,0,0.0000
"15010.0",1,0,0.0000
"15011.0",2,0,0.0000
"15012.0",3,0,0.0000
"15013.0",10,0,0.0000
"15014.0",2,0,0.0000
"15015.0",20,7,0.3500
"15016.0",6,1,0.1667
"15017.0",1,0,0.0000
"15018.0",4,1,0.2500
"15019.0",1,0,0.0000
"15020.0",1,0,0.0000
"15021.0",17,5,0.2941
"15022.0",5,0,0.0000
"15023.0",23,3,0.1304
"15024.0",16,0,0.0000
"15025.0",2,0,0.0000
"15026.0",5,0,0.0000
"15027.0",13,3,0.2308
"15028.0",6,0,0.0000
"15029.0",2,1,0.5000
"15030.0",9,1,0.1111
"15031.0",16,2,0.1250
"15032.0",10,2,0.2000
"15033.0",11,1,0.0909
"15034.0",17,3,0.1765
"15035.0",1,0,0.0000
"15036.0",3,0,0.0000
"15037.0",2,0,0.0000
"15038.0",10,1,0.1000
"15039.0",107,14,0.1308
"15040.0",1,0,0.0000
"15041.0",2,0,0.0000
"15042.0",2,0,0.0000
"15043.0",6,0,0.0000
"15044.0",47,12,0.2553
"15045.0",3,1,0.3333
"15046.0",28,3,0.1071
"15047.0",1,0,0.0000
"15048.0",5,1,0.2000
"15049.0",1,0,0.0000
"15050.0",7,2,0.2857
"15051.0",10,1,0.1000
"15052.0",1,0,0.0000
"15053.0",3,0,0.0000
"15054.0",2,0,0.0000
"15055.0",3,0,0.0000
"15056.0",1,0,0.0000
"15057.0",6,1,0.1667
"15058.0",17,1,0.0588
"15059.0",27,8,0.2963
"15060.0",4,0,0.0000
"15061.0",138,11,0.0797
"15062.0",8,0,0.0000
"15063.0",1,0,0.0000
"15064.0",4,0,0.0000
"15065.0",7,2,0.2857
"15066.0",2,1,0.5000
"15067.0",6,1,0.1667
"15068.0",4,0,0.0000
"15069.0",1,0,0.0000
"15070.0",3,0,0.0000
"15071.0",4,0,0.0000
"15072.0",1,0,0.0000
"15073.0",9,1,0.1111
"15074.0",3,0,0.0000
"15075.0",1,0,0.0000
"15076.0",5,2,0.4000
"15077.0",4,2,0.5000
"15078.0",64,11,0.1719
"15079.0",17,6,0.3529
"15080.0",2,0,0.0000
"15081.0",13,1,0.0769
"15082.0",1,0,0.0000
"15083.0",1,0,0.0000
"15084.0",2,0,0.0000
"15085.0",1,0,0.0000
"15086.0",2,0,0.0000
"15087.0",1,0,0.0000
"15088.0",3,1,0.3333
"15089.0",6,0,0.0000
"15090.0",1,0,0.0000
"15091.0",6,3,0.5000
"15092.0",4,1,0.2500
"15093.0",34,11,0.3235
"15094.0",2,0,0.0000
"15095.0",11,1,0.0909
"15096.0",1,0,0.0000
"15097.0",5,2,0.4000
"15098.0",5,2,0.4000
"15099.0",1,0,0.0000
"15100.0",14,7,0.5000
"15101.0",11,5,0.4545
"15102.0",2,0,0.0000
"15103.0",2,0,0.0000
"15104.0",3,1,0.3333
"15105.0",9,0,0.0000
"15106.0",7,2,0.2857
"15107.0",12,3,0.2500
"15108.0",5,1,0.2000
"15109.0",4,1,0.2500
"15110.0",9,3,0.3333
"15111.0",5,0,0.0000
"15112.0",1,0,0.0000
"15113.0",4,1,0.2500
"15114.0",12,0,0.0000
"15115.0",3,1,0.3333
"15116.0",4,0,0.0000
"15117.0",9,1,0.1111
"15118.0",1,0,0.0000
"15119.0",1,0,0.0000
"15120.0",2,1,0.5000
"15121.0",2,0,0.0000
"15122.0",16,5,0.3125
"15123.0",5,0,0.0000
"15124.0",4,0,0.0000
"15125.0",36,12,0.3333
"15126.0",2,0,0.0000
"15127.0",2,0,0.0000
"15128.0",9,4,0.4444
"15129.0",23,0,0.0000
"15130.0",1,0,0.0000
"15131.0",1,0,0.0000
"15132.0",5,0,0.0000
"15133.0",5,0,0.0000
"15134.0",10,0,0.0000
"15135.0",3,1,0.3333
"15136.0",5,1,0.2000
"15137.0",5,3,0.6000
"15138.0",2,1,0.5000
"15139.0",2,0,0.0000
"15140.0",9,1,0.1111
"15141.0",9,2,0.2222
"15142.0",7,1,0.1429
"15143.0",2,0,0.0000
"15144.0",33,4,0.1212
"15145.0",4,0,0.0000
"15146.0",3,1,0.3333
"15147.0",2,1,0.5000
"15148.0",1,0,0.0000
"15149.0",5,0,0.0000
"15150.0",14,1,0.0714
"15151.0",2,0,0.0000
"15152.0",18,4,0.2222
"15153.0",1,0,0.0000
"15154.0",4,1,0.2500
"15155.0",1,0,0.0000
"15156.0",3,0,0.0000
"15157.0",7,2,0.2857
"15158.0",3,1,0.3333
"15159.0",38,4,0.1053
"15160.0",4,0,0.0000
"15161.0",1,0,0.0000
"15162.0",2,1,0.5000
"15163.0",2,0,0.0000
"15164.0",10,1,0.1000
"15165.0",1,0,0.0000
"15166.0",1,0,0.0000
"15167.0",5,0,0.0000
"15168.0",1,0,0.0000
"15169.0",2,0,0.0000
"15170.0",1,0,0.0000
"15171.0",2,1,0.5000
"15172.0",5,0,0.0000
"15173.0",8,1,0.1250
"15174.0",2,0,0.0000
"15175.0",1,0,0.0000
"15176.0",2,1,0.5000
"15177.0",1,0,0.0000
"15178.0",1,0,0.0000
"15179.0",17,4,0.2353
"15180.0",3,0,0.0000
"15181.0",8,3,0.3750
"15182.0",14,3,0.2143
"15183.0",4,1,0.2500
"15184.0",4,0,0.0000
"15185.0",1,0,0.0000
"15186.0",5,0,0.0000
"15187.0",18,2,0.1111
"15188.0",1,0,0.0000
"15189.0",58,12,0.2069
"15190.0",1,0,0.0000
"15191.0",3,0,0.0000
"15192.0",5,0,0.0000
"15193.0",1,0,0.0000
"15194.0",39,11,0.2821
"15195.0",1,0,0.0000
"15196.0",2,0,0.0000
"15197.0",10,4,0.4000
"15198.0",6,1,0.1667
"15199.0",10,0,0.0000
"15200.0",1,0,0.0000
"15201.0",14,7,0.5000
"15202.0",8,5,0.6250
"15203.0",15,0,0.0000
"15204.0",1,0,0.0000
"15205.0",3,1,0.3333
"15206.0",4,0,0.0000
"15207.0",5,2,0.4000
"15208.0",7,1,0.1429
"15209.0",1,0,0.0000
"15210.0",3,0,0.0000
"15211.0",2,0,0.0000
"15212.0",3,1,0.3333
"15213.0",3,1,0.3333
"15214.0",8,0,0.0000
"15215.0",11,4,0.3636
"15216.0",2,0,0.0000
"15217.0",1,0,0.0000
"15218.0",25,3,0.1200
"15219.0",2,0,0.0000
"15220.0",7,1,0.1429
"15221.0",7,3,0.4286
"15222.0",17,6,0.3529
"15223.0",6,1,0.1667
"15224.0",8,3,0.3750
"15225.0",1,0,0.0000
"15226.0",1,0,0.0000
"15227.0",9,0,0.0000
"15228.0",7,1,0.1429
"15229.0",1,0,0.0000
"15230.0",2,0,0.0000
"15231.0",2,1,0.5000
"15232.0",2,0,0.0000
"15233.0",1,0,0.0000
"15234.0",1,0,0.0000
"15235.0",16,0,0.0000
"15236.0",1,0,0.0000
"15237.0",4,0,0.0000
"15238.0",5,2,0.4000
"15239.0",3,1,0.3333
"15240.0",20,8,0.4000
"15241.0",12,1,0.0833
"15242.0",1,0,0.0000
"15243.0",2,0,0.0000
"15244.0",4,1,0.2500
"15245.0",8,0,0.0000
"15246.0",3,0,0.0000
"15247.0",4,1,0.2500
"15248.0",4,1,0.2500
"15249.0",21,3,0.1429
"15250.0",1,0,0.0000
"15251.0",31,10,0.3226
"15252.0",7,2,0.2857
"15253.0",12,4,0.3333
"15254.0",4,1,0.2500
"15255.0",11,2,0.1818
"15256.0",2,0,0.0000
"15257.0",3,1,0.3333
"15258.0",2,0,0.0000
"15259.0",4,0,0.0000
"15260.0",30,5,0.1667
"15261.0",4,0,0.0000
"15262.0",3,0,0.0000
"15263.0",1,0,0.0000
"15264.0",3,1,0.3333
"15265.0",4,0,0.0000
"15266.0",6,1,0.1667
"15267.0",5,0,0.0000
"15268.0",4,1,0.2500
"15269.0",3,0,0.0000
"15270.0",31,10,0.3226
"15271.0",26,2,0.0769
"15272.0",6,0,0.0000
"15273.0",1,0,0.0000
"15274.0",2,0,0.0000
"15275.0",2,1,0.5000
"15276.0",5,1,0.2000
"15277.0",2,0,0.0000
"15278.0",4,0,0.0000
"15279.0",7,2,0.2857
"15280.0",3,0,0.0000
"15281.0",22,6,0.2727
"15282.0",1,0,0.0000
"15283.0",4,1,0.2500
"15284.0",1,0,0.0000
"15285.0",1,0,0.0000
"15286.0",1,0,0.0000
"15287.0",6,1,0.1667
"15288.0",10,0,0.0000
"15289.0",7,2,0.2857
"15290.0",30,4,0.1333
"15291.0",53,13,0.2453
"15292.0",1,0,0.0000
"15293.0",1,0,0.0000
"15294.0",2,1,0.5000
"15295.0",1,0,0.0000
"15296.0",20,8,0.4000
"15297.0",4,1,0.2500
"15298.0",29,6,0.2069
"15299.0",15,5,0.3333
"15300.0",1,0,0.0000
"15301.0",19,2,0.1053
"15302.0",2,1,0.5000
"15303.0",4,1,0.2500
"15304.0",11,2,0.1818
"15305.0",1,0,0.0000
"15306.0",10,1,0.1000
"15307.0",1,0,0.0000
"15308.0",2,1,0.5000
"15309.0",10,6,0.6000
"15310.0",1,0,0.0000
"15311.0",270,62,0.2296
"15312.0",14,2,0.1429
"15313.0",1,0,0.0000
"15314.0",4,1,0.2500
"15315.0",3,1,0.3333
"15316.0",1,0,0.0000
"15317.0",2,1,0.5000
"15318.0",1,0,0.0000
"15319.0",1,0,0.0000
"15320.0",1,0,0.0000
"15321.0",18,6,0.3333
"15322.0",3,1,0.3333
"15323.0",4,1,0.2500
"15324.0",1,0,0.0000
"15325.0",9,1,0.1111
"15326.0",10,5,0.5000
"15327.0",1,0,0.0000
"15328.0",1,0,0.0000
"15329.0",20,9,0.4500
"15330.0",2,0,0.0000
"15331.0",4,1,0.2500
"15332.0",6,0,0.0000
"15333.0",1,0,0.0000
"15334.0",3,0,0.0000
"15335.0",1,0,0.0000
"15336.0",1,0,0.0000
"15337.0",2,1,0.5000
"15338.0",1,0,0.0000
"15339.0",11,4,0.3636
"15340.0",1,0,0.0000
"15341.0",3,1,0.3333
"15342.0",2,1,0.5000
"15343.0",1,0,0.0000
"15344.0",5,2,0.4000
"15345.0",2,1,0.5000
"15346.0",4,1,0.2500
"15347.0",6,2,0.3333
"15348.0",1,0,0.0000
"15349.0",2,0,0.0000
"15350.0",2,0,0.0000
"15351.0",15,5,0.3333
"15352.0",1,0,0.0000
"15353.0",8,1,0.1250
"15354.0",7,4,0.5714
"15355.0",2,0,0.0000
"15356.0",13,0,0.0000
"15357.0",1,1,1.0000
"15358.0",55,13,0.2364
"15359.0",9,1,0.1111
"15360.0",1,0,0.0000
"15361.0",4,0,0.0000
"15362.0",2,0,0.0000
"15363.0",3,1,0.3333
"15364.0",2,0,0.0000
"15365.0",15,2,0.1333
"15366.0",7,0,0.0000
"15367.0",13,2,0.1538
"15368.0",2,0,0.0000
"15369.0",13,2,0.1538
"15370.0",9,1,0.1111
"15371.0",1,0,0.0000
"15372.0",10,2,0.2000
"15373.0",18,1,0.0556
"15374.0",2,0,0.0000
"15375.0",1,0,0.0000
"15376.0",3,0,0.0000
"15377.0",5,1,0.2000
"15378.0",2,0,0.0000
"15379.0",9,1,0.1111
"15380.0",13,2,0.1538
"15381.0",6,1,0.1667
"15382.0",20,8,0.4000
"15383.0",1,1,1.0000
"15384.0",5,1,0.2000
"15385.0",3,0,0.0000
"15386.0",1,0,0.0000
"15387.0",1,0,0.0000
"15388.0",1,0,0.0000
"15389.0",5,0,0.0000
"15390.0",2,0,0.0000
"15391.0",2,1,0.5000
"15392.0",8,1,0.1250
"15393.0",5,0,0.0000
"15394.0",13,2,0.1538
"15395.0",1,0,0.0000
"15396.0",2,0,0.0000
"15397.0",1,0,0.0000
"15398.0",3,1,0.3333
"15399.0",3,0,0.0000
"15400.0",9,1,0.1111
"15401.0",2,0,0.0000
"15402.0",7,1,0.1429
"15403.0",2,0,0.0000
"15404.0",1,0,0.0000
"15405.0",2,0,0.0000
"15406.0",6,2,0.3333
"15407.0",4,0,0.0000
"15408.0",1,0,0.0000
"15409.0",2,1,0.5000
"15410.0",10,0,0.0000
"15411.0",5,1,0.2000
"15412.0",1,0,0.0000
"15413.0",7,2,0.2857
"15414.0",3,0,0.0000
"15415.0",1,0,0.0000
"15416.0",9,2,0.2222
"15417.0",1,0,0.0000
"15418.0",2,0,0.0000
"15419.0",1,0,0.0000
"15420.0",6,0,0.0000
"15421.0",10,0,0.0000
"15422.0",8,1,0.1250
"15423.0",4,1,0.2500
"15424.0",3,0,0.0000
"15425.0",4,0,0.0000
"15426.0",11,2,0.1818
"15427.0",3,0,0.0000
"15428.0",4,0,0.0000
"15429.0",3,1,0.3333
"15430.0",3,1,0.3333
"15431.0",1,0,0.0000
"15432.0",4,2,0.5000
"15433.0",3,1,0.3333
"15434.0",13,2,0.1538
"15435.0",1,0,0.0000
"15436.0",3,0,0.0000
"15437.0",2,0,0.0000
"15438.0",1,0,0.0000
"15439.0",4,0,0.0000
"15440.0",3,0,0.0000
"15441.0",3,0,0.0000
"15442.0",1,0,0.0000
"15443.0",16,2,0.1250
"15444.0",2,0,0.0000
"15445.0",2,0,0.0000
"15446.0",5,2,0.4000
"15447.0",6,1,0.1667
"15448.0",2,0,0.0000
"15449.0",5,2,0.4000
"15450.0",1,0,0.0000
"15451.0",2,0,0.0000
"15452.0",6,0,0.0000
"15453.0",7,0,0.0000
"15454.0",2,0,0.0000
"15455.0",1,0,0.0000
"15456.0",10,0,0.0000
"15457.0",1,0,0.0000
"15458.0",2,0,0.0000
"15459.0",2,0,0.0000
"15460.0",1,0,0.0000
"15461.0",3,1,0.3333
"15462.0",4,0,0.0000
"15463.0",1,0,0.0000
"15464.0",1,0,0.0000
"15465.0",39,7,0.1795
"15466.0",4,0,0.0000
"15467.0",4,1,0.2500
"15468.0",7,4,0.5714
"15469.0",6,3,0.5000
"15470.0",1,0,0.0000
"15471.0",3,0,0.0000
"15472.0",1,0,0.0000
"15473.0",11,3,0.2727
"15474.0",1,0,0.0000
"15475.0",1,0,0.0000
"15476.0",5,1,0.2000
"15477.0",1,0,0.0000
"15478.0",3,0,0.0000
"15479.0",1,0,0.0000
"15480.0",7,2,0.2857
"15481.0",1,0,0.0000
"15482.0",24,5,0.2083
"15483.0",10,0,0.0000
"15484.0",7,1,0.1429
"15485.0",8,1,0.1250
"15486.0",1,0,0.0000
"15487.0",1,0,0.0000
"15488.0",5,0,0.0000
"15489.0",12,4,0.3333
"15490.0",2,1,0.5000
"15491.0",7,1,0.1429
"15492.0",2,0,0.0000
"15493.0",11,2,0.1818
"15494.0",6,1,0.1667
"15495.0",1,0,0.0000
"15496.0",1,0,0.0000
"15497.0",11,2,0.1818
"15498.0",55,11,0.2000
"15499.0",1,0,0.0000
"15500.0",4,0,0.0000
"15501.0",2,0,0.0000
"15502.0",27,13,0.4815
"15503.0",2,0,0.0000
"15504.0",5,1,0.2000
"15505.0",7,2,0.2857
"15506.0",6,0,0.0000
"15507.0",1,0,0.0000
"15508.0",6,0,0.0000
"15509.0",1,0,0.0000
"15510.0",1,0,0.0000
"15511.0",5,0,0.0000
"15512.0",4,0,0.0000
"15513.0",41,6,0.1463
"15514.0",20,2,0.1000
"15515.0",1,0,0.0000
"15516.0",3,0,0.0000
"15517.0",1,0,0.0000
"15518.0",23,8,0.3478
"15519.0",2,0,0.0000
"15520.0",1,0,0.0000
"15521.0",24,8,0.3333
"15522.0",2,0,0.0000
"15523.0",18,2,0.1111
"15524.0",2,0,0.0000
"15525.0",5,1,0.2000
"15526.0",2,0,0.0000
"15527.0",31,8,0.2581
"15528.0",1,0,0.0000
"15529.0",13,1,0.0769
"15530.0",5,0,0.0000
"15531.0",2,0,0.0000
"15532.0",12,2,0.1667
"15533.0",5,2,0.4000
"15534.0",1,0,0.0000
"15535.0",10,4,0.4000
"15536.0",1,0,0.0000
"15537.0",1,0,0.0000
"15538.0",11,5,0.4545
"15539.0",1,0,0.0000
"15540.0",2,0,0.0000
"15541.0",1,0,0.0000
"15542.0",4,1,0.2500
"15543.0",2,0,0.0000
"15544.0",26,6,0.2308
"15545.0",2,0,0.0000
"15546.0",3,1,0.3333
"15547.0",28,2,0.0714
"15548.0",1,0,0.0000
"15549.0",9,1,0.1111
"15550.0",14,2,0.1429
"15551.0",9,2,0.2222
"15552.0",2,0,0.0000
"15553.0",1,0,0.0000
"15554.0",1,0,0.0000
"15555.0",46,10,0.2174
"15556.0",1,0,0.0000
"15557.0",1,0,0.0000
"15558.0",2,1,0.5000
"15559.0",1,0,0.0000
"15560.0",2,0,0.0000
"15561.0",9,1,0.1111
"15562.0",3,0,0.0000
"15563.0",11,4,0.3636
"15564.0",2,0,0.0000
"15565.0",2,0,0.0000
"15566.0",2,0,0.0000
"15567.0",1,0,0.0000
"15568.0",3,0,0.0000
"15569.0",10,0,0.0000
"15570.0",27,2,0.0741
"15571.0",14,0,0.0000
"15572.0",10,0,0.0000
"15573.0",5,0,0.0000
"15574.0",7,1,0.1429
"15575.0",1,0,0.0000
"15576.0",1,0,0.0000
"15577.0",5,0,0.0000
"15578.0",1,0,0.0000
"15579.0",7,2,0.2857
"15580.0",14,6,0.4286
"15581.0",43,5,0.1163
"15582.0",3,0,0.0000
"15583.0",1,0,0.0000
"15584.0",7,1,0.1429
"15585.0",1,0,0.0000
"15586.0",4,1,0.2500
"15587.0",7,0,0.0000
"15588.0",1,0,0.0000
"15589.0",4,1,0.2500
"15590.0",6,1,0.1667
"15591.0",3,0,0.0000
"15592.0",1,0,0.0000
"15593.0",1,0,0.0000
"15594.0",6,1,0.1667
"15595.0",1,0,0.0000
"15596.0",16,7,0.4375
"15597.0",3,1,0.3333
"15598.0",4,2,0.5000
"15599.0",3,0,0.0000
"15600.0",5,1,0.2000
"15601.0",35,5,0.1429
"15602.0",25,9,0.3600
"15603.0",3,1,0.3333
"15604.0",1,0,0.0000
"15605.0",10,1,0.1000
"15606.0",19,2,0.1053
"15607.0",13,4,0.3077
"15608.0",5,0,0.0000
"15609.0",2,1,0.5000
"15610.0",1,0,0.0000
"15611.0",32,6,0.1875
"15612.0",2,0,0.0000
"15613.0",1,0,0.0000
"15614.0",7,3,0.4286
"15615.0",54,7,0.1296
"15616.0",1,0,0.0000
"15617.0",3,0,0.0000
"15618.0",5,1,0.2000
"15619.0",1,0,0.0000
"15620.0",8,4,0.5000
"15621.0",6,2,0.3333
"15622.0",30,13,0.4333
"15623.0",8,0,0.0000
"15624.0",4,0,0.0000
"15625.0",14,5,0.3571
"15626.0",4,1,0.2500
"15627.0",2,0,0.0000
"15628.0",21,4,0.1905
"15629.0",4,0,0.0000
"15630.0",4,1,0.2500
"15631.0",1,0,0.0000
"15632.0",10,2,0.2000
"15633.0",18,5,0.2778
"15634.0",2,0,0.0000
"15635.0",1,0,0.0000
"15636.0",4,0,0.0000
"15637.0",5,0,0.0000
"15638.0",9,3,0.3333
"15639.0",5,2,0.4000
"15640.0",34,5,0.1471
"15641.0",12,0,0.0000
"15642.0",1,0,0.0000
"15643.0",6,3,0.5000
"15644.0",4,0,0.0000
"15645.0",4,1,0.2500
"15646.0",6,1,0.1667
"15647.0",1,0,0.0000
"15648.0",4,2,0.5000
"15649.0",4,0,0.0000
"15650.0",3,1,0.3333
"15651.0",5,0,0.0000
"15652.0",6,1,0.1667
"15653.0",2,0,0.0000
"15654.0",2,0,0.0000
"15655.0",2,1,0.5000
"15656.0",4,0,0.0000
"15657.0",1,0,0.0000
"15658.0",13,5,0.3846
"15659.0",3,0,0.0000
"15660.0",18,3,0.1667
"15661.0",8,0,0.0000
"15662.0",2,0,0.0000
"15663.0",1,0,0.0000
"15664.0",7,3,0.4286
"15665.0",5,0,0.0000
"15666.0",2,0,0.0000
"15667.0",1,0,0.0000
"15668.0",1,0,0.0000
"15669.0",5,1,0.2000
"15670.0",3,1,0.3333
"15671.0",10,3,0.3000
"15672.0",1,0,0.0000
"15673.0",10,1,0.1000
"15674.0",18,5,0.2778
"15675.0",4,0,0.0000
"15676.0",5,2,0.4000
"15677.0",3,0,0.0000
"15678.0",3,0,0.0000
"15679.0",4,0,0.0000
"15680.0",12,2,0.1667
"15681.0",16,2,0.1250
"15682.0",3,1,0.3333
"15683.0",2,0,0.0000
"15684.0",6,3,0.5000
"15685.0",1,0,0.0000
"15686.0",1,0,0.0000
"15687.0",11,2,0.1818
"15688.0",1,0,0.0000
"15689.0",3,0,0.0000
"15690.0",2,0,0.0000
"15691.0",5,1,0.2000
"15692.0",1,0,0.0000
"15693.0",1,0,0.0000
"15694.0",29,5,0.1724
"15695.0",4,0,0.0000
"15696.0",21,8,0.3810
"15697.0",1,0,0.0000
"15698.0",1,0,0.0000
"15699.0",1,0,0.0000
"15700.0",3,1,0.3333
"15701.0",4,0,0.0000
"15702.0",2,0,0.0000
"15703.0",1,0,0.0000
"15704.0",8,2,0.2500
"15705.0",1,0,0.0000
"15706.0",7,3,0.4286
"15707.0",4,0,0.0000
"15708.0",14,5,0.3571
"15709.0",2,0,0.0000
"15710.0",1,0,0.0000
"15711.0",2,0,0.0000
"15712.0",13,1,0.0769
"15713.0",6,2,0.3333
"15714.0",5,0,0.0000
"15715.0",5,0,0.0000
"15716.0",11,0,0.0000
"15717.0",5,0,0.0000
"15718.0",1,0,0.0000
"15719.0",39,8,0.2051
"15720.0",2,0,0.0000
"15721.0",1,0,0.0000
"15722.0",15,4,0.2667
"15723.0",4,0,0.0000
"15724.0",5,2,0.4000
"15725.0",1,0,0.0000
"15726.0",1,0,0.0000
"15727.0",15,0,0.0000
"15728.0",3,1,0.3333
"15729.0",5,2,0.4000
"15730.0",7,2,0.2857
"15731.0",1,0,0.0000
"15732.0",12,2,0.1667
"15733.0",1,0,0.0000
"15734.0",4,0,0.0000
"15735.0",1,0,0.0000
"15736.0",3,1,0.3333
"15737.0",12,4,0.3333
"15738.0",45,4,0.0889
"15739.0",1,0,0.0000
"15740.0",1,0,0.0000
"15741.0",2,0,0.0000
"15742.0",1,0,0.0000
"15743.0",4,0,0.0000
"15744.0",1,0,0.0000
"15745.0",6,2,0.3333
"15746.0",2,1,0.5000
"15747.0",10,1,0.1000
"15748.0",3,0,0.0000
"15749.0",4,1,0.2500
"15750.0",24,6,0.2500
"15751.0",14,3,0.2143
"15752.0",10,1,0.1000
"15753.0",1,0,0.0000
"15754.0",12,3,0.2500
"15755.0",20,3,0.1500
"15756.0",4,0,0.0000
"15757.0",6,0,0.0000
"15758.0",1,0,0.0000
"15759.0",10,3,0.3000
"15760.0",5,3,0.6000
"15761.0",1,0,0.0000
"15762.0",2,0,0.0000
"15763.0",3,1,0.3333
"15764.0",14,6,0.4286
"15765.0",1,0,0.0000
"15766.0",4,1,0.2500
"15767.0",2,2,1.0000
"15768.0",36,2,0.0556
"15769.0",51,5,0.0980
"15770.0",1,0,0.0000
"15771.0",3,0,0.0000
"15772.0",1,0,0.0000
"15773.0",2,0,0.0000
"15774.0",7,1,0.1429
"15775.0",2,0,0.0000
"15776.0",1,0,0.0000
"15777.0",9,2,0.2222
"15778.0",1,0,0.0000
"15779.0",2,0,0.0000
"15780.0",3,0,0.0000
"15781.0",4,1,0.2500
"15782.0",6,2,0.3333
"15783.0",1,0,0.0000
"15784.0",2,0,0.0000
"15785.0",26,10,0.3846
"15786.0",9,4,0.4444
"15787.0",3,0,0.0000
"15788.0",2,1,0.5000
"15789.0",7,1,0.1429
"15790.0",1,0,0.0000
"15791.0",9,4,0.4444
"15792.0",2,0,0.0000
"15793.0",9,1,0.1111
"15794.0",2,0,0.0000
"15795.0",8,0,0.0000
"15796.0",22,5,0.2273
"15797.0",6,0,0.0000
"15798.0",3,0,0.0000
"15799.0",4,0,0.0000
"15800.0",7,0,0.0000
"15801.0",4,1,0.2500
"15802.0",3,2,0.6667
"15803.0",4,0,0.0000
"15804.0",19,6,0.3158
"15805.0",40,10,0.2500
"15806.0",3,0,0.0000
"15807.0",6,1,0.1667
"15808.0",24,3,0.1250
"15809.0",9,2,0.2222
"15810.0",13,5,0.3846
"15811.0",10,3,0.3000
"15812.0",13,1,0.0769
"15813.0",2,0,0.0000
"15814.0",8,2,0.2500
"15815.0",5,0,0.0000
"15816.0",3,1,0.3333
"15817.0",3,0,0.0000
"15818.0",1,0,0.0000
"15819.0",11,1,0.0909
"15820.0",1,0,0.0000
"15821.0",2,0,0.0000
"15822.0",8,2,0.2500
"15823.0",6,3,0.5000
"15824.0",2,0,0.0000
"15825.0",1,0,0.0000
"15826.0",6,2,0.3333
"15827.0",42,14,0.3333
"15828.0",1,0,0.0000
"15829.0",2,0,0.0000
"15830.0",2,1,0.5000
"15831.0",4,1,0.2500
"15832.0",1,0,0.0000
"15833.0",1,0,0.0000
"15834.0",9,2,0.2222
"15835.0",4,0,0.0000
"15836.0",2,1,0.5000
"15837.0",2,0,0.0000
"15838.0",38,4,0.1053
"15839.0",5,2,0.4000
"15840.0",3,1,0.3333
"15841.0",12,3,0.2500
"15842.0",3,1,0.3333
"15843.0",1,0,0.0000
"15844.0",1,0,0.0000
"15845.0",14,3,0.2143
"15846.0",1,0,0.0000
"15847.0",5,0,0.0000
"15848.0",1,0,0.0000
"15849.0",1,1,1.0000
"15850.0",6,0,0.0000
"15851.0",1,0,0.0000
"15852.0",3,0,0.0000
"15853.0",1,0,0.0000
"15854.0",21,0,0.0000
"15855.0",6,0,0.0000
"15856.0",58,6,0.1034
"15857.0",2,0,0.0000
"15858.0",15,2,0.1333
"15859.0",1,0,0.0000
"15860.0",17,0,0.0000
"15861.0",15,3,0.2000
"15862.0",13,0,0.0000
"15863.0",5,0,0.0000
"15864.0",9,2,0.2222
"15865.0",5,0,0.0000
"15866.0",1,0,0.0000
"15867.0",35,4,0.1143
"15868.0",1,0,0.0000
"15869.0",3,0,0.0000
"15870.0",4,0,0.0000
"15871.0",1,0,0.0000
"15872.0",4,0,0.0000
"15873.0",5,1,0.2000
"15874.0",25,4,0.1600
"15875.0",1,0,0.0000
"15876.0",2,0,0.0000
"15877.0",3,1,0.3333
"15878.0",2,0,0.0000
"15879.0",4,0,0.0000
"15880.0",2,1,0.5000
"15881.0",8,3,0.3750
"15882.0",10,2,0.2000
"15883.0",2,0,0.0000
"15884.0",3,1,0.3333
"15885.0",20,5,0.2500
"15886.0",4,0,0.0000
"15887.0",3,0,0.0000
"15888.0",4,1,0.2500
"15889.0",9,1,0.1111
"15890.0",5,0,0.0000
"15891.0",1,0,0.0000
"15892.0",1,0,0.0000
"15893.0",1,0,0.0000
"15894.0",2,0,0.0000
"15895.0",1,0,0.0000
"15896.0",1,1,1.0000
"15897.0",2,0,0.0000
"15898.0",29,4,0.1379
"15899.0",1,0,0.0000
"15900.0",5,1,0.2000
"15901.0",9,2,0.2222
"15902.0",1,0,0.0000
"15903.0",15,3,0.2000
"15904.0",1,0,0.0000
"15905.0",1,0,0.0000
"15906.0",12,2,0.1667
"15907.0",3,0,0.0000
"15908.0",2,0,0.0000
"15909.0",1,0,0.0000
"15910.0",15,0,0.0000
"15911.0",10,2,0.2000
"15912.0",9,0,0.0000
"15913.0",1,0,0.0000
"15914.0",2,0,0.0000
"15915.0",1,0,0.0000
"15916.0",17,4,0.2353
"15917.0",5,0,0.0000
"15918.0",3,0,0.0000
"15919.0",2,0,0.0000
"15920.0",9,0,0.0000
"15921.0",4,0,0.0000
"15922.0",2,1,0.5000
"15923.0",1,0,0.0000
"15924.0",1,0,0.0000
"15925.0",1,0,0.0000
"15926.0",1,0,0.0000
"15927.0",1,0,0.0000
"15928.0",1,0,0.0000
"15929.0",1,0,0.0000
"15930.0",1,0,0.0000
"15931.0",1,0,0.0000
"15932.0",11,3,0.2727
"15933.0",3,0,0.0000
"15934.0",2,0,0.0000
"15935.0",3,1,0.3333
"15936.0",2,0,0.0000
"15937.0",1,0,0.0000
"15938.0",9,0,0.0000
"15939.0",17,1,0.0588
"15940.0",3,2,0.6667
"15941.0",2,1,0.5000
"15942.0",1,0,0.0000
"15943.0",2,0,0.0000
"15944.0",4,0,0.0000
"15945.0",4,0,0.0000
"15946.0",3,0,0.0000
"15947.0",1,0,0.0000
"15948.0",3,0,0.0000
"15949.0",2,0,0.0000
"15950.0",13,3,0.2308
"15951.0",4,1,0.2500
"15952.0",4,0,0.0000
"15953.0",21,3,0.1429
"15954.0",1,0,0.0000
"15955.0",25,3,0.1200
"15956.0",2,0,0.0000
"15957.0",3,0,0.0000
"15958.0",4,0,0.0000
"15959.0",3,0,0.0000
"15960.0",5,1,0.2000
"15961.0",1,0,0.0000
"15962.0",1,0,0.0000
"15963.0",2,0,0.0000
"15964.0",1,0,0.0000
"15965.0",14,1,0.0714
"15966.0",2,1,0.5000
"15967.0",13,1,0.0769
"15968.0",1,0,0.0000
"15969.0",6,1,0.1667
"15970.0",2,0,0.0000
"15971.0",20,2,0.1000
"15972.0",5,0,0.0000
"15973.0",5,2,0.4000
"15974.0",8,1,0.1250
"15975.0",1,0,0.0000
"15976.0",6,0,0.0000
"15977.0",2,0,0.0000
"15978.0",5,2,0.4000
"15979.0",1,0,0.0000
"15980.0",9,2,0.2222
"15981.0",27,6,0.2222
"15982.0",1,0,0.0000
"15983.0",8,0,0.0000
"15984.0",32,2,0.0625
"15985.0",8,1,0.1250
"15986.0",2,0,0.0000
"15987.0",8,0,0.0000
"15988.0",3,0,0.0000
"15989.0",2,0,0.0000
"15990.0",7,0,0.0000
"15991.0",1,0,0.0000
"15992.0",3,0,0.0000
"15993.0",10,3,0.3000
"15994.0",5,2,0.4000
"15995.0",1,0,0.0000
"15996.0",8,1,0.1250
"15997.0",1,1,1.0000
"15998.0",21,5,0.2381
"15999.0",1,0,0.0000
"16000.0",3,0,0.0000
"16001.0",2,1,0.5000
"16002.0",1,0,0.0000
"16003.0",10,0,0.0000
"16004.0",5,0,0.0000
"16005.0",11,1,0.0909
"16006.0",2,0,0.0000
"16007.0",7,0,0.0000
"16008.0",15,0,0.0000
"16009.0",4,0,0.0000
"16010.0",12,1,0.0833
"16011.0",30,1,0.0333
"16012.0",5,0,0.0000
"16013.0",94,10,0.1064
"16014.0",6,1,0.1667
"16015.0",4,1,0.2500
"16016.0",14,3,0.2143
"16017.0",5,0,0.0000
"16018.0",4,0,0.0000
"16019.0",35,8,0.2286
"16020.0",3,0,0.0000
"16021.0",2,0,0.0000
"16022.0",1,0,0.0000
"16023.0",3,0,0.0000
"16024.0",3,0,0.0000
"16025.0",1,0,0.0000
"16026.0",1,0,0.0000
"16027.0",18,3,0.1667
"16028.0",1,0,0.0000
"16029.0",125,18,0.1440
"16030.0",1,0,0.0000
"16031.0",2,0,0.0000
"16032.0",6,0,0.0000
"16033.0",36,9,0.2500
"16034.0",7,1,0.1429
"16035.0",1,0,0.0000
"16036.0",4,0,0.0000
"16037.0",7,2,0.2857
"16038.0",4,1,0.2500
"16039.0",3,1,0.3333
"16040.0",8,1,0.1250
"16041.0",3,0,0.0000
"16042.0",11,3,0.2727
"16043.0",8,0,0.0000
"16044.0",1,0,0.0000
"16045.0",9,1,0.1111
"16046.0",1,0,0.0000
"16047.0",1,0,0.0000
"16048.0",6,2,0.3333
"16049.0",6,0,0.0000
"16050.0",3,0,0.0000
"16051.0",1,0,0.0000
"16052.0",1,0,0.0000
"16053.0",8,2,0.2500
"16054.0",7,3,0.4286
"16055.0",1,0,0.0000
"16056.0",1,0,0.0000
"16057.0",17,7,0.4118
"16058.0",1,0,0.0000
"16059.0",12,0,0.0000
"16060.0",3,0,0.0000
"16061.0",3,2,0.6667
"16062.0",8,0,0.0000
"16063.0",1,0,0.0000
"16064.0",1,0,0.0000
"16065.0",10,2,0.2000
"16066.0",5,0,0.0000
"16067.0",6,3,0.5000
"16068.0",1,0,0.0000
"16069.0",1,0,0.0000
"16070.0",2,0,0.0000
"16071.0",4,0,0.0000
"16072.0",4,0,0.0000
"16073.0",2,1,0.5000
"16074.0",1,0,0.0000
"16075.0",3,1,0.3333
"16076.0",11,1,0.0909
"16077.0",2,1,0.5000
"16078.0",2,0,0.0000
"16079.0",3,0,0.0000
"16080.0",6,2,0.3333
"16081.0",8,0,0.0000
"16082.0",1,0,0.0000
"16083.0",4,0,0.0000
"16084.0",1,0,0.0000
"16085.0",13,1,0.0769
"16086.0",11,1,0.0909
"16087.0",5,0,0.0000
"16088.0",2,0,0.0000
"16089.0",2,0,0.0000
"16090.0",1,0,0.0000
"16091.0",2,0,0.0000
"16092.0",10,4,0.4000
"16093.0",1,0,0.0000
"16094.0",19,8,0.4211
"16095.0",1,0,0.0000
"16096.0",4,0,0.0000
"16097.0",1,0,0.0000
"16098.0",14,0,0.0000
"16099.0",8,1,0.1250
"16100.0",1,0,0.0000
"16101.0",7,3,0.4286
"16102.0",3,0,0.0000
"16103.0",27,5,0.1852
"16104.0",11,2,0.1818
"16105.0",5,0,0.0000
"16106.0",1,0,0.0000
"16107.0",7,0,0.0000
"16108.0",8,4,0.5000
"16109.0",4,1,0.2500
"16110.0",4,0,0.0000
"16111.0",1,0,0.0000
"16112.0",4,0,0.0000
"16113.0",1,0,0.0000
"16114.0",1,0,0.0000
"16115.0",12,0,0.0000
"16116.0",2,1,0.5000
"16117.0",4,1,0.2500
"16118.0",5,4,0.8000
"16119.0",8,0,0.0000
"16120.0",7,1,0.1429
"16121.0",6,1,0.1667
"16122.0",6,0,0.0000
"16123.0",1,0,0.0000
"16124.0",6,2,0.3333
"16125.0",14,0,0.0000
"16126.0",15,0,0.0000
"16127.0",2,0,0.0000
"16128.0",14,3,0.2143
"16129.0",3,0,0.0000
"16130.0",4,0,0.0000
"16131.0",15,3,0.2000
"16132.0",2,0,0.0000
"16133.0",78,22,0.2821
"16134.0",7,2,0.2857
"16135.0",2,0,0.0000
"16136.0",5,1,0.2000
"16137.0",1,0,0.0000
"16138.0",4,1,0.2500
"16139.0",5,0,0.0000
"16140.0",5,2,0.4000
"16141.0",2,0,0.0000
"16142.0",1,0,0.0000
"16143.0",16,4,0.2500
"16144.0",1,0,0.0000
"16145.0",29,10,0.3448
"16146.0",4,0,0.0000
"16147.0",7,2,0.2857
"16148.0",4,2,0.5000
"16149.0",3,0,0.0000
"16150.0",20,10,0.5000
"16151.0",1,1,1.0000
"16152.0",1,0,0.0000
"16153.0",13,2,0.1538
"16154.0",1,1,1.0000
"16155.0",6,1,0.1667
"16156.0",26,6,0.2308
"16157.0",4,1,0.2500
"16158.0",10,1,0.1000
"16159.0",5,1,0.2000
"16160.0",4,2,0.5000
"16161.0",57,14,0.2456
"16162.0",1,0,0.0000
"16163.0",14,8,0.5714
"16164.0",4,1,0.2500
"16165.0",1,0,0.0000
"16166.0",4,2,0.5000
"16167.0",6,1,0.1667
"16168.0",73,7,0.0959
"16169.0",4,0,0.0000
"16170.0",25,5,0.2000
"16171.0",1,0,0.0000
"16172.0",8,0,0.0000
"16173.0",7,1,0.1429
"16174.0",7,0,0.0000
"16175.0",7,0,0.0000
"16176.0",7,3,0.4286
"16177.0",12,4,0.3333
"16178.0",2,0,0.0000
"16179.0",1,0,0.0000
"16180.0",16,3,0.1875
"16181.0",1,0,0.0000
"16182.0",9,0,0.0000
"16183.0",4,0,0.0000
"16184.0",7,1,0.1429
"16185.0",3,0,0.0000
"16186.0",30,4,0.1333
"16187.0",17,2,0.1176
"16188.0",6,1,0.1667
"16189.0",2,0,0.0000
"16190.0",8,0,0.0000
"16191.0",40,16,0.4000
"16192.0",1,0,0.0000
"16193.0",2,0,0.0000
"16194.0",1,0,0.0000
"16195.0",1,0,0.0000
"16196.0",1,0,0.0000
"16197.0",9,0,0.0000
"16198.0",2,0,0.0000
"16199.0",7,0,0.0000
"16200.0",13,1,0.0769
"16201.0",6,1,0.1667
"16202.0",11,2,0.1818
"16203.0",7,1,0.1429
"16204.0",4,1,0.2500
"16205.0",7,0,0.0000
"16206.0",14,1,0.0714
"16207.0",1,0,0.0000
"16208.0",10,0,0.0000
"16209.0",9,0,0.0000
"16210.0",37,2,0.0541
"16211.0",4,1,0.2500
"16212.0",5,1,0.2000
"16213.0",1,0,0.0000
"16214.0",4,0,0.0000
"16215.0",1,0,0.0000
"16216.0",1,0,0.0000
"16217.0",4,2,0.5000
"16218.0",19,6,0.3158
"16219.0",1,0,0.0000
"16220.0",1,1,1.0000
"16221.0",10,1,0.1000
"16222.0",2,0,0.0000
"16223.0",2,0,0.0000
"16224.0",5,0,0.0000
"16225.0",18,3,0.1667
"16226.0",5,0,0.0000
"16227.0",6,3,0.5000
"16228.0",4,1,0.2500
"16229.0",7,1,0.1429
"16230.0",2,0,0.0000
"16231.0",4,0,0.0000
"16232.0",10,3,0.3000
"16233.0",12,3,0.2500
"16234.0",4,1,0.2500
"16235.0",11,2,0.1818
"16236.0",1,0,0.0000
"16237.0",1,0,0.0000
"16238.0",1,0,0.0000
"16239.0",7,1,0.1429
"16240.0",5,3,0.6000
"16241.0",16,0,0.0000
"16242.0",18,4,0.2222
"16243.0",2,0,0.0000
"16244.0",2,0,0.0000
"16245.0",5,2,0.4000
"16246.0",2,0,0.0000
"16247.0",1,0,0.0000
"16248.0",1,0,0.0000
"16249.0",5,0,0.0000
"16250.0",3,0,0.0000
"16251.0",1,0,0.0000
"16252.0",2,1,0.5000
"16253.0",9,2,0.2222
"16254.0",3,0,0.0000
"16255.0",19,4,0.2105
"16256.0",4,1,0.2500
"16257.0",1,0,0.0000
"16258.0",16,1,0.0625
"16259.0",3,0,0.0000
"16260.0",1,0,0.0000
"16261.0",6,0,0.0000
"16262.0",3,2,0.6667
"16263.0",1,0,0.0000
"16264.0",2,0,0.0000
"16265.0",15,3,0.2000
"16266.0",14,0,0.0000
"16267.0",1,0,0.0000
"16268.0",2,0,0.0000
"16269.0",2,1,0.5000
"16270.0",1,0,0.0000
"16271.0",11,1,0.0909
"16272.0",1,0,0.0000
"16273.0",2,0,0.0000
"16274.0",1,0,0.0000
"16275.0",3,0,0.0000
"16276.0",3,0,0.0000
"16277.0",1,0,0.0000
"16278.0",7,4,0.5714
"16279.0",10,1,0.1000
"16280.0",1,0,0.0000
"16281.0",4,1,0.2500
"16282.0",3,0,0.0000
"16283.0",12,4,0.3333
"16284.0",3,0,0.0000
"16285.0",1,0,0.0000
"16286.0",4,2,0.5000
"16287.0",5,0,0.0000
"16288.0",1,0,0.0000
"16289.0",2,1,0.5000
"16290.0",4,0,0.0000
"16291.0",1,0,0.0000
"16292.0",9,4,0.4444
"16293.0",19,4,0.2105
"16294.0",1,0,0.0000
"16295.0",4,0,0.0000
"16296.0",6,2,0.3333
"16297.0",4,3,0.7500
"16298.0",9,2,0.2222
"16299.0",2,1,0.5000
"16300.0",3,0,0.0000
"16301.0",1,0,0.0000
"16302.0",2,1,0.5000
"16303.0",9,2,0.2222
"16304.0",1,0,0.0000
"16305.0",1,0,0.0000
"16306.0",10,3,0.3000
"16307.0",3,0,0.0000
"16308.0",7,0,0.0000
"16309.0",3,1,0.3333
"16310.0",2,0,0.0000
"16311.0",2,0,0.0000
"16312.0",1,0,0.0000
"16313.0",2,0,0.0000
"16314.0",3,0,0.0000
"16315.0",2,0,0.0000
"16316.0",19,6,0.3158
"16317.0",6,1,0.1667
"16318.0",1,0,0.0000
"16319.0",1,0,0.0000
"16320.0",8,2,0.2500
"16321.0",10,3,0.3000
"16322.0",2,0,0.0000
"16323.0",2,0,0.0000
"16324.0",3,0,0.0000
"16325.0",17,5,0.2941
"16326.0",26,2,0.0769
"16327.0",20,4,0.2000
"16328.0",1,0,0.0000
"16329.0",4,0,0.0000
"16330.0",8,1,0.1250
"16331.0",6,0,0.0000
"16332.0",13,2,0.1538
"16333.0",22,0,0.0000
"16334.0",1,0,0.0000
"16335.0",8,1,0.1250
"16336.0",4,0,0.0000
"16337.0",1,0,0.0000
"16338.0",1,0,0.0000
"16339.0",1,0,0.0000
"16340.0",3,0,0.0000
"16341.0",10,3,0.3000
"16342.0",4,0,0.0000
"16343.0",3,0,0.0000
"16344.0",4,0,0.0000
"16345.0",2,0,0.0000
"16346.0",1,0,0.0000
"16347.0",13,2,0.1538
"16348.0",8,0,0.0000
"16349.0",1,0,0.0000
"16350.0",12,3,0.2500
"16351.0",18,5,0.2778
"16352.0",2,0,0.0000
"16353.0",41,3,0.0732
"16354.0",5,0,0.0000
"16355.0",2,1,0.5000
"16356.0",7,1,0.1429
"16357.0",4,0,0.0000
"16358.0",6,1,0.1667
"16359.0",20,4,0.2000
"16360.0",8,2,0.2500
"16361.0",4,0,0.0000
"16362.0",11,5,0.4545
"16363.0",1,0,0.0000
"16364.0",2,0,0.0000
"16365.0",16,1,0.0625
"16366.0",4,0,0.0000
"16367.0",3,0,0.0000
"16368.0",3,0,0.0000
"16369.0",7,0,0.0000
"16370.0",4,0,0.0000
"16371.0",1,0,0.0000
"16372.0",6,1,0.1667
"16373.0",2,0,0.0000
"16374.0",5,0,0.0000
"16375.0",2,0,0.0000
"16376.0",3,1,0.3333
"16377.0",2,0,0.0000
"16378.0",3,0,0.0000
"16379.0",5,1,0.2000
"16380.0",1,0,0.0000
"16381.0",2,0,0.0000
"16382.0",2,0,0.0000
"16383.0",9,2,0.2222
"16384.0",4,0,0.0000
"16385.0",5,0,0.0000
"16386.0",3,0,0.0000
"16387.0",5,0,0.0000
"16388.0",1,0,0.0000
"16389.0",5,1,0.2000
"16390.0",3,0,0.0000
"16391.0",4,0,0.0000
"16392.0",3,0,0.0000
"16393.0",30,7,0.2333
"16394.0",9,4,0.4444
"16395.0",17,3,0.1765
"16396.0",3,2,0.6667
"16397.0",1,0,0.0000
"16398.0",4,2,0.5000
"16399.0",3,0,0.0000
"16400.0",9,0,0.0000
"16401.0",39,16,0.4103
"16402.0",2,0,0.0000
"16403.0",2,1,0.5000
"16404.0",2,1,0.5000
"16405.0",2,0,0.0000
"16406.0",4,1,0.2500
"16407.0",14,0,0.0000
"16408.0",1,0,0.0000
"16409.0",12,0,0.0000
"16410.0",1,0,0.0000
"16411.0",4,0,0.0000
"16412.0",5,0,0.0000
"16413.0",2,0,0.0000
"16414.0",5,0,0.0000
"16415.0",3,0,0.0000
"16416.0",10,1,0.1000
"16417.0",1,0,0.0000
"16418.0",5,0,0.0000
"16419.0",9,1,0.1111
"16420.0",1,0,0.0000
"16421.0",3,0,0.0000
"16422.0",146,37,0.2534
"16423.0",1,0,0.0000
"16424.0",3,1,0.3333
"16425.0",1,0,0.0000
"16426.0",10,0,0.0000
"16427.0",2,0,0.0000
"16428.0",4,1,0.2500
"16429.0",1,0,0.0000
"16430.0",7,0,0.0000
"16431.0",3,0,0.0000
"16432.0",1,0,0.0000
"16433.0",2,0,0.0000
"16434.0",13,1,0.0769
"16435.0",3,0,0.0000
"16436.0",4,1,0.2500
"16437.0",2,0,0.0000
"16438.0",5,0,0.0000
"16439.0",1,0,0.0000
"16440.0",6,0,0.0000
"16441.0",6,1,0.1667
"16442.0",5,0,0.0000
"16443.0",1,0,0.0000
"16444.0",20,3,0.1500
"16445.0",4,0,0.0000
"16446.0",4,2,0.5000
"16447.0",3,0,0.0000
"16448.0",2,0,0.0000
"16449.0",3,1,0.3333
"16450.0",4,1,0.2500
"16451.0",4,1,0.2500
"16452.0",2,0,0.0000
"16453.0",2,0,0.0000
"16454.0",8,4,0.5000
"16455.0",13,2,0.1538
"16456.0",14,1,0.0714
"16457.0",1,0,0.0000
"16458.0",30,0,0.0000
"16459.0",1,0,0.0000
"16460.0",3,0,0.0000
"16461.0",3,0,0.0000
"16462.0",4,1,0.2500
"16463.0",7,3,0.4286
"16464.0",3,0,0.0000
"16465.0",3,1,0.3333
"16466.0",16,1,0.0625
"16467.0",8,1,0.1250
"16468.0",3,0,0.0000
"16469.0",5,0,0.0000
"16470.0",12,1,0.0833
"16471.0",6,2,0.3333
"16472.0",2,0,0.0000
"16473.0",5,1,0.2000
"16474.0",11,4,0.3636
"16475.0",4,0,0.0000
"16476.0",3,2,0.6667
"16477.0",11,0,0.0000
"16478.0",3,0,0.0000
"16479.0",2,0,0.0000
"16480.0",1,0,0.0000
"16481.0",3,2,0.6667
"16482.0",1,0,0.0000
"16483.0",1,0,0.0000
"16484.0",3,1,0.3333
"16485.0",7,2,0.2857
"16486.0",1,0,0.0000
"16487.0",2,0,0.0000
"16488.0",4,1,0.2500
"16489.0",2,0,0.0000
"16490.0",2,1,0.5000
"16491.0",3,1,0.3333
"16492.0",1,0,0.0000
"16493.0",9,2,0.2222
"16494.0",1,0,0.0000
"16495.0",3,0,0.0000
"16496.0",7,1,0.1429
"16497.0",23,0,0.0000
"16498.0",3,1,0.3333
"16499.0",13,5,0.3846
"16500.0",10,1,0.1000
"16501.0",1,0,0.0000
"16502.0",2,0,0.0000
"16503.0",13,2,0.1538
"16504.0",1,0,0.0000
"16505.0",1,0,0.0000
"16506.0",2,0,0.0000
"16507.0",1,0,0.0000
"16508.0",1,0,0.0000
"16509.0",1,0,0.0000
"16510.0",6,0,0.0000
"16511.0",6,0,0.0000
"16512.0",1,1,1.0000
"16513.0",4,0,0.0000
"16514.0",1,1,1.0000
"16515.0",10,0,0.0000
"16516.0",1,0,0.0000
"16517.0",1,0,0.0000
"16518.0",6,2,0.3333
"16519.0",4,0,0.0000
"16520.0",8,2,0.2500
"16521.0",3,0,0.0000
"16522.0",2,0,0.0000
"16523.0",39,11,0.2821
"16524.0",2,0,0.0000
"16525.0",54,6,0.1111
"16526.0",2,0,0.0000
"16527.0",2,0,0.0000
"16528.0",1,0,0.0000
"16529.0",4,0,0.0000
"16530.0",1,0,0.0000
"16531.0",12,1,0.0833
"16532.0",5,0,0.0000
"16533.0",5,2,0.4000
"16534.0",1,0,0.0000
"16535.0",3,0,0.0000
"16536.0",2,1,0.5000
"16537.0",1,0,0.0000
"16538.0",3,0,0.0000
"16539.0",10,0,0.0000
"16540.0",1,0,0.0000
"16541.0",2,1,0.5000
"16542.0",2,0,0.0000
"16543.0",2,1,0.5000
"16544.0",6,2,0.3333
"16545.0",2,0,0.0000
"16546.0",7,2,0.2857
"16547.0",1,0,0.0000
"16548.0",1,0,0.0000
"16549.0",37,3,0.0811
"16550.0",29,11,0.3793
"16551.0",7,0,0.0000
"16552.0",2,0,0.0000
"16553.0",36,3,0.0833
"16554.0",18,10,0.5556
"16555.0",10,4,0.4000
"16556.0",24,7,0.2917
"16557.0",2,0,0.0000
"16558.0",47,9,0.1915
"16559.0",1,0,0.0000
"16560.0",10,2,0.2000
"16561.0",2,0,0.0000
"16562.0",1,0,0.0000
"16563.0",7,1,0.1429
"16564.0",1,0,0.0000
"16565.0",5,1,0.2000
"16566.0",6,1,0.1667
"16567.0",2,0,0.0000
"16568.0",2,0,0.0000
"16569.0",5,0,0.0000
"16570.0",31,11,0.3548
"16571.0",17,7,0.4118
"16572.0",4,1,0.2500
"16573.0",4,2,0.5000
"16574.0",3,0,0.0000
"16575.0",1,1,1.0000
"16576.0",5,3,0.6000
"16577.0",1,0,0.0000
"16578.0",1,0,0.0000
"16579.0",2,1,0.5000
"16580.0",1,1,1.0000
"16581.0",2,1,0.5000
"16582.0",1,0,0.0000
"16583.0",2,0,0.0000
"16584.0",7,2,0.2857
"16585.0",2,0,0.0000
"16586.0",3,0,0.0000
"16587.0",1,0,0.0000
"16588.0",4,0,0.0000
"16589.0",4,0,0.0000
"16590.0",3,1,0.3333
"16591.0",1,0,0.0000
"16592.0",34,6,0.1765
"16593.0",9,1,0.1111
"16594.0",1,0,0.0000
"16595.0",5,0,0.0000
"16596.0",4,0,0.0000
"16597.0",1,0,0.0000
"16598.0",2,1,0.5000
"16599.0",1,0,0.0000
"16600.0",16,3,0.1875
"16601.0",3,0,0.0000
"16602.0",5,3,0.6000
"16603.0",2,0,0.0000
"16604.0",3,1,0.3333
"16605.0",1,0,0.0000
"16606.0",2,0,0.0000
"16607.0",29,4,0.1379
"16608.0",2,0,0.0000
"16609.0",9,2,0.2222
"16610.0",1,0,0.0000
"16611.0",7,1,0.1429
"16612.0",10,1,0.1000
"16613.0",1,0,0.0000
"16614.0",3,0,0.0000
"16615.0",2,1,0.5000
"16616.0",2,0,0.0000
"16617.0",1,0,0.0000
"16618.0",6,1,0.1667
"16619.0",5,1,0.2000
"16620.0",6,0,0.0000
"16621.0",4,0,0.0000
"16622.0",2,1,0.5000
"16623.0",5,1,0.2000
"16624.0",2,0,0.0000
"16625.0",6,1,0.1667
"16626.0",20,3,0.1500
"16627.0",1,0,0.0000
"16628.0",8,1,0.1250
"16629.0",2,0,0.0000
"16630.0",2,1,0.5000
"16631.0",8,1,0.1250
"16632.0",2,0,0.0000
"16633.0",7,1,0.1429
"16634.0",10,4,0.4000
"16635.0",1,0,0.0000
"16636.0",4,0,0.0000
"16637.0",5,1,0.2000
"16638.0",16,1,0.0625
"16639.0",5,1,0.2000
"16640.0",1,0,0.0000
"16641.0",2,0,0.0000
"16642.0",5,2,0.4000
"16643.0",3,1,0.3333
"16644.0",2,0,0.0000
"16645.0",1,0,0.0000
"16646.0",2,1,0.5000
"16647.0",4,0,0.0000
"16648.0",4,1,0.2500
"16649.0",1,0,0.0000
"16650.0",7,0,0.0000
"16651.0",1,0,0.0000
"16652.0",24,8,0.3333
"16653.0",3,1,0.3333
"16654.0",9,1,0.1111
"16655.0",14,1,0.0714
"16656.0",44,14,0.3182
"16657.0",4,0,0.0000
"16658.0",9,3,0.3333
"16659.0",1,0,0.0000
"16660.0",8,1,0.1250
"16661.0",5,1,0.2000
"16662.0",1,0,0.0000
"16663.0",1,0,0.0000
"16664.0",1,0,0.0000
"16665.0",1,0,0.0000
"16666.0",2,0,0.0000
"16667.0",2,0,0.0000
"16668.0",13,0,0.0000
"16669.0",5,2,0.4000
"16670.0",33,13,0.3939
"16671.0",3,0,0.0000
"16672.0",23,3,0.1304
"16673.0",1,0,0.0000
"16674.0",2,0,0.0000
"16675.0",2,0,0.0000
"16676.0",7,1,0.1429
"16677.0",3,1,0.3333
"16678.0",17,5,0.2941
"16679.0",3,0,0.0000
"16680.0",3,0,0.0000
"16681.0",7,0,0.0000
"16682.0",5,0,0.0000
"16683.0",2,1,0.5000
"16684.0",65,10,0.1538
"16685.0",2,0,0.0000
"16686.0",18,2,0.1111
"16687.0",1,0,0.0000
"16688.0",4,0,0.0000
"16689.0",3,1,0.3333
"16690.0",5,1,0.2000
"16691.0",2,0,0.0000
"16692.0",4,0,0.0000
"16693.0",5,0,0.0000
"16694.0",1,0,0.0000
"16695.0",2,0,0.0000
"16696.0",4,0,0.0000
"16697.0",1,0,0.0000
"16698.0",2,0,0.0000
"16699.0",8,1,0.1250
"16700.0",31,6,0.1935
"16701.0",34,8,0.2353
"16702.0",5,1,0.2000
"16703.0",1,1,1.0000
"16704.0",2,0,0.0000
"16705.0",61,19,0.3115
"16706.0",3,0,0.0000
"16707.0",4,0,0.0000
"16708.0",1,0,0.0000
"16709.0",14,0,0.0000
"16710.0",23,1,0.0435
"16711.0",10,1,0.1000
"16712.0",13,0,0.0000
"16713.0",41,9,0.2195
"16714.0",7,3,0.4286
"16715.0",2,0,0.0000
"16716.0",4,1,0.2500
"16717.0",20,6,0.3000
"16718.0",5,0,0.0000
"16719.0",17,3,0.1765
"16720.0",4,1,0.2500
"16721.0",1,0,0.0000
"16722.0",26,4,0.1538
"16723.0",4,0,0.0000
"16724.0",1,0,0.0000
"16725.0",16,2,0.1250
"16726.0",7,0,0.0000
"16727.0",4,0,0.0000
"16728.0",4,0,0.0000
"16729.0",26,5,0.1923
"16730.0",4,1,0.2500
"16731.0",1,0,0.0000
"16732.0",9,5,0.5556
"16733.0",1,0,0.0000
"16734.0",3,0,0.0000
"16735.0",22,8,0.3636
"16736.0",8,3,0.3750
"16737.0",2,0,0.0000
"16738.0",1,0,0.0000
"16739.0",4,2,0.5000
"16740.0",1,0,0.0000
"16741.0",1,0,0.0000
"16742.0",15,1,0.0667
"16743.0",15,1,0.0667
"16744.0",7,0,0.0000
"16745.0",18,1,0.0556
"16746.0",46,4,0.0870
"16747.0",4,2,0.5000
"16748.0",15,1,0.0667
"16749.0",2,0,0.0000
"16750.0",5,0,0.0000
"16751.0",1,0,0.0000
"16752.0",1,0,0.0000
"16753.0",1,0,0.0000
"16754.0",35,6,0.1714
"16755.0",10,3,0.3000
"16756.0",9,2,0.2222
"16757.0",2,0,0.0000
"16758.0",1,0,0.0000
"16759.0",4,1,0.2500
"16760.0",1,0,0.0000
"16761.0",1,0,0.0000
"16762.0",3,0,0.0000
"16763.0",3,1,0.3333
"16764.0",18,5,0.2778
"16765.0",2,0,0.0000
"16766.0",2,0,0.0000
"16767.0",16,1,0.0625
"16768.0",14,5,0.3571
"16769.0",4,0,0.0000
"16770.0",11,2,0.1818
"16771.0",10,0,0.0000
"16772.0",5,2,0.4000
"16773.0",3,0,0.0000
"16774.0",9,1,0.1111
"16775.0",17,1,0.0588
"16776.0",2,0,0.0000
"16777.0",6,1,0.1667
"16778.0",2,0,0.0000
"16779.0",62,9,0.1452
"16780.0",3,0,0.0000
"16781.0",3,1,0.3333
"16782.0",50,12,0.2400
"16783.0",1,0,0.0000
"16784.0",5,0,0.0000
"16785.0",1,0,0.0000
"16786.0",1,0,0.0000
"16787.0",4,0,0.0000
"16788.0",5,0,0.0000
"16789.0",1,0,0.0000
"16790.0",8,2,0.2500
"16791.0",18,3,0.1667
"16792.0",5,0,0.0000
"16793.0",1,0,0.0000
"16794.0",17,2,0.1176
"16795.0",5,2,0.4000
"16796.0",1,0,0.0000
"16797.0",9,4,0.4444
"16798.0",4,1,0.2500
"16799.0",3,1,0.3333
"16800.0",1,0,0.0000
"16801.0",5,1,0.2000
"16802.0",2,0,0.0000
"16803.0",1,0,0.0000
"16804.0",3,0,0.0000
"16805.0",5,0,0.0000
"16806.0",4,0,0.0000
"16807.0",8,2,0.2500
"16808.0",2,0,0.0000
"16809.0",10,1,0.1000
"16810.0",4,2,0.5000
"16811.0",2,0,0.0000
"16812.0",5,1,0.2000
"16813.0",10,0,0.0000
"16814.0",37,1,0.0270
"16815.0",2,0,0.0000
"16816.0",4,0,0.0000
"16817.0",18,5,0.2778
"16818.0",13,2,0.1538
"16819.0",2,0,0.0000
"16820.0",1,0,0.0000
"16821.0",1,0,0.0000
"16822.0",3,2,0.6667
"16823.0",8,1,0.1250
"16824.0",3,0,0.0000
"16825.0",5,0,0.0000
"16826.0",1,0,0.0000
"16827.0",5,0,0.0000
"16828.0",2,0,0.0000
"16829.0",2,0,0.0000
"16830.0",5,1,0.2000
"16831.0",1,0,0.0000
"16832.0",5,0,0.0000
"16833.0",6,0,0.0000
"16834.0",2,0,0.0000
"16835.0",10,4,0.4000
"16836.0",4,0,0.0000
"16837.0",12,1,0.0833
"16838.0",6,2,0.3333
"16839.0",51,7,0.1373
"16840.0",3,1,0.3333
"16841.0",14,2,0.1429
"16842.0",4,1,0.2500
"16843.0",38,3,0.0789
"16844.0",2,0,0.0000
"16845.0",1,0,0.0000
"16846.0",3,0,0.0000
"16847.0",2,0,0.0000
"16848.0",4,0,0.0000
"16849.0",1,0,0.0000
"16850.0",1,0,0.0000
"16851.0",3,0,0.0000
"16852.0",2,0,0.0000
"16853.0",1,1,1.0000
"16854.0",2,0,0.0000
"16855.0",2,0,0.0000
"16856.0",3,0,0.0000
"16857.0",1,0,0.0000
"16858.0",16,6,0.3750
"16859.0",10,3,0.3000
"16860.0",4,1,0.2500
"16861.0",6,1,0.1667
"16862.0",4,0,0.0000
"16863.0",5,2,0.4000
"16864.0",2,0,0.0000
"16865.0",1,0,0.0000
"16866.0",3,0,0.0000
"16867.0",1,0,0.0000
"16868.0",3,0,0.0000
"16869.0",5,1,0.2000
"16870.0",1,0,0.0000
"16871.0",7,1,0.1429
"16872.0",6,0,0.0000
"16873.0",17,5,0.2941
"16874.0",1,0,0.0000
"16875.0",20,9,0.4500
"16876.0",1,0,0.0000
"16877.0",6,0,0.0000
"16878.0",2,1,0.5000
"16879.0",2,2,1.0000
"16880.0",8,0,0.0000
"16881.0",1,0,0.0000
"16882.0",3,0,0.0000
"16883.0",20,1,0.0500
"16884.0",4,0,0.0000
"16885.0",4,0,0.0000
"16886.0",2,1,0.5000
"16887.0",3,0,0.0000
"16888.0",3,0,0.0000
"16889.0",6,0,0.0000
"16890.0",3,0,0.0000
"16891.0",11,0,0.0000
"16892.0",9,2,0.2222
"16893.0",2,0,0.0000
"16894.0",5,2,0.4000
"16895.0",5,0,0.0000
"16896.0",1,0,0.0000
"16897.0",3,1,0.3333
"16898.0",6,1,0.1667
"16899.0",8,0,0.0000
"16900.0",5,2,0.4000
"16901.0",1,0,0.0000
"16902.0",1,0,0.0000
"16903.0",4,1,0.2500
"16904.0",21,0,0.0000
"16905.0",20,3,0.1500
"16906.0",7,0,0.0000
"16907.0",9,0,0.0000
"16908.0",2,1,0.5000
"16909.0",2,1,0.5000
"16910.0",8,0,0.0000
"16911.0",3,1,0.3333
"16912.0",18,3,0.1667
"16913.0",3,0,0.0000
"16914.0",1,0,0.0000
"16915.0",11,0,0.0000
"16916.0",4,0,0.0000
"16917.0",3,1,0.3333
"16918.0",19,3,0.1579
"16919.0",28,4,0.1429
"16920.0",1,0,0.0000
"16921.0",3,0,0.0000
"16922.0",1,0,0.0000
"16923.0",41,9,0.2195
"16924.0",4,1,0.2500
"16925.0",1,0,0.0000
"16926.0",6,1,0.1667
"16927.0",3,0,0.0000
"16928.0",33,4,0.1212
"16929.0",7,0,0.0000
"16930.0",3,0,0.0000
"16931.0",23,0,0.0000
"16932.0",3,0,0.0000
"16933.0",16,7,0.4375
"16934.0",7,1,0.1429
"16935.0",3,0,0.0000
"16936.0",2,0,0.0000
"16937.0",1,0,0.0000
"16938.0",10,1,0.1000
"16939.0",3,0,0.0000
"16940.0",11,3,0.2727
"16941.0",1,0,0.0000
"16942.0",10,1,0.1000
"16943.0",7,2,0.2857
"16944.0",1,0,0.0000
"16945.0",35,2,0.0571
"16946.0",6,1,0.1667
"16947.0",10,5,0.5000
"16948.0",7,0,0.0000
"16949.0",7,1,0.1429
"16950.0",12,2,0.1667
"16951.0",4,1,0.2500
"16952.0",5,0,0.0000
"16953.0",1,0,0.0000
"16954.0",21,1,0.0476
"16955.0",9,3,0.3333
"16956.0",2,1,0.5000
"16957.0",2,0,0.0000
"16958.0",1,0,0.0000
"16959.0",1,0,0.0000
"16960.0",9,1,0.1111
"16961.0",6,3,0.5000
"16962.0",1,0,0.0000
"16963.0",1,0,0.0000
"16964.0",2,0,0.0000
"16965.0",1,0,0.0000
"16966.0",10,3,0.3000
"16967.0",1,0,0.0000
"16968.0",2,0,0.0000
"16969.0",3,0,0.0000
"16970.0",1,0,0.0000
"16971.0",2,1,0.5000
"16972.0",2,0,0.0000
"16973.0",1,0,0.0000
"16974.0",2,0,0.0000
"16975.0",5,2,0.4000
"16976.0",1,0,0.0000
"16977.0",4,0,0.0000
"16978.0",3,0,0.0000
"16979.0",12,3,0.2500
"16980.0",3,0,0.0000
"16981.0",1,1,1.0000
"16982.0",1,0,0.0000
"16983.0",12,1,0.0833
"16984.0",19,10,0.5263
"16985.0",26,3,0.1154
"16986.0",11,0,0.0000
"16987.0",12,1,0.0833
"16988.0",2,0,0.0000
"16989.0",6,0,0.0000
"16990.0",2,0,0.0000
"16991.0",1,0,0.0000
"16992.0",15,2,0.1333
"16993.0",3,1,0.3333
"16994.0",1,1,1.0000
"16995.0",1,1,1.0000
"16996.0",13,4,0.3077
"16997.0",3,0,0.0000
"16998.0",7,2,0.2857
"16999.0",2,0,0.0000
"17000.0",2,0,0.0000
"17001.0",19,0,0.0000
"17002.0",8,1,0.1250
"17003.0",4,0,0.0000
"17004.0",4,0,0.0000
"17005.0",3,1,0.3333
"17006.0",8,0,0.0000
"17007.0",8,1,0.1250
"17008.0",1,0,0.0000
"17009.0",1,0,0.0000
"17010.0",2,1,0.5000
"17011.0",4,1,0.2500
"17012.0",1,0,0.0000
"17013.0",2,2,1.0000
"17014.0",4,1,0.2500
"17015.0",3,0,0.0000
"17016.0",1,0,0.0000
"17017.0",41,12,0.2927
"17018.0",6,0,0.0000
"17019.0",13,2,0.1538
"17020.0",2,0,0.0000
"17021.0",6,0,0.0000
"17022.0",2,0,0.0000
"17023.0",3,0,0.0000
"17024.0",3,0,0.0000
"17025.0",5,0,0.0000
"17026.0",3,0,0.0000
"17027.0",10,1,0.1000
"17028.0",3,0,0.0000
"17029.0",7,0,0.0000
"17030.0",1,0,0.0000
"17031.0",6,0,0.0000
"17032.0",13,5,0.3846
"17033.0",4,0,0.0000
"17034.0",7,2,0.2857
"17035.0",5,1,0.2000
"17036.0",1,0,0.0000
"17037.0",2,1,0.5000
"17038.0",2,0,0.0000
"17039.0",1,0,0.0000
"17040.0",2,0,0.0000
"17041.0",7,1,0.1429
"17042.0",5,0,0.0000
"17043.0",8,0,0.0000
"17044.0",16,4,0.2500
"17045.0",5,0,0.0000
"17046.0",5,0,0.0000
"17047.0",6,0,0.0000
"17048.0",11,4,0.3636
"17049.0",25,6,0.2400
"17050.0",12,1,0.0833
"17051.0",4,0,0.0000
"17052.0",1,0,0.0000
"17053.0",2,1,0.5000
"17054.0",6,1,0.1667
"17055.0",1,0,0.0000
"17056.0",1,0,0.0000
"17057.0",1,0,0.0000
"17058.0",3,0,0.0000
"17059.0",10,1,0.1000
"17060.0",1,0,0.0000
"17061.0",12,1,0.0833
"17062.0",7,1,0.1429
"17063.0",23,10,0.4348
"17064.0",3,0,0.0000
"17065.0",3,1,0.3333
"17066.0",1,0,0.0000
"17067.0",3,0,0.0000
"17068.0",49,2,0.0408
"17069.0",21,7,0.3333
"17070.0",2,0,0.0000
"17071.0",20,7,0.3500
"17072.0",1,0,0.0000
"17073.0",4,0,0.0000
"17074.0",1,0,0.0000
"17075.0",11,1,0.0909
"17076.0",6,0,0.0000
"17077.0",1,0,0.0000
"17078.0",2,0,0.0000
"17079.0",1,0,0.0000
"17080.0",8,1,0.1250
"17081.0",6,0,0.0000
"17082.0",6,0,0.0000
"17083.0",11,2,0.1818
"17084.0",4,1,0.2500
"17085.0",32,4,0.1250
"17086.0",6,0,0.0000
"17087.0",1,0,0.0000
"17088.0",4,0,0.0000
"17089.0",1,0,0.0000
"17090.0",15,2,0.1333
"17091.0",23,4,0.1739
"17092.0",14,3,0.2143
"17093.0",1,0,0.0000
"17094.0",3,1,0.3333
"17095.0",12,5,0.4167
"17096.0",17,6,0.3529
"17097.0",10,1,0.1000
"17098.0",3,0,0.0000
"17099.0",1,0,0.0000
"17100.0",2,0,0.0000
"17101.0",7,0,0.0000
"17102.0",1,0,0.0000
"17103.0",1,0,0.0000
"17104.0",1,0,0.0000
"17105.0",2,0,0.0000
"17106.0",1,0,0.0000
"17107.0",13,3,0.2308
"17108.0",1,0,0.0000
"17109.0",10,2,0.2000
"17110.0",3,0,0.0000
"17111.0",2,0,0.0000
"17112.0",1,0,0.0000
"17113.0",8,2,0.2500
"17114.0",10,2,0.2000
"17115.0",13,6,0.4615
"17116.0",1,0,0.0000
"17117.0",1,0,0.0000
"17118.0",1,0,0.0000
"17119.0",3,1,0.3333
"17120.0",1,0,0.0000
"17121.0",1,0,0.0000
"17122.0",4,0,0.0000
"17123.0",3,0,0.0000
"17124.0",1,0,0.0000
"17125.0",1,0,0.0000
"17126.0",11,2,0.1818
"17127.0",5,0,0.0000
"17128.0",1,0,0.0000
"17129.0",1,0,0.0000
"17130.0",1,1,1.0000
"17131.0",5,0,0.0000
"17132.0",2,0,0.0000
"17133.0",13,1,0.0769
"17134.0",3,0,0.0000
"17135.0",11,1,0.0909
"17136.0",1,0,0.0000
"17137.0",6,0,0.0000
"17138.0",7,0,0.0000
"17139.0",29,4,0.1379
"17140.0",1,0,0.0000
"17141.0",4,0,0.0000
"17142.0",4,0,0.0000
"17143.0",2,0,0.0000
"17144.0",2,0,0.0000
"17145.0",7,3,0.4286
"17146.0",16,3,0.1875
"17147.0",16,7,0.4375
"17148.0",1,0,0.0000
"17149.0",1,0,0.0000
"17150.0",6,0,0.0000
"17151.0",1,0,0.0000
"17152.0",5,1,0.2000
"17153.0",1,0,0.0000
"17154.0",1,0,0.0000
"17155.0",7,0,0.0000
"17156.0",2,1,0.5000
"17157.0",20,1,0.0500
"17158.0",6,1,0.1667
"17159.0",6,1,0.1667
"17160.0",18,1,0.0556
"17161.0",1,0,0.0000
"17162.0",11,1,0.0909
"17163.0",4,0,0.0000
"17164.0",8,1,0.1250
"17165.0",8,2,0.2500
"17166.0",3,1,0.3333
"17167.0",3,0,0.0000
"17168.0",1,0,0.0000
"17169.0",6,3,0.5000
"17170.0",3,1,0.3333
"17171.0",2,0,0.0000
"17172.0",6,3,0.5000
"17173.0",9,1,0.1111
"17174.0",1,0,0.0000
"17175.0",5,1,0.2000
"17176.0",3,0,0.0000
"17177.0",1,0,0.0000
"17178.0",1,0,0.0000
"17179.0",6,0,0.0000
"17180.0",14,3,0.2143
"17181.0",3,0,0.0000
"17182.0",2,0,0.0000
"17183.0",8,2,0.2500
"17184.0",2,0,0.0000
"17185.0",3,0,0.0000
"17186.0",2,0,0.0000
"17187.0",2,0,0.0000
"17188.0",17,4,0.2353
"17189.0",5,0,0.0000
"17190.0",8,1,0.1250
"17191.0",16,1,0.0625
"17192.0",1,0,0.0000
"17193.0",12,3,0.2500
"17194.0",3,0,0.0000
"17195.0",1,0,0.0000
"17196.0",1,0,0.0000
"17197.0",1,0,0.0000
"17198.0",3,0,0.0000
"17199.0",1,0,0.0000
"17200.0",4,0,0.0000
"17201.0",5,1,0.2000
"17202.0",1,0,0.0000
"17203.0",10,0,0.0000
"17204.0",15,6,0.4000
"17205.0",3,0,0.0000
"17206.0",1,0,0.0000
"17207.0",1,0,0.0000
"17208.0",1,0,0.0000
"17209.0",3,0,0.0000
"17210.0",1,0,0.0000
"17211.0",15,2,0.1333
"17212.0",3,0,0.0000
"17213.0",20,7,0.3500
"17214.0",7,1,0.1429
"17215.0",1,0,0.0000
"17216.0",1,0,0.0000
"17217.0",2,0,0.0000
"17218.0",18,0,0.0000
"17219.0",2,0,0.0000
"17220.0",21,0,0.0000
"17221.0",5,0,0.0000
"17222.0",6,0,0.0000
"17223.0",3,0,0.0000
"17224.0",1,0,0.0000
"17225.0",1,0,0.0000
"17226.0",3,0,0.0000
"17227.0",12,0,0.0000
"17228.0",13,0,0.0000
"17229.0",2,0,0.0000
"17230.0",23,5,0.2174
"17231.0",35,10,0.2857
"17232.0",2,0,0.0000
"17233.0",3,0,0.0000
"17234.0",1,0,0.0000
"17235.0",8,0,0.0000
"17236.0",12,0,0.0000
"17237.0",4,0,0.0000
"17238.0",32,0,0.0000
"17239.0",6,2,0.3333
"17240.0",1,0,0.0000
"17241.0",12,0,0.0000
"17242.0",5,0,0.0000
"17243.0",80,11,0.1375
"17244.0",5,0,0.0000
"17245.0",2,0,0.0000
"17246.0",2,0,0.0000
"17247.0",1,0,0.0000
"17248.0",2,0,0.0000
"17249.0",1,0,0.0000
"17250.0",2,0,0.0000
"17251.0",4,1,0.2500
"17252.0",2,0,0.0000
"17253.0",1,0,0.0000
"17254.0",3,0,0.0000
"17255.0",4,0,0.0000
"17256.0",5,0,0.0000
"17257.0",2,0,0.0000
"17258.0",2,0,0.0000
"17259.0",6,0,0.0000
"17260.0",1,0,0.0000
"17261.0",1,0,0.0000
"17262.0",11,0,0.0000
"17263.0",1,0,0.0000
"17264.0",1,0,0.0000
"17265.0",2,0,0.0000
"17266.0",5,0,0.0000
"17267.0",2,0,0.0000
"17268.0",11,0,0.0000
"17269.0",1,0,0.0000
"17270.0",2,0,0.0000
"17271.0",1,0,0.0000
"17272.0",5,1,0.2000
"17273.0",1,0,0.0000
"17274.0",2,0,0.0000
"17275.0",1,0,0.0000
"17276.0",2,1,0.5000
"17277.0",2,0,0.0000
"17278.0",2,0,0.0000
"17279.0",1,0,0.0000
"17280.0",1,0,0.0000
"17281.0",6,0,0.0000
"17282.0",5,0,0.0000
"17283.0",1,0,0.0000
"17284.0",11,3,0.2727
"17285.0",2,0,0.0000
"17286.0",3,0,0.0000
"17287.0",23,2,0.0870
"17288.0",11,0,0.0000
"17289.0",11,2,0.1818
"17290.0",8,0,0.0000
"17291.0",1,0,0.0000
"17292.0",2,0,0.0000
"17293.0",17,0,0.0000
"17294.0",2,0,0.0000
"17295.0",3,0,0.0000
"17296.0",1,0,0.0000
"17297.0",1,0,0.0000
"17298.0",6,1,0.1667
"17299.0",6,0,0.0000
"17300.0",2,0,0.0000
"17301.0",2,0,0.0000
"17302.0",6,1,0.1667
"17303.0",1,0,0.0000
"17304.0",1,0,0.0000
"17305.0",1,0,0.0000
"17306.0",23,2,0.0870
"17307.0",15,4,0.2667
"17308.0",2,0,0.0000
"17309.0",3,0,0.0000
"17310.0",2,0,0.0000
"17311.0",7,1,0.1429
"17312.0",3,0,0.0000
"17313.0",2,1,0.5000
"17314.0",22,5,0.2273
"17315.0",49,6,0.1224
"17316.0",1,0,0.0000
"17317.0",5,2,0.4000
"17318.0",1,0,0.0000
"17319.0",1,0,0.0000
"17320.0",6,0,0.0000
"17321.0",6,0,0.0000
"17322.0",7,2,0.2857
"17323.0",14,2,0.1429
"17324.0",13,1,0.0769
"17325.0",3,0,0.0000
"17326.0",2,0,0.0000
"17327.0",2,0,0.0000
"17328.0",1,0,0.0000
"17329.0",5,0,0.0000
"17330.0",4,0,0.0000
"17331.0",1,0,0.0000
"17332.0",5,0,0.0000
"17333.0",1,0,0.0000
"17334.0",4,1,0.2500
"17335.0",2,0,0.0000
"17336.0",1,0,0.0000
"17337.0",7,3,0.4286
"17338.0",20,3,0.1500
"17339.0",4,1,0.2500
"17340.0",30,12,0.4000
"17341.0",5,0,0.0000
"17342.0",7,3,0.4286
"17343.0",6,0,0.0000
"17344.0",3,1,0.3333
"17345.0",12,2,0.1667
"17346.0",27,1,0.0370
"17347.0",1,0,0.0000
"17348.0",9,0,0.0000
"17349.0",5,0,0.0000
"17350.0",8,1,0.1250
"17351.0",12,0,0.0000
"17352.0",1,0,0.0000
"17353.0",7,3,0.4286
"17354.0",4,0,0.0000
"17355.0",1,0,0.0000
"17356.0",5,0,0.0000
"17357.0",2,0,0.0000
"17358.0",5,0,0.0000
"17359.0",2,0,0.0000
"17360.0",7,1,0.1429
"17361.0",5,0,0.0000
"17362.0",8,1,0.1250
"17363.0",3,0,0.0000
"17364.0",31,3,0.0968
"17365.0",16,1,0.0625
"17366.0",3,1,0.3333
"17367.0",1,0,0.0000
"17368.0",16,2,0.1250
"17369.0",1,0,0.0000
"17370.0",4,0,0.0000
"17371.0",6,0,0.0000
"17372.0",31,3,0.0968
"17373.0",7,0,0.0000
"17374.0",4,1,0.2500
"17375.0",5,1,0.2000
"17376.0",4,0,0.0000
"17377.0",91,13,0.1429
"17378.0",2,1,0.5000
"17379.0",1,0,0.0000
"17380.0",4,1,0.2500
"17381.0",39,1,0.0256
"17382.0",8,0,0.0000
"17383.0",2,0,0.0000
"17384.0",3,0,0.0000
"17385.0",1,0,0.0000
"17386.0",7,0,0.0000
"17387.0",2,0,0.0000
"17388.0",11,0,0.0000
"17389.0",77,16,0.2078
"17390.0",1,0,0.0000
"17391.0",2,0,0.0000
"17392.0",3,0,0.0000
"17393.0",2,0,0.0000
"17394.0",1,0,0.0000
"17395.0",1,0,0.0000
"17396.0",16,2,0.1250
"17397.0",3,0,0.0000
"17398.0",3,0,0.0000
"17399.0",1,1,1.0000
"17400.0",8,0,0.0000
"17401.0",1,0,0.0000
"17402.0",26,3,0.1154
"17403.0",2,0,0.0000
"17404.0",28,5,0.1786
"17405.0",5,2,0.4000
"17406.0",18,5,0.2778
"17407.0",1,0,0.0000
"17408.0",4,1,0.2500
"17409.0",10,0,0.0000
"17410.0",5,0,0.0000
"17411.0",9,4,0.4444
"17412.0",19,3,0.1579
"17413.0",2,0,0.0000
"17414.0",6,0,0.0000
"17415.0",1,0,0.0000
"17416.0",25,3,0.1200
"17417.0",1,0,0.0000
"17418.0",3,0,0.0000
"17419.0",20,2,0.1000
"17420.0",8,2,0.2500
"17421.0",3,0,0.0000
"17422.0",20,9,0.4500
"17423.0",5,2,0.4000
"17424.0",1,1,1.0000
"17425.0",2,0,0.0000
"17426.0",17,4,0.2353
"17427.0",1,0,0.0000
"17428.0",51,6,0.1176
"17429.0",7,2,0.2857
"17430.0",4,0,0.0000
"17431.0",1,0,0.0000
"17432.0",9,0,0.0000
"17433.0",2,0,0.0000
"17434.0",9,2,0.2222
"17435.0",1,0,0.0000
"17436.0",7,2,0.2857
"17437.0",1,0,0.0000
"17438.0",6,1,0.1667
"17439.0",1,0,0.0000
"17440.0",6,2,0.3333
"17441.0",1,0,0.0000
"17442.0",23,8,0.3478
"17443.0",1,0,0.0000
"17444.0",3,0,0.0000
"17445.0",1,1,1.0000
"17446.0",2,0,0.0000
"17447.0",2,0,0.0000
"17448.0",54,8,0.1481
"17449.0",14,1,0.0714
"17450.0",61,10,0.1639
"17451.0",10,3,0.3000
"17452.0",1,1,1.0000
"17453.0",2,0,0.0000
"17454.0",11,1,0.0909
"17455.0",1,0,0.0000
"17456.0",2,0,0.0000
"17457.0",18,4,0.2222
"17458.0",2,0,0.0000
"17459.0",2,0,0.0000
"17460.0",21,5,0.2381
"17461.0",3,0,0.0000
"17462.0",3,1,0.3333
"17463.0",9,2,0.2222
"17464.0",4,1,0.2500
"17465.0",9,2,0.2222
"17466.0",2,0,0.0000
"17467.0",1,0,0.0000
"17468.0",3,0,0.0000
"17469.0",22,5,0.2273
"17470.0",11,0,0.0000
"17471.0",1,0,0.0000
"17472.0",4,0,0.0000
"17473.0",3,1,0.3333
"17474.0",1,0,0.0000
"17475.0",1,0,0.0000
"17476.0",4,2,0.5000
"17477.0",5,3,0.6000
"17478.0",2,0,0.0000
"17479.0",1,0,0.0000
"17480.0",3,1,0.3333
"17481.0",5,1,0.2000
"17482.0",2,0,0.0000
"17483.0",4,0,0.0000
"17484.0",2,0,0.0000
"17485.0",1,1,1.0000
"17486.0",1,0,0.0000
"17487.0",1,0,0.0000
"17488.0",1,0,0.0000
"17489.0",2,0,0.0000
"17490.0",13,4,0.3077
"17491.0",18,1,0.0556
"17492.0",3,0,0.0000
"17493.0",1,0,0.0000
"17494.0",1,0,0.0000
"17495.0",4,1,0.2500
"17496.0",5,1,0.2000
"17497.0",2,0,0.0000
"17498.0",1,0,0.0000
"17499.0",3,1,0.3333
"17500.0",3,0,0.0000
"17501.0",2,0,0.0000
"17502.0",4,0,0.0000
"17503.0",2,0,0.0000
"17504.0",19,1,0.0526
"17505.0",5,0,0.0000
"17506.0",2,1,0.5000
"17507.0",2,0,0.0000
"17508.0",9,1,0.1111
"17509.0",11,3,0.2727
"17510.0",2,0,0.0000
"17511.0",85,25,0.2941
"17512.0",20,2,0.1000
"17513.0",3,0,0.0000
"17514.0",2,0,0.0000
"17515.0",9,0,0.0000
"17516.0",6,0,0.0000
"17517.0",1,0,0.0000
"17518.0",2,0,0.0000
"17519.0",17,2,0.1176
"17520.0",1,0,0.0000
"17521.0",6,1,0.1667
"17522.0",5,0,0.0000
"17523.0",4,0,0.0000
"17524.0",4,1,0.2500
"17525.0",3,0,0.0000
"17526.0",16,4,0.2500
"17527.0",6,2,0.3333
"17528.0",11,3,0.2727
"17529.0",2,0,0.0000
"17530.0",13,1,0.0769
"17531.0",9,6,0.6667
"17532.0",1,0,0.0000
"17533.0",1,0,0.0000
"17534.0",5,0,0.0000
"17535.0",1,0,0.0000
"17536.0",3,0,0.0000
"17537.0",2,0,0.0000
"17538.0",1,0,0.0000
"17539.0",7,3,0.4286
"17540.0",7,1,0.1429
"17541.0",1,0,0.0000
"17542.0",3,0,0.0000
"17543.0",1,0,0.0000
"17544.0",3,0,0.0000
"17545.0",6,0,0.0000
"17546.0",1,1,1.0000
"17547.0",4,2,0.5000
"17548.0",6,2,0.3333
"17549.0",2,0,0.0000
"17550.0",10,1,0.1000
"17551.0",1,0,0.0000
"17552.0",16,4,0.2500
"17553.0",4,0,0.0000
"17554.0",5,0,0.0000
"17555.0",5,0,0.0000
"17556.0",2,0,0.0000
"17557.0",4,0,0.0000
"17558.0",1,0,0.0000
"17559.0",1,0,0.0000
"17560.0",9,0,0.0000
"17561.0",4,0,0.0000
"17562.0",8,1,0.1250
"17563.0",5,3,0.6000
"17564.0",3,0,0.0000
"17565.0",1,0,0.0000
"17566.0",2,0,0.0000
"17567.0",11,2,0.1818
"17568.0",1,0,0.0000
"17569.0",1,0,0.0000
"17570.0",2,1,0.5000
"17571.0",5,0,0.0000
"17572.0",10,0,0.0000
"17573.0",4,1,0.2500
"17574.0",1,0,0.0000
"17575.0",1,0,0.0000
"17576.0",45,4,0.0889
"17577.0",2,0,0.0000
"17578.0",10,3,0.3000
"17579.0",5,1,0.2000
"17580.0",5,0,0.0000
"17581.0",53,10,0.1887
"17582.0",6,1,0.1667
"17583.0",1,0,0.0000
"17584.0",7,1,0.1429
"17585.0",7,0,0.0000
"17586.0",1,0,0.0000
"17587.0",1,0,0.0000
"17588.0",9,2,0.2222
"17589.0",21,3,0.1429
"17590.0",3,0,0.0000
"17591.0",9,1,0.1111
"17592.0",2,1,0.5000
"17593.0",15,4,0.2667
"17594.0",4,0,0.0000
"17595.0",2,0,0.0000
"17596.0",14,1,0.0714
"17597.0",7,2,0.2857
"17598.0",1,0,0.0000
"17599.0",3,2,0.6667
"17600.0",1,0,0.0000
"17601.0",2,0,0.0000
"17602.0",18,4,0.2222
"17603.0",11,7,0.6364
"17604.0",6,0,0.0000
"17605.0",1,0,0.0000
"17606.0",1,0,0.0000
"17607.0",1,0,0.0000
"17608.0",4,0,0.0000
"17609.0",14,3,0.2143
"17610.0",8,3,0.3750
"17611.0",35,7,0.2000
"17612.0",32,14,0.4375
"17613.0",17,3,0.1765
"17614.0",1,0,0.0000
"17615.0",7,1,0.1429
"17616.0",4,0,0.0000
"17617.0",2,1,0.5000
"17618.0",13,2,0.1538
"17619.0",1,0,0.0000
"17620.0",1,0,0.0000
"17621.0",8,2,0.2500
"17622.0",3,1,0.3333
"17623.0",7,0,0.0000
"17624.0",4,0,0.0000
"17625.0",8,0,0.0000
"17626.0",1,0,0.0000
"17627.0",2,1,0.5000
"17628.0",1,0,0.0000
"17629.0",11,1,0.0909
"17630.0",2,0,0.0000
"17631.0",7,0,0.0000
"17632.0",2,2,1.0000
"17633.0",9,2,0.2222
"17634.0",9,0,0.0000
"17635.0",4,1,0.2500
"17636.0",2,1,0.5000
"17637.0",2,0,0.0000
"17638.0",2,0,0.0000
"17639.0",6,0,0.0000
"17640.0",8,2,0.2500
"17641.0",1,1,1.0000
"17642.0",5,0,0.0000
"17643.0",2,0,0.0000
"17644.0",28,8,0.2857
"17645.0",1,1,1.0000
"17646.0",16,4,0.2500
"17647.0",3,0,0.0000
"17648.0",6,1,0.1667
"17649.0",5,2,0.4000
"17650.0",1,0,0.0000
"17651.0",22,6,0.2727
"17652.0",18,6,0.3333
"17653.0",5,1,0.2000
"17654.0",1,0,0.0000
"17655.0",10,1,0.1000
"17656.0",5,0,0.0000
"17657.0",1,0,0.0000
"17658.0",3,1,0.3333
"17659.0",17,3,0.1765
"17660.0",2,0,0.0000
"17661.0",1,1,1.0000
"17662.0",2,0,0.0000
"17663.0",23,6,0.2609
"17664.0",4,0,0.0000
"17665.0",1,0,0.0000
"17666.0",5,0,0.0000
"17667.0",12,3,0.2500
"17668.0",2,0,0.0000
"17669.0",10,0,0.0000
"17670.0",1,0,0.0000
"17671.0",7,2,0.2857
"17672.0",9,2,0.2222
"17673.0",15,2,0.1333
"17674.0",2,0,0.0000
"17675.0",90,20,0.2222
"17676.0",13,3,0.2308
"17677.0",91,37,0.4066
"17678.0",3,1,0.3333
"17679.0",11,4,0.3636
"17680.0",4,1,0.2500
"17681.0",6,1,0.1667
"17682.0",12,1,0.0833
"17683.0",3,0,0.0000
"17684.0",1,0,0.0000
"17685.0",14,2,0.1429
"17686.0",9,0,0.0000
"17687.0",1,0,0.0000
"17688.0",2,1,0.5000
"17689.0",2,0,0.0000
"17690.0",21,1,0.0476
"17691.0",5,1,0.2000
"17692.0",14,2,0.1429
"17693.0",3,2,0.6667
"17694.0",3,0,0.0000
"17695.0",6,1,0.1667
"17696.0",48,21,0.4375
"17697.0",1,0,0.0000
"17698.0",1,0,0.0000
"17699.0",2,0,0.0000
"17700.0",17,3,0.1765
"17701.0",1,0,0.0000
"17702.0",9,3,0.3333
"17703.0",4,0,0.0000
"17704.0",2,0,0.0000
"17705.0",12,1,0.0833
"17706.0",43,12,0.2791
"17707.0",9,1,0.1111
"17708.0",4,0,0.0000
"17709.0",5,0,0.0000
"17710.0",1,0,0.0000
"17711.0",2,0,0.0000
"17712.0",1,0,0.0000
"17713.0",4,0,0.0000
"17714.0",9,4,0.4444
"17715.0",2,0,0.0000
"17716.0",27,3,0.1111
"17717.0",1,0,0.0000
"17718.0",3,1,0.3333
"17719.0",18,3,0.1667
"17720.0",12,2,0.1667
"17721.0",1,0,0.0000
"17722.0",7,2,0.2857
"17723.0",7,0,0.0000
"17724.0",4,1,0.2500
"17725.0",14,3,0.2143
"17726.0",8,1,0.1250
"17727.0",2,1,0.5000
"17728.0",8,3,0.3750
"17729.0",1,0,0.0000
"17730.0",23,3,0.1304
"17731.0",7,1,0.1429
"17732.0",10,2,0.2000
"17733.0",2,0,0.0000
"17734.0",6,0,0.0000
"17735.0",29,3,0.1034
"17736.0",4,1,0.2500
"17737.0",2,0,0.0000
"17738.0",15,2,0.1333
"17739.0",20,2,0.1000
"17740.0",6,0,0.0000
"17741.0",2,0,0.0000
"17742.0",11,0,0.0000
"17743.0",2,1,0.5000
"17744.0",8,1,0.1250
"17745.0",2,0,0.0000
"17746.0",7,3,0.4286
"17747.0",2,1,0.5000
"17748.0",1,0,0.0000
"17749.0",3,0,0.0000
"17750.0",9,0,0.0000
"17751.0",1,0,0.0000
"17752.0",1,0,0.0000
"17753.0",5,1,0.2000
"17754.0",16,3,0.1875
"17755.0",1,1,1.0000
"17756.0",3,0,0.0000
"17757.0",60,4,0.0667
"17758.0",12,0,0.0000
"17759.0",5,0,0.0000
"17760.0",7,1,0.1429
"17761.0",1,0,0.0000
"17762.0",1,0,0.0000
"17763.0",5,1,0.2000
"17764.0",5,0,0.0000
"17765.0",4,0,0.0000
"17766.0",2,0,0.0000
"17767.0",2,0,0.0000
"17768.0",8,1,0.1250
"17769.0",21,4,0.1905
"17770.0",5,0,0.0000
"17771.0",4,0,0.0000
"17772.0",3,0,0.0000
"17773.0",2,0,0.0000
"17774.0",13,4,0.3077
"17775.0",1,0,0.0000
"17776.0",3,1,0.3333
"17777.0",3,0,0.0000
"17778.0",1,0,0.0000
"17779.0",5,2,0.4000
"17780.0",3,0,0.0000
"17781.0",2,0,0.0000
"17782.0",2,0,0.0000
"17783.0",3,0,0.0000
"17784.0",1,0,0.0000
"17785.0",3,0,0.0000
"17786.0",2,0,0.0000
"17787.0",4,0,0.0000
"17788.0",2,0,0.0000
"17789.0",2,0,0.0000
"17790.0",20,0,0.0000
"17791.0",1,0,0.0000
"17792.0",2,0,0.0000
"17793.0",1,0,0.0000
"17794.0",2,0,0.0000
"17795.0",2,0,0.0000
"17796.0",7,0,0.0000
"17797.0",8,0,0.0000
"17798.0",1,0,0.0000
"17799.0",23,3,0.1304
"17800.0",9,0,0.0000
"17801.0",4,1,0.2500
"17802.0",16,6,0.3750
"17803.0",1,0,0.0000
"17804.0",4,1,0.2500
"17805.0",2,0,0.0000
"17806.0",1,0,0.0000
"17807.0",3,0,0.0000
"17808.0",4,0,0.0000
"17809.0",24,4,0.1667
"17810.0",3,1,0.3333
"17811.0",60,13,0.2167
"17812.0",7,0,0.0000
"17813.0",7,2,0.2857
"17814.0",2,0,0.0000
"17815.0",1,0,0.0000
"17816.0",6,0,0.0000
"17817.0",7,1,0.1429
"17818.0",1,0,0.0000
"17819.0",13,1,0.0769
"17820.0",3,2,0.6667
"17821.0",1,0,0.0000
"17822.0",5,0,0.0000
"17823.0",2,0,0.0000
"17824.0",1,0,0.0000
"17825.0",4,0,0.0000
"17826.0",1,0,0.0000
"17827.0",7,1,0.1429
"17828.0",9,5,0.5556
"17829.0",6,1,0.1667
"17830.0",3,0,0.0000
"17831.0",1,0,0.0000
"17832.0",1,0,0.0000
"17833.0",1,0,0.0000
"17834.0",2,0,0.0000
"17835.0",3,0,0.0000
"17836.0",1,0,0.0000
"17837.0",10,2,0.2000
"17838.0",15,2,0.1333
"17839.0",1,0,0.0000
"17840.0",1,0,0.0000
"17841.0",289,78,0.2699
"17842.0",1,0,0.0000
"17843.0",2,0,0.0000
"17844.0",1,0,0.0000
"17845.0",4,0,0.0000
"17846.0",1,0,0.0000
"17847.0",2,0,0.0000
"17848.0",31,1,0.0323
"17849.0",8,0,0.0000
"17850.0",159,4,0.0252
"17851.0",6,0,0.0000
"17852.0",5,0,0.0000
"17853.0",3,0,0.0000
"17854.0",6,0,0.0000
"17855.0",1,0,0.0000
"17856.0",6,2,0.3333
"17857.0",26,2,0.0769
"17858.0",32,2,0.0625
"17859.0",1,0,0.0000
"17860.0",4,0,0.0000
"17861.0",22,4,0.1818
"17862.0",4,0,0.0000
"17863.0",12,0,0.0000
"17864.0",5,0,0.0000
"17865.0",62,16,0.2581
"17866.0",4,1,0.2500
"17867.0",20,5,0.2500
"17868.0",1,0,0.0000
"17869.0",7,0,0.0000
"17870.0",14,1,0.0714
"17871.0",5,0,0.0000
"17872.0",1,0,0.0000
"17873.0",20,2,0.1000
"17874.0",7,1,0.1429
"17875.0",1,0,0.0000
"17876.0",3,0,0.0000
"17877.0",1,0,0.0000
"17878.0",3,0,0.0000
"17879.0",1,0,0.0000
"17880.0",3,0,0.0000
"17881.0",1,0,0.0000
"17882.0",2,0,0.0000
"17883.0",8,1,0.1250
"17884.0",23,3,0.1304
"17885.0",1,0,0.0000
"17886.0",7,1,0.1429
"17887.0",1,0,0.0000
"17888.0",31,6,0.1935
"17889.0",7,0,0.0000
"17890.0",2,0,0.0000
"17891.0",1,0,0.0000
"17892.0",3,0,0.0000
"17893.0",1,0,0.0000
"17894.0",20,2,0.1000
"17895.0",1,0,0.0000
"17896.0",1,0,0.0000
"17897.0",10,1,0.1000
"17898.0",4,0,0.0000
"17899.0",1,0,0.0000
"17900.0",4,2,0.5000
"17901.0",3,0,0.0000
"17902.0",1,0,0.0000
"17903.0",1,0,0.0000
"17904.0",2,1,0.5000
"17905.0",14,1,0.0714
"17906.0",1,0,0.0000
"17907.0",1,0,0.0000
"17908.0",7,2,0.2857
"17909.0",1,0,0.0000
"17910.0",1,0,0.0000
"17911.0",1,0,0.0000
"17912.0",7,1,0.1429
"17913.0",14,0,0.0000
"17914.0",1,0,0.0000
"17915.0",1,0,0.0000
"17916.0",2,0,0.0000
"17917.0",3,0,0.0000
"17918.0",3,0,0.0000
"17919.0",2,0,0.0000
"17920.0",56,2,0.0357
"17921.0",12,2,0.1667
"17922.0",1,0,0.0000
"17923.0",3,0,0.0000
"17924.0",14,6,0.4286
"17925.0",1,0,0.0000
"17926.0",5,0,0.0000
"17927.0",1,0,0.0000
"17928.0",3,0,0.0000
"17929.0",13,1,0.0769
"17930.0",15,2,0.1333
"17931.0",18,4,0.2222
"17932.0",3,0,0.0000
"17933.0",1,0,0.0000
"17934.0",3,0,0.0000
"17935.0",8,1,0.1250
"17936.0",1,0,0.0000
"17937.0",7,0,0.0000
"17938.0",1,0,0.0000
"17939.0",1,0,0.0000
"17940.0",22,6,0.2727
"17941.0",4,0,0.0000
"17942.0",1,0,0.0000
"17943.0",1,1,1.0000
"17944.0",1,0,0.0000
"17945.0",3,0,0.0000
"17946.0",2,0,0.0000
"17947.0",1,0,0.0000
"17948.0",1,0,0.0000
"17949.0",138,20,0.1449
"17950.0",8,1,0.1250
"17951.0",5,1,0.2000
"17952.0",4,0,0.0000
"17953.0",1,0,0.0000
"17954.0",26,7,0.2692
"17955.0",6,0,0.0000
"17956.0",1,0,0.0000
"17957.0",1,0,0.0000
"17958.0",2,0,0.0000
"17959.0",1,0,0.0000
"17960.0",3,0,0.0000
"17961.0",102,2,0.0196
"17962.0",5,1,0.2000
"17963.0",4,0,0.0000
"17964.0",2,0,0.0000
"17965.0",33,4,0.1212
"17966.0",10,0,0.0000
"17967.0",2,0,0.0000
"17968.0",4,0,0.0000
"17969.0",27,7,0.2593
"17970.0",1,0,0.0000
"17971.0",1,0,0.0000
"17972.0",1,0,0.0000
"17973.0",1,0,0.0000
"17974.0",6,0,0.0000
"17975.0",26,2,0.0769
"17976.0",1,0,0.0000
"17977.0",3,1,0.3333
"17978.0",4,0,0.0000
"17979.0",5,1,0.2000
"17980.0",4,0,0.0000
"17981.0",1,0,0.0000
"17982.0",1,0,0.0000
"17983.0",1,0,0.0000
"17984.0",5,0,0.0000
"17985.0",1,0,0.0000
"17986.0",1,0,0.0000
"17987.0",6,1,0.1667
"17988.0",15,1,0.0667
"17989.0",1,0,0.0000
"17990.0",7,1,0.1429
"17991.0",3,0,0.0000
"17992.0",1,0,0.0000
"17993.0",1,0,0.0000
"17994.0",14,3,0.2143
"17995.0",3,0,0.0000
"17996.0",3,0,0.0000
"17997.0",12,4,0.3333
"17998.0",4,1,0.2500
"17999.0",3,0,0.0000
"18000.0",1,0,0.0000
"18001.0",6,0,0.0000
"18002.0",4,0,0.0000
"18003.0",1,0,0.0000
"18004.0",1,0,0.0000
"18005.0",2,0,0.0000
"18006.0",4,0,0.0000
"18007.0",1,0,0.0000
"18008.0",23,0,0.0000
"18009.0",14,6,0.4286
"18010.0",1,0,0.0000
"18011.0",2,0,0.0000
"18012.0",1,0,0.0000
"18013.0",2,0,0.0000
"18014.0",1,0,0.0000
"18015.0",1,0,0.0000
"18016.0",7,0,0.0000
"18017.0",4,0,0.0000
"18018.0",5,1,0.2000
"18019.0",1,0,0.0000
"18020.0",2,1,0.5000
"18021.0",2,0,0.0000
"18022.0",5,0,0.0000
"18023.0",1,1,1.0000
"18024.0",3,1,0.3333
"18025.0",6,0,0.0000
"18026.0",2,0,0.0000
"18027.0",1,0,0.0000
"18028.0",1,0,0.0000
"18029.0",1,0,0.0000
"18030.0",3,1,0.3333
"18031.0",1,0,0.0000
"18032.0",1,0,0.0000
"18033.0",1,0,0.0000
"18034.0",3,0,0.0000
"18035.0",5,0,0.0000
"18036.0",11,0,0.0000
"18037.0",15,0,0.0000
"18038.0",1,0,0.0000
"18039.0",4,0,0.0000
"18040.0",2,0,0.0000
"18041.0",40,2,0.0500
"18042.0",2,0,0.0000
"18043.0",3,0,0.0000
"18044.0",19,1,0.0526
"18045.0",1,0,0.0000
"18046.0",1,0,0.0000
"18047.0",2,0,0.0000
"18048.0",3,0,0.0000
"18049.0",2,0,0.0000
"18050.0",2,0,0.0000
"18051.0",8,1,0.1250
"18052.0",1,0,0.0000
"18053.0",6,3,0.5000
"18054.0",1,0,0.0000
"18055.0",15,1,0.0667
"18056.0",3,1,0.3333
"18057.0",3,0,0.0000
"18058.0",3,0,0.0000
"18059.0",4,1,0.2500
"18060.0",2,0,0.0000
"18061.0",29,1,0.0345
"18062.0",9,3,0.3333
"18063.0",2,0,0.0000
"18064.0",15,4,0.2667
"18065.0",32,3,0.0938
"18066.0",3,0,0.0000
"18067.0",1,0,0.0000
"18068.0",1,0,0.0000
"18069.0",13,2,0.1538
"18070.0",2,1,0.5000
"18071.0",6,0,0.0000
"18072.0",2,1,0.5000
"18073.0",13,1,0.0769
"18074.0",2,0,0.0000
"18075.0",31,11,0.3548
"18076.0",1,0,0.0000
"18077.0",18,0,0.0000
"18078.0",4,0,0.0000
"18079.0",5,0,0.0000
"18080.0",2,0,0.0000
"18081.0",3,0,0.0000
"18082.0",1,0,0.0000
"18083.0",1,0,0.0000
"18084.0",5,2,0.4000
"18085.0",4,0,0.0000
"18086.0",1,0,0.0000
"18087.0",21,4,0.1905
"18088.0",1,0,0.0000
"18089.0",1,0,0.0000
"18090.0",1,0,0.0000
"18091.0",1,0,0.0000
"18092.0",20,2,0.1000
"18093.0",9,1,0.1111
"18094.0",15,2,0.1333
"18095.0",5,0,0.0000
"18096.0",6,0,0.0000
"18097.0",14,3,0.2143
"18098.0",1,0,0.0000
"18099.0",1,0,0.0000
"18100.0",1,0,0.0000
"18101.0",5,0,0.0000
"18102.0",153,8,0.0523
"18103.0",1,0,0.0000
"18104.0",1,0,0.0000
"18105.0",1,0,0.0000
"18106.0",6,0,0.0000
"18107.0",1,0,0.0000
"18108.0",4,1,0.2500
"18109.0",45,7,0.1556
"18110.0",3,1,0.3333
"18111.0",2,1,0.5000
"18112.0",4,0,0.0000
"18113.0",1,0,0.0000
"18114.0",1,0,0.0000
"18115.0",1,0,0.0000
"18116.0",13,0,0.0000
"18117.0",1,0,0.0000
"18118.0",35,6,0.1714
"18119.0",1,0,0.0000
"18120.0",1,0,0.0000
"18121.0",2,0,0.0000
"18122.0",6,0,0.0000
"18123.0",3,0,0.0000
"18124.0",1,0,0.0000
"18125.0",5,1,0.2000
"18126.0",1,0,0.0000
"18127.0",4,0,0.0000
"18128.0",1,0,0.0000
"18129.0",1,0,0.0000
"18130.0",4,1,0.2500
"18131.0",1,0,0.0000
"18132.0",1,0,0.0000
"18133.0",2,1,0.5000
"18134.0",2,0,0.0000
"18135.0",13,3,0.2308
"18136.0",9,4,0.4444
"18137.0",2,0,0.0000
"18138.0",1,0,0.0000
"18139.0",8,2,0.2500
"18140.0",1,0,0.0000
"18141.0",4,2,0.5000
"18142.0",4,2,0.5000
"18143.0",2,0,0.0000
"18144.0",19,0,0.0000
"18145.0",12,1,0.0833
"18146.0",2,0,0.0000
"18147.0",2,0,0.0000
"18148.0",1,0,0.0000
"18149.0",7,0,0.0000
"18150.0",3,0,0.0000
"18151.0",7,1,0.1429
"18152.0",1,0,0.0000
"18153.0",1,0,0.0000
"18154.0",5,0,0.0000
"18155.0",4,1,0.2500
"18156.0",2,0,0.0000
"18157.0",1,0,0.0000
"18158.0",3,1,0.3333
"18159.0",1,0,0.0000
"18160.0",3,0,0.0000
"18161.0",7,1,0.1429
"18162.0",1,0,0.0000
"18163.0",2,1,0.5000
"18164.0",2,1,0.5000
"18165.0",1,0,0.0000
"18166.0",1,0,0.0000
"18167.0",6,3,0.5000
"18168.0",22,6,0.2727
"18169.0",1,0,0.0000
"18170.0",9,0,0.0000
"18171.0",11,2,0.1818
"18172.0",63,11,0.1746
"18173.0",5,0,0.0000
"18174.0",2,0,0.0000
"18175.0",1,0,0.0000
"18176.0",2,1,0.5000
"18177.0",10,1,0.1000
"18178.0",15,4,0.2667
"18179.0",8,0,0.0000
"18180.0",6,0,0.0000
"18181.0",7,2,0.2857
"18182.0",1,0,0.0000
"18183.0",6,4,0.6667
"18184.0",1,0,0.0000
"18185.0",1,0,0.0000
"18186.0",1,0,0.0000
"18187.0",3,2,0.6667
"18188.0",8,2,0.2500
"18189.0",5,2,0.4000
"18190.0",6,1,0.1667
"18191.0",2,0,0.0000
"18192.0",1,0,0.0000
"18193.0",5,2,0.4000
"18194.0",7,1,0.1429
"18195.0",1,0,0.0000
"18196.0",4,0,0.0000
"18197.0",2,1,0.5000
"18198.0",21,4,0.1905
"18199.0",2,1,0.5000
"18200.0",1,0,0.0000
"18201.0",1,0,0.0000
"18202.0",3,0,0.0000
"18203.0",4,0,0.0000
"18204.0",4,1,0.2500
"18205.0",2,0,0.0000
"18206.0",1,0,0.0000
"18207.0",3,2,0.6667
"18208.0",1,0,0.0000
"18209.0",1,0,0.0000
"18210.0",7,0,0.0000
"18211.0",5,0,0.0000
"18212.0",2,0,0.0000
"18213.0",1,0,0.0000
"18214.0",5,1,0.2000
"18215.0",6,1,0.1667
"18216.0",1,0,0.0000
"18217.0",6,2,0.3333
"18218.0",6,2,0.3333
"18219.0",19,2,0.1053
"18220.0",11,5,0.4545
"18221.0",8,2,0.2500
"18222.0",1,0,0.0000
"18223.0",52,26,0.5000
"18224.0",1,0,0.0000
"18225.0",34,8,0.2353
"18226.0",38,12,0.3158
"18227.0",3,1,0.3333
"18228.0",3,1,0.3333
"18229.0",28,0,0.0000
"18230.0",12,3,0.2500
"18231.0",30,2,0.0667
"18232.0",5,1,0.2000
"18233.0",1,0,0.0000
"18234.0",1,0,0.0000
"18235.0",3,0,0.0000
"18236.0",12,0,0.0000
"18237.0",5,0,0.0000
"18238.0",1,0,0.0000
"18239.0",6,0,0.0000
"18240.0",1,0,0.0000
"18241.0",23,2,0.0870
"18242.0",8,0,0.0000
"18243.0",1,0,0.0000
"18244.0",2,0,0.0000
"18245.0",23,3,0.1304
"18246.0",3,0,0.0000
"18247.0",6,3,0.5000
"18248.0",4,2,0.5000
"18249.0",1,0,0.0000
"18250.0",2,1,0.5000
"18251.0",9,0,0.0000
"18252.0",8,1,0.1250
"18253.0",1,0,0.0000
"18254.0",1,0,0.0000
"18255.0",2,0,0.0000
"18256.0",2,1,0.5000
"18257.0",18,6,0.3333
"18258.0",8,2,0.2500
"18259.0",7,0,0.0000
"18260.0",32,9,0.2813
"18261.0",2,0,0.0000
"18262.0",3,0,0.0000
"18263.0",4,1,0.2500
"18264.0",1,0,0.0000
"18265.0",2,0,0.0000
"18266.0",1,0,0.0000
"18267.0",2,1,0.5000
"18268.0",8,2,0.2500
"18269.0",2,1,0.5000
"18270.0",4,1,0.2500
"18271.0",2,0,0.0000
"18272.0",11,2,0.1818
"18273.0",4,0,0.0000
"18274.0",2,1,0.5000
"18275.0",2,0,0.0000
"18276.0",10,4,0.4000
"18277.0",8,3,0.3750
"18278.0",2,0,0.0000
"18279.0",1,0,0.0000
"18280.0",3,1,0.3333
"18281.0",2,0,0.0000
"18282.0",3,1,0.3333
"18283.0",22,0,0.0000
"18284.0",2,1,0.5000
"18285.0",1,0,0.0000
"18286.0",3,1,0.3333
"18287.0",8,1,0.1250
